1.0000000000000000,1.0000000000000000,0.0000000000000000
2.0000000000000000,1.0000000000000000,0.0000000000000000
3.0000000000000000,1.0000000000000000,0.0000000000000000
4.0000000000000000,1.0000000000000000,0.0000000000000000
5.0000000000000000,1.0000000000000000,0.0000000000000000
6.0000000000000000,1.0000000000000000,0.0000000000000000
7.0000000000000000,1.0000000000000000,0.0000000000000000
8.0000000000000000,1.0000000000000000,0.0000000000000000
9.0000000000000000,1.0000000000000000,0.0000000000000000
10.000000000000000,1.0000000000000000,0.0000000000000000
11.000000000000000,1.0000000000000000,0.0000000000000000
12.000000000000000,1.0000000000000000,0.0000000000000000
13.000000000000000,1.0000000000000000,0.0000000000000000
14.000000000000000,1.0000000000000000,0.0000000000000000
15.000000000000000,1.0000000000000000,0.0000000000000000
16.000000000000000,1.0000000000000000,0.0000000000000000
17.000000000000000,1.0000000000000000,0.0000000000000000
18.000000000000000,1.0000000000000000,0.0000000000000000
19.000000000000000,1.0000000000000000,0.0000000000000000
20.000000000000000,1.0000000000000000,0.0000000000000000
21.000000000000000,1.0000000000000000,0.0000000000000000
22.000000000000000,1.0000000000000000,0.0000000000000000
23.000000000000000,1.0000000000000000,0.0000000000000000
24.000000000000000,1.0000000000000000,0.0000000000000000
25.000000000000000,1.0000000000000000,0.0000000000000000
26.000000000000000,1.0000000000000000,0.0000000000000000
27.000000000000000,1.0000000000000000,0.0000000000000000
28.000000000000000,1.0000000000000000,0.0000000000000000
29.000000000000000,1.0000000000000000,0.0000000000000000
30.000000000000000,1.0000000000000000,0.0000000000000000
31.000000000000000,1.0000000000000000,0.0000000000000000
32.000000000000000,1.0000000000000000,0.0000000000000000
33.000000000000000,1.0000000000000000,0.0000000000000000
34.000000000000000,1.0000000000000000,0.0000000000000000
35.000000000000000,1.0000000000000000,0.0000000000000000
36.000000000000000,1.0000000000000000,0.0000000000000000
37.000000000000000,1.0000000000000000,0.0000000000000000
38.000000000000000,1.0000000000000000,0.0000000000000000
39.000000000000000,1.0000000000000000,0.0000000000000000
40.000000000000000,1.0000000000000000,0.0000000000000000
41.000000000000000,1.0000000000000000,0.0000000000000000
42.000000000000000,1.0000000000000000,0.0000000000000000
43.000000000000000,1.0000000000000000,0.0000000000000000
44.000000000000000,1.0000000000000000,0.0000000000000000
45.000000000000000,1.0000000000000000,0.0000000000000000
46.000000000000000,1.0000000000000000,0.0000000000000000
47.000000000000000,1.0000000000000000,0.0000000000000000
48.000000000000000,1.0000000000000000,0.0000000000000000
49.000000000000000,1.0000000000000000,0.0000000000000000
50.000000000000000,1.0000000000000000,0.0000000000000000
51.000000000000000,1.0000000000000000,0.0000000000000000
52.000000000000000,1.0000000000000000,0.0000000000000000
53.000000000000000,1.0000000000000000,0.0000000000000000
54.000000000000000,1.0000000000000000,0.0000000000000000
55.000000000000000,1.0000000000000000,0.0000000000000000
56.000000000000000,1.0000000000000000,0.0000000000000000
57.000000000000000,1.0000000000000000,0.0000000000000000
58.000000000000000,1.0000000000000000,0.0000000000000000
59.000000000000000,1.0000000000000000,0.0000000000000000
60.000000000000000,1.0000000000000000,0.0000000000000000
61.000000000000000,1.0000000000000000,0.0000000000000000
62.000000000000000,1.0000000000000000,0.0000000000000000
63.000000000000000,1.0000000000000000,0.0000000000000000
64.000000000000000,1.0000000000000000,0.0000000000000000
65.000000000000000,1.0000000000000000,0.0000000000000000
66.000000000000000,1.0000000000000000,0.0000000000000000
67.000000000000000,1.0000000000000000,0.0000000000000000
68.000000000000000,1.0000000000000000,0.0000000000000000
69.000000000000000,1.0000000000000000,0.0000000000000000
70.000000000000000,1.0000000000000000,0.0000000000000000
71.000000000000000,1.0000000000000000,0.0000000000000000
72.000000000000000,1.0000000000000000,0.0000000000000000
73.000000000000000,1.0000000000000000,0.0000000000000000
74.000000000000000,1.0000000000000000,0.0000000000000000
75.000000000000000,1.0000000000000000,0.0000000000000000
76.000000000000000,1.0000000000000000,0.0000000000000000
77.000000000000000,1.0000000000000000,0.0000000000000000
78.000000000000000,1.0000000000000000,0.0000000000000000
79.000000000000000,1.0000000000000000,0.0000000000000000
80.000000000000000,1.0000000000000000,0.0000000000000000
81.000000000000000,1.0000000000000000,0.0000000000000000
82.000000000000000,1.0000000000000000,0.0000000000000000
83.000000000000000,1.0000000000000000,0.0000000000000000
84.000000000000000,1.0000000000000000,0.0000000000000000
85.000000000000000,1.0000000000000000,0.0000000000000000
86.000000000000000,1.0000000000000000,0.0000000000000000
87.000000000000000,1.0000000000000000,0.0000000000000000
88.000000000000000,1.0000000000000000,0.0000000000000000
89.000000000000000,1.0000000000000000,0.0000000000000000
90.000000000000000,1.0000000000000000,0.0000000000000000
91.000000000000000,1.0000000000000000,0.0000000000000000
92.000000000000000,1.0000000000000000,0.0000000000000000
93.000000000000000,1.0000000000000000,0.0000000000000000
94.000000000000000,1.0000000000000000,0.0000000000000000
95.000000000000000,1.0000000000000000,0.0000000000000000
96.000000000000000,1.0000000000000000,0.0000000000000000
97.000000000000000,1.0000000000000000,0.0000000000000000
98.000000000000000,1.0000000000000000,0.0000000000000000
99.000000000000000,1.0000000000000000,0.0000000000000000
100.00000000000000,1.0000000000000000,0.0000000000000000
101.00000000000000,1.0000000000000000,0.0000000000000000
102.00000000000000,1.0000000000000000,0.0000000000000000
103.00000000000000,1.0000000000000000,0.0000000000000000
104.00000000000000,1.0000000000000000,0.0000000000000000
105.00000000000000,1.0000000000000000,0.0000000000000000
106.00000000000000,1.0000000000000000,0.0000000000000000
107.00000000000000,1.0000000000000000,0.0000000000000000
108.00000000000000,1.0000000000000000,0.0000000000000000
109.00000000000000,1.0000000000000000,0.0000000000000000
110.00000000000000,1.0000000000000000,0.0000000000000000
111.00000000000000,1.0000000000000000,0.0000000000000000
112.00000000000000,1.0000000000000000,0.0000000000000000
113.00000000000000,1.0000000000000000,0.0000000000000000
1.0000000000000000,2.0000000000000000,0.0000000000000000
2.0000000000000000,2.0000000000000000,0.30000001192092896
3.0000000000000000,2.0000000000000000,0.30000001192092896
4.0000000000000000,2.0000000000000000,0.30000001192092896
5.0000000000000000,2.0000000000000000,0.30000001192092896
6.0000000000000000,2.0000000000000000,0.20000000298023224
7.0000000000000000,2.0000000000000000,0.20000000298023224
8.0000000000000000,2.0000000000000000,0.20000000298023224
9.0000000000000000,2.0000000000000000,0.0000000000000000
10.000000000000000,2.0000000000000000,0.0000000000000000
11.000000000000000,2.0000000000000000,0.0000000000000000
12.000000000000000,2.0000000000000000,0.0000000000000000
13.000000000000000,2.0000000000000000,0.0000000000000000
14.000000000000000,2.0000000000000000,0.0000000000000000
15.000000000000000,2.0000000000000000,0.0000000000000000
16.000000000000000,2.0000000000000000,0.0000000000000000
17.000000000000000,2.0000000000000000,0.0000000000000000
18.000000000000000,2.0000000000000000,0.0000000000000000
19.000000000000000,2.0000000000000000,0.0000000000000000
20.000000000000000,2.0000000000000000,0.0000000000000000
21.000000000000000,2.0000000000000000,0.0000000000000000
22.000000000000000,2.0000000000000000,0.0000000000000000
23.000000000000000,2.0000000000000000,0.0000000000000000
24.000000000000000,2.0000000000000000,0.0000000000000000
25.000000000000000,2.0000000000000000,0.0000000000000000
26.000000000000000,2.0000000000000000,0.0000000000000000
27.000000000000000,2.0000000000000000,0.0000000000000000
28.000000000000000,2.0000000000000000,0.0000000000000000
29.000000000000000,2.0000000000000000,0.0000000000000000
30.000000000000000,2.0000000000000000,0.0000000000000000
31.000000000000000,2.0000000000000000,0.0000000000000000
32.000000000000000,2.0000000000000000,0.0000000000000000
33.000000000000000,2.0000000000000000,0.0000000000000000
34.000000000000000,2.0000000000000000,0.0000000000000000
35.000000000000000,2.0000000000000000,0.0000000000000000
36.000000000000000,2.0000000000000000,0.0000000000000000
37.000000000000000,2.0000000000000000,0.0000000000000000
38.000000000000000,2.0000000000000000,0.0000000000000000
39.000000000000000,2.0000000000000000,0.10000000149011612
40.000000000000000,2.0000000000000000,0.10000000149011612
41.000000000000000,2.0000000000000000,0.10000000149011612
42.000000000000000,2.0000000000000000,0.20000000298023224
43.000000000000000,2.0000000000000000,0.20000000298023224
44.000000000000000,2.0000000000000000,0.20000000298023224
45.000000000000000,2.0000000000000000,0.20000000298023224
46.000000000000000,2.0000000000000000,0.20000000298023224
47.000000000000000,2.0000000000000000,0.20000000298023224
48.000000000000000,2.0000000000000000,0.20000000298023224
49.000000000000000,2.0000000000000000,0.20000000298023224
50.000000000000000,2.0000000000000000,0.20000000298023224
51.000000000000000,2.0000000000000000,0.10000000149011612
52.000000000000000,2.0000000000000000,0.10000000149011612
53.000000000000000,2.0000000000000000,0.10000000149011612
54.000000000000000,2.0000000000000000,0.0000000000000000
55.000000000000000,2.0000000000000000,0.0000000000000000
56.000000000000000,2.0000000000000000,0.0000000000000000
57.000000000000000,2.0000000000000000,0.0000000000000000
58.000000000000000,2.0000000000000000,0.0000000000000000
59.000000000000000,2.0000000000000000,0.0000000000000000
60.000000000000000,2.0000000000000000,0.0000000000000000
61.000000000000000,2.0000000000000000,0.0000000000000000
62.000000000000000,2.0000000000000000,0.0000000000000000
63.000000000000000,2.0000000000000000,0.0000000000000000
64.000000000000000,2.0000000000000000,0.0000000000000000
65.000000000000000,2.0000000000000000,0.0000000000000000
66.000000000000000,2.0000000000000000,0.0000000000000000
67.000000000000000,2.0000000000000000,0.0000000000000000
68.000000000000000,2.0000000000000000,0.0000000000000000
69.000000000000000,2.0000000000000000,0.0000000000000000
70.000000000000000,2.0000000000000000,0.0000000000000000
71.000000000000000,2.0000000000000000,0.0000000000000000
72.000000000000000,2.0000000000000000,0.0000000000000000
73.000000000000000,2.0000000000000000,0.0000000000000000
74.000000000000000,2.0000000000000000,0.0000000000000000
75.000000000000000,2.0000000000000000,0.0000000000000000
76.000000000000000,2.0000000000000000,0.0000000000000000
77.000000000000000,2.0000000000000000,0.0000000000000000
78.000000000000000,2.0000000000000000,0.0000000000000000
79.000000000000000,2.0000000000000000,0.0000000000000000
80.000000000000000,2.0000000000000000,0.0000000000000000
81.000000000000000,2.0000000000000000,0.0000000000000000
82.000000000000000,2.0000000000000000,0.0000000000000000
83.000000000000000,2.0000000000000000,0.0000000000000000
84.000000000000000,2.0000000000000000,0.0000000000000000
85.000000000000000,2.0000000000000000,0.0000000000000000
86.000000000000000,2.0000000000000000,0.0000000000000000
87.000000000000000,2.0000000000000000,0.0000000000000000
88.000000000000000,2.0000000000000000,0.0000000000000000
89.000000000000000,2.0000000000000000,0.0000000000000000
90.000000000000000,2.0000000000000000,0.0000000000000000
91.000000000000000,2.0000000000000000,0.0000000000000000
92.000000000000000,2.0000000000000000,0.0000000000000000
93.000000000000000,2.0000000000000000,0.0000000000000000
94.000000000000000,2.0000000000000000,0.0000000000000000
95.000000000000000,2.0000000000000000,0.0000000000000000
96.000000000000000,2.0000000000000000,0.0000000000000000
97.000000000000000,2.0000000000000000,0.0000000000000000
98.000000000000000,2.0000000000000000,0.0000000000000000
99.000000000000000,2.0000000000000000,0.0000000000000000
100.00000000000000,2.0000000000000000,0.0000000000000000
101.00000000000000,2.0000000000000000,0.0000000000000000
102.00000000000000,2.0000000000000000,0.0000000000000000
103.00000000000000,2.0000000000000000,0.0000000000000000
104.00000000000000,2.0000000000000000,0.0000000000000000
105.00000000000000,2.0000000000000000,0.0000000000000000
106.00000000000000,2.0000000000000000,0.0000000000000000
107.00000000000000,2.0000000000000000,0.0000000000000000
108.00000000000000,2.0000000000000000,0.0000000000000000
109.00000000000000,2.0000000000000000,0.0000000000000000
110.00000000000000,2.0000000000000000,0.0000000000000000
111.00000000000000,2.0000000000000000,0.0000000000000000
112.00000000000000,2.0000000000000000,0.0000000000000000
113.00000000000000,2.0000000000000000,0.0000000000000000
1.0000000000000000,3.0000000000000000,0.0000000000000000
2.0000000000000000,3.0000000000000000,0.30000001192092896
3.0000000000000000,3.0000000000000000,0.30000001192092896
4.0000000000000000,3.0000000000000000,0.30000001192092896
5.0000000000000000,3.0000000000000000,0.30000001192092896
6.0000000000000000,3.0000000000000000,0.20000000298023224
7.0000000000000000,3.0000000000000000,0.20000000298023224
8.0000000000000000,3.0000000000000000,0.20000000298023224
9.0000000000000000,3.0000000000000000,0.0000000000000000
10.000000000000000,3.0000000000000000,0.0000000000000000
11.000000000000000,3.0000000000000000,0.0000000000000000
12.000000000000000,3.0000000000000000,0.0000000000000000
13.000000000000000,3.0000000000000000,0.0000000000000000
14.000000000000000,3.0000000000000000,0.0000000000000000
15.000000000000000,3.0000000000000000,0.0000000000000000
16.000000000000000,3.0000000000000000,0.0000000000000000
17.000000000000000,3.0000000000000000,0.0000000000000000
18.000000000000000,3.0000000000000000,0.0000000000000000
19.000000000000000,3.0000000000000000,0.0000000000000000
20.000000000000000,3.0000000000000000,0.0000000000000000
21.000000000000000,3.0000000000000000,0.0000000000000000
22.000000000000000,3.0000000000000000,0.0000000000000000
23.000000000000000,3.0000000000000000,0.0000000000000000
24.000000000000000,3.0000000000000000,0.0000000000000000
25.000000000000000,3.0000000000000000,0.0000000000000000
26.000000000000000,3.0000000000000000,0.0000000000000000
27.000000000000000,3.0000000000000000,0.0000000000000000
28.000000000000000,3.0000000000000000,0.0000000000000000
29.000000000000000,3.0000000000000000,0.0000000000000000
30.000000000000000,3.0000000000000000,0.0000000000000000
31.000000000000000,3.0000000000000000,0.0000000000000000
32.000000000000000,3.0000000000000000,0.0000000000000000
33.000000000000000,3.0000000000000000,0.0000000000000000
34.000000000000000,3.0000000000000000,0.0000000000000000
35.000000000000000,3.0000000000000000,0.0000000000000000
36.000000000000000,3.0000000000000000,0.0000000000000000
37.000000000000000,3.0000000000000000,0.0000000000000000
38.000000000000000,3.0000000000000000,0.0000000000000000
39.000000000000000,3.0000000000000000,0.10000000149011612
40.000000000000000,3.0000000000000000,0.10000000149011612
41.000000000000000,3.0000000000000000,0.10000000149011612
42.000000000000000,3.0000000000000000,0.20000000298023224
43.000000000000000,3.0000000000000000,0.20000000298023224
44.000000000000000,3.0000000000000000,0.20000000298023224
45.000000000000000,3.0000000000000000,0.20000000298023224
46.000000000000000,3.0000000000000000,0.20000000298023224
47.000000000000000,3.0000000000000000,0.20000000298023224
48.000000000000000,3.0000000000000000,0.20000000298023224
49.000000000000000,3.0000000000000000,0.20000000298023224
50.000000000000000,3.0000000000000000,0.20000000298023224
51.000000000000000,3.0000000000000000,0.10000000149011612
52.000000000000000,3.0000000000000000,0.10000000149011612
53.000000000000000,3.0000000000000000,0.10000000149011612
54.000000000000000,3.0000000000000000,0.0000000000000000
55.000000000000000,3.0000000000000000,0.0000000000000000
56.000000000000000,3.0000000000000000,0.0000000000000000
57.000000000000000,3.0000000000000000,0.0000000000000000
58.000000000000000,3.0000000000000000,0.0000000000000000
59.000000000000000,3.0000000000000000,0.0000000000000000
60.000000000000000,3.0000000000000000,0.0000000000000000
61.000000000000000,3.0000000000000000,0.0000000000000000
62.000000000000000,3.0000000000000000,0.0000000000000000
63.000000000000000,3.0000000000000000,0.0000000000000000
64.000000000000000,3.0000000000000000,0.0000000000000000
65.000000000000000,3.0000000000000000,0.0000000000000000
66.000000000000000,3.0000000000000000,0.0000000000000000
67.000000000000000,3.0000000000000000,0.0000000000000000
68.000000000000000,3.0000000000000000,0.0000000000000000
69.000000000000000,3.0000000000000000,0.0000000000000000
70.000000000000000,3.0000000000000000,0.0000000000000000
71.000000000000000,3.0000000000000000,0.0000000000000000
72.000000000000000,3.0000000000000000,0.0000000000000000
73.000000000000000,3.0000000000000000,0.0000000000000000
74.000000000000000,3.0000000000000000,0.0000000000000000
75.000000000000000,3.0000000000000000,0.0000000000000000
76.000000000000000,3.0000000000000000,0.0000000000000000
77.000000000000000,3.0000000000000000,0.0000000000000000
78.000000000000000,3.0000000000000000,0.0000000000000000
79.000000000000000,3.0000000000000000,0.0000000000000000
80.000000000000000,3.0000000000000000,0.0000000000000000
81.000000000000000,3.0000000000000000,0.0000000000000000
82.000000000000000,3.0000000000000000,0.0000000000000000
83.000000000000000,3.0000000000000000,0.0000000000000000
84.000000000000000,3.0000000000000000,0.0000000000000000
85.000000000000000,3.0000000000000000,0.0000000000000000
86.000000000000000,3.0000000000000000,0.0000000000000000
87.000000000000000,3.0000000000000000,0.0000000000000000
88.000000000000000,3.0000000000000000,0.0000000000000000
89.000000000000000,3.0000000000000000,0.0000000000000000
90.000000000000000,3.0000000000000000,0.0000000000000000
91.000000000000000,3.0000000000000000,0.0000000000000000
92.000000000000000,3.0000000000000000,0.0000000000000000
93.000000000000000,3.0000000000000000,0.0000000000000000
94.000000000000000,3.0000000000000000,0.0000000000000000
95.000000000000000,3.0000000000000000,0.0000000000000000
96.000000000000000,3.0000000000000000,0.0000000000000000
97.000000000000000,3.0000000000000000,0.0000000000000000
98.000000000000000,3.0000000000000000,0.0000000000000000
99.000000000000000,3.0000000000000000,0.0000000000000000
100.00000000000000,3.0000000000000000,0.0000000000000000
101.00000000000000,3.0000000000000000,0.0000000000000000
102.00000000000000,3.0000000000000000,0.0000000000000000
103.00000000000000,3.0000000000000000,0.0000000000000000
104.00000000000000,3.0000000000000000,0.0000000000000000
105.00000000000000,3.0000000000000000,0.0000000000000000
106.00000000000000,3.0000000000000000,0.0000000000000000
107.00000000000000,3.0000000000000000,0.0000000000000000
108.00000000000000,3.0000000000000000,0.0000000000000000
109.00000000000000,3.0000000000000000,0.0000000000000000
110.00000000000000,3.0000000000000000,0.0000000000000000
111.00000000000000,3.0000000000000000,0.0000000000000000
112.00000000000000,3.0000000000000000,0.0000000000000000
113.00000000000000,3.0000000000000000,0.0000000000000000
1.0000000000000000,4.0000000000000000,0.0000000000000000
2.0000000000000000,4.0000000000000000,0.30000001192092896
3.0000000000000000,4.0000000000000000,0.30000001192092896
4.0000000000000000,4.0000000000000000,0.30000001192092896
5.0000000000000000,4.0000000000000000,0.30000001192092896
6.0000000000000000,4.0000000000000000,0.20000000298023224
7.0000000000000000,4.0000000000000000,0.20000000298023224
8.0000000000000000,4.0000000000000000,0.20000000298023224
9.0000000000000000,4.0000000000000000,0.0000000000000000
10.000000000000000,4.0000000000000000,0.0000000000000000
11.000000000000000,4.0000000000000000,0.0000000000000000
12.000000000000000,4.0000000000000000,0.0000000000000000
13.000000000000000,4.0000000000000000,0.0000000000000000
14.000000000000000,4.0000000000000000,0.0000000000000000
15.000000000000000,4.0000000000000000,0.0000000000000000
16.000000000000000,4.0000000000000000,0.0000000000000000
17.000000000000000,4.0000000000000000,0.0000000000000000
18.000000000000000,4.0000000000000000,0.0000000000000000
19.000000000000000,4.0000000000000000,0.0000000000000000
20.000000000000000,4.0000000000000000,0.0000000000000000
21.000000000000000,4.0000000000000000,0.0000000000000000
22.000000000000000,4.0000000000000000,0.0000000000000000
23.000000000000000,4.0000000000000000,0.0000000000000000
24.000000000000000,4.0000000000000000,0.0000000000000000
25.000000000000000,4.0000000000000000,0.0000000000000000
26.000000000000000,4.0000000000000000,0.0000000000000000
27.000000000000000,4.0000000000000000,0.0000000000000000
28.000000000000000,4.0000000000000000,0.0000000000000000
29.000000000000000,4.0000000000000000,0.0000000000000000
30.000000000000000,4.0000000000000000,0.0000000000000000
31.000000000000000,4.0000000000000000,0.0000000000000000
32.000000000000000,4.0000000000000000,0.0000000000000000
33.000000000000000,4.0000000000000000,0.0000000000000000
34.000000000000000,4.0000000000000000,0.0000000000000000
35.000000000000000,4.0000000000000000,0.0000000000000000
36.000000000000000,4.0000000000000000,0.0000000000000000
37.000000000000000,4.0000000000000000,0.0000000000000000
38.000000000000000,4.0000000000000000,0.0000000000000000
39.000000000000000,4.0000000000000000,0.10000000149011612
40.000000000000000,4.0000000000000000,0.10000000149011612
41.000000000000000,4.0000000000000000,0.10000000149011612
42.000000000000000,4.0000000000000000,0.20000000298023224
43.000000000000000,4.0000000000000000,0.20000000298023224
44.000000000000000,4.0000000000000000,0.20000000298023224
45.000000000000000,4.0000000000000000,0.20000000298023224
46.000000000000000,4.0000000000000000,0.20000000298023224
47.000000000000000,4.0000000000000000,0.20000000298023224
48.000000000000000,4.0000000000000000,0.20000000298023224
49.000000000000000,4.0000000000000000,0.20000000298023224
50.000000000000000,4.0000000000000000,0.20000000298023224
51.000000000000000,4.0000000000000000,0.10000000149011612
52.000000000000000,4.0000000000000000,0.10000000149011612
53.000000000000000,4.0000000000000000,0.10000000149011612
54.000000000000000,4.0000000000000000,0.0000000000000000
55.000000000000000,4.0000000000000000,0.0000000000000000
56.000000000000000,4.0000000000000000,0.0000000000000000
57.000000000000000,4.0000000000000000,0.0000000000000000
58.000000000000000,4.0000000000000000,0.0000000000000000
59.000000000000000,4.0000000000000000,0.0000000000000000
60.000000000000000,4.0000000000000000,0.0000000000000000
61.000000000000000,4.0000000000000000,0.0000000000000000
62.000000000000000,4.0000000000000000,0.0000000000000000
63.000000000000000,4.0000000000000000,0.0000000000000000
64.000000000000000,4.0000000000000000,0.0000000000000000
65.000000000000000,4.0000000000000000,0.0000000000000000
66.000000000000000,4.0000000000000000,0.0000000000000000
67.000000000000000,4.0000000000000000,0.0000000000000000
68.000000000000000,4.0000000000000000,0.0000000000000000
69.000000000000000,4.0000000000000000,0.0000000000000000
70.000000000000000,4.0000000000000000,0.0000000000000000
71.000000000000000,4.0000000000000000,0.0000000000000000
72.000000000000000,4.0000000000000000,0.0000000000000000
73.000000000000000,4.0000000000000000,0.0000000000000000
74.000000000000000,4.0000000000000000,0.0000000000000000
75.000000000000000,4.0000000000000000,0.0000000000000000
76.000000000000000,4.0000000000000000,0.0000000000000000
77.000000000000000,4.0000000000000000,0.0000000000000000
78.000000000000000,4.0000000000000000,0.0000000000000000
79.000000000000000,4.0000000000000000,0.0000000000000000
80.000000000000000,4.0000000000000000,0.0000000000000000
81.000000000000000,4.0000000000000000,0.0000000000000000
82.000000000000000,4.0000000000000000,0.0000000000000000
83.000000000000000,4.0000000000000000,0.0000000000000000
84.000000000000000,4.0000000000000000,0.0000000000000000
85.000000000000000,4.0000000000000000,0.0000000000000000
86.000000000000000,4.0000000000000000,0.0000000000000000
87.000000000000000,4.0000000000000000,0.0000000000000000
88.000000000000000,4.0000000000000000,0.0000000000000000
89.000000000000000,4.0000000000000000,0.0000000000000000
90.000000000000000,4.0000000000000000,0.0000000000000000
91.000000000000000,4.0000000000000000,0.0000000000000000
92.000000000000000,4.0000000000000000,0.0000000000000000
93.000000000000000,4.0000000000000000,0.0000000000000000
94.000000000000000,4.0000000000000000,0.0000000000000000
95.000000000000000,4.0000000000000000,0.0000000000000000
96.000000000000000,4.0000000000000000,0.0000000000000000
97.000000000000000,4.0000000000000000,0.0000000000000000
98.000000000000000,4.0000000000000000,0.0000000000000000
99.000000000000000,4.0000000000000000,0.0000000000000000
100.00000000000000,4.0000000000000000,0.0000000000000000
101.00000000000000,4.0000000000000000,0.0000000000000000
102.00000000000000,4.0000000000000000,0.0000000000000000
103.00000000000000,4.0000000000000000,0.0000000000000000
104.00000000000000,4.0000000000000000,0.0000000000000000
105.00000000000000,4.0000000000000000,0.0000000000000000
106.00000000000000,4.0000000000000000,0.0000000000000000
107.00000000000000,4.0000000000000000,0.0000000000000000
108.00000000000000,4.0000000000000000,0.0000000000000000
109.00000000000000,4.0000000000000000,0.0000000000000000
110.00000000000000,4.0000000000000000,0.0000000000000000
111.00000000000000,4.0000000000000000,0.0000000000000000
112.00000000000000,4.0000000000000000,0.0000000000000000
113.00000000000000,4.0000000000000000,0.0000000000000000
1.0000000000000000,5.0000000000000000,0.0000000000000000
2.0000000000000000,5.0000000000000000,0.30000001192092896
3.0000000000000000,5.0000000000000000,0.30000001192092896
4.0000000000000000,5.0000000000000000,0.30000001192092896
5.0000000000000000,5.0000000000000000,0.30000001192092896
6.0000000000000000,5.0000000000000000,0.20000000298023224
7.0000000000000000,5.0000000000000000,0.20000000298023224
8.0000000000000000,5.0000000000000000,0.20000000298023224
9.0000000000000000,5.0000000000000000,0.0000000000000000
10.000000000000000,5.0000000000000000,0.0000000000000000
11.000000000000000,5.0000000000000000,0.0000000000000000
12.000000000000000,5.0000000000000000,0.0000000000000000
13.000000000000000,5.0000000000000000,0.0000000000000000
14.000000000000000,5.0000000000000000,0.0000000000000000
15.000000000000000,5.0000000000000000,0.0000000000000000
16.000000000000000,5.0000000000000000,0.0000000000000000
17.000000000000000,5.0000000000000000,0.0000000000000000
18.000000000000000,5.0000000000000000,0.0000000000000000
19.000000000000000,5.0000000000000000,0.0000000000000000
20.000000000000000,5.0000000000000000,0.0000000000000000
21.000000000000000,5.0000000000000000,0.0000000000000000
22.000000000000000,5.0000000000000000,0.0000000000000000
23.000000000000000,5.0000000000000000,0.0000000000000000
24.000000000000000,5.0000000000000000,0.0000000000000000
25.000000000000000,5.0000000000000000,0.0000000000000000
26.000000000000000,5.0000000000000000,0.0000000000000000
27.000000000000000,5.0000000000000000,0.0000000000000000
28.000000000000000,5.0000000000000000,0.0000000000000000
29.000000000000000,5.0000000000000000,0.0000000000000000
30.000000000000000,5.0000000000000000,0.0000000000000000
31.000000000000000,5.0000000000000000,0.0000000000000000
32.000000000000000,5.0000000000000000,0.0000000000000000
33.000000000000000,5.0000000000000000,0.0000000000000000
34.000000000000000,5.0000000000000000,0.0000000000000000
35.000000000000000,5.0000000000000000,0.0000000000000000
36.000000000000000,5.0000000000000000,0.0000000000000000
37.000000000000000,5.0000000000000000,0.0000000000000000
38.000000000000000,5.0000000000000000,0.0000000000000000
39.000000000000000,5.0000000000000000,0.0000000000000000
40.000000000000000,5.0000000000000000,0.0000000000000000
41.000000000000000,5.0000000000000000,0.0000000000000000
42.000000000000000,5.0000000000000000,0.20000000298023224
43.000000000000000,5.0000000000000000,0.20000000298023224
44.000000000000000,5.0000000000000000,0.20000000298023224
45.000000000000000,5.0000000000000000,0.20000000298023224
46.000000000000000,5.0000000000000000,0.20000000298023224
47.000000000000000,5.0000000000000000,0.20000000298023224
48.000000000000000,5.0000000000000000,0.20000000298023224
49.000000000000000,5.0000000000000000,0.20000000298023224
50.000000000000000,5.0000000000000000,0.20000000298023224
51.000000000000000,5.0000000000000000,0.20000000298023224
52.000000000000000,5.0000000000000000,0.20000000298023224
53.000000000000000,5.0000000000000000,0.20000000298023224
54.000000000000000,5.0000000000000000,0.10000000149011612
55.000000000000000,5.0000000000000000,0.10000000149011612
56.000000000000000,5.0000000000000000,0.10000000149011612
57.000000000000000,5.0000000000000000,0.0000000000000000
58.000000000000000,5.0000000000000000,0.0000000000000000
59.000000000000000,5.0000000000000000,0.0000000000000000
60.000000000000000,5.0000000000000000,0.0000000000000000
61.000000000000000,5.0000000000000000,0.0000000000000000
62.000000000000000,5.0000000000000000,0.0000000000000000
63.000000000000000,5.0000000000000000,0.0000000000000000
64.000000000000000,5.0000000000000000,0.0000000000000000
65.000000000000000,5.0000000000000000,0.0000000000000000
66.000000000000000,5.0000000000000000,0.0000000000000000
67.000000000000000,5.0000000000000000,0.0000000000000000
68.000000000000000,5.0000000000000000,0.0000000000000000
69.000000000000000,5.0000000000000000,0.0000000000000000
70.000000000000000,5.0000000000000000,0.0000000000000000
71.000000000000000,5.0000000000000000,0.0000000000000000
72.000000000000000,5.0000000000000000,0.0000000000000000
73.000000000000000,5.0000000000000000,0.0000000000000000
74.000000000000000,5.0000000000000000,0.0000000000000000
75.000000000000000,5.0000000000000000,0.0000000000000000
76.000000000000000,5.0000000000000000,0.0000000000000000
77.000000000000000,5.0000000000000000,0.0000000000000000
78.000000000000000,5.0000000000000000,0.0000000000000000
79.000000000000000,5.0000000000000000,0.0000000000000000
80.000000000000000,5.0000000000000000,0.0000000000000000
81.000000000000000,5.0000000000000000,0.0000000000000000
82.000000000000000,5.0000000000000000,0.0000000000000000
83.000000000000000,5.0000000000000000,0.0000000000000000
84.000000000000000,5.0000000000000000,0.0000000000000000
85.000000000000000,5.0000000000000000,0.0000000000000000
86.000000000000000,5.0000000000000000,0.0000000000000000
87.000000000000000,5.0000000000000000,0.0000000000000000
88.000000000000000,5.0000000000000000,0.0000000000000000
89.000000000000000,5.0000000000000000,0.0000000000000000
90.000000000000000,5.0000000000000000,0.0000000000000000
91.000000000000000,5.0000000000000000,0.0000000000000000
92.000000000000000,5.0000000000000000,0.0000000000000000
93.000000000000000,5.0000000000000000,0.0000000000000000
94.000000000000000,5.0000000000000000,0.0000000000000000
95.000000000000000,5.0000000000000000,0.0000000000000000
96.000000000000000,5.0000000000000000,0.0000000000000000
97.000000000000000,5.0000000000000000,0.0000000000000000
98.000000000000000,5.0000000000000000,0.0000000000000000
99.000000000000000,5.0000000000000000,0.0000000000000000
100.00000000000000,5.0000000000000000,0.0000000000000000
101.00000000000000,5.0000000000000000,0.0000000000000000
102.00000000000000,5.0000000000000000,0.0000000000000000
103.00000000000000,5.0000000000000000,0.0000000000000000
104.00000000000000,5.0000000000000000,0.0000000000000000
105.00000000000000,5.0000000000000000,0.0000000000000000
106.00000000000000,5.0000000000000000,0.0000000000000000
107.00000000000000,5.0000000000000000,0.0000000000000000
108.00000000000000,5.0000000000000000,0.0000000000000000
109.00000000000000,5.0000000000000000,0.0000000000000000
110.00000000000000,5.0000000000000000,0.0000000000000000
111.00000000000000,5.0000000000000000,0.0000000000000000
112.00000000000000,5.0000000000000000,0.0000000000000000
113.00000000000000,5.0000000000000000,0.0000000000000000
1.0000000000000000,6.0000000000000000,0.0000000000000000
2.0000000000000000,6.0000000000000000,0.30000001192092896
3.0000000000000000,6.0000000000000000,0.30000001192092896
4.0000000000000000,6.0000000000000000,0.30000001192092896
5.0000000000000000,6.0000000000000000,0.30000001192092896
6.0000000000000000,6.0000000000000000,0.20000000298023224
7.0000000000000000,6.0000000000000000,0.20000000298023224
8.0000000000000000,6.0000000000000000,0.20000000298023224
9.0000000000000000,6.0000000000000000,0.0000000000000000
10.000000000000000,6.0000000000000000,0.0000000000000000
11.000000000000000,6.0000000000000000,0.0000000000000000
12.000000000000000,6.0000000000000000,0.0000000000000000
13.000000000000000,6.0000000000000000,0.0000000000000000
14.000000000000000,6.0000000000000000,0.0000000000000000
15.000000000000000,6.0000000000000000,0.0000000000000000
16.000000000000000,6.0000000000000000,0.0000000000000000
17.000000000000000,6.0000000000000000,0.0000000000000000
18.000000000000000,6.0000000000000000,0.0000000000000000
19.000000000000000,6.0000000000000000,0.0000000000000000
20.000000000000000,6.0000000000000000,0.0000000000000000
21.000000000000000,6.0000000000000000,0.0000000000000000
22.000000000000000,6.0000000000000000,0.0000000000000000
23.000000000000000,6.0000000000000000,0.0000000000000000
24.000000000000000,6.0000000000000000,0.0000000000000000
25.000000000000000,6.0000000000000000,0.0000000000000000
26.000000000000000,6.0000000000000000,0.0000000000000000
27.000000000000000,6.0000000000000000,0.0000000000000000
28.000000000000000,6.0000000000000000,0.0000000000000000
29.000000000000000,6.0000000000000000,0.0000000000000000
30.000000000000000,6.0000000000000000,0.0000000000000000
31.000000000000000,6.0000000000000000,0.0000000000000000
32.000000000000000,6.0000000000000000,0.0000000000000000
33.000000000000000,6.0000000000000000,0.0000000000000000
34.000000000000000,6.0000000000000000,0.0000000000000000
35.000000000000000,6.0000000000000000,0.0000000000000000
36.000000000000000,6.0000000000000000,0.0000000000000000
37.000000000000000,6.0000000000000000,0.0000000000000000
38.000000000000000,6.0000000000000000,0.0000000000000000
39.000000000000000,6.0000000000000000,0.0000000000000000
40.000000000000000,6.0000000000000000,0.0000000000000000
41.000000000000000,6.0000000000000000,0.0000000000000000
42.000000000000000,6.0000000000000000,0.20000000298023224
43.000000000000000,6.0000000000000000,0.20000000298023224
44.000000000000000,6.0000000000000000,0.20000000298023224
45.000000000000000,6.0000000000000000,0.20000000298023224
46.000000000000000,6.0000000000000000,0.20000000298023224
47.000000000000000,6.0000000000000000,0.20000000298023224
48.000000000000000,6.0000000000000000,0.20000000298023224
49.000000000000000,6.0000000000000000,0.20000000298023224
50.000000000000000,6.0000000000000000,0.20000000298023224
51.000000000000000,6.0000000000000000,0.20000000298023224
52.000000000000000,6.0000000000000000,0.20000000298023224
53.000000000000000,6.0000000000000000,0.20000000298023224
54.000000000000000,6.0000000000000000,0.10000000149011612
55.000000000000000,6.0000000000000000,0.10000000149011612
56.000000000000000,6.0000000000000000,0.10000000149011612
57.000000000000000,6.0000000000000000,0.0000000000000000
58.000000000000000,6.0000000000000000,0.0000000000000000
59.000000000000000,6.0000000000000000,0.0000000000000000
60.000000000000000,6.0000000000000000,0.0000000000000000
61.000000000000000,6.0000000000000000,0.0000000000000000
62.000000000000000,6.0000000000000000,0.0000000000000000
63.000000000000000,6.0000000000000000,0.0000000000000000
64.000000000000000,6.0000000000000000,0.0000000000000000
65.000000000000000,6.0000000000000000,0.0000000000000000
66.000000000000000,6.0000000000000000,0.0000000000000000
67.000000000000000,6.0000000000000000,0.0000000000000000
68.000000000000000,6.0000000000000000,0.0000000000000000
69.000000000000000,6.0000000000000000,0.0000000000000000
70.000000000000000,6.0000000000000000,0.0000000000000000
71.000000000000000,6.0000000000000000,0.0000000000000000
72.000000000000000,6.0000000000000000,0.0000000000000000
73.000000000000000,6.0000000000000000,0.0000000000000000
74.000000000000000,6.0000000000000000,0.0000000000000000
75.000000000000000,6.0000000000000000,0.0000000000000000
76.000000000000000,6.0000000000000000,0.0000000000000000
77.000000000000000,6.0000000000000000,0.0000000000000000
78.000000000000000,6.0000000000000000,0.0000000000000000
79.000000000000000,6.0000000000000000,0.0000000000000000
80.000000000000000,6.0000000000000000,0.0000000000000000
81.000000000000000,6.0000000000000000,0.0000000000000000
82.000000000000000,6.0000000000000000,0.0000000000000000
83.000000000000000,6.0000000000000000,0.0000000000000000
84.000000000000000,6.0000000000000000,0.0000000000000000
85.000000000000000,6.0000000000000000,0.0000000000000000
86.000000000000000,6.0000000000000000,0.0000000000000000
87.000000000000000,6.0000000000000000,0.0000000000000000
88.000000000000000,6.0000000000000000,0.0000000000000000
89.000000000000000,6.0000000000000000,0.0000000000000000
90.000000000000000,6.0000000000000000,0.0000000000000000
91.000000000000000,6.0000000000000000,0.0000000000000000
92.000000000000000,6.0000000000000000,0.0000000000000000
93.000000000000000,6.0000000000000000,0.0000000000000000
94.000000000000000,6.0000000000000000,0.0000000000000000
95.000000000000000,6.0000000000000000,0.0000000000000000
96.000000000000000,6.0000000000000000,0.0000000000000000
97.000000000000000,6.0000000000000000,0.0000000000000000
98.000000000000000,6.0000000000000000,0.0000000000000000
99.000000000000000,6.0000000000000000,0.0000000000000000
100.00000000000000,6.0000000000000000,0.0000000000000000
101.00000000000000,6.0000000000000000,0.0000000000000000
102.00000000000000,6.0000000000000000,0.0000000000000000
103.00000000000000,6.0000000000000000,0.0000000000000000
104.00000000000000,6.0000000000000000,0.0000000000000000
105.00000000000000,6.0000000000000000,0.0000000000000000
106.00000000000000,6.0000000000000000,0.0000000000000000
107.00000000000000,6.0000000000000000,0.0000000000000000
108.00000000000000,6.0000000000000000,0.0000000000000000
109.00000000000000,6.0000000000000000,0.0000000000000000
110.00000000000000,6.0000000000000000,0.0000000000000000
111.00000000000000,6.0000000000000000,0.0000000000000000
112.00000000000000,6.0000000000000000,0.0000000000000000
113.00000000000000,6.0000000000000000,0.0000000000000000
1.0000000000000000,7.0000000000000000,0.0000000000000000
2.0000000000000000,7.0000000000000000,0.30000001192092896
3.0000000000000000,7.0000000000000000,0.30000001192092896
4.0000000000000000,7.0000000000000000,0.30000001192092896
5.0000000000000000,7.0000000000000000,0.30000001192092896
6.0000000000000000,7.0000000000000000,0.20000000298023224
7.0000000000000000,7.0000000000000000,0.20000000298023224
8.0000000000000000,7.0000000000000000,0.20000000298023224
9.0000000000000000,7.0000000000000000,0.0000000000000000
10.000000000000000,7.0000000000000000,0.0000000000000000
11.000000000000000,7.0000000000000000,0.0000000000000000
12.000000000000000,7.0000000000000000,0.0000000000000000
13.000000000000000,7.0000000000000000,0.0000000000000000
14.000000000000000,7.0000000000000000,0.0000000000000000
15.000000000000000,7.0000000000000000,0.0000000000000000
16.000000000000000,7.0000000000000000,0.0000000000000000
17.000000000000000,7.0000000000000000,0.0000000000000000
18.000000000000000,7.0000000000000000,0.0000000000000000
19.000000000000000,7.0000000000000000,0.0000000000000000
20.000000000000000,7.0000000000000000,0.0000000000000000
21.000000000000000,7.0000000000000000,0.0000000000000000
22.000000000000000,7.0000000000000000,0.0000000000000000
23.000000000000000,7.0000000000000000,0.0000000000000000
24.000000000000000,7.0000000000000000,0.0000000000000000
25.000000000000000,7.0000000000000000,0.0000000000000000
26.000000000000000,7.0000000000000000,0.0000000000000000
27.000000000000000,7.0000000000000000,0.0000000000000000
28.000000000000000,7.0000000000000000,0.0000000000000000
29.000000000000000,7.0000000000000000,0.0000000000000000
30.000000000000000,7.0000000000000000,0.0000000000000000
31.000000000000000,7.0000000000000000,0.0000000000000000
32.000000000000000,7.0000000000000000,0.0000000000000000
33.000000000000000,7.0000000000000000,0.0000000000000000
34.000000000000000,7.0000000000000000,0.0000000000000000
35.000000000000000,7.0000000000000000,0.0000000000000000
36.000000000000000,7.0000000000000000,0.0000000000000000
37.000000000000000,7.0000000000000000,0.0000000000000000
38.000000000000000,7.0000000000000000,0.0000000000000000
39.000000000000000,7.0000000000000000,0.0000000000000000
40.000000000000000,7.0000000000000000,0.0000000000000000
41.000000000000000,7.0000000000000000,0.0000000000000000
42.000000000000000,7.0000000000000000,0.20000000298023224
43.000000000000000,7.0000000000000000,0.20000000298023224
44.000000000000000,7.0000000000000000,0.20000000298023224
45.000000000000000,7.0000000000000000,0.20000000298023224
46.000000000000000,7.0000000000000000,0.20000000298023224
47.000000000000000,7.0000000000000000,0.20000000298023224
48.000000000000000,7.0000000000000000,0.20000000298023224
49.000000000000000,7.0000000000000000,0.20000000298023224
50.000000000000000,7.0000000000000000,0.20000000298023224
51.000000000000000,7.0000000000000000,0.20000000298023224
52.000000000000000,7.0000000000000000,0.20000000298023224
53.000000000000000,7.0000000000000000,0.20000000298023224
54.000000000000000,7.0000000000000000,0.10000000149011612
55.000000000000000,7.0000000000000000,0.10000000149011612
56.000000000000000,7.0000000000000000,0.10000000149011612
57.000000000000000,7.0000000000000000,0.0000000000000000
58.000000000000000,7.0000000000000000,0.0000000000000000
59.000000000000000,7.0000000000000000,0.0000000000000000
60.000000000000000,7.0000000000000000,0.0000000000000000
61.000000000000000,7.0000000000000000,0.0000000000000000
62.000000000000000,7.0000000000000000,0.0000000000000000
63.000000000000000,7.0000000000000000,0.0000000000000000
64.000000000000000,7.0000000000000000,0.0000000000000000
65.000000000000000,7.0000000000000000,0.0000000000000000
66.000000000000000,7.0000000000000000,0.0000000000000000
67.000000000000000,7.0000000000000000,0.0000000000000000
68.000000000000000,7.0000000000000000,0.0000000000000000
69.000000000000000,7.0000000000000000,0.0000000000000000
70.000000000000000,7.0000000000000000,0.0000000000000000
71.000000000000000,7.0000000000000000,0.0000000000000000
72.000000000000000,7.0000000000000000,0.0000000000000000
73.000000000000000,7.0000000000000000,0.0000000000000000
74.000000000000000,7.0000000000000000,0.0000000000000000
75.000000000000000,7.0000000000000000,0.0000000000000000
76.000000000000000,7.0000000000000000,0.0000000000000000
77.000000000000000,7.0000000000000000,0.0000000000000000
78.000000000000000,7.0000000000000000,0.0000000000000000
79.000000000000000,7.0000000000000000,0.0000000000000000
80.000000000000000,7.0000000000000000,0.0000000000000000
81.000000000000000,7.0000000000000000,0.0000000000000000
82.000000000000000,7.0000000000000000,0.0000000000000000
83.000000000000000,7.0000000000000000,0.0000000000000000
84.000000000000000,7.0000000000000000,0.0000000000000000
85.000000000000000,7.0000000000000000,0.0000000000000000
86.000000000000000,7.0000000000000000,0.0000000000000000
87.000000000000000,7.0000000000000000,0.0000000000000000
88.000000000000000,7.0000000000000000,0.0000000000000000
89.000000000000000,7.0000000000000000,0.0000000000000000
90.000000000000000,7.0000000000000000,0.0000000000000000
91.000000000000000,7.0000000000000000,0.0000000000000000
92.000000000000000,7.0000000000000000,0.0000000000000000
93.000000000000000,7.0000000000000000,0.0000000000000000
94.000000000000000,7.0000000000000000,0.0000000000000000
95.000000000000000,7.0000000000000000,0.0000000000000000
96.000000000000000,7.0000000000000000,0.0000000000000000
97.000000000000000,7.0000000000000000,0.0000000000000000
98.000000000000000,7.0000000000000000,0.0000000000000000
99.000000000000000,7.0000000000000000,0.0000000000000000
100.00000000000000,7.0000000000000000,0.0000000000000000
101.00000000000000,7.0000000000000000,0.0000000000000000
102.00000000000000,7.0000000000000000,0.0000000000000000
103.00000000000000,7.0000000000000000,0.0000000000000000
104.00000000000000,7.0000000000000000,0.0000000000000000
105.00000000000000,7.0000000000000000,0.0000000000000000
106.00000000000000,7.0000000000000000,0.0000000000000000
107.00000000000000,7.0000000000000000,0.0000000000000000
108.00000000000000,7.0000000000000000,0.0000000000000000
109.00000000000000,7.0000000000000000,0.0000000000000000
110.00000000000000,7.0000000000000000,0.0000000000000000
111.00000000000000,7.0000000000000000,0.0000000000000000
112.00000000000000,7.0000000000000000,0.0000000000000000
113.00000000000000,7.0000000000000000,0.0000000000000000
1.0000000000000000,8.0000000000000000,0.0000000000000000
2.0000000000000000,8.0000000000000000,0.40000000596046448
3.0000000000000000,8.0000000000000000,0.30000001192092896
4.0000000000000000,8.0000000000000000,0.30000001192092896
5.0000000000000000,8.0000000000000000,0.30000001192092896
6.0000000000000000,8.0000000000000000,0.20000000298023224
7.0000000000000000,8.0000000000000000,0.20000000298023224
8.0000000000000000,8.0000000000000000,0.20000000298023224
9.0000000000000000,8.0000000000000000,0.0000000000000000
10.000000000000000,8.0000000000000000,0.0000000000000000
11.000000000000000,8.0000000000000000,0.0000000000000000
12.000000000000000,8.0000000000000000,0.0000000000000000
13.000000000000000,8.0000000000000000,0.0000000000000000
14.000000000000000,8.0000000000000000,0.0000000000000000
15.000000000000000,8.0000000000000000,0.0000000000000000
16.000000000000000,8.0000000000000000,0.0000000000000000
17.000000000000000,8.0000000000000000,0.0000000000000000
18.000000000000000,8.0000000000000000,0.0000000000000000
19.000000000000000,8.0000000000000000,0.0000000000000000
20.000000000000000,8.0000000000000000,0.0000000000000000
21.000000000000000,8.0000000000000000,0.0000000000000000
22.000000000000000,8.0000000000000000,0.0000000000000000
23.000000000000000,8.0000000000000000,0.0000000000000000
24.000000000000000,8.0000000000000000,0.0000000000000000
25.000000000000000,8.0000000000000000,0.0000000000000000
26.000000000000000,8.0000000000000000,0.0000000000000000
27.000000000000000,8.0000000000000000,0.0000000000000000
28.000000000000000,8.0000000000000000,0.0000000000000000
29.000000000000000,8.0000000000000000,0.0000000000000000
30.000000000000000,8.0000000000000000,0.0000000000000000
31.000000000000000,8.0000000000000000,0.0000000000000000
32.000000000000000,8.0000000000000000,0.0000000000000000
33.000000000000000,8.0000000000000000,0.0000000000000000
34.000000000000000,8.0000000000000000,0.0000000000000000
35.000000000000000,8.0000000000000000,0.0000000000000000
36.000000000000000,8.0000000000000000,0.0000000000000000
37.000000000000000,8.0000000000000000,0.0000000000000000
38.000000000000000,8.0000000000000000,0.0000000000000000
39.000000000000000,8.0000000000000000,0.0000000000000000
40.000000000000000,8.0000000000000000,0.0000000000000000
41.000000000000000,8.0000000000000000,0.0000000000000000
42.000000000000000,8.0000000000000000,0.20000000298023224
43.000000000000000,8.0000000000000000,0.20000000298023224
44.000000000000000,8.0000000000000000,0.20000000298023224
45.000000000000000,8.0000000000000000,0.20000000298023224
46.000000000000000,8.0000000000000000,0.20000000298023224
47.000000000000000,8.0000000000000000,0.20000000298023224
48.000000000000000,8.0000000000000000,0.30000001192092896
49.000000000000000,8.0000000000000000,0.30000001192092896
50.000000000000000,8.0000000000000000,0.30000001192092896
51.000000000000000,8.0000000000000000,0.30000001192092896
52.000000000000000,8.0000000000000000,0.30000001192092896
53.000000000000000,8.0000000000000000,0.30000001192092896
54.000000000000000,8.0000000000000000,0.20000000298023224
55.000000000000000,8.0000000000000000,0.20000000298023224
56.000000000000000,8.0000000000000000,0.20000000298023224
57.000000000000000,8.0000000000000000,0.0000000000000000
58.000000000000000,8.0000000000000000,0.0000000000000000
59.000000000000000,8.0000000000000000,0.0000000000000000
60.000000000000000,8.0000000000000000,0.0000000000000000
61.000000000000000,8.0000000000000000,0.0000000000000000
62.000000000000000,8.0000000000000000,0.0000000000000000
63.000000000000000,8.0000000000000000,0.0000000000000000
64.000000000000000,8.0000000000000000,0.0000000000000000
65.000000000000000,8.0000000000000000,0.0000000000000000
66.000000000000000,8.0000000000000000,0.0000000000000000
67.000000000000000,8.0000000000000000,0.0000000000000000
68.000000000000000,8.0000000000000000,0.0000000000000000
69.000000000000000,8.0000000000000000,0.0000000000000000
70.000000000000000,8.0000000000000000,0.0000000000000000
71.000000000000000,8.0000000000000000,0.0000000000000000
72.000000000000000,8.0000000000000000,0.0000000000000000
73.000000000000000,8.0000000000000000,0.0000000000000000
74.000000000000000,8.0000000000000000,0.0000000000000000
75.000000000000000,8.0000000000000000,0.0000000000000000
76.000000000000000,8.0000000000000000,0.0000000000000000
77.000000000000000,8.0000000000000000,0.0000000000000000
78.000000000000000,8.0000000000000000,0.0000000000000000
79.000000000000000,8.0000000000000000,0.0000000000000000
80.000000000000000,8.0000000000000000,0.0000000000000000
81.000000000000000,8.0000000000000000,0.0000000000000000
82.000000000000000,8.0000000000000000,0.0000000000000000
83.000000000000000,8.0000000000000000,0.0000000000000000
84.000000000000000,8.0000000000000000,0.0000000000000000
85.000000000000000,8.0000000000000000,0.0000000000000000
86.000000000000000,8.0000000000000000,0.0000000000000000
87.000000000000000,8.0000000000000000,0.0000000000000000
88.000000000000000,8.0000000000000000,0.0000000000000000
89.000000000000000,8.0000000000000000,0.0000000000000000
90.000000000000000,8.0000000000000000,0.0000000000000000
91.000000000000000,8.0000000000000000,0.0000000000000000
92.000000000000000,8.0000000000000000,0.0000000000000000
93.000000000000000,8.0000000000000000,0.0000000000000000
94.000000000000000,8.0000000000000000,0.0000000000000000
95.000000000000000,8.0000000000000000,0.0000000000000000
96.000000000000000,8.0000000000000000,0.0000000000000000
97.000000000000000,8.0000000000000000,0.0000000000000000
98.000000000000000,8.0000000000000000,0.0000000000000000
99.000000000000000,8.0000000000000000,0.0000000000000000
100.00000000000000,8.0000000000000000,0.0000000000000000
101.00000000000000,8.0000000000000000,0.0000000000000000
102.00000000000000,8.0000000000000000,0.0000000000000000
103.00000000000000,8.0000000000000000,0.0000000000000000
104.00000000000000,8.0000000000000000,0.0000000000000000
105.00000000000000,8.0000000000000000,0.0000000000000000
106.00000000000000,8.0000000000000000,0.0000000000000000
107.00000000000000,8.0000000000000000,0.0000000000000000
108.00000000000000,8.0000000000000000,0.0000000000000000
109.00000000000000,8.0000000000000000,0.0000000000000000
110.00000000000000,8.0000000000000000,0.0000000000000000
111.00000000000000,8.0000000000000000,0.0000000000000000
112.00000000000000,8.0000000000000000,0.0000000000000000
113.00000000000000,8.0000000000000000,0.0000000000000000
1.0000000000000000,9.0000000000000000,0.0000000000000000
2.0000000000000000,9.0000000000000000,0.40000000596046448
3.0000000000000000,9.0000000000000000,0.30000001192092896
4.0000000000000000,9.0000000000000000,0.30000001192092896
5.0000000000000000,9.0000000000000000,0.30000001192092896
6.0000000000000000,9.0000000000000000,0.20000000298023224
7.0000000000000000,9.0000000000000000,0.20000000298023224
8.0000000000000000,9.0000000000000000,0.20000000298023224
9.0000000000000000,9.0000000000000000,0.0000000000000000
10.000000000000000,9.0000000000000000,0.0000000000000000
11.000000000000000,9.0000000000000000,0.0000000000000000
12.000000000000000,9.0000000000000000,0.0000000000000000
13.000000000000000,9.0000000000000000,0.0000000000000000
14.000000000000000,9.0000000000000000,0.0000000000000000
15.000000000000000,9.0000000000000000,0.0000000000000000
16.000000000000000,9.0000000000000000,0.0000000000000000
17.000000000000000,9.0000000000000000,0.0000000000000000
18.000000000000000,9.0000000000000000,0.0000000000000000
19.000000000000000,9.0000000000000000,0.0000000000000000
20.000000000000000,9.0000000000000000,0.0000000000000000
21.000000000000000,9.0000000000000000,0.0000000000000000
22.000000000000000,9.0000000000000000,0.0000000000000000
23.000000000000000,9.0000000000000000,0.0000000000000000
24.000000000000000,9.0000000000000000,0.0000000000000000
25.000000000000000,9.0000000000000000,0.0000000000000000
26.000000000000000,9.0000000000000000,0.0000000000000000
27.000000000000000,9.0000000000000000,0.0000000000000000
28.000000000000000,9.0000000000000000,0.0000000000000000
29.000000000000000,9.0000000000000000,0.0000000000000000
30.000000000000000,9.0000000000000000,0.0000000000000000
31.000000000000000,9.0000000000000000,0.0000000000000000
32.000000000000000,9.0000000000000000,0.0000000000000000
33.000000000000000,9.0000000000000000,0.0000000000000000
34.000000000000000,9.0000000000000000,0.0000000000000000
35.000000000000000,9.0000000000000000,0.0000000000000000
36.000000000000000,9.0000000000000000,0.0000000000000000
37.000000000000000,9.0000000000000000,0.0000000000000000
38.000000000000000,9.0000000000000000,0.0000000000000000
39.000000000000000,9.0000000000000000,0.0000000000000000
40.000000000000000,9.0000000000000000,0.0000000000000000
41.000000000000000,9.0000000000000000,0.0000000000000000
42.000000000000000,9.0000000000000000,0.20000000298023224
43.000000000000000,9.0000000000000000,0.20000000298023224
44.000000000000000,9.0000000000000000,0.20000000298023224
45.000000000000000,9.0000000000000000,0.20000000298023224
46.000000000000000,9.0000000000000000,0.20000000298023224
47.000000000000000,9.0000000000000000,0.20000000298023224
48.000000000000000,9.0000000000000000,0.30000001192092896
49.000000000000000,9.0000000000000000,0.30000001192092896
50.000000000000000,9.0000000000000000,0.30000001192092896
51.000000000000000,9.0000000000000000,0.30000001192092896
52.000000000000000,9.0000000000000000,0.30000001192092896
53.000000000000000,9.0000000000000000,0.30000001192092896
54.000000000000000,9.0000000000000000,0.20000000298023224
55.000000000000000,9.0000000000000000,0.20000000298023224
56.000000000000000,9.0000000000000000,0.20000000298023224
57.000000000000000,9.0000000000000000,0.0000000000000000
58.000000000000000,9.0000000000000000,0.0000000000000000
59.000000000000000,9.0000000000000000,0.0000000000000000
60.000000000000000,9.0000000000000000,0.0000000000000000
61.000000000000000,9.0000000000000000,0.0000000000000000
62.000000000000000,9.0000000000000000,0.0000000000000000
63.000000000000000,9.0000000000000000,0.0000000000000000
64.000000000000000,9.0000000000000000,0.0000000000000000
65.000000000000000,9.0000000000000000,0.0000000000000000
66.000000000000000,9.0000000000000000,0.0000000000000000
67.000000000000000,9.0000000000000000,0.0000000000000000
68.000000000000000,9.0000000000000000,0.0000000000000000
69.000000000000000,9.0000000000000000,0.0000000000000000
70.000000000000000,9.0000000000000000,0.0000000000000000
71.000000000000000,9.0000000000000000,0.0000000000000000
72.000000000000000,9.0000000000000000,0.0000000000000000
73.000000000000000,9.0000000000000000,0.0000000000000000
74.000000000000000,9.0000000000000000,0.0000000000000000
75.000000000000000,9.0000000000000000,0.0000000000000000
76.000000000000000,9.0000000000000000,0.0000000000000000
77.000000000000000,9.0000000000000000,0.0000000000000000
78.000000000000000,9.0000000000000000,0.0000000000000000
79.000000000000000,9.0000000000000000,0.0000000000000000
80.000000000000000,9.0000000000000000,0.0000000000000000
81.000000000000000,9.0000000000000000,0.0000000000000000
82.000000000000000,9.0000000000000000,0.0000000000000000
83.000000000000000,9.0000000000000000,0.0000000000000000
84.000000000000000,9.0000000000000000,0.0000000000000000
85.000000000000000,9.0000000000000000,0.0000000000000000
86.000000000000000,9.0000000000000000,0.0000000000000000
87.000000000000000,9.0000000000000000,0.0000000000000000
88.000000000000000,9.0000000000000000,0.0000000000000000
89.000000000000000,9.0000000000000000,0.0000000000000000
90.000000000000000,9.0000000000000000,0.0000000000000000
91.000000000000000,9.0000000000000000,0.0000000000000000
92.000000000000000,9.0000000000000000,0.0000000000000000
93.000000000000000,9.0000000000000000,0.0000000000000000
94.000000000000000,9.0000000000000000,0.0000000000000000
95.000000000000000,9.0000000000000000,0.0000000000000000
96.000000000000000,9.0000000000000000,0.0000000000000000
97.000000000000000,9.0000000000000000,0.0000000000000000
98.000000000000000,9.0000000000000000,0.0000000000000000
99.000000000000000,9.0000000000000000,0.0000000000000000
100.00000000000000,9.0000000000000000,0.0000000000000000
101.00000000000000,9.0000000000000000,0.0000000000000000
102.00000000000000,9.0000000000000000,0.0000000000000000
103.00000000000000,9.0000000000000000,0.0000000000000000
104.00000000000000,9.0000000000000000,0.0000000000000000
105.00000000000000,9.0000000000000000,0.0000000000000000
106.00000000000000,9.0000000000000000,0.0000000000000000
107.00000000000000,9.0000000000000000,0.0000000000000000
108.00000000000000,9.0000000000000000,0.0000000000000000
109.00000000000000,9.0000000000000000,0.0000000000000000
110.00000000000000,9.0000000000000000,0.0000000000000000
111.00000000000000,9.0000000000000000,0.0000000000000000
112.00000000000000,9.0000000000000000,0.0000000000000000
113.00000000000000,9.0000000000000000,0.0000000000000000
1.0000000000000000,10.000000000000000,0.0000000000000000
2.0000000000000000,10.000000000000000,0.40000000596046448
3.0000000000000000,10.000000000000000,0.30000001192092896
4.0000000000000000,10.000000000000000,0.30000001192092896
5.0000000000000000,10.000000000000000,0.30000001192092896
6.0000000000000000,10.000000000000000,0.20000000298023224
7.0000000000000000,10.000000000000000,0.20000000298023224
8.0000000000000000,10.000000000000000,0.20000000298023224
9.0000000000000000,10.000000000000000,0.0000000000000000
10.000000000000000,10.000000000000000,0.0000000000000000
11.000000000000000,10.000000000000000,0.0000000000000000
12.000000000000000,10.000000000000000,0.0000000000000000
13.000000000000000,10.000000000000000,0.0000000000000000
14.000000000000000,10.000000000000000,0.0000000000000000
15.000000000000000,10.000000000000000,0.0000000000000000
16.000000000000000,10.000000000000000,0.0000000000000000
17.000000000000000,10.000000000000000,0.0000000000000000
18.000000000000000,10.000000000000000,0.0000000000000000
19.000000000000000,10.000000000000000,0.0000000000000000
20.000000000000000,10.000000000000000,0.0000000000000000
21.000000000000000,10.000000000000000,0.0000000000000000
22.000000000000000,10.000000000000000,0.0000000000000000
23.000000000000000,10.000000000000000,0.0000000000000000
24.000000000000000,10.000000000000000,0.0000000000000000
25.000000000000000,10.000000000000000,0.0000000000000000
26.000000000000000,10.000000000000000,0.0000000000000000
27.000000000000000,10.000000000000000,0.0000000000000000
28.000000000000000,10.000000000000000,0.0000000000000000
29.000000000000000,10.000000000000000,0.0000000000000000
30.000000000000000,10.000000000000000,0.0000000000000000
31.000000000000000,10.000000000000000,0.0000000000000000
32.000000000000000,10.000000000000000,0.0000000000000000
33.000000000000000,10.000000000000000,0.0000000000000000
34.000000000000000,10.000000000000000,0.0000000000000000
35.000000000000000,10.000000000000000,0.0000000000000000
36.000000000000000,10.000000000000000,0.0000000000000000
37.000000000000000,10.000000000000000,0.0000000000000000
38.000000000000000,10.000000000000000,0.0000000000000000
39.000000000000000,10.000000000000000,0.0000000000000000
40.000000000000000,10.000000000000000,0.0000000000000000
41.000000000000000,10.000000000000000,0.0000000000000000
42.000000000000000,10.000000000000000,0.20000000298023224
43.000000000000000,10.000000000000000,0.20000000298023224
44.000000000000000,10.000000000000000,0.20000000298023224
45.000000000000000,10.000000000000000,0.20000000298023224
46.000000000000000,10.000000000000000,0.20000000298023224
47.000000000000000,10.000000000000000,0.20000000298023224
48.000000000000000,10.000000000000000,0.30000001192092896
49.000000000000000,10.000000000000000,0.30000001192092896
50.000000000000000,10.000000000000000,0.30000001192092896
51.000000000000000,10.000000000000000,0.30000001192092896
52.000000000000000,10.000000000000000,0.30000001192092896
53.000000000000000,10.000000000000000,0.30000001192092896
54.000000000000000,10.000000000000000,0.20000000298023224
55.000000000000000,10.000000000000000,0.20000000298023224
56.000000000000000,10.000000000000000,0.20000000298023224
57.000000000000000,10.000000000000000,0.0000000000000000
58.000000000000000,10.000000000000000,0.0000000000000000
59.000000000000000,10.000000000000000,0.0000000000000000
60.000000000000000,10.000000000000000,0.0000000000000000
61.000000000000000,10.000000000000000,0.0000000000000000
62.000000000000000,10.000000000000000,0.0000000000000000
63.000000000000000,10.000000000000000,0.0000000000000000
64.000000000000000,10.000000000000000,0.0000000000000000
65.000000000000000,10.000000000000000,0.0000000000000000
66.000000000000000,10.000000000000000,0.0000000000000000
67.000000000000000,10.000000000000000,0.0000000000000000
68.000000000000000,10.000000000000000,0.0000000000000000
69.000000000000000,10.000000000000000,0.0000000000000000
70.000000000000000,10.000000000000000,0.0000000000000000
71.000000000000000,10.000000000000000,0.0000000000000000
72.000000000000000,10.000000000000000,0.0000000000000000
73.000000000000000,10.000000000000000,0.0000000000000000
74.000000000000000,10.000000000000000,0.0000000000000000
75.000000000000000,10.000000000000000,0.0000000000000000
76.000000000000000,10.000000000000000,0.0000000000000000
77.000000000000000,10.000000000000000,0.0000000000000000
78.000000000000000,10.000000000000000,0.0000000000000000
79.000000000000000,10.000000000000000,0.0000000000000000
80.000000000000000,10.000000000000000,0.0000000000000000
81.000000000000000,10.000000000000000,0.0000000000000000
82.000000000000000,10.000000000000000,0.0000000000000000
83.000000000000000,10.000000000000000,0.0000000000000000
84.000000000000000,10.000000000000000,0.0000000000000000
85.000000000000000,10.000000000000000,0.0000000000000000
86.000000000000000,10.000000000000000,0.0000000000000000
87.000000000000000,10.000000000000000,0.0000000000000000
88.000000000000000,10.000000000000000,0.0000000000000000
89.000000000000000,10.000000000000000,0.0000000000000000
90.000000000000000,10.000000000000000,0.0000000000000000
91.000000000000000,10.000000000000000,0.0000000000000000
92.000000000000000,10.000000000000000,0.0000000000000000
93.000000000000000,10.000000000000000,0.0000000000000000
94.000000000000000,10.000000000000000,0.0000000000000000
95.000000000000000,10.000000000000000,0.0000000000000000
96.000000000000000,10.000000000000000,0.0000000000000000
97.000000000000000,10.000000000000000,0.0000000000000000
98.000000000000000,10.000000000000000,0.0000000000000000
99.000000000000000,10.000000000000000,0.0000000000000000
100.00000000000000,10.000000000000000,0.0000000000000000
101.00000000000000,10.000000000000000,0.0000000000000000
102.00000000000000,10.000000000000000,0.0000000000000000
103.00000000000000,10.000000000000000,0.0000000000000000
104.00000000000000,10.000000000000000,0.0000000000000000
105.00000000000000,10.000000000000000,0.0000000000000000
106.00000000000000,10.000000000000000,0.0000000000000000
107.00000000000000,10.000000000000000,0.0000000000000000
108.00000000000000,10.000000000000000,0.0000000000000000
109.00000000000000,10.000000000000000,0.0000000000000000
110.00000000000000,10.000000000000000,0.0000000000000000
111.00000000000000,10.000000000000000,0.0000000000000000
112.00000000000000,10.000000000000000,0.0000000000000000
113.00000000000000,10.000000000000000,0.0000000000000000
1.0000000000000000,11.000000000000000,0.0000000000000000
2.0000000000000000,11.000000000000000,0.40000000596046448
3.0000000000000000,11.000000000000000,0.30000001192092896
4.0000000000000000,11.000000000000000,0.30000001192092896
5.0000000000000000,11.000000000000000,0.30000001192092896
6.0000000000000000,11.000000000000000,0.20000000298023224
7.0000000000000000,11.000000000000000,0.20000000298023224
8.0000000000000000,11.000000000000000,0.20000000298023224
9.0000000000000000,11.000000000000000,0.0000000000000000
10.000000000000000,11.000000000000000,0.0000000000000000
11.000000000000000,11.000000000000000,0.0000000000000000
12.000000000000000,11.000000000000000,0.0000000000000000
13.000000000000000,11.000000000000000,0.0000000000000000
14.000000000000000,11.000000000000000,0.0000000000000000
15.000000000000000,11.000000000000000,0.0000000000000000
16.000000000000000,11.000000000000000,0.0000000000000000
17.000000000000000,11.000000000000000,0.0000000000000000
18.000000000000000,11.000000000000000,0.0000000000000000
19.000000000000000,11.000000000000000,0.0000000000000000
20.000000000000000,11.000000000000000,0.0000000000000000
21.000000000000000,11.000000000000000,0.0000000000000000
22.000000000000000,11.000000000000000,0.0000000000000000
23.000000000000000,11.000000000000000,0.0000000000000000
24.000000000000000,11.000000000000000,0.0000000000000000
25.000000000000000,11.000000000000000,0.0000000000000000
26.000000000000000,11.000000000000000,0.0000000000000000
27.000000000000000,11.000000000000000,0.0000000000000000
28.000000000000000,11.000000000000000,0.0000000000000000
29.000000000000000,11.000000000000000,0.0000000000000000
30.000000000000000,11.000000000000000,0.0000000000000000
31.000000000000000,11.000000000000000,0.0000000000000000
32.000000000000000,11.000000000000000,0.0000000000000000
33.000000000000000,11.000000000000000,0.0000000000000000
34.000000000000000,11.000000000000000,0.0000000000000000
35.000000000000000,11.000000000000000,0.0000000000000000
36.000000000000000,11.000000000000000,0.0000000000000000
37.000000000000000,11.000000000000000,0.0000000000000000
38.000000000000000,11.000000000000000,0.0000000000000000
39.000000000000000,11.000000000000000,0.0000000000000000
40.000000000000000,11.000000000000000,0.0000000000000000
41.000000000000000,11.000000000000000,0.0000000000000000
42.000000000000000,11.000000000000000,0.20000000298023224
43.000000000000000,11.000000000000000,0.20000000298023224
44.000000000000000,11.000000000000000,0.20000000298023224
45.000000000000000,11.000000000000000,0.30000001192092896
46.000000000000000,11.000000000000000,0.30000001192092896
47.000000000000000,11.000000000000000,0.30000001192092896
48.000000000000000,11.000000000000000,0.30000001192092896
49.000000000000000,11.000000000000000,0.30000001192092896
50.000000000000000,11.000000000000000,0.30000001192092896
51.000000000000000,11.000000000000000,0.30000001192092896
52.000000000000000,11.000000000000000,0.30000001192092896
53.000000000000000,11.000000000000000,0.30000001192092896
54.000000000000000,11.000000000000000,0.30000001192092896
55.000000000000000,11.000000000000000,0.30000001192092896
56.000000000000000,11.000000000000000,0.30000001192092896
57.000000000000000,11.000000000000000,0.20000000298023224
58.000000000000000,11.000000000000000,0.20000000298023224
59.000000000000000,11.000000000000000,0.20000000298023224
60.000000000000000,11.000000000000000,0.0000000000000000
61.000000000000000,11.000000000000000,0.0000000000000000
62.000000000000000,11.000000000000000,0.0000000000000000
63.000000000000000,11.000000000000000,0.0000000000000000
64.000000000000000,11.000000000000000,0.0000000000000000
65.000000000000000,11.000000000000000,0.0000000000000000
66.000000000000000,11.000000000000000,0.0000000000000000
67.000000000000000,11.000000000000000,0.0000000000000000
68.000000000000000,11.000000000000000,0.0000000000000000
69.000000000000000,11.000000000000000,0.0000000000000000
70.000000000000000,11.000000000000000,0.0000000000000000
71.000000000000000,11.000000000000000,0.0000000000000000
72.000000000000000,11.000000000000000,0.0000000000000000
73.000000000000000,11.000000000000000,0.0000000000000000
74.000000000000000,11.000000000000000,0.0000000000000000
75.000000000000000,11.000000000000000,0.0000000000000000
76.000000000000000,11.000000000000000,0.0000000000000000
77.000000000000000,11.000000000000000,0.0000000000000000
78.000000000000000,11.000000000000000,0.0000000000000000
79.000000000000000,11.000000000000000,0.0000000000000000
80.000000000000000,11.000000000000000,0.0000000000000000
81.000000000000000,11.000000000000000,0.0000000000000000
82.000000000000000,11.000000000000000,0.0000000000000000
83.000000000000000,11.000000000000000,0.0000000000000000
84.000000000000000,11.000000000000000,0.0000000000000000
85.000000000000000,11.000000000000000,0.0000000000000000
86.000000000000000,11.000000000000000,0.0000000000000000
87.000000000000000,11.000000000000000,0.0000000000000000
88.000000000000000,11.000000000000000,0.0000000000000000
89.000000000000000,11.000000000000000,0.0000000000000000
90.000000000000000,11.000000000000000,0.0000000000000000
91.000000000000000,11.000000000000000,0.0000000000000000
92.000000000000000,11.000000000000000,0.0000000000000000
93.000000000000000,11.000000000000000,0.0000000000000000
94.000000000000000,11.000000000000000,0.0000000000000000
95.000000000000000,11.000000000000000,0.0000000000000000
96.000000000000000,11.000000000000000,0.0000000000000000
97.000000000000000,11.000000000000000,0.0000000000000000
98.000000000000000,11.000000000000000,0.0000000000000000
99.000000000000000,11.000000000000000,0.0000000000000000
100.00000000000000,11.000000000000000,0.0000000000000000
101.00000000000000,11.000000000000000,0.0000000000000000
102.00000000000000,11.000000000000000,0.0000000000000000
103.00000000000000,11.000000000000000,0.0000000000000000
104.00000000000000,11.000000000000000,0.0000000000000000
105.00000000000000,11.000000000000000,0.0000000000000000
106.00000000000000,11.000000000000000,0.0000000000000000
107.00000000000000,11.000000000000000,0.0000000000000000
108.00000000000000,11.000000000000000,0.0000000000000000
109.00000000000000,11.000000000000000,0.0000000000000000
110.00000000000000,11.000000000000000,0.0000000000000000
111.00000000000000,11.000000000000000,0.0000000000000000
112.00000000000000,11.000000000000000,0.0000000000000000
113.00000000000000,11.000000000000000,0.0000000000000000
1.0000000000000000,12.000000000000000,0.0000000000000000
2.0000000000000000,12.000000000000000,0.40000000596046448
3.0000000000000000,12.000000000000000,0.30000001192092896
4.0000000000000000,12.000000000000000,0.30000001192092896
5.0000000000000000,12.000000000000000,0.30000001192092896
6.0000000000000000,12.000000000000000,0.20000000298023224
7.0000000000000000,12.000000000000000,0.20000000298023224
8.0000000000000000,12.000000000000000,0.20000000298023224
9.0000000000000000,12.000000000000000,0.0000000000000000
10.000000000000000,12.000000000000000,0.0000000000000000
11.000000000000000,12.000000000000000,0.0000000000000000
12.000000000000000,12.000000000000000,0.0000000000000000
13.000000000000000,12.000000000000000,0.0000000000000000
14.000000000000000,12.000000000000000,0.0000000000000000
15.000000000000000,12.000000000000000,0.0000000000000000
16.000000000000000,12.000000000000000,0.0000000000000000
17.000000000000000,12.000000000000000,0.0000000000000000
18.000000000000000,12.000000000000000,0.0000000000000000
19.000000000000000,12.000000000000000,0.0000000000000000
20.000000000000000,12.000000000000000,0.0000000000000000
21.000000000000000,12.000000000000000,0.0000000000000000
22.000000000000000,12.000000000000000,0.0000000000000000
23.000000000000000,12.000000000000000,0.0000000000000000
24.000000000000000,12.000000000000000,0.0000000000000000
25.000000000000000,12.000000000000000,0.0000000000000000
26.000000000000000,12.000000000000000,0.0000000000000000
27.000000000000000,12.000000000000000,0.0000000000000000
28.000000000000000,12.000000000000000,0.0000000000000000
29.000000000000000,12.000000000000000,0.0000000000000000
30.000000000000000,12.000000000000000,0.0000000000000000
31.000000000000000,12.000000000000000,0.0000000000000000
32.000000000000000,12.000000000000000,0.0000000000000000
33.000000000000000,12.000000000000000,0.0000000000000000
34.000000000000000,12.000000000000000,0.0000000000000000
35.000000000000000,12.000000000000000,0.0000000000000000
36.000000000000000,12.000000000000000,0.0000000000000000
37.000000000000000,12.000000000000000,0.0000000000000000
38.000000000000000,12.000000000000000,0.0000000000000000
39.000000000000000,12.000000000000000,0.0000000000000000
40.000000000000000,12.000000000000000,0.0000000000000000
41.000000000000000,12.000000000000000,0.0000000000000000
42.000000000000000,12.000000000000000,0.20000000298023224
43.000000000000000,12.000000000000000,0.20000000298023224
44.000000000000000,12.000000000000000,0.20000000298023224
45.000000000000000,12.000000000000000,0.30000001192092896
46.000000000000000,12.000000000000000,0.30000001192092896
47.000000000000000,12.000000000000000,0.30000001192092896
48.000000000000000,12.000000000000000,0.30000001192092896
49.000000000000000,12.000000000000000,0.30000001192092896
50.000000000000000,12.000000000000000,0.30000001192092896
51.000000000000000,12.000000000000000,0.30000001192092896
52.000000000000000,12.000000000000000,0.30000001192092896
53.000000000000000,12.000000000000000,0.30000001192092896
54.000000000000000,12.000000000000000,0.30000001192092896
55.000000000000000,12.000000000000000,0.30000001192092896
56.000000000000000,12.000000000000000,0.30000001192092896
57.000000000000000,12.000000000000000,0.20000000298023224
58.000000000000000,12.000000000000000,0.20000000298023224
59.000000000000000,12.000000000000000,0.20000000298023224
60.000000000000000,12.000000000000000,0.0000000000000000
61.000000000000000,12.000000000000000,0.0000000000000000
62.000000000000000,12.000000000000000,0.0000000000000000
63.000000000000000,12.000000000000000,0.0000000000000000
64.000000000000000,12.000000000000000,0.0000000000000000
65.000000000000000,12.000000000000000,0.0000000000000000
66.000000000000000,12.000000000000000,0.0000000000000000
67.000000000000000,12.000000000000000,0.0000000000000000
68.000000000000000,12.000000000000000,0.0000000000000000
69.000000000000000,12.000000000000000,0.0000000000000000
70.000000000000000,12.000000000000000,0.0000000000000000
71.000000000000000,12.000000000000000,0.0000000000000000
72.000000000000000,12.000000000000000,0.0000000000000000
73.000000000000000,12.000000000000000,0.0000000000000000
74.000000000000000,12.000000000000000,0.0000000000000000
75.000000000000000,12.000000000000000,0.0000000000000000
76.000000000000000,12.000000000000000,0.0000000000000000
77.000000000000000,12.000000000000000,0.0000000000000000
78.000000000000000,12.000000000000000,0.0000000000000000
79.000000000000000,12.000000000000000,0.0000000000000000
80.000000000000000,12.000000000000000,0.0000000000000000
81.000000000000000,12.000000000000000,0.0000000000000000
82.000000000000000,12.000000000000000,0.0000000000000000
83.000000000000000,12.000000000000000,0.0000000000000000
84.000000000000000,12.000000000000000,0.0000000000000000
85.000000000000000,12.000000000000000,0.0000000000000000
86.000000000000000,12.000000000000000,0.0000000000000000
87.000000000000000,12.000000000000000,0.0000000000000000
88.000000000000000,12.000000000000000,0.0000000000000000
89.000000000000000,12.000000000000000,0.0000000000000000
90.000000000000000,12.000000000000000,0.0000000000000000
91.000000000000000,12.000000000000000,0.0000000000000000
92.000000000000000,12.000000000000000,0.0000000000000000
93.000000000000000,12.000000000000000,0.0000000000000000
94.000000000000000,12.000000000000000,0.0000000000000000
95.000000000000000,12.000000000000000,0.0000000000000000
96.000000000000000,12.000000000000000,0.0000000000000000
97.000000000000000,12.000000000000000,0.0000000000000000
98.000000000000000,12.000000000000000,0.0000000000000000
99.000000000000000,12.000000000000000,0.0000000000000000
100.00000000000000,12.000000000000000,0.0000000000000000
101.00000000000000,12.000000000000000,0.0000000000000000
102.00000000000000,12.000000000000000,0.0000000000000000
103.00000000000000,12.000000000000000,0.0000000000000000
104.00000000000000,12.000000000000000,0.0000000000000000
105.00000000000000,12.000000000000000,0.0000000000000000
106.00000000000000,12.000000000000000,0.0000000000000000
107.00000000000000,12.000000000000000,0.0000000000000000
108.00000000000000,12.000000000000000,0.0000000000000000
109.00000000000000,12.000000000000000,0.0000000000000000
110.00000000000000,12.000000000000000,0.0000000000000000
111.00000000000000,12.000000000000000,0.0000000000000000
112.00000000000000,12.000000000000000,0.0000000000000000
113.00000000000000,12.000000000000000,0.0000000000000000
1.0000000000000000,13.000000000000000,0.0000000000000000
2.0000000000000000,13.000000000000000,0.40000000596046448
3.0000000000000000,13.000000000000000,0.30000001192092896
4.0000000000000000,13.000000000000000,0.30000001192092896
5.0000000000000000,13.000000000000000,0.30000001192092896
6.0000000000000000,13.000000000000000,0.20000000298023224
7.0000000000000000,13.000000000000000,0.20000000298023224
8.0000000000000000,13.000000000000000,0.20000000298023224
9.0000000000000000,13.000000000000000,0.0000000000000000
10.000000000000000,13.000000000000000,0.0000000000000000
11.000000000000000,13.000000000000000,0.0000000000000000
12.000000000000000,13.000000000000000,0.0000000000000000
13.000000000000000,13.000000000000000,0.0000000000000000
14.000000000000000,13.000000000000000,0.0000000000000000
15.000000000000000,13.000000000000000,0.0000000000000000
16.000000000000000,13.000000000000000,0.0000000000000000
17.000000000000000,13.000000000000000,0.0000000000000000
18.000000000000000,13.000000000000000,0.0000000000000000
19.000000000000000,13.000000000000000,0.0000000000000000
20.000000000000000,13.000000000000000,0.0000000000000000
21.000000000000000,13.000000000000000,0.0000000000000000
22.000000000000000,13.000000000000000,0.0000000000000000
23.000000000000000,13.000000000000000,0.0000000000000000
24.000000000000000,13.000000000000000,0.0000000000000000
25.000000000000000,13.000000000000000,0.0000000000000000
26.000000000000000,13.000000000000000,0.0000000000000000
27.000000000000000,13.000000000000000,0.0000000000000000
28.000000000000000,13.000000000000000,0.0000000000000000
29.000000000000000,13.000000000000000,0.0000000000000000
30.000000000000000,13.000000000000000,0.0000000000000000
31.000000000000000,13.000000000000000,0.0000000000000000
32.000000000000000,13.000000000000000,0.0000000000000000
33.000000000000000,13.000000000000000,0.0000000000000000
34.000000000000000,13.000000000000000,0.0000000000000000
35.000000000000000,13.000000000000000,0.0000000000000000
36.000000000000000,13.000000000000000,0.0000000000000000
37.000000000000000,13.000000000000000,0.0000000000000000
38.000000000000000,13.000000000000000,0.0000000000000000
39.000000000000000,13.000000000000000,0.0000000000000000
40.000000000000000,13.000000000000000,0.0000000000000000
41.000000000000000,13.000000000000000,0.0000000000000000
42.000000000000000,13.000000000000000,0.20000000298023224
43.000000000000000,13.000000000000000,0.20000000298023224
44.000000000000000,13.000000000000000,0.20000000298023224
45.000000000000000,13.000000000000000,0.30000001192092896
46.000000000000000,13.000000000000000,0.30000001192092896
47.000000000000000,13.000000000000000,0.30000001192092896
48.000000000000000,13.000000000000000,0.30000001192092896
49.000000000000000,13.000000000000000,0.30000001192092896
50.000000000000000,13.000000000000000,0.30000001192092896
51.000000000000000,13.000000000000000,0.30000001192092896
52.000000000000000,13.000000000000000,0.30000001192092896
53.000000000000000,13.000000000000000,0.30000001192092896
54.000000000000000,13.000000000000000,0.30000001192092896
55.000000000000000,13.000000000000000,0.30000001192092896
56.000000000000000,13.000000000000000,0.30000001192092896
57.000000000000000,13.000000000000000,0.20000000298023224
58.000000000000000,13.000000000000000,0.20000000298023224
59.000000000000000,13.000000000000000,0.20000000298023224
60.000000000000000,13.000000000000000,0.0000000000000000
61.000000000000000,13.000000000000000,0.0000000000000000
62.000000000000000,13.000000000000000,0.0000000000000000
63.000000000000000,13.000000000000000,0.0000000000000000
64.000000000000000,13.000000000000000,0.0000000000000000
65.000000000000000,13.000000000000000,0.0000000000000000
66.000000000000000,13.000000000000000,0.0000000000000000
67.000000000000000,13.000000000000000,0.0000000000000000
68.000000000000000,13.000000000000000,0.0000000000000000
69.000000000000000,13.000000000000000,0.0000000000000000
70.000000000000000,13.000000000000000,0.0000000000000000
71.000000000000000,13.000000000000000,0.0000000000000000
72.000000000000000,13.000000000000000,0.0000000000000000
73.000000000000000,13.000000000000000,0.0000000000000000
74.000000000000000,13.000000000000000,0.0000000000000000
75.000000000000000,13.000000000000000,0.0000000000000000
76.000000000000000,13.000000000000000,0.0000000000000000
77.000000000000000,13.000000000000000,0.0000000000000000
78.000000000000000,13.000000000000000,0.0000000000000000
79.000000000000000,13.000000000000000,0.0000000000000000
80.000000000000000,13.000000000000000,0.0000000000000000
81.000000000000000,13.000000000000000,0.0000000000000000
82.000000000000000,13.000000000000000,0.0000000000000000
83.000000000000000,13.000000000000000,0.0000000000000000
84.000000000000000,13.000000000000000,0.0000000000000000
85.000000000000000,13.000000000000000,0.0000000000000000
86.000000000000000,13.000000000000000,0.0000000000000000
87.000000000000000,13.000000000000000,0.0000000000000000
88.000000000000000,13.000000000000000,0.0000000000000000
89.000000000000000,13.000000000000000,0.0000000000000000
90.000000000000000,13.000000000000000,0.0000000000000000
91.000000000000000,13.000000000000000,0.0000000000000000
92.000000000000000,13.000000000000000,0.0000000000000000
93.000000000000000,13.000000000000000,0.0000000000000000
94.000000000000000,13.000000000000000,0.0000000000000000
95.000000000000000,13.000000000000000,0.0000000000000000
96.000000000000000,13.000000000000000,0.0000000000000000
97.000000000000000,13.000000000000000,0.0000000000000000
98.000000000000000,13.000000000000000,0.0000000000000000
99.000000000000000,13.000000000000000,0.0000000000000000
100.00000000000000,13.000000000000000,0.0000000000000000
101.00000000000000,13.000000000000000,0.0000000000000000
102.00000000000000,13.000000000000000,0.0000000000000000
103.00000000000000,13.000000000000000,0.0000000000000000
104.00000000000000,13.000000000000000,0.0000000000000000
105.00000000000000,13.000000000000000,0.0000000000000000
106.00000000000000,13.000000000000000,0.0000000000000000
107.00000000000000,13.000000000000000,0.0000000000000000
108.00000000000000,13.000000000000000,0.0000000000000000
109.00000000000000,13.000000000000000,0.0000000000000000
110.00000000000000,13.000000000000000,0.0000000000000000
111.00000000000000,13.000000000000000,0.0000000000000000
112.00000000000000,13.000000000000000,0.0000000000000000
113.00000000000000,13.000000000000000,0.0000000000000000
1.0000000000000000,14.000000000000000,0.0000000000000000
2.0000000000000000,14.000000000000000,0.60000002384185791
3.0000000000000000,14.000000000000000,0.50000000000000000
4.0000000000000000,14.000000000000000,0.50000000000000000
5.0000000000000000,14.000000000000000,0.50000000000000000
6.0000000000000000,14.000000000000000,0.30000001192092896
7.0000000000000000,14.000000000000000,0.30000001192092896
8.0000000000000000,14.000000000000000,0.30000001192092896
9.0000000000000000,14.000000000000000,0.20000000298023224
10.000000000000000,14.000000000000000,0.20000000298023224
11.000000000000000,14.000000000000000,0.20000000298023224
12.000000000000000,14.000000000000000,0.0000000000000000
13.000000000000000,14.000000000000000,0.0000000000000000
14.000000000000000,14.000000000000000,0.0000000000000000
15.000000000000000,14.000000000000000,0.0000000000000000
16.000000000000000,14.000000000000000,0.0000000000000000
17.000000000000000,14.000000000000000,0.0000000000000000
18.000000000000000,14.000000000000000,0.0000000000000000
19.000000000000000,14.000000000000000,0.0000000000000000
20.000000000000000,14.000000000000000,0.0000000000000000
21.000000000000000,14.000000000000000,0.0000000000000000
22.000000000000000,14.000000000000000,0.0000000000000000
23.000000000000000,14.000000000000000,0.0000000000000000
24.000000000000000,14.000000000000000,0.0000000000000000
25.000000000000000,14.000000000000000,0.0000000000000000
26.000000000000000,14.000000000000000,0.0000000000000000
27.000000000000000,14.000000000000000,0.0000000000000000
28.000000000000000,14.000000000000000,0.0000000000000000
29.000000000000000,14.000000000000000,0.0000000000000000
30.000000000000000,14.000000000000000,0.0000000000000000
31.000000000000000,14.000000000000000,0.0000000000000000
32.000000000000000,14.000000000000000,0.0000000000000000
33.000000000000000,14.000000000000000,0.0000000000000000
34.000000000000000,14.000000000000000,0.0000000000000000
35.000000000000000,14.000000000000000,0.0000000000000000
36.000000000000000,14.000000000000000,0.10000000149011612
37.000000000000000,14.000000000000000,0.10000000149011612
38.000000000000000,14.000000000000000,0.10000000149011612
39.000000000000000,14.000000000000000,0.10000000149011612
40.000000000000000,14.000000000000000,0.10000000149011612
41.000000000000000,14.000000000000000,0.10000000149011612
42.000000000000000,14.000000000000000,0.10000000149011612
43.000000000000000,14.000000000000000,0.10000000149011612
44.000000000000000,14.000000000000000,0.10000000149011612
45.000000000000000,14.000000000000000,0.30000001192092896
46.000000000000000,14.000000000000000,0.30000001192092896
47.000000000000000,14.000000000000000,0.30000001192092896
48.000000000000000,14.000000000000000,0.30000001192092896
49.000000000000000,14.000000000000000,0.30000001192092896
50.000000000000000,14.000000000000000,0.30000001192092896
51.000000000000000,14.000000000000000,0.30000001192092896
52.000000000000000,14.000000000000000,0.30000001192092896
53.000000000000000,14.000000000000000,0.30000001192092896
54.000000000000000,14.000000000000000,0.30000001192092896
55.000000000000000,14.000000000000000,0.30000001192092896
56.000000000000000,14.000000000000000,0.30000001192092896
57.000000000000000,14.000000000000000,0.30000001192092896
58.000000000000000,14.000000000000000,0.30000001192092896
59.000000000000000,14.000000000000000,0.30000001192092896
60.000000000000000,14.000000000000000,0.10000000149011612
61.000000000000000,14.000000000000000,0.10000000149011612
62.000000000000000,14.000000000000000,0.10000000149011612
63.000000000000000,14.000000000000000,0.0000000000000000
64.000000000000000,14.000000000000000,0.0000000000000000
65.000000000000000,14.000000000000000,0.0000000000000000
66.000000000000000,14.000000000000000,0.0000000000000000
67.000000000000000,14.000000000000000,0.0000000000000000
68.000000000000000,14.000000000000000,0.0000000000000000
69.000000000000000,14.000000000000000,0.0000000000000000
70.000000000000000,14.000000000000000,0.0000000000000000
71.000000000000000,14.000000000000000,0.0000000000000000
72.000000000000000,14.000000000000000,0.0000000000000000
73.000000000000000,14.000000000000000,0.0000000000000000
74.000000000000000,14.000000000000000,0.0000000000000000
75.000000000000000,14.000000000000000,0.0000000000000000
76.000000000000000,14.000000000000000,0.0000000000000000
77.000000000000000,14.000000000000000,0.0000000000000000
78.000000000000000,14.000000000000000,0.0000000000000000
79.000000000000000,14.000000000000000,0.0000000000000000
80.000000000000000,14.000000000000000,0.0000000000000000
81.000000000000000,14.000000000000000,0.0000000000000000
82.000000000000000,14.000000000000000,0.0000000000000000
83.000000000000000,14.000000000000000,0.0000000000000000
84.000000000000000,14.000000000000000,0.0000000000000000
85.000000000000000,14.000000000000000,0.0000000000000000
86.000000000000000,14.000000000000000,0.0000000000000000
87.000000000000000,14.000000000000000,0.0000000000000000
88.000000000000000,14.000000000000000,0.0000000000000000
89.000000000000000,14.000000000000000,0.0000000000000000
90.000000000000000,14.000000000000000,0.0000000000000000
91.000000000000000,14.000000000000000,0.0000000000000000
92.000000000000000,14.000000000000000,0.0000000000000000
93.000000000000000,14.000000000000000,0.0000000000000000
94.000000000000000,14.000000000000000,0.0000000000000000
95.000000000000000,14.000000000000000,0.0000000000000000
96.000000000000000,14.000000000000000,0.0000000000000000
97.000000000000000,14.000000000000000,0.0000000000000000
98.000000000000000,14.000000000000000,0.0000000000000000
99.000000000000000,14.000000000000000,0.0000000000000000
100.00000000000000,14.000000000000000,0.0000000000000000
101.00000000000000,14.000000000000000,0.0000000000000000
102.00000000000000,14.000000000000000,0.0000000000000000
103.00000000000000,14.000000000000000,0.0000000000000000
104.00000000000000,14.000000000000000,0.0000000000000000
105.00000000000000,14.000000000000000,0.0000000000000000
106.00000000000000,14.000000000000000,0.0000000000000000
107.00000000000000,14.000000000000000,0.0000000000000000
108.00000000000000,14.000000000000000,0.0000000000000000
109.00000000000000,14.000000000000000,0.0000000000000000
110.00000000000000,14.000000000000000,0.0000000000000000
111.00000000000000,14.000000000000000,0.0000000000000000
112.00000000000000,14.000000000000000,0.0000000000000000
113.00000000000000,14.000000000000000,0.0000000000000000
1.0000000000000000,15.000000000000000,0.0000000000000000
2.0000000000000000,15.000000000000000,0.60000002384185791
3.0000000000000000,15.000000000000000,0.50000000000000000
4.0000000000000000,15.000000000000000,0.50000000000000000
5.0000000000000000,15.000000000000000,0.50000000000000000
6.0000000000000000,15.000000000000000,0.30000001192092896
7.0000000000000000,15.000000000000000,0.30000001192092896
8.0000000000000000,15.000000000000000,0.30000001192092896
9.0000000000000000,15.000000000000000,0.20000000298023224
10.000000000000000,15.000000000000000,0.20000000298023224
11.000000000000000,15.000000000000000,0.20000000298023224
12.000000000000000,15.000000000000000,0.0000000000000000
13.000000000000000,15.000000000000000,0.0000000000000000
14.000000000000000,15.000000000000000,0.0000000000000000
15.000000000000000,15.000000000000000,0.0000000000000000
16.000000000000000,15.000000000000000,0.0000000000000000
17.000000000000000,15.000000000000000,0.0000000000000000
18.000000000000000,15.000000000000000,0.0000000000000000
19.000000000000000,15.000000000000000,0.0000000000000000
20.000000000000000,15.000000000000000,0.0000000000000000
21.000000000000000,15.000000000000000,0.0000000000000000
22.000000000000000,15.000000000000000,0.0000000000000000
23.000000000000000,15.000000000000000,0.0000000000000000
24.000000000000000,15.000000000000000,0.0000000000000000
25.000000000000000,15.000000000000000,0.0000000000000000
26.000000000000000,15.000000000000000,0.0000000000000000
27.000000000000000,15.000000000000000,0.0000000000000000
28.000000000000000,15.000000000000000,0.0000000000000000
29.000000000000000,15.000000000000000,0.0000000000000000
30.000000000000000,15.000000000000000,0.0000000000000000
31.000000000000000,15.000000000000000,0.0000000000000000
32.000000000000000,15.000000000000000,0.0000000000000000
33.000000000000000,15.000000000000000,0.0000000000000000
34.000000000000000,15.000000000000000,0.0000000000000000
35.000000000000000,15.000000000000000,0.0000000000000000
36.000000000000000,15.000000000000000,0.10000000149011612
37.000000000000000,15.000000000000000,0.10000000149011612
38.000000000000000,15.000000000000000,0.10000000149011612
39.000000000000000,15.000000000000000,0.10000000149011612
40.000000000000000,15.000000000000000,0.10000000149011612
41.000000000000000,15.000000000000000,0.10000000149011612
42.000000000000000,15.000000000000000,0.10000000149011612
43.000000000000000,15.000000000000000,0.10000000149011612
44.000000000000000,15.000000000000000,0.10000000149011612
45.000000000000000,15.000000000000000,0.30000001192092896
46.000000000000000,15.000000000000000,0.30000001192092896
47.000000000000000,15.000000000000000,0.30000001192092896
48.000000000000000,15.000000000000000,0.30000001192092896
49.000000000000000,15.000000000000000,0.30000001192092896
50.000000000000000,15.000000000000000,0.30000001192092896
51.000000000000000,15.000000000000000,0.30000001192092896
52.000000000000000,15.000000000000000,0.30000001192092896
53.000000000000000,15.000000000000000,0.30000001192092896
54.000000000000000,15.000000000000000,0.30000001192092896
55.000000000000000,15.000000000000000,0.30000001192092896
56.000000000000000,15.000000000000000,0.30000001192092896
57.000000000000000,15.000000000000000,0.30000001192092896
58.000000000000000,15.000000000000000,0.30000001192092896
59.000000000000000,15.000000000000000,0.30000001192092896
60.000000000000000,15.000000000000000,0.10000000149011612
61.000000000000000,15.000000000000000,0.10000000149011612
62.000000000000000,15.000000000000000,0.10000000149011612
63.000000000000000,15.000000000000000,0.0000000000000000
64.000000000000000,15.000000000000000,0.0000000000000000
65.000000000000000,15.000000000000000,0.0000000000000000
66.000000000000000,15.000000000000000,0.0000000000000000
67.000000000000000,15.000000000000000,0.0000000000000000
68.000000000000000,15.000000000000000,0.0000000000000000
69.000000000000000,15.000000000000000,0.0000000000000000
70.000000000000000,15.000000000000000,0.0000000000000000
71.000000000000000,15.000000000000000,0.0000000000000000
72.000000000000000,15.000000000000000,0.0000000000000000
73.000000000000000,15.000000000000000,0.0000000000000000
74.000000000000000,15.000000000000000,0.0000000000000000
75.000000000000000,15.000000000000000,0.0000000000000000
76.000000000000000,15.000000000000000,0.0000000000000000
77.000000000000000,15.000000000000000,0.0000000000000000
78.000000000000000,15.000000000000000,0.0000000000000000
79.000000000000000,15.000000000000000,0.0000000000000000
80.000000000000000,15.000000000000000,0.0000000000000000
81.000000000000000,15.000000000000000,0.0000000000000000
82.000000000000000,15.000000000000000,0.0000000000000000
83.000000000000000,15.000000000000000,0.0000000000000000
84.000000000000000,15.000000000000000,0.0000000000000000
85.000000000000000,15.000000000000000,0.0000000000000000
86.000000000000000,15.000000000000000,0.0000000000000000
87.000000000000000,15.000000000000000,0.0000000000000000
88.000000000000000,15.000000000000000,0.0000000000000000
89.000000000000000,15.000000000000000,0.0000000000000000
90.000000000000000,15.000000000000000,0.0000000000000000
91.000000000000000,15.000000000000000,0.0000000000000000
92.000000000000000,15.000000000000000,0.0000000000000000
93.000000000000000,15.000000000000000,0.0000000000000000
94.000000000000000,15.000000000000000,0.0000000000000000
95.000000000000000,15.000000000000000,0.0000000000000000
96.000000000000000,15.000000000000000,0.0000000000000000
97.000000000000000,15.000000000000000,0.0000000000000000
98.000000000000000,15.000000000000000,0.0000000000000000
99.000000000000000,15.000000000000000,0.0000000000000000
100.00000000000000,15.000000000000000,0.0000000000000000
101.00000000000000,15.000000000000000,0.0000000000000000
102.00000000000000,15.000000000000000,0.0000000000000000
103.00000000000000,15.000000000000000,0.0000000000000000
104.00000000000000,15.000000000000000,0.0000000000000000
105.00000000000000,15.000000000000000,0.0000000000000000
106.00000000000000,15.000000000000000,0.0000000000000000
107.00000000000000,15.000000000000000,0.0000000000000000
108.00000000000000,15.000000000000000,0.0000000000000000
109.00000000000000,15.000000000000000,0.0000000000000000
110.00000000000000,15.000000000000000,0.0000000000000000
111.00000000000000,15.000000000000000,0.0000000000000000
112.00000000000000,15.000000000000000,0.0000000000000000
113.00000000000000,15.000000000000000,0.0000000000000000
1.0000000000000000,16.000000000000000,0.0000000000000000
2.0000000000000000,16.000000000000000,0.60000002384185791
3.0000000000000000,16.000000000000000,0.50000000000000000
4.0000000000000000,16.000000000000000,0.50000000000000000
5.0000000000000000,16.000000000000000,0.50000000000000000
6.0000000000000000,16.000000000000000,0.30000001192092896
7.0000000000000000,16.000000000000000,0.30000001192092896
8.0000000000000000,16.000000000000000,0.30000001192092896
9.0000000000000000,16.000000000000000,0.20000000298023224
10.000000000000000,16.000000000000000,0.20000000298023224
11.000000000000000,16.000000000000000,0.20000000298023224
12.000000000000000,16.000000000000000,0.0000000000000000
13.000000000000000,16.000000000000000,0.0000000000000000
14.000000000000000,16.000000000000000,0.0000000000000000
15.000000000000000,16.000000000000000,0.0000000000000000
16.000000000000000,16.000000000000000,0.0000000000000000
17.000000000000000,16.000000000000000,0.0000000000000000
18.000000000000000,16.000000000000000,0.0000000000000000
19.000000000000000,16.000000000000000,0.0000000000000000
20.000000000000000,16.000000000000000,0.0000000000000000
21.000000000000000,16.000000000000000,0.0000000000000000
22.000000000000000,16.000000000000000,0.0000000000000000
23.000000000000000,16.000000000000000,0.0000000000000000
24.000000000000000,16.000000000000000,0.0000000000000000
25.000000000000000,16.000000000000000,0.0000000000000000
26.000000000000000,16.000000000000000,0.0000000000000000
27.000000000000000,16.000000000000000,0.0000000000000000
28.000000000000000,16.000000000000000,0.0000000000000000
29.000000000000000,16.000000000000000,0.0000000000000000
30.000000000000000,16.000000000000000,0.0000000000000000
31.000000000000000,16.000000000000000,0.0000000000000000
32.000000000000000,16.000000000000000,0.0000000000000000
33.000000000000000,16.000000000000000,0.0000000000000000
34.000000000000000,16.000000000000000,0.0000000000000000
35.000000000000000,16.000000000000000,0.0000000000000000
36.000000000000000,16.000000000000000,0.10000000149011612
37.000000000000000,16.000000000000000,0.10000000149011612
38.000000000000000,16.000000000000000,0.10000000149011612
39.000000000000000,16.000000000000000,0.10000000149011612
40.000000000000000,16.000000000000000,0.10000000149011612
41.000000000000000,16.000000000000000,0.10000000149011612
42.000000000000000,16.000000000000000,0.10000000149011612
43.000000000000000,16.000000000000000,0.10000000149011612
44.000000000000000,16.000000000000000,0.10000000149011612
45.000000000000000,16.000000000000000,0.30000001192092896
46.000000000000000,16.000000000000000,0.30000001192092896
47.000000000000000,16.000000000000000,0.30000001192092896
48.000000000000000,16.000000000000000,0.30000001192092896
49.000000000000000,16.000000000000000,0.30000001192092896
50.000000000000000,16.000000000000000,0.30000001192092896
51.000000000000000,16.000000000000000,0.30000001192092896
52.000000000000000,16.000000000000000,0.30000001192092896
53.000000000000000,16.000000000000000,0.30000001192092896
54.000000000000000,16.000000000000000,0.30000001192092896
55.000000000000000,16.000000000000000,0.30000001192092896
56.000000000000000,16.000000000000000,0.30000001192092896
57.000000000000000,16.000000000000000,0.30000001192092896
58.000000000000000,16.000000000000000,0.30000001192092896
59.000000000000000,16.000000000000000,0.30000001192092896
60.000000000000000,16.000000000000000,0.10000000149011612
61.000000000000000,16.000000000000000,0.10000000149011612
62.000000000000000,16.000000000000000,0.10000000149011612
63.000000000000000,16.000000000000000,0.0000000000000000
64.000000000000000,16.000000000000000,0.0000000000000000
65.000000000000000,16.000000000000000,0.0000000000000000
66.000000000000000,16.000000000000000,0.0000000000000000
67.000000000000000,16.000000000000000,0.0000000000000000
68.000000000000000,16.000000000000000,0.0000000000000000
69.000000000000000,16.000000000000000,0.0000000000000000
70.000000000000000,16.000000000000000,0.0000000000000000
71.000000000000000,16.000000000000000,0.0000000000000000
72.000000000000000,16.000000000000000,0.0000000000000000
73.000000000000000,16.000000000000000,0.0000000000000000
74.000000000000000,16.000000000000000,0.0000000000000000
75.000000000000000,16.000000000000000,0.0000000000000000
76.000000000000000,16.000000000000000,0.0000000000000000
77.000000000000000,16.000000000000000,0.0000000000000000
78.000000000000000,16.000000000000000,0.0000000000000000
79.000000000000000,16.000000000000000,0.0000000000000000
80.000000000000000,16.000000000000000,0.0000000000000000
81.000000000000000,16.000000000000000,0.0000000000000000
82.000000000000000,16.000000000000000,0.0000000000000000
83.000000000000000,16.000000000000000,0.0000000000000000
84.000000000000000,16.000000000000000,0.0000000000000000
85.000000000000000,16.000000000000000,0.0000000000000000
86.000000000000000,16.000000000000000,0.0000000000000000
87.000000000000000,16.000000000000000,0.0000000000000000
88.000000000000000,16.000000000000000,0.0000000000000000
89.000000000000000,16.000000000000000,0.0000000000000000
90.000000000000000,16.000000000000000,0.0000000000000000
91.000000000000000,16.000000000000000,0.0000000000000000
92.000000000000000,16.000000000000000,0.0000000000000000
93.000000000000000,16.000000000000000,0.0000000000000000
94.000000000000000,16.000000000000000,0.0000000000000000
95.000000000000000,16.000000000000000,0.0000000000000000
96.000000000000000,16.000000000000000,0.0000000000000000
97.000000000000000,16.000000000000000,0.0000000000000000
98.000000000000000,16.000000000000000,0.0000000000000000
99.000000000000000,16.000000000000000,0.0000000000000000
100.00000000000000,16.000000000000000,0.0000000000000000
101.00000000000000,16.000000000000000,0.0000000000000000
102.00000000000000,16.000000000000000,0.0000000000000000
103.00000000000000,16.000000000000000,0.0000000000000000
104.00000000000000,16.000000000000000,0.0000000000000000
105.00000000000000,16.000000000000000,0.0000000000000000
106.00000000000000,16.000000000000000,0.0000000000000000
107.00000000000000,16.000000000000000,0.0000000000000000
108.00000000000000,16.000000000000000,0.0000000000000000
109.00000000000000,16.000000000000000,0.0000000000000000
110.00000000000000,16.000000000000000,0.0000000000000000
111.00000000000000,16.000000000000000,0.0000000000000000
112.00000000000000,16.000000000000000,0.0000000000000000
113.00000000000000,16.000000000000000,0.0000000000000000
1.0000000000000000,17.000000000000000,0.0000000000000000
2.0000000000000000,17.000000000000000,0.60000002384185791
3.0000000000000000,17.000000000000000,0.60000002384185791
4.0000000000000000,17.000000000000000,0.60000002384185791
5.0000000000000000,17.000000000000000,0.60000002384185791
6.0000000000000000,17.000000000000000,0.40000000596046448
7.0000000000000000,17.000000000000000,0.40000000596046448
8.0000000000000000,17.000000000000000,0.40000000596046448
9.0000000000000000,17.000000000000000,0.30000001192092896
10.000000000000000,17.000000000000000,0.30000001192092896
11.000000000000000,17.000000000000000,0.30000001192092896
12.000000000000000,17.000000000000000,0.10000000149011612
13.000000000000000,17.000000000000000,0.10000000149011612
14.000000000000000,17.000000000000000,0.10000000149011612
15.000000000000000,17.000000000000000,0.0000000000000000
16.000000000000000,17.000000000000000,0.0000000000000000
17.000000000000000,17.000000000000000,0.0000000000000000
18.000000000000000,17.000000000000000,0.0000000000000000
19.000000000000000,17.000000000000000,0.0000000000000000
20.000000000000000,17.000000000000000,0.0000000000000000
21.000000000000000,17.000000000000000,0.0000000000000000
22.000000000000000,17.000000000000000,0.0000000000000000
23.000000000000000,17.000000000000000,0.0000000000000000
24.000000000000000,17.000000000000000,0.0000000000000000
25.000000000000000,17.000000000000000,0.0000000000000000
26.000000000000000,17.000000000000000,0.0000000000000000
27.000000000000000,17.000000000000000,0.0000000000000000
28.000000000000000,17.000000000000000,0.0000000000000000
29.000000000000000,17.000000000000000,0.0000000000000000
30.000000000000000,17.000000000000000,0.0000000000000000
31.000000000000000,17.000000000000000,0.0000000000000000
32.000000000000000,17.000000000000000,0.0000000000000000
33.000000000000000,17.000000000000000,0.0000000000000000
34.000000000000000,17.000000000000000,0.0000000000000000
35.000000000000000,17.000000000000000,0.0000000000000000
36.000000000000000,17.000000000000000,0.30000001192092896
37.000000000000000,17.000000000000000,0.30000001192092896
38.000000000000000,17.000000000000000,0.30000001192092896
39.000000000000000,17.000000000000000,0.20000000298023224
40.000000000000000,17.000000000000000,0.20000000298023224
41.000000000000000,17.000000000000000,0.20000000298023224
42.000000000000000,17.000000000000000,0.10000000149011612
43.000000000000000,17.000000000000000,0.10000000149011612
44.000000000000000,17.000000000000000,0.10000000149011612
45.000000000000000,17.000000000000000,0.30000001192092896
46.000000000000000,17.000000000000000,0.30000001192092896
47.000000000000000,17.000000000000000,0.30000001192092896
48.000000000000000,17.000000000000000,0.30000001192092896
49.000000000000000,17.000000000000000,0.30000001192092896
50.000000000000000,17.000000000000000,0.30000001192092896
51.000000000000000,17.000000000000000,0.40000000596046448
52.000000000000000,17.000000000000000,0.40000000596046448
53.000000000000000,17.000000000000000,0.40000000596046448
54.000000000000000,17.000000000000000,0.30000001192092896
55.000000000000000,17.000000000000000,0.30000001192092896
56.000000000000000,17.000000000000000,0.30000001192092896
57.000000000000000,17.000000000000000,0.30000001192092896
58.000000000000000,17.000000000000000,0.30000001192092896
59.000000000000000,17.000000000000000,0.30000001192092896
60.000000000000000,17.000000000000000,0.10000000149011612
61.000000000000000,17.000000000000000,0.10000000149011612
62.000000000000000,17.000000000000000,0.10000000149011612
63.000000000000000,17.000000000000000,0.0000000000000000
64.000000000000000,17.000000000000000,0.0000000000000000
65.000000000000000,17.000000000000000,0.0000000000000000
66.000000000000000,17.000000000000000,0.0000000000000000
67.000000000000000,17.000000000000000,0.0000000000000000
68.000000000000000,17.000000000000000,0.0000000000000000
69.000000000000000,17.000000000000000,0.0000000000000000
70.000000000000000,17.000000000000000,0.0000000000000000
71.000000000000000,17.000000000000000,0.0000000000000000
72.000000000000000,17.000000000000000,0.0000000000000000
73.000000000000000,17.000000000000000,0.0000000000000000
74.000000000000000,17.000000000000000,0.0000000000000000
75.000000000000000,17.000000000000000,0.0000000000000000
76.000000000000000,17.000000000000000,0.0000000000000000
77.000000000000000,17.000000000000000,0.0000000000000000
78.000000000000000,17.000000000000000,0.0000000000000000
79.000000000000000,17.000000000000000,0.0000000000000000
80.000000000000000,17.000000000000000,0.0000000000000000
81.000000000000000,17.000000000000000,0.0000000000000000
82.000000000000000,17.000000000000000,0.0000000000000000
83.000000000000000,17.000000000000000,0.0000000000000000
84.000000000000000,17.000000000000000,0.0000000000000000
85.000000000000000,17.000000000000000,0.0000000000000000
86.000000000000000,17.000000000000000,0.0000000000000000
87.000000000000000,17.000000000000000,0.0000000000000000
88.000000000000000,17.000000000000000,0.0000000000000000
89.000000000000000,17.000000000000000,0.0000000000000000
90.000000000000000,17.000000000000000,0.0000000000000000
91.000000000000000,17.000000000000000,0.0000000000000000
92.000000000000000,17.000000000000000,0.0000000000000000
93.000000000000000,17.000000000000000,0.0000000000000000
94.000000000000000,17.000000000000000,0.0000000000000000
95.000000000000000,17.000000000000000,0.0000000000000000
96.000000000000000,17.000000000000000,0.0000000000000000
97.000000000000000,17.000000000000000,0.0000000000000000
98.000000000000000,17.000000000000000,0.0000000000000000
99.000000000000000,17.000000000000000,0.0000000000000000
100.00000000000000,17.000000000000000,0.0000000000000000
101.00000000000000,17.000000000000000,0.0000000000000000
102.00000000000000,17.000000000000000,0.0000000000000000
103.00000000000000,17.000000000000000,0.0000000000000000
104.00000000000000,17.000000000000000,0.0000000000000000
105.00000000000000,17.000000000000000,0.0000000000000000
106.00000000000000,17.000000000000000,0.0000000000000000
107.00000000000000,17.000000000000000,0.0000000000000000
108.00000000000000,17.000000000000000,0.0000000000000000
109.00000000000000,17.000000000000000,0.0000000000000000
110.00000000000000,17.000000000000000,0.0000000000000000
111.00000000000000,17.000000000000000,0.0000000000000000
112.00000000000000,17.000000000000000,0.0000000000000000
113.00000000000000,17.000000000000000,0.0000000000000000
1.0000000000000000,18.000000000000000,0.0000000000000000
2.0000000000000000,18.000000000000000,0.60000002384185791
3.0000000000000000,18.000000000000000,0.60000002384185791
4.0000000000000000,18.000000000000000,0.60000002384185791
5.0000000000000000,18.000000000000000,0.60000002384185791
6.0000000000000000,18.000000000000000,0.40000000596046448
7.0000000000000000,18.000000000000000,0.40000000596046448
8.0000000000000000,18.000000000000000,0.40000000596046448
9.0000000000000000,18.000000000000000,0.30000001192092896
10.000000000000000,18.000000000000000,0.30000001192092896
11.000000000000000,18.000000000000000,0.30000001192092896
12.000000000000000,18.000000000000000,0.10000000149011612
13.000000000000000,18.000000000000000,0.10000000149011612
14.000000000000000,18.000000000000000,0.10000000149011612
15.000000000000000,18.000000000000000,0.0000000000000000
16.000000000000000,18.000000000000000,0.0000000000000000
17.000000000000000,18.000000000000000,0.0000000000000000
18.000000000000000,18.000000000000000,0.0000000000000000
19.000000000000000,18.000000000000000,0.0000000000000000
20.000000000000000,18.000000000000000,0.0000000000000000
21.000000000000000,18.000000000000000,0.0000000000000000
22.000000000000000,18.000000000000000,0.0000000000000000
23.000000000000000,18.000000000000000,0.0000000000000000
24.000000000000000,18.000000000000000,0.0000000000000000
25.000000000000000,18.000000000000000,0.0000000000000000
26.000000000000000,18.000000000000000,0.0000000000000000
27.000000000000000,18.000000000000000,0.0000000000000000
28.000000000000000,18.000000000000000,0.0000000000000000
29.000000000000000,18.000000000000000,0.0000000000000000
30.000000000000000,18.000000000000000,0.0000000000000000
31.000000000000000,18.000000000000000,0.0000000000000000
32.000000000000000,18.000000000000000,0.0000000000000000
33.000000000000000,18.000000000000000,0.0000000000000000
34.000000000000000,18.000000000000000,0.0000000000000000
35.000000000000000,18.000000000000000,0.0000000000000000
36.000000000000000,18.000000000000000,0.30000001192092896
37.000000000000000,18.000000000000000,0.30000001192092896
38.000000000000000,18.000000000000000,0.30000001192092896
39.000000000000000,18.000000000000000,0.20000000298023224
40.000000000000000,18.000000000000000,0.20000000298023224
41.000000000000000,18.000000000000000,0.20000000298023224
42.000000000000000,18.000000000000000,0.10000000149011612
43.000000000000000,18.000000000000000,0.10000000149011612
44.000000000000000,18.000000000000000,0.10000000149011612
45.000000000000000,18.000000000000000,0.30000001192092896
46.000000000000000,18.000000000000000,0.30000001192092896
47.000000000000000,18.000000000000000,0.30000001192092896
48.000000000000000,18.000000000000000,0.30000001192092896
49.000000000000000,18.000000000000000,0.30000001192092896
50.000000000000000,18.000000000000000,0.30000001192092896
51.000000000000000,18.000000000000000,0.40000000596046448
52.000000000000000,18.000000000000000,0.40000000596046448
53.000000000000000,18.000000000000000,0.40000000596046448
54.000000000000000,18.000000000000000,0.30000001192092896
55.000000000000000,18.000000000000000,0.30000001192092896
56.000000000000000,18.000000000000000,0.30000001192092896
57.000000000000000,18.000000000000000,0.30000001192092896
58.000000000000000,18.000000000000000,0.30000001192092896
59.000000000000000,18.000000000000000,0.30000001192092896
60.000000000000000,18.000000000000000,0.10000000149011612
61.000000000000000,18.000000000000000,0.10000000149011612
62.000000000000000,18.000000000000000,0.10000000149011612
63.000000000000000,18.000000000000000,0.0000000000000000
64.000000000000000,18.000000000000000,0.0000000000000000
65.000000000000000,18.000000000000000,0.0000000000000000
66.000000000000000,18.000000000000000,0.0000000000000000
67.000000000000000,18.000000000000000,0.0000000000000000
68.000000000000000,18.000000000000000,0.0000000000000000
69.000000000000000,18.000000000000000,0.0000000000000000
70.000000000000000,18.000000000000000,0.0000000000000000
71.000000000000000,18.000000000000000,0.0000000000000000
72.000000000000000,18.000000000000000,0.0000000000000000
73.000000000000000,18.000000000000000,0.0000000000000000
74.000000000000000,18.000000000000000,0.0000000000000000
75.000000000000000,18.000000000000000,0.0000000000000000
76.000000000000000,18.000000000000000,0.0000000000000000
77.000000000000000,18.000000000000000,0.0000000000000000
78.000000000000000,18.000000000000000,0.0000000000000000
79.000000000000000,18.000000000000000,0.0000000000000000
80.000000000000000,18.000000000000000,0.0000000000000000
81.000000000000000,18.000000000000000,0.0000000000000000
82.000000000000000,18.000000000000000,0.0000000000000000
83.000000000000000,18.000000000000000,0.0000000000000000
84.000000000000000,18.000000000000000,0.0000000000000000
85.000000000000000,18.000000000000000,0.0000000000000000
86.000000000000000,18.000000000000000,0.0000000000000000
87.000000000000000,18.000000000000000,0.0000000000000000
88.000000000000000,18.000000000000000,0.0000000000000000
89.000000000000000,18.000000000000000,0.0000000000000000
90.000000000000000,18.000000000000000,0.0000000000000000
91.000000000000000,18.000000000000000,0.0000000000000000
92.000000000000000,18.000000000000000,0.0000000000000000
93.000000000000000,18.000000000000000,0.0000000000000000
94.000000000000000,18.000000000000000,0.0000000000000000
95.000000000000000,18.000000000000000,0.0000000000000000
96.000000000000000,18.000000000000000,0.0000000000000000
97.000000000000000,18.000000000000000,0.0000000000000000
98.000000000000000,18.000000000000000,0.0000000000000000
99.000000000000000,18.000000000000000,0.0000000000000000
100.00000000000000,18.000000000000000,0.0000000000000000
101.00000000000000,18.000000000000000,0.0000000000000000
102.00000000000000,18.000000000000000,0.0000000000000000
103.00000000000000,18.000000000000000,0.0000000000000000
104.00000000000000,18.000000000000000,0.0000000000000000
105.00000000000000,18.000000000000000,0.0000000000000000
106.00000000000000,18.000000000000000,0.0000000000000000
107.00000000000000,18.000000000000000,0.0000000000000000
108.00000000000000,18.000000000000000,0.0000000000000000
109.00000000000000,18.000000000000000,0.0000000000000000
110.00000000000000,18.000000000000000,0.0000000000000000
111.00000000000000,18.000000000000000,0.0000000000000000
112.00000000000000,18.000000000000000,0.0000000000000000
113.00000000000000,18.000000000000000,0.0000000000000000
1.0000000000000000,19.000000000000000,0.0000000000000000
2.0000000000000000,19.000000000000000,0.60000002384185791
3.0000000000000000,19.000000000000000,0.60000002384185791
4.0000000000000000,19.000000000000000,0.60000002384185791
5.0000000000000000,19.000000000000000,0.60000002384185791
6.0000000000000000,19.000000000000000,0.40000000596046448
7.0000000000000000,19.000000000000000,0.40000000596046448
8.0000000000000000,19.000000000000000,0.40000000596046448
9.0000000000000000,19.000000000000000,0.30000001192092896
10.000000000000000,19.000000000000000,0.30000001192092896
11.000000000000000,19.000000000000000,0.30000001192092896
12.000000000000000,19.000000000000000,0.10000000149011612
13.000000000000000,19.000000000000000,0.10000000149011612
14.000000000000000,19.000000000000000,0.10000000149011612
15.000000000000000,19.000000000000000,0.0000000000000000
16.000000000000000,19.000000000000000,0.0000000000000000
17.000000000000000,19.000000000000000,0.0000000000000000
18.000000000000000,19.000000000000000,0.0000000000000000
19.000000000000000,19.000000000000000,0.0000000000000000
20.000000000000000,19.000000000000000,0.0000000000000000
21.000000000000000,19.000000000000000,0.0000000000000000
22.000000000000000,19.000000000000000,0.0000000000000000
23.000000000000000,19.000000000000000,0.0000000000000000
24.000000000000000,19.000000000000000,0.0000000000000000
25.000000000000000,19.000000000000000,0.0000000000000000
26.000000000000000,19.000000000000000,0.0000000000000000
27.000000000000000,19.000000000000000,0.0000000000000000
28.000000000000000,19.000000000000000,0.0000000000000000
29.000000000000000,19.000000000000000,0.0000000000000000
30.000000000000000,19.000000000000000,0.0000000000000000
31.000000000000000,19.000000000000000,0.0000000000000000
32.000000000000000,19.000000000000000,0.0000000000000000
33.000000000000000,19.000000000000000,0.0000000000000000
34.000000000000000,19.000000000000000,0.0000000000000000
35.000000000000000,19.000000000000000,0.0000000000000000
36.000000000000000,19.000000000000000,0.30000001192092896
37.000000000000000,19.000000000000000,0.30000001192092896
38.000000000000000,19.000000000000000,0.30000001192092896
39.000000000000000,19.000000000000000,0.20000000298023224
40.000000000000000,19.000000000000000,0.20000000298023224
41.000000000000000,19.000000000000000,0.20000000298023224
42.000000000000000,19.000000000000000,0.10000000149011612
43.000000000000000,19.000000000000000,0.10000000149011612
44.000000000000000,19.000000000000000,0.10000000149011612
45.000000000000000,19.000000000000000,0.30000001192092896
46.000000000000000,19.000000000000000,0.30000001192092896
47.000000000000000,19.000000000000000,0.30000001192092896
48.000000000000000,19.000000000000000,0.30000001192092896
49.000000000000000,19.000000000000000,0.30000001192092896
50.000000000000000,19.000000000000000,0.30000001192092896
51.000000000000000,19.000000000000000,0.40000000596046448
52.000000000000000,19.000000000000000,0.40000000596046448
53.000000000000000,19.000000000000000,0.40000000596046448
54.000000000000000,19.000000000000000,0.30000001192092896
55.000000000000000,19.000000000000000,0.30000001192092896
56.000000000000000,19.000000000000000,0.30000001192092896
57.000000000000000,19.000000000000000,0.30000001192092896
58.000000000000000,19.000000000000000,0.30000001192092896
59.000000000000000,19.000000000000000,0.30000001192092896
60.000000000000000,19.000000000000000,0.10000000149011612
61.000000000000000,19.000000000000000,0.10000000149011612
62.000000000000000,19.000000000000000,0.10000000149011612
63.000000000000000,19.000000000000000,0.0000000000000000
64.000000000000000,19.000000000000000,0.0000000000000000
65.000000000000000,19.000000000000000,0.0000000000000000
66.000000000000000,19.000000000000000,0.0000000000000000
67.000000000000000,19.000000000000000,0.0000000000000000
68.000000000000000,19.000000000000000,0.0000000000000000
69.000000000000000,19.000000000000000,0.0000000000000000
70.000000000000000,19.000000000000000,0.0000000000000000
71.000000000000000,19.000000000000000,0.0000000000000000
72.000000000000000,19.000000000000000,0.0000000000000000
73.000000000000000,19.000000000000000,0.0000000000000000
74.000000000000000,19.000000000000000,0.0000000000000000
75.000000000000000,19.000000000000000,0.0000000000000000
76.000000000000000,19.000000000000000,0.0000000000000000
77.000000000000000,19.000000000000000,0.0000000000000000
78.000000000000000,19.000000000000000,0.0000000000000000
79.000000000000000,19.000000000000000,0.0000000000000000
80.000000000000000,19.000000000000000,0.0000000000000000
81.000000000000000,19.000000000000000,0.0000000000000000
82.000000000000000,19.000000000000000,0.0000000000000000
83.000000000000000,19.000000000000000,0.0000000000000000
84.000000000000000,19.000000000000000,0.0000000000000000
85.000000000000000,19.000000000000000,0.0000000000000000
86.000000000000000,19.000000000000000,0.0000000000000000
87.000000000000000,19.000000000000000,0.0000000000000000
88.000000000000000,19.000000000000000,0.0000000000000000
89.000000000000000,19.000000000000000,0.0000000000000000
90.000000000000000,19.000000000000000,0.0000000000000000
91.000000000000000,19.000000000000000,0.0000000000000000
92.000000000000000,19.000000000000000,0.0000000000000000
93.000000000000000,19.000000000000000,0.0000000000000000
94.000000000000000,19.000000000000000,0.0000000000000000
95.000000000000000,19.000000000000000,0.0000000000000000
96.000000000000000,19.000000000000000,0.0000000000000000
97.000000000000000,19.000000000000000,0.0000000000000000
98.000000000000000,19.000000000000000,0.0000000000000000
99.000000000000000,19.000000000000000,0.0000000000000000
100.00000000000000,19.000000000000000,0.0000000000000000
101.00000000000000,19.000000000000000,0.0000000000000000
102.00000000000000,19.000000000000000,0.0000000000000000
103.00000000000000,19.000000000000000,0.0000000000000000
104.00000000000000,19.000000000000000,0.0000000000000000
105.00000000000000,19.000000000000000,0.0000000000000000
106.00000000000000,19.000000000000000,0.0000000000000000
107.00000000000000,19.000000000000000,0.0000000000000000
108.00000000000000,19.000000000000000,0.0000000000000000
109.00000000000000,19.000000000000000,0.0000000000000000
110.00000000000000,19.000000000000000,0.0000000000000000
111.00000000000000,19.000000000000000,0.0000000000000000
112.00000000000000,19.000000000000000,0.0000000000000000
113.00000000000000,19.000000000000000,0.0000000000000000
1.0000000000000000,20.000000000000000,0.0000000000000000
2.0000000000000000,20.000000000000000,0.80000001192092896
3.0000000000000000,20.000000000000000,0.69999998807907104
4.0000000000000000,20.000000000000000,0.69999998807907104
5.0000000000000000,20.000000000000000,0.69999998807907104
6.0000000000000000,20.000000000000000,0.50000000000000000
7.0000000000000000,20.000000000000000,0.50000000000000000
8.0000000000000000,20.000000000000000,0.50000000000000000
9.0000000000000000,20.000000000000000,0.30000001192092896
10.000000000000000,20.000000000000000,0.30000001192092896
11.000000000000000,20.000000000000000,0.30000001192092896
12.000000000000000,20.000000000000000,0.10000000149011612
13.000000000000000,20.000000000000000,0.10000000149011612
14.000000000000000,20.000000000000000,0.10000000149011612
15.000000000000000,20.000000000000000,0.0000000000000000
16.000000000000000,20.000000000000000,0.0000000000000000
17.000000000000000,20.000000000000000,0.0000000000000000
18.000000000000000,20.000000000000000,0.0000000000000000
19.000000000000000,20.000000000000000,0.0000000000000000
20.000000000000000,20.000000000000000,0.0000000000000000
21.000000000000000,20.000000000000000,0.0000000000000000
22.000000000000000,20.000000000000000,0.0000000000000000
23.000000000000000,20.000000000000000,0.0000000000000000
24.000000000000000,20.000000000000000,0.0000000000000000
25.000000000000000,20.000000000000000,0.0000000000000000
26.000000000000000,20.000000000000000,0.0000000000000000
27.000000000000000,20.000000000000000,0.0000000000000000
28.000000000000000,20.000000000000000,0.0000000000000000
29.000000000000000,20.000000000000000,0.0000000000000000
30.000000000000000,20.000000000000000,0.0000000000000000
31.000000000000000,20.000000000000000,0.0000000000000000
32.000000000000000,20.000000000000000,0.0000000000000000
33.000000000000000,20.000000000000000,0.0000000000000000
34.000000000000000,20.000000000000000,0.0000000000000000
35.000000000000000,20.000000000000000,0.0000000000000000
36.000000000000000,20.000000000000000,0.30000001192092896
37.000000000000000,20.000000000000000,0.30000001192092896
38.000000000000000,20.000000000000000,0.30000001192092896
39.000000000000000,20.000000000000000,0.30000001192092896
40.000000000000000,20.000000000000000,0.30000001192092896
41.000000000000000,20.000000000000000,0.30000001192092896
42.000000000000000,20.000000000000000,0.20000000298023224
43.000000000000000,20.000000000000000,0.20000000298023224
44.000000000000000,20.000000000000000,0.20000000298023224
45.000000000000000,20.000000000000000,0.30000001192092896
46.000000000000000,20.000000000000000,0.30000001192092896
47.000000000000000,20.000000000000000,0.30000001192092896
48.000000000000000,20.000000000000000,0.30000001192092896
49.000000000000000,20.000000000000000,0.30000001192092896
50.000000000000000,20.000000000000000,0.30000001192092896
51.000000000000000,20.000000000000000,0.40000000596046448
52.000000000000000,20.000000000000000,0.40000000596046448
53.000000000000000,20.000000000000000,0.40000000596046448
54.000000000000000,20.000000000000000,0.30000001192092896
55.000000000000000,20.000000000000000,0.30000001192092896
56.000000000000000,20.000000000000000,0.30000001192092896
57.000000000000000,20.000000000000000,0.30000001192092896
58.000000000000000,20.000000000000000,0.30000001192092896
59.000000000000000,20.000000000000000,0.30000001192092896
60.000000000000000,20.000000000000000,0.20000000298023224
61.000000000000000,20.000000000000000,0.20000000298023224
62.000000000000000,20.000000000000000,0.20000000298023224
63.000000000000000,20.000000000000000,0.0000000000000000
64.000000000000000,20.000000000000000,0.0000000000000000
65.000000000000000,20.000000000000000,0.0000000000000000
66.000000000000000,20.000000000000000,0.0000000000000000
67.000000000000000,20.000000000000000,0.0000000000000000
68.000000000000000,20.000000000000000,0.0000000000000000
69.000000000000000,20.000000000000000,0.0000000000000000
70.000000000000000,20.000000000000000,0.0000000000000000
71.000000000000000,20.000000000000000,0.0000000000000000
72.000000000000000,20.000000000000000,0.0000000000000000
73.000000000000000,20.000000000000000,0.0000000000000000
74.000000000000000,20.000000000000000,0.0000000000000000
75.000000000000000,20.000000000000000,0.0000000000000000
76.000000000000000,20.000000000000000,0.0000000000000000
77.000000000000000,20.000000000000000,0.0000000000000000
78.000000000000000,20.000000000000000,0.0000000000000000
79.000000000000000,20.000000000000000,0.0000000000000000
80.000000000000000,20.000000000000000,0.0000000000000000
81.000000000000000,20.000000000000000,0.0000000000000000
82.000000000000000,20.000000000000000,0.0000000000000000
83.000000000000000,20.000000000000000,0.0000000000000000
84.000000000000000,20.000000000000000,0.0000000000000000
85.000000000000000,20.000000000000000,0.0000000000000000
86.000000000000000,20.000000000000000,0.0000000000000000
87.000000000000000,20.000000000000000,0.0000000000000000
88.000000000000000,20.000000000000000,0.0000000000000000
89.000000000000000,20.000000000000000,0.0000000000000000
90.000000000000000,20.000000000000000,0.0000000000000000
91.000000000000000,20.000000000000000,0.0000000000000000
92.000000000000000,20.000000000000000,0.0000000000000000
93.000000000000000,20.000000000000000,0.0000000000000000
94.000000000000000,20.000000000000000,0.0000000000000000
95.000000000000000,20.000000000000000,0.0000000000000000
96.000000000000000,20.000000000000000,0.0000000000000000
97.000000000000000,20.000000000000000,0.0000000000000000
98.000000000000000,20.000000000000000,0.0000000000000000
99.000000000000000,20.000000000000000,0.0000000000000000
100.00000000000000,20.000000000000000,0.0000000000000000
101.00000000000000,20.000000000000000,0.0000000000000000
102.00000000000000,20.000000000000000,0.0000000000000000
103.00000000000000,20.000000000000000,0.0000000000000000
104.00000000000000,20.000000000000000,0.0000000000000000
105.00000000000000,20.000000000000000,0.0000000000000000
106.00000000000000,20.000000000000000,0.0000000000000000
107.00000000000000,20.000000000000000,0.0000000000000000
108.00000000000000,20.000000000000000,0.0000000000000000
109.00000000000000,20.000000000000000,0.0000000000000000
110.00000000000000,20.000000000000000,0.0000000000000000
111.00000000000000,20.000000000000000,0.0000000000000000
112.00000000000000,20.000000000000000,0.0000000000000000
113.00000000000000,20.000000000000000,0.0000000000000000
1.0000000000000000,21.000000000000000,0.0000000000000000
2.0000000000000000,21.000000000000000,0.80000001192092896
3.0000000000000000,21.000000000000000,0.69999998807907104
4.0000000000000000,21.000000000000000,0.69999998807907104
5.0000000000000000,21.000000000000000,0.69999998807907104
6.0000000000000000,21.000000000000000,0.50000000000000000
7.0000000000000000,21.000000000000000,0.50000000000000000
8.0000000000000000,21.000000000000000,0.50000000000000000
9.0000000000000000,21.000000000000000,0.30000001192092896
10.000000000000000,21.000000000000000,0.30000001192092896
11.000000000000000,21.000000000000000,0.30000001192092896
12.000000000000000,21.000000000000000,0.10000000149011612
13.000000000000000,21.000000000000000,0.10000000149011612
14.000000000000000,21.000000000000000,0.10000000149011612
15.000000000000000,21.000000000000000,0.0000000000000000
16.000000000000000,21.000000000000000,0.0000000000000000
17.000000000000000,21.000000000000000,0.0000000000000000
18.000000000000000,21.000000000000000,0.0000000000000000
19.000000000000000,21.000000000000000,0.0000000000000000
20.000000000000000,21.000000000000000,0.0000000000000000
21.000000000000000,21.000000000000000,0.0000000000000000
22.000000000000000,21.000000000000000,0.0000000000000000
23.000000000000000,21.000000000000000,0.0000000000000000
24.000000000000000,21.000000000000000,0.0000000000000000
25.000000000000000,21.000000000000000,0.0000000000000000
26.000000000000000,21.000000000000000,0.0000000000000000
27.000000000000000,21.000000000000000,0.0000000000000000
28.000000000000000,21.000000000000000,0.0000000000000000
29.000000000000000,21.000000000000000,0.0000000000000000
30.000000000000000,21.000000000000000,0.0000000000000000
31.000000000000000,21.000000000000000,0.0000000000000000
32.000000000000000,21.000000000000000,0.0000000000000000
33.000000000000000,21.000000000000000,0.0000000000000000
34.000000000000000,21.000000000000000,0.0000000000000000
35.000000000000000,21.000000000000000,0.0000000000000000
36.000000000000000,21.000000000000000,0.30000001192092896
37.000000000000000,21.000000000000000,0.30000001192092896
38.000000000000000,21.000000000000000,0.30000001192092896
39.000000000000000,21.000000000000000,0.30000001192092896
40.000000000000000,21.000000000000000,0.30000001192092896
41.000000000000000,21.000000000000000,0.30000001192092896
42.000000000000000,21.000000000000000,0.20000000298023224
43.000000000000000,21.000000000000000,0.20000000298023224
44.000000000000000,21.000000000000000,0.20000000298023224
45.000000000000000,21.000000000000000,0.30000001192092896
46.000000000000000,21.000000000000000,0.30000001192092896
47.000000000000000,21.000000000000000,0.30000001192092896
48.000000000000000,21.000000000000000,0.30000001192092896
49.000000000000000,21.000000000000000,0.30000001192092896
50.000000000000000,21.000000000000000,0.30000001192092896
51.000000000000000,21.000000000000000,0.40000000596046448
52.000000000000000,21.000000000000000,0.40000000596046448
53.000000000000000,21.000000000000000,0.40000000596046448
54.000000000000000,21.000000000000000,0.30000001192092896
55.000000000000000,21.000000000000000,0.30000001192092896
56.000000000000000,21.000000000000000,0.30000001192092896
57.000000000000000,21.000000000000000,0.30000001192092896
58.000000000000000,21.000000000000000,0.30000001192092896
59.000000000000000,21.000000000000000,0.30000001192092896
60.000000000000000,21.000000000000000,0.20000000298023224
61.000000000000000,21.000000000000000,0.20000000298023224
62.000000000000000,21.000000000000000,0.20000000298023224
63.000000000000000,21.000000000000000,0.0000000000000000
64.000000000000000,21.000000000000000,0.0000000000000000
65.000000000000000,21.000000000000000,0.0000000000000000
66.000000000000000,21.000000000000000,0.0000000000000000
67.000000000000000,21.000000000000000,0.0000000000000000
68.000000000000000,21.000000000000000,0.0000000000000000
69.000000000000000,21.000000000000000,0.0000000000000000
70.000000000000000,21.000000000000000,0.0000000000000000
71.000000000000000,21.000000000000000,0.0000000000000000
72.000000000000000,21.000000000000000,0.0000000000000000
73.000000000000000,21.000000000000000,0.0000000000000000
74.000000000000000,21.000000000000000,0.0000000000000000
75.000000000000000,21.000000000000000,0.0000000000000000
76.000000000000000,21.000000000000000,0.0000000000000000
77.000000000000000,21.000000000000000,0.0000000000000000
78.000000000000000,21.000000000000000,0.0000000000000000
79.000000000000000,21.000000000000000,0.0000000000000000
80.000000000000000,21.000000000000000,0.0000000000000000
81.000000000000000,21.000000000000000,0.0000000000000000
82.000000000000000,21.000000000000000,0.0000000000000000
83.000000000000000,21.000000000000000,0.0000000000000000
84.000000000000000,21.000000000000000,0.0000000000000000
85.000000000000000,21.000000000000000,0.0000000000000000
86.000000000000000,21.000000000000000,0.0000000000000000
87.000000000000000,21.000000000000000,0.0000000000000000
88.000000000000000,21.000000000000000,0.0000000000000000
89.000000000000000,21.000000000000000,0.0000000000000000
90.000000000000000,21.000000000000000,0.0000000000000000
91.000000000000000,21.000000000000000,0.0000000000000000
92.000000000000000,21.000000000000000,0.0000000000000000
93.000000000000000,21.000000000000000,0.0000000000000000
94.000000000000000,21.000000000000000,0.0000000000000000
95.000000000000000,21.000000000000000,0.0000000000000000
96.000000000000000,21.000000000000000,0.0000000000000000
97.000000000000000,21.000000000000000,0.0000000000000000
98.000000000000000,21.000000000000000,0.0000000000000000
99.000000000000000,21.000000000000000,0.0000000000000000
100.00000000000000,21.000000000000000,0.0000000000000000
101.00000000000000,21.000000000000000,0.0000000000000000
102.00000000000000,21.000000000000000,0.0000000000000000
103.00000000000000,21.000000000000000,0.0000000000000000
104.00000000000000,21.000000000000000,0.0000000000000000
105.00000000000000,21.000000000000000,0.0000000000000000
106.00000000000000,21.000000000000000,0.0000000000000000
107.00000000000000,21.000000000000000,0.0000000000000000
108.00000000000000,21.000000000000000,0.0000000000000000
109.00000000000000,21.000000000000000,0.0000000000000000
110.00000000000000,21.000000000000000,0.0000000000000000
111.00000000000000,21.000000000000000,0.0000000000000000
112.00000000000000,21.000000000000000,0.0000000000000000
113.00000000000000,21.000000000000000,0.0000000000000000
1.0000000000000000,22.000000000000000,0.0000000000000000
2.0000000000000000,22.000000000000000,0.80000001192092896
3.0000000000000000,22.000000000000000,0.69999998807907104
4.0000000000000000,22.000000000000000,0.69999998807907104
5.0000000000000000,22.000000000000000,0.69999998807907104
6.0000000000000000,22.000000000000000,0.50000000000000000
7.0000000000000000,22.000000000000000,0.50000000000000000
8.0000000000000000,22.000000000000000,0.50000000000000000
9.0000000000000000,22.000000000000000,0.30000001192092896
10.000000000000000,22.000000000000000,0.30000001192092896
11.000000000000000,22.000000000000000,0.30000001192092896
12.000000000000000,22.000000000000000,0.10000000149011612
13.000000000000000,22.000000000000000,0.10000000149011612
14.000000000000000,22.000000000000000,0.10000000149011612
15.000000000000000,22.000000000000000,0.0000000000000000
16.000000000000000,22.000000000000000,0.0000000000000000
17.000000000000000,22.000000000000000,0.0000000000000000
18.000000000000000,22.000000000000000,0.0000000000000000
19.000000000000000,22.000000000000000,0.0000000000000000
20.000000000000000,22.000000000000000,0.0000000000000000
21.000000000000000,22.000000000000000,0.0000000000000000
22.000000000000000,22.000000000000000,0.0000000000000000
23.000000000000000,22.000000000000000,0.0000000000000000
24.000000000000000,22.000000000000000,0.0000000000000000
25.000000000000000,22.000000000000000,0.0000000000000000
26.000000000000000,22.000000000000000,0.0000000000000000
27.000000000000000,22.000000000000000,0.0000000000000000
28.000000000000000,22.000000000000000,0.0000000000000000
29.000000000000000,22.000000000000000,0.0000000000000000
30.000000000000000,22.000000000000000,0.0000000000000000
31.000000000000000,22.000000000000000,0.0000000000000000
32.000000000000000,22.000000000000000,0.0000000000000000
33.000000000000000,22.000000000000000,0.0000000000000000
34.000000000000000,22.000000000000000,0.0000000000000000
35.000000000000000,22.000000000000000,0.0000000000000000
36.000000000000000,22.000000000000000,0.30000001192092896
37.000000000000000,22.000000000000000,0.30000001192092896
38.000000000000000,22.000000000000000,0.30000001192092896
39.000000000000000,22.000000000000000,0.30000001192092896
40.000000000000000,22.000000000000000,0.30000001192092896
41.000000000000000,22.000000000000000,0.30000001192092896
42.000000000000000,22.000000000000000,0.20000000298023224
43.000000000000000,22.000000000000000,0.20000000298023224
44.000000000000000,22.000000000000000,0.20000000298023224
45.000000000000000,22.000000000000000,0.30000001192092896
46.000000000000000,22.000000000000000,0.30000001192092896
47.000000000000000,22.000000000000000,0.30000001192092896
48.000000000000000,22.000000000000000,0.30000001192092896
49.000000000000000,22.000000000000000,0.30000001192092896
50.000000000000000,22.000000000000000,0.30000001192092896
51.000000000000000,22.000000000000000,0.40000000596046448
52.000000000000000,22.000000000000000,0.40000000596046448
53.000000000000000,22.000000000000000,0.40000000596046448
54.000000000000000,22.000000000000000,0.30000001192092896
55.000000000000000,22.000000000000000,0.30000001192092896
56.000000000000000,22.000000000000000,0.30000001192092896
57.000000000000000,22.000000000000000,0.30000001192092896
58.000000000000000,22.000000000000000,0.30000001192092896
59.000000000000000,22.000000000000000,0.30000001192092896
60.000000000000000,22.000000000000000,0.20000000298023224
61.000000000000000,22.000000000000000,0.20000000298023224
62.000000000000000,22.000000000000000,0.20000000298023224
63.000000000000000,22.000000000000000,0.0000000000000000
64.000000000000000,22.000000000000000,0.0000000000000000
65.000000000000000,22.000000000000000,0.0000000000000000
66.000000000000000,22.000000000000000,0.0000000000000000
67.000000000000000,22.000000000000000,0.0000000000000000
68.000000000000000,22.000000000000000,0.0000000000000000
69.000000000000000,22.000000000000000,0.0000000000000000
70.000000000000000,22.000000000000000,0.0000000000000000
71.000000000000000,22.000000000000000,0.0000000000000000
72.000000000000000,22.000000000000000,0.0000000000000000
73.000000000000000,22.000000000000000,0.0000000000000000
74.000000000000000,22.000000000000000,0.0000000000000000
75.000000000000000,22.000000000000000,0.0000000000000000
76.000000000000000,22.000000000000000,0.0000000000000000
77.000000000000000,22.000000000000000,0.0000000000000000
78.000000000000000,22.000000000000000,0.0000000000000000
79.000000000000000,22.000000000000000,0.0000000000000000
80.000000000000000,22.000000000000000,0.0000000000000000
81.000000000000000,22.000000000000000,0.0000000000000000
82.000000000000000,22.000000000000000,0.0000000000000000
83.000000000000000,22.000000000000000,0.0000000000000000
84.000000000000000,22.000000000000000,0.0000000000000000
85.000000000000000,22.000000000000000,0.0000000000000000
86.000000000000000,22.000000000000000,0.0000000000000000
87.000000000000000,22.000000000000000,0.0000000000000000
88.000000000000000,22.000000000000000,0.0000000000000000
89.000000000000000,22.000000000000000,0.0000000000000000
90.000000000000000,22.000000000000000,0.0000000000000000
91.000000000000000,22.000000000000000,0.0000000000000000
92.000000000000000,22.000000000000000,0.0000000000000000
93.000000000000000,22.000000000000000,0.0000000000000000
94.000000000000000,22.000000000000000,0.0000000000000000
95.000000000000000,22.000000000000000,0.0000000000000000
96.000000000000000,22.000000000000000,0.0000000000000000
97.000000000000000,22.000000000000000,0.0000000000000000
98.000000000000000,22.000000000000000,0.0000000000000000
99.000000000000000,22.000000000000000,0.0000000000000000
100.00000000000000,22.000000000000000,0.0000000000000000
101.00000000000000,22.000000000000000,0.0000000000000000
102.00000000000000,22.000000000000000,0.0000000000000000
103.00000000000000,22.000000000000000,0.0000000000000000
104.00000000000000,22.000000000000000,0.0000000000000000
105.00000000000000,22.000000000000000,0.0000000000000000
106.00000000000000,22.000000000000000,0.0000000000000000
107.00000000000000,22.000000000000000,0.0000000000000000
108.00000000000000,22.000000000000000,0.0000000000000000
109.00000000000000,22.000000000000000,0.0000000000000000
110.00000000000000,22.000000000000000,0.0000000000000000
111.00000000000000,22.000000000000000,0.0000000000000000
112.00000000000000,22.000000000000000,0.0000000000000000
113.00000000000000,22.000000000000000,0.0000000000000000
1.0000000000000000,23.000000000000000,0.0000000000000000
2.0000000000000000,23.000000000000000,0.89999997615814209
3.0000000000000000,23.000000000000000,0.80000001192092896
4.0000000000000000,23.000000000000000,0.80000001192092896
5.0000000000000000,23.000000000000000,0.80000001192092896
6.0000000000000000,23.000000000000000,0.60000002384185791
7.0000000000000000,23.000000000000000,0.60000002384185791
8.0000000000000000,23.000000000000000,0.60000002384185791
9.0000000000000000,23.000000000000000,0.40000000596046448
10.000000000000000,23.000000000000000,0.40000000596046448
11.000000000000000,23.000000000000000,0.40000000596046448
12.000000000000000,23.000000000000000,0.10000000149011612
13.000000000000000,23.000000000000000,0.10000000149011612
14.000000000000000,23.000000000000000,0.10000000149011612
15.000000000000000,23.000000000000000,0.0000000000000000
16.000000000000000,23.000000000000000,0.0000000000000000
17.000000000000000,23.000000000000000,0.0000000000000000
18.000000000000000,23.000000000000000,0.0000000000000000
19.000000000000000,23.000000000000000,0.0000000000000000
20.000000000000000,23.000000000000000,0.0000000000000000
21.000000000000000,23.000000000000000,0.0000000000000000
22.000000000000000,23.000000000000000,0.0000000000000000
23.000000000000000,23.000000000000000,0.0000000000000000
24.000000000000000,23.000000000000000,0.0000000000000000
25.000000000000000,23.000000000000000,0.0000000000000000
26.000000000000000,23.000000000000000,0.0000000000000000
27.000000000000000,23.000000000000000,0.0000000000000000
28.000000000000000,23.000000000000000,0.0000000000000000
29.000000000000000,23.000000000000000,0.0000000000000000
30.000000000000000,23.000000000000000,0.0000000000000000
31.000000000000000,23.000000000000000,0.0000000000000000
32.000000000000000,23.000000000000000,0.0000000000000000
33.000000000000000,23.000000000000000,0.0000000000000000
34.000000000000000,23.000000000000000,0.0000000000000000
35.000000000000000,23.000000000000000,0.0000000000000000
36.000000000000000,23.000000000000000,0.20000000298023224
37.000000000000000,23.000000000000000,0.20000000298023224
38.000000000000000,23.000000000000000,0.20000000298023224
39.000000000000000,23.000000000000000,0.30000001192092896
40.000000000000000,23.000000000000000,0.30000001192092896
41.000000000000000,23.000000000000000,0.30000001192092896
42.000000000000000,23.000000000000000,0.10000000149011612
43.000000000000000,23.000000000000000,0.10000000149011612
44.000000000000000,23.000000000000000,0.10000000149011612
45.000000000000000,23.000000000000000,0.20000000298023224
46.000000000000000,23.000000000000000,0.20000000298023224
47.000000000000000,23.000000000000000,0.20000000298023224
48.000000000000000,23.000000000000000,0.30000001192092896
49.000000000000000,23.000000000000000,0.30000001192092896
50.000000000000000,23.000000000000000,0.30000001192092896
51.000000000000000,23.000000000000000,0.30000001192092896
52.000000000000000,23.000000000000000,0.30000001192092896
53.000000000000000,23.000000000000000,0.30000001192092896
54.000000000000000,23.000000000000000,0.30000001192092896
55.000000000000000,23.000000000000000,0.30000001192092896
56.000000000000000,23.000000000000000,0.30000001192092896
57.000000000000000,23.000000000000000,0.30000001192092896
58.000000000000000,23.000000000000000,0.30000001192092896
59.000000000000000,23.000000000000000,0.30000001192092896
60.000000000000000,23.000000000000000,0.20000000298023224
61.000000000000000,23.000000000000000,0.20000000298023224
62.000000000000000,23.000000000000000,0.20000000298023224
63.000000000000000,23.000000000000000,0.0000000000000000
64.000000000000000,23.000000000000000,0.0000000000000000
65.000000000000000,23.000000000000000,0.0000000000000000
66.000000000000000,23.000000000000000,0.0000000000000000
67.000000000000000,23.000000000000000,0.0000000000000000
68.000000000000000,23.000000000000000,0.0000000000000000
69.000000000000000,23.000000000000000,0.0000000000000000
70.000000000000000,23.000000000000000,0.0000000000000000
71.000000000000000,23.000000000000000,0.0000000000000000
72.000000000000000,23.000000000000000,0.30000001192092896
73.000000000000000,23.000000000000000,0.30000001192092896
74.000000000000000,23.000000000000000,0.30000001192092896
75.000000000000000,23.000000000000000,0.0000000000000000
76.000000000000000,23.000000000000000,0.0000000000000000
77.000000000000000,23.000000000000000,0.0000000000000000
78.000000000000000,23.000000000000000,0.0000000000000000
79.000000000000000,23.000000000000000,0.0000000000000000
80.000000000000000,23.000000000000000,0.0000000000000000
81.000000000000000,23.000000000000000,0.0000000000000000
82.000000000000000,23.000000000000000,0.0000000000000000
83.000000000000000,23.000000000000000,0.0000000000000000
84.000000000000000,23.000000000000000,0.0000000000000000
85.000000000000000,23.000000000000000,0.0000000000000000
86.000000000000000,23.000000000000000,0.0000000000000000
87.000000000000000,23.000000000000000,0.0000000000000000
88.000000000000000,23.000000000000000,0.0000000000000000
89.000000000000000,23.000000000000000,0.0000000000000000
90.000000000000000,23.000000000000000,0.0000000000000000
91.000000000000000,23.000000000000000,0.0000000000000000
92.000000000000000,23.000000000000000,0.0000000000000000
93.000000000000000,23.000000000000000,0.0000000000000000
94.000000000000000,23.000000000000000,0.0000000000000000
95.000000000000000,23.000000000000000,0.0000000000000000
96.000000000000000,23.000000000000000,0.0000000000000000
97.000000000000000,23.000000000000000,0.0000000000000000
98.000000000000000,23.000000000000000,0.0000000000000000
99.000000000000000,23.000000000000000,0.0000000000000000
100.00000000000000,23.000000000000000,0.0000000000000000
101.00000000000000,23.000000000000000,0.0000000000000000
102.00000000000000,23.000000000000000,0.0000000000000000
103.00000000000000,23.000000000000000,0.0000000000000000
104.00000000000000,23.000000000000000,0.0000000000000000
105.00000000000000,23.000000000000000,0.0000000000000000
106.00000000000000,23.000000000000000,0.0000000000000000
107.00000000000000,23.000000000000000,0.0000000000000000
108.00000000000000,23.000000000000000,0.0000000000000000
109.00000000000000,23.000000000000000,0.0000000000000000
110.00000000000000,23.000000000000000,0.0000000000000000
111.00000000000000,23.000000000000000,0.0000000000000000
112.00000000000000,23.000000000000000,0.0000000000000000
113.00000000000000,23.000000000000000,0.0000000000000000
1.0000000000000000,24.000000000000000,0.0000000000000000
2.0000000000000000,24.000000000000000,0.89999997615814209
3.0000000000000000,24.000000000000000,0.80000001192092896
4.0000000000000000,24.000000000000000,0.80000001192092896
5.0000000000000000,24.000000000000000,0.80000001192092896
6.0000000000000000,24.000000000000000,0.60000002384185791
7.0000000000000000,24.000000000000000,0.60000002384185791
8.0000000000000000,24.000000000000000,0.60000002384185791
9.0000000000000000,24.000000000000000,0.40000000596046448
10.000000000000000,24.000000000000000,0.40000000596046448
11.000000000000000,24.000000000000000,0.40000000596046448
12.000000000000000,24.000000000000000,0.10000000149011612
13.000000000000000,24.000000000000000,0.10000000149011612
14.000000000000000,24.000000000000000,0.10000000149011612
15.000000000000000,24.000000000000000,0.0000000000000000
16.000000000000000,24.000000000000000,0.0000000000000000
17.000000000000000,24.000000000000000,0.0000000000000000
18.000000000000000,24.000000000000000,0.0000000000000000
19.000000000000000,24.000000000000000,0.0000000000000000
20.000000000000000,24.000000000000000,0.0000000000000000
21.000000000000000,24.000000000000000,0.0000000000000000
22.000000000000000,24.000000000000000,0.0000000000000000
23.000000000000000,24.000000000000000,0.0000000000000000
24.000000000000000,24.000000000000000,0.0000000000000000
25.000000000000000,24.000000000000000,0.0000000000000000
26.000000000000000,24.000000000000000,0.0000000000000000
27.000000000000000,24.000000000000000,0.0000000000000000
28.000000000000000,24.000000000000000,0.0000000000000000
29.000000000000000,24.000000000000000,0.0000000000000000
30.000000000000000,24.000000000000000,0.0000000000000000
31.000000000000000,24.000000000000000,0.0000000000000000
32.000000000000000,24.000000000000000,0.0000000000000000
33.000000000000000,24.000000000000000,0.0000000000000000
34.000000000000000,24.000000000000000,0.0000000000000000
35.000000000000000,24.000000000000000,0.0000000000000000
36.000000000000000,24.000000000000000,0.20000000298023224
37.000000000000000,24.000000000000000,0.20000000298023224
38.000000000000000,24.000000000000000,0.20000000298023224
39.000000000000000,24.000000000000000,0.30000001192092896
40.000000000000000,24.000000000000000,0.30000001192092896
41.000000000000000,24.000000000000000,0.30000001192092896
42.000000000000000,24.000000000000000,0.10000000149011612
43.000000000000000,24.000000000000000,0.10000000149011612
44.000000000000000,24.000000000000000,0.10000000149011612
45.000000000000000,24.000000000000000,0.20000000298023224
46.000000000000000,24.000000000000000,0.20000000298023224
47.000000000000000,24.000000000000000,0.20000000298023224
48.000000000000000,24.000000000000000,0.30000001192092896
49.000000000000000,24.000000000000000,0.30000001192092896
50.000000000000000,24.000000000000000,0.30000001192092896
51.000000000000000,24.000000000000000,0.30000001192092896
52.000000000000000,24.000000000000000,0.30000001192092896
53.000000000000000,24.000000000000000,0.30000001192092896
54.000000000000000,24.000000000000000,0.30000001192092896
55.000000000000000,24.000000000000000,0.30000001192092896
56.000000000000000,24.000000000000000,0.30000001192092896
57.000000000000000,24.000000000000000,0.30000001192092896
58.000000000000000,24.000000000000000,0.30000001192092896
59.000000000000000,24.000000000000000,0.30000001192092896
60.000000000000000,24.000000000000000,0.20000000298023224
61.000000000000000,24.000000000000000,0.20000000298023224
62.000000000000000,24.000000000000000,0.20000000298023224
63.000000000000000,24.000000000000000,0.0000000000000000
64.000000000000000,24.000000000000000,0.0000000000000000
65.000000000000000,24.000000000000000,0.0000000000000000
66.000000000000000,24.000000000000000,0.0000000000000000
67.000000000000000,24.000000000000000,0.0000000000000000
68.000000000000000,24.000000000000000,0.0000000000000000
69.000000000000000,24.000000000000000,0.0000000000000000
70.000000000000000,24.000000000000000,0.0000000000000000
71.000000000000000,24.000000000000000,0.0000000000000000
72.000000000000000,24.000000000000000,0.30000001192092896
73.000000000000000,24.000000000000000,0.30000001192092896
74.000000000000000,24.000000000000000,0.30000001192092896
75.000000000000000,24.000000000000000,0.0000000000000000
76.000000000000000,24.000000000000000,0.0000000000000000
77.000000000000000,24.000000000000000,0.0000000000000000
78.000000000000000,24.000000000000000,0.0000000000000000
79.000000000000000,24.000000000000000,0.0000000000000000
80.000000000000000,24.000000000000000,0.0000000000000000
81.000000000000000,24.000000000000000,0.0000000000000000
82.000000000000000,24.000000000000000,0.0000000000000000
83.000000000000000,24.000000000000000,0.0000000000000000
84.000000000000000,24.000000000000000,0.0000000000000000
85.000000000000000,24.000000000000000,0.0000000000000000
86.000000000000000,24.000000000000000,0.0000000000000000
87.000000000000000,24.000000000000000,0.0000000000000000
88.000000000000000,24.000000000000000,0.0000000000000000
89.000000000000000,24.000000000000000,0.0000000000000000
90.000000000000000,24.000000000000000,0.0000000000000000
91.000000000000000,24.000000000000000,0.0000000000000000
92.000000000000000,24.000000000000000,0.0000000000000000
93.000000000000000,24.000000000000000,0.0000000000000000
94.000000000000000,24.000000000000000,0.0000000000000000
95.000000000000000,24.000000000000000,0.0000000000000000
96.000000000000000,24.000000000000000,0.0000000000000000
97.000000000000000,24.000000000000000,0.0000000000000000
98.000000000000000,24.000000000000000,0.0000000000000000
99.000000000000000,24.000000000000000,0.0000000000000000
100.00000000000000,24.000000000000000,0.0000000000000000
101.00000000000000,24.000000000000000,0.0000000000000000
102.00000000000000,24.000000000000000,0.0000000000000000
103.00000000000000,24.000000000000000,0.0000000000000000
104.00000000000000,24.000000000000000,0.0000000000000000
105.00000000000000,24.000000000000000,0.0000000000000000
106.00000000000000,24.000000000000000,0.0000000000000000
107.00000000000000,24.000000000000000,0.0000000000000000
108.00000000000000,24.000000000000000,0.0000000000000000
109.00000000000000,24.000000000000000,0.0000000000000000
110.00000000000000,24.000000000000000,0.0000000000000000
111.00000000000000,24.000000000000000,0.0000000000000000
112.00000000000000,24.000000000000000,0.0000000000000000
113.00000000000000,24.000000000000000,0.0000000000000000
1.0000000000000000,25.000000000000000,0.0000000000000000
2.0000000000000000,25.000000000000000,0.89999997615814209
3.0000000000000000,25.000000000000000,0.80000001192092896
4.0000000000000000,25.000000000000000,0.80000001192092896
5.0000000000000000,25.000000000000000,0.80000001192092896
6.0000000000000000,25.000000000000000,0.60000002384185791
7.0000000000000000,25.000000000000000,0.60000002384185791
8.0000000000000000,25.000000000000000,0.60000002384185791
9.0000000000000000,25.000000000000000,0.40000000596046448
10.000000000000000,25.000000000000000,0.40000000596046448
11.000000000000000,25.000000000000000,0.40000000596046448
12.000000000000000,25.000000000000000,0.10000000149011612
13.000000000000000,25.000000000000000,0.10000000149011612
14.000000000000000,25.000000000000000,0.10000000149011612
15.000000000000000,25.000000000000000,0.0000000000000000
16.000000000000000,25.000000000000000,0.0000000000000000
17.000000000000000,25.000000000000000,0.0000000000000000
18.000000000000000,25.000000000000000,0.0000000000000000
19.000000000000000,25.000000000000000,0.0000000000000000
20.000000000000000,25.000000000000000,0.0000000000000000
21.000000000000000,25.000000000000000,0.0000000000000000
22.000000000000000,25.000000000000000,0.0000000000000000
23.000000000000000,25.000000000000000,0.0000000000000000
24.000000000000000,25.000000000000000,0.0000000000000000
25.000000000000000,25.000000000000000,0.0000000000000000
26.000000000000000,25.000000000000000,0.0000000000000000
27.000000000000000,25.000000000000000,0.0000000000000000
28.000000000000000,25.000000000000000,0.0000000000000000
29.000000000000000,25.000000000000000,0.0000000000000000
30.000000000000000,25.000000000000000,0.0000000000000000
31.000000000000000,25.000000000000000,0.0000000000000000
32.000000000000000,25.000000000000000,0.0000000000000000
33.000000000000000,25.000000000000000,0.0000000000000000
34.000000000000000,25.000000000000000,0.0000000000000000
35.000000000000000,25.000000000000000,0.0000000000000000
36.000000000000000,25.000000000000000,0.20000000298023224
37.000000000000000,25.000000000000000,0.20000000298023224
38.000000000000000,25.000000000000000,0.20000000298023224
39.000000000000000,25.000000000000000,0.30000001192092896
40.000000000000000,25.000000000000000,0.30000001192092896
41.000000000000000,25.000000000000000,0.30000001192092896
42.000000000000000,25.000000000000000,0.10000000149011612
43.000000000000000,25.000000000000000,0.10000000149011612
44.000000000000000,25.000000000000000,0.10000000149011612
45.000000000000000,25.000000000000000,0.20000000298023224
46.000000000000000,25.000000000000000,0.20000000298023224
47.000000000000000,25.000000000000000,0.20000000298023224
48.000000000000000,25.000000000000000,0.30000001192092896
49.000000000000000,25.000000000000000,0.30000001192092896
50.000000000000000,25.000000000000000,0.30000001192092896
51.000000000000000,25.000000000000000,0.30000001192092896
52.000000000000000,25.000000000000000,0.30000001192092896
53.000000000000000,25.000000000000000,0.30000001192092896
54.000000000000000,25.000000000000000,0.30000001192092896
55.000000000000000,25.000000000000000,0.30000001192092896
56.000000000000000,25.000000000000000,0.30000001192092896
57.000000000000000,25.000000000000000,0.30000001192092896
58.000000000000000,25.000000000000000,0.30000001192092896
59.000000000000000,25.000000000000000,0.30000001192092896
60.000000000000000,25.000000000000000,0.20000000298023224
61.000000000000000,25.000000000000000,0.20000000298023224
62.000000000000000,25.000000000000000,0.20000000298023224
63.000000000000000,25.000000000000000,0.0000000000000000
64.000000000000000,25.000000000000000,0.0000000000000000
65.000000000000000,25.000000000000000,0.0000000000000000
66.000000000000000,25.000000000000000,0.0000000000000000
67.000000000000000,25.000000000000000,0.0000000000000000
68.000000000000000,25.000000000000000,0.0000000000000000
69.000000000000000,25.000000000000000,0.0000000000000000
70.000000000000000,25.000000000000000,0.0000000000000000
71.000000000000000,25.000000000000000,0.0000000000000000
72.000000000000000,25.000000000000000,0.30000001192092896
73.000000000000000,25.000000000000000,0.30000001192092896
74.000000000000000,25.000000000000000,0.30000001192092896
75.000000000000000,25.000000000000000,0.0000000000000000
76.000000000000000,25.000000000000000,0.0000000000000000
77.000000000000000,25.000000000000000,0.0000000000000000
78.000000000000000,25.000000000000000,0.0000000000000000
79.000000000000000,25.000000000000000,0.0000000000000000
80.000000000000000,25.000000000000000,0.0000000000000000
81.000000000000000,25.000000000000000,0.0000000000000000
82.000000000000000,25.000000000000000,0.0000000000000000
83.000000000000000,25.000000000000000,0.0000000000000000
84.000000000000000,25.000000000000000,0.0000000000000000
85.000000000000000,25.000000000000000,0.0000000000000000
86.000000000000000,25.000000000000000,0.0000000000000000
87.000000000000000,25.000000000000000,0.0000000000000000
88.000000000000000,25.000000000000000,0.0000000000000000
89.000000000000000,25.000000000000000,0.0000000000000000
90.000000000000000,25.000000000000000,0.0000000000000000
91.000000000000000,25.000000000000000,0.0000000000000000
92.000000000000000,25.000000000000000,0.0000000000000000
93.000000000000000,25.000000000000000,0.0000000000000000
94.000000000000000,25.000000000000000,0.0000000000000000
95.000000000000000,25.000000000000000,0.0000000000000000
96.000000000000000,25.000000000000000,0.0000000000000000
97.000000000000000,25.000000000000000,0.0000000000000000
98.000000000000000,25.000000000000000,0.0000000000000000
99.000000000000000,25.000000000000000,0.0000000000000000
100.00000000000000,25.000000000000000,0.0000000000000000
101.00000000000000,25.000000000000000,0.0000000000000000
102.00000000000000,25.000000000000000,0.0000000000000000
103.00000000000000,25.000000000000000,0.0000000000000000
104.00000000000000,25.000000000000000,0.0000000000000000
105.00000000000000,25.000000000000000,0.0000000000000000
106.00000000000000,25.000000000000000,0.0000000000000000
107.00000000000000,25.000000000000000,0.0000000000000000
108.00000000000000,25.000000000000000,0.0000000000000000
109.00000000000000,25.000000000000000,0.0000000000000000
110.00000000000000,25.000000000000000,0.0000000000000000
111.00000000000000,25.000000000000000,0.0000000000000000
112.00000000000000,25.000000000000000,0.0000000000000000
113.00000000000000,25.000000000000000,0.0000000000000000
1.0000000000000000,26.000000000000000,0.0000000000000000
2.0000000000000000,26.000000000000000,1.0000000000000000
3.0000000000000000,26.000000000000000,0.89999997615814209
4.0000000000000000,26.000000000000000,0.89999997615814209
5.0000000000000000,26.000000000000000,0.89999997615814209
6.0000000000000000,26.000000000000000,0.69999998807907104
7.0000000000000000,26.000000000000000,0.69999998807907104
8.0000000000000000,26.000000000000000,0.69999998807907104
9.0000000000000000,26.000000000000000,0.50000000000000000
10.000000000000000,26.000000000000000,0.50000000000000000
11.000000000000000,26.000000000000000,0.50000000000000000
12.000000000000000,26.000000000000000,0.10000000149011612
13.000000000000000,26.000000000000000,0.10000000149011612
14.000000000000000,26.000000000000000,0.10000000149011612
15.000000000000000,26.000000000000000,0.0000000000000000
16.000000000000000,26.000000000000000,0.0000000000000000
17.000000000000000,26.000000000000000,0.0000000000000000
18.000000000000000,26.000000000000000,0.0000000000000000
19.000000000000000,26.000000000000000,0.0000000000000000
20.000000000000000,26.000000000000000,0.0000000000000000
21.000000000000000,26.000000000000000,0.0000000000000000
22.000000000000000,26.000000000000000,0.0000000000000000
23.000000000000000,26.000000000000000,0.0000000000000000
24.000000000000000,26.000000000000000,0.0000000000000000
25.000000000000000,26.000000000000000,0.0000000000000000
26.000000000000000,26.000000000000000,0.0000000000000000
27.000000000000000,26.000000000000000,0.0000000000000000
28.000000000000000,26.000000000000000,0.0000000000000000
29.000000000000000,26.000000000000000,0.0000000000000000
30.000000000000000,26.000000000000000,0.0000000000000000
31.000000000000000,26.000000000000000,0.0000000000000000
32.000000000000000,26.000000000000000,0.0000000000000000
33.000000000000000,26.000000000000000,0.0000000000000000
34.000000000000000,26.000000000000000,0.0000000000000000
35.000000000000000,26.000000000000000,0.0000000000000000
36.000000000000000,26.000000000000000,0.20000000298023224
37.000000000000000,26.000000000000000,0.20000000298023224
38.000000000000000,26.000000000000000,0.20000000298023224
39.000000000000000,26.000000000000000,0.30000001192092896
40.000000000000000,26.000000000000000,0.30000001192092896
41.000000000000000,26.000000000000000,0.30000001192092896
42.000000000000000,26.000000000000000,0.30000001192092896
43.000000000000000,26.000000000000000,0.30000001192092896
44.000000000000000,26.000000000000000,0.30000001192092896
45.000000000000000,26.000000000000000,0.10000000149011612
46.000000000000000,26.000000000000000,0.10000000149011612
47.000000000000000,26.000000000000000,0.10000000149011612
48.000000000000000,26.000000000000000,0.20000000298023224
49.000000000000000,26.000000000000000,0.20000000298023224
50.000000000000000,26.000000000000000,0.20000000298023224
51.000000000000000,26.000000000000000,0.30000001192092896
52.000000000000000,26.000000000000000,0.30000001192092896
53.000000000000000,26.000000000000000,0.30000001192092896
54.000000000000000,26.000000000000000,0.30000001192092896
55.000000000000000,26.000000000000000,0.30000001192092896
56.000000000000000,26.000000000000000,0.30000001192092896
57.000000000000000,26.000000000000000,0.30000001192092896
58.000000000000000,26.000000000000000,0.30000001192092896
59.000000000000000,26.000000000000000,0.30000001192092896
60.000000000000000,26.000000000000000,0.10000000149011612
61.000000000000000,26.000000000000000,0.10000000149011612
62.000000000000000,26.000000000000000,0.10000000149011612
63.000000000000000,26.000000000000000,0.0000000000000000
64.000000000000000,26.000000000000000,0.0000000000000000
65.000000000000000,26.000000000000000,0.0000000000000000
66.000000000000000,26.000000000000000,0.0000000000000000
67.000000000000000,26.000000000000000,0.0000000000000000
68.000000000000000,26.000000000000000,0.0000000000000000
69.000000000000000,26.000000000000000,0.0000000000000000
70.000000000000000,26.000000000000000,0.0000000000000000
71.000000000000000,26.000000000000000,0.0000000000000000
72.000000000000000,26.000000000000000,0.20000000298023224
73.000000000000000,26.000000000000000,0.20000000298023224
74.000000000000000,26.000000000000000,0.20000000298023224
75.000000000000000,26.000000000000000,0.10000000149011612
76.000000000000000,26.000000000000000,0.10000000149011612
77.000000000000000,26.000000000000000,0.10000000149011612
78.000000000000000,26.000000000000000,0.10000000149011612
79.000000000000000,26.000000000000000,0.10000000149011612
80.000000000000000,26.000000000000000,0.10000000149011612
81.000000000000000,26.000000000000000,0.0000000000000000
82.000000000000000,26.000000000000000,0.0000000000000000
83.000000000000000,26.000000000000000,0.0000000000000000
84.000000000000000,26.000000000000000,0.0000000000000000
85.000000000000000,26.000000000000000,0.0000000000000000
86.000000000000000,26.000000000000000,0.0000000000000000
87.000000000000000,26.000000000000000,0.0000000000000000
88.000000000000000,26.000000000000000,0.0000000000000000
89.000000000000000,26.000000000000000,0.0000000000000000
90.000000000000000,26.000000000000000,0.0000000000000000
91.000000000000000,26.000000000000000,0.0000000000000000
92.000000000000000,26.000000000000000,0.0000000000000000
93.000000000000000,26.000000000000000,0.0000000000000000
94.000000000000000,26.000000000000000,0.0000000000000000
95.000000000000000,26.000000000000000,0.0000000000000000
96.000000000000000,26.000000000000000,0.0000000000000000
97.000000000000000,26.000000000000000,0.0000000000000000
98.000000000000000,26.000000000000000,0.0000000000000000
99.000000000000000,26.000000000000000,0.0000000000000000
100.00000000000000,26.000000000000000,0.0000000000000000
101.00000000000000,26.000000000000000,0.0000000000000000
102.00000000000000,26.000000000000000,0.0000000000000000
103.00000000000000,26.000000000000000,0.0000000000000000
104.00000000000000,26.000000000000000,0.0000000000000000
105.00000000000000,26.000000000000000,0.0000000000000000
106.00000000000000,26.000000000000000,0.0000000000000000
107.00000000000000,26.000000000000000,0.0000000000000000
108.00000000000000,26.000000000000000,0.0000000000000000
109.00000000000000,26.000000000000000,0.0000000000000000
110.00000000000000,26.000000000000000,0.0000000000000000
111.00000000000000,26.000000000000000,0.0000000000000000
112.00000000000000,26.000000000000000,0.0000000000000000
113.00000000000000,26.000000000000000,0.0000000000000000
1.0000000000000000,27.000000000000000,0.0000000000000000
2.0000000000000000,27.000000000000000,1.0000000000000000
3.0000000000000000,27.000000000000000,0.89999997615814209
4.0000000000000000,27.000000000000000,0.89999997615814209
5.0000000000000000,27.000000000000000,0.89999997615814209
6.0000000000000000,27.000000000000000,0.69999998807907104
7.0000000000000000,27.000000000000000,0.69999998807907104
8.0000000000000000,27.000000000000000,0.69999998807907104
9.0000000000000000,27.000000000000000,0.50000000000000000
10.000000000000000,27.000000000000000,0.50000000000000000
11.000000000000000,27.000000000000000,0.50000000000000000
12.000000000000000,27.000000000000000,0.10000000149011612
13.000000000000000,27.000000000000000,0.10000000149011612
14.000000000000000,27.000000000000000,0.10000000149011612
15.000000000000000,27.000000000000000,0.0000000000000000
16.000000000000000,27.000000000000000,0.0000000000000000
17.000000000000000,27.000000000000000,0.0000000000000000
18.000000000000000,27.000000000000000,0.0000000000000000
19.000000000000000,27.000000000000000,0.0000000000000000
20.000000000000000,27.000000000000000,0.0000000000000000
21.000000000000000,27.000000000000000,0.0000000000000000
22.000000000000000,27.000000000000000,0.0000000000000000
23.000000000000000,27.000000000000000,0.0000000000000000
24.000000000000000,27.000000000000000,0.0000000000000000
25.000000000000000,27.000000000000000,0.0000000000000000
26.000000000000000,27.000000000000000,0.0000000000000000
27.000000000000000,27.000000000000000,0.0000000000000000
28.000000000000000,27.000000000000000,0.0000000000000000
29.000000000000000,27.000000000000000,0.0000000000000000
30.000000000000000,27.000000000000000,0.0000000000000000
31.000000000000000,27.000000000000000,0.0000000000000000
32.000000000000000,27.000000000000000,0.0000000000000000
33.000000000000000,27.000000000000000,0.0000000000000000
34.000000000000000,27.000000000000000,0.0000000000000000
35.000000000000000,27.000000000000000,0.0000000000000000
36.000000000000000,27.000000000000000,0.20000000298023224
37.000000000000000,27.000000000000000,0.20000000298023224
38.000000000000000,27.000000000000000,0.20000000298023224
39.000000000000000,27.000000000000000,0.30000001192092896
40.000000000000000,27.000000000000000,0.30000001192092896
41.000000000000000,27.000000000000000,0.30000001192092896
42.000000000000000,27.000000000000000,0.30000001192092896
43.000000000000000,27.000000000000000,0.30000001192092896
44.000000000000000,27.000000000000000,0.30000001192092896
45.000000000000000,27.000000000000000,0.10000000149011612
46.000000000000000,27.000000000000000,0.10000000149011612
47.000000000000000,27.000000000000000,0.10000000149011612
48.000000000000000,27.000000000000000,0.20000000298023224
49.000000000000000,27.000000000000000,0.20000000298023224
50.000000000000000,27.000000000000000,0.20000000298023224
51.000000000000000,27.000000000000000,0.30000001192092896
52.000000000000000,27.000000000000000,0.30000001192092896
53.000000000000000,27.000000000000000,0.30000001192092896
54.000000000000000,27.000000000000000,0.30000001192092896
55.000000000000000,27.000000000000000,0.30000001192092896
56.000000000000000,27.000000000000000,0.30000001192092896
57.000000000000000,27.000000000000000,0.30000001192092896
58.000000000000000,27.000000000000000,0.30000001192092896
59.000000000000000,27.000000000000000,0.30000001192092896
60.000000000000000,27.000000000000000,0.10000000149011612
61.000000000000000,27.000000000000000,0.10000000149011612
62.000000000000000,27.000000000000000,0.10000000149011612
63.000000000000000,27.000000000000000,0.0000000000000000
64.000000000000000,27.000000000000000,0.0000000000000000
65.000000000000000,27.000000000000000,0.0000000000000000
66.000000000000000,27.000000000000000,0.0000000000000000
67.000000000000000,27.000000000000000,0.0000000000000000
68.000000000000000,27.000000000000000,0.0000000000000000
69.000000000000000,27.000000000000000,0.0000000000000000
70.000000000000000,27.000000000000000,0.0000000000000000
71.000000000000000,27.000000000000000,0.0000000000000000
72.000000000000000,27.000000000000000,0.20000000298023224
73.000000000000000,27.000000000000000,0.20000000298023224
74.000000000000000,27.000000000000000,0.20000000298023224
75.000000000000000,27.000000000000000,0.10000000149011612
76.000000000000000,27.000000000000000,0.10000000149011612
77.000000000000000,27.000000000000000,0.10000000149011612
78.000000000000000,27.000000000000000,0.10000000149011612
79.000000000000000,27.000000000000000,0.10000000149011612
80.000000000000000,27.000000000000000,0.10000000149011612
81.000000000000000,27.000000000000000,0.0000000000000000
82.000000000000000,27.000000000000000,0.0000000000000000
83.000000000000000,27.000000000000000,0.0000000000000000
84.000000000000000,27.000000000000000,0.0000000000000000
85.000000000000000,27.000000000000000,0.0000000000000000
86.000000000000000,27.000000000000000,0.0000000000000000
87.000000000000000,27.000000000000000,0.0000000000000000
88.000000000000000,27.000000000000000,0.0000000000000000
89.000000000000000,27.000000000000000,0.0000000000000000
90.000000000000000,27.000000000000000,0.0000000000000000
91.000000000000000,27.000000000000000,0.0000000000000000
92.000000000000000,27.000000000000000,0.0000000000000000
93.000000000000000,27.000000000000000,0.0000000000000000
94.000000000000000,27.000000000000000,0.0000000000000000
95.000000000000000,27.000000000000000,0.0000000000000000
96.000000000000000,27.000000000000000,0.0000000000000000
97.000000000000000,27.000000000000000,0.0000000000000000
98.000000000000000,27.000000000000000,0.0000000000000000
99.000000000000000,27.000000000000000,0.0000000000000000
100.00000000000000,27.000000000000000,0.0000000000000000
101.00000000000000,27.000000000000000,0.0000000000000000
102.00000000000000,27.000000000000000,0.0000000000000000
103.00000000000000,27.000000000000000,0.0000000000000000
104.00000000000000,27.000000000000000,0.0000000000000000
105.00000000000000,27.000000000000000,0.0000000000000000
106.00000000000000,27.000000000000000,0.0000000000000000
107.00000000000000,27.000000000000000,0.0000000000000000
108.00000000000000,27.000000000000000,0.0000000000000000
109.00000000000000,27.000000000000000,0.0000000000000000
110.00000000000000,27.000000000000000,0.0000000000000000
111.00000000000000,27.000000000000000,0.0000000000000000
112.00000000000000,27.000000000000000,0.0000000000000000
113.00000000000000,27.000000000000000,0.0000000000000000
1.0000000000000000,28.000000000000000,0.0000000000000000
2.0000000000000000,28.000000000000000,1.0000000000000000
3.0000000000000000,28.000000000000000,0.89999997615814209
4.0000000000000000,28.000000000000000,0.89999997615814209
5.0000000000000000,28.000000000000000,0.89999997615814209
6.0000000000000000,28.000000000000000,0.69999998807907104
7.0000000000000000,28.000000000000000,0.69999998807907104
8.0000000000000000,28.000000000000000,0.69999998807907104
9.0000000000000000,28.000000000000000,0.50000000000000000
10.000000000000000,28.000000000000000,0.50000000000000000
11.000000000000000,28.000000000000000,0.50000000000000000
12.000000000000000,28.000000000000000,0.10000000149011612
13.000000000000000,28.000000000000000,0.10000000149011612
14.000000000000000,28.000000000000000,0.10000000149011612
15.000000000000000,28.000000000000000,0.0000000000000000
16.000000000000000,28.000000000000000,0.0000000000000000
17.000000000000000,28.000000000000000,0.0000000000000000
18.000000000000000,28.000000000000000,0.0000000000000000
19.000000000000000,28.000000000000000,0.0000000000000000
20.000000000000000,28.000000000000000,0.0000000000000000
21.000000000000000,28.000000000000000,0.0000000000000000
22.000000000000000,28.000000000000000,0.0000000000000000
23.000000000000000,28.000000000000000,0.0000000000000000
24.000000000000000,28.000000000000000,0.0000000000000000
25.000000000000000,28.000000000000000,0.0000000000000000
26.000000000000000,28.000000000000000,0.0000000000000000
27.000000000000000,28.000000000000000,0.0000000000000000
28.000000000000000,28.000000000000000,0.0000000000000000
29.000000000000000,28.000000000000000,0.0000000000000000
30.000000000000000,28.000000000000000,0.0000000000000000
31.000000000000000,28.000000000000000,0.0000000000000000
32.000000000000000,28.000000000000000,0.0000000000000000
33.000000000000000,28.000000000000000,0.0000000000000000
34.000000000000000,28.000000000000000,0.0000000000000000
35.000000000000000,28.000000000000000,0.0000000000000000
36.000000000000000,28.000000000000000,0.20000000298023224
37.000000000000000,28.000000000000000,0.20000000298023224
38.000000000000000,28.000000000000000,0.20000000298023224
39.000000000000000,28.000000000000000,0.30000001192092896
40.000000000000000,28.000000000000000,0.30000001192092896
41.000000000000000,28.000000000000000,0.30000001192092896
42.000000000000000,28.000000000000000,0.30000001192092896
43.000000000000000,28.000000000000000,0.30000001192092896
44.000000000000000,28.000000000000000,0.30000001192092896
45.000000000000000,28.000000000000000,0.10000000149011612
46.000000000000000,28.000000000000000,0.10000000149011612
47.000000000000000,28.000000000000000,0.10000000149011612
48.000000000000000,28.000000000000000,0.20000000298023224
49.000000000000000,28.000000000000000,0.20000000298023224
50.000000000000000,28.000000000000000,0.20000000298023224
51.000000000000000,28.000000000000000,0.30000001192092896
52.000000000000000,28.000000000000000,0.30000001192092896
53.000000000000000,28.000000000000000,0.30000001192092896
54.000000000000000,28.000000000000000,0.30000001192092896
55.000000000000000,28.000000000000000,0.30000001192092896
56.000000000000000,28.000000000000000,0.30000001192092896
57.000000000000000,28.000000000000000,0.30000001192092896
58.000000000000000,28.000000000000000,0.30000001192092896
59.000000000000000,28.000000000000000,0.30000001192092896
60.000000000000000,28.000000000000000,0.10000000149011612
61.000000000000000,28.000000000000000,0.10000000149011612
62.000000000000000,28.000000000000000,0.10000000149011612
63.000000000000000,28.000000000000000,0.0000000000000000
64.000000000000000,28.000000000000000,0.0000000000000000
65.000000000000000,28.000000000000000,0.0000000000000000
66.000000000000000,28.000000000000000,0.0000000000000000
67.000000000000000,28.000000000000000,0.0000000000000000
68.000000000000000,28.000000000000000,0.0000000000000000
69.000000000000000,28.000000000000000,0.0000000000000000
70.000000000000000,28.000000000000000,0.0000000000000000
71.000000000000000,28.000000000000000,0.0000000000000000
72.000000000000000,28.000000000000000,0.20000000298023224
73.000000000000000,28.000000000000000,0.20000000298023224
74.000000000000000,28.000000000000000,0.20000000298023224
75.000000000000000,28.000000000000000,0.10000000149011612
76.000000000000000,28.000000000000000,0.10000000149011612
77.000000000000000,28.000000000000000,0.10000000149011612
78.000000000000000,28.000000000000000,0.10000000149011612
79.000000000000000,28.000000000000000,0.10000000149011612
80.000000000000000,28.000000000000000,0.10000000149011612
81.000000000000000,28.000000000000000,0.0000000000000000
82.000000000000000,28.000000000000000,0.0000000000000000
83.000000000000000,28.000000000000000,0.0000000000000000
84.000000000000000,28.000000000000000,0.0000000000000000
85.000000000000000,28.000000000000000,0.0000000000000000
86.000000000000000,28.000000000000000,0.0000000000000000
87.000000000000000,28.000000000000000,0.0000000000000000
88.000000000000000,28.000000000000000,0.0000000000000000
89.000000000000000,28.000000000000000,0.0000000000000000
90.000000000000000,28.000000000000000,0.0000000000000000
91.000000000000000,28.000000000000000,0.0000000000000000
92.000000000000000,28.000000000000000,0.0000000000000000
93.000000000000000,28.000000000000000,0.0000000000000000
94.000000000000000,28.000000000000000,0.0000000000000000
95.000000000000000,28.000000000000000,0.0000000000000000
96.000000000000000,28.000000000000000,0.0000000000000000
97.000000000000000,28.000000000000000,0.0000000000000000
98.000000000000000,28.000000000000000,0.0000000000000000
99.000000000000000,28.000000000000000,0.0000000000000000
100.00000000000000,28.000000000000000,0.0000000000000000
101.00000000000000,28.000000000000000,0.0000000000000000
102.00000000000000,28.000000000000000,0.0000000000000000
103.00000000000000,28.000000000000000,0.0000000000000000
104.00000000000000,28.000000000000000,0.0000000000000000
105.00000000000000,28.000000000000000,0.0000000000000000
106.00000000000000,28.000000000000000,0.0000000000000000
107.00000000000000,28.000000000000000,0.0000000000000000
108.00000000000000,28.000000000000000,0.0000000000000000
109.00000000000000,28.000000000000000,0.0000000000000000
110.00000000000000,28.000000000000000,0.0000000000000000
111.00000000000000,28.000000000000000,0.0000000000000000
112.00000000000000,28.000000000000000,0.0000000000000000
113.00000000000000,28.000000000000000,0.0000000000000000
1.0000000000000000,29.000000000000000,0.0000000000000000
2.0000000000000000,29.000000000000000,1.1000000238418579
3.0000000000000000,29.000000000000000,0.89999997615814209
4.0000000000000000,29.000000000000000,0.89999997615814209
5.0000000000000000,29.000000000000000,0.89999997615814209
6.0000000000000000,29.000000000000000,0.69999998807907104
7.0000000000000000,29.000000000000000,0.69999998807907104
8.0000000000000000,29.000000000000000,0.69999998807907104
9.0000000000000000,29.000000000000000,0.50000000000000000
10.000000000000000,29.000000000000000,0.50000000000000000
11.000000000000000,29.000000000000000,0.50000000000000000
12.000000000000000,29.000000000000000,0.10000000149011612
13.000000000000000,29.000000000000000,0.10000000149011612
14.000000000000000,29.000000000000000,0.10000000149011612
15.000000000000000,29.000000000000000,0.0000000000000000
16.000000000000000,29.000000000000000,0.0000000000000000
17.000000000000000,29.000000000000000,0.0000000000000000
18.000000000000000,29.000000000000000,0.0000000000000000
19.000000000000000,29.000000000000000,0.0000000000000000
20.000000000000000,29.000000000000000,0.0000000000000000
21.000000000000000,29.000000000000000,0.0000000000000000
22.000000000000000,29.000000000000000,0.0000000000000000
23.000000000000000,29.000000000000000,0.0000000000000000
24.000000000000000,29.000000000000000,0.0000000000000000
25.000000000000000,29.000000000000000,0.0000000000000000
26.000000000000000,29.000000000000000,0.0000000000000000
27.000000000000000,29.000000000000000,0.0000000000000000
28.000000000000000,29.000000000000000,0.0000000000000000
29.000000000000000,29.000000000000000,0.0000000000000000
30.000000000000000,29.000000000000000,0.0000000000000000
31.000000000000000,29.000000000000000,0.0000000000000000
32.000000000000000,29.000000000000000,0.0000000000000000
33.000000000000000,29.000000000000000,0.0000000000000000
34.000000000000000,29.000000000000000,0.0000000000000000
35.000000000000000,29.000000000000000,0.0000000000000000
36.000000000000000,29.000000000000000,0.20000000298023224
37.000000000000000,29.000000000000000,0.20000000298023224
38.000000000000000,29.000000000000000,0.20000000298023224
39.000000000000000,29.000000000000000,0.30000001192092896
40.000000000000000,29.000000000000000,0.30000001192092896
41.000000000000000,29.000000000000000,0.30000001192092896
42.000000000000000,29.000000000000000,0.30000001192092896
43.000000000000000,29.000000000000000,0.30000001192092896
44.000000000000000,29.000000000000000,0.30000001192092896
45.000000000000000,29.000000000000000,0.0000000000000000
46.000000000000000,29.000000000000000,0.0000000000000000
47.000000000000000,29.000000000000000,0.0000000000000000
48.000000000000000,29.000000000000000,0.10000000149011612
49.000000000000000,29.000000000000000,0.10000000149011612
50.000000000000000,29.000000000000000,0.10000000149011612
51.000000000000000,29.000000000000000,0.20000000298023224
52.000000000000000,29.000000000000000,0.20000000298023224
53.000000000000000,29.000000000000000,0.20000000298023224
54.000000000000000,29.000000000000000,0.30000001192092896
55.000000000000000,29.000000000000000,0.30000001192092896
56.000000000000000,29.000000000000000,0.30000001192092896
57.000000000000000,29.000000000000000,0.20000000298023224
58.000000000000000,29.000000000000000,0.20000000298023224
59.000000000000000,29.000000000000000,0.20000000298023224
60.000000000000000,29.000000000000000,0.20000000298023224
61.000000000000000,29.000000000000000,0.20000000298023224
62.000000000000000,29.000000000000000,0.20000000298023224
63.000000000000000,29.000000000000000,0.0000000000000000
64.000000000000000,29.000000000000000,0.0000000000000000
65.000000000000000,29.000000000000000,0.0000000000000000
66.000000000000000,29.000000000000000,0.0000000000000000
67.000000000000000,29.000000000000000,0.0000000000000000
68.000000000000000,29.000000000000000,0.0000000000000000
69.000000000000000,29.000000000000000,0.0000000000000000
70.000000000000000,29.000000000000000,0.0000000000000000
71.000000000000000,29.000000000000000,0.0000000000000000
72.000000000000000,29.000000000000000,0.0000000000000000
73.000000000000000,29.000000000000000,0.0000000000000000
74.000000000000000,29.000000000000000,0.0000000000000000
75.000000000000000,29.000000000000000,0.30000001192092896
76.000000000000000,29.000000000000000,0.30000001192092896
77.000000000000000,29.000000000000000,0.30000001192092896
78.000000000000000,29.000000000000000,0.10000000149011612
79.000000000000000,29.000000000000000,0.10000000149011612
80.000000000000000,29.000000000000000,0.10000000149011612
81.000000000000000,29.000000000000000,0.0000000000000000
82.000000000000000,29.000000000000000,0.0000000000000000
83.000000000000000,29.000000000000000,0.0000000000000000
84.000000000000000,29.000000000000000,0.0000000000000000
85.000000000000000,29.000000000000000,0.0000000000000000
86.000000000000000,29.000000000000000,0.0000000000000000
87.000000000000000,29.000000000000000,0.0000000000000000
88.000000000000000,29.000000000000000,0.0000000000000000
89.000000000000000,29.000000000000000,0.0000000000000000
90.000000000000000,29.000000000000000,0.0000000000000000
91.000000000000000,29.000000000000000,0.0000000000000000
92.000000000000000,29.000000000000000,0.0000000000000000
93.000000000000000,29.000000000000000,0.0000000000000000
94.000000000000000,29.000000000000000,0.0000000000000000
95.000000000000000,29.000000000000000,0.0000000000000000
96.000000000000000,29.000000000000000,0.0000000000000000
97.000000000000000,29.000000000000000,0.0000000000000000
98.000000000000000,29.000000000000000,0.0000000000000000
99.000000000000000,29.000000000000000,0.0000000000000000
100.00000000000000,29.000000000000000,0.0000000000000000
101.00000000000000,29.000000000000000,0.0000000000000000
102.00000000000000,29.000000000000000,0.0000000000000000
103.00000000000000,29.000000000000000,0.0000000000000000
104.00000000000000,29.000000000000000,0.0000000000000000
105.00000000000000,29.000000000000000,0.0000000000000000
106.00000000000000,29.000000000000000,0.0000000000000000
107.00000000000000,29.000000000000000,0.0000000000000000
108.00000000000000,29.000000000000000,0.0000000000000000
109.00000000000000,29.000000000000000,0.0000000000000000
110.00000000000000,29.000000000000000,0.0000000000000000
111.00000000000000,29.000000000000000,0.0000000000000000
112.00000000000000,29.000000000000000,0.0000000000000000
113.00000000000000,29.000000000000000,0.0000000000000000
1.0000000000000000,30.000000000000000,0.0000000000000000
2.0000000000000000,30.000000000000000,1.1000000238418579
3.0000000000000000,30.000000000000000,0.89999997615814209
4.0000000000000000,30.000000000000000,0.89999997615814209
5.0000000000000000,30.000000000000000,0.89999997615814209
6.0000000000000000,30.000000000000000,0.69999998807907104
7.0000000000000000,30.000000000000000,0.69999998807907104
8.0000000000000000,30.000000000000000,0.69999998807907104
9.0000000000000000,30.000000000000000,0.50000000000000000
10.000000000000000,30.000000000000000,0.50000000000000000
11.000000000000000,30.000000000000000,0.50000000000000000
12.000000000000000,30.000000000000000,0.10000000149011612
13.000000000000000,30.000000000000000,0.10000000149011612
14.000000000000000,30.000000000000000,0.10000000149011612
15.000000000000000,30.000000000000000,0.0000000000000000
16.000000000000000,30.000000000000000,0.0000000000000000
17.000000000000000,30.000000000000000,0.0000000000000000
18.000000000000000,30.000000000000000,0.0000000000000000
19.000000000000000,30.000000000000000,0.0000000000000000
20.000000000000000,30.000000000000000,0.0000000000000000
21.000000000000000,30.000000000000000,0.0000000000000000
22.000000000000000,30.000000000000000,0.0000000000000000
23.000000000000000,30.000000000000000,0.0000000000000000
24.000000000000000,30.000000000000000,0.0000000000000000
25.000000000000000,30.000000000000000,0.0000000000000000
26.000000000000000,30.000000000000000,0.0000000000000000
27.000000000000000,30.000000000000000,0.0000000000000000
28.000000000000000,30.000000000000000,0.0000000000000000
29.000000000000000,30.000000000000000,0.0000000000000000
30.000000000000000,30.000000000000000,0.0000000000000000
31.000000000000000,30.000000000000000,0.0000000000000000
32.000000000000000,30.000000000000000,0.0000000000000000
33.000000000000000,30.000000000000000,0.0000000000000000
34.000000000000000,30.000000000000000,0.0000000000000000
35.000000000000000,30.000000000000000,0.0000000000000000
36.000000000000000,30.000000000000000,0.20000000298023224
37.000000000000000,30.000000000000000,0.20000000298023224
38.000000000000000,30.000000000000000,0.20000000298023224
39.000000000000000,30.000000000000000,0.30000001192092896
40.000000000000000,30.000000000000000,0.30000001192092896
41.000000000000000,30.000000000000000,0.30000001192092896
42.000000000000000,30.000000000000000,0.30000001192092896
43.000000000000000,30.000000000000000,0.30000001192092896
44.000000000000000,30.000000000000000,0.30000001192092896
45.000000000000000,30.000000000000000,0.0000000000000000
46.000000000000000,30.000000000000000,0.0000000000000000
47.000000000000000,30.000000000000000,0.0000000000000000
48.000000000000000,30.000000000000000,0.10000000149011612
49.000000000000000,30.000000000000000,0.10000000149011612
50.000000000000000,30.000000000000000,0.10000000149011612
51.000000000000000,30.000000000000000,0.20000000298023224
52.000000000000000,30.000000000000000,0.20000000298023224
53.000000000000000,30.000000000000000,0.20000000298023224
54.000000000000000,30.000000000000000,0.30000001192092896
55.000000000000000,30.000000000000000,0.30000001192092896
56.000000000000000,30.000000000000000,0.30000001192092896
57.000000000000000,30.000000000000000,0.20000000298023224
58.000000000000000,30.000000000000000,0.20000000298023224
59.000000000000000,30.000000000000000,0.20000000298023224
60.000000000000000,30.000000000000000,0.20000000298023224
61.000000000000000,30.000000000000000,0.20000000298023224
62.000000000000000,30.000000000000000,0.20000000298023224
63.000000000000000,30.000000000000000,0.0000000000000000
64.000000000000000,30.000000000000000,0.0000000000000000
65.000000000000000,30.000000000000000,0.0000000000000000
66.000000000000000,30.000000000000000,0.0000000000000000
67.000000000000000,30.000000000000000,0.0000000000000000
68.000000000000000,30.000000000000000,0.0000000000000000
69.000000000000000,30.000000000000000,0.0000000000000000
70.000000000000000,30.000000000000000,0.0000000000000000
71.000000000000000,30.000000000000000,0.0000000000000000
72.000000000000000,30.000000000000000,0.0000000000000000
73.000000000000000,30.000000000000000,0.0000000000000000
74.000000000000000,30.000000000000000,0.0000000000000000
75.000000000000000,30.000000000000000,0.30000001192092896
76.000000000000000,30.000000000000000,0.30000001192092896
77.000000000000000,30.000000000000000,0.30000001192092896
78.000000000000000,30.000000000000000,0.10000000149011612
79.000000000000000,30.000000000000000,0.10000000149011612
80.000000000000000,30.000000000000000,0.10000000149011612
81.000000000000000,30.000000000000000,0.0000000000000000
82.000000000000000,30.000000000000000,0.0000000000000000
83.000000000000000,30.000000000000000,0.0000000000000000
84.000000000000000,30.000000000000000,0.0000000000000000
85.000000000000000,30.000000000000000,0.0000000000000000
86.000000000000000,30.000000000000000,0.0000000000000000
87.000000000000000,30.000000000000000,0.0000000000000000
88.000000000000000,30.000000000000000,0.0000000000000000
89.000000000000000,30.000000000000000,0.0000000000000000
90.000000000000000,30.000000000000000,0.0000000000000000
91.000000000000000,30.000000000000000,0.0000000000000000
92.000000000000000,30.000000000000000,0.0000000000000000
93.000000000000000,30.000000000000000,0.0000000000000000
94.000000000000000,30.000000000000000,0.0000000000000000
95.000000000000000,30.000000000000000,0.0000000000000000
96.000000000000000,30.000000000000000,0.0000000000000000
97.000000000000000,30.000000000000000,0.0000000000000000
98.000000000000000,30.000000000000000,0.0000000000000000
99.000000000000000,30.000000000000000,0.0000000000000000
100.00000000000000,30.000000000000000,0.0000000000000000
101.00000000000000,30.000000000000000,0.0000000000000000
102.00000000000000,30.000000000000000,0.0000000000000000
103.00000000000000,30.000000000000000,0.0000000000000000
104.00000000000000,30.000000000000000,0.0000000000000000
105.00000000000000,30.000000000000000,0.0000000000000000
106.00000000000000,30.000000000000000,0.0000000000000000
107.00000000000000,30.000000000000000,0.0000000000000000
108.00000000000000,30.000000000000000,0.0000000000000000
109.00000000000000,30.000000000000000,0.0000000000000000
110.00000000000000,30.000000000000000,0.0000000000000000
111.00000000000000,30.000000000000000,0.0000000000000000
112.00000000000000,30.000000000000000,0.0000000000000000
113.00000000000000,30.000000000000000,0.0000000000000000
1.0000000000000000,31.000000000000000,0.0000000000000000
2.0000000000000000,31.000000000000000,1.1000000238418579
3.0000000000000000,31.000000000000000,0.89999997615814209
4.0000000000000000,31.000000000000000,0.89999997615814209
5.0000000000000000,31.000000000000000,0.89999997615814209
6.0000000000000000,31.000000000000000,0.69999998807907104
7.0000000000000000,31.000000000000000,0.69999998807907104
8.0000000000000000,31.000000000000000,0.69999998807907104
9.0000000000000000,31.000000000000000,0.50000000000000000
10.000000000000000,31.000000000000000,0.50000000000000000
11.000000000000000,31.000000000000000,0.50000000000000000
12.000000000000000,31.000000000000000,0.10000000149011612
13.000000000000000,31.000000000000000,0.10000000149011612
14.000000000000000,31.000000000000000,0.10000000149011612
15.000000000000000,31.000000000000000,0.0000000000000000
16.000000000000000,31.000000000000000,0.0000000000000000
17.000000000000000,31.000000000000000,0.0000000000000000
18.000000000000000,31.000000000000000,0.0000000000000000
19.000000000000000,31.000000000000000,0.0000000000000000
20.000000000000000,31.000000000000000,0.0000000000000000
21.000000000000000,31.000000000000000,0.0000000000000000
22.000000000000000,31.000000000000000,0.0000000000000000
23.000000000000000,31.000000000000000,0.0000000000000000
24.000000000000000,31.000000000000000,0.0000000000000000
25.000000000000000,31.000000000000000,0.0000000000000000
26.000000000000000,31.000000000000000,0.0000000000000000
27.000000000000000,31.000000000000000,0.0000000000000000
28.000000000000000,31.000000000000000,0.0000000000000000
29.000000000000000,31.000000000000000,0.0000000000000000
30.000000000000000,31.000000000000000,0.0000000000000000
31.000000000000000,31.000000000000000,0.0000000000000000
32.000000000000000,31.000000000000000,0.0000000000000000
33.000000000000000,31.000000000000000,0.0000000000000000
34.000000000000000,31.000000000000000,0.0000000000000000
35.000000000000000,31.000000000000000,0.0000000000000000
36.000000000000000,31.000000000000000,0.20000000298023224
37.000000000000000,31.000000000000000,0.20000000298023224
38.000000000000000,31.000000000000000,0.20000000298023224
39.000000000000000,31.000000000000000,0.30000001192092896
40.000000000000000,31.000000000000000,0.30000001192092896
41.000000000000000,31.000000000000000,0.30000001192092896
42.000000000000000,31.000000000000000,0.30000001192092896
43.000000000000000,31.000000000000000,0.30000001192092896
44.000000000000000,31.000000000000000,0.30000001192092896
45.000000000000000,31.000000000000000,0.0000000000000000
46.000000000000000,31.000000000000000,0.0000000000000000
47.000000000000000,31.000000000000000,0.0000000000000000
48.000000000000000,31.000000000000000,0.10000000149011612
49.000000000000000,31.000000000000000,0.10000000149011612
50.000000000000000,31.000000000000000,0.10000000149011612
51.000000000000000,31.000000000000000,0.20000000298023224
52.000000000000000,31.000000000000000,0.20000000298023224
53.000000000000000,31.000000000000000,0.20000000298023224
54.000000000000000,31.000000000000000,0.30000001192092896
55.000000000000000,31.000000000000000,0.30000001192092896
56.000000000000000,31.000000000000000,0.30000001192092896
57.000000000000000,31.000000000000000,0.20000000298023224
58.000000000000000,31.000000000000000,0.20000000298023224
59.000000000000000,31.000000000000000,0.20000000298023224
60.000000000000000,31.000000000000000,0.20000000298023224
61.000000000000000,31.000000000000000,0.20000000298023224
62.000000000000000,31.000000000000000,0.20000000298023224
63.000000000000000,31.000000000000000,0.0000000000000000
64.000000000000000,31.000000000000000,0.0000000000000000
65.000000000000000,31.000000000000000,0.0000000000000000
66.000000000000000,31.000000000000000,0.0000000000000000
67.000000000000000,31.000000000000000,0.0000000000000000
68.000000000000000,31.000000000000000,0.0000000000000000
69.000000000000000,31.000000000000000,0.0000000000000000
70.000000000000000,31.000000000000000,0.0000000000000000
71.000000000000000,31.000000000000000,0.0000000000000000
72.000000000000000,31.000000000000000,0.0000000000000000
73.000000000000000,31.000000000000000,0.0000000000000000
74.000000000000000,31.000000000000000,0.0000000000000000
75.000000000000000,31.000000000000000,0.30000001192092896
76.000000000000000,31.000000000000000,0.30000001192092896
77.000000000000000,31.000000000000000,0.30000001192092896
78.000000000000000,31.000000000000000,0.10000000149011612
79.000000000000000,31.000000000000000,0.10000000149011612
80.000000000000000,31.000000000000000,0.10000000149011612
81.000000000000000,31.000000000000000,0.0000000000000000
82.000000000000000,31.000000000000000,0.0000000000000000
83.000000000000000,31.000000000000000,0.0000000000000000
84.000000000000000,31.000000000000000,0.0000000000000000
85.000000000000000,31.000000000000000,0.0000000000000000
86.000000000000000,31.000000000000000,0.0000000000000000
87.000000000000000,31.000000000000000,0.0000000000000000
88.000000000000000,31.000000000000000,0.0000000000000000
89.000000000000000,31.000000000000000,0.0000000000000000
90.000000000000000,31.000000000000000,0.0000000000000000
91.000000000000000,31.000000000000000,0.0000000000000000
92.000000000000000,31.000000000000000,0.0000000000000000
93.000000000000000,31.000000000000000,0.0000000000000000
94.000000000000000,31.000000000000000,0.0000000000000000
95.000000000000000,31.000000000000000,0.0000000000000000
96.000000000000000,31.000000000000000,0.0000000000000000
97.000000000000000,31.000000000000000,0.0000000000000000
98.000000000000000,31.000000000000000,0.0000000000000000
99.000000000000000,31.000000000000000,0.0000000000000000
100.00000000000000,31.000000000000000,0.0000000000000000
101.00000000000000,31.000000000000000,0.0000000000000000
102.00000000000000,31.000000000000000,0.0000000000000000
103.00000000000000,31.000000000000000,0.0000000000000000
104.00000000000000,31.000000000000000,0.0000000000000000
105.00000000000000,31.000000000000000,0.0000000000000000
106.00000000000000,31.000000000000000,0.0000000000000000
107.00000000000000,31.000000000000000,0.0000000000000000
108.00000000000000,31.000000000000000,0.0000000000000000
109.00000000000000,31.000000000000000,0.0000000000000000
110.00000000000000,31.000000000000000,0.0000000000000000
111.00000000000000,31.000000000000000,0.0000000000000000
112.00000000000000,31.000000000000000,0.0000000000000000
113.00000000000000,31.000000000000000,0.0000000000000000
1.0000000000000000,32.000000000000000,0.0000000000000000
2.0000000000000000,32.000000000000000,1.1000000238418579
3.0000000000000000,32.000000000000000,0.89999997615814209
4.0000000000000000,32.000000000000000,0.89999997615814209
5.0000000000000000,32.000000000000000,0.89999997615814209
6.0000000000000000,32.000000000000000,0.69999998807907104
7.0000000000000000,32.000000000000000,0.69999998807907104
8.0000000000000000,32.000000000000000,0.69999998807907104
9.0000000000000000,32.000000000000000,0.50000000000000000
10.000000000000000,32.000000000000000,0.50000000000000000
11.000000000000000,32.000000000000000,0.50000000000000000
12.000000000000000,32.000000000000000,0.10000000149011612
13.000000000000000,32.000000000000000,0.10000000149011612
14.000000000000000,32.000000000000000,0.10000000149011612
15.000000000000000,32.000000000000000,0.0000000000000000
16.000000000000000,32.000000000000000,0.0000000000000000
17.000000000000000,32.000000000000000,0.0000000000000000
18.000000000000000,32.000000000000000,0.0000000000000000
19.000000000000000,32.000000000000000,0.0000000000000000
20.000000000000000,32.000000000000000,0.0000000000000000
21.000000000000000,32.000000000000000,0.0000000000000000
22.000000000000000,32.000000000000000,0.0000000000000000
23.000000000000000,32.000000000000000,0.0000000000000000
24.000000000000000,32.000000000000000,0.0000000000000000
25.000000000000000,32.000000000000000,0.0000000000000000
26.000000000000000,32.000000000000000,0.0000000000000000
27.000000000000000,32.000000000000000,0.0000000000000000
28.000000000000000,32.000000000000000,0.0000000000000000
29.000000000000000,32.000000000000000,0.0000000000000000
30.000000000000000,32.000000000000000,0.0000000000000000
31.000000000000000,32.000000000000000,0.0000000000000000
32.000000000000000,32.000000000000000,0.0000000000000000
33.000000000000000,32.000000000000000,0.0000000000000000
34.000000000000000,32.000000000000000,0.0000000000000000
35.000000000000000,32.000000000000000,0.0000000000000000
36.000000000000000,32.000000000000000,0.10000000149011612
37.000000000000000,32.000000000000000,0.10000000149011612
38.000000000000000,32.000000000000000,0.10000000149011612
39.000000000000000,32.000000000000000,0.30000001192092896
40.000000000000000,32.000000000000000,0.30000001192092896
41.000000000000000,32.000000000000000,0.30000001192092896
42.000000000000000,32.000000000000000,0.30000001192092896
43.000000000000000,32.000000000000000,0.30000001192092896
44.000000000000000,32.000000000000000,0.30000001192092896
45.000000000000000,32.000000000000000,0.0000000000000000
46.000000000000000,32.000000000000000,0.0000000000000000
47.000000000000000,32.000000000000000,0.0000000000000000
48.000000000000000,32.000000000000000,0.10000000149011612
49.000000000000000,32.000000000000000,0.10000000149011612
50.000000000000000,32.000000000000000,0.10000000149011612
51.000000000000000,32.000000000000000,0.20000000298023224
52.000000000000000,32.000000000000000,0.20000000298023224
53.000000000000000,32.000000000000000,0.20000000298023224
54.000000000000000,32.000000000000000,0.20000000298023224
55.000000000000000,32.000000000000000,0.20000000298023224
56.000000000000000,32.000000000000000,0.20000000298023224
57.000000000000000,32.000000000000000,0.20000000298023224
58.000000000000000,32.000000000000000,0.20000000298023224
59.000000000000000,32.000000000000000,0.20000000298023224
60.000000000000000,32.000000000000000,0.20000000298023224
61.000000000000000,32.000000000000000,0.20000000298023224
62.000000000000000,32.000000000000000,0.20000000298023224
63.000000000000000,32.000000000000000,0.10000000149011612
64.000000000000000,32.000000000000000,0.10000000149011612
65.000000000000000,32.000000000000000,0.10000000149011612
66.000000000000000,32.000000000000000,0.10000000149011612
67.000000000000000,32.000000000000000,0.10000000149011612
68.000000000000000,32.000000000000000,0.10000000149011612
69.000000000000000,32.000000000000000,0.0000000000000000
70.000000000000000,32.000000000000000,0.0000000000000000
71.000000000000000,32.000000000000000,0.0000000000000000
72.000000000000000,32.000000000000000,0.10000000149011612
73.000000000000000,32.000000000000000,0.10000000149011612
74.000000000000000,32.000000000000000,0.10000000149011612
75.000000000000000,32.000000000000000,0.30000001192092896
76.000000000000000,32.000000000000000,0.30000001192092896
77.000000000000000,32.000000000000000,0.30000001192092896
78.000000000000000,32.000000000000000,0.10000000149011612
79.000000000000000,32.000000000000000,0.10000000149011612
80.000000000000000,32.000000000000000,0.10000000149011612
81.000000000000000,32.000000000000000,0.0000000000000000
82.000000000000000,32.000000000000000,0.0000000000000000
83.000000000000000,32.000000000000000,0.0000000000000000
84.000000000000000,32.000000000000000,0.0000000000000000
85.000000000000000,32.000000000000000,0.0000000000000000
86.000000000000000,32.000000000000000,0.0000000000000000
87.000000000000000,32.000000000000000,0.0000000000000000
88.000000000000000,32.000000000000000,0.0000000000000000
89.000000000000000,32.000000000000000,0.0000000000000000
90.000000000000000,32.000000000000000,0.0000000000000000
91.000000000000000,32.000000000000000,0.0000000000000000
92.000000000000000,32.000000000000000,0.0000000000000000
93.000000000000000,32.000000000000000,0.0000000000000000
94.000000000000000,32.000000000000000,0.0000000000000000
95.000000000000000,32.000000000000000,0.0000000000000000
96.000000000000000,32.000000000000000,0.0000000000000000
97.000000000000000,32.000000000000000,0.0000000000000000
98.000000000000000,32.000000000000000,0.0000000000000000
99.000000000000000,32.000000000000000,0.0000000000000000
100.00000000000000,32.000000000000000,0.0000000000000000
101.00000000000000,32.000000000000000,0.0000000000000000
102.00000000000000,32.000000000000000,0.0000000000000000
103.00000000000000,32.000000000000000,0.0000000000000000
104.00000000000000,32.000000000000000,0.0000000000000000
105.00000000000000,32.000000000000000,0.0000000000000000
106.00000000000000,32.000000000000000,0.0000000000000000
107.00000000000000,32.000000000000000,0.0000000000000000
108.00000000000000,32.000000000000000,0.0000000000000000
109.00000000000000,32.000000000000000,0.0000000000000000
110.00000000000000,32.000000000000000,0.0000000000000000
111.00000000000000,32.000000000000000,0.0000000000000000
112.00000000000000,32.000000000000000,0.0000000000000000
113.00000000000000,32.000000000000000,0.0000000000000000
1.0000000000000000,33.000000000000000,0.0000000000000000
2.0000000000000000,33.000000000000000,1.1000000238418579
3.0000000000000000,33.000000000000000,0.89999997615814209
4.0000000000000000,33.000000000000000,0.89999997615814209
5.0000000000000000,33.000000000000000,0.89999997615814209
6.0000000000000000,33.000000000000000,0.69999998807907104
7.0000000000000000,33.000000000000000,0.69999998807907104
8.0000000000000000,33.000000000000000,0.69999998807907104
9.0000000000000000,33.000000000000000,0.50000000000000000
10.000000000000000,33.000000000000000,0.50000000000000000
11.000000000000000,33.000000000000000,0.50000000000000000
12.000000000000000,33.000000000000000,0.10000000149011612
13.000000000000000,33.000000000000000,0.10000000149011612
14.000000000000000,33.000000000000000,0.10000000149011612
15.000000000000000,33.000000000000000,0.0000000000000000
16.000000000000000,33.000000000000000,0.0000000000000000
17.000000000000000,33.000000000000000,0.0000000000000000
18.000000000000000,33.000000000000000,0.0000000000000000
19.000000000000000,33.000000000000000,0.0000000000000000
20.000000000000000,33.000000000000000,0.0000000000000000
21.000000000000000,33.000000000000000,0.0000000000000000
22.000000000000000,33.000000000000000,0.0000000000000000
23.000000000000000,33.000000000000000,0.0000000000000000
24.000000000000000,33.000000000000000,0.0000000000000000
25.000000000000000,33.000000000000000,0.0000000000000000
26.000000000000000,33.000000000000000,0.0000000000000000
27.000000000000000,33.000000000000000,0.0000000000000000
28.000000000000000,33.000000000000000,0.0000000000000000
29.000000000000000,33.000000000000000,0.0000000000000000
30.000000000000000,33.000000000000000,0.0000000000000000
31.000000000000000,33.000000000000000,0.0000000000000000
32.000000000000000,33.000000000000000,0.0000000000000000
33.000000000000000,33.000000000000000,0.0000000000000000
34.000000000000000,33.000000000000000,0.0000000000000000
35.000000000000000,33.000000000000000,0.0000000000000000
36.000000000000000,33.000000000000000,0.10000000149011612
37.000000000000000,33.000000000000000,0.10000000149011612
38.000000000000000,33.000000000000000,0.10000000149011612
39.000000000000000,33.000000000000000,0.30000001192092896
40.000000000000000,33.000000000000000,0.30000001192092896
41.000000000000000,33.000000000000000,0.30000001192092896
42.000000000000000,33.000000000000000,0.30000001192092896
43.000000000000000,33.000000000000000,0.30000001192092896
44.000000000000000,33.000000000000000,0.30000001192092896
45.000000000000000,33.000000000000000,0.0000000000000000
46.000000000000000,33.000000000000000,0.0000000000000000
47.000000000000000,33.000000000000000,0.0000000000000000
48.000000000000000,33.000000000000000,0.10000000149011612
49.000000000000000,33.000000000000000,0.10000000149011612
50.000000000000000,33.000000000000000,0.10000000149011612
51.000000000000000,33.000000000000000,0.20000000298023224
52.000000000000000,33.000000000000000,0.20000000298023224
53.000000000000000,33.000000000000000,0.20000000298023224
54.000000000000000,33.000000000000000,0.20000000298023224
55.000000000000000,33.000000000000000,0.20000000298023224
56.000000000000000,33.000000000000000,0.20000000298023224
57.000000000000000,33.000000000000000,0.20000000298023224
58.000000000000000,33.000000000000000,0.20000000298023224
59.000000000000000,33.000000000000000,0.20000000298023224
60.000000000000000,33.000000000000000,0.20000000298023224
61.000000000000000,33.000000000000000,0.20000000298023224
62.000000000000000,33.000000000000000,0.20000000298023224
63.000000000000000,33.000000000000000,0.10000000149011612
64.000000000000000,33.000000000000000,0.10000000149011612
65.000000000000000,33.000000000000000,0.10000000149011612
66.000000000000000,33.000000000000000,0.10000000149011612
67.000000000000000,33.000000000000000,0.10000000149011612
68.000000000000000,33.000000000000000,0.10000000149011612
69.000000000000000,33.000000000000000,0.0000000000000000
70.000000000000000,33.000000000000000,0.0000000000000000
71.000000000000000,33.000000000000000,0.0000000000000000
72.000000000000000,33.000000000000000,0.10000000149011612
73.000000000000000,33.000000000000000,0.10000000149011612
74.000000000000000,33.000000000000000,0.10000000149011612
75.000000000000000,33.000000000000000,0.30000001192092896
76.000000000000000,33.000000000000000,0.30000001192092896
77.000000000000000,33.000000000000000,0.30000001192092896
78.000000000000000,33.000000000000000,0.10000000149011612
79.000000000000000,33.000000000000000,0.10000000149011612
80.000000000000000,33.000000000000000,0.10000000149011612
81.000000000000000,33.000000000000000,0.0000000000000000
82.000000000000000,33.000000000000000,0.0000000000000000
83.000000000000000,33.000000000000000,0.0000000000000000
84.000000000000000,33.000000000000000,0.0000000000000000
85.000000000000000,33.000000000000000,0.0000000000000000
86.000000000000000,33.000000000000000,0.0000000000000000
87.000000000000000,33.000000000000000,0.0000000000000000
88.000000000000000,33.000000000000000,0.0000000000000000
89.000000000000000,33.000000000000000,0.0000000000000000
90.000000000000000,33.000000000000000,0.0000000000000000
91.000000000000000,33.000000000000000,0.0000000000000000
92.000000000000000,33.000000000000000,0.0000000000000000
93.000000000000000,33.000000000000000,0.0000000000000000
94.000000000000000,33.000000000000000,0.0000000000000000
95.000000000000000,33.000000000000000,0.0000000000000000
96.000000000000000,33.000000000000000,0.0000000000000000
97.000000000000000,33.000000000000000,0.0000000000000000
98.000000000000000,33.000000000000000,0.0000000000000000
99.000000000000000,33.000000000000000,0.0000000000000000
100.00000000000000,33.000000000000000,0.0000000000000000
101.00000000000000,33.000000000000000,0.0000000000000000
102.00000000000000,33.000000000000000,0.0000000000000000
103.00000000000000,33.000000000000000,0.0000000000000000
104.00000000000000,33.000000000000000,0.0000000000000000
105.00000000000000,33.000000000000000,0.0000000000000000
106.00000000000000,33.000000000000000,0.0000000000000000
107.00000000000000,33.000000000000000,0.0000000000000000
108.00000000000000,33.000000000000000,0.0000000000000000
109.00000000000000,33.000000000000000,0.0000000000000000
110.00000000000000,33.000000000000000,0.0000000000000000
111.00000000000000,33.000000000000000,0.0000000000000000
112.00000000000000,33.000000000000000,0.0000000000000000
113.00000000000000,33.000000000000000,0.0000000000000000
1.0000000000000000,34.000000000000000,0.0000000000000000
2.0000000000000000,34.000000000000000,1.1000000238418579
3.0000000000000000,34.000000000000000,0.89999997615814209
4.0000000000000000,34.000000000000000,0.89999997615814209
5.0000000000000000,34.000000000000000,0.89999997615814209
6.0000000000000000,34.000000000000000,0.69999998807907104
7.0000000000000000,34.000000000000000,0.69999998807907104
8.0000000000000000,34.000000000000000,0.69999998807907104
9.0000000000000000,34.000000000000000,0.50000000000000000
10.000000000000000,34.000000000000000,0.50000000000000000
11.000000000000000,34.000000000000000,0.50000000000000000
12.000000000000000,34.000000000000000,0.10000000149011612
13.000000000000000,34.000000000000000,0.10000000149011612
14.000000000000000,34.000000000000000,0.10000000149011612
15.000000000000000,34.000000000000000,0.0000000000000000
16.000000000000000,34.000000000000000,0.0000000000000000
17.000000000000000,34.000000000000000,0.0000000000000000
18.000000000000000,34.000000000000000,0.0000000000000000
19.000000000000000,34.000000000000000,0.0000000000000000
20.000000000000000,34.000000000000000,0.0000000000000000
21.000000000000000,34.000000000000000,0.0000000000000000
22.000000000000000,34.000000000000000,0.0000000000000000
23.000000000000000,34.000000000000000,0.0000000000000000
24.000000000000000,34.000000000000000,0.0000000000000000
25.000000000000000,34.000000000000000,0.0000000000000000
26.000000000000000,34.000000000000000,0.0000000000000000
27.000000000000000,34.000000000000000,0.0000000000000000
28.000000000000000,34.000000000000000,0.0000000000000000
29.000000000000000,34.000000000000000,0.0000000000000000
30.000000000000000,34.000000000000000,0.0000000000000000
31.000000000000000,34.000000000000000,0.0000000000000000
32.000000000000000,34.000000000000000,0.0000000000000000
33.000000000000000,34.000000000000000,0.0000000000000000
34.000000000000000,34.000000000000000,0.0000000000000000
35.000000000000000,34.000000000000000,0.0000000000000000
36.000000000000000,34.000000000000000,0.10000000149011612
37.000000000000000,34.000000000000000,0.10000000149011612
38.000000000000000,34.000000000000000,0.10000000149011612
39.000000000000000,34.000000000000000,0.30000001192092896
40.000000000000000,34.000000000000000,0.30000001192092896
41.000000000000000,34.000000000000000,0.30000001192092896
42.000000000000000,34.000000000000000,0.30000001192092896
43.000000000000000,34.000000000000000,0.30000001192092896
44.000000000000000,34.000000000000000,0.30000001192092896
45.000000000000000,34.000000000000000,0.0000000000000000
46.000000000000000,34.000000000000000,0.0000000000000000
47.000000000000000,34.000000000000000,0.0000000000000000
48.000000000000000,34.000000000000000,0.10000000149011612
49.000000000000000,34.000000000000000,0.10000000149011612
50.000000000000000,34.000000000000000,0.10000000149011612
51.000000000000000,34.000000000000000,0.20000000298023224
52.000000000000000,34.000000000000000,0.20000000298023224
53.000000000000000,34.000000000000000,0.20000000298023224
54.000000000000000,34.000000000000000,0.20000000298023224
55.000000000000000,34.000000000000000,0.20000000298023224
56.000000000000000,34.000000000000000,0.20000000298023224
57.000000000000000,34.000000000000000,0.20000000298023224
58.000000000000000,34.000000000000000,0.20000000298023224
59.000000000000000,34.000000000000000,0.20000000298023224
60.000000000000000,34.000000000000000,0.20000000298023224
61.000000000000000,34.000000000000000,0.20000000298023224
62.000000000000000,34.000000000000000,0.20000000298023224
63.000000000000000,34.000000000000000,0.10000000149011612
64.000000000000000,34.000000000000000,0.10000000149011612
65.000000000000000,34.000000000000000,0.10000000149011612
66.000000000000000,34.000000000000000,0.10000000149011612
67.000000000000000,34.000000000000000,0.10000000149011612
68.000000000000000,34.000000000000000,0.10000000149011612
69.000000000000000,34.000000000000000,0.0000000000000000
70.000000000000000,34.000000000000000,0.0000000000000000
71.000000000000000,34.000000000000000,0.0000000000000000
72.000000000000000,34.000000000000000,0.10000000149011612
73.000000000000000,34.000000000000000,0.10000000149011612
74.000000000000000,34.000000000000000,0.10000000149011612
75.000000000000000,34.000000000000000,0.30000001192092896
76.000000000000000,34.000000000000000,0.30000001192092896
77.000000000000000,34.000000000000000,0.30000001192092896
78.000000000000000,34.000000000000000,0.10000000149011612
79.000000000000000,34.000000000000000,0.10000000149011612
80.000000000000000,34.000000000000000,0.10000000149011612
81.000000000000000,34.000000000000000,0.0000000000000000
82.000000000000000,34.000000000000000,0.0000000000000000
83.000000000000000,34.000000000000000,0.0000000000000000
84.000000000000000,34.000000000000000,0.0000000000000000
85.000000000000000,34.000000000000000,0.0000000000000000
86.000000000000000,34.000000000000000,0.0000000000000000
87.000000000000000,34.000000000000000,0.0000000000000000
88.000000000000000,34.000000000000000,0.0000000000000000
89.000000000000000,34.000000000000000,0.0000000000000000
90.000000000000000,34.000000000000000,0.0000000000000000
91.000000000000000,34.000000000000000,0.0000000000000000
92.000000000000000,34.000000000000000,0.0000000000000000
93.000000000000000,34.000000000000000,0.0000000000000000
94.000000000000000,34.000000000000000,0.0000000000000000
95.000000000000000,34.000000000000000,0.0000000000000000
96.000000000000000,34.000000000000000,0.0000000000000000
97.000000000000000,34.000000000000000,0.0000000000000000
98.000000000000000,34.000000000000000,0.0000000000000000
99.000000000000000,34.000000000000000,0.0000000000000000
100.00000000000000,34.000000000000000,0.0000000000000000
101.00000000000000,34.000000000000000,0.0000000000000000
102.00000000000000,34.000000000000000,0.0000000000000000
103.00000000000000,34.000000000000000,0.0000000000000000
104.00000000000000,34.000000000000000,0.0000000000000000
105.00000000000000,34.000000000000000,0.0000000000000000
106.00000000000000,34.000000000000000,0.0000000000000000
107.00000000000000,34.000000000000000,0.0000000000000000
108.00000000000000,34.000000000000000,0.0000000000000000
109.00000000000000,34.000000000000000,0.0000000000000000
110.00000000000000,34.000000000000000,0.0000000000000000
111.00000000000000,34.000000000000000,0.0000000000000000
112.00000000000000,34.000000000000000,0.0000000000000000
113.00000000000000,34.000000000000000,0.0000000000000000
1.0000000000000000,35.000000000000000,0.0000000000000000
2.0000000000000000,35.000000000000000,1.2000000476837158
3.0000000000000000,35.000000000000000,0.89999997615814209
4.0000000000000000,35.000000000000000,0.89999997615814209
5.0000000000000000,35.000000000000000,0.89999997615814209
6.0000000000000000,35.000000000000000,0.69999998807907104
7.0000000000000000,35.000000000000000,0.69999998807907104
8.0000000000000000,35.000000000000000,0.69999998807907104
9.0000000000000000,35.000000000000000,0.50000000000000000
10.000000000000000,35.000000000000000,0.50000000000000000
11.000000000000000,35.000000000000000,0.50000000000000000
12.000000000000000,35.000000000000000,0.30000001192092896
13.000000000000000,35.000000000000000,0.30000001192092896
14.000000000000000,35.000000000000000,0.30000001192092896
15.000000000000000,35.000000000000000,0.0000000000000000
16.000000000000000,35.000000000000000,0.0000000000000000
17.000000000000000,35.000000000000000,0.0000000000000000
18.000000000000000,35.000000000000000,0.0000000000000000
19.000000000000000,35.000000000000000,0.0000000000000000
20.000000000000000,35.000000000000000,0.0000000000000000
21.000000000000000,35.000000000000000,0.0000000000000000
22.000000000000000,35.000000000000000,0.0000000000000000
23.000000000000000,35.000000000000000,0.0000000000000000
24.000000000000000,35.000000000000000,0.0000000000000000
25.000000000000000,35.000000000000000,0.0000000000000000
26.000000000000000,35.000000000000000,0.0000000000000000
27.000000000000000,35.000000000000000,0.0000000000000000
28.000000000000000,35.000000000000000,0.0000000000000000
29.000000000000000,35.000000000000000,0.0000000000000000
30.000000000000000,35.000000000000000,0.0000000000000000
31.000000000000000,35.000000000000000,0.0000000000000000
32.000000000000000,35.000000000000000,0.0000000000000000
33.000000000000000,35.000000000000000,0.0000000000000000
34.000000000000000,35.000000000000000,0.0000000000000000
35.000000000000000,35.000000000000000,0.0000000000000000
36.000000000000000,35.000000000000000,0.0000000000000000
37.000000000000000,35.000000000000000,0.0000000000000000
38.000000000000000,35.000000000000000,0.0000000000000000
39.000000000000000,35.000000000000000,0.0000000000000000
40.000000000000000,35.000000000000000,0.0000000000000000
41.000000000000000,35.000000000000000,0.0000000000000000
42.000000000000000,35.000000000000000,0.30000001192092896
43.000000000000000,35.000000000000000,0.30000001192092896
44.000000000000000,35.000000000000000,0.30000001192092896
45.000000000000000,35.000000000000000,0.0000000000000000
46.000000000000000,35.000000000000000,0.0000000000000000
47.000000000000000,35.000000000000000,0.0000000000000000
48.000000000000000,35.000000000000000,0.0000000000000000
49.000000000000000,35.000000000000000,0.0000000000000000
50.000000000000000,35.000000000000000,0.0000000000000000
51.000000000000000,35.000000000000000,0.0000000000000000
52.000000000000000,35.000000000000000,0.0000000000000000
53.000000000000000,35.000000000000000,0.0000000000000000
54.000000000000000,35.000000000000000,0.20000000298023224
55.000000000000000,35.000000000000000,0.20000000298023224
56.000000000000000,35.000000000000000,0.20000000298023224
57.000000000000000,35.000000000000000,0.20000000298023224
58.000000000000000,35.000000000000000,0.20000000298023224
59.000000000000000,35.000000000000000,0.20000000298023224
60.000000000000000,35.000000000000000,0.20000000298023224
61.000000000000000,35.000000000000000,0.20000000298023224
62.000000000000000,35.000000000000000,0.20000000298023224
63.000000000000000,35.000000000000000,0.20000000298023224
64.000000000000000,35.000000000000000,0.20000000298023224
65.000000000000000,35.000000000000000,0.20000000298023224
66.000000000000000,35.000000000000000,0.20000000298023224
67.000000000000000,35.000000000000000,0.20000000298023224
68.000000000000000,35.000000000000000,0.20000000298023224
69.000000000000000,35.000000000000000,0.20000000298023224
70.000000000000000,35.000000000000000,0.20000000298023224
71.000000000000000,35.000000000000000,0.20000000298023224
72.000000000000000,35.000000000000000,0.20000000298023224
73.000000000000000,35.000000000000000,0.20000000298023224
74.000000000000000,35.000000000000000,0.20000000298023224
75.000000000000000,35.000000000000000,0.30000001192092896
76.000000000000000,35.000000000000000,0.30000001192092896
77.000000000000000,35.000000000000000,0.30000001192092896
78.000000000000000,35.000000000000000,0.20000000298023224
79.000000000000000,35.000000000000000,0.20000000298023224
80.000000000000000,35.000000000000000,0.20000000298023224
81.000000000000000,35.000000000000000,0.0000000000000000
82.000000000000000,35.000000000000000,0.0000000000000000
83.000000000000000,35.000000000000000,0.0000000000000000
84.000000000000000,35.000000000000000,0.0000000000000000
85.000000000000000,35.000000000000000,0.0000000000000000
86.000000000000000,35.000000000000000,0.0000000000000000
87.000000000000000,35.000000000000000,0.0000000000000000
88.000000000000000,35.000000000000000,0.0000000000000000
89.000000000000000,35.000000000000000,0.0000000000000000
90.000000000000000,35.000000000000000,0.0000000000000000
91.000000000000000,35.000000000000000,0.0000000000000000
92.000000000000000,35.000000000000000,0.0000000000000000
93.000000000000000,35.000000000000000,0.0000000000000000
94.000000000000000,35.000000000000000,0.0000000000000000
95.000000000000000,35.000000000000000,0.0000000000000000
96.000000000000000,35.000000000000000,0.0000000000000000
97.000000000000000,35.000000000000000,0.0000000000000000
98.000000000000000,35.000000000000000,0.0000000000000000
99.000000000000000,35.000000000000000,0.0000000000000000
100.00000000000000,35.000000000000000,0.0000000000000000
101.00000000000000,35.000000000000000,0.0000000000000000
102.00000000000000,35.000000000000000,0.0000000000000000
103.00000000000000,35.000000000000000,0.0000000000000000
104.00000000000000,35.000000000000000,0.0000000000000000
105.00000000000000,35.000000000000000,0.0000000000000000
106.00000000000000,35.000000000000000,0.0000000000000000
107.00000000000000,35.000000000000000,0.0000000000000000
108.00000000000000,35.000000000000000,0.0000000000000000
109.00000000000000,35.000000000000000,0.0000000000000000
110.00000000000000,35.000000000000000,0.0000000000000000
111.00000000000000,35.000000000000000,0.0000000000000000
112.00000000000000,35.000000000000000,0.0000000000000000
113.00000000000000,35.000000000000000,0.0000000000000000
1.0000000000000000,36.000000000000000,0.0000000000000000
2.0000000000000000,36.000000000000000,1.2000000476837158
3.0000000000000000,36.000000000000000,0.89999997615814209
4.0000000000000000,36.000000000000000,0.89999997615814209
5.0000000000000000,36.000000000000000,0.89999997615814209
6.0000000000000000,36.000000000000000,0.69999998807907104
7.0000000000000000,36.000000000000000,0.69999998807907104
8.0000000000000000,36.000000000000000,0.69999998807907104
9.0000000000000000,36.000000000000000,0.50000000000000000
10.000000000000000,36.000000000000000,0.50000000000000000
11.000000000000000,36.000000000000000,0.50000000000000000
12.000000000000000,36.000000000000000,0.30000001192092896
13.000000000000000,36.000000000000000,0.30000001192092896
14.000000000000000,36.000000000000000,0.30000001192092896
15.000000000000000,36.000000000000000,0.0000000000000000
16.000000000000000,36.000000000000000,0.0000000000000000
17.000000000000000,36.000000000000000,0.0000000000000000
18.000000000000000,36.000000000000000,0.0000000000000000
19.000000000000000,36.000000000000000,0.0000000000000000
20.000000000000000,36.000000000000000,0.0000000000000000
21.000000000000000,36.000000000000000,0.0000000000000000
22.000000000000000,36.000000000000000,0.0000000000000000
23.000000000000000,36.000000000000000,0.0000000000000000
24.000000000000000,36.000000000000000,0.0000000000000000
25.000000000000000,36.000000000000000,0.0000000000000000
26.000000000000000,36.000000000000000,0.0000000000000000
27.000000000000000,36.000000000000000,0.0000000000000000
28.000000000000000,36.000000000000000,0.0000000000000000
29.000000000000000,36.000000000000000,0.0000000000000000
30.000000000000000,36.000000000000000,0.0000000000000000
31.000000000000000,36.000000000000000,0.0000000000000000
32.000000000000000,36.000000000000000,0.0000000000000000
33.000000000000000,36.000000000000000,0.0000000000000000
34.000000000000000,36.000000000000000,0.0000000000000000
35.000000000000000,36.000000000000000,0.0000000000000000
36.000000000000000,36.000000000000000,0.0000000000000000
37.000000000000000,36.000000000000000,0.0000000000000000
38.000000000000000,36.000000000000000,0.0000000000000000
39.000000000000000,36.000000000000000,0.0000000000000000
40.000000000000000,36.000000000000000,0.0000000000000000
41.000000000000000,36.000000000000000,0.0000000000000000
42.000000000000000,36.000000000000000,0.30000001192092896
43.000000000000000,36.000000000000000,0.30000001192092896
44.000000000000000,36.000000000000000,0.30000001192092896
45.000000000000000,36.000000000000000,0.0000000000000000
46.000000000000000,36.000000000000000,0.0000000000000000
47.000000000000000,36.000000000000000,0.0000000000000000
48.000000000000000,36.000000000000000,0.0000000000000000
49.000000000000000,36.000000000000000,0.0000000000000000
50.000000000000000,36.000000000000000,0.0000000000000000
51.000000000000000,36.000000000000000,0.0000000000000000
52.000000000000000,36.000000000000000,0.0000000000000000
53.000000000000000,36.000000000000000,0.0000000000000000
54.000000000000000,36.000000000000000,0.20000000298023224
55.000000000000000,36.000000000000000,0.20000000298023224
56.000000000000000,36.000000000000000,0.20000000298023224
57.000000000000000,36.000000000000000,0.20000000298023224
58.000000000000000,36.000000000000000,0.20000000298023224
59.000000000000000,36.000000000000000,0.20000000298023224
60.000000000000000,36.000000000000000,0.20000000298023224
61.000000000000000,36.000000000000000,0.20000000298023224
62.000000000000000,36.000000000000000,0.20000000298023224
63.000000000000000,36.000000000000000,0.20000000298023224
64.000000000000000,36.000000000000000,0.20000000298023224
65.000000000000000,36.000000000000000,0.20000000298023224
66.000000000000000,36.000000000000000,0.20000000298023224
67.000000000000000,36.000000000000000,0.20000000298023224
68.000000000000000,36.000000000000000,0.20000000298023224
69.000000000000000,36.000000000000000,0.20000000298023224
70.000000000000000,36.000000000000000,0.20000000298023224
71.000000000000000,36.000000000000000,0.20000000298023224
72.000000000000000,36.000000000000000,0.20000000298023224
73.000000000000000,36.000000000000000,0.20000000298023224
74.000000000000000,36.000000000000000,0.20000000298023224
75.000000000000000,36.000000000000000,0.30000001192092896
76.000000000000000,36.000000000000000,0.30000001192092896
77.000000000000000,36.000000000000000,0.30000001192092896
78.000000000000000,36.000000000000000,0.20000000298023224
79.000000000000000,36.000000000000000,0.20000000298023224
80.000000000000000,36.000000000000000,0.20000000298023224
81.000000000000000,36.000000000000000,0.0000000000000000
82.000000000000000,36.000000000000000,0.0000000000000000
83.000000000000000,36.000000000000000,0.0000000000000000
84.000000000000000,36.000000000000000,0.0000000000000000
85.000000000000000,36.000000000000000,0.0000000000000000
86.000000000000000,36.000000000000000,0.0000000000000000
87.000000000000000,36.000000000000000,0.0000000000000000
88.000000000000000,36.000000000000000,0.0000000000000000
89.000000000000000,36.000000000000000,0.0000000000000000
90.000000000000000,36.000000000000000,0.0000000000000000
91.000000000000000,36.000000000000000,0.0000000000000000
92.000000000000000,36.000000000000000,0.0000000000000000
93.000000000000000,36.000000000000000,0.0000000000000000
94.000000000000000,36.000000000000000,0.0000000000000000
95.000000000000000,36.000000000000000,0.0000000000000000
96.000000000000000,36.000000000000000,0.0000000000000000
97.000000000000000,36.000000000000000,0.0000000000000000
98.000000000000000,36.000000000000000,0.0000000000000000
99.000000000000000,36.000000000000000,0.0000000000000000
100.00000000000000,36.000000000000000,0.0000000000000000
101.00000000000000,36.000000000000000,0.0000000000000000
102.00000000000000,36.000000000000000,0.0000000000000000
103.00000000000000,36.000000000000000,0.0000000000000000
104.00000000000000,36.000000000000000,0.0000000000000000
105.00000000000000,36.000000000000000,0.0000000000000000
106.00000000000000,36.000000000000000,0.0000000000000000
107.00000000000000,36.000000000000000,0.0000000000000000
108.00000000000000,36.000000000000000,0.0000000000000000
109.00000000000000,36.000000000000000,0.0000000000000000
110.00000000000000,36.000000000000000,0.0000000000000000
111.00000000000000,36.000000000000000,0.0000000000000000
112.00000000000000,36.000000000000000,0.0000000000000000
113.00000000000000,36.000000000000000,0.0000000000000000
1.0000000000000000,37.000000000000000,0.0000000000000000
2.0000000000000000,37.000000000000000,1.2000000476837158
3.0000000000000000,37.000000000000000,0.89999997615814209
4.0000000000000000,37.000000000000000,0.89999997615814209
5.0000000000000000,37.000000000000000,0.89999997615814209
6.0000000000000000,37.000000000000000,0.69999998807907104
7.0000000000000000,37.000000000000000,0.69999998807907104
8.0000000000000000,37.000000000000000,0.69999998807907104
9.0000000000000000,37.000000000000000,0.50000000000000000
10.000000000000000,37.000000000000000,0.50000000000000000
11.000000000000000,37.000000000000000,0.50000000000000000
12.000000000000000,37.000000000000000,0.30000001192092896
13.000000000000000,37.000000000000000,0.30000001192092896
14.000000000000000,37.000000000000000,0.30000001192092896
15.000000000000000,37.000000000000000,0.0000000000000000
16.000000000000000,37.000000000000000,0.0000000000000000
17.000000000000000,37.000000000000000,0.0000000000000000
18.000000000000000,37.000000000000000,0.0000000000000000
19.000000000000000,37.000000000000000,0.0000000000000000
20.000000000000000,37.000000000000000,0.0000000000000000
21.000000000000000,37.000000000000000,0.0000000000000000
22.000000000000000,37.000000000000000,0.0000000000000000
23.000000000000000,37.000000000000000,0.0000000000000000
24.000000000000000,37.000000000000000,0.0000000000000000
25.000000000000000,37.000000000000000,0.0000000000000000
26.000000000000000,37.000000000000000,0.0000000000000000
27.000000000000000,37.000000000000000,0.0000000000000000
28.000000000000000,37.000000000000000,0.0000000000000000
29.000000000000000,37.000000000000000,0.0000000000000000
30.000000000000000,37.000000000000000,0.0000000000000000
31.000000000000000,37.000000000000000,0.0000000000000000
32.000000000000000,37.000000000000000,0.0000000000000000
33.000000000000000,37.000000000000000,0.0000000000000000
34.000000000000000,37.000000000000000,0.0000000000000000
35.000000000000000,37.000000000000000,0.0000000000000000
36.000000000000000,37.000000000000000,0.0000000000000000
37.000000000000000,37.000000000000000,0.0000000000000000
38.000000000000000,37.000000000000000,0.0000000000000000
39.000000000000000,37.000000000000000,0.0000000000000000
40.000000000000000,37.000000000000000,0.0000000000000000
41.000000000000000,37.000000000000000,0.0000000000000000
42.000000000000000,37.000000000000000,0.30000001192092896
43.000000000000000,37.000000000000000,0.30000001192092896
44.000000000000000,37.000000000000000,0.30000001192092896
45.000000000000000,37.000000000000000,0.0000000000000000
46.000000000000000,37.000000000000000,0.0000000000000000
47.000000000000000,37.000000000000000,0.0000000000000000
48.000000000000000,37.000000000000000,0.0000000000000000
49.000000000000000,37.000000000000000,0.0000000000000000
50.000000000000000,37.000000000000000,0.0000000000000000
51.000000000000000,37.000000000000000,0.0000000000000000
52.000000000000000,37.000000000000000,0.0000000000000000
53.000000000000000,37.000000000000000,0.0000000000000000
54.000000000000000,37.000000000000000,0.20000000298023224
55.000000000000000,37.000000000000000,0.20000000298023224
56.000000000000000,37.000000000000000,0.20000000298023224
57.000000000000000,37.000000000000000,0.20000000298023224
58.000000000000000,37.000000000000000,0.20000000298023224
59.000000000000000,37.000000000000000,0.20000000298023224
60.000000000000000,37.000000000000000,0.20000000298023224
61.000000000000000,37.000000000000000,0.20000000298023224
62.000000000000000,37.000000000000000,0.20000000298023224
63.000000000000000,37.000000000000000,0.20000000298023224
64.000000000000000,37.000000000000000,0.20000000298023224
65.000000000000000,37.000000000000000,0.20000000298023224
66.000000000000000,37.000000000000000,0.20000000298023224
67.000000000000000,37.000000000000000,0.20000000298023224
68.000000000000000,37.000000000000000,0.20000000298023224
69.000000000000000,37.000000000000000,0.20000000298023224
70.000000000000000,37.000000000000000,0.20000000298023224
71.000000000000000,37.000000000000000,0.20000000298023224
72.000000000000000,37.000000000000000,0.20000000298023224
73.000000000000000,37.000000000000000,0.20000000298023224
74.000000000000000,37.000000000000000,0.20000000298023224
75.000000000000000,37.000000000000000,0.30000001192092896
76.000000000000000,37.000000000000000,0.30000001192092896
77.000000000000000,37.000000000000000,0.30000001192092896
78.000000000000000,37.000000000000000,0.20000000298023224
79.000000000000000,37.000000000000000,0.20000000298023224
80.000000000000000,37.000000000000000,0.20000000298023224
81.000000000000000,37.000000000000000,0.0000000000000000
82.000000000000000,37.000000000000000,0.0000000000000000
83.000000000000000,37.000000000000000,0.0000000000000000
84.000000000000000,37.000000000000000,0.0000000000000000
85.000000000000000,37.000000000000000,0.0000000000000000
86.000000000000000,37.000000000000000,0.0000000000000000
87.000000000000000,37.000000000000000,0.0000000000000000
88.000000000000000,37.000000000000000,0.0000000000000000
89.000000000000000,37.000000000000000,0.0000000000000000
90.000000000000000,37.000000000000000,0.0000000000000000
91.000000000000000,37.000000000000000,0.0000000000000000
92.000000000000000,37.000000000000000,0.0000000000000000
93.000000000000000,37.000000000000000,0.0000000000000000
94.000000000000000,37.000000000000000,0.0000000000000000
95.000000000000000,37.000000000000000,0.0000000000000000
96.000000000000000,37.000000000000000,0.0000000000000000
97.000000000000000,37.000000000000000,0.0000000000000000
98.000000000000000,37.000000000000000,0.0000000000000000
99.000000000000000,37.000000000000000,0.0000000000000000
100.00000000000000,37.000000000000000,0.0000000000000000
101.00000000000000,37.000000000000000,0.0000000000000000
102.00000000000000,37.000000000000000,0.0000000000000000
103.00000000000000,37.000000000000000,0.0000000000000000
104.00000000000000,37.000000000000000,0.0000000000000000
105.00000000000000,37.000000000000000,0.0000000000000000
106.00000000000000,37.000000000000000,0.0000000000000000
107.00000000000000,37.000000000000000,0.0000000000000000
108.00000000000000,37.000000000000000,0.0000000000000000
109.00000000000000,37.000000000000000,0.0000000000000000
110.00000000000000,37.000000000000000,0.0000000000000000
111.00000000000000,37.000000000000000,0.0000000000000000
112.00000000000000,37.000000000000000,0.0000000000000000
113.00000000000000,37.000000000000000,0.0000000000000000
1.0000000000000000,38.000000000000000,0.0000000000000000
2.0000000000000000,38.000000000000000,1.2000000476837158
3.0000000000000000,38.000000000000000,1.0000000000000000
4.0000000000000000,38.000000000000000,1.0000000000000000
5.0000000000000000,38.000000000000000,1.0000000000000000
6.0000000000000000,38.000000000000000,0.80000001192092896
7.0000000000000000,38.000000000000000,0.80000001192092896
8.0000000000000000,38.000000000000000,0.80000001192092896
9.0000000000000000,38.000000000000000,0.60000002384185791
10.000000000000000,38.000000000000000,0.60000002384185791
11.000000000000000,38.000000000000000,0.60000002384185791
12.000000000000000,38.000000000000000,0.40000000596046448
13.000000000000000,38.000000000000000,0.40000000596046448
14.000000000000000,38.000000000000000,0.40000000596046448
15.000000000000000,38.000000000000000,0.20000000298023224
16.000000000000000,38.000000000000000,0.20000000298023224
17.000000000000000,38.000000000000000,0.20000000298023224
18.000000000000000,38.000000000000000,0.10000000149011612
19.000000000000000,38.000000000000000,0.10000000149011612
20.000000000000000,38.000000000000000,0.10000000149011612
21.000000000000000,38.000000000000000,0.0000000000000000
22.000000000000000,38.000000000000000,0.0000000000000000
23.000000000000000,38.000000000000000,0.0000000000000000
24.000000000000000,38.000000000000000,0.0000000000000000
25.000000000000000,38.000000000000000,0.0000000000000000
26.000000000000000,38.000000000000000,0.0000000000000000
27.000000000000000,38.000000000000000,0.10000000149011612
28.000000000000000,38.000000000000000,0.10000000149011612
29.000000000000000,38.000000000000000,0.10000000149011612
30.000000000000000,38.000000000000000,0.0000000000000000
31.000000000000000,38.000000000000000,0.0000000000000000
32.000000000000000,38.000000000000000,0.0000000000000000
33.000000000000000,38.000000000000000,0.0000000000000000
34.000000000000000,38.000000000000000,0.0000000000000000
35.000000000000000,38.000000000000000,0.0000000000000000
36.000000000000000,38.000000000000000,0.0000000000000000
37.000000000000000,38.000000000000000,0.0000000000000000
38.000000000000000,38.000000000000000,0.0000000000000000
39.000000000000000,38.000000000000000,0.0000000000000000
40.000000000000000,38.000000000000000,0.0000000000000000
41.000000000000000,38.000000000000000,0.0000000000000000
42.000000000000000,38.000000000000000,0.0000000000000000
43.000000000000000,38.000000000000000,0.0000000000000000
44.000000000000000,38.000000000000000,0.0000000000000000
45.000000000000000,38.000000000000000,0.0000000000000000
46.000000000000000,38.000000000000000,0.0000000000000000
47.000000000000000,38.000000000000000,0.0000000000000000
48.000000000000000,38.000000000000000,0.0000000000000000
49.000000000000000,38.000000000000000,0.0000000000000000
50.000000000000000,38.000000000000000,0.0000000000000000
51.000000000000000,38.000000000000000,0.0000000000000000
52.000000000000000,38.000000000000000,0.0000000000000000
53.000000000000000,38.000000000000000,0.0000000000000000
54.000000000000000,38.000000000000000,0.10000000149011612
55.000000000000000,38.000000000000000,0.10000000149011612
56.000000000000000,38.000000000000000,0.10000000149011612
57.000000000000000,38.000000000000000,0.20000000298023224
58.000000000000000,38.000000000000000,0.20000000298023224
59.000000000000000,38.000000000000000,0.20000000298023224
60.000000000000000,38.000000000000000,0.20000000298023224
61.000000000000000,38.000000000000000,0.20000000298023224
62.000000000000000,38.000000000000000,0.20000000298023224
63.000000000000000,38.000000000000000,0.20000000298023224
64.000000000000000,38.000000000000000,0.20000000298023224
65.000000000000000,38.000000000000000,0.20000000298023224
66.000000000000000,38.000000000000000,0.20000000298023224
67.000000000000000,38.000000000000000,0.20000000298023224
68.000000000000000,38.000000000000000,0.20000000298023224
69.000000000000000,38.000000000000000,0.30000001192092896
70.000000000000000,38.000000000000000,0.30000001192092896
71.000000000000000,38.000000000000000,0.30000001192092896
72.000000000000000,38.000000000000000,0.30000001192092896
73.000000000000000,38.000000000000000,0.30000001192092896
74.000000000000000,38.000000000000000,0.30000001192092896
75.000000000000000,38.000000000000000,0.30000001192092896
76.000000000000000,38.000000000000000,0.30000001192092896
77.000000000000000,38.000000000000000,0.30000001192092896
78.000000000000000,38.000000000000000,0.30000001192092896
79.000000000000000,38.000000000000000,0.30000001192092896
80.000000000000000,38.000000000000000,0.30000001192092896
81.000000000000000,38.000000000000000,0.30000001192092896
82.000000000000000,38.000000000000000,0.30000001192092896
83.000000000000000,38.000000000000000,0.30000001192092896
84.000000000000000,38.000000000000000,0.10000000149011612
85.000000000000000,38.000000000000000,0.10000000149011612
86.000000000000000,38.000000000000000,0.10000000149011612
87.000000000000000,38.000000000000000,0.0000000000000000
88.000000000000000,38.000000000000000,0.0000000000000000
89.000000000000000,38.000000000000000,0.0000000000000000
90.000000000000000,38.000000000000000,0.0000000000000000
91.000000000000000,38.000000000000000,0.0000000000000000
92.000000000000000,38.000000000000000,0.0000000000000000
93.000000000000000,38.000000000000000,0.0000000000000000
94.000000000000000,38.000000000000000,0.0000000000000000
95.000000000000000,38.000000000000000,0.0000000000000000
96.000000000000000,38.000000000000000,0.0000000000000000
97.000000000000000,38.000000000000000,0.0000000000000000
98.000000000000000,38.000000000000000,0.0000000000000000
99.000000000000000,38.000000000000000,0.0000000000000000
100.00000000000000,38.000000000000000,0.0000000000000000
101.00000000000000,38.000000000000000,0.0000000000000000
102.00000000000000,38.000000000000000,0.0000000000000000
103.00000000000000,38.000000000000000,0.0000000000000000
104.00000000000000,38.000000000000000,0.0000000000000000
105.00000000000000,38.000000000000000,0.0000000000000000
106.00000000000000,38.000000000000000,0.0000000000000000
107.00000000000000,38.000000000000000,0.0000000000000000
108.00000000000000,38.000000000000000,0.0000000000000000
109.00000000000000,38.000000000000000,0.0000000000000000
110.00000000000000,38.000000000000000,0.0000000000000000
111.00000000000000,38.000000000000000,0.0000000000000000
112.00000000000000,38.000000000000000,0.0000000000000000
113.00000000000000,38.000000000000000,0.0000000000000000
1.0000000000000000,39.000000000000000,0.0000000000000000
2.0000000000000000,39.000000000000000,1.2000000476837158
3.0000000000000000,39.000000000000000,1.0000000000000000
4.0000000000000000,39.000000000000000,1.0000000000000000
5.0000000000000000,39.000000000000000,1.0000000000000000
6.0000000000000000,39.000000000000000,0.80000001192092896
7.0000000000000000,39.000000000000000,0.80000001192092896
8.0000000000000000,39.000000000000000,0.80000001192092896
9.0000000000000000,39.000000000000000,0.60000002384185791
10.000000000000000,39.000000000000000,0.60000002384185791
11.000000000000000,39.000000000000000,0.60000002384185791
12.000000000000000,39.000000000000000,0.40000000596046448
13.000000000000000,39.000000000000000,0.40000000596046448
14.000000000000000,39.000000000000000,0.40000000596046448
15.000000000000000,39.000000000000000,0.20000000298023224
16.000000000000000,39.000000000000000,0.20000000298023224
17.000000000000000,39.000000000000000,0.20000000298023224
18.000000000000000,39.000000000000000,0.10000000149011612
19.000000000000000,39.000000000000000,0.10000000149011612
20.000000000000000,39.000000000000000,0.10000000149011612
21.000000000000000,39.000000000000000,0.0000000000000000
22.000000000000000,39.000000000000000,0.0000000000000000
23.000000000000000,39.000000000000000,0.0000000000000000
24.000000000000000,39.000000000000000,0.0000000000000000
25.000000000000000,39.000000000000000,0.0000000000000000
26.000000000000000,39.000000000000000,0.0000000000000000
27.000000000000000,39.000000000000000,0.10000000149011612
28.000000000000000,39.000000000000000,0.10000000149011612
29.000000000000000,39.000000000000000,0.10000000149011612
30.000000000000000,39.000000000000000,0.0000000000000000
31.000000000000000,39.000000000000000,0.0000000000000000
32.000000000000000,39.000000000000000,0.0000000000000000
33.000000000000000,39.000000000000000,0.0000000000000000
34.000000000000000,39.000000000000000,0.0000000000000000
35.000000000000000,39.000000000000000,0.0000000000000000
36.000000000000000,39.000000000000000,0.0000000000000000
37.000000000000000,39.000000000000000,0.0000000000000000
38.000000000000000,39.000000000000000,0.0000000000000000
39.000000000000000,39.000000000000000,0.0000000000000000
40.000000000000000,39.000000000000000,0.0000000000000000
41.000000000000000,39.000000000000000,0.0000000000000000
42.000000000000000,39.000000000000000,0.0000000000000000
43.000000000000000,39.000000000000000,0.0000000000000000
44.000000000000000,39.000000000000000,0.0000000000000000
45.000000000000000,39.000000000000000,0.0000000000000000
46.000000000000000,39.000000000000000,0.0000000000000000
47.000000000000000,39.000000000000000,0.0000000000000000
48.000000000000000,39.000000000000000,0.0000000000000000
49.000000000000000,39.000000000000000,0.0000000000000000
50.000000000000000,39.000000000000000,0.0000000000000000
51.000000000000000,39.000000000000000,0.0000000000000000
52.000000000000000,39.000000000000000,0.0000000000000000
53.000000000000000,39.000000000000000,0.0000000000000000
54.000000000000000,39.000000000000000,0.10000000149011612
55.000000000000000,39.000000000000000,0.10000000149011612
56.000000000000000,39.000000000000000,0.10000000149011612
57.000000000000000,39.000000000000000,0.20000000298023224
58.000000000000000,39.000000000000000,0.20000000298023224
59.000000000000000,39.000000000000000,0.20000000298023224
60.000000000000000,39.000000000000000,0.20000000298023224
61.000000000000000,39.000000000000000,0.20000000298023224
62.000000000000000,39.000000000000000,0.20000000298023224
63.000000000000000,39.000000000000000,0.20000000298023224
64.000000000000000,39.000000000000000,0.20000000298023224
65.000000000000000,39.000000000000000,0.20000000298023224
66.000000000000000,39.000000000000000,0.20000000298023224
67.000000000000000,39.000000000000000,0.20000000298023224
68.000000000000000,39.000000000000000,0.20000000298023224
69.000000000000000,39.000000000000000,0.30000001192092896
70.000000000000000,39.000000000000000,0.30000001192092896
71.000000000000000,39.000000000000000,0.30000001192092896
72.000000000000000,39.000000000000000,0.30000001192092896
73.000000000000000,39.000000000000000,0.30000001192092896
74.000000000000000,39.000000000000000,0.30000001192092896
75.000000000000000,39.000000000000000,0.30000001192092896
76.000000000000000,39.000000000000000,0.30000001192092896
77.000000000000000,39.000000000000000,0.30000001192092896
78.000000000000000,39.000000000000000,0.30000001192092896
79.000000000000000,39.000000000000000,0.30000001192092896
80.000000000000000,39.000000000000000,0.30000001192092896
81.000000000000000,39.000000000000000,0.30000001192092896
82.000000000000000,39.000000000000000,0.30000001192092896
83.000000000000000,39.000000000000000,0.30000001192092896
84.000000000000000,39.000000000000000,0.10000000149011612
85.000000000000000,39.000000000000000,0.10000000149011612
86.000000000000000,39.000000000000000,0.10000000149011612
87.000000000000000,39.000000000000000,0.0000000000000000
88.000000000000000,39.000000000000000,0.0000000000000000
89.000000000000000,39.000000000000000,0.0000000000000000
90.000000000000000,39.000000000000000,0.0000000000000000
91.000000000000000,39.000000000000000,0.0000000000000000
92.000000000000000,39.000000000000000,0.0000000000000000
93.000000000000000,39.000000000000000,0.0000000000000000
94.000000000000000,39.000000000000000,0.0000000000000000
95.000000000000000,39.000000000000000,0.0000000000000000
96.000000000000000,39.000000000000000,0.0000000000000000
97.000000000000000,39.000000000000000,0.0000000000000000
98.000000000000000,39.000000000000000,0.0000000000000000
99.000000000000000,39.000000000000000,0.0000000000000000
100.00000000000000,39.000000000000000,0.0000000000000000
101.00000000000000,39.000000000000000,0.0000000000000000
102.00000000000000,39.000000000000000,0.0000000000000000
103.00000000000000,39.000000000000000,0.0000000000000000
104.00000000000000,39.000000000000000,0.0000000000000000
105.00000000000000,39.000000000000000,0.0000000000000000
106.00000000000000,39.000000000000000,0.0000000000000000
107.00000000000000,39.000000000000000,0.0000000000000000
108.00000000000000,39.000000000000000,0.0000000000000000
109.00000000000000,39.000000000000000,0.0000000000000000
110.00000000000000,39.000000000000000,0.0000000000000000
111.00000000000000,39.000000000000000,0.0000000000000000
112.00000000000000,39.000000000000000,0.0000000000000000
113.00000000000000,39.000000000000000,0.0000000000000000
1.0000000000000000,40.000000000000000,0.0000000000000000
2.0000000000000000,40.000000000000000,1.2000000476837158
3.0000000000000000,40.000000000000000,1.0000000000000000
4.0000000000000000,40.000000000000000,1.0000000000000000
5.0000000000000000,40.000000000000000,1.0000000000000000
6.0000000000000000,40.000000000000000,0.80000001192092896
7.0000000000000000,40.000000000000000,0.80000001192092896
8.0000000000000000,40.000000000000000,0.80000001192092896
9.0000000000000000,40.000000000000000,0.60000002384185791
10.000000000000000,40.000000000000000,0.60000002384185791
11.000000000000000,40.000000000000000,0.60000002384185791
12.000000000000000,40.000000000000000,0.40000000596046448
13.000000000000000,40.000000000000000,0.40000000596046448
14.000000000000000,40.000000000000000,0.40000000596046448
15.000000000000000,40.000000000000000,0.20000000298023224
16.000000000000000,40.000000000000000,0.20000000298023224
17.000000000000000,40.000000000000000,0.20000000298023224
18.000000000000000,40.000000000000000,0.10000000149011612
19.000000000000000,40.000000000000000,0.10000000149011612
20.000000000000000,40.000000000000000,0.10000000149011612
21.000000000000000,40.000000000000000,0.0000000000000000
22.000000000000000,40.000000000000000,0.0000000000000000
23.000000000000000,40.000000000000000,0.0000000000000000
24.000000000000000,40.000000000000000,0.0000000000000000
25.000000000000000,40.000000000000000,0.0000000000000000
26.000000000000000,40.000000000000000,0.0000000000000000
27.000000000000000,40.000000000000000,0.10000000149011612
28.000000000000000,40.000000000000000,0.10000000149011612
29.000000000000000,40.000000000000000,0.10000000149011612
30.000000000000000,40.000000000000000,0.0000000000000000
31.000000000000000,40.000000000000000,0.0000000000000000
32.000000000000000,40.000000000000000,0.0000000000000000
33.000000000000000,40.000000000000000,0.0000000000000000
34.000000000000000,40.000000000000000,0.0000000000000000
35.000000000000000,40.000000000000000,0.0000000000000000
36.000000000000000,40.000000000000000,0.0000000000000000
37.000000000000000,40.000000000000000,0.0000000000000000
38.000000000000000,40.000000000000000,0.0000000000000000
39.000000000000000,40.000000000000000,0.0000000000000000
40.000000000000000,40.000000000000000,0.0000000000000000
41.000000000000000,40.000000000000000,0.0000000000000000
42.000000000000000,40.000000000000000,0.0000000000000000
43.000000000000000,40.000000000000000,0.0000000000000000
44.000000000000000,40.000000000000000,0.0000000000000000
45.000000000000000,40.000000000000000,0.0000000000000000
46.000000000000000,40.000000000000000,0.0000000000000000
47.000000000000000,40.000000000000000,0.0000000000000000
48.000000000000000,40.000000000000000,0.0000000000000000
49.000000000000000,40.000000000000000,0.0000000000000000
50.000000000000000,40.000000000000000,0.0000000000000000
51.000000000000000,40.000000000000000,0.0000000000000000
52.000000000000000,40.000000000000000,0.0000000000000000
53.000000000000000,40.000000000000000,0.0000000000000000
54.000000000000000,40.000000000000000,0.10000000149011612
55.000000000000000,40.000000000000000,0.10000000149011612
56.000000000000000,40.000000000000000,0.10000000149011612
57.000000000000000,40.000000000000000,0.20000000298023224
58.000000000000000,40.000000000000000,0.20000000298023224
59.000000000000000,40.000000000000000,0.20000000298023224
60.000000000000000,40.000000000000000,0.20000000298023224
61.000000000000000,40.000000000000000,0.20000000298023224
62.000000000000000,40.000000000000000,0.20000000298023224
63.000000000000000,40.000000000000000,0.20000000298023224
64.000000000000000,40.000000000000000,0.20000000298023224
65.000000000000000,40.000000000000000,0.20000000298023224
66.000000000000000,40.000000000000000,0.20000000298023224
67.000000000000000,40.000000000000000,0.20000000298023224
68.000000000000000,40.000000000000000,0.20000000298023224
69.000000000000000,40.000000000000000,0.30000001192092896
70.000000000000000,40.000000000000000,0.30000001192092896
71.000000000000000,40.000000000000000,0.30000001192092896
72.000000000000000,40.000000000000000,0.30000001192092896
73.000000000000000,40.000000000000000,0.30000001192092896
74.000000000000000,40.000000000000000,0.30000001192092896
75.000000000000000,40.000000000000000,0.30000001192092896
76.000000000000000,40.000000000000000,0.30000001192092896
77.000000000000000,40.000000000000000,0.30000001192092896
78.000000000000000,40.000000000000000,0.30000001192092896
79.000000000000000,40.000000000000000,0.30000001192092896
80.000000000000000,40.000000000000000,0.30000001192092896
81.000000000000000,40.000000000000000,0.30000001192092896
82.000000000000000,40.000000000000000,0.30000001192092896
83.000000000000000,40.000000000000000,0.30000001192092896
84.000000000000000,40.000000000000000,0.10000000149011612
85.000000000000000,40.000000000000000,0.10000000149011612
86.000000000000000,40.000000000000000,0.10000000149011612
87.000000000000000,40.000000000000000,0.0000000000000000
88.000000000000000,40.000000000000000,0.0000000000000000
89.000000000000000,40.000000000000000,0.0000000000000000
90.000000000000000,40.000000000000000,0.0000000000000000
91.000000000000000,40.000000000000000,0.0000000000000000
92.000000000000000,40.000000000000000,0.0000000000000000
93.000000000000000,40.000000000000000,0.0000000000000000
94.000000000000000,40.000000000000000,0.0000000000000000
95.000000000000000,40.000000000000000,0.0000000000000000
96.000000000000000,40.000000000000000,0.0000000000000000
97.000000000000000,40.000000000000000,0.0000000000000000
98.000000000000000,40.000000000000000,0.0000000000000000
99.000000000000000,40.000000000000000,0.0000000000000000
100.00000000000000,40.000000000000000,0.0000000000000000
101.00000000000000,40.000000000000000,0.0000000000000000
102.00000000000000,40.000000000000000,0.0000000000000000
103.00000000000000,40.000000000000000,0.0000000000000000
104.00000000000000,40.000000000000000,0.0000000000000000
105.00000000000000,40.000000000000000,0.0000000000000000
106.00000000000000,40.000000000000000,0.0000000000000000
107.00000000000000,40.000000000000000,0.0000000000000000
108.00000000000000,40.000000000000000,0.0000000000000000
109.00000000000000,40.000000000000000,0.0000000000000000
110.00000000000000,40.000000000000000,0.0000000000000000
111.00000000000000,40.000000000000000,0.0000000000000000
112.00000000000000,40.000000000000000,0.0000000000000000
113.00000000000000,40.000000000000000,0.0000000000000000
1.0000000000000000,41.000000000000000,0.0000000000000000
2.0000000000000000,41.000000000000000,1.2000000476837158
3.0000000000000000,41.000000000000000,1.0000000000000000
4.0000000000000000,41.000000000000000,1.0000000000000000
5.0000000000000000,41.000000000000000,1.0000000000000000
6.0000000000000000,41.000000000000000,0.89999997615814209
7.0000000000000000,41.000000000000000,0.89999997615814209
8.0000000000000000,41.000000000000000,0.89999997615814209
9.0000000000000000,41.000000000000000,0.69999998807907104
10.000000000000000,41.000000000000000,0.69999998807907104
11.000000000000000,41.000000000000000,0.69999998807907104
12.000000000000000,41.000000000000000,0.50000000000000000
13.000000000000000,41.000000000000000,0.50000000000000000
14.000000000000000,41.000000000000000,0.50000000000000000
15.000000000000000,41.000000000000000,0.40000000596046448
16.000000000000000,41.000000000000000,0.40000000596046448
17.000000000000000,41.000000000000000,0.40000000596046448
18.000000000000000,41.000000000000000,0.30000001192092896
19.000000000000000,41.000000000000000,0.30000001192092896
20.000000000000000,41.000000000000000,0.30000001192092896
21.000000000000000,41.000000000000000,0.20000000298023224
22.000000000000000,41.000000000000000,0.20000000298023224
23.000000000000000,41.000000000000000,0.20000000298023224
24.000000000000000,41.000000000000000,0.30000001192092896
25.000000000000000,41.000000000000000,0.30000001192092896
26.000000000000000,41.000000000000000,0.30000001192092896
27.000000000000000,41.000000000000000,0.30000001192092896
28.000000000000000,41.000000000000000,0.30000001192092896
29.000000000000000,41.000000000000000,0.30000001192092896
30.000000000000000,41.000000000000000,0.20000000298023224
31.000000000000000,41.000000000000000,0.20000000298023224
32.000000000000000,41.000000000000000,0.20000000298023224
33.000000000000000,41.000000000000000,0.20000000298023224
34.000000000000000,41.000000000000000,0.20000000298023224
35.000000000000000,41.000000000000000,0.20000000298023224
36.000000000000000,41.000000000000000,0.0000000000000000
37.000000000000000,41.000000000000000,0.0000000000000000
38.000000000000000,41.000000000000000,0.0000000000000000
39.000000000000000,41.000000000000000,0.0000000000000000
40.000000000000000,41.000000000000000,0.0000000000000000
41.000000000000000,41.000000000000000,0.0000000000000000
42.000000000000000,41.000000000000000,0.0000000000000000
43.000000000000000,41.000000000000000,0.0000000000000000
44.000000000000000,41.000000000000000,0.0000000000000000
45.000000000000000,41.000000000000000,0.0000000000000000
46.000000000000000,41.000000000000000,0.0000000000000000
47.000000000000000,41.000000000000000,0.0000000000000000
48.000000000000000,41.000000000000000,0.0000000000000000
49.000000000000000,41.000000000000000,0.0000000000000000
50.000000000000000,41.000000000000000,0.0000000000000000
51.000000000000000,41.000000000000000,0.0000000000000000
52.000000000000000,41.000000000000000,0.0000000000000000
53.000000000000000,41.000000000000000,0.0000000000000000
54.000000000000000,41.000000000000000,0.0000000000000000
55.000000000000000,41.000000000000000,0.0000000000000000
56.000000000000000,41.000000000000000,0.0000000000000000
57.000000000000000,41.000000000000000,0.20000000298023224
58.000000000000000,41.000000000000000,0.20000000298023224
59.000000000000000,41.000000000000000,0.20000000298023224
60.000000000000000,41.000000000000000,0.20000000298023224
61.000000000000000,41.000000000000000,0.20000000298023224
62.000000000000000,41.000000000000000,0.20000000298023224
63.000000000000000,41.000000000000000,0.20000000298023224
64.000000000000000,41.000000000000000,0.20000000298023224
65.000000000000000,41.000000000000000,0.20000000298023224
66.000000000000000,41.000000000000000,0.20000000298023224
67.000000000000000,41.000000000000000,0.20000000298023224
68.000000000000000,41.000000000000000,0.20000000298023224
69.000000000000000,41.000000000000000,0.30000001192092896
70.000000000000000,41.000000000000000,0.30000001192092896
71.000000000000000,41.000000000000000,0.30000001192092896
72.000000000000000,41.000000000000000,0.30000001192092896
73.000000000000000,41.000000000000000,0.30000001192092896
74.000000000000000,41.000000000000000,0.30000001192092896
75.000000000000000,41.000000000000000,0.40000000596046448
76.000000000000000,41.000000000000000,0.40000000596046448
77.000000000000000,41.000000000000000,0.40000000596046448
78.000000000000000,41.000000000000000,0.40000000596046448
79.000000000000000,41.000000000000000,0.40000000596046448
80.000000000000000,41.000000000000000,0.40000000596046448
81.000000000000000,41.000000000000000,0.30000001192092896
82.000000000000000,41.000000000000000,0.30000001192092896
83.000000000000000,41.000000000000000,0.30000001192092896
84.000000000000000,41.000000000000000,0.10000000149011612
85.000000000000000,41.000000000000000,0.10000000149011612
86.000000000000000,41.000000000000000,0.10000000149011612
87.000000000000000,41.000000000000000,0.0000000000000000
88.000000000000000,41.000000000000000,0.0000000000000000
89.000000000000000,41.000000000000000,0.0000000000000000
90.000000000000000,41.000000000000000,0.0000000000000000
91.000000000000000,41.000000000000000,0.0000000000000000
92.000000000000000,41.000000000000000,0.0000000000000000
93.000000000000000,41.000000000000000,0.0000000000000000
94.000000000000000,41.000000000000000,0.0000000000000000
95.000000000000000,41.000000000000000,0.0000000000000000
96.000000000000000,41.000000000000000,0.0000000000000000
97.000000000000000,41.000000000000000,0.0000000000000000
98.000000000000000,41.000000000000000,0.0000000000000000
99.000000000000000,41.000000000000000,0.0000000000000000
100.00000000000000,41.000000000000000,0.0000000000000000
101.00000000000000,41.000000000000000,0.0000000000000000
102.00000000000000,41.000000000000000,0.0000000000000000
103.00000000000000,41.000000000000000,0.0000000000000000
104.00000000000000,41.000000000000000,0.0000000000000000
105.00000000000000,41.000000000000000,0.0000000000000000
106.00000000000000,41.000000000000000,0.0000000000000000
107.00000000000000,41.000000000000000,0.0000000000000000
108.00000000000000,41.000000000000000,0.0000000000000000
109.00000000000000,41.000000000000000,0.0000000000000000
110.00000000000000,41.000000000000000,0.0000000000000000
111.00000000000000,41.000000000000000,0.0000000000000000
112.00000000000000,41.000000000000000,0.0000000000000000
113.00000000000000,41.000000000000000,0.0000000000000000
1.0000000000000000,42.000000000000000,0.0000000000000000
2.0000000000000000,42.000000000000000,1.2000000476837158
3.0000000000000000,42.000000000000000,1.0000000000000000
4.0000000000000000,42.000000000000000,1.0000000000000000
5.0000000000000000,42.000000000000000,1.0000000000000000
6.0000000000000000,42.000000000000000,0.89999997615814209
7.0000000000000000,42.000000000000000,0.89999997615814209
8.0000000000000000,42.000000000000000,0.89999997615814209
9.0000000000000000,42.000000000000000,0.69999998807907104
10.000000000000000,42.000000000000000,0.69999998807907104
11.000000000000000,42.000000000000000,0.69999998807907104
12.000000000000000,42.000000000000000,0.50000000000000000
13.000000000000000,42.000000000000000,0.50000000000000000
14.000000000000000,42.000000000000000,0.50000000000000000
15.000000000000000,42.000000000000000,0.40000000596046448
16.000000000000000,42.000000000000000,0.40000000596046448
17.000000000000000,42.000000000000000,0.40000000596046448
18.000000000000000,42.000000000000000,0.30000001192092896
19.000000000000000,42.000000000000000,0.30000001192092896
20.000000000000000,42.000000000000000,0.30000001192092896
21.000000000000000,42.000000000000000,0.20000000298023224
22.000000000000000,42.000000000000000,0.20000000298023224
23.000000000000000,42.000000000000000,0.20000000298023224
24.000000000000000,42.000000000000000,0.30000001192092896
25.000000000000000,42.000000000000000,0.30000001192092896
26.000000000000000,42.000000000000000,0.30000001192092896
27.000000000000000,42.000000000000000,0.30000001192092896
28.000000000000000,42.000000000000000,0.30000001192092896
29.000000000000000,42.000000000000000,0.30000001192092896
30.000000000000000,42.000000000000000,0.20000000298023224
31.000000000000000,42.000000000000000,0.20000000298023224
32.000000000000000,42.000000000000000,0.20000000298023224
33.000000000000000,42.000000000000000,0.20000000298023224
34.000000000000000,42.000000000000000,0.20000000298023224
35.000000000000000,42.000000000000000,0.20000000298023224
36.000000000000000,42.000000000000000,0.0000000000000000
37.000000000000000,42.000000000000000,0.0000000000000000
38.000000000000000,42.000000000000000,0.0000000000000000
39.000000000000000,42.000000000000000,0.0000000000000000
40.000000000000000,42.000000000000000,0.0000000000000000
41.000000000000000,42.000000000000000,0.0000000000000000
42.000000000000000,42.000000000000000,0.0000000000000000
43.000000000000000,42.000000000000000,0.0000000000000000
44.000000000000000,42.000000000000000,0.0000000000000000
45.000000000000000,42.000000000000000,0.0000000000000000
46.000000000000000,42.000000000000000,0.0000000000000000
47.000000000000000,42.000000000000000,0.0000000000000000
48.000000000000000,42.000000000000000,0.0000000000000000
49.000000000000000,42.000000000000000,0.0000000000000000
50.000000000000000,42.000000000000000,0.0000000000000000
51.000000000000000,42.000000000000000,0.0000000000000000
52.000000000000000,42.000000000000000,0.0000000000000000
53.000000000000000,42.000000000000000,0.0000000000000000
54.000000000000000,42.000000000000000,0.0000000000000000
55.000000000000000,42.000000000000000,0.0000000000000000
56.000000000000000,42.000000000000000,0.0000000000000000
57.000000000000000,42.000000000000000,0.20000000298023224
58.000000000000000,42.000000000000000,0.20000000298023224
59.000000000000000,42.000000000000000,0.20000000298023224
60.000000000000000,42.000000000000000,0.20000000298023224
61.000000000000000,42.000000000000000,0.20000000298023224
62.000000000000000,42.000000000000000,0.20000000298023224
63.000000000000000,42.000000000000000,0.20000000298023224
64.000000000000000,42.000000000000000,0.20000000298023224
65.000000000000000,42.000000000000000,0.20000000298023224
66.000000000000000,42.000000000000000,0.20000000298023224
67.000000000000000,42.000000000000000,0.20000000298023224
68.000000000000000,42.000000000000000,0.20000000298023224
69.000000000000000,42.000000000000000,0.30000001192092896
70.000000000000000,42.000000000000000,0.30000001192092896
71.000000000000000,42.000000000000000,0.30000001192092896
72.000000000000000,42.000000000000000,0.30000001192092896
73.000000000000000,42.000000000000000,0.30000001192092896
74.000000000000000,42.000000000000000,0.30000001192092896
75.000000000000000,42.000000000000000,0.40000000596046448
76.000000000000000,42.000000000000000,0.40000000596046448
77.000000000000000,42.000000000000000,0.40000000596046448
78.000000000000000,42.000000000000000,0.40000000596046448
79.000000000000000,42.000000000000000,0.40000000596046448
80.000000000000000,42.000000000000000,0.40000000596046448
81.000000000000000,42.000000000000000,0.30000001192092896
82.000000000000000,42.000000000000000,0.30000001192092896
83.000000000000000,42.000000000000000,0.30000001192092896
84.000000000000000,42.000000000000000,0.10000000149011612
85.000000000000000,42.000000000000000,0.10000000149011612
86.000000000000000,42.000000000000000,0.10000000149011612
87.000000000000000,42.000000000000000,0.0000000000000000
88.000000000000000,42.000000000000000,0.0000000000000000
89.000000000000000,42.000000000000000,0.0000000000000000
90.000000000000000,42.000000000000000,0.0000000000000000
91.000000000000000,42.000000000000000,0.0000000000000000
92.000000000000000,42.000000000000000,0.0000000000000000
93.000000000000000,42.000000000000000,0.0000000000000000
94.000000000000000,42.000000000000000,0.0000000000000000
95.000000000000000,42.000000000000000,0.0000000000000000
96.000000000000000,42.000000000000000,0.0000000000000000
97.000000000000000,42.000000000000000,0.0000000000000000
98.000000000000000,42.000000000000000,0.0000000000000000
99.000000000000000,42.000000000000000,0.0000000000000000
100.00000000000000,42.000000000000000,0.0000000000000000
101.00000000000000,42.000000000000000,0.0000000000000000
102.00000000000000,42.000000000000000,0.0000000000000000
103.00000000000000,42.000000000000000,0.0000000000000000
104.00000000000000,42.000000000000000,0.0000000000000000
105.00000000000000,42.000000000000000,0.0000000000000000
106.00000000000000,42.000000000000000,0.0000000000000000
107.00000000000000,42.000000000000000,0.0000000000000000
108.00000000000000,42.000000000000000,0.0000000000000000
109.00000000000000,42.000000000000000,0.0000000000000000
110.00000000000000,42.000000000000000,0.0000000000000000
111.00000000000000,42.000000000000000,0.0000000000000000
112.00000000000000,42.000000000000000,0.0000000000000000
113.00000000000000,42.000000000000000,0.0000000000000000
1.0000000000000000,43.000000000000000,0.0000000000000000
2.0000000000000000,43.000000000000000,1.2000000476837158
3.0000000000000000,43.000000000000000,1.0000000000000000
4.0000000000000000,43.000000000000000,1.0000000000000000
5.0000000000000000,43.000000000000000,1.0000000000000000
6.0000000000000000,43.000000000000000,0.89999997615814209
7.0000000000000000,43.000000000000000,0.89999997615814209
8.0000000000000000,43.000000000000000,0.89999997615814209
9.0000000000000000,43.000000000000000,0.69999998807907104
10.000000000000000,43.000000000000000,0.69999998807907104
11.000000000000000,43.000000000000000,0.69999998807907104
12.000000000000000,43.000000000000000,0.50000000000000000
13.000000000000000,43.000000000000000,0.50000000000000000
14.000000000000000,43.000000000000000,0.50000000000000000
15.000000000000000,43.000000000000000,0.40000000596046448
16.000000000000000,43.000000000000000,0.40000000596046448
17.000000000000000,43.000000000000000,0.40000000596046448
18.000000000000000,43.000000000000000,0.30000001192092896
19.000000000000000,43.000000000000000,0.30000001192092896
20.000000000000000,43.000000000000000,0.30000001192092896
21.000000000000000,43.000000000000000,0.20000000298023224
22.000000000000000,43.000000000000000,0.20000000298023224
23.000000000000000,43.000000000000000,0.20000000298023224
24.000000000000000,43.000000000000000,0.30000001192092896
25.000000000000000,43.000000000000000,0.30000001192092896
26.000000000000000,43.000000000000000,0.30000001192092896
27.000000000000000,43.000000000000000,0.30000001192092896
28.000000000000000,43.000000000000000,0.30000001192092896
29.000000000000000,43.000000000000000,0.30000001192092896
30.000000000000000,43.000000000000000,0.20000000298023224
31.000000000000000,43.000000000000000,0.20000000298023224
32.000000000000000,43.000000000000000,0.20000000298023224
33.000000000000000,43.000000000000000,0.20000000298023224
34.000000000000000,43.000000000000000,0.20000000298023224
35.000000000000000,43.000000000000000,0.20000000298023224
36.000000000000000,43.000000000000000,0.0000000000000000
37.000000000000000,43.000000000000000,0.0000000000000000
38.000000000000000,43.000000000000000,0.0000000000000000
39.000000000000000,43.000000000000000,0.0000000000000000
40.000000000000000,43.000000000000000,0.0000000000000000
41.000000000000000,43.000000000000000,0.0000000000000000
42.000000000000000,43.000000000000000,0.0000000000000000
43.000000000000000,43.000000000000000,0.0000000000000000
44.000000000000000,43.000000000000000,0.0000000000000000
45.000000000000000,43.000000000000000,0.0000000000000000
46.000000000000000,43.000000000000000,0.0000000000000000
47.000000000000000,43.000000000000000,0.0000000000000000
48.000000000000000,43.000000000000000,0.0000000000000000
49.000000000000000,43.000000000000000,0.0000000000000000
50.000000000000000,43.000000000000000,0.0000000000000000
51.000000000000000,43.000000000000000,0.0000000000000000
52.000000000000000,43.000000000000000,0.0000000000000000
53.000000000000000,43.000000000000000,0.0000000000000000
54.000000000000000,43.000000000000000,0.0000000000000000
55.000000000000000,43.000000000000000,0.0000000000000000
56.000000000000000,43.000000000000000,0.0000000000000000
57.000000000000000,43.000000000000000,0.20000000298023224
58.000000000000000,43.000000000000000,0.20000000298023224
59.000000000000000,43.000000000000000,0.20000000298023224
60.000000000000000,43.000000000000000,0.20000000298023224
61.000000000000000,43.000000000000000,0.20000000298023224
62.000000000000000,43.000000000000000,0.20000000298023224
63.000000000000000,43.000000000000000,0.20000000298023224
64.000000000000000,43.000000000000000,0.20000000298023224
65.000000000000000,43.000000000000000,0.20000000298023224
66.000000000000000,43.000000000000000,0.20000000298023224
67.000000000000000,43.000000000000000,0.20000000298023224
68.000000000000000,43.000000000000000,0.20000000298023224
69.000000000000000,43.000000000000000,0.30000001192092896
70.000000000000000,43.000000000000000,0.30000001192092896
71.000000000000000,43.000000000000000,0.30000001192092896
72.000000000000000,43.000000000000000,0.30000001192092896
73.000000000000000,43.000000000000000,0.30000001192092896
74.000000000000000,43.000000000000000,0.30000001192092896
75.000000000000000,43.000000000000000,0.40000000596046448
76.000000000000000,43.000000000000000,0.40000000596046448
77.000000000000000,43.000000000000000,0.40000000596046448
78.000000000000000,43.000000000000000,0.40000000596046448
79.000000000000000,43.000000000000000,0.40000000596046448
80.000000000000000,43.000000000000000,0.40000000596046448
81.000000000000000,43.000000000000000,0.30000001192092896
82.000000000000000,43.000000000000000,0.30000001192092896
83.000000000000000,43.000000000000000,0.30000001192092896
84.000000000000000,43.000000000000000,0.10000000149011612
85.000000000000000,43.000000000000000,0.10000000149011612
86.000000000000000,43.000000000000000,0.10000000149011612
87.000000000000000,43.000000000000000,0.0000000000000000
88.000000000000000,43.000000000000000,0.0000000000000000
89.000000000000000,43.000000000000000,0.0000000000000000
90.000000000000000,43.000000000000000,0.0000000000000000
91.000000000000000,43.000000000000000,0.0000000000000000
92.000000000000000,43.000000000000000,0.0000000000000000
93.000000000000000,43.000000000000000,0.0000000000000000
94.000000000000000,43.000000000000000,0.0000000000000000
95.000000000000000,43.000000000000000,0.0000000000000000
96.000000000000000,43.000000000000000,0.0000000000000000
97.000000000000000,43.000000000000000,0.0000000000000000
98.000000000000000,43.000000000000000,0.0000000000000000
99.000000000000000,43.000000000000000,0.0000000000000000
100.00000000000000,43.000000000000000,0.0000000000000000
101.00000000000000,43.000000000000000,0.0000000000000000
102.00000000000000,43.000000000000000,0.0000000000000000
103.00000000000000,43.000000000000000,0.0000000000000000
104.00000000000000,43.000000000000000,0.0000000000000000
105.00000000000000,43.000000000000000,0.0000000000000000
106.00000000000000,43.000000000000000,0.0000000000000000
107.00000000000000,43.000000000000000,0.0000000000000000
108.00000000000000,43.000000000000000,0.0000000000000000
109.00000000000000,43.000000000000000,0.0000000000000000
110.00000000000000,43.000000000000000,0.0000000000000000
111.00000000000000,43.000000000000000,0.0000000000000000
112.00000000000000,43.000000000000000,0.0000000000000000
113.00000000000000,43.000000000000000,0.0000000000000000
1.0000000000000000,44.000000000000000,0.0000000000000000
2.0000000000000000,44.000000000000000,1.2000000476837158
3.0000000000000000,44.000000000000000,1.1000000238418579
4.0000000000000000,44.000000000000000,1.1000000238418579
5.0000000000000000,44.000000000000000,1.1000000238418579
6.0000000000000000,44.000000000000000,0.89999997615814209
7.0000000000000000,44.000000000000000,0.89999997615814209
8.0000000000000000,44.000000000000000,0.89999997615814209
9.0000000000000000,44.000000000000000,0.80000001192092896
10.000000000000000,44.000000000000000,0.80000001192092896
11.000000000000000,44.000000000000000,0.80000001192092896
12.000000000000000,44.000000000000000,0.69999998807907104
13.000000000000000,44.000000000000000,0.69999998807907104
14.000000000000000,44.000000000000000,0.69999998807907104
15.000000000000000,44.000000000000000,0.50000000000000000
16.000000000000000,44.000000000000000,0.50000000000000000
17.000000000000000,44.000000000000000,0.50000000000000000
18.000000000000000,44.000000000000000,0.50000000000000000
19.000000000000000,44.000000000000000,0.50000000000000000
20.000000000000000,44.000000000000000,0.50000000000000000
21.000000000000000,44.000000000000000,0.40000000596046448
22.000000000000000,44.000000000000000,0.40000000596046448
23.000000000000000,44.000000000000000,0.40000000596046448
24.000000000000000,44.000000000000000,0.40000000596046448
25.000000000000000,44.000000000000000,0.40000000596046448
26.000000000000000,44.000000000000000,0.40000000596046448
27.000000000000000,44.000000000000000,0.40000000596046448
28.000000000000000,44.000000000000000,0.40000000596046448
29.000000000000000,44.000000000000000,0.40000000596046448
30.000000000000000,44.000000000000000,0.30000001192092896
31.000000000000000,44.000000000000000,0.30000001192092896
32.000000000000000,44.000000000000000,0.30000001192092896
33.000000000000000,44.000000000000000,0.30000001192092896
34.000000000000000,44.000000000000000,0.30000001192092896
35.000000000000000,44.000000000000000,0.30000001192092896
36.000000000000000,44.000000000000000,0.30000001192092896
37.000000000000000,44.000000000000000,0.30000001192092896
38.000000000000000,44.000000000000000,0.30000001192092896
39.000000000000000,44.000000000000000,0.20000000298023224
40.000000000000000,44.000000000000000,0.20000000298023224
41.000000000000000,44.000000000000000,0.20000000298023224
42.000000000000000,44.000000000000000,0.10000000149011612
43.000000000000000,44.000000000000000,0.10000000149011612
44.000000000000000,44.000000000000000,0.10000000149011612
45.000000000000000,44.000000000000000,0.10000000149011612
46.000000000000000,44.000000000000000,0.10000000149011612
47.000000000000000,44.000000000000000,0.10000000149011612
48.000000000000000,44.000000000000000,0.10000000149011612
49.000000000000000,44.000000000000000,0.10000000149011612
50.000000000000000,44.000000000000000,0.10000000149011612
51.000000000000000,44.000000000000000,0.10000000149011612
52.000000000000000,44.000000000000000,0.10000000149011612
53.000000000000000,44.000000000000000,0.10000000149011612
54.000000000000000,44.000000000000000,0.10000000149011612
55.000000000000000,44.000000000000000,0.10000000149011612
56.000000000000000,44.000000000000000,0.10000000149011612
57.000000000000000,44.000000000000000,0.0000000000000000
58.000000000000000,44.000000000000000,0.0000000000000000
59.000000000000000,44.000000000000000,0.0000000000000000
60.000000000000000,44.000000000000000,0.10000000149011612
61.000000000000000,44.000000000000000,0.10000000149011612
62.000000000000000,44.000000000000000,0.10000000149011612
63.000000000000000,44.000000000000000,0.10000000149011612
64.000000000000000,44.000000000000000,0.10000000149011612
65.000000000000000,44.000000000000000,0.10000000149011612
66.000000000000000,44.000000000000000,0.20000000298023224
67.000000000000000,44.000000000000000,0.20000000298023224
68.000000000000000,44.000000000000000,0.20000000298023224
69.000000000000000,44.000000000000000,0.30000001192092896
70.000000000000000,44.000000000000000,0.30000001192092896
71.000000000000000,44.000000000000000,0.30000001192092896
72.000000000000000,44.000000000000000,0.30000001192092896
73.000000000000000,44.000000000000000,0.30000001192092896
74.000000000000000,44.000000000000000,0.30000001192092896
75.000000000000000,44.000000000000000,0.30000001192092896
76.000000000000000,44.000000000000000,0.30000001192092896
77.000000000000000,44.000000000000000,0.30000001192092896
78.000000000000000,44.000000000000000,0.30000001192092896
79.000000000000000,44.000000000000000,0.30000001192092896
80.000000000000000,44.000000000000000,0.30000001192092896
81.000000000000000,44.000000000000000,0.30000001192092896
82.000000000000000,44.000000000000000,0.30000001192092896
83.000000000000000,44.000000000000000,0.30000001192092896
84.000000000000000,44.000000000000000,0.10000000149011612
85.000000000000000,44.000000000000000,0.10000000149011612
86.000000000000000,44.000000000000000,0.10000000149011612
87.000000000000000,44.000000000000000,0.0000000000000000
88.000000000000000,44.000000000000000,0.0000000000000000
89.000000000000000,44.000000000000000,0.0000000000000000
90.000000000000000,44.000000000000000,0.0000000000000000
91.000000000000000,44.000000000000000,0.0000000000000000
92.000000000000000,44.000000000000000,0.0000000000000000
93.000000000000000,44.000000000000000,0.0000000000000000
94.000000000000000,44.000000000000000,0.0000000000000000
95.000000000000000,44.000000000000000,0.0000000000000000
96.000000000000000,44.000000000000000,0.0000000000000000
97.000000000000000,44.000000000000000,0.0000000000000000
98.000000000000000,44.000000000000000,0.0000000000000000
99.000000000000000,44.000000000000000,0.0000000000000000
100.00000000000000,44.000000000000000,0.0000000000000000
101.00000000000000,44.000000000000000,0.0000000000000000
102.00000000000000,44.000000000000000,0.0000000000000000
103.00000000000000,44.000000000000000,0.0000000000000000
104.00000000000000,44.000000000000000,0.0000000000000000
105.00000000000000,44.000000000000000,0.0000000000000000
106.00000000000000,44.000000000000000,0.0000000000000000
107.00000000000000,44.000000000000000,0.0000000000000000
108.00000000000000,44.000000000000000,0.0000000000000000
109.00000000000000,44.000000000000000,0.0000000000000000
110.00000000000000,44.000000000000000,0.0000000000000000
111.00000000000000,44.000000000000000,0.0000000000000000
112.00000000000000,44.000000000000000,0.0000000000000000
113.00000000000000,44.000000000000000,0.0000000000000000
1.0000000000000000,45.000000000000000,0.0000000000000000
2.0000000000000000,45.000000000000000,1.2000000476837158
3.0000000000000000,45.000000000000000,1.1000000238418579
4.0000000000000000,45.000000000000000,1.1000000238418579
5.0000000000000000,45.000000000000000,1.1000000238418579
6.0000000000000000,45.000000000000000,0.89999997615814209
7.0000000000000000,45.000000000000000,0.89999997615814209
8.0000000000000000,45.000000000000000,0.89999997615814209
9.0000000000000000,45.000000000000000,0.80000001192092896
10.000000000000000,45.000000000000000,0.80000001192092896
11.000000000000000,45.000000000000000,0.80000001192092896
12.000000000000000,45.000000000000000,0.69999998807907104
13.000000000000000,45.000000000000000,0.69999998807907104
14.000000000000000,45.000000000000000,0.69999998807907104
15.000000000000000,45.000000000000000,0.50000000000000000
16.000000000000000,45.000000000000000,0.50000000000000000
17.000000000000000,45.000000000000000,0.50000000000000000
18.000000000000000,45.000000000000000,0.50000000000000000
19.000000000000000,45.000000000000000,0.50000000000000000
20.000000000000000,45.000000000000000,0.50000000000000000
21.000000000000000,45.000000000000000,0.40000000596046448
22.000000000000000,45.000000000000000,0.40000000596046448
23.000000000000000,45.000000000000000,0.40000000596046448
24.000000000000000,45.000000000000000,0.40000000596046448
25.000000000000000,45.000000000000000,0.40000000596046448
26.000000000000000,45.000000000000000,0.40000000596046448
27.000000000000000,45.000000000000000,0.40000000596046448
28.000000000000000,45.000000000000000,0.40000000596046448
29.000000000000000,45.000000000000000,0.40000000596046448
30.000000000000000,45.000000000000000,0.30000001192092896
31.000000000000000,45.000000000000000,0.30000001192092896
32.000000000000000,45.000000000000000,0.30000001192092896
33.000000000000000,45.000000000000000,0.30000001192092896
34.000000000000000,45.000000000000000,0.30000001192092896
35.000000000000000,45.000000000000000,0.30000001192092896
36.000000000000000,45.000000000000000,0.30000001192092896
37.000000000000000,45.000000000000000,0.30000001192092896
38.000000000000000,45.000000000000000,0.30000001192092896
39.000000000000000,45.000000000000000,0.20000000298023224
40.000000000000000,45.000000000000000,0.20000000298023224
41.000000000000000,45.000000000000000,0.20000000298023224
42.000000000000000,45.000000000000000,0.10000000149011612
43.000000000000000,45.000000000000000,0.10000000149011612
44.000000000000000,45.000000000000000,0.10000000149011612
45.000000000000000,45.000000000000000,0.10000000149011612
46.000000000000000,45.000000000000000,0.10000000149011612
47.000000000000000,45.000000000000000,0.10000000149011612
48.000000000000000,45.000000000000000,0.10000000149011612
49.000000000000000,45.000000000000000,0.10000000149011612
50.000000000000000,45.000000000000000,0.10000000149011612
51.000000000000000,45.000000000000000,0.10000000149011612
52.000000000000000,45.000000000000000,0.10000000149011612
53.000000000000000,45.000000000000000,0.10000000149011612
54.000000000000000,45.000000000000000,0.10000000149011612
55.000000000000000,45.000000000000000,0.10000000149011612
56.000000000000000,45.000000000000000,0.10000000149011612
57.000000000000000,45.000000000000000,0.0000000000000000
58.000000000000000,45.000000000000000,0.0000000000000000
59.000000000000000,45.000000000000000,0.0000000000000000
60.000000000000000,45.000000000000000,0.10000000149011612
61.000000000000000,45.000000000000000,0.10000000149011612
62.000000000000000,45.000000000000000,0.10000000149011612
63.000000000000000,45.000000000000000,0.10000000149011612
64.000000000000000,45.000000000000000,0.10000000149011612
65.000000000000000,45.000000000000000,0.10000000149011612
66.000000000000000,45.000000000000000,0.20000000298023224
67.000000000000000,45.000000000000000,0.20000000298023224
68.000000000000000,45.000000000000000,0.20000000298023224
69.000000000000000,45.000000000000000,0.30000001192092896
70.000000000000000,45.000000000000000,0.30000001192092896
71.000000000000000,45.000000000000000,0.30000001192092896
72.000000000000000,45.000000000000000,0.30000001192092896
73.000000000000000,45.000000000000000,0.30000001192092896
74.000000000000000,45.000000000000000,0.30000001192092896
75.000000000000000,45.000000000000000,0.30000001192092896
76.000000000000000,45.000000000000000,0.30000001192092896
77.000000000000000,45.000000000000000,0.30000001192092896
78.000000000000000,45.000000000000000,0.30000001192092896
79.000000000000000,45.000000000000000,0.30000001192092896
80.000000000000000,45.000000000000000,0.30000001192092896
81.000000000000000,45.000000000000000,0.30000001192092896
82.000000000000000,45.000000000000000,0.30000001192092896
83.000000000000000,45.000000000000000,0.30000001192092896
84.000000000000000,45.000000000000000,0.10000000149011612
85.000000000000000,45.000000000000000,0.10000000149011612
86.000000000000000,45.000000000000000,0.10000000149011612
87.000000000000000,45.000000000000000,0.0000000000000000
88.000000000000000,45.000000000000000,0.0000000000000000
89.000000000000000,45.000000000000000,0.0000000000000000
90.000000000000000,45.000000000000000,0.0000000000000000
91.000000000000000,45.000000000000000,0.0000000000000000
92.000000000000000,45.000000000000000,0.0000000000000000
93.000000000000000,45.000000000000000,0.0000000000000000
94.000000000000000,45.000000000000000,0.0000000000000000
95.000000000000000,45.000000000000000,0.0000000000000000
96.000000000000000,45.000000000000000,0.0000000000000000
97.000000000000000,45.000000000000000,0.0000000000000000
98.000000000000000,45.000000000000000,0.0000000000000000
99.000000000000000,45.000000000000000,0.0000000000000000
100.00000000000000,45.000000000000000,0.0000000000000000
101.00000000000000,45.000000000000000,0.0000000000000000
102.00000000000000,45.000000000000000,0.0000000000000000
103.00000000000000,45.000000000000000,0.0000000000000000
104.00000000000000,45.000000000000000,0.0000000000000000
105.00000000000000,45.000000000000000,0.0000000000000000
106.00000000000000,45.000000000000000,0.0000000000000000
107.00000000000000,45.000000000000000,0.0000000000000000
108.00000000000000,45.000000000000000,0.0000000000000000
109.00000000000000,45.000000000000000,0.0000000000000000
110.00000000000000,45.000000000000000,0.0000000000000000
111.00000000000000,45.000000000000000,0.0000000000000000
112.00000000000000,45.000000000000000,0.0000000000000000
113.00000000000000,45.000000000000000,0.0000000000000000
1.0000000000000000,46.000000000000000,0.0000000000000000
2.0000000000000000,46.000000000000000,1.2000000476837158
3.0000000000000000,46.000000000000000,1.1000000238418579
4.0000000000000000,46.000000000000000,1.1000000238418579
5.0000000000000000,46.000000000000000,1.1000000238418579
6.0000000000000000,46.000000000000000,0.89999997615814209
7.0000000000000000,46.000000000000000,0.89999997615814209
8.0000000000000000,46.000000000000000,0.89999997615814209
9.0000000000000000,46.000000000000000,0.80000001192092896
10.000000000000000,46.000000000000000,0.80000001192092896
11.000000000000000,46.000000000000000,0.80000001192092896
12.000000000000000,46.000000000000000,0.69999998807907104
13.000000000000000,46.000000000000000,0.69999998807907104
14.000000000000000,46.000000000000000,0.69999998807907104
15.000000000000000,46.000000000000000,0.50000000000000000
16.000000000000000,46.000000000000000,0.50000000000000000
17.000000000000000,46.000000000000000,0.50000000000000000
18.000000000000000,46.000000000000000,0.50000000000000000
19.000000000000000,46.000000000000000,0.50000000000000000
20.000000000000000,46.000000000000000,0.50000000000000000
21.000000000000000,46.000000000000000,0.40000000596046448
22.000000000000000,46.000000000000000,0.40000000596046448
23.000000000000000,46.000000000000000,0.40000000596046448
24.000000000000000,46.000000000000000,0.40000000596046448
25.000000000000000,46.000000000000000,0.40000000596046448
26.000000000000000,46.000000000000000,0.40000000596046448
27.000000000000000,46.000000000000000,0.40000000596046448
28.000000000000000,46.000000000000000,0.40000000596046448
29.000000000000000,46.000000000000000,0.40000000596046448
30.000000000000000,46.000000000000000,0.30000001192092896
31.000000000000000,46.000000000000000,0.30000001192092896
32.000000000000000,46.000000000000000,0.30000001192092896
33.000000000000000,46.000000000000000,0.30000001192092896
34.000000000000000,46.000000000000000,0.30000001192092896
35.000000000000000,46.000000000000000,0.30000001192092896
36.000000000000000,46.000000000000000,0.30000001192092896
37.000000000000000,46.000000000000000,0.30000001192092896
38.000000000000000,46.000000000000000,0.30000001192092896
39.000000000000000,46.000000000000000,0.20000000298023224
40.000000000000000,46.000000000000000,0.20000000298023224
41.000000000000000,46.000000000000000,0.20000000298023224
42.000000000000000,46.000000000000000,0.10000000149011612
43.000000000000000,46.000000000000000,0.10000000149011612
44.000000000000000,46.000000000000000,0.10000000149011612
45.000000000000000,46.000000000000000,0.10000000149011612
46.000000000000000,46.000000000000000,0.10000000149011612
47.000000000000000,46.000000000000000,0.10000000149011612
48.000000000000000,46.000000000000000,0.10000000149011612
49.000000000000000,46.000000000000000,0.10000000149011612
50.000000000000000,46.000000000000000,0.10000000149011612
51.000000000000000,46.000000000000000,0.10000000149011612
52.000000000000000,46.000000000000000,0.10000000149011612
53.000000000000000,46.000000000000000,0.10000000149011612
54.000000000000000,46.000000000000000,0.10000000149011612
55.000000000000000,46.000000000000000,0.10000000149011612
56.000000000000000,46.000000000000000,0.10000000149011612
57.000000000000000,46.000000000000000,0.0000000000000000
58.000000000000000,46.000000000000000,0.0000000000000000
59.000000000000000,46.000000000000000,0.0000000000000000
60.000000000000000,46.000000000000000,0.10000000149011612
61.000000000000000,46.000000000000000,0.10000000149011612
62.000000000000000,46.000000000000000,0.10000000149011612
63.000000000000000,46.000000000000000,0.10000000149011612
64.000000000000000,46.000000000000000,0.10000000149011612
65.000000000000000,46.000000000000000,0.10000000149011612
66.000000000000000,46.000000000000000,0.20000000298023224
67.000000000000000,46.000000000000000,0.20000000298023224
68.000000000000000,46.000000000000000,0.20000000298023224
69.000000000000000,46.000000000000000,0.30000001192092896
70.000000000000000,46.000000000000000,0.30000001192092896
71.000000000000000,46.000000000000000,0.30000001192092896
72.000000000000000,46.000000000000000,0.30000001192092896
73.000000000000000,46.000000000000000,0.30000001192092896
74.000000000000000,46.000000000000000,0.30000001192092896
75.000000000000000,46.000000000000000,0.30000001192092896
76.000000000000000,46.000000000000000,0.30000001192092896
77.000000000000000,46.000000000000000,0.30000001192092896
78.000000000000000,46.000000000000000,0.30000001192092896
79.000000000000000,46.000000000000000,0.30000001192092896
80.000000000000000,46.000000000000000,0.30000001192092896
81.000000000000000,46.000000000000000,0.30000001192092896
82.000000000000000,46.000000000000000,0.30000001192092896
83.000000000000000,46.000000000000000,0.30000001192092896
84.000000000000000,46.000000000000000,0.10000000149011612
85.000000000000000,46.000000000000000,0.10000000149011612
86.000000000000000,46.000000000000000,0.10000000149011612
87.000000000000000,46.000000000000000,0.0000000000000000
88.000000000000000,46.000000000000000,0.0000000000000000
89.000000000000000,46.000000000000000,0.0000000000000000
90.000000000000000,46.000000000000000,0.0000000000000000
91.000000000000000,46.000000000000000,0.0000000000000000
92.000000000000000,46.000000000000000,0.0000000000000000
93.000000000000000,46.000000000000000,0.0000000000000000
94.000000000000000,46.000000000000000,0.0000000000000000
95.000000000000000,46.000000000000000,0.0000000000000000
96.000000000000000,46.000000000000000,0.0000000000000000
97.000000000000000,46.000000000000000,0.0000000000000000
98.000000000000000,46.000000000000000,0.0000000000000000
99.000000000000000,46.000000000000000,0.0000000000000000
100.00000000000000,46.000000000000000,0.0000000000000000
101.00000000000000,46.000000000000000,0.0000000000000000
102.00000000000000,46.000000000000000,0.0000000000000000
103.00000000000000,46.000000000000000,0.0000000000000000
104.00000000000000,46.000000000000000,0.0000000000000000
105.00000000000000,46.000000000000000,0.0000000000000000
106.00000000000000,46.000000000000000,0.0000000000000000
107.00000000000000,46.000000000000000,0.0000000000000000
108.00000000000000,46.000000000000000,0.0000000000000000
109.00000000000000,46.000000000000000,0.0000000000000000
110.00000000000000,46.000000000000000,0.0000000000000000
111.00000000000000,46.000000000000000,0.0000000000000000
112.00000000000000,46.000000000000000,0.0000000000000000
113.00000000000000,46.000000000000000,0.0000000000000000
1.0000000000000000,47.000000000000000,0.0000000000000000
2.0000000000000000,47.000000000000000,1.2000000476837158
3.0000000000000000,47.000000000000000,1.1000000238418579
4.0000000000000000,47.000000000000000,1.1000000238418579
5.0000000000000000,47.000000000000000,1.1000000238418579
6.0000000000000000,47.000000000000000,1.0000000000000000
7.0000000000000000,47.000000000000000,1.0000000000000000
8.0000000000000000,47.000000000000000,1.0000000000000000
9.0000000000000000,47.000000000000000,0.89999997615814209
10.000000000000000,47.000000000000000,0.89999997615814209
11.000000000000000,47.000000000000000,0.89999997615814209
12.000000000000000,47.000000000000000,0.80000001192092896
13.000000000000000,47.000000000000000,0.80000001192092896
14.000000000000000,47.000000000000000,0.80000001192092896
15.000000000000000,47.000000000000000,0.69999998807907104
16.000000000000000,47.000000000000000,0.69999998807907104
17.000000000000000,47.000000000000000,0.69999998807907104
18.000000000000000,47.000000000000000,0.60000002384185791
19.000000000000000,47.000000000000000,0.60000002384185791
20.000000000000000,47.000000000000000,0.60000002384185791
21.000000000000000,47.000000000000000,0.50000000000000000
22.000000000000000,47.000000000000000,0.50000000000000000
23.000000000000000,47.000000000000000,0.50000000000000000
24.000000000000000,47.000000000000000,0.50000000000000000
25.000000000000000,47.000000000000000,0.50000000000000000
26.000000000000000,47.000000000000000,0.50000000000000000
27.000000000000000,47.000000000000000,0.40000000596046448
28.000000000000000,47.000000000000000,0.40000000596046448
29.000000000000000,47.000000000000000,0.40000000596046448
30.000000000000000,47.000000000000000,0.40000000596046448
31.000000000000000,47.000000000000000,0.40000000596046448
32.000000000000000,47.000000000000000,0.40000000596046448
33.000000000000000,47.000000000000000,0.30000001192092896
34.000000000000000,47.000000000000000,0.30000001192092896
35.000000000000000,47.000000000000000,0.30000001192092896
36.000000000000000,47.000000000000000,0.30000001192092896
37.000000000000000,47.000000000000000,0.30000001192092896
38.000000000000000,47.000000000000000,0.30000001192092896
39.000000000000000,47.000000000000000,0.30000001192092896
40.000000000000000,47.000000000000000,0.30000001192092896
41.000000000000000,47.000000000000000,0.30000001192092896
42.000000000000000,47.000000000000000,0.30000001192092896
43.000000000000000,47.000000000000000,0.30000001192092896
44.000000000000000,47.000000000000000,0.30000001192092896
45.000000000000000,47.000000000000000,0.30000001192092896
46.000000000000000,47.000000000000000,0.30000001192092896
47.000000000000000,47.000000000000000,0.30000001192092896
48.000000000000000,47.000000000000000,0.20000000298023224
49.000000000000000,47.000000000000000,0.20000000298023224
50.000000000000000,47.000000000000000,0.20000000298023224
51.000000000000000,47.000000000000000,0.20000000298023224
52.000000000000000,47.000000000000000,0.20000000298023224
53.000000000000000,47.000000000000000,0.20000000298023224
54.000000000000000,47.000000000000000,0.10000000149011612
55.000000000000000,47.000000000000000,0.10000000149011612
56.000000000000000,47.000000000000000,0.10000000149011612
57.000000000000000,47.000000000000000,0.20000000298023224
58.000000000000000,47.000000000000000,0.20000000298023224
59.000000000000000,47.000000000000000,0.20000000298023224
60.000000000000000,47.000000000000000,0.0000000000000000
61.000000000000000,47.000000000000000,0.0000000000000000
62.000000000000000,47.000000000000000,0.0000000000000000
63.000000000000000,47.000000000000000,0.0000000000000000
64.000000000000000,47.000000000000000,0.0000000000000000
65.000000000000000,47.000000000000000,0.0000000000000000
66.000000000000000,47.000000000000000,0.0000000000000000
67.000000000000000,47.000000000000000,0.0000000000000000
68.000000000000000,47.000000000000000,0.0000000000000000
69.000000000000000,47.000000000000000,0.20000000298023224
70.000000000000000,47.000000000000000,0.20000000298023224
71.000000000000000,47.000000000000000,0.20000000298023224
72.000000000000000,47.000000000000000,0.20000000298023224
73.000000000000000,47.000000000000000,0.20000000298023224
74.000000000000000,47.000000000000000,0.20000000298023224
75.000000000000000,47.000000000000000,0.30000001192092896
76.000000000000000,47.000000000000000,0.30000001192092896
77.000000000000000,47.000000000000000,0.30000001192092896
78.000000000000000,47.000000000000000,0.30000001192092896
79.000000000000000,47.000000000000000,0.30000001192092896
80.000000000000000,47.000000000000000,0.30000001192092896
81.000000000000000,47.000000000000000,0.30000001192092896
82.000000000000000,47.000000000000000,0.30000001192092896
83.000000000000000,47.000000000000000,0.30000001192092896
84.000000000000000,47.000000000000000,0.30000001192092896
85.000000000000000,47.000000000000000,0.30000001192092896
86.000000000000000,47.000000000000000,0.30000001192092896
87.000000000000000,47.000000000000000,0.0000000000000000
88.000000000000000,47.000000000000000,0.0000000000000000
89.000000000000000,47.000000000000000,0.0000000000000000
90.000000000000000,47.000000000000000,0.0000000000000000
91.000000000000000,47.000000000000000,0.0000000000000000
92.000000000000000,47.000000000000000,0.0000000000000000
93.000000000000000,47.000000000000000,0.0000000000000000
94.000000000000000,47.000000000000000,0.0000000000000000
95.000000000000000,47.000000000000000,0.0000000000000000
96.000000000000000,47.000000000000000,0.0000000000000000
97.000000000000000,47.000000000000000,0.0000000000000000
98.000000000000000,47.000000000000000,0.0000000000000000
99.000000000000000,47.000000000000000,0.0000000000000000
100.00000000000000,47.000000000000000,0.0000000000000000
101.00000000000000,47.000000000000000,0.0000000000000000
102.00000000000000,47.000000000000000,0.0000000000000000
103.00000000000000,47.000000000000000,0.0000000000000000
104.00000000000000,47.000000000000000,0.0000000000000000
105.00000000000000,47.000000000000000,0.0000000000000000
106.00000000000000,47.000000000000000,0.0000000000000000
107.00000000000000,47.000000000000000,0.0000000000000000
108.00000000000000,47.000000000000000,0.0000000000000000
109.00000000000000,47.000000000000000,0.0000000000000000
110.00000000000000,47.000000000000000,0.0000000000000000
111.00000000000000,47.000000000000000,0.0000000000000000
112.00000000000000,47.000000000000000,0.0000000000000000
113.00000000000000,47.000000000000000,0.0000000000000000
1.0000000000000000,48.000000000000000,0.0000000000000000
2.0000000000000000,48.000000000000000,1.2000000476837158
3.0000000000000000,48.000000000000000,1.1000000238418579
4.0000000000000000,48.000000000000000,1.1000000238418579
5.0000000000000000,48.000000000000000,1.1000000238418579
6.0000000000000000,48.000000000000000,1.0000000000000000
7.0000000000000000,48.000000000000000,1.0000000000000000
8.0000000000000000,48.000000000000000,1.0000000000000000
9.0000000000000000,48.000000000000000,0.89999997615814209
10.000000000000000,48.000000000000000,0.89999997615814209
11.000000000000000,48.000000000000000,0.89999997615814209
12.000000000000000,48.000000000000000,0.80000001192092896
13.000000000000000,48.000000000000000,0.80000001192092896
14.000000000000000,48.000000000000000,0.80000001192092896
15.000000000000000,48.000000000000000,0.69999998807907104
16.000000000000000,48.000000000000000,0.69999998807907104
17.000000000000000,48.000000000000000,0.69999998807907104
18.000000000000000,48.000000000000000,0.60000002384185791
19.000000000000000,48.000000000000000,0.60000002384185791
20.000000000000000,48.000000000000000,0.60000002384185791
21.000000000000000,48.000000000000000,0.50000000000000000
22.000000000000000,48.000000000000000,0.50000000000000000
23.000000000000000,48.000000000000000,0.50000000000000000
24.000000000000000,48.000000000000000,0.50000000000000000
25.000000000000000,48.000000000000000,0.50000000000000000
26.000000000000000,48.000000000000000,0.50000000000000000
27.000000000000000,48.000000000000000,0.40000000596046448
28.000000000000000,48.000000000000000,0.40000000596046448
29.000000000000000,48.000000000000000,0.40000000596046448
30.000000000000000,48.000000000000000,0.40000000596046448
31.000000000000000,48.000000000000000,0.40000000596046448
32.000000000000000,48.000000000000000,0.40000000596046448
33.000000000000000,48.000000000000000,0.30000001192092896
34.000000000000000,48.000000000000000,0.30000001192092896
35.000000000000000,48.000000000000000,0.30000001192092896
36.000000000000000,48.000000000000000,0.30000001192092896
37.000000000000000,48.000000000000000,0.30000001192092896
38.000000000000000,48.000000000000000,0.30000001192092896
39.000000000000000,48.000000000000000,0.30000001192092896
40.000000000000000,48.000000000000000,0.30000001192092896
41.000000000000000,48.000000000000000,0.30000001192092896
42.000000000000000,48.000000000000000,0.30000001192092896
43.000000000000000,48.000000000000000,0.30000001192092896
44.000000000000000,48.000000000000000,0.30000001192092896
45.000000000000000,48.000000000000000,0.30000001192092896
46.000000000000000,48.000000000000000,0.30000001192092896
47.000000000000000,48.000000000000000,0.30000001192092896
48.000000000000000,48.000000000000000,0.20000000298023224
49.000000000000000,48.000000000000000,0.20000000298023224
50.000000000000000,48.000000000000000,0.20000000298023224
51.000000000000000,48.000000000000000,0.20000000298023224
52.000000000000000,48.000000000000000,0.20000000298023224
53.000000000000000,48.000000000000000,0.20000000298023224
54.000000000000000,48.000000000000000,0.10000000149011612
55.000000000000000,48.000000000000000,0.10000000149011612
56.000000000000000,48.000000000000000,0.10000000149011612
57.000000000000000,48.000000000000000,0.20000000298023224
58.000000000000000,48.000000000000000,0.20000000298023224
59.000000000000000,48.000000000000000,0.20000000298023224
60.000000000000000,48.000000000000000,0.0000000000000000
61.000000000000000,48.000000000000000,0.0000000000000000
62.000000000000000,48.000000000000000,0.0000000000000000
63.000000000000000,48.000000000000000,0.0000000000000000
64.000000000000000,48.000000000000000,0.0000000000000000
65.000000000000000,48.000000000000000,0.0000000000000000
66.000000000000000,48.000000000000000,0.0000000000000000
67.000000000000000,48.000000000000000,0.0000000000000000
68.000000000000000,48.000000000000000,0.0000000000000000
69.000000000000000,48.000000000000000,0.20000000298023224
70.000000000000000,48.000000000000000,0.20000000298023224
71.000000000000000,48.000000000000000,0.20000000298023224
72.000000000000000,48.000000000000000,0.20000000298023224
73.000000000000000,48.000000000000000,0.20000000298023224
74.000000000000000,48.000000000000000,0.20000000298023224
75.000000000000000,48.000000000000000,0.30000001192092896
76.000000000000000,48.000000000000000,0.30000001192092896
77.000000000000000,48.000000000000000,0.30000001192092896
78.000000000000000,48.000000000000000,0.30000001192092896
79.000000000000000,48.000000000000000,0.30000001192092896
80.000000000000000,48.000000000000000,0.30000001192092896
81.000000000000000,48.000000000000000,0.30000001192092896
82.000000000000000,48.000000000000000,0.30000001192092896
83.000000000000000,48.000000000000000,0.30000001192092896
84.000000000000000,48.000000000000000,0.30000001192092896
85.000000000000000,48.000000000000000,0.30000001192092896
86.000000000000000,48.000000000000000,0.30000001192092896
87.000000000000000,48.000000000000000,0.0000000000000000
88.000000000000000,48.000000000000000,0.0000000000000000
89.000000000000000,48.000000000000000,0.0000000000000000
90.000000000000000,48.000000000000000,0.0000000000000000
91.000000000000000,48.000000000000000,0.0000000000000000
92.000000000000000,48.000000000000000,0.0000000000000000
93.000000000000000,48.000000000000000,0.0000000000000000
94.000000000000000,48.000000000000000,0.0000000000000000
95.000000000000000,48.000000000000000,0.0000000000000000
96.000000000000000,48.000000000000000,0.0000000000000000
97.000000000000000,48.000000000000000,0.0000000000000000
98.000000000000000,48.000000000000000,0.0000000000000000
99.000000000000000,48.000000000000000,0.0000000000000000
100.00000000000000,48.000000000000000,0.0000000000000000
101.00000000000000,48.000000000000000,0.0000000000000000
102.00000000000000,48.000000000000000,0.0000000000000000
103.00000000000000,48.000000000000000,0.0000000000000000
104.00000000000000,48.000000000000000,0.0000000000000000
105.00000000000000,48.000000000000000,0.0000000000000000
106.00000000000000,48.000000000000000,0.0000000000000000
107.00000000000000,48.000000000000000,0.0000000000000000
108.00000000000000,48.000000000000000,0.0000000000000000
109.00000000000000,48.000000000000000,0.0000000000000000
110.00000000000000,48.000000000000000,0.0000000000000000
111.00000000000000,48.000000000000000,0.0000000000000000
112.00000000000000,48.000000000000000,0.0000000000000000
113.00000000000000,48.000000000000000,0.0000000000000000
1.0000000000000000,49.000000000000000,0.0000000000000000
2.0000000000000000,49.000000000000000,1.2000000476837158
3.0000000000000000,49.000000000000000,1.1000000238418579
4.0000000000000000,49.000000000000000,1.1000000238418579
5.0000000000000000,49.000000000000000,1.1000000238418579
6.0000000000000000,49.000000000000000,1.0000000000000000
7.0000000000000000,49.000000000000000,1.0000000000000000
8.0000000000000000,49.000000000000000,1.0000000000000000
9.0000000000000000,49.000000000000000,0.89999997615814209
10.000000000000000,49.000000000000000,0.89999997615814209
11.000000000000000,49.000000000000000,0.89999997615814209
12.000000000000000,49.000000000000000,0.80000001192092896
13.000000000000000,49.000000000000000,0.80000001192092896
14.000000000000000,49.000000000000000,0.80000001192092896
15.000000000000000,49.000000000000000,0.69999998807907104
16.000000000000000,49.000000000000000,0.69999998807907104
17.000000000000000,49.000000000000000,0.69999998807907104
18.000000000000000,49.000000000000000,0.60000002384185791
19.000000000000000,49.000000000000000,0.60000002384185791
20.000000000000000,49.000000000000000,0.60000002384185791
21.000000000000000,49.000000000000000,0.50000000000000000
22.000000000000000,49.000000000000000,0.50000000000000000
23.000000000000000,49.000000000000000,0.50000000000000000
24.000000000000000,49.000000000000000,0.50000000000000000
25.000000000000000,49.000000000000000,0.50000000000000000
26.000000000000000,49.000000000000000,0.50000000000000000
27.000000000000000,49.000000000000000,0.40000000596046448
28.000000000000000,49.000000000000000,0.40000000596046448
29.000000000000000,49.000000000000000,0.40000000596046448
30.000000000000000,49.000000000000000,0.40000000596046448
31.000000000000000,49.000000000000000,0.40000000596046448
32.000000000000000,49.000000000000000,0.40000000596046448
33.000000000000000,49.000000000000000,0.30000001192092896
34.000000000000000,49.000000000000000,0.30000001192092896
35.000000000000000,49.000000000000000,0.30000001192092896
36.000000000000000,49.000000000000000,0.30000001192092896
37.000000000000000,49.000000000000000,0.30000001192092896
38.000000000000000,49.000000000000000,0.30000001192092896
39.000000000000000,49.000000000000000,0.30000001192092896
40.000000000000000,49.000000000000000,0.30000001192092896
41.000000000000000,49.000000000000000,0.30000001192092896
42.000000000000000,49.000000000000000,0.30000001192092896
43.000000000000000,49.000000000000000,0.30000001192092896
44.000000000000000,49.000000000000000,0.30000001192092896
45.000000000000000,49.000000000000000,0.30000001192092896
46.000000000000000,49.000000000000000,0.30000001192092896
47.000000000000000,49.000000000000000,0.30000001192092896
48.000000000000000,49.000000000000000,0.20000000298023224
49.000000000000000,49.000000000000000,0.20000000298023224
50.000000000000000,49.000000000000000,0.20000000298023224
51.000000000000000,49.000000000000000,0.20000000298023224
52.000000000000000,49.000000000000000,0.20000000298023224
53.000000000000000,49.000000000000000,0.20000000298023224
54.000000000000000,49.000000000000000,0.10000000149011612
55.000000000000000,49.000000000000000,0.10000000149011612
56.000000000000000,49.000000000000000,0.10000000149011612
57.000000000000000,49.000000000000000,0.20000000298023224
58.000000000000000,49.000000000000000,0.20000000298023224
59.000000000000000,49.000000000000000,0.20000000298023224
60.000000000000000,49.000000000000000,0.0000000000000000
61.000000000000000,49.000000000000000,0.0000000000000000
62.000000000000000,49.000000000000000,0.0000000000000000
63.000000000000000,49.000000000000000,0.0000000000000000
64.000000000000000,49.000000000000000,0.0000000000000000
65.000000000000000,49.000000000000000,0.0000000000000000
66.000000000000000,49.000000000000000,0.0000000000000000
67.000000000000000,49.000000000000000,0.0000000000000000
68.000000000000000,49.000000000000000,0.0000000000000000
69.000000000000000,49.000000000000000,0.20000000298023224
70.000000000000000,49.000000000000000,0.20000000298023224
71.000000000000000,49.000000000000000,0.20000000298023224
72.000000000000000,49.000000000000000,0.20000000298023224
73.000000000000000,49.000000000000000,0.20000000298023224
74.000000000000000,49.000000000000000,0.20000000298023224
75.000000000000000,49.000000000000000,0.30000001192092896
76.000000000000000,49.000000000000000,0.30000001192092896
77.000000000000000,49.000000000000000,0.30000001192092896
78.000000000000000,49.000000000000000,0.30000001192092896
79.000000000000000,49.000000000000000,0.30000001192092896
80.000000000000000,49.000000000000000,0.30000001192092896
81.000000000000000,49.000000000000000,0.30000001192092896
82.000000000000000,49.000000000000000,0.30000001192092896
83.000000000000000,49.000000000000000,0.30000001192092896
84.000000000000000,49.000000000000000,0.30000001192092896
85.000000000000000,49.000000000000000,0.30000001192092896
86.000000000000000,49.000000000000000,0.30000001192092896
87.000000000000000,49.000000000000000,0.0000000000000000
88.000000000000000,49.000000000000000,0.0000000000000000
89.000000000000000,49.000000000000000,0.0000000000000000
90.000000000000000,49.000000000000000,0.0000000000000000
91.000000000000000,49.000000000000000,0.0000000000000000
92.000000000000000,49.000000000000000,0.0000000000000000
93.000000000000000,49.000000000000000,0.0000000000000000
94.000000000000000,49.000000000000000,0.0000000000000000
95.000000000000000,49.000000000000000,0.0000000000000000
96.000000000000000,49.000000000000000,0.0000000000000000
97.000000000000000,49.000000000000000,0.0000000000000000
98.000000000000000,49.000000000000000,0.0000000000000000
99.000000000000000,49.000000000000000,0.0000000000000000
100.00000000000000,49.000000000000000,0.0000000000000000
101.00000000000000,49.000000000000000,0.0000000000000000
102.00000000000000,49.000000000000000,0.0000000000000000
103.00000000000000,49.000000000000000,0.0000000000000000
104.00000000000000,49.000000000000000,0.0000000000000000
105.00000000000000,49.000000000000000,0.0000000000000000
106.00000000000000,49.000000000000000,0.0000000000000000
107.00000000000000,49.000000000000000,0.0000000000000000
108.00000000000000,49.000000000000000,0.0000000000000000
109.00000000000000,49.000000000000000,0.0000000000000000
110.00000000000000,49.000000000000000,0.0000000000000000
111.00000000000000,49.000000000000000,0.0000000000000000
112.00000000000000,49.000000000000000,0.0000000000000000
113.00000000000000,49.000000000000000,0.0000000000000000
1.0000000000000000,50.000000000000000,0.0000000000000000
2.0000000000000000,50.000000000000000,1.2000000476837158
3.0000000000000000,50.000000000000000,1.1000000238418579
4.0000000000000000,50.000000000000000,1.1000000238418579
5.0000000000000000,50.000000000000000,1.1000000238418579
6.0000000000000000,50.000000000000000,1.0000000000000000
7.0000000000000000,50.000000000000000,1.0000000000000000
8.0000000000000000,50.000000000000000,1.0000000000000000
9.0000000000000000,50.000000000000000,1.0000000000000000
10.000000000000000,50.000000000000000,1.0000000000000000
11.000000000000000,50.000000000000000,1.0000000000000000
12.000000000000000,50.000000000000000,0.89999997615814209
13.000000000000000,50.000000000000000,0.89999997615814209
14.000000000000000,50.000000000000000,0.89999997615814209
15.000000000000000,50.000000000000000,0.80000001192092896
16.000000000000000,50.000000000000000,0.80000001192092896
17.000000000000000,50.000000000000000,0.80000001192092896
18.000000000000000,50.000000000000000,0.69999998807907104
19.000000000000000,50.000000000000000,0.69999998807907104
20.000000000000000,50.000000000000000,0.69999998807907104
21.000000000000000,50.000000000000000,0.60000002384185791
22.000000000000000,50.000000000000000,0.60000002384185791
23.000000000000000,50.000000000000000,0.60000002384185791
24.000000000000000,50.000000000000000,0.50000000000000000
25.000000000000000,50.000000000000000,0.50000000000000000
26.000000000000000,50.000000000000000,0.50000000000000000
27.000000000000000,50.000000000000000,0.50000000000000000
28.000000000000000,50.000000000000000,0.50000000000000000
29.000000000000000,50.000000000000000,0.50000000000000000
30.000000000000000,50.000000000000000,0.40000000596046448
31.000000000000000,50.000000000000000,0.40000000596046448
32.000000000000000,50.000000000000000,0.40000000596046448
33.000000000000000,50.000000000000000,0.40000000596046448
34.000000000000000,50.000000000000000,0.40000000596046448
35.000000000000000,50.000000000000000,0.40000000596046448
36.000000000000000,50.000000000000000,0.30000001192092896
37.000000000000000,50.000000000000000,0.30000001192092896
38.000000000000000,50.000000000000000,0.30000001192092896
39.000000000000000,50.000000000000000,0.30000001192092896
40.000000000000000,50.000000000000000,0.30000001192092896
41.000000000000000,50.000000000000000,0.30000001192092896
42.000000000000000,50.000000000000000,0.30000001192092896
43.000000000000000,50.000000000000000,0.30000001192092896
44.000000000000000,50.000000000000000,0.30000001192092896
45.000000000000000,50.000000000000000,0.30000001192092896
46.000000000000000,50.000000000000000,0.30000001192092896
47.000000000000000,50.000000000000000,0.30000001192092896
48.000000000000000,50.000000000000000,0.30000001192092896
49.000000000000000,50.000000000000000,0.30000001192092896
50.000000000000000,50.000000000000000,0.30000001192092896
51.000000000000000,50.000000000000000,0.20000000298023224
52.000000000000000,50.000000000000000,0.20000000298023224
53.000000000000000,50.000000000000000,0.20000000298023224
54.000000000000000,50.000000000000000,0.10000000149011612
55.000000000000000,50.000000000000000,0.10000000149011612
56.000000000000000,50.000000000000000,0.10000000149011612
57.000000000000000,50.000000000000000,0.0000000000000000
58.000000000000000,50.000000000000000,0.0000000000000000
59.000000000000000,50.000000000000000,0.0000000000000000
60.000000000000000,50.000000000000000,0.0000000000000000
61.000000000000000,50.000000000000000,0.0000000000000000
62.000000000000000,50.000000000000000,0.0000000000000000
63.000000000000000,50.000000000000000,0.0000000000000000
64.000000000000000,50.000000000000000,0.0000000000000000
65.000000000000000,50.000000000000000,0.0000000000000000
66.000000000000000,50.000000000000000,0.0000000000000000
67.000000000000000,50.000000000000000,0.0000000000000000
68.000000000000000,50.000000000000000,0.0000000000000000
69.000000000000000,50.000000000000000,0.0000000000000000
70.000000000000000,50.000000000000000,0.0000000000000000
71.000000000000000,50.000000000000000,0.0000000000000000
72.000000000000000,50.000000000000000,0.10000000149011612
73.000000000000000,50.000000000000000,0.10000000149011612
74.000000000000000,50.000000000000000,0.10000000149011612
75.000000000000000,50.000000000000000,0.10000000149011612
76.000000000000000,50.000000000000000,0.10000000149011612
77.000000000000000,50.000000000000000,0.10000000149011612
78.000000000000000,50.000000000000000,0.10000000149011612
79.000000000000000,50.000000000000000,0.10000000149011612
80.000000000000000,50.000000000000000,0.10000000149011612
81.000000000000000,50.000000000000000,0.30000001192092896
82.000000000000000,50.000000000000000,0.30000001192092896
83.000000000000000,50.000000000000000,0.30000001192092896
84.000000000000000,50.000000000000000,0.20000000298023224
85.000000000000000,50.000000000000000,0.20000000298023224
86.000000000000000,50.000000000000000,0.20000000298023224
87.000000000000000,50.000000000000000,0.0000000000000000
88.000000000000000,50.000000000000000,0.0000000000000000
89.000000000000000,50.000000000000000,0.0000000000000000
90.000000000000000,50.000000000000000,0.0000000000000000
91.000000000000000,50.000000000000000,0.0000000000000000
92.000000000000000,50.000000000000000,0.0000000000000000
93.000000000000000,50.000000000000000,0.0000000000000000
94.000000000000000,50.000000000000000,0.0000000000000000
95.000000000000000,50.000000000000000,0.0000000000000000
96.000000000000000,50.000000000000000,0.0000000000000000
97.000000000000000,50.000000000000000,0.0000000000000000
98.000000000000000,50.000000000000000,0.0000000000000000
99.000000000000000,50.000000000000000,0.0000000000000000
100.00000000000000,50.000000000000000,0.0000000000000000
101.00000000000000,50.000000000000000,0.0000000000000000
102.00000000000000,50.000000000000000,0.0000000000000000
103.00000000000000,50.000000000000000,0.0000000000000000
104.00000000000000,50.000000000000000,0.0000000000000000
105.00000000000000,50.000000000000000,0.0000000000000000
106.00000000000000,50.000000000000000,0.0000000000000000
107.00000000000000,50.000000000000000,0.0000000000000000
108.00000000000000,50.000000000000000,0.0000000000000000
109.00000000000000,50.000000000000000,0.0000000000000000
110.00000000000000,50.000000000000000,0.0000000000000000
111.00000000000000,50.000000000000000,0.0000000000000000
112.00000000000000,50.000000000000000,0.0000000000000000
113.00000000000000,50.000000000000000,0.0000000000000000
1.0000000000000000,51.000000000000000,0.0000000000000000
2.0000000000000000,51.000000000000000,1.2000000476837158
3.0000000000000000,51.000000000000000,1.1000000238418579
4.0000000000000000,51.000000000000000,1.1000000238418579
5.0000000000000000,51.000000000000000,1.1000000238418579
6.0000000000000000,51.000000000000000,1.0000000000000000
7.0000000000000000,51.000000000000000,1.0000000000000000
8.0000000000000000,51.000000000000000,1.0000000000000000
9.0000000000000000,51.000000000000000,1.0000000000000000
10.000000000000000,51.000000000000000,1.0000000000000000
11.000000000000000,51.000000000000000,1.0000000000000000
12.000000000000000,51.000000000000000,0.89999997615814209
13.000000000000000,51.000000000000000,0.89999997615814209
14.000000000000000,51.000000000000000,0.89999997615814209
15.000000000000000,51.000000000000000,0.80000001192092896
16.000000000000000,51.000000000000000,0.80000001192092896
17.000000000000000,51.000000000000000,0.80000001192092896
18.000000000000000,51.000000000000000,0.69999998807907104
19.000000000000000,51.000000000000000,0.69999998807907104
20.000000000000000,51.000000000000000,0.69999998807907104
21.000000000000000,51.000000000000000,0.60000002384185791
22.000000000000000,51.000000000000000,0.60000002384185791
23.000000000000000,51.000000000000000,0.60000002384185791
24.000000000000000,51.000000000000000,0.50000000000000000
25.000000000000000,51.000000000000000,0.50000000000000000
26.000000000000000,51.000000000000000,0.50000000000000000
27.000000000000000,51.000000000000000,0.50000000000000000
28.000000000000000,51.000000000000000,0.50000000000000000
29.000000000000000,51.000000000000000,0.50000000000000000
30.000000000000000,51.000000000000000,0.40000000596046448
31.000000000000000,51.000000000000000,0.40000000596046448
32.000000000000000,51.000000000000000,0.40000000596046448
33.000000000000000,51.000000000000000,0.40000000596046448
34.000000000000000,51.000000000000000,0.40000000596046448
35.000000000000000,51.000000000000000,0.40000000596046448
36.000000000000000,51.000000000000000,0.30000001192092896
37.000000000000000,51.000000000000000,0.30000001192092896
38.000000000000000,51.000000000000000,0.30000001192092896
39.000000000000000,51.000000000000000,0.30000001192092896
40.000000000000000,51.000000000000000,0.30000001192092896
41.000000000000000,51.000000000000000,0.30000001192092896
42.000000000000000,51.000000000000000,0.30000001192092896
43.000000000000000,51.000000000000000,0.30000001192092896
44.000000000000000,51.000000000000000,0.30000001192092896
45.000000000000000,51.000000000000000,0.30000001192092896
46.000000000000000,51.000000000000000,0.30000001192092896
47.000000000000000,51.000000000000000,0.30000001192092896
48.000000000000000,51.000000000000000,0.30000001192092896
49.000000000000000,51.000000000000000,0.30000001192092896
50.000000000000000,51.000000000000000,0.30000001192092896
51.000000000000000,51.000000000000000,0.20000000298023224
52.000000000000000,51.000000000000000,0.20000000298023224
53.000000000000000,51.000000000000000,0.20000000298023224
54.000000000000000,51.000000000000000,0.10000000149011612
55.000000000000000,51.000000000000000,0.10000000149011612
56.000000000000000,51.000000000000000,0.10000000149011612
57.000000000000000,51.000000000000000,0.0000000000000000
58.000000000000000,51.000000000000000,0.0000000000000000
59.000000000000000,51.000000000000000,0.0000000000000000
60.000000000000000,51.000000000000000,0.0000000000000000
61.000000000000000,51.000000000000000,0.0000000000000000
62.000000000000000,51.000000000000000,0.0000000000000000
63.000000000000000,51.000000000000000,0.0000000000000000
64.000000000000000,51.000000000000000,0.0000000000000000
65.000000000000000,51.000000000000000,0.0000000000000000
66.000000000000000,51.000000000000000,0.0000000000000000
67.000000000000000,51.000000000000000,0.0000000000000000
68.000000000000000,51.000000000000000,0.0000000000000000
69.000000000000000,51.000000000000000,0.0000000000000000
70.000000000000000,51.000000000000000,0.0000000000000000
71.000000000000000,51.000000000000000,0.0000000000000000
72.000000000000000,51.000000000000000,0.10000000149011612
73.000000000000000,51.000000000000000,0.10000000149011612
74.000000000000000,51.000000000000000,0.10000000149011612
75.000000000000000,51.000000000000000,0.10000000149011612
76.000000000000000,51.000000000000000,0.10000000149011612
77.000000000000000,51.000000000000000,0.10000000149011612
78.000000000000000,51.000000000000000,0.10000000149011612
79.000000000000000,51.000000000000000,0.10000000149011612
80.000000000000000,51.000000000000000,0.10000000149011612
81.000000000000000,51.000000000000000,0.30000001192092896
82.000000000000000,51.000000000000000,0.30000001192092896
83.000000000000000,51.000000000000000,0.30000001192092896
84.000000000000000,51.000000000000000,0.20000000298023224
85.000000000000000,51.000000000000000,0.20000000298023224
86.000000000000000,51.000000000000000,0.20000000298023224
87.000000000000000,51.000000000000000,0.0000000000000000
88.000000000000000,51.000000000000000,0.0000000000000000
89.000000000000000,51.000000000000000,0.0000000000000000
90.000000000000000,51.000000000000000,0.0000000000000000
91.000000000000000,51.000000000000000,0.0000000000000000
92.000000000000000,51.000000000000000,0.0000000000000000
93.000000000000000,51.000000000000000,0.0000000000000000
94.000000000000000,51.000000000000000,0.0000000000000000
95.000000000000000,51.000000000000000,0.0000000000000000
96.000000000000000,51.000000000000000,0.0000000000000000
97.000000000000000,51.000000000000000,0.0000000000000000
98.000000000000000,51.000000000000000,0.0000000000000000
99.000000000000000,51.000000000000000,0.0000000000000000
100.00000000000000,51.000000000000000,0.0000000000000000
101.00000000000000,51.000000000000000,0.0000000000000000
102.00000000000000,51.000000000000000,0.0000000000000000
103.00000000000000,51.000000000000000,0.0000000000000000
104.00000000000000,51.000000000000000,0.0000000000000000
105.00000000000000,51.000000000000000,0.0000000000000000
106.00000000000000,51.000000000000000,0.0000000000000000
107.00000000000000,51.000000000000000,0.0000000000000000
108.00000000000000,51.000000000000000,0.0000000000000000
109.00000000000000,51.000000000000000,0.0000000000000000
110.00000000000000,51.000000000000000,0.0000000000000000
111.00000000000000,51.000000000000000,0.0000000000000000
112.00000000000000,51.000000000000000,0.0000000000000000
113.00000000000000,51.000000000000000,0.0000000000000000
1.0000000000000000,52.000000000000000,0.0000000000000000
2.0000000000000000,52.000000000000000,1.2000000476837158
3.0000000000000000,52.000000000000000,1.1000000238418579
4.0000000000000000,52.000000000000000,1.1000000238418579
5.0000000000000000,52.000000000000000,1.1000000238418579
6.0000000000000000,52.000000000000000,1.0000000000000000
7.0000000000000000,52.000000000000000,1.0000000000000000
8.0000000000000000,52.000000000000000,1.0000000000000000
9.0000000000000000,52.000000000000000,1.0000000000000000
10.000000000000000,52.000000000000000,1.0000000000000000
11.000000000000000,52.000000000000000,1.0000000000000000
12.000000000000000,52.000000000000000,0.89999997615814209
13.000000000000000,52.000000000000000,0.89999997615814209
14.000000000000000,52.000000000000000,0.89999997615814209
15.000000000000000,52.000000000000000,0.80000001192092896
16.000000000000000,52.000000000000000,0.80000001192092896
17.000000000000000,52.000000000000000,0.80000001192092896
18.000000000000000,52.000000000000000,0.69999998807907104
19.000000000000000,52.000000000000000,0.69999998807907104
20.000000000000000,52.000000000000000,0.69999998807907104
21.000000000000000,52.000000000000000,0.60000002384185791
22.000000000000000,52.000000000000000,0.60000002384185791
23.000000000000000,52.000000000000000,0.60000002384185791
24.000000000000000,52.000000000000000,0.50000000000000000
25.000000000000000,52.000000000000000,0.50000000000000000
26.000000000000000,52.000000000000000,0.50000000000000000
27.000000000000000,52.000000000000000,0.50000000000000000
28.000000000000000,52.000000000000000,0.50000000000000000
29.000000000000000,52.000000000000000,0.50000000000000000
30.000000000000000,52.000000000000000,0.40000000596046448
31.000000000000000,52.000000000000000,0.40000000596046448
32.000000000000000,52.000000000000000,0.40000000596046448
33.000000000000000,52.000000000000000,0.40000000596046448
34.000000000000000,52.000000000000000,0.40000000596046448
35.000000000000000,52.000000000000000,0.40000000596046448
36.000000000000000,52.000000000000000,0.30000001192092896
37.000000000000000,52.000000000000000,0.30000001192092896
38.000000000000000,52.000000000000000,0.30000001192092896
39.000000000000000,52.000000000000000,0.30000001192092896
40.000000000000000,52.000000000000000,0.30000001192092896
41.000000000000000,52.000000000000000,0.30000001192092896
42.000000000000000,52.000000000000000,0.30000001192092896
43.000000000000000,52.000000000000000,0.30000001192092896
44.000000000000000,52.000000000000000,0.30000001192092896
45.000000000000000,52.000000000000000,0.30000001192092896
46.000000000000000,52.000000000000000,0.30000001192092896
47.000000000000000,52.000000000000000,0.30000001192092896
48.000000000000000,52.000000000000000,0.30000001192092896
49.000000000000000,52.000000000000000,0.30000001192092896
50.000000000000000,52.000000000000000,0.30000001192092896
51.000000000000000,52.000000000000000,0.20000000298023224
52.000000000000000,52.000000000000000,0.20000000298023224
53.000000000000000,52.000000000000000,0.20000000298023224
54.000000000000000,52.000000000000000,0.10000000149011612
55.000000000000000,52.000000000000000,0.10000000149011612
56.000000000000000,52.000000000000000,0.10000000149011612
57.000000000000000,52.000000000000000,0.0000000000000000
58.000000000000000,52.000000000000000,0.0000000000000000
59.000000000000000,52.000000000000000,0.0000000000000000
60.000000000000000,52.000000000000000,0.0000000000000000
61.000000000000000,52.000000000000000,0.0000000000000000
62.000000000000000,52.000000000000000,0.0000000000000000
63.000000000000000,52.000000000000000,0.0000000000000000
64.000000000000000,52.000000000000000,0.0000000000000000
65.000000000000000,52.000000000000000,0.0000000000000000
66.000000000000000,52.000000000000000,0.0000000000000000
67.000000000000000,52.000000000000000,0.0000000000000000
68.000000000000000,52.000000000000000,0.0000000000000000
69.000000000000000,52.000000000000000,0.0000000000000000
70.000000000000000,52.000000000000000,0.0000000000000000
71.000000000000000,52.000000000000000,0.0000000000000000
72.000000000000000,52.000000000000000,0.10000000149011612
73.000000000000000,52.000000000000000,0.10000000149011612
74.000000000000000,52.000000000000000,0.10000000149011612
75.000000000000000,52.000000000000000,0.10000000149011612
76.000000000000000,52.000000000000000,0.10000000149011612
77.000000000000000,52.000000000000000,0.10000000149011612
78.000000000000000,52.000000000000000,0.10000000149011612
79.000000000000000,52.000000000000000,0.10000000149011612
80.000000000000000,52.000000000000000,0.10000000149011612
81.000000000000000,52.000000000000000,0.30000001192092896
82.000000000000000,52.000000000000000,0.30000001192092896
83.000000000000000,52.000000000000000,0.30000001192092896
84.000000000000000,52.000000000000000,0.20000000298023224
85.000000000000000,52.000000000000000,0.20000000298023224
86.000000000000000,52.000000000000000,0.20000000298023224
87.000000000000000,52.000000000000000,0.0000000000000000
88.000000000000000,52.000000000000000,0.0000000000000000
89.000000000000000,52.000000000000000,0.0000000000000000
90.000000000000000,52.000000000000000,0.0000000000000000
91.000000000000000,52.000000000000000,0.0000000000000000
92.000000000000000,52.000000000000000,0.0000000000000000
93.000000000000000,52.000000000000000,0.0000000000000000
94.000000000000000,52.000000000000000,0.0000000000000000
95.000000000000000,52.000000000000000,0.0000000000000000
96.000000000000000,52.000000000000000,0.0000000000000000
97.000000000000000,52.000000000000000,0.0000000000000000
98.000000000000000,52.000000000000000,0.0000000000000000
99.000000000000000,52.000000000000000,0.0000000000000000
100.00000000000000,52.000000000000000,0.0000000000000000
101.00000000000000,52.000000000000000,0.0000000000000000
102.00000000000000,52.000000000000000,0.0000000000000000
103.00000000000000,52.000000000000000,0.0000000000000000
104.00000000000000,52.000000000000000,0.0000000000000000
105.00000000000000,52.000000000000000,0.0000000000000000
106.00000000000000,52.000000000000000,0.0000000000000000
107.00000000000000,52.000000000000000,0.0000000000000000
108.00000000000000,52.000000000000000,0.0000000000000000
109.00000000000000,52.000000000000000,0.0000000000000000
110.00000000000000,52.000000000000000,0.0000000000000000
111.00000000000000,52.000000000000000,0.0000000000000000
112.00000000000000,52.000000000000000,0.0000000000000000
113.00000000000000,52.000000000000000,0.0000000000000000
1.0000000000000000,53.000000000000000,0.0000000000000000
2.0000000000000000,53.000000000000000,1.2000000476837158
3.0000000000000000,53.000000000000000,1.1000000238418579
4.0000000000000000,53.000000000000000,1.1000000238418579
5.0000000000000000,53.000000000000000,1.1000000238418579
6.0000000000000000,53.000000000000000,1.1000000238418579
7.0000000000000000,53.000000000000000,1.1000000238418579
8.0000000000000000,53.000000000000000,1.1000000238418579
9.0000000000000000,53.000000000000000,1.0000000000000000
10.000000000000000,53.000000000000000,1.0000000000000000
11.000000000000000,53.000000000000000,1.0000000000000000
12.000000000000000,53.000000000000000,1.0000000000000000
13.000000000000000,53.000000000000000,1.0000000000000000
14.000000000000000,53.000000000000000,1.0000000000000000
15.000000000000000,53.000000000000000,0.89999997615814209
16.000000000000000,53.000000000000000,0.89999997615814209
17.000000000000000,53.000000000000000,0.89999997615814209
18.000000000000000,53.000000000000000,0.69999998807907104
19.000000000000000,53.000000000000000,0.69999998807907104
20.000000000000000,53.000000000000000,0.69999998807907104
21.000000000000000,53.000000000000000,0.60000002384185791
22.000000000000000,53.000000000000000,0.60000002384185791
23.000000000000000,53.000000000000000,0.60000002384185791
24.000000000000000,53.000000000000000,0.50000000000000000
25.000000000000000,53.000000000000000,0.50000000000000000
26.000000000000000,53.000000000000000,0.50000000000000000
27.000000000000000,53.000000000000000,0.50000000000000000
28.000000000000000,53.000000000000000,0.50000000000000000
29.000000000000000,53.000000000000000,0.50000000000000000
30.000000000000000,53.000000000000000,0.40000000596046448
31.000000000000000,53.000000000000000,0.40000000596046448
32.000000000000000,53.000000000000000,0.40000000596046448
33.000000000000000,53.000000000000000,0.40000000596046448
34.000000000000000,53.000000000000000,0.40000000596046448
35.000000000000000,53.000000000000000,0.40000000596046448
36.000000000000000,53.000000000000000,0.40000000596046448
37.000000000000000,53.000000000000000,0.40000000596046448
38.000000000000000,53.000000000000000,0.40000000596046448
39.000000000000000,53.000000000000000,0.30000001192092896
40.000000000000000,53.000000000000000,0.30000001192092896
41.000000000000000,53.000000000000000,0.30000001192092896
42.000000000000000,53.000000000000000,0.30000001192092896
43.000000000000000,53.000000000000000,0.30000001192092896
44.000000000000000,53.000000000000000,0.30000001192092896
45.000000000000000,53.000000000000000,0.30000001192092896
46.000000000000000,53.000000000000000,0.30000001192092896
47.000000000000000,53.000000000000000,0.30000001192092896
48.000000000000000,53.000000000000000,0.30000001192092896
49.000000000000000,53.000000000000000,0.30000001192092896
50.000000000000000,53.000000000000000,0.30000001192092896
51.000000000000000,53.000000000000000,0.20000000298023224
52.000000000000000,53.000000000000000,0.20000000298023224
53.000000000000000,53.000000000000000,0.20000000298023224
54.000000000000000,53.000000000000000,0.10000000149011612
55.000000000000000,53.000000000000000,0.10000000149011612
56.000000000000000,53.000000000000000,0.10000000149011612
57.000000000000000,53.000000000000000,0.0000000000000000
58.000000000000000,53.000000000000000,0.0000000000000000
59.000000000000000,53.000000000000000,0.0000000000000000
60.000000000000000,53.000000000000000,0.0000000000000000
61.000000000000000,53.000000000000000,0.0000000000000000
62.000000000000000,53.000000000000000,0.0000000000000000
63.000000000000000,53.000000000000000,0.0000000000000000
64.000000000000000,53.000000000000000,0.0000000000000000
65.000000000000000,53.000000000000000,0.0000000000000000
66.000000000000000,53.000000000000000,0.0000000000000000
67.000000000000000,53.000000000000000,0.0000000000000000
68.000000000000000,53.000000000000000,0.0000000000000000
69.000000000000000,53.000000000000000,0.0000000000000000
70.000000000000000,53.000000000000000,0.0000000000000000
71.000000000000000,53.000000000000000,0.0000000000000000
72.000000000000000,53.000000000000000,0.0000000000000000
73.000000000000000,53.000000000000000,0.0000000000000000
74.000000000000000,53.000000000000000,0.0000000000000000
75.000000000000000,53.000000000000000,0.0000000000000000
76.000000000000000,53.000000000000000,0.0000000000000000
77.000000000000000,53.000000000000000,0.0000000000000000
78.000000000000000,53.000000000000000,0.0000000000000000
79.000000000000000,53.000000000000000,0.0000000000000000
80.000000000000000,53.000000000000000,0.0000000000000000
81.000000000000000,53.000000000000000,0.0000000000000000
82.000000000000000,53.000000000000000,0.0000000000000000
83.000000000000000,53.000000000000000,0.0000000000000000
84.000000000000000,53.000000000000000,0.10000000149011612
85.000000000000000,53.000000000000000,0.10000000149011612
86.000000000000000,53.000000000000000,0.10000000149011612
87.000000000000000,53.000000000000000,0.0000000000000000
88.000000000000000,53.000000000000000,0.0000000000000000
89.000000000000000,53.000000000000000,0.0000000000000000
90.000000000000000,53.000000000000000,0.0000000000000000
91.000000000000000,53.000000000000000,0.0000000000000000
92.000000000000000,53.000000000000000,0.0000000000000000
93.000000000000000,53.000000000000000,0.0000000000000000
94.000000000000000,53.000000000000000,0.0000000000000000
95.000000000000000,53.000000000000000,0.0000000000000000
96.000000000000000,53.000000000000000,0.0000000000000000
97.000000000000000,53.000000000000000,0.0000000000000000
98.000000000000000,53.000000000000000,0.0000000000000000
99.000000000000000,53.000000000000000,0.0000000000000000
100.00000000000000,53.000000000000000,0.0000000000000000
101.00000000000000,53.000000000000000,0.0000000000000000
102.00000000000000,53.000000000000000,0.0000000000000000
103.00000000000000,53.000000000000000,0.0000000000000000
104.00000000000000,53.000000000000000,0.0000000000000000
105.00000000000000,53.000000000000000,0.0000000000000000
106.00000000000000,53.000000000000000,0.0000000000000000
107.00000000000000,53.000000000000000,0.0000000000000000
108.00000000000000,53.000000000000000,0.0000000000000000
109.00000000000000,53.000000000000000,0.0000000000000000
110.00000000000000,53.000000000000000,0.0000000000000000
111.00000000000000,53.000000000000000,0.0000000000000000
112.00000000000000,53.000000000000000,0.0000000000000000
113.00000000000000,53.000000000000000,0.0000000000000000
1.0000000000000000,54.000000000000000,0.0000000000000000
2.0000000000000000,54.000000000000000,1.2000000476837158
3.0000000000000000,54.000000000000000,1.1000000238418579
4.0000000000000000,54.000000000000000,1.1000000238418579
5.0000000000000000,54.000000000000000,1.1000000238418579
6.0000000000000000,54.000000000000000,1.1000000238418579
7.0000000000000000,54.000000000000000,1.1000000238418579
8.0000000000000000,54.000000000000000,1.1000000238418579
9.0000000000000000,54.000000000000000,1.0000000000000000
10.000000000000000,54.000000000000000,1.0000000000000000
11.000000000000000,54.000000000000000,1.0000000000000000
12.000000000000000,54.000000000000000,1.0000000000000000
13.000000000000000,54.000000000000000,1.0000000000000000
14.000000000000000,54.000000000000000,1.0000000000000000
15.000000000000000,54.000000000000000,0.89999997615814209
16.000000000000000,54.000000000000000,0.89999997615814209
17.000000000000000,54.000000000000000,0.89999997615814209
18.000000000000000,54.000000000000000,0.69999998807907104
19.000000000000000,54.000000000000000,0.69999998807907104
20.000000000000000,54.000000000000000,0.69999998807907104
21.000000000000000,54.000000000000000,0.60000002384185791
22.000000000000000,54.000000000000000,0.60000002384185791
23.000000000000000,54.000000000000000,0.60000002384185791
24.000000000000000,54.000000000000000,0.50000000000000000
25.000000000000000,54.000000000000000,0.50000000000000000
26.000000000000000,54.000000000000000,0.50000000000000000
27.000000000000000,54.000000000000000,0.50000000000000000
28.000000000000000,54.000000000000000,0.50000000000000000
29.000000000000000,54.000000000000000,0.50000000000000000
30.000000000000000,54.000000000000000,0.40000000596046448
31.000000000000000,54.000000000000000,0.40000000596046448
32.000000000000000,54.000000000000000,0.40000000596046448
33.000000000000000,54.000000000000000,0.40000000596046448
34.000000000000000,54.000000000000000,0.40000000596046448
35.000000000000000,54.000000000000000,0.40000000596046448
36.000000000000000,54.000000000000000,0.40000000596046448
37.000000000000000,54.000000000000000,0.40000000596046448
38.000000000000000,54.000000000000000,0.40000000596046448
39.000000000000000,54.000000000000000,0.30000001192092896
40.000000000000000,54.000000000000000,0.30000001192092896
41.000000000000000,54.000000000000000,0.30000001192092896
42.000000000000000,54.000000000000000,0.30000001192092896
43.000000000000000,54.000000000000000,0.30000001192092896
44.000000000000000,54.000000000000000,0.30000001192092896
45.000000000000000,54.000000000000000,0.30000001192092896
46.000000000000000,54.000000000000000,0.30000001192092896
47.000000000000000,54.000000000000000,0.30000001192092896
48.000000000000000,54.000000000000000,0.30000001192092896
49.000000000000000,54.000000000000000,0.30000001192092896
50.000000000000000,54.000000000000000,0.30000001192092896
51.000000000000000,54.000000000000000,0.20000000298023224
52.000000000000000,54.000000000000000,0.20000000298023224
53.000000000000000,54.000000000000000,0.20000000298023224
54.000000000000000,54.000000000000000,0.10000000149011612
55.000000000000000,54.000000000000000,0.10000000149011612
56.000000000000000,54.000000000000000,0.10000000149011612
57.000000000000000,54.000000000000000,0.0000000000000000
58.000000000000000,54.000000000000000,0.0000000000000000
59.000000000000000,54.000000000000000,0.0000000000000000
60.000000000000000,54.000000000000000,0.0000000000000000
61.000000000000000,54.000000000000000,0.0000000000000000
62.000000000000000,54.000000000000000,0.0000000000000000
63.000000000000000,54.000000000000000,0.0000000000000000
64.000000000000000,54.000000000000000,0.0000000000000000
65.000000000000000,54.000000000000000,0.0000000000000000
66.000000000000000,54.000000000000000,0.0000000000000000
67.000000000000000,54.000000000000000,0.0000000000000000
68.000000000000000,54.000000000000000,0.0000000000000000
69.000000000000000,54.000000000000000,0.0000000000000000
70.000000000000000,54.000000000000000,0.0000000000000000
71.000000000000000,54.000000000000000,0.0000000000000000
72.000000000000000,54.000000000000000,0.0000000000000000
73.000000000000000,54.000000000000000,0.0000000000000000
74.000000000000000,54.000000000000000,0.0000000000000000
75.000000000000000,54.000000000000000,0.0000000000000000
76.000000000000000,54.000000000000000,0.0000000000000000
77.000000000000000,54.000000000000000,0.0000000000000000
78.000000000000000,54.000000000000000,0.0000000000000000
79.000000000000000,54.000000000000000,0.0000000000000000
80.000000000000000,54.000000000000000,0.0000000000000000
81.000000000000000,54.000000000000000,0.0000000000000000
82.000000000000000,54.000000000000000,0.0000000000000000
83.000000000000000,54.000000000000000,0.0000000000000000
84.000000000000000,54.000000000000000,0.10000000149011612
85.000000000000000,54.000000000000000,0.10000000149011612
86.000000000000000,54.000000000000000,0.10000000149011612
87.000000000000000,54.000000000000000,0.0000000000000000
88.000000000000000,54.000000000000000,0.0000000000000000
89.000000000000000,54.000000000000000,0.0000000000000000
90.000000000000000,54.000000000000000,0.0000000000000000
91.000000000000000,54.000000000000000,0.0000000000000000
92.000000000000000,54.000000000000000,0.0000000000000000
93.000000000000000,54.000000000000000,0.0000000000000000
94.000000000000000,54.000000000000000,0.0000000000000000
95.000000000000000,54.000000000000000,0.0000000000000000
96.000000000000000,54.000000000000000,0.0000000000000000
97.000000000000000,54.000000000000000,0.0000000000000000
98.000000000000000,54.000000000000000,0.0000000000000000
99.000000000000000,54.000000000000000,0.0000000000000000
100.00000000000000,54.000000000000000,0.0000000000000000
101.00000000000000,54.000000000000000,0.0000000000000000
102.00000000000000,54.000000000000000,0.0000000000000000
103.00000000000000,54.000000000000000,0.0000000000000000
104.00000000000000,54.000000000000000,0.0000000000000000
105.00000000000000,54.000000000000000,0.0000000000000000
106.00000000000000,54.000000000000000,0.0000000000000000
107.00000000000000,54.000000000000000,0.0000000000000000
108.00000000000000,54.000000000000000,0.0000000000000000
109.00000000000000,54.000000000000000,0.0000000000000000
110.00000000000000,54.000000000000000,0.0000000000000000
111.00000000000000,54.000000000000000,0.0000000000000000
112.00000000000000,54.000000000000000,0.0000000000000000
113.00000000000000,54.000000000000000,0.0000000000000000
1.0000000000000000,55.000000000000000,0.0000000000000000
2.0000000000000000,55.000000000000000,1.2000000476837158
3.0000000000000000,55.000000000000000,1.1000000238418579
4.0000000000000000,55.000000000000000,1.1000000238418579
5.0000000000000000,55.000000000000000,1.1000000238418579
6.0000000000000000,55.000000000000000,1.1000000238418579
7.0000000000000000,55.000000000000000,1.1000000238418579
8.0000000000000000,55.000000000000000,1.1000000238418579
9.0000000000000000,55.000000000000000,1.0000000000000000
10.000000000000000,55.000000000000000,1.0000000000000000
11.000000000000000,55.000000000000000,1.0000000000000000
12.000000000000000,55.000000000000000,1.0000000000000000
13.000000000000000,55.000000000000000,1.0000000000000000
14.000000000000000,55.000000000000000,1.0000000000000000
15.000000000000000,55.000000000000000,0.89999997615814209
16.000000000000000,55.000000000000000,0.89999997615814209
17.000000000000000,55.000000000000000,0.89999997615814209
18.000000000000000,55.000000000000000,0.69999998807907104
19.000000000000000,55.000000000000000,0.69999998807907104
20.000000000000000,55.000000000000000,0.69999998807907104
21.000000000000000,55.000000000000000,0.60000002384185791
22.000000000000000,55.000000000000000,0.60000002384185791
23.000000000000000,55.000000000000000,0.60000002384185791
24.000000000000000,55.000000000000000,0.50000000000000000
25.000000000000000,55.000000000000000,0.50000000000000000
26.000000000000000,55.000000000000000,0.50000000000000000
27.000000000000000,55.000000000000000,0.50000000000000000
28.000000000000000,55.000000000000000,0.50000000000000000
29.000000000000000,55.000000000000000,0.50000000000000000
30.000000000000000,55.000000000000000,0.40000000596046448
31.000000000000000,55.000000000000000,0.40000000596046448
32.000000000000000,55.000000000000000,0.40000000596046448
33.000000000000000,55.000000000000000,0.40000000596046448
34.000000000000000,55.000000000000000,0.40000000596046448
35.000000000000000,55.000000000000000,0.40000000596046448
36.000000000000000,55.000000000000000,0.40000000596046448
37.000000000000000,55.000000000000000,0.40000000596046448
38.000000000000000,55.000000000000000,0.40000000596046448
39.000000000000000,55.000000000000000,0.30000001192092896
40.000000000000000,55.000000000000000,0.30000001192092896
41.000000000000000,55.000000000000000,0.30000001192092896
42.000000000000000,55.000000000000000,0.30000001192092896
43.000000000000000,55.000000000000000,0.30000001192092896
44.000000000000000,55.000000000000000,0.30000001192092896
45.000000000000000,55.000000000000000,0.30000001192092896
46.000000000000000,55.000000000000000,0.30000001192092896
47.000000000000000,55.000000000000000,0.30000001192092896
48.000000000000000,55.000000000000000,0.30000001192092896
49.000000000000000,55.000000000000000,0.30000001192092896
50.000000000000000,55.000000000000000,0.30000001192092896
51.000000000000000,55.000000000000000,0.20000000298023224
52.000000000000000,55.000000000000000,0.20000000298023224
53.000000000000000,55.000000000000000,0.20000000298023224
54.000000000000000,55.000000000000000,0.10000000149011612
55.000000000000000,55.000000000000000,0.10000000149011612
56.000000000000000,55.000000000000000,0.10000000149011612
57.000000000000000,55.000000000000000,0.0000000000000000
58.000000000000000,55.000000000000000,0.0000000000000000
59.000000000000000,55.000000000000000,0.0000000000000000
60.000000000000000,55.000000000000000,0.0000000000000000
61.000000000000000,55.000000000000000,0.0000000000000000
62.000000000000000,55.000000000000000,0.0000000000000000
63.000000000000000,55.000000000000000,0.0000000000000000
64.000000000000000,55.000000000000000,0.0000000000000000
65.000000000000000,55.000000000000000,0.0000000000000000
66.000000000000000,55.000000000000000,0.0000000000000000
67.000000000000000,55.000000000000000,0.0000000000000000
68.000000000000000,55.000000000000000,0.0000000000000000
69.000000000000000,55.000000000000000,0.0000000000000000
70.000000000000000,55.000000000000000,0.0000000000000000
71.000000000000000,55.000000000000000,0.0000000000000000
72.000000000000000,55.000000000000000,0.0000000000000000
73.000000000000000,55.000000000000000,0.0000000000000000
74.000000000000000,55.000000000000000,0.0000000000000000
75.000000000000000,55.000000000000000,0.0000000000000000
76.000000000000000,55.000000000000000,0.0000000000000000
77.000000000000000,55.000000000000000,0.0000000000000000
78.000000000000000,55.000000000000000,0.0000000000000000
79.000000000000000,55.000000000000000,0.0000000000000000
80.000000000000000,55.000000000000000,0.0000000000000000
81.000000000000000,55.000000000000000,0.0000000000000000
82.000000000000000,55.000000000000000,0.0000000000000000
83.000000000000000,55.000000000000000,0.0000000000000000
84.000000000000000,55.000000000000000,0.10000000149011612
85.000000000000000,55.000000000000000,0.10000000149011612
86.000000000000000,55.000000000000000,0.10000000149011612
87.000000000000000,55.000000000000000,0.0000000000000000
88.000000000000000,55.000000000000000,0.0000000000000000
89.000000000000000,55.000000000000000,0.0000000000000000
90.000000000000000,55.000000000000000,0.0000000000000000
91.000000000000000,55.000000000000000,0.0000000000000000
92.000000000000000,55.000000000000000,0.0000000000000000
93.000000000000000,55.000000000000000,0.0000000000000000
94.000000000000000,55.000000000000000,0.0000000000000000
95.000000000000000,55.000000000000000,0.0000000000000000
96.000000000000000,55.000000000000000,0.0000000000000000
97.000000000000000,55.000000000000000,0.0000000000000000
98.000000000000000,55.000000000000000,0.0000000000000000
99.000000000000000,55.000000000000000,0.0000000000000000
100.00000000000000,55.000000000000000,0.0000000000000000
101.00000000000000,55.000000000000000,0.0000000000000000
102.00000000000000,55.000000000000000,0.0000000000000000
103.00000000000000,55.000000000000000,0.0000000000000000
104.00000000000000,55.000000000000000,0.0000000000000000
105.00000000000000,55.000000000000000,0.0000000000000000
106.00000000000000,55.000000000000000,0.0000000000000000
107.00000000000000,55.000000000000000,0.0000000000000000
108.00000000000000,55.000000000000000,0.0000000000000000
109.00000000000000,55.000000000000000,0.0000000000000000
110.00000000000000,55.000000000000000,0.0000000000000000
111.00000000000000,55.000000000000000,0.0000000000000000
112.00000000000000,55.000000000000000,0.0000000000000000
113.00000000000000,55.000000000000000,0.0000000000000000
1.0000000000000000,56.000000000000000,0.0000000000000000
2.0000000000000000,56.000000000000000,1.1000000238418579
3.0000000000000000,56.000000000000000,1.1000000238418579
4.0000000000000000,56.000000000000000,1.1000000238418579
5.0000000000000000,56.000000000000000,1.1000000238418579
6.0000000000000000,56.000000000000000,1.0000000000000000
7.0000000000000000,56.000000000000000,1.0000000000000000
8.0000000000000000,56.000000000000000,1.0000000000000000
9.0000000000000000,56.000000000000000,1.0000000000000000
10.000000000000000,56.000000000000000,1.0000000000000000
11.000000000000000,56.000000000000000,1.0000000000000000
12.000000000000000,56.000000000000000,0.89999997615814209
13.000000000000000,56.000000000000000,0.89999997615814209
14.000000000000000,56.000000000000000,0.89999997615814209
15.000000000000000,56.000000000000000,0.80000001192092896
16.000000000000000,56.000000000000000,0.80000001192092896
17.000000000000000,56.000000000000000,0.80000001192092896
18.000000000000000,56.000000000000000,0.69999998807907104
19.000000000000000,56.000000000000000,0.69999998807907104
20.000000000000000,56.000000000000000,0.69999998807907104
21.000000000000000,56.000000000000000,0.60000002384185791
22.000000000000000,56.000000000000000,0.60000002384185791
23.000000000000000,56.000000000000000,0.60000002384185791
24.000000000000000,56.000000000000000,0.50000000000000000
25.000000000000000,56.000000000000000,0.50000000000000000
26.000000000000000,56.000000000000000,0.50000000000000000
27.000000000000000,56.000000000000000,0.50000000000000000
28.000000000000000,56.000000000000000,0.50000000000000000
29.000000000000000,56.000000000000000,0.50000000000000000
30.000000000000000,56.000000000000000,0.40000000596046448
31.000000000000000,56.000000000000000,0.40000000596046448
32.000000000000000,56.000000000000000,0.40000000596046448
33.000000000000000,56.000000000000000,0.40000000596046448
34.000000000000000,56.000000000000000,0.40000000596046448
35.000000000000000,56.000000000000000,0.40000000596046448
36.000000000000000,56.000000000000000,0.40000000596046448
37.000000000000000,56.000000000000000,0.40000000596046448
38.000000000000000,56.000000000000000,0.40000000596046448
39.000000000000000,56.000000000000000,0.30000001192092896
40.000000000000000,56.000000000000000,0.30000001192092896
41.000000000000000,56.000000000000000,0.30000001192092896
42.000000000000000,56.000000000000000,0.30000001192092896
43.000000000000000,56.000000000000000,0.30000001192092896
44.000000000000000,56.000000000000000,0.30000001192092896
45.000000000000000,56.000000000000000,0.30000001192092896
46.000000000000000,56.000000000000000,0.30000001192092896
47.000000000000000,56.000000000000000,0.30000001192092896
48.000000000000000,56.000000000000000,0.20000000298023224
49.000000000000000,56.000000000000000,0.20000000298023224
50.000000000000000,56.000000000000000,0.20000000298023224
51.000000000000000,56.000000000000000,0.20000000298023224
52.000000000000000,56.000000000000000,0.20000000298023224
53.000000000000000,56.000000000000000,0.20000000298023224
54.000000000000000,56.000000000000000,0.0000000000000000
55.000000000000000,56.000000000000000,0.0000000000000000
56.000000000000000,56.000000000000000,0.0000000000000000
57.000000000000000,56.000000000000000,0.0000000000000000
58.000000000000000,56.000000000000000,0.0000000000000000
59.000000000000000,56.000000000000000,0.0000000000000000
60.000000000000000,56.000000000000000,0.0000000000000000
61.000000000000000,56.000000000000000,0.0000000000000000
62.000000000000000,56.000000000000000,0.0000000000000000
63.000000000000000,56.000000000000000,0.0000000000000000
64.000000000000000,56.000000000000000,0.0000000000000000
65.000000000000000,56.000000000000000,0.0000000000000000
66.000000000000000,56.000000000000000,0.0000000000000000
67.000000000000000,56.000000000000000,0.0000000000000000
68.000000000000000,56.000000000000000,0.0000000000000000
69.000000000000000,56.000000000000000,0.0000000000000000
70.000000000000000,56.000000000000000,0.0000000000000000
71.000000000000000,56.000000000000000,0.0000000000000000
72.000000000000000,56.000000000000000,0.0000000000000000
73.000000000000000,56.000000000000000,0.0000000000000000
74.000000000000000,56.000000000000000,0.0000000000000000
75.000000000000000,56.000000000000000,0.0000000000000000
76.000000000000000,56.000000000000000,0.0000000000000000
77.000000000000000,56.000000000000000,0.0000000000000000
78.000000000000000,56.000000000000000,0.0000000000000000
79.000000000000000,56.000000000000000,0.0000000000000000
80.000000000000000,56.000000000000000,0.0000000000000000
81.000000000000000,56.000000000000000,0.0000000000000000
82.000000000000000,56.000000000000000,0.0000000000000000
83.000000000000000,56.000000000000000,0.0000000000000000
84.000000000000000,56.000000000000000,0.0000000000000000
85.000000000000000,56.000000000000000,0.0000000000000000
86.000000000000000,56.000000000000000,0.0000000000000000
87.000000000000000,56.000000000000000,0.0000000000000000
88.000000000000000,56.000000000000000,0.0000000000000000
89.000000000000000,56.000000000000000,0.0000000000000000
90.000000000000000,56.000000000000000,0.0000000000000000
91.000000000000000,56.000000000000000,0.0000000000000000
92.000000000000000,56.000000000000000,0.0000000000000000
93.000000000000000,56.000000000000000,0.0000000000000000
94.000000000000000,56.000000000000000,0.0000000000000000
95.000000000000000,56.000000000000000,0.0000000000000000
96.000000000000000,56.000000000000000,0.0000000000000000
97.000000000000000,56.000000000000000,0.0000000000000000
98.000000000000000,56.000000000000000,0.0000000000000000
99.000000000000000,56.000000000000000,0.0000000000000000
100.00000000000000,56.000000000000000,0.0000000000000000
101.00000000000000,56.000000000000000,0.0000000000000000
102.00000000000000,56.000000000000000,0.0000000000000000
103.00000000000000,56.000000000000000,0.0000000000000000
104.00000000000000,56.000000000000000,0.0000000000000000
105.00000000000000,56.000000000000000,0.0000000000000000
106.00000000000000,56.000000000000000,0.0000000000000000
107.00000000000000,56.000000000000000,0.0000000000000000
108.00000000000000,56.000000000000000,0.0000000000000000
109.00000000000000,56.000000000000000,0.0000000000000000
110.00000000000000,56.000000000000000,0.0000000000000000
111.00000000000000,56.000000000000000,0.0000000000000000
112.00000000000000,56.000000000000000,0.0000000000000000
113.00000000000000,56.000000000000000,0.0000000000000000
1.0000000000000000,57.000000000000000,0.0000000000000000
2.0000000000000000,57.000000000000000,1.1000000238418579
3.0000000000000000,57.000000000000000,1.1000000238418579
4.0000000000000000,57.000000000000000,1.1000000238418579
5.0000000000000000,57.000000000000000,1.1000000238418579
6.0000000000000000,57.000000000000000,1.0000000000000000
7.0000000000000000,57.000000000000000,1.0000000000000000
8.0000000000000000,57.000000000000000,1.0000000000000000
9.0000000000000000,57.000000000000000,1.0000000000000000
10.000000000000000,57.000000000000000,1.0000000000000000
11.000000000000000,57.000000000000000,1.0000000000000000
12.000000000000000,57.000000000000000,0.89999997615814209
13.000000000000000,57.000000000000000,0.89999997615814209
14.000000000000000,57.000000000000000,0.89999997615814209
15.000000000000000,57.000000000000000,0.80000001192092896
16.000000000000000,57.000000000000000,0.80000001192092896
17.000000000000000,57.000000000000000,0.80000001192092896
18.000000000000000,57.000000000000000,0.69999998807907104
19.000000000000000,57.000000000000000,0.69999998807907104
20.000000000000000,57.000000000000000,0.69999998807907104
21.000000000000000,57.000000000000000,0.60000002384185791
22.000000000000000,57.000000000000000,0.60000002384185791
23.000000000000000,57.000000000000000,0.60000002384185791
24.000000000000000,57.000000000000000,0.50000000000000000
25.000000000000000,57.000000000000000,0.50000000000000000
26.000000000000000,57.000000000000000,0.50000000000000000
27.000000000000000,57.000000000000000,0.50000000000000000
28.000000000000000,57.000000000000000,0.50000000000000000
29.000000000000000,57.000000000000000,0.50000000000000000
30.000000000000000,57.000000000000000,0.40000000596046448
31.000000000000000,57.000000000000000,0.40000000596046448
32.000000000000000,57.000000000000000,0.40000000596046448
33.000000000000000,57.000000000000000,0.40000000596046448
34.000000000000000,57.000000000000000,0.40000000596046448
35.000000000000000,57.000000000000000,0.40000000596046448
36.000000000000000,57.000000000000000,0.40000000596046448
37.000000000000000,57.000000000000000,0.40000000596046448
38.000000000000000,57.000000000000000,0.40000000596046448
39.000000000000000,57.000000000000000,0.30000001192092896
40.000000000000000,57.000000000000000,0.30000001192092896
41.000000000000000,57.000000000000000,0.30000001192092896
42.000000000000000,57.000000000000000,0.30000001192092896
43.000000000000000,57.000000000000000,0.30000001192092896
44.000000000000000,57.000000000000000,0.30000001192092896
45.000000000000000,57.000000000000000,0.30000001192092896
46.000000000000000,57.000000000000000,0.30000001192092896
47.000000000000000,57.000000000000000,0.30000001192092896
48.000000000000000,57.000000000000000,0.20000000298023224
49.000000000000000,57.000000000000000,0.20000000298023224
50.000000000000000,57.000000000000000,0.20000000298023224
51.000000000000000,57.000000000000000,0.20000000298023224
52.000000000000000,57.000000000000000,0.20000000298023224
53.000000000000000,57.000000000000000,0.20000000298023224
54.000000000000000,57.000000000000000,0.0000000000000000
55.000000000000000,57.000000000000000,0.0000000000000000
56.000000000000000,57.000000000000000,0.0000000000000000
57.000000000000000,57.000000000000000,0.0000000000000000
58.000000000000000,57.000000000000000,0.0000000000000000
59.000000000000000,57.000000000000000,0.0000000000000000
60.000000000000000,57.000000000000000,0.0000000000000000
61.000000000000000,57.000000000000000,0.0000000000000000
62.000000000000000,57.000000000000000,0.0000000000000000
63.000000000000000,57.000000000000000,0.0000000000000000
64.000000000000000,57.000000000000000,0.0000000000000000
65.000000000000000,57.000000000000000,0.0000000000000000
66.000000000000000,57.000000000000000,0.0000000000000000
67.000000000000000,57.000000000000000,0.0000000000000000
68.000000000000000,57.000000000000000,0.0000000000000000
69.000000000000000,57.000000000000000,0.0000000000000000
70.000000000000000,57.000000000000000,0.0000000000000000
71.000000000000000,57.000000000000000,0.0000000000000000
72.000000000000000,57.000000000000000,0.0000000000000000
73.000000000000000,57.000000000000000,0.0000000000000000
74.000000000000000,57.000000000000000,0.0000000000000000
75.000000000000000,57.000000000000000,0.0000000000000000
76.000000000000000,57.000000000000000,0.0000000000000000
77.000000000000000,57.000000000000000,0.0000000000000000
78.000000000000000,57.000000000000000,0.0000000000000000
79.000000000000000,57.000000000000000,0.0000000000000000
80.000000000000000,57.000000000000000,0.0000000000000000
81.000000000000000,57.000000000000000,0.0000000000000000
82.000000000000000,57.000000000000000,0.0000000000000000
83.000000000000000,57.000000000000000,0.0000000000000000
84.000000000000000,57.000000000000000,0.0000000000000000
85.000000000000000,57.000000000000000,0.0000000000000000
86.000000000000000,57.000000000000000,0.0000000000000000
87.000000000000000,57.000000000000000,0.0000000000000000
88.000000000000000,57.000000000000000,0.0000000000000000
89.000000000000000,57.000000000000000,0.0000000000000000
90.000000000000000,57.000000000000000,0.0000000000000000
91.000000000000000,57.000000000000000,0.0000000000000000
92.000000000000000,57.000000000000000,0.0000000000000000
93.000000000000000,57.000000000000000,0.0000000000000000
94.000000000000000,57.000000000000000,0.0000000000000000
95.000000000000000,57.000000000000000,0.0000000000000000
96.000000000000000,57.000000000000000,0.0000000000000000
97.000000000000000,57.000000000000000,0.0000000000000000
98.000000000000000,57.000000000000000,0.0000000000000000
99.000000000000000,57.000000000000000,0.0000000000000000
100.00000000000000,57.000000000000000,0.0000000000000000
101.00000000000000,57.000000000000000,0.0000000000000000
102.00000000000000,57.000000000000000,0.0000000000000000
103.00000000000000,57.000000000000000,0.0000000000000000
104.00000000000000,57.000000000000000,0.0000000000000000
105.00000000000000,57.000000000000000,0.0000000000000000
106.00000000000000,57.000000000000000,0.0000000000000000
107.00000000000000,57.000000000000000,0.0000000000000000
108.00000000000000,57.000000000000000,0.0000000000000000
109.00000000000000,57.000000000000000,0.0000000000000000
110.00000000000000,57.000000000000000,0.0000000000000000
111.00000000000000,57.000000000000000,0.0000000000000000
112.00000000000000,57.000000000000000,0.0000000000000000
113.00000000000000,57.000000000000000,0.0000000000000000
1.0000000000000000,58.000000000000000,0.0000000000000000
2.0000000000000000,58.000000000000000,1.1000000238418579
3.0000000000000000,58.000000000000000,1.1000000238418579
4.0000000000000000,58.000000000000000,1.1000000238418579
5.0000000000000000,58.000000000000000,1.1000000238418579
6.0000000000000000,58.000000000000000,1.0000000000000000
7.0000000000000000,58.000000000000000,1.0000000000000000
8.0000000000000000,58.000000000000000,1.0000000000000000
9.0000000000000000,58.000000000000000,1.0000000000000000
10.000000000000000,58.000000000000000,1.0000000000000000
11.000000000000000,58.000000000000000,1.0000000000000000
12.000000000000000,58.000000000000000,0.89999997615814209
13.000000000000000,58.000000000000000,0.89999997615814209
14.000000000000000,58.000000000000000,0.89999997615814209
15.000000000000000,58.000000000000000,0.80000001192092896
16.000000000000000,58.000000000000000,0.80000001192092896
17.000000000000000,58.000000000000000,0.80000001192092896
18.000000000000000,58.000000000000000,0.69999998807907104
19.000000000000000,58.000000000000000,0.69999998807907104
20.000000000000000,58.000000000000000,0.69999998807907104
21.000000000000000,58.000000000000000,0.60000002384185791
22.000000000000000,58.000000000000000,0.60000002384185791
23.000000000000000,58.000000000000000,0.60000002384185791
24.000000000000000,58.000000000000000,0.50000000000000000
25.000000000000000,58.000000000000000,0.50000000000000000
26.000000000000000,58.000000000000000,0.50000000000000000
27.000000000000000,58.000000000000000,0.50000000000000000
28.000000000000000,58.000000000000000,0.50000000000000000
29.000000000000000,58.000000000000000,0.50000000000000000
30.000000000000000,58.000000000000000,0.40000000596046448
31.000000000000000,58.000000000000000,0.40000000596046448
32.000000000000000,58.000000000000000,0.40000000596046448
33.000000000000000,58.000000000000000,0.40000000596046448
34.000000000000000,58.000000000000000,0.40000000596046448
35.000000000000000,58.000000000000000,0.40000000596046448
36.000000000000000,58.000000000000000,0.40000000596046448
37.000000000000000,58.000000000000000,0.40000000596046448
38.000000000000000,58.000000000000000,0.40000000596046448
39.000000000000000,58.000000000000000,0.30000001192092896
40.000000000000000,58.000000000000000,0.30000001192092896
41.000000000000000,58.000000000000000,0.30000001192092896
42.000000000000000,58.000000000000000,0.30000001192092896
43.000000000000000,58.000000000000000,0.30000001192092896
44.000000000000000,58.000000000000000,0.30000001192092896
45.000000000000000,58.000000000000000,0.30000001192092896
46.000000000000000,58.000000000000000,0.30000001192092896
47.000000000000000,58.000000000000000,0.30000001192092896
48.000000000000000,58.000000000000000,0.20000000298023224
49.000000000000000,58.000000000000000,0.20000000298023224
50.000000000000000,58.000000000000000,0.20000000298023224
51.000000000000000,58.000000000000000,0.20000000298023224
52.000000000000000,58.000000000000000,0.20000000298023224
53.000000000000000,58.000000000000000,0.20000000298023224
54.000000000000000,58.000000000000000,0.0000000000000000
55.000000000000000,58.000000000000000,0.0000000000000000
56.000000000000000,58.000000000000000,0.0000000000000000
57.000000000000000,58.000000000000000,0.0000000000000000
58.000000000000000,58.000000000000000,0.0000000000000000
59.000000000000000,58.000000000000000,0.0000000000000000
60.000000000000000,58.000000000000000,0.0000000000000000
61.000000000000000,58.000000000000000,0.0000000000000000
62.000000000000000,58.000000000000000,0.0000000000000000
63.000000000000000,58.000000000000000,0.0000000000000000
64.000000000000000,58.000000000000000,0.0000000000000000
65.000000000000000,58.000000000000000,0.0000000000000000
66.000000000000000,58.000000000000000,0.0000000000000000
67.000000000000000,58.000000000000000,0.0000000000000000
68.000000000000000,58.000000000000000,0.0000000000000000
69.000000000000000,58.000000000000000,0.0000000000000000
70.000000000000000,58.000000000000000,0.0000000000000000
71.000000000000000,58.000000000000000,0.0000000000000000
72.000000000000000,58.000000000000000,0.0000000000000000
73.000000000000000,58.000000000000000,0.0000000000000000
74.000000000000000,58.000000000000000,0.0000000000000000
75.000000000000000,58.000000000000000,0.0000000000000000
76.000000000000000,58.000000000000000,0.0000000000000000
77.000000000000000,58.000000000000000,0.0000000000000000
78.000000000000000,58.000000000000000,0.0000000000000000
79.000000000000000,58.000000000000000,0.0000000000000000
80.000000000000000,58.000000000000000,0.0000000000000000
81.000000000000000,58.000000000000000,0.0000000000000000
82.000000000000000,58.000000000000000,0.0000000000000000
83.000000000000000,58.000000000000000,0.0000000000000000
84.000000000000000,58.000000000000000,0.0000000000000000
85.000000000000000,58.000000000000000,0.0000000000000000
86.000000000000000,58.000000000000000,0.0000000000000000
87.000000000000000,58.000000000000000,0.0000000000000000
88.000000000000000,58.000000000000000,0.0000000000000000
89.000000000000000,58.000000000000000,0.0000000000000000
90.000000000000000,58.000000000000000,0.0000000000000000
91.000000000000000,58.000000000000000,0.0000000000000000
92.000000000000000,58.000000000000000,0.0000000000000000
93.000000000000000,58.000000000000000,0.0000000000000000
94.000000000000000,58.000000000000000,0.0000000000000000
95.000000000000000,58.000000000000000,0.0000000000000000
96.000000000000000,58.000000000000000,0.0000000000000000
97.000000000000000,58.000000000000000,0.0000000000000000
98.000000000000000,58.000000000000000,0.0000000000000000
99.000000000000000,58.000000000000000,0.0000000000000000
100.00000000000000,58.000000000000000,0.0000000000000000
101.00000000000000,58.000000000000000,0.0000000000000000
102.00000000000000,58.000000000000000,0.0000000000000000
103.00000000000000,58.000000000000000,0.0000000000000000
104.00000000000000,58.000000000000000,0.0000000000000000
105.00000000000000,58.000000000000000,0.0000000000000000
106.00000000000000,58.000000000000000,0.0000000000000000
107.00000000000000,58.000000000000000,0.0000000000000000
108.00000000000000,58.000000000000000,0.0000000000000000
109.00000000000000,58.000000000000000,0.0000000000000000
110.00000000000000,58.000000000000000,0.0000000000000000
111.00000000000000,58.000000000000000,0.0000000000000000
112.00000000000000,58.000000000000000,0.0000000000000000
113.00000000000000,58.000000000000000,0.0000000000000000
1.0000000000000000,59.000000000000000,0.0000000000000000
2.0000000000000000,59.000000000000000,1.1000000238418579
3.0000000000000000,59.000000000000000,1.0000000000000000
4.0000000000000000,59.000000000000000,1.0000000000000000
5.0000000000000000,59.000000000000000,1.0000000000000000
6.0000000000000000,59.000000000000000,1.0000000000000000
7.0000000000000000,59.000000000000000,1.0000000000000000
8.0000000000000000,59.000000000000000,1.0000000000000000
9.0000000000000000,59.000000000000000,0.89999997615814209
10.000000000000000,59.000000000000000,0.89999997615814209
11.000000000000000,59.000000000000000,0.89999997615814209
12.000000000000000,59.000000000000000,0.89999997615814209
13.000000000000000,59.000000000000000,0.89999997615814209
14.000000000000000,59.000000000000000,0.89999997615814209
15.000000000000000,59.000000000000000,0.80000001192092896
16.000000000000000,59.000000000000000,0.80000001192092896
17.000000000000000,59.000000000000000,0.80000001192092896
18.000000000000000,59.000000000000000,0.69999998807907104
19.000000000000000,59.000000000000000,0.69999998807907104
20.000000000000000,59.000000000000000,0.69999998807907104
21.000000000000000,59.000000000000000,0.60000002384185791
22.000000000000000,59.000000000000000,0.60000002384185791
23.000000000000000,59.000000000000000,0.60000002384185791
24.000000000000000,59.000000000000000,0.50000000000000000
25.000000000000000,59.000000000000000,0.50000000000000000
26.000000000000000,59.000000000000000,0.50000000000000000
27.000000000000000,59.000000000000000,0.50000000000000000
28.000000000000000,59.000000000000000,0.50000000000000000
29.000000000000000,59.000000000000000,0.50000000000000000
30.000000000000000,59.000000000000000,0.50000000000000000
31.000000000000000,59.000000000000000,0.50000000000000000
32.000000000000000,59.000000000000000,0.50000000000000000
33.000000000000000,59.000000000000000,0.40000000596046448
34.000000000000000,59.000000000000000,0.40000000596046448
35.000000000000000,59.000000000000000,0.40000000596046448
36.000000000000000,59.000000000000000,0.40000000596046448
37.000000000000000,59.000000000000000,0.40000000596046448
38.000000000000000,59.000000000000000,0.40000000596046448
39.000000000000000,59.000000000000000,0.30000001192092896
40.000000000000000,59.000000000000000,0.30000001192092896
41.000000000000000,59.000000000000000,0.30000001192092896
42.000000000000000,59.000000000000000,0.30000001192092896
43.000000000000000,59.000000000000000,0.30000001192092896
44.000000000000000,59.000000000000000,0.30000001192092896
45.000000000000000,59.000000000000000,0.30000001192092896
46.000000000000000,59.000000000000000,0.30000001192092896
47.000000000000000,59.000000000000000,0.30000001192092896
48.000000000000000,59.000000000000000,0.20000000298023224
49.000000000000000,59.000000000000000,0.20000000298023224
50.000000000000000,59.000000000000000,0.20000000298023224
51.000000000000000,59.000000000000000,0.20000000298023224
52.000000000000000,59.000000000000000,0.20000000298023224
53.000000000000000,59.000000000000000,0.20000000298023224
54.000000000000000,59.000000000000000,0.0000000000000000
55.000000000000000,59.000000000000000,0.0000000000000000
56.000000000000000,59.000000000000000,0.0000000000000000
57.000000000000000,59.000000000000000,0.0000000000000000
58.000000000000000,59.000000000000000,0.0000000000000000
59.000000000000000,59.000000000000000,0.0000000000000000
60.000000000000000,59.000000000000000,0.0000000000000000
61.000000000000000,59.000000000000000,0.0000000000000000
62.000000000000000,59.000000000000000,0.0000000000000000
63.000000000000000,59.000000000000000,0.0000000000000000
64.000000000000000,59.000000000000000,0.0000000000000000
65.000000000000000,59.000000000000000,0.0000000000000000
66.000000000000000,59.000000000000000,0.0000000000000000
67.000000000000000,59.000000000000000,0.0000000000000000
68.000000000000000,59.000000000000000,0.0000000000000000
69.000000000000000,59.000000000000000,0.0000000000000000
70.000000000000000,59.000000000000000,0.0000000000000000
71.000000000000000,59.000000000000000,0.0000000000000000
72.000000000000000,59.000000000000000,0.0000000000000000
73.000000000000000,59.000000000000000,0.0000000000000000
74.000000000000000,59.000000000000000,0.0000000000000000
75.000000000000000,59.000000000000000,0.0000000000000000
76.000000000000000,59.000000000000000,0.0000000000000000
77.000000000000000,59.000000000000000,0.0000000000000000
78.000000000000000,59.000000000000000,0.0000000000000000
79.000000000000000,59.000000000000000,0.0000000000000000
80.000000000000000,59.000000000000000,0.0000000000000000
81.000000000000000,59.000000000000000,0.0000000000000000
82.000000000000000,59.000000000000000,0.0000000000000000
83.000000000000000,59.000000000000000,0.0000000000000000
84.000000000000000,59.000000000000000,0.0000000000000000
85.000000000000000,59.000000000000000,0.0000000000000000
86.000000000000000,59.000000000000000,0.0000000000000000
87.000000000000000,59.000000000000000,0.0000000000000000
88.000000000000000,59.000000000000000,0.0000000000000000
89.000000000000000,59.000000000000000,0.0000000000000000
90.000000000000000,59.000000000000000,0.0000000000000000
91.000000000000000,59.000000000000000,0.0000000000000000
92.000000000000000,59.000000000000000,0.0000000000000000
93.000000000000000,59.000000000000000,0.0000000000000000
94.000000000000000,59.000000000000000,0.0000000000000000
95.000000000000000,59.000000000000000,0.0000000000000000
96.000000000000000,59.000000000000000,0.0000000000000000
97.000000000000000,59.000000000000000,0.0000000000000000
98.000000000000000,59.000000000000000,0.0000000000000000
99.000000000000000,59.000000000000000,0.0000000000000000
100.00000000000000,59.000000000000000,0.0000000000000000
101.00000000000000,59.000000000000000,0.0000000000000000
102.00000000000000,59.000000000000000,0.0000000000000000
103.00000000000000,59.000000000000000,0.0000000000000000
104.00000000000000,59.000000000000000,0.0000000000000000
105.00000000000000,59.000000000000000,0.0000000000000000
106.00000000000000,59.000000000000000,0.0000000000000000
107.00000000000000,59.000000000000000,0.0000000000000000
108.00000000000000,59.000000000000000,0.0000000000000000
109.00000000000000,59.000000000000000,0.0000000000000000
110.00000000000000,59.000000000000000,0.0000000000000000
111.00000000000000,59.000000000000000,0.0000000000000000
112.00000000000000,59.000000000000000,0.0000000000000000
113.00000000000000,59.000000000000000,0.0000000000000000
1.0000000000000000,60.000000000000000,0.0000000000000000
2.0000000000000000,60.000000000000000,1.1000000238418579
3.0000000000000000,60.000000000000000,1.0000000000000000
4.0000000000000000,60.000000000000000,1.0000000000000000
5.0000000000000000,60.000000000000000,1.0000000000000000
6.0000000000000000,60.000000000000000,1.0000000000000000
7.0000000000000000,60.000000000000000,1.0000000000000000
8.0000000000000000,60.000000000000000,1.0000000000000000
9.0000000000000000,60.000000000000000,0.89999997615814209
10.000000000000000,60.000000000000000,0.89999997615814209
11.000000000000000,60.000000000000000,0.89999997615814209
12.000000000000000,60.000000000000000,0.89999997615814209
13.000000000000000,60.000000000000000,0.89999997615814209
14.000000000000000,60.000000000000000,0.89999997615814209
15.000000000000000,60.000000000000000,0.80000001192092896
16.000000000000000,60.000000000000000,0.80000001192092896
17.000000000000000,60.000000000000000,0.80000001192092896
18.000000000000000,60.000000000000000,0.69999998807907104
19.000000000000000,60.000000000000000,0.69999998807907104
20.000000000000000,60.000000000000000,0.69999998807907104
21.000000000000000,60.000000000000000,0.60000002384185791
22.000000000000000,60.000000000000000,0.60000002384185791
23.000000000000000,60.000000000000000,0.60000002384185791
24.000000000000000,60.000000000000000,0.50000000000000000
25.000000000000000,60.000000000000000,0.50000000000000000
26.000000000000000,60.000000000000000,0.50000000000000000
27.000000000000000,60.000000000000000,0.50000000000000000
28.000000000000000,60.000000000000000,0.50000000000000000
29.000000000000000,60.000000000000000,0.50000000000000000
30.000000000000000,60.000000000000000,0.50000000000000000
31.000000000000000,60.000000000000000,0.50000000000000000
32.000000000000000,60.000000000000000,0.50000000000000000
33.000000000000000,60.000000000000000,0.40000000596046448
34.000000000000000,60.000000000000000,0.40000000596046448
35.000000000000000,60.000000000000000,0.40000000596046448
36.000000000000000,60.000000000000000,0.40000000596046448
37.000000000000000,60.000000000000000,0.40000000596046448
38.000000000000000,60.000000000000000,0.40000000596046448
39.000000000000000,60.000000000000000,0.30000001192092896
40.000000000000000,60.000000000000000,0.30000001192092896
41.000000000000000,60.000000000000000,0.30000001192092896
42.000000000000000,60.000000000000000,0.30000001192092896
43.000000000000000,60.000000000000000,0.30000001192092896
44.000000000000000,60.000000000000000,0.30000001192092896
45.000000000000000,60.000000000000000,0.30000001192092896
46.000000000000000,60.000000000000000,0.30000001192092896
47.000000000000000,60.000000000000000,0.30000001192092896
48.000000000000000,60.000000000000000,0.20000000298023224
49.000000000000000,60.000000000000000,0.20000000298023224
50.000000000000000,60.000000000000000,0.20000000298023224
51.000000000000000,60.000000000000000,0.20000000298023224
52.000000000000000,60.000000000000000,0.20000000298023224
53.000000000000000,60.000000000000000,0.20000000298023224
54.000000000000000,60.000000000000000,0.0000000000000000
55.000000000000000,60.000000000000000,0.0000000000000000
56.000000000000000,60.000000000000000,0.0000000000000000
57.000000000000000,60.000000000000000,0.0000000000000000
58.000000000000000,60.000000000000000,0.0000000000000000
59.000000000000000,60.000000000000000,0.0000000000000000
60.000000000000000,60.000000000000000,0.0000000000000000
61.000000000000000,60.000000000000000,0.0000000000000000
62.000000000000000,60.000000000000000,0.0000000000000000
63.000000000000000,60.000000000000000,0.0000000000000000
64.000000000000000,60.000000000000000,0.0000000000000000
65.000000000000000,60.000000000000000,0.0000000000000000
66.000000000000000,60.000000000000000,0.0000000000000000
67.000000000000000,60.000000000000000,0.0000000000000000
68.000000000000000,60.000000000000000,0.0000000000000000
69.000000000000000,60.000000000000000,0.0000000000000000
70.000000000000000,60.000000000000000,0.0000000000000000
71.000000000000000,60.000000000000000,0.0000000000000000
72.000000000000000,60.000000000000000,0.0000000000000000
73.000000000000000,60.000000000000000,0.0000000000000000
74.000000000000000,60.000000000000000,0.0000000000000000
75.000000000000000,60.000000000000000,0.0000000000000000
76.000000000000000,60.000000000000000,0.0000000000000000
77.000000000000000,60.000000000000000,0.0000000000000000
78.000000000000000,60.000000000000000,0.0000000000000000
79.000000000000000,60.000000000000000,0.0000000000000000
80.000000000000000,60.000000000000000,0.0000000000000000
81.000000000000000,60.000000000000000,0.0000000000000000
82.000000000000000,60.000000000000000,0.0000000000000000
83.000000000000000,60.000000000000000,0.0000000000000000
84.000000000000000,60.000000000000000,0.0000000000000000
85.000000000000000,60.000000000000000,0.0000000000000000
86.000000000000000,60.000000000000000,0.0000000000000000
87.000000000000000,60.000000000000000,0.0000000000000000
88.000000000000000,60.000000000000000,0.0000000000000000
89.000000000000000,60.000000000000000,0.0000000000000000
90.000000000000000,60.000000000000000,0.0000000000000000
91.000000000000000,60.000000000000000,0.0000000000000000
92.000000000000000,60.000000000000000,0.0000000000000000
93.000000000000000,60.000000000000000,0.0000000000000000
94.000000000000000,60.000000000000000,0.0000000000000000
95.000000000000000,60.000000000000000,0.0000000000000000
96.000000000000000,60.000000000000000,0.0000000000000000
97.000000000000000,60.000000000000000,0.0000000000000000
98.000000000000000,60.000000000000000,0.0000000000000000
99.000000000000000,60.000000000000000,0.0000000000000000
100.00000000000000,60.000000000000000,0.0000000000000000
101.00000000000000,60.000000000000000,0.0000000000000000
102.00000000000000,60.000000000000000,0.0000000000000000
103.00000000000000,60.000000000000000,0.0000000000000000
104.00000000000000,60.000000000000000,0.0000000000000000
105.00000000000000,60.000000000000000,0.0000000000000000
106.00000000000000,60.000000000000000,0.0000000000000000
107.00000000000000,60.000000000000000,0.0000000000000000
108.00000000000000,60.000000000000000,0.0000000000000000
109.00000000000000,60.000000000000000,0.0000000000000000
110.00000000000000,60.000000000000000,0.0000000000000000
111.00000000000000,60.000000000000000,0.0000000000000000
112.00000000000000,60.000000000000000,0.0000000000000000
113.00000000000000,60.000000000000000,0.0000000000000000
1.0000000000000000,61.000000000000000,0.0000000000000000
2.0000000000000000,61.000000000000000,1.1000000238418579
3.0000000000000000,61.000000000000000,1.0000000000000000
4.0000000000000000,61.000000000000000,1.0000000000000000
5.0000000000000000,61.000000000000000,1.0000000000000000
6.0000000000000000,61.000000000000000,1.0000000000000000
7.0000000000000000,61.000000000000000,1.0000000000000000
8.0000000000000000,61.000000000000000,1.0000000000000000
9.0000000000000000,61.000000000000000,0.89999997615814209
10.000000000000000,61.000000000000000,0.89999997615814209
11.000000000000000,61.000000000000000,0.89999997615814209
12.000000000000000,61.000000000000000,0.89999997615814209
13.000000000000000,61.000000000000000,0.89999997615814209
14.000000000000000,61.000000000000000,0.89999997615814209
15.000000000000000,61.000000000000000,0.80000001192092896
16.000000000000000,61.000000000000000,0.80000001192092896
17.000000000000000,61.000000000000000,0.80000001192092896
18.000000000000000,61.000000000000000,0.69999998807907104
19.000000000000000,61.000000000000000,0.69999998807907104
20.000000000000000,61.000000000000000,0.69999998807907104
21.000000000000000,61.000000000000000,0.60000002384185791
22.000000000000000,61.000000000000000,0.60000002384185791
23.000000000000000,61.000000000000000,0.60000002384185791
24.000000000000000,61.000000000000000,0.50000000000000000
25.000000000000000,61.000000000000000,0.50000000000000000
26.000000000000000,61.000000000000000,0.50000000000000000
27.000000000000000,61.000000000000000,0.50000000000000000
28.000000000000000,61.000000000000000,0.50000000000000000
29.000000000000000,61.000000000000000,0.50000000000000000
30.000000000000000,61.000000000000000,0.50000000000000000
31.000000000000000,61.000000000000000,0.50000000000000000
32.000000000000000,61.000000000000000,0.50000000000000000
33.000000000000000,61.000000000000000,0.40000000596046448
34.000000000000000,61.000000000000000,0.40000000596046448
35.000000000000000,61.000000000000000,0.40000000596046448
36.000000000000000,61.000000000000000,0.40000000596046448
37.000000000000000,61.000000000000000,0.40000000596046448
38.000000000000000,61.000000000000000,0.40000000596046448
39.000000000000000,61.000000000000000,0.30000001192092896
40.000000000000000,61.000000000000000,0.30000001192092896
41.000000000000000,61.000000000000000,0.30000001192092896
42.000000000000000,61.000000000000000,0.30000001192092896
43.000000000000000,61.000000000000000,0.30000001192092896
44.000000000000000,61.000000000000000,0.30000001192092896
45.000000000000000,61.000000000000000,0.30000001192092896
46.000000000000000,61.000000000000000,0.30000001192092896
47.000000000000000,61.000000000000000,0.30000001192092896
48.000000000000000,61.000000000000000,0.20000000298023224
49.000000000000000,61.000000000000000,0.20000000298023224
50.000000000000000,61.000000000000000,0.20000000298023224
51.000000000000000,61.000000000000000,0.20000000298023224
52.000000000000000,61.000000000000000,0.20000000298023224
53.000000000000000,61.000000000000000,0.20000000298023224
54.000000000000000,61.000000000000000,0.0000000000000000
55.000000000000000,61.000000000000000,0.0000000000000000
56.000000000000000,61.000000000000000,0.0000000000000000
57.000000000000000,61.000000000000000,0.0000000000000000
58.000000000000000,61.000000000000000,0.0000000000000000
59.000000000000000,61.000000000000000,0.0000000000000000
60.000000000000000,61.000000000000000,0.0000000000000000
61.000000000000000,61.000000000000000,0.0000000000000000
62.000000000000000,61.000000000000000,0.0000000000000000
63.000000000000000,61.000000000000000,0.0000000000000000
64.000000000000000,61.000000000000000,0.0000000000000000
65.000000000000000,61.000000000000000,0.0000000000000000
66.000000000000000,61.000000000000000,0.0000000000000000
67.000000000000000,61.000000000000000,0.0000000000000000
68.000000000000000,61.000000000000000,0.0000000000000000
69.000000000000000,61.000000000000000,0.0000000000000000
70.000000000000000,61.000000000000000,0.0000000000000000
71.000000000000000,61.000000000000000,0.0000000000000000
72.000000000000000,61.000000000000000,0.0000000000000000
73.000000000000000,61.000000000000000,0.0000000000000000
74.000000000000000,61.000000000000000,0.0000000000000000
75.000000000000000,61.000000000000000,0.0000000000000000
76.000000000000000,61.000000000000000,0.0000000000000000
77.000000000000000,61.000000000000000,0.0000000000000000
78.000000000000000,61.000000000000000,0.0000000000000000
79.000000000000000,61.000000000000000,0.0000000000000000
80.000000000000000,61.000000000000000,0.0000000000000000
81.000000000000000,61.000000000000000,0.0000000000000000
82.000000000000000,61.000000000000000,0.0000000000000000
83.000000000000000,61.000000000000000,0.0000000000000000
84.000000000000000,61.000000000000000,0.0000000000000000
85.000000000000000,61.000000000000000,0.0000000000000000
86.000000000000000,61.000000000000000,0.0000000000000000
87.000000000000000,61.000000000000000,0.0000000000000000
88.000000000000000,61.000000000000000,0.0000000000000000
89.000000000000000,61.000000000000000,0.0000000000000000
90.000000000000000,61.000000000000000,0.0000000000000000
91.000000000000000,61.000000000000000,0.0000000000000000
92.000000000000000,61.000000000000000,0.0000000000000000
93.000000000000000,61.000000000000000,0.0000000000000000
94.000000000000000,61.000000000000000,0.0000000000000000
95.000000000000000,61.000000000000000,0.0000000000000000
96.000000000000000,61.000000000000000,0.0000000000000000
97.000000000000000,61.000000000000000,0.0000000000000000
98.000000000000000,61.000000000000000,0.0000000000000000
99.000000000000000,61.000000000000000,0.0000000000000000
100.00000000000000,61.000000000000000,0.0000000000000000
101.00000000000000,61.000000000000000,0.0000000000000000
102.00000000000000,61.000000000000000,0.0000000000000000
103.00000000000000,61.000000000000000,0.0000000000000000
104.00000000000000,61.000000000000000,0.0000000000000000
105.00000000000000,61.000000000000000,0.0000000000000000
106.00000000000000,61.000000000000000,0.0000000000000000
107.00000000000000,61.000000000000000,0.0000000000000000
108.00000000000000,61.000000000000000,0.0000000000000000
109.00000000000000,61.000000000000000,0.0000000000000000
110.00000000000000,61.000000000000000,0.0000000000000000
111.00000000000000,61.000000000000000,0.0000000000000000
112.00000000000000,61.000000000000000,0.0000000000000000
113.00000000000000,61.000000000000000,0.0000000000000000
1.0000000000000000,62.000000000000000,0.0000000000000000
2.0000000000000000,62.000000000000000,1.0000000000000000
3.0000000000000000,62.000000000000000,1.0000000000000000
4.0000000000000000,62.000000000000000,1.0000000000000000
5.0000000000000000,62.000000000000000,1.0000000000000000
6.0000000000000000,62.000000000000000,1.0000000000000000
7.0000000000000000,62.000000000000000,1.0000000000000000
8.0000000000000000,62.000000000000000,1.0000000000000000
9.0000000000000000,62.000000000000000,0.89999997615814209
10.000000000000000,62.000000000000000,0.89999997615814209
11.000000000000000,62.000000000000000,0.89999997615814209
12.000000000000000,62.000000000000000,0.89999997615814209
13.000000000000000,62.000000000000000,0.89999997615814209
14.000000000000000,62.000000000000000,0.89999997615814209
15.000000000000000,62.000000000000000,0.80000001192092896
16.000000000000000,62.000000000000000,0.80000001192092896
17.000000000000000,62.000000000000000,0.80000001192092896
18.000000000000000,62.000000000000000,0.69999998807907104
19.000000000000000,62.000000000000000,0.69999998807907104
20.000000000000000,62.000000000000000,0.69999998807907104
21.000000000000000,62.000000000000000,0.60000002384185791
22.000000000000000,62.000000000000000,0.60000002384185791
23.000000000000000,62.000000000000000,0.60000002384185791
24.000000000000000,62.000000000000000,0.60000002384185791
25.000000000000000,62.000000000000000,0.60000002384185791
26.000000000000000,62.000000000000000,0.60000002384185791
27.000000000000000,62.000000000000000,0.50000000000000000
28.000000000000000,62.000000000000000,0.50000000000000000
29.000000000000000,62.000000000000000,0.50000000000000000
30.000000000000000,62.000000000000000,0.50000000000000000
31.000000000000000,62.000000000000000,0.50000000000000000
32.000000000000000,62.000000000000000,0.50000000000000000
33.000000000000000,62.000000000000000,0.40000000596046448
34.000000000000000,62.000000000000000,0.40000000596046448
35.000000000000000,62.000000000000000,0.40000000596046448
36.000000000000000,62.000000000000000,0.40000000596046448
37.000000000000000,62.000000000000000,0.40000000596046448
38.000000000000000,62.000000000000000,0.40000000596046448
39.000000000000000,62.000000000000000,0.30000001192092896
40.000000000000000,62.000000000000000,0.30000001192092896
41.000000000000000,62.000000000000000,0.30000001192092896
42.000000000000000,62.000000000000000,0.30000001192092896
43.000000000000000,62.000000000000000,0.30000001192092896
44.000000000000000,62.000000000000000,0.30000001192092896
45.000000000000000,62.000000000000000,0.10000000149011612
46.000000000000000,62.000000000000000,0.10000000149011612
47.000000000000000,62.000000000000000,0.10000000149011612
48.000000000000000,62.000000000000000,0.10000000149011612
49.000000000000000,62.000000000000000,0.10000000149011612
50.000000000000000,62.000000000000000,0.10000000149011612
51.000000000000000,62.000000000000000,0.0000000000000000
52.000000000000000,62.000000000000000,0.0000000000000000
53.000000000000000,62.000000000000000,0.0000000000000000
54.000000000000000,62.000000000000000,0.0000000000000000
55.000000000000000,62.000000000000000,0.0000000000000000
56.000000000000000,62.000000000000000,0.0000000000000000
57.000000000000000,62.000000000000000,0.0000000000000000
58.000000000000000,62.000000000000000,0.0000000000000000
59.000000000000000,62.000000000000000,0.0000000000000000
60.000000000000000,62.000000000000000,0.0000000000000000
61.000000000000000,62.000000000000000,0.0000000000000000
62.000000000000000,62.000000000000000,0.0000000000000000
63.000000000000000,62.000000000000000,0.0000000000000000
64.000000000000000,62.000000000000000,0.0000000000000000
65.000000000000000,62.000000000000000,0.0000000000000000
66.000000000000000,62.000000000000000,0.0000000000000000
67.000000000000000,62.000000000000000,0.0000000000000000
68.000000000000000,62.000000000000000,0.0000000000000000
69.000000000000000,62.000000000000000,0.0000000000000000
70.000000000000000,62.000000000000000,0.0000000000000000
71.000000000000000,62.000000000000000,0.0000000000000000
72.000000000000000,62.000000000000000,0.0000000000000000
73.000000000000000,62.000000000000000,0.0000000000000000
74.000000000000000,62.000000000000000,0.0000000000000000
75.000000000000000,62.000000000000000,0.0000000000000000
76.000000000000000,62.000000000000000,0.0000000000000000
77.000000000000000,62.000000000000000,0.0000000000000000
78.000000000000000,62.000000000000000,0.0000000000000000
79.000000000000000,62.000000000000000,0.0000000000000000
80.000000000000000,62.000000000000000,0.0000000000000000
81.000000000000000,62.000000000000000,0.0000000000000000
82.000000000000000,62.000000000000000,0.0000000000000000
83.000000000000000,62.000000000000000,0.0000000000000000
84.000000000000000,62.000000000000000,0.0000000000000000
85.000000000000000,62.000000000000000,0.0000000000000000
86.000000000000000,62.000000000000000,0.0000000000000000
87.000000000000000,62.000000000000000,0.0000000000000000
88.000000000000000,62.000000000000000,0.0000000000000000
89.000000000000000,62.000000000000000,0.0000000000000000
90.000000000000000,62.000000000000000,0.0000000000000000
91.000000000000000,62.000000000000000,0.0000000000000000
92.000000000000000,62.000000000000000,0.0000000000000000
93.000000000000000,62.000000000000000,0.0000000000000000
94.000000000000000,62.000000000000000,0.0000000000000000
95.000000000000000,62.000000000000000,0.0000000000000000
96.000000000000000,62.000000000000000,0.0000000000000000
97.000000000000000,62.000000000000000,0.0000000000000000
98.000000000000000,62.000000000000000,0.0000000000000000
99.000000000000000,62.000000000000000,0.0000000000000000
100.00000000000000,62.000000000000000,0.0000000000000000
101.00000000000000,62.000000000000000,0.0000000000000000
102.00000000000000,62.000000000000000,0.0000000000000000
103.00000000000000,62.000000000000000,0.0000000000000000
104.00000000000000,62.000000000000000,0.0000000000000000
105.00000000000000,62.000000000000000,0.0000000000000000
106.00000000000000,62.000000000000000,0.0000000000000000
107.00000000000000,62.000000000000000,0.0000000000000000
108.00000000000000,62.000000000000000,0.0000000000000000
109.00000000000000,62.000000000000000,0.0000000000000000
110.00000000000000,62.000000000000000,0.0000000000000000
111.00000000000000,62.000000000000000,0.0000000000000000
112.00000000000000,62.000000000000000,0.0000000000000000
113.00000000000000,62.000000000000000,0.0000000000000000
1.0000000000000000,63.000000000000000,0.0000000000000000
2.0000000000000000,63.000000000000000,1.0000000000000000
3.0000000000000000,63.000000000000000,1.0000000000000000
4.0000000000000000,63.000000000000000,1.0000000000000000
5.0000000000000000,63.000000000000000,1.0000000000000000
6.0000000000000000,63.000000000000000,1.0000000000000000
7.0000000000000000,63.000000000000000,1.0000000000000000
8.0000000000000000,63.000000000000000,1.0000000000000000
9.0000000000000000,63.000000000000000,0.89999997615814209
10.000000000000000,63.000000000000000,0.89999997615814209
11.000000000000000,63.000000000000000,0.89999997615814209
12.000000000000000,63.000000000000000,0.89999997615814209
13.000000000000000,63.000000000000000,0.89999997615814209
14.000000000000000,63.000000000000000,0.89999997615814209
15.000000000000000,63.000000000000000,0.80000001192092896
16.000000000000000,63.000000000000000,0.80000001192092896
17.000000000000000,63.000000000000000,0.80000001192092896
18.000000000000000,63.000000000000000,0.69999998807907104
19.000000000000000,63.000000000000000,0.69999998807907104
20.000000000000000,63.000000000000000,0.69999998807907104
21.000000000000000,63.000000000000000,0.60000002384185791
22.000000000000000,63.000000000000000,0.60000002384185791
23.000000000000000,63.000000000000000,0.60000002384185791
24.000000000000000,63.000000000000000,0.60000002384185791
25.000000000000000,63.000000000000000,0.60000002384185791
26.000000000000000,63.000000000000000,0.60000002384185791
27.000000000000000,63.000000000000000,0.50000000000000000
28.000000000000000,63.000000000000000,0.50000000000000000
29.000000000000000,63.000000000000000,0.50000000000000000
30.000000000000000,63.000000000000000,0.50000000000000000
31.000000000000000,63.000000000000000,0.50000000000000000
32.000000000000000,63.000000000000000,0.50000000000000000
33.000000000000000,63.000000000000000,0.40000000596046448
34.000000000000000,63.000000000000000,0.40000000596046448
35.000000000000000,63.000000000000000,0.40000000596046448
36.000000000000000,63.000000000000000,0.40000000596046448
37.000000000000000,63.000000000000000,0.40000000596046448
38.000000000000000,63.000000000000000,0.40000000596046448
39.000000000000000,63.000000000000000,0.30000001192092896
40.000000000000000,63.000000000000000,0.30000001192092896
41.000000000000000,63.000000000000000,0.30000001192092896
42.000000000000000,63.000000000000000,0.30000001192092896
43.000000000000000,63.000000000000000,0.30000001192092896
44.000000000000000,63.000000000000000,0.30000001192092896
45.000000000000000,63.000000000000000,0.10000000149011612
46.000000000000000,63.000000000000000,0.10000000149011612
47.000000000000000,63.000000000000000,0.10000000149011612
48.000000000000000,63.000000000000000,0.10000000149011612
49.000000000000000,63.000000000000000,0.10000000149011612
50.000000000000000,63.000000000000000,0.10000000149011612
51.000000000000000,63.000000000000000,0.0000000000000000
52.000000000000000,63.000000000000000,0.0000000000000000
53.000000000000000,63.000000000000000,0.0000000000000000
54.000000000000000,63.000000000000000,0.0000000000000000
55.000000000000000,63.000000000000000,0.0000000000000000
56.000000000000000,63.000000000000000,0.0000000000000000
57.000000000000000,63.000000000000000,0.0000000000000000
58.000000000000000,63.000000000000000,0.0000000000000000
59.000000000000000,63.000000000000000,0.0000000000000000
60.000000000000000,63.000000000000000,0.0000000000000000
61.000000000000000,63.000000000000000,0.0000000000000000
62.000000000000000,63.000000000000000,0.0000000000000000
63.000000000000000,63.000000000000000,0.0000000000000000
64.000000000000000,63.000000000000000,0.0000000000000000
65.000000000000000,63.000000000000000,0.0000000000000000
66.000000000000000,63.000000000000000,0.0000000000000000
67.000000000000000,63.000000000000000,0.0000000000000000
68.000000000000000,63.000000000000000,0.0000000000000000
69.000000000000000,63.000000000000000,0.0000000000000000
70.000000000000000,63.000000000000000,0.0000000000000000
71.000000000000000,63.000000000000000,0.0000000000000000
72.000000000000000,63.000000000000000,0.0000000000000000
73.000000000000000,63.000000000000000,0.0000000000000000
74.000000000000000,63.000000000000000,0.0000000000000000
75.000000000000000,63.000000000000000,0.0000000000000000
76.000000000000000,63.000000000000000,0.0000000000000000
77.000000000000000,63.000000000000000,0.0000000000000000
78.000000000000000,63.000000000000000,0.0000000000000000
79.000000000000000,63.000000000000000,0.0000000000000000
80.000000000000000,63.000000000000000,0.0000000000000000
81.000000000000000,63.000000000000000,0.0000000000000000
82.000000000000000,63.000000000000000,0.0000000000000000
83.000000000000000,63.000000000000000,0.0000000000000000
84.000000000000000,63.000000000000000,0.0000000000000000
85.000000000000000,63.000000000000000,0.0000000000000000
86.000000000000000,63.000000000000000,0.0000000000000000
87.000000000000000,63.000000000000000,0.0000000000000000
88.000000000000000,63.000000000000000,0.0000000000000000
89.000000000000000,63.000000000000000,0.0000000000000000
90.000000000000000,63.000000000000000,0.0000000000000000
91.000000000000000,63.000000000000000,0.0000000000000000
92.000000000000000,63.000000000000000,0.0000000000000000
93.000000000000000,63.000000000000000,0.0000000000000000
94.000000000000000,63.000000000000000,0.0000000000000000
95.000000000000000,63.000000000000000,0.0000000000000000
96.000000000000000,63.000000000000000,0.0000000000000000
97.000000000000000,63.000000000000000,0.0000000000000000
98.000000000000000,63.000000000000000,0.0000000000000000
99.000000000000000,63.000000000000000,0.0000000000000000
100.00000000000000,63.000000000000000,0.0000000000000000
101.00000000000000,63.000000000000000,0.0000000000000000
102.00000000000000,63.000000000000000,0.0000000000000000
103.00000000000000,63.000000000000000,0.0000000000000000
104.00000000000000,63.000000000000000,0.0000000000000000
105.00000000000000,63.000000000000000,0.0000000000000000
106.00000000000000,63.000000000000000,0.0000000000000000
107.00000000000000,63.000000000000000,0.0000000000000000
108.00000000000000,63.000000000000000,0.0000000000000000
109.00000000000000,63.000000000000000,0.0000000000000000
110.00000000000000,63.000000000000000,0.0000000000000000
111.00000000000000,63.000000000000000,0.0000000000000000
112.00000000000000,63.000000000000000,0.0000000000000000
113.00000000000000,63.000000000000000,0.0000000000000000
1.0000000000000000,64.000000000000000,0.0000000000000000
2.0000000000000000,64.000000000000000,1.0000000000000000
3.0000000000000000,64.000000000000000,1.0000000000000000
4.0000000000000000,64.000000000000000,1.0000000000000000
5.0000000000000000,64.000000000000000,1.0000000000000000
6.0000000000000000,64.000000000000000,1.0000000000000000
7.0000000000000000,64.000000000000000,1.0000000000000000
8.0000000000000000,64.000000000000000,1.0000000000000000
9.0000000000000000,64.000000000000000,0.89999997615814209
10.000000000000000,64.000000000000000,0.89999997615814209
11.000000000000000,64.000000000000000,0.89999997615814209
12.000000000000000,64.000000000000000,0.89999997615814209
13.000000000000000,64.000000000000000,0.89999997615814209
14.000000000000000,64.000000000000000,0.89999997615814209
15.000000000000000,64.000000000000000,0.80000001192092896
16.000000000000000,64.000000000000000,0.80000001192092896
17.000000000000000,64.000000000000000,0.80000001192092896
18.000000000000000,64.000000000000000,0.69999998807907104
19.000000000000000,64.000000000000000,0.69999998807907104
20.000000000000000,64.000000000000000,0.69999998807907104
21.000000000000000,64.000000000000000,0.60000002384185791
22.000000000000000,64.000000000000000,0.60000002384185791
23.000000000000000,64.000000000000000,0.60000002384185791
24.000000000000000,64.000000000000000,0.60000002384185791
25.000000000000000,64.000000000000000,0.60000002384185791
26.000000000000000,64.000000000000000,0.60000002384185791
27.000000000000000,64.000000000000000,0.50000000000000000
28.000000000000000,64.000000000000000,0.50000000000000000
29.000000000000000,64.000000000000000,0.50000000000000000
30.000000000000000,64.000000000000000,0.50000000000000000
31.000000000000000,64.000000000000000,0.50000000000000000
32.000000000000000,64.000000000000000,0.50000000000000000
33.000000000000000,64.000000000000000,0.40000000596046448
34.000000000000000,64.000000000000000,0.40000000596046448
35.000000000000000,64.000000000000000,0.40000000596046448
36.000000000000000,64.000000000000000,0.40000000596046448
37.000000000000000,64.000000000000000,0.40000000596046448
38.000000000000000,64.000000000000000,0.40000000596046448
39.000000000000000,64.000000000000000,0.30000001192092896
40.000000000000000,64.000000000000000,0.30000001192092896
41.000000000000000,64.000000000000000,0.30000001192092896
42.000000000000000,64.000000000000000,0.30000001192092896
43.000000000000000,64.000000000000000,0.30000001192092896
44.000000000000000,64.000000000000000,0.30000001192092896
45.000000000000000,64.000000000000000,0.10000000149011612
46.000000000000000,64.000000000000000,0.10000000149011612
47.000000000000000,64.000000000000000,0.10000000149011612
48.000000000000000,64.000000000000000,0.10000000149011612
49.000000000000000,64.000000000000000,0.10000000149011612
50.000000000000000,64.000000000000000,0.10000000149011612
51.000000000000000,64.000000000000000,0.0000000000000000
52.000000000000000,64.000000000000000,0.0000000000000000
53.000000000000000,64.000000000000000,0.0000000000000000
54.000000000000000,64.000000000000000,0.0000000000000000
55.000000000000000,64.000000000000000,0.0000000000000000
56.000000000000000,64.000000000000000,0.0000000000000000
57.000000000000000,64.000000000000000,0.0000000000000000
58.000000000000000,64.000000000000000,0.0000000000000000
59.000000000000000,64.000000000000000,0.0000000000000000
60.000000000000000,64.000000000000000,0.0000000000000000
61.000000000000000,64.000000000000000,0.0000000000000000
62.000000000000000,64.000000000000000,0.0000000000000000
63.000000000000000,64.000000000000000,0.0000000000000000
64.000000000000000,64.000000000000000,0.0000000000000000
65.000000000000000,64.000000000000000,0.0000000000000000
66.000000000000000,64.000000000000000,0.0000000000000000
67.000000000000000,64.000000000000000,0.0000000000000000
68.000000000000000,64.000000000000000,0.0000000000000000
69.000000000000000,64.000000000000000,0.0000000000000000
70.000000000000000,64.000000000000000,0.0000000000000000
71.000000000000000,64.000000000000000,0.0000000000000000
72.000000000000000,64.000000000000000,0.0000000000000000
73.000000000000000,64.000000000000000,0.0000000000000000
74.000000000000000,64.000000000000000,0.0000000000000000
75.000000000000000,64.000000000000000,0.0000000000000000
76.000000000000000,64.000000000000000,0.0000000000000000
77.000000000000000,64.000000000000000,0.0000000000000000
78.000000000000000,64.000000000000000,0.0000000000000000
79.000000000000000,64.000000000000000,0.0000000000000000
80.000000000000000,64.000000000000000,0.0000000000000000
81.000000000000000,64.000000000000000,0.0000000000000000
82.000000000000000,64.000000000000000,0.0000000000000000
83.000000000000000,64.000000000000000,0.0000000000000000
84.000000000000000,64.000000000000000,0.0000000000000000
85.000000000000000,64.000000000000000,0.0000000000000000
86.000000000000000,64.000000000000000,0.0000000000000000
87.000000000000000,64.000000000000000,0.0000000000000000
88.000000000000000,64.000000000000000,0.0000000000000000
89.000000000000000,64.000000000000000,0.0000000000000000
90.000000000000000,64.000000000000000,0.0000000000000000
91.000000000000000,64.000000000000000,0.0000000000000000
92.000000000000000,64.000000000000000,0.0000000000000000
93.000000000000000,64.000000000000000,0.0000000000000000
94.000000000000000,64.000000000000000,0.0000000000000000
95.000000000000000,64.000000000000000,0.0000000000000000
96.000000000000000,64.000000000000000,0.0000000000000000
97.000000000000000,64.000000000000000,0.0000000000000000
98.000000000000000,64.000000000000000,0.0000000000000000
99.000000000000000,64.000000000000000,0.0000000000000000
100.00000000000000,64.000000000000000,0.0000000000000000
101.00000000000000,64.000000000000000,0.0000000000000000
102.00000000000000,64.000000000000000,0.0000000000000000
103.00000000000000,64.000000000000000,0.0000000000000000
104.00000000000000,64.000000000000000,0.0000000000000000
105.00000000000000,64.000000000000000,0.0000000000000000
106.00000000000000,64.000000000000000,0.0000000000000000
107.00000000000000,64.000000000000000,0.0000000000000000
108.00000000000000,64.000000000000000,0.0000000000000000
109.00000000000000,64.000000000000000,0.0000000000000000
110.00000000000000,64.000000000000000,0.0000000000000000
111.00000000000000,64.000000000000000,0.0000000000000000
112.00000000000000,64.000000000000000,0.0000000000000000
113.00000000000000,64.000000000000000,0.0000000000000000
1.0000000000000000,65.000000000000000,0.0000000000000000
2.0000000000000000,65.000000000000000,1.0000000000000000
3.0000000000000000,65.000000000000000,1.0000000000000000
4.0000000000000000,65.000000000000000,1.0000000000000000
5.0000000000000000,65.000000000000000,1.0000000000000000
6.0000000000000000,65.000000000000000,1.0000000000000000
7.0000000000000000,65.000000000000000,1.0000000000000000
8.0000000000000000,65.000000000000000,1.0000000000000000
9.0000000000000000,65.000000000000000,0.89999997615814209
10.000000000000000,65.000000000000000,0.89999997615814209
11.000000000000000,65.000000000000000,0.89999997615814209
12.000000000000000,65.000000000000000,0.89999997615814209
13.000000000000000,65.000000000000000,0.89999997615814209
14.000000000000000,65.000000000000000,0.89999997615814209
15.000000000000000,65.000000000000000,0.80000001192092896
16.000000000000000,65.000000000000000,0.80000001192092896
17.000000000000000,65.000000000000000,0.80000001192092896
18.000000000000000,65.000000000000000,0.69999998807907104
19.000000000000000,65.000000000000000,0.69999998807907104
20.000000000000000,65.000000000000000,0.69999998807907104
21.000000000000000,65.000000000000000,0.69999998807907104
22.000000000000000,65.000000000000000,0.69999998807907104
23.000000000000000,65.000000000000000,0.69999998807907104
24.000000000000000,65.000000000000000,0.60000002384185791
25.000000000000000,65.000000000000000,0.60000002384185791
26.000000000000000,65.000000000000000,0.60000002384185791
27.000000000000000,65.000000000000000,0.60000002384185791
28.000000000000000,65.000000000000000,0.60000002384185791
29.000000000000000,65.000000000000000,0.60000002384185791
30.000000000000000,65.000000000000000,0.50000000000000000
31.000000000000000,65.000000000000000,0.50000000000000000
32.000000000000000,65.000000000000000,0.50000000000000000
33.000000000000000,65.000000000000000,0.50000000000000000
34.000000000000000,65.000000000000000,0.50000000000000000
35.000000000000000,65.000000000000000,0.50000000000000000
36.000000000000000,65.000000000000000,0.40000000596046448
37.000000000000000,65.000000000000000,0.40000000596046448
38.000000000000000,65.000000000000000,0.40000000596046448
39.000000000000000,65.000000000000000,0.30000001192092896
40.000000000000000,65.000000000000000,0.30000001192092896
41.000000000000000,65.000000000000000,0.30000001192092896
42.000000000000000,65.000000000000000,0.20000000298023224
43.000000000000000,65.000000000000000,0.20000000298023224
44.000000000000000,65.000000000000000,0.20000000298023224
45.000000000000000,65.000000000000000,0.0000000000000000
46.000000000000000,65.000000000000000,0.0000000000000000
47.000000000000000,65.000000000000000,0.0000000000000000
48.000000000000000,65.000000000000000,0.0000000000000000
49.000000000000000,65.000000000000000,0.0000000000000000
50.000000000000000,65.000000000000000,0.0000000000000000
51.000000000000000,65.000000000000000,0.20000000298023224
52.000000000000000,65.000000000000000,0.20000000298023224
53.000000000000000,65.000000000000000,0.20000000298023224
54.000000000000000,65.000000000000000,0.0000000000000000
55.000000000000000,65.000000000000000,0.0000000000000000
56.000000000000000,65.000000000000000,0.0000000000000000
57.000000000000000,65.000000000000000,0.0000000000000000
58.000000000000000,65.000000000000000,0.0000000000000000
59.000000000000000,65.000000000000000,0.0000000000000000
60.000000000000000,65.000000000000000,0.40000000596046448
61.000000000000000,65.000000000000000,0.40000000596046448
62.000000000000000,65.000000000000000,0.40000000596046448
63.000000000000000,65.000000000000000,0.0000000000000000
64.000000000000000,65.000000000000000,0.0000000000000000
65.000000000000000,65.000000000000000,0.0000000000000000
66.000000000000000,65.000000000000000,0.0000000000000000
67.000000000000000,65.000000000000000,0.0000000000000000
68.000000000000000,65.000000000000000,0.0000000000000000
69.000000000000000,65.000000000000000,0.0000000000000000
70.000000000000000,65.000000000000000,0.0000000000000000
71.000000000000000,65.000000000000000,0.0000000000000000
72.000000000000000,65.000000000000000,0.0000000000000000
73.000000000000000,65.000000000000000,0.0000000000000000
74.000000000000000,65.000000000000000,0.0000000000000000
75.000000000000000,65.000000000000000,0.0000000000000000
76.000000000000000,65.000000000000000,0.0000000000000000
77.000000000000000,65.000000000000000,0.0000000000000000
78.000000000000000,65.000000000000000,0.0000000000000000
79.000000000000000,65.000000000000000,0.0000000000000000
80.000000000000000,65.000000000000000,0.0000000000000000
81.000000000000000,65.000000000000000,0.0000000000000000
82.000000000000000,65.000000000000000,0.0000000000000000
83.000000000000000,65.000000000000000,0.0000000000000000
84.000000000000000,65.000000000000000,0.0000000000000000
85.000000000000000,65.000000000000000,0.0000000000000000
86.000000000000000,65.000000000000000,0.0000000000000000
87.000000000000000,65.000000000000000,0.0000000000000000
88.000000000000000,65.000000000000000,0.0000000000000000
89.000000000000000,65.000000000000000,0.0000000000000000
90.000000000000000,65.000000000000000,0.0000000000000000
91.000000000000000,65.000000000000000,0.0000000000000000
92.000000000000000,65.000000000000000,0.0000000000000000
93.000000000000000,65.000000000000000,0.0000000000000000
94.000000000000000,65.000000000000000,0.0000000000000000
95.000000000000000,65.000000000000000,0.0000000000000000
96.000000000000000,65.000000000000000,0.0000000000000000
97.000000000000000,65.000000000000000,0.0000000000000000
98.000000000000000,65.000000000000000,0.0000000000000000
99.000000000000000,65.000000000000000,0.0000000000000000
100.00000000000000,65.000000000000000,0.0000000000000000
101.00000000000000,65.000000000000000,0.0000000000000000
102.00000000000000,65.000000000000000,0.0000000000000000
103.00000000000000,65.000000000000000,0.0000000000000000
104.00000000000000,65.000000000000000,0.0000000000000000
105.00000000000000,65.000000000000000,0.0000000000000000
106.00000000000000,65.000000000000000,0.0000000000000000
107.00000000000000,65.000000000000000,0.0000000000000000
108.00000000000000,65.000000000000000,0.0000000000000000
109.00000000000000,65.000000000000000,0.0000000000000000
110.00000000000000,65.000000000000000,0.0000000000000000
111.00000000000000,65.000000000000000,0.0000000000000000
112.00000000000000,65.000000000000000,0.0000000000000000
113.00000000000000,65.000000000000000,0.0000000000000000
1.0000000000000000,66.000000000000000,0.0000000000000000
2.0000000000000000,66.000000000000000,1.0000000000000000
3.0000000000000000,66.000000000000000,1.0000000000000000
4.0000000000000000,66.000000000000000,1.0000000000000000
5.0000000000000000,66.000000000000000,1.0000000000000000
6.0000000000000000,66.000000000000000,1.0000000000000000
7.0000000000000000,66.000000000000000,1.0000000000000000
8.0000000000000000,66.000000000000000,1.0000000000000000
9.0000000000000000,66.000000000000000,0.89999997615814209
10.000000000000000,66.000000000000000,0.89999997615814209
11.000000000000000,66.000000000000000,0.89999997615814209
12.000000000000000,66.000000000000000,0.89999997615814209
13.000000000000000,66.000000000000000,0.89999997615814209
14.000000000000000,66.000000000000000,0.89999997615814209
15.000000000000000,66.000000000000000,0.80000001192092896
16.000000000000000,66.000000000000000,0.80000001192092896
17.000000000000000,66.000000000000000,0.80000001192092896
18.000000000000000,66.000000000000000,0.69999998807907104
19.000000000000000,66.000000000000000,0.69999998807907104
20.000000000000000,66.000000000000000,0.69999998807907104
21.000000000000000,66.000000000000000,0.69999998807907104
22.000000000000000,66.000000000000000,0.69999998807907104
23.000000000000000,66.000000000000000,0.69999998807907104
24.000000000000000,66.000000000000000,0.60000002384185791
25.000000000000000,66.000000000000000,0.60000002384185791
26.000000000000000,66.000000000000000,0.60000002384185791
27.000000000000000,66.000000000000000,0.60000002384185791
28.000000000000000,66.000000000000000,0.60000002384185791
29.000000000000000,66.000000000000000,0.60000002384185791
30.000000000000000,66.000000000000000,0.50000000000000000
31.000000000000000,66.000000000000000,0.50000000000000000
32.000000000000000,66.000000000000000,0.50000000000000000
33.000000000000000,66.000000000000000,0.50000000000000000
34.000000000000000,66.000000000000000,0.50000000000000000
35.000000000000000,66.000000000000000,0.50000000000000000
36.000000000000000,66.000000000000000,0.40000000596046448
37.000000000000000,66.000000000000000,0.40000000596046448
38.000000000000000,66.000000000000000,0.40000000596046448
39.000000000000000,66.000000000000000,0.30000001192092896
40.000000000000000,66.000000000000000,0.30000001192092896
41.000000000000000,66.000000000000000,0.30000001192092896
42.000000000000000,66.000000000000000,0.20000000298023224
43.000000000000000,66.000000000000000,0.20000000298023224
44.000000000000000,66.000000000000000,0.20000000298023224
45.000000000000000,66.000000000000000,0.0000000000000000
46.000000000000000,66.000000000000000,0.0000000000000000
47.000000000000000,66.000000000000000,0.0000000000000000
48.000000000000000,66.000000000000000,0.0000000000000000
49.000000000000000,66.000000000000000,0.0000000000000000
50.000000000000000,66.000000000000000,0.0000000000000000
51.000000000000000,66.000000000000000,0.20000000298023224
52.000000000000000,66.000000000000000,0.20000000298023224
53.000000000000000,66.000000000000000,0.20000000298023224
54.000000000000000,66.000000000000000,0.0000000000000000
55.000000000000000,66.000000000000000,0.0000000000000000
56.000000000000000,66.000000000000000,0.0000000000000000
57.000000000000000,66.000000000000000,0.0000000000000000
58.000000000000000,66.000000000000000,0.0000000000000000
59.000000000000000,66.000000000000000,0.0000000000000000
60.000000000000000,66.000000000000000,0.40000000596046448
61.000000000000000,66.000000000000000,0.40000000596046448
62.000000000000000,66.000000000000000,0.40000000596046448
63.000000000000000,66.000000000000000,0.0000000000000000
64.000000000000000,66.000000000000000,0.0000000000000000
65.000000000000000,66.000000000000000,0.0000000000000000
66.000000000000000,66.000000000000000,0.0000000000000000
67.000000000000000,66.000000000000000,0.0000000000000000
68.000000000000000,66.000000000000000,0.0000000000000000
69.000000000000000,66.000000000000000,0.0000000000000000
70.000000000000000,66.000000000000000,0.0000000000000000
71.000000000000000,66.000000000000000,0.0000000000000000
72.000000000000000,66.000000000000000,0.0000000000000000
73.000000000000000,66.000000000000000,0.0000000000000000
74.000000000000000,66.000000000000000,0.0000000000000000
75.000000000000000,66.000000000000000,0.0000000000000000
76.000000000000000,66.000000000000000,0.0000000000000000
77.000000000000000,66.000000000000000,0.0000000000000000
78.000000000000000,66.000000000000000,0.0000000000000000
79.000000000000000,66.000000000000000,0.0000000000000000
80.000000000000000,66.000000000000000,0.0000000000000000
81.000000000000000,66.000000000000000,0.0000000000000000
82.000000000000000,66.000000000000000,0.0000000000000000
83.000000000000000,66.000000000000000,0.0000000000000000
84.000000000000000,66.000000000000000,0.0000000000000000
85.000000000000000,66.000000000000000,0.0000000000000000
86.000000000000000,66.000000000000000,0.0000000000000000
87.000000000000000,66.000000000000000,0.0000000000000000
88.000000000000000,66.000000000000000,0.0000000000000000
89.000000000000000,66.000000000000000,0.0000000000000000
90.000000000000000,66.000000000000000,0.0000000000000000
91.000000000000000,66.000000000000000,0.0000000000000000
92.000000000000000,66.000000000000000,0.0000000000000000
93.000000000000000,66.000000000000000,0.0000000000000000
94.000000000000000,66.000000000000000,0.0000000000000000
95.000000000000000,66.000000000000000,0.0000000000000000
96.000000000000000,66.000000000000000,0.0000000000000000
97.000000000000000,66.000000000000000,0.0000000000000000
98.000000000000000,66.000000000000000,0.0000000000000000
99.000000000000000,66.000000000000000,0.0000000000000000
100.00000000000000,66.000000000000000,0.0000000000000000
101.00000000000000,66.000000000000000,0.0000000000000000
102.00000000000000,66.000000000000000,0.0000000000000000
103.00000000000000,66.000000000000000,0.0000000000000000
104.00000000000000,66.000000000000000,0.0000000000000000
105.00000000000000,66.000000000000000,0.0000000000000000
106.00000000000000,66.000000000000000,0.0000000000000000
107.00000000000000,66.000000000000000,0.0000000000000000
108.00000000000000,66.000000000000000,0.0000000000000000
109.00000000000000,66.000000000000000,0.0000000000000000
110.00000000000000,66.000000000000000,0.0000000000000000
111.00000000000000,66.000000000000000,0.0000000000000000
112.00000000000000,66.000000000000000,0.0000000000000000
113.00000000000000,66.000000000000000,0.0000000000000000
1.0000000000000000,67.000000000000000,0.0000000000000000
2.0000000000000000,67.000000000000000,1.0000000000000000
3.0000000000000000,67.000000000000000,1.0000000000000000
4.0000000000000000,67.000000000000000,1.0000000000000000
5.0000000000000000,67.000000000000000,1.0000000000000000
6.0000000000000000,67.000000000000000,1.0000000000000000
7.0000000000000000,67.000000000000000,1.0000000000000000
8.0000000000000000,67.000000000000000,1.0000000000000000
9.0000000000000000,67.000000000000000,0.89999997615814209
10.000000000000000,67.000000000000000,0.89999997615814209
11.000000000000000,67.000000000000000,0.89999997615814209
12.000000000000000,67.000000000000000,0.89999997615814209
13.000000000000000,67.000000000000000,0.89999997615814209
14.000000000000000,67.000000000000000,0.89999997615814209
15.000000000000000,67.000000000000000,0.80000001192092896
16.000000000000000,67.000000000000000,0.80000001192092896
17.000000000000000,67.000000000000000,0.80000001192092896
18.000000000000000,67.000000000000000,0.69999998807907104
19.000000000000000,67.000000000000000,0.69999998807907104
20.000000000000000,67.000000000000000,0.69999998807907104
21.000000000000000,67.000000000000000,0.69999998807907104
22.000000000000000,67.000000000000000,0.69999998807907104
23.000000000000000,67.000000000000000,0.69999998807907104
24.000000000000000,67.000000000000000,0.60000002384185791
25.000000000000000,67.000000000000000,0.60000002384185791
26.000000000000000,67.000000000000000,0.60000002384185791
27.000000000000000,67.000000000000000,0.60000002384185791
28.000000000000000,67.000000000000000,0.60000002384185791
29.000000000000000,67.000000000000000,0.60000002384185791
30.000000000000000,67.000000000000000,0.50000000000000000
31.000000000000000,67.000000000000000,0.50000000000000000
32.000000000000000,67.000000000000000,0.50000000000000000
33.000000000000000,67.000000000000000,0.50000000000000000
34.000000000000000,67.000000000000000,0.50000000000000000
35.000000000000000,67.000000000000000,0.50000000000000000
36.000000000000000,67.000000000000000,0.40000000596046448
37.000000000000000,67.000000000000000,0.40000000596046448
38.000000000000000,67.000000000000000,0.40000000596046448
39.000000000000000,67.000000000000000,0.30000001192092896
40.000000000000000,67.000000000000000,0.30000001192092896
41.000000000000000,67.000000000000000,0.30000001192092896
42.000000000000000,67.000000000000000,0.20000000298023224
43.000000000000000,67.000000000000000,0.20000000298023224
44.000000000000000,67.000000000000000,0.20000000298023224
45.000000000000000,67.000000000000000,0.0000000000000000
46.000000000000000,67.000000000000000,0.0000000000000000
47.000000000000000,67.000000000000000,0.0000000000000000
48.000000000000000,67.000000000000000,0.0000000000000000
49.000000000000000,67.000000000000000,0.0000000000000000
50.000000000000000,67.000000000000000,0.0000000000000000
51.000000000000000,67.000000000000000,0.20000000298023224
52.000000000000000,67.000000000000000,0.20000000298023224
53.000000000000000,67.000000000000000,0.20000000298023224
54.000000000000000,67.000000000000000,0.0000000000000000
55.000000000000000,67.000000000000000,0.0000000000000000
56.000000000000000,67.000000000000000,0.0000000000000000
57.000000000000000,67.000000000000000,0.0000000000000000
58.000000000000000,67.000000000000000,0.0000000000000000
59.000000000000000,67.000000000000000,0.0000000000000000
60.000000000000000,67.000000000000000,0.40000000596046448
61.000000000000000,67.000000000000000,0.40000000596046448
62.000000000000000,67.000000000000000,0.40000000596046448
63.000000000000000,67.000000000000000,0.0000000000000000
64.000000000000000,67.000000000000000,0.0000000000000000
65.000000000000000,67.000000000000000,0.0000000000000000
66.000000000000000,67.000000000000000,0.0000000000000000
67.000000000000000,67.000000000000000,0.0000000000000000
68.000000000000000,67.000000000000000,0.0000000000000000
69.000000000000000,67.000000000000000,0.0000000000000000
70.000000000000000,67.000000000000000,0.0000000000000000
71.000000000000000,67.000000000000000,0.0000000000000000
72.000000000000000,67.000000000000000,0.0000000000000000
73.000000000000000,67.000000000000000,0.0000000000000000
74.000000000000000,67.000000000000000,0.0000000000000000
75.000000000000000,67.000000000000000,0.0000000000000000
76.000000000000000,67.000000000000000,0.0000000000000000
77.000000000000000,67.000000000000000,0.0000000000000000
78.000000000000000,67.000000000000000,0.0000000000000000
79.000000000000000,67.000000000000000,0.0000000000000000
80.000000000000000,67.000000000000000,0.0000000000000000
81.000000000000000,67.000000000000000,0.0000000000000000
82.000000000000000,67.000000000000000,0.0000000000000000
83.000000000000000,67.000000000000000,0.0000000000000000
84.000000000000000,67.000000000000000,0.0000000000000000
85.000000000000000,67.000000000000000,0.0000000000000000
86.000000000000000,67.000000000000000,0.0000000000000000
87.000000000000000,67.000000000000000,0.0000000000000000
88.000000000000000,67.000000000000000,0.0000000000000000
89.000000000000000,67.000000000000000,0.0000000000000000
90.000000000000000,67.000000000000000,0.0000000000000000
91.000000000000000,67.000000000000000,0.0000000000000000
92.000000000000000,67.000000000000000,0.0000000000000000
93.000000000000000,67.000000000000000,0.0000000000000000
94.000000000000000,67.000000000000000,0.0000000000000000
95.000000000000000,67.000000000000000,0.0000000000000000
96.000000000000000,67.000000000000000,0.0000000000000000
97.000000000000000,67.000000000000000,0.0000000000000000
98.000000000000000,67.000000000000000,0.0000000000000000
99.000000000000000,67.000000000000000,0.0000000000000000
100.00000000000000,67.000000000000000,0.0000000000000000
101.00000000000000,67.000000000000000,0.0000000000000000
102.00000000000000,67.000000000000000,0.0000000000000000
103.00000000000000,67.000000000000000,0.0000000000000000
104.00000000000000,67.000000000000000,0.0000000000000000
105.00000000000000,67.000000000000000,0.0000000000000000
106.00000000000000,67.000000000000000,0.0000000000000000
107.00000000000000,67.000000000000000,0.0000000000000000
108.00000000000000,67.000000000000000,0.0000000000000000
109.00000000000000,67.000000000000000,0.0000000000000000
110.00000000000000,67.000000000000000,0.0000000000000000
111.00000000000000,67.000000000000000,0.0000000000000000
112.00000000000000,67.000000000000000,0.0000000000000000
113.00000000000000,67.000000000000000,0.0000000000000000
1.0000000000000000,68.000000000000000,0.0000000000000000
2.0000000000000000,68.000000000000000,1.0000000000000000
3.0000000000000000,68.000000000000000,1.0000000000000000
4.0000000000000000,68.000000000000000,1.0000000000000000
5.0000000000000000,68.000000000000000,1.0000000000000000
6.0000000000000000,68.000000000000000,0.89999997615814209
7.0000000000000000,68.000000000000000,0.89999997615814209
8.0000000000000000,68.000000000000000,0.89999997615814209
9.0000000000000000,68.000000000000000,0.89999997615814209
10.000000000000000,68.000000000000000,0.89999997615814209
11.000000000000000,68.000000000000000,0.89999997615814209
12.000000000000000,68.000000000000000,0.89999997615814209
13.000000000000000,68.000000000000000,0.89999997615814209
14.000000000000000,68.000000000000000,0.89999997615814209
15.000000000000000,68.000000000000000,0.80000001192092896
16.000000000000000,68.000000000000000,0.80000001192092896
17.000000000000000,68.000000000000000,0.80000001192092896
18.000000000000000,68.000000000000000,0.80000001192092896
19.000000000000000,68.000000000000000,0.80000001192092896
20.000000000000000,68.000000000000000,0.80000001192092896
21.000000000000000,68.000000000000000,0.69999998807907104
22.000000000000000,68.000000000000000,0.69999998807907104
23.000000000000000,68.000000000000000,0.69999998807907104
24.000000000000000,68.000000000000000,0.69999998807907104
25.000000000000000,68.000000000000000,0.69999998807907104
26.000000000000000,68.000000000000000,0.69999998807907104
27.000000000000000,68.000000000000000,0.60000002384185791
28.000000000000000,68.000000000000000,0.60000002384185791
29.000000000000000,68.000000000000000,0.60000002384185791
30.000000000000000,68.000000000000000,0.60000002384185791
31.000000000000000,68.000000000000000,0.60000002384185791
32.000000000000000,68.000000000000000,0.60000002384185791
33.000000000000000,68.000000000000000,0.50000000000000000
34.000000000000000,68.000000000000000,0.50000000000000000
35.000000000000000,68.000000000000000,0.50000000000000000
36.000000000000000,68.000000000000000,0.40000000596046448
37.000000000000000,68.000000000000000,0.40000000596046448
38.000000000000000,68.000000000000000,0.40000000596046448
39.000000000000000,68.000000000000000,0.30000001192092896
40.000000000000000,68.000000000000000,0.30000001192092896
41.000000000000000,68.000000000000000,0.30000001192092896
42.000000000000000,68.000000000000000,0.20000000298023224
43.000000000000000,68.000000000000000,0.20000000298023224
44.000000000000000,68.000000000000000,0.20000000298023224
45.000000000000000,68.000000000000000,0.0000000000000000
46.000000000000000,68.000000000000000,0.0000000000000000
47.000000000000000,68.000000000000000,0.0000000000000000
48.000000000000000,68.000000000000000,0.0000000000000000
49.000000000000000,68.000000000000000,0.0000000000000000
50.000000000000000,68.000000000000000,0.0000000000000000
51.000000000000000,68.000000000000000,0.0000000000000000
52.000000000000000,68.000000000000000,0.0000000000000000
53.000000000000000,68.000000000000000,0.0000000000000000
54.000000000000000,68.000000000000000,0.0000000000000000
55.000000000000000,68.000000000000000,0.0000000000000000
56.000000000000000,68.000000000000000,0.0000000000000000
57.000000000000000,68.000000000000000,0.20000000298023224
58.000000000000000,68.000000000000000,0.20000000298023224
59.000000000000000,68.000000000000000,0.20000000298023224
60.000000000000000,68.000000000000000,0.40000000596046448
61.000000000000000,68.000000000000000,0.40000000596046448
62.000000000000000,68.000000000000000,0.40000000596046448
63.000000000000000,68.000000000000000,0.20000000298023224
64.000000000000000,68.000000000000000,0.20000000298023224
65.000000000000000,68.000000000000000,0.20000000298023224
66.000000000000000,68.000000000000000,0.10000000149011612
67.000000000000000,68.000000000000000,0.10000000149011612
68.000000000000000,68.000000000000000,0.10000000149011612
69.000000000000000,68.000000000000000,0.0000000000000000
70.000000000000000,68.000000000000000,0.0000000000000000
71.000000000000000,68.000000000000000,0.0000000000000000
72.000000000000000,68.000000000000000,0.0000000000000000
73.000000000000000,68.000000000000000,0.0000000000000000
74.000000000000000,68.000000000000000,0.0000000000000000
75.000000000000000,68.000000000000000,0.0000000000000000
76.000000000000000,68.000000000000000,0.0000000000000000
77.000000000000000,68.000000000000000,0.0000000000000000
78.000000000000000,68.000000000000000,0.0000000000000000
79.000000000000000,68.000000000000000,0.0000000000000000
80.000000000000000,68.000000000000000,0.0000000000000000
81.000000000000000,68.000000000000000,0.0000000000000000
82.000000000000000,68.000000000000000,0.0000000000000000
83.000000000000000,68.000000000000000,0.0000000000000000
84.000000000000000,68.000000000000000,0.0000000000000000
85.000000000000000,68.000000000000000,0.0000000000000000
86.000000000000000,68.000000000000000,0.0000000000000000
87.000000000000000,68.000000000000000,0.0000000000000000
88.000000000000000,68.000000000000000,0.0000000000000000
89.000000000000000,68.000000000000000,0.0000000000000000
90.000000000000000,68.000000000000000,0.0000000000000000
91.000000000000000,68.000000000000000,0.0000000000000000
92.000000000000000,68.000000000000000,0.0000000000000000
93.000000000000000,68.000000000000000,0.0000000000000000
94.000000000000000,68.000000000000000,0.0000000000000000
95.000000000000000,68.000000000000000,0.0000000000000000
96.000000000000000,68.000000000000000,0.0000000000000000
97.000000000000000,68.000000000000000,0.0000000000000000
98.000000000000000,68.000000000000000,0.0000000000000000
99.000000000000000,68.000000000000000,0.0000000000000000
100.00000000000000,68.000000000000000,0.0000000000000000
101.00000000000000,68.000000000000000,0.0000000000000000
102.00000000000000,68.000000000000000,0.0000000000000000
103.00000000000000,68.000000000000000,0.0000000000000000
104.00000000000000,68.000000000000000,0.0000000000000000
105.00000000000000,68.000000000000000,0.0000000000000000
106.00000000000000,68.000000000000000,0.0000000000000000
107.00000000000000,68.000000000000000,0.0000000000000000
108.00000000000000,68.000000000000000,0.0000000000000000
109.00000000000000,68.000000000000000,0.0000000000000000
110.00000000000000,68.000000000000000,0.0000000000000000
111.00000000000000,68.000000000000000,0.0000000000000000
112.00000000000000,68.000000000000000,0.0000000000000000
113.00000000000000,68.000000000000000,0.0000000000000000
1.0000000000000000,69.000000000000000,0.0000000000000000
2.0000000000000000,69.000000000000000,1.0000000000000000
3.0000000000000000,69.000000000000000,1.0000000000000000
4.0000000000000000,69.000000000000000,1.0000000000000000
5.0000000000000000,69.000000000000000,1.0000000000000000
6.0000000000000000,69.000000000000000,0.89999997615814209
7.0000000000000000,69.000000000000000,0.89999997615814209
8.0000000000000000,69.000000000000000,0.89999997615814209
9.0000000000000000,69.000000000000000,0.89999997615814209
10.000000000000000,69.000000000000000,0.89999997615814209
11.000000000000000,69.000000000000000,0.89999997615814209
12.000000000000000,69.000000000000000,0.89999997615814209
13.000000000000000,69.000000000000000,0.89999997615814209
14.000000000000000,69.000000000000000,0.89999997615814209
15.000000000000000,69.000000000000000,0.80000001192092896
16.000000000000000,69.000000000000000,0.80000001192092896
17.000000000000000,69.000000000000000,0.80000001192092896
18.000000000000000,69.000000000000000,0.80000001192092896
19.000000000000000,69.000000000000000,0.80000001192092896
20.000000000000000,69.000000000000000,0.80000001192092896
21.000000000000000,69.000000000000000,0.69999998807907104
22.000000000000000,69.000000000000000,0.69999998807907104
23.000000000000000,69.000000000000000,0.69999998807907104
24.000000000000000,69.000000000000000,0.69999998807907104
25.000000000000000,69.000000000000000,0.69999998807907104
26.000000000000000,69.000000000000000,0.69999998807907104
27.000000000000000,69.000000000000000,0.60000002384185791
28.000000000000000,69.000000000000000,0.60000002384185791
29.000000000000000,69.000000000000000,0.60000002384185791
30.000000000000000,69.000000000000000,0.60000002384185791
31.000000000000000,69.000000000000000,0.60000002384185791
32.000000000000000,69.000000000000000,0.60000002384185791
33.000000000000000,69.000000000000000,0.50000000000000000
34.000000000000000,69.000000000000000,0.50000000000000000
35.000000000000000,69.000000000000000,0.50000000000000000
36.000000000000000,69.000000000000000,0.40000000596046448
37.000000000000000,69.000000000000000,0.40000000596046448
38.000000000000000,69.000000000000000,0.40000000596046448
39.000000000000000,69.000000000000000,0.30000001192092896
40.000000000000000,69.000000000000000,0.30000001192092896
41.000000000000000,69.000000000000000,0.30000001192092896
42.000000000000000,69.000000000000000,0.20000000298023224
43.000000000000000,69.000000000000000,0.20000000298023224
44.000000000000000,69.000000000000000,0.20000000298023224
45.000000000000000,69.000000000000000,0.0000000000000000
46.000000000000000,69.000000000000000,0.0000000000000000
47.000000000000000,69.000000000000000,0.0000000000000000
48.000000000000000,69.000000000000000,0.0000000000000000
49.000000000000000,69.000000000000000,0.0000000000000000
50.000000000000000,69.000000000000000,0.0000000000000000
51.000000000000000,69.000000000000000,0.0000000000000000
52.000000000000000,69.000000000000000,0.0000000000000000
53.000000000000000,69.000000000000000,0.0000000000000000
54.000000000000000,69.000000000000000,0.0000000000000000
55.000000000000000,69.000000000000000,0.0000000000000000
56.000000000000000,69.000000000000000,0.0000000000000000
57.000000000000000,69.000000000000000,0.20000000298023224
58.000000000000000,69.000000000000000,0.20000000298023224
59.000000000000000,69.000000000000000,0.20000000298023224
60.000000000000000,69.000000000000000,0.40000000596046448
61.000000000000000,69.000000000000000,0.40000000596046448
62.000000000000000,69.000000000000000,0.40000000596046448
63.000000000000000,69.000000000000000,0.20000000298023224
64.000000000000000,69.000000000000000,0.20000000298023224
65.000000000000000,69.000000000000000,0.20000000298023224
66.000000000000000,69.000000000000000,0.10000000149011612
67.000000000000000,69.000000000000000,0.10000000149011612
68.000000000000000,69.000000000000000,0.10000000149011612
69.000000000000000,69.000000000000000,0.0000000000000000
70.000000000000000,69.000000000000000,0.0000000000000000
71.000000000000000,69.000000000000000,0.0000000000000000
72.000000000000000,69.000000000000000,0.0000000000000000
73.000000000000000,69.000000000000000,0.0000000000000000
74.000000000000000,69.000000000000000,0.0000000000000000
75.000000000000000,69.000000000000000,0.0000000000000000
76.000000000000000,69.000000000000000,0.0000000000000000
77.000000000000000,69.000000000000000,0.0000000000000000
78.000000000000000,69.000000000000000,0.0000000000000000
79.000000000000000,69.000000000000000,0.0000000000000000
80.000000000000000,69.000000000000000,0.0000000000000000
81.000000000000000,69.000000000000000,0.0000000000000000
82.000000000000000,69.000000000000000,0.0000000000000000
83.000000000000000,69.000000000000000,0.0000000000000000
84.000000000000000,69.000000000000000,0.0000000000000000
85.000000000000000,69.000000000000000,0.0000000000000000
86.000000000000000,69.000000000000000,0.0000000000000000
87.000000000000000,69.000000000000000,0.0000000000000000
88.000000000000000,69.000000000000000,0.0000000000000000
89.000000000000000,69.000000000000000,0.0000000000000000
90.000000000000000,69.000000000000000,0.0000000000000000
91.000000000000000,69.000000000000000,0.0000000000000000
92.000000000000000,69.000000000000000,0.0000000000000000
93.000000000000000,69.000000000000000,0.0000000000000000
94.000000000000000,69.000000000000000,0.0000000000000000
95.000000000000000,69.000000000000000,0.0000000000000000
96.000000000000000,69.000000000000000,0.0000000000000000
97.000000000000000,69.000000000000000,0.0000000000000000
98.000000000000000,69.000000000000000,0.0000000000000000
99.000000000000000,69.000000000000000,0.0000000000000000
100.00000000000000,69.000000000000000,0.0000000000000000
101.00000000000000,69.000000000000000,0.0000000000000000
102.00000000000000,69.000000000000000,0.0000000000000000
103.00000000000000,69.000000000000000,0.0000000000000000
104.00000000000000,69.000000000000000,0.0000000000000000
105.00000000000000,69.000000000000000,0.0000000000000000
106.00000000000000,69.000000000000000,0.0000000000000000
107.00000000000000,69.000000000000000,0.0000000000000000
108.00000000000000,69.000000000000000,0.0000000000000000
109.00000000000000,69.000000000000000,0.0000000000000000
110.00000000000000,69.000000000000000,0.0000000000000000
111.00000000000000,69.000000000000000,0.0000000000000000
112.00000000000000,69.000000000000000,0.0000000000000000
113.00000000000000,69.000000000000000,0.0000000000000000
1.0000000000000000,70.000000000000000,0.0000000000000000
2.0000000000000000,70.000000000000000,1.0000000000000000
3.0000000000000000,70.000000000000000,1.0000000000000000
4.0000000000000000,70.000000000000000,1.0000000000000000
5.0000000000000000,70.000000000000000,1.0000000000000000
6.0000000000000000,70.000000000000000,0.89999997615814209
7.0000000000000000,70.000000000000000,0.89999997615814209
8.0000000000000000,70.000000000000000,0.89999997615814209
9.0000000000000000,70.000000000000000,0.89999997615814209
10.000000000000000,70.000000000000000,0.89999997615814209
11.000000000000000,70.000000000000000,0.89999997615814209
12.000000000000000,70.000000000000000,0.89999997615814209
13.000000000000000,70.000000000000000,0.89999997615814209
14.000000000000000,70.000000000000000,0.89999997615814209
15.000000000000000,70.000000000000000,0.80000001192092896
16.000000000000000,70.000000000000000,0.80000001192092896
17.000000000000000,70.000000000000000,0.80000001192092896
18.000000000000000,70.000000000000000,0.80000001192092896
19.000000000000000,70.000000000000000,0.80000001192092896
20.000000000000000,70.000000000000000,0.80000001192092896
21.000000000000000,70.000000000000000,0.69999998807907104
22.000000000000000,70.000000000000000,0.69999998807907104
23.000000000000000,70.000000000000000,0.69999998807907104
24.000000000000000,70.000000000000000,0.69999998807907104
25.000000000000000,70.000000000000000,0.69999998807907104
26.000000000000000,70.000000000000000,0.69999998807907104
27.000000000000000,70.000000000000000,0.60000002384185791
28.000000000000000,70.000000000000000,0.60000002384185791
29.000000000000000,70.000000000000000,0.60000002384185791
30.000000000000000,70.000000000000000,0.60000002384185791
31.000000000000000,70.000000000000000,0.60000002384185791
32.000000000000000,70.000000000000000,0.60000002384185791
33.000000000000000,70.000000000000000,0.50000000000000000
34.000000000000000,70.000000000000000,0.50000000000000000
35.000000000000000,70.000000000000000,0.50000000000000000
36.000000000000000,70.000000000000000,0.40000000596046448
37.000000000000000,70.000000000000000,0.40000000596046448
38.000000000000000,70.000000000000000,0.40000000596046448
39.000000000000000,70.000000000000000,0.30000001192092896
40.000000000000000,70.000000000000000,0.30000001192092896
41.000000000000000,70.000000000000000,0.30000001192092896
42.000000000000000,70.000000000000000,0.20000000298023224
43.000000000000000,70.000000000000000,0.20000000298023224
44.000000000000000,70.000000000000000,0.20000000298023224
45.000000000000000,70.000000000000000,0.0000000000000000
46.000000000000000,70.000000000000000,0.0000000000000000
47.000000000000000,70.000000000000000,0.0000000000000000
48.000000000000000,70.000000000000000,0.0000000000000000
49.000000000000000,70.000000000000000,0.0000000000000000
50.000000000000000,70.000000000000000,0.0000000000000000
51.000000000000000,70.000000000000000,0.0000000000000000
52.000000000000000,70.000000000000000,0.0000000000000000
53.000000000000000,70.000000000000000,0.0000000000000000
54.000000000000000,70.000000000000000,0.0000000000000000
55.000000000000000,70.000000000000000,0.0000000000000000
56.000000000000000,70.000000000000000,0.0000000000000000
57.000000000000000,70.000000000000000,0.20000000298023224
58.000000000000000,70.000000000000000,0.20000000298023224
59.000000000000000,70.000000000000000,0.20000000298023224
60.000000000000000,70.000000000000000,0.40000000596046448
61.000000000000000,70.000000000000000,0.40000000596046448
62.000000000000000,70.000000000000000,0.40000000596046448
63.000000000000000,70.000000000000000,0.20000000298023224
64.000000000000000,70.000000000000000,0.20000000298023224
65.000000000000000,70.000000000000000,0.20000000298023224
66.000000000000000,70.000000000000000,0.10000000149011612
67.000000000000000,70.000000000000000,0.10000000149011612
68.000000000000000,70.000000000000000,0.10000000149011612
69.000000000000000,70.000000000000000,0.0000000000000000
70.000000000000000,70.000000000000000,0.0000000000000000
71.000000000000000,70.000000000000000,0.0000000000000000
72.000000000000000,70.000000000000000,0.0000000000000000
73.000000000000000,70.000000000000000,0.0000000000000000
74.000000000000000,70.000000000000000,0.0000000000000000
75.000000000000000,70.000000000000000,0.0000000000000000
76.000000000000000,70.000000000000000,0.0000000000000000
77.000000000000000,70.000000000000000,0.0000000000000000
78.000000000000000,70.000000000000000,0.0000000000000000
79.000000000000000,70.000000000000000,0.0000000000000000
80.000000000000000,70.000000000000000,0.0000000000000000
81.000000000000000,70.000000000000000,0.0000000000000000
82.000000000000000,70.000000000000000,0.0000000000000000
83.000000000000000,70.000000000000000,0.0000000000000000
84.000000000000000,70.000000000000000,0.0000000000000000
85.000000000000000,70.000000000000000,0.0000000000000000
86.000000000000000,70.000000000000000,0.0000000000000000
87.000000000000000,70.000000000000000,0.0000000000000000
88.000000000000000,70.000000000000000,0.0000000000000000
89.000000000000000,70.000000000000000,0.0000000000000000
90.000000000000000,70.000000000000000,0.0000000000000000
91.000000000000000,70.000000000000000,0.0000000000000000
92.000000000000000,70.000000000000000,0.0000000000000000
93.000000000000000,70.000000000000000,0.0000000000000000
94.000000000000000,70.000000000000000,0.0000000000000000
95.000000000000000,70.000000000000000,0.0000000000000000
96.000000000000000,70.000000000000000,0.0000000000000000
97.000000000000000,70.000000000000000,0.0000000000000000
98.000000000000000,70.000000000000000,0.0000000000000000
99.000000000000000,70.000000000000000,0.0000000000000000
100.00000000000000,70.000000000000000,0.0000000000000000
101.00000000000000,70.000000000000000,0.0000000000000000
102.00000000000000,70.000000000000000,0.0000000000000000
103.00000000000000,70.000000000000000,0.0000000000000000
104.00000000000000,70.000000000000000,0.0000000000000000
105.00000000000000,70.000000000000000,0.0000000000000000
106.00000000000000,70.000000000000000,0.0000000000000000
107.00000000000000,70.000000000000000,0.0000000000000000
108.00000000000000,70.000000000000000,0.0000000000000000
109.00000000000000,70.000000000000000,0.0000000000000000
110.00000000000000,70.000000000000000,0.0000000000000000
111.00000000000000,70.000000000000000,0.0000000000000000
112.00000000000000,70.000000000000000,0.0000000000000000
113.00000000000000,70.000000000000000,0.0000000000000000
1.0000000000000000,71.000000000000000,0.0000000000000000
2.0000000000000000,71.000000000000000,1.0000000000000000
3.0000000000000000,71.000000000000000,1.0000000000000000
4.0000000000000000,71.000000000000000,1.0000000000000000
5.0000000000000000,71.000000000000000,1.0000000000000000
6.0000000000000000,71.000000000000000,0.89999997615814209
7.0000000000000000,71.000000000000000,0.89999997615814209
8.0000000000000000,71.000000000000000,0.89999997615814209
9.0000000000000000,71.000000000000000,0.80000001192092896
10.000000000000000,71.000000000000000,0.80000001192092896
11.000000000000000,71.000000000000000,0.80000001192092896
12.000000000000000,71.000000000000000,0.80000001192092896
13.000000000000000,71.000000000000000,0.80000001192092896
14.000000000000000,71.000000000000000,0.80000001192092896
15.000000000000000,71.000000000000000,0.80000001192092896
16.000000000000000,71.000000000000000,0.80000001192092896
17.000000000000000,71.000000000000000,0.80000001192092896
18.000000000000000,71.000000000000000,0.80000001192092896
19.000000000000000,71.000000000000000,0.80000001192092896
20.000000000000000,71.000000000000000,0.80000001192092896
21.000000000000000,71.000000000000000,0.80000001192092896
22.000000000000000,71.000000000000000,0.80000001192092896
23.000000000000000,71.000000000000000,0.80000001192092896
24.000000000000000,71.000000000000000,0.69999998807907104
25.000000000000000,71.000000000000000,0.69999998807907104
26.000000000000000,71.000000000000000,0.69999998807907104
27.000000000000000,71.000000000000000,0.69999998807907104
28.000000000000000,71.000000000000000,0.69999998807907104
29.000000000000000,71.000000000000000,0.69999998807907104
30.000000000000000,71.000000000000000,0.60000002384185791
31.000000000000000,71.000000000000000,0.60000002384185791
32.000000000000000,71.000000000000000,0.60000002384185791
33.000000000000000,71.000000000000000,0.50000000000000000
34.000000000000000,71.000000000000000,0.50000000000000000
35.000000000000000,71.000000000000000,0.50000000000000000
36.000000000000000,71.000000000000000,0.40000000596046448
37.000000000000000,71.000000000000000,0.40000000596046448
38.000000000000000,71.000000000000000,0.40000000596046448
39.000000000000000,71.000000000000000,0.30000001192092896
40.000000000000000,71.000000000000000,0.30000001192092896
41.000000000000000,71.000000000000000,0.30000001192092896
42.000000000000000,71.000000000000000,0.20000000298023224
43.000000000000000,71.000000000000000,0.20000000298023224
44.000000000000000,71.000000000000000,0.20000000298023224
45.000000000000000,71.000000000000000,0.0000000000000000
46.000000000000000,71.000000000000000,0.0000000000000000
47.000000000000000,71.000000000000000,0.0000000000000000
48.000000000000000,71.000000000000000,0.0000000000000000
49.000000000000000,71.000000000000000,0.0000000000000000
50.000000000000000,71.000000000000000,0.0000000000000000
51.000000000000000,71.000000000000000,0.0000000000000000
52.000000000000000,71.000000000000000,0.0000000000000000
53.000000000000000,71.000000000000000,0.0000000000000000
54.000000000000000,71.000000000000000,0.0000000000000000
55.000000000000000,71.000000000000000,0.0000000000000000
56.000000000000000,71.000000000000000,0.0000000000000000
57.000000000000000,71.000000000000000,0.0000000000000000
58.000000000000000,71.000000000000000,0.0000000000000000
59.000000000000000,71.000000000000000,0.0000000000000000
60.000000000000000,71.000000000000000,0.30000001192092896
61.000000000000000,71.000000000000000,0.30000001192092896
62.000000000000000,71.000000000000000,0.30000001192092896
63.000000000000000,71.000000000000000,0.40000000596046448
64.000000000000000,71.000000000000000,0.40000000596046448
65.000000000000000,71.000000000000000,0.40000000596046448
66.000000000000000,71.000000000000000,0.50000000000000000
67.000000000000000,71.000000000000000,0.50000000000000000
68.000000000000000,71.000000000000000,0.50000000000000000
69.000000000000000,71.000000000000000,0.0000000000000000
70.000000000000000,71.000000000000000,0.0000000000000000
71.000000000000000,71.000000000000000,0.0000000000000000
72.000000000000000,71.000000000000000,0.0000000000000000
73.000000000000000,71.000000000000000,0.0000000000000000
74.000000000000000,71.000000000000000,0.0000000000000000
75.000000000000000,71.000000000000000,0.0000000000000000
76.000000000000000,71.000000000000000,0.0000000000000000
77.000000000000000,71.000000000000000,0.0000000000000000
78.000000000000000,71.000000000000000,0.0000000000000000
79.000000000000000,71.000000000000000,0.0000000000000000
80.000000000000000,71.000000000000000,0.0000000000000000
81.000000000000000,71.000000000000000,0.0000000000000000
82.000000000000000,71.000000000000000,0.0000000000000000
83.000000000000000,71.000000000000000,0.0000000000000000
84.000000000000000,71.000000000000000,0.0000000000000000
85.000000000000000,71.000000000000000,0.0000000000000000
86.000000000000000,71.000000000000000,0.0000000000000000
87.000000000000000,71.000000000000000,0.0000000000000000
88.000000000000000,71.000000000000000,0.0000000000000000
89.000000000000000,71.000000000000000,0.0000000000000000
90.000000000000000,71.000000000000000,0.0000000000000000
91.000000000000000,71.000000000000000,0.0000000000000000
92.000000000000000,71.000000000000000,0.0000000000000000
93.000000000000000,71.000000000000000,0.0000000000000000
94.000000000000000,71.000000000000000,0.0000000000000000
95.000000000000000,71.000000000000000,0.0000000000000000
96.000000000000000,71.000000000000000,0.0000000000000000
97.000000000000000,71.000000000000000,0.0000000000000000
98.000000000000000,71.000000000000000,0.0000000000000000
99.000000000000000,71.000000000000000,0.0000000000000000
100.00000000000000,71.000000000000000,0.0000000000000000
101.00000000000000,71.000000000000000,0.0000000000000000
102.00000000000000,71.000000000000000,0.0000000000000000
103.00000000000000,71.000000000000000,0.0000000000000000
104.00000000000000,71.000000000000000,0.0000000000000000
105.00000000000000,71.000000000000000,0.0000000000000000
106.00000000000000,71.000000000000000,0.0000000000000000
107.00000000000000,71.000000000000000,0.0000000000000000
108.00000000000000,71.000000000000000,0.0000000000000000
109.00000000000000,71.000000000000000,0.0000000000000000
110.00000000000000,71.000000000000000,0.0000000000000000
111.00000000000000,71.000000000000000,0.0000000000000000
112.00000000000000,71.000000000000000,0.0000000000000000
113.00000000000000,71.000000000000000,0.0000000000000000
1.0000000000000000,72.000000000000000,0.0000000000000000
2.0000000000000000,72.000000000000000,1.0000000000000000
3.0000000000000000,72.000000000000000,1.0000000000000000
4.0000000000000000,72.000000000000000,1.0000000000000000
5.0000000000000000,72.000000000000000,1.0000000000000000
6.0000000000000000,72.000000000000000,0.89999997615814209
7.0000000000000000,72.000000000000000,0.89999997615814209
8.0000000000000000,72.000000000000000,0.89999997615814209
9.0000000000000000,72.000000000000000,0.80000001192092896
10.000000000000000,72.000000000000000,0.80000001192092896
11.000000000000000,72.000000000000000,0.80000001192092896
12.000000000000000,72.000000000000000,0.80000001192092896
13.000000000000000,72.000000000000000,0.80000001192092896
14.000000000000000,72.000000000000000,0.80000001192092896
15.000000000000000,72.000000000000000,0.80000001192092896
16.000000000000000,72.000000000000000,0.80000001192092896
17.000000000000000,72.000000000000000,0.80000001192092896
18.000000000000000,72.000000000000000,0.80000001192092896
19.000000000000000,72.000000000000000,0.80000001192092896
20.000000000000000,72.000000000000000,0.80000001192092896
21.000000000000000,72.000000000000000,0.80000001192092896
22.000000000000000,72.000000000000000,0.80000001192092896
23.000000000000000,72.000000000000000,0.80000001192092896
24.000000000000000,72.000000000000000,0.69999998807907104
25.000000000000000,72.000000000000000,0.69999998807907104
26.000000000000000,72.000000000000000,0.69999998807907104
27.000000000000000,72.000000000000000,0.69999998807907104
28.000000000000000,72.000000000000000,0.69999998807907104
29.000000000000000,72.000000000000000,0.69999998807907104
30.000000000000000,72.000000000000000,0.60000002384185791
31.000000000000000,72.000000000000000,0.60000002384185791
32.000000000000000,72.000000000000000,0.60000002384185791
33.000000000000000,72.000000000000000,0.50000000000000000
34.000000000000000,72.000000000000000,0.50000000000000000
35.000000000000000,72.000000000000000,0.50000000000000000
36.000000000000000,72.000000000000000,0.40000000596046448
37.000000000000000,72.000000000000000,0.40000000596046448
38.000000000000000,72.000000000000000,0.40000000596046448
39.000000000000000,72.000000000000000,0.30000001192092896
40.000000000000000,72.000000000000000,0.30000001192092896
41.000000000000000,72.000000000000000,0.30000001192092896
42.000000000000000,72.000000000000000,0.20000000298023224
43.000000000000000,72.000000000000000,0.20000000298023224
44.000000000000000,72.000000000000000,0.20000000298023224
45.000000000000000,72.000000000000000,0.0000000000000000
46.000000000000000,72.000000000000000,0.0000000000000000
47.000000000000000,72.000000000000000,0.0000000000000000
48.000000000000000,72.000000000000000,0.0000000000000000
49.000000000000000,72.000000000000000,0.0000000000000000
50.000000000000000,72.000000000000000,0.0000000000000000
51.000000000000000,72.000000000000000,0.0000000000000000
52.000000000000000,72.000000000000000,0.0000000000000000
53.000000000000000,72.000000000000000,0.0000000000000000
54.000000000000000,72.000000000000000,0.0000000000000000
55.000000000000000,72.000000000000000,0.0000000000000000
56.000000000000000,72.000000000000000,0.0000000000000000
57.000000000000000,72.000000000000000,0.0000000000000000
58.000000000000000,72.000000000000000,0.0000000000000000
59.000000000000000,72.000000000000000,0.0000000000000000
60.000000000000000,72.000000000000000,0.30000001192092896
61.000000000000000,72.000000000000000,0.30000001192092896
62.000000000000000,72.000000000000000,0.30000001192092896
63.000000000000000,72.000000000000000,0.40000000596046448
64.000000000000000,72.000000000000000,0.40000000596046448
65.000000000000000,72.000000000000000,0.40000000596046448
66.000000000000000,72.000000000000000,0.50000000000000000
67.000000000000000,72.000000000000000,0.50000000000000000
68.000000000000000,72.000000000000000,0.50000000000000000
69.000000000000000,72.000000000000000,0.0000000000000000
70.000000000000000,72.000000000000000,0.0000000000000000
71.000000000000000,72.000000000000000,0.0000000000000000
72.000000000000000,72.000000000000000,0.0000000000000000
73.000000000000000,72.000000000000000,0.0000000000000000
74.000000000000000,72.000000000000000,0.0000000000000000
75.000000000000000,72.000000000000000,0.0000000000000000
76.000000000000000,72.000000000000000,0.0000000000000000
77.000000000000000,72.000000000000000,0.0000000000000000
78.000000000000000,72.000000000000000,0.0000000000000000
79.000000000000000,72.000000000000000,0.0000000000000000
80.000000000000000,72.000000000000000,0.0000000000000000
81.000000000000000,72.000000000000000,0.0000000000000000
82.000000000000000,72.000000000000000,0.0000000000000000
83.000000000000000,72.000000000000000,0.0000000000000000
84.000000000000000,72.000000000000000,0.0000000000000000
85.000000000000000,72.000000000000000,0.0000000000000000
86.000000000000000,72.000000000000000,0.0000000000000000
87.000000000000000,72.000000000000000,0.0000000000000000
88.000000000000000,72.000000000000000,0.0000000000000000
89.000000000000000,72.000000000000000,0.0000000000000000
90.000000000000000,72.000000000000000,0.0000000000000000
91.000000000000000,72.000000000000000,0.0000000000000000
92.000000000000000,72.000000000000000,0.0000000000000000
93.000000000000000,72.000000000000000,0.0000000000000000
94.000000000000000,72.000000000000000,0.0000000000000000
95.000000000000000,72.000000000000000,0.0000000000000000
96.000000000000000,72.000000000000000,0.0000000000000000
97.000000000000000,72.000000000000000,0.0000000000000000
98.000000000000000,72.000000000000000,0.0000000000000000
99.000000000000000,72.000000000000000,0.0000000000000000
100.00000000000000,72.000000000000000,0.0000000000000000
101.00000000000000,72.000000000000000,0.0000000000000000
102.00000000000000,72.000000000000000,0.0000000000000000
103.00000000000000,72.000000000000000,0.0000000000000000
104.00000000000000,72.000000000000000,0.0000000000000000
105.00000000000000,72.000000000000000,0.0000000000000000
106.00000000000000,72.000000000000000,0.0000000000000000
107.00000000000000,72.000000000000000,0.0000000000000000
108.00000000000000,72.000000000000000,0.0000000000000000
109.00000000000000,72.000000000000000,0.0000000000000000
110.00000000000000,72.000000000000000,0.0000000000000000
111.00000000000000,72.000000000000000,0.0000000000000000
112.00000000000000,72.000000000000000,0.0000000000000000
113.00000000000000,72.000000000000000,0.0000000000000000
1.0000000000000000,73.000000000000000,0.0000000000000000
2.0000000000000000,73.000000000000000,1.0000000000000000
3.0000000000000000,73.000000000000000,1.0000000000000000
4.0000000000000000,73.000000000000000,1.0000000000000000
5.0000000000000000,73.000000000000000,1.0000000000000000
6.0000000000000000,73.000000000000000,0.89999997615814209
7.0000000000000000,73.000000000000000,0.89999997615814209
8.0000000000000000,73.000000000000000,0.89999997615814209
9.0000000000000000,73.000000000000000,0.80000001192092896
10.000000000000000,73.000000000000000,0.80000001192092896
11.000000000000000,73.000000000000000,0.80000001192092896
12.000000000000000,73.000000000000000,0.80000001192092896
13.000000000000000,73.000000000000000,0.80000001192092896
14.000000000000000,73.000000000000000,0.80000001192092896
15.000000000000000,73.000000000000000,0.80000001192092896
16.000000000000000,73.000000000000000,0.80000001192092896
17.000000000000000,73.000000000000000,0.80000001192092896
18.000000000000000,73.000000000000000,0.80000001192092896
19.000000000000000,73.000000000000000,0.80000001192092896
20.000000000000000,73.000000000000000,0.80000001192092896
21.000000000000000,73.000000000000000,0.80000001192092896
22.000000000000000,73.000000000000000,0.80000001192092896
23.000000000000000,73.000000000000000,0.80000001192092896
24.000000000000000,73.000000000000000,0.69999998807907104
25.000000000000000,73.000000000000000,0.69999998807907104
26.000000000000000,73.000000000000000,0.69999998807907104
27.000000000000000,73.000000000000000,0.69999998807907104
28.000000000000000,73.000000000000000,0.69999998807907104
29.000000000000000,73.000000000000000,0.69999998807907104
30.000000000000000,73.000000000000000,0.60000002384185791
31.000000000000000,73.000000000000000,0.60000002384185791
32.000000000000000,73.000000000000000,0.60000002384185791
33.000000000000000,73.000000000000000,0.50000000000000000
34.000000000000000,73.000000000000000,0.50000000000000000
35.000000000000000,73.000000000000000,0.50000000000000000
36.000000000000000,73.000000000000000,0.40000000596046448
37.000000000000000,73.000000000000000,0.40000000596046448
38.000000000000000,73.000000000000000,0.40000000596046448
39.000000000000000,73.000000000000000,0.30000001192092896
40.000000000000000,73.000000000000000,0.30000001192092896
41.000000000000000,73.000000000000000,0.30000001192092896
42.000000000000000,73.000000000000000,0.20000000298023224
43.000000000000000,73.000000000000000,0.20000000298023224
44.000000000000000,73.000000000000000,0.20000000298023224
45.000000000000000,73.000000000000000,0.0000000000000000
46.000000000000000,73.000000000000000,0.0000000000000000
47.000000000000000,73.000000000000000,0.0000000000000000
48.000000000000000,73.000000000000000,0.0000000000000000
49.000000000000000,73.000000000000000,0.0000000000000000
50.000000000000000,73.000000000000000,0.0000000000000000
51.000000000000000,73.000000000000000,0.0000000000000000
52.000000000000000,73.000000000000000,0.0000000000000000
53.000000000000000,73.000000000000000,0.0000000000000000
54.000000000000000,73.000000000000000,0.0000000000000000
55.000000000000000,73.000000000000000,0.0000000000000000
56.000000000000000,73.000000000000000,0.0000000000000000
57.000000000000000,73.000000000000000,0.0000000000000000
58.000000000000000,73.000000000000000,0.0000000000000000
59.000000000000000,73.000000000000000,0.0000000000000000
60.000000000000000,73.000000000000000,0.30000001192092896
61.000000000000000,73.000000000000000,0.30000001192092896
62.000000000000000,73.000000000000000,0.30000001192092896
63.000000000000000,73.000000000000000,0.40000000596046448
64.000000000000000,73.000000000000000,0.40000000596046448
65.000000000000000,73.000000000000000,0.40000000596046448
66.000000000000000,73.000000000000000,0.50000000000000000
67.000000000000000,73.000000000000000,0.50000000000000000
68.000000000000000,73.000000000000000,0.50000000000000000
69.000000000000000,73.000000000000000,0.0000000000000000
70.000000000000000,73.000000000000000,0.0000000000000000
71.000000000000000,73.000000000000000,0.0000000000000000
72.000000000000000,73.000000000000000,0.0000000000000000
73.000000000000000,73.000000000000000,0.0000000000000000
74.000000000000000,73.000000000000000,0.0000000000000000
75.000000000000000,73.000000000000000,0.0000000000000000
76.000000000000000,73.000000000000000,0.0000000000000000
77.000000000000000,73.000000000000000,0.0000000000000000
78.000000000000000,73.000000000000000,0.0000000000000000
79.000000000000000,73.000000000000000,0.0000000000000000
80.000000000000000,73.000000000000000,0.0000000000000000
81.000000000000000,73.000000000000000,0.0000000000000000
82.000000000000000,73.000000000000000,0.0000000000000000
83.000000000000000,73.000000000000000,0.0000000000000000
84.000000000000000,73.000000000000000,0.0000000000000000
85.000000000000000,73.000000000000000,0.0000000000000000
86.000000000000000,73.000000000000000,0.0000000000000000
87.000000000000000,73.000000000000000,0.0000000000000000
88.000000000000000,73.000000000000000,0.0000000000000000
89.000000000000000,73.000000000000000,0.0000000000000000
90.000000000000000,73.000000000000000,0.0000000000000000
91.000000000000000,73.000000000000000,0.0000000000000000
92.000000000000000,73.000000000000000,0.0000000000000000
93.000000000000000,73.000000000000000,0.0000000000000000
94.000000000000000,73.000000000000000,0.0000000000000000
95.000000000000000,73.000000000000000,0.0000000000000000
96.000000000000000,73.000000000000000,0.0000000000000000
97.000000000000000,73.000000000000000,0.0000000000000000
98.000000000000000,73.000000000000000,0.0000000000000000
99.000000000000000,73.000000000000000,0.0000000000000000
100.00000000000000,73.000000000000000,0.0000000000000000
101.00000000000000,73.000000000000000,0.0000000000000000
102.00000000000000,73.000000000000000,0.0000000000000000
103.00000000000000,73.000000000000000,0.0000000000000000
104.00000000000000,73.000000000000000,0.0000000000000000
105.00000000000000,73.000000000000000,0.0000000000000000
106.00000000000000,73.000000000000000,0.0000000000000000
107.00000000000000,73.000000000000000,0.0000000000000000
108.00000000000000,73.000000000000000,0.0000000000000000
109.00000000000000,73.000000000000000,0.0000000000000000
110.00000000000000,73.000000000000000,0.0000000000000000
111.00000000000000,73.000000000000000,0.0000000000000000
112.00000000000000,73.000000000000000,0.0000000000000000
113.00000000000000,73.000000000000000,0.0000000000000000
1.0000000000000000,74.000000000000000,0.0000000000000000
2.0000000000000000,74.000000000000000,0.89999997615814209
3.0000000000000000,74.000000000000000,0.89999997615814209
4.0000000000000000,74.000000000000000,0.89999997615814209
5.0000000000000000,74.000000000000000,0.89999997615814209
6.0000000000000000,74.000000000000000,0.80000001192092896
7.0000000000000000,74.000000000000000,0.80000001192092896
8.0000000000000000,74.000000000000000,0.80000001192092896
9.0000000000000000,74.000000000000000,0.69999998807907104
10.000000000000000,74.000000000000000,0.69999998807907104
11.000000000000000,74.000000000000000,0.69999998807907104
12.000000000000000,74.000000000000000,0.69999998807907104
13.000000000000000,74.000000000000000,0.69999998807907104
14.000000000000000,74.000000000000000,0.69999998807907104
15.000000000000000,74.000000000000000,0.69999998807907104
16.000000000000000,74.000000000000000,0.69999998807907104
17.000000000000000,74.000000000000000,0.69999998807907104
18.000000000000000,74.000000000000000,0.69999998807907104
19.000000000000000,74.000000000000000,0.69999998807907104
20.000000000000000,74.000000000000000,0.69999998807907104
21.000000000000000,74.000000000000000,0.80000001192092896
22.000000000000000,74.000000000000000,0.80000001192092896
23.000000000000000,74.000000000000000,0.80000001192092896
24.000000000000000,74.000000000000000,0.80000001192092896
25.000000000000000,74.000000000000000,0.80000001192092896
26.000000000000000,74.000000000000000,0.80000001192092896
27.000000000000000,74.000000000000000,0.69999998807907104
28.000000000000000,74.000000000000000,0.69999998807907104
29.000000000000000,74.000000000000000,0.69999998807907104
30.000000000000000,74.000000000000000,0.60000002384185791
31.000000000000000,74.000000000000000,0.60000002384185791
32.000000000000000,74.000000000000000,0.60000002384185791
33.000000000000000,74.000000000000000,0.50000000000000000
34.000000000000000,74.000000000000000,0.50000000000000000
35.000000000000000,74.000000000000000,0.50000000000000000
36.000000000000000,74.000000000000000,0.40000000596046448
37.000000000000000,74.000000000000000,0.40000000596046448
38.000000000000000,74.000000000000000,0.40000000596046448
39.000000000000000,74.000000000000000,0.30000001192092896
40.000000000000000,74.000000000000000,0.30000001192092896
41.000000000000000,74.000000000000000,0.30000001192092896
42.000000000000000,74.000000000000000,0.20000000298023224
43.000000000000000,74.000000000000000,0.20000000298023224
44.000000000000000,74.000000000000000,0.20000000298023224
45.000000000000000,74.000000000000000,0.0000000000000000
46.000000000000000,74.000000000000000,0.0000000000000000
47.000000000000000,74.000000000000000,0.0000000000000000
48.000000000000000,74.000000000000000,0.0000000000000000
49.000000000000000,74.000000000000000,0.0000000000000000
50.000000000000000,74.000000000000000,0.0000000000000000
51.000000000000000,74.000000000000000,0.0000000000000000
52.000000000000000,74.000000000000000,0.0000000000000000
53.000000000000000,74.000000000000000,0.0000000000000000
54.000000000000000,74.000000000000000,0.0000000000000000
55.000000000000000,74.000000000000000,0.0000000000000000
56.000000000000000,74.000000000000000,0.0000000000000000
57.000000000000000,74.000000000000000,0.0000000000000000
58.000000000000000,74.000000000000000,0.0000000000000000
59.000000000000000,74.000000000000000,0.0000000000000000
60.000000000000000,74.000000000000000,0.0000000000000000
61.000000000000000,74.000000000000000,0.0000000000000000
62.000000000000000,74.000000000000000,0.0000000000000000
63.000000000000000,74.000000000000000,0.20000000298023224
64.000000000000000,74.000000000000000,0.20000000298023224
65.000000000000000,74.000000000000000,0.20000000298023224
66.000000000000000,74.000000000000000,0.30000001192092896
67.000000000000000,74.000000000000000,0.30000001192092896
68.000000000000000,74.000000000000000,0.30000001192092896
69.000000000000000,74.000000000000000,0.10000000149011612
70.000000000000000,74.000000000000000,0.10000000149011612
71.000000000000000,74.000000000000000,0.10000000149011612
72.000000000000000,74.000000000000000,0.0000000000000000
73.000000000000000,74.000000000000000,0.0000000000000000
74.000000000000000,74.000000000000000,0.0000000000000000
75.000000000000000,74.000000000000000,0.0000000000000000
76.000000000000000,74.000000000000000,0.0000000000000000
77.000000000000000,74.000000000000000,0.0000000000000000
78.000000000000000,74.000000000000000,0.0000000000000000
79.000000000000000,74.000000000000000,0.0000000000000000
80.000000000000000,74.000000000000000,0.0000000000000000
81.000000000000000,74.000000000000000,0.0000000000000000
82.000000000000000,74.000000000000000,0.0000000000000000
83.000000000000000,74.000000000000000,0.0000000000000000
84.000000000000000,74.000000000000000,0.0000000000000000
85.000000000000000,74.000000000000000,0.0000000000000000
86.000000000000000,74.000000000000000,0.0000000000000000
87.000000000000000,74.000000000000000,0.0000000000000000
88.000000000000000,74.000000000000000,0.0000000000000000
89.000000000000000,74.000000000000000,0.0000000000000000
90.000000000000000,74.000000000000000,0.0000000000000000
91.000000000000000,74.000000000000000,0.0000000000000000
92.000000000000000,74.000000000000000,0.0000000000000000
93.000000000000000,74.000000000000000,0.0000000000000000
94.000000000000000,74.000000000000000,0.0000000000000000
95.000000000000000,74.000000000000000,0.0000000000000000
96.000000000000000,74.000000000000000,0.0000000000000000
97.000000000000000,74.000000000000000,0.0000000000000000
98.000000000000000,74.000000000000000,0.0000000000000000
99.000000000000000,74.000000000000000,0.0000000000000000
100.00000000000000,74.000000000000000,0.0000000000000000
101.00000000000000,74.000000000000000,0.0000000000000000
102.00000000000000,74.000000000000000,0.0000000000000000
103.00000000000000,74.000000000000000,0.0000000000000000
104.00000000000000,74.000000000000000,0.0000000000000000
105.00000000000000,74.000000000000000,0.0000000000000000
106.00000000000000,74.000000000000000,0.0000000000000000
107.00000000000000,74.000000000000000,0.0000000000000000
108.00000000000000,74.000000000000000,0.0000000000000000
109.00000000000000,74.000000000000000,0.0000000000000000
110.00000000000000,74.000000000000000,0.0000000000000000
111.00000000000000,74.000000000000000,0.0000000000000000
112.00000000000000,74.000000000000000,0.0000000000000000
113.00000000000000,74.000000000000000,0.0000000000000000
1.0000000000000000,75.000000000000000,0.0000000000000000
2.0000000000000000,75.000000000000000,0.89999997615814209
3.0000000000000000,75.000000000000000,0.89999997615814209
4.0000000000000000,75.000000000000000,0.89999997615814209
5.0000000000000000,75.000000000000000,0.89999997615814209
6.0000000000000000,75.000000000000000,0.80000001192092896
7.0000000000000000,75.000000000000000,0.80000001192092896
8.0000000000000000,75.000000000000000,0.80000001192092896
9.0000000000000000,75.000000000000000,0.69999998807907104
10.000000000000000,75.000000000000000,0.69999998807907104
11.000000000000000,75.000000000000000,0.69999998807907104
12.000000000000000,75.000000000000000,0.69999998807907104
13.000000000000000,75.000000000000000,0.69999998807907104
14.000000000000000,75.000000000000000,0.69999998807907104
15.000000000000000,75.000000000000000,0.69999998807907104
16.000000000000000,75.000000000000000,0.69999998807907104
17.000000000000000,75.000000000000000,0.69999998807907104
18.000000000000000,75.000000000000000,0.69999998807907104
19.000000000000000,75.000000000000000,0.69999998807907104
20.000000000000000,75.000000000000000,0.69999998807907104
21.000000000000000,75.000000000000000,0.80000001192092896
22.000000000000000,75.000000000000000,0.80000001192092896
23.000000000000000,75.000000000000000,0.80000001192092896
24.000000000000000,75.000000000000000,0.80000001192092896
25.000000000000000,75.000000000000000,0.80000001192092896
26.000000000000000,75.000000000000000,0.80000001192092896
27.000000000000000,75.000000000000000,0.69999998807907104
28.000000000000000,75.000000000000000,0.69999998807907104
29.000000000000000,75.000000000000000,0.69999998807907104
30.000000000000000,75.000000000000000,0.60000002384185791
31.000000000000000,75.000000000000000,0.60000002384185791
32.000000000000000,75.000000000000000,0.60000002384185791
33.000000000000000,75.000000000000000,0.50000000000000000
34.000000000000000,75.000000000000000,0.50000000000000000
35.000000000000000,75.000000000000000,0.50000000000000000
36.000000000000000,75.000000000000000,0.40000000596046448
37.000000000000000,75.000000000000000,0.40000000596046448
38.000000000000000,75.000000000000000,0.40000000596046448
39.000000000000000,75.000000000000000,0.30000001192092896
40.000000000000000,75.000000000000000,0.30000001192092896
41.000000000000000,75.000000000000000,0.30000001192092896
42.000000000000000,75.000000000000000,0.20000000298023224
43.000000000000000,75.000000000000000,0.20000000298023224
44.000000000000000,75.000000000000000,0.20000000298023224
45.000000000000000,75.000000000000000,0.0000000000000000
46.000000000000000,75.000000000000000,0.0000000000000000
47.000000000000000,75.000000000000000,0.0000000000000000
48.000000000000000,75.000000000000000,0.0000000000000000
49.000000000000000,75.000000000000000,0.0000000000000000
50.000000000000000,75.000000000000000,0.0000000000000000
51.000000000000000,75.000000000000000,0.0000000000000000
52.000000000000000,75.000000000000000,0.0000000000000000
53.000000000000000,75.000000000000000,0.0000000000000000
54.000000000000000,75.000000000000000,0.0000000000000000
55.000000000000000,75.000000000000000,0.0000000000000000
56.000000000000000,75.000000000000000,0.0000000000000000
57.000000000000000,75.000000000000000,0.0000000000000000
58.000000000000000,75.000000000000000,0.0000000000000000
59.000000000000000,75.000000000000000,0.0000000000000000
60.000000000000000,75.000000000000000,0.0000000000000000
61.000000000000000,75.000000000000000,0.0000000000000000
62.000000000000000,75.000000000000000,0.0000000000000000
63.000000000000000,75.000000000000000,0.20000000298023224
64.000000000000000,75.000000000000000,0.20000000298023224
65.000000000000000,75.000000000000000,0.20000000298023224
66.000000000000000,75.000000000000000,0.30000001192092896
67.000000000000000,75.000000000000000,0.30000001192092896
68.000000000000000,75.000000000000000,0.30000001192092896
69.000000000000000,75.000000000000000,0.10000000149011612
70.000000000000000,75.000000000000000,0.10000000149011612
71.000000000000000,75.000000000000000,0.10000000149011612
72.000000000000000,75.000000000000000,0.0000000000000000
73.000000000000000,75.000000000000000,0.0000000000000000
74.000000000000000,75.000000000000000,0.0000000000000000
75.000000000000000,75.000000000000000,0.0000000000000000
76.000000000000000,75.000000000000000,0.0000000000000000
77.000000000000000,75.000000000000000,0.0000000000000000
78.000000000000000,75.000000000000000,0.0000000000000000
79.000000000000000,75.000000000000000,0.0000000000000000
80.000000000000000,75.000000000000000,0.0000000000000000
81.000000000000000,75.000000000000000,0.0000000000000000
82.000000000000000,75.000000000000000,0.0000000000000000
83.000000000000000,75.000000000000000,0.0000000000000000
84.000000000000000,75.000000000000000,0.0000000000000000
85.000000000000000,75.000000000000000,0.0000000000000000
86.000000000000000,75.000000000000000,0.0000000000000000
87.000000000000000,75.000000000000000,0.0000000000000000
88.000000000000000,75.000000000000000,0.0000000000000000
89.000000000000000,75.000000000000000,0.0000000000000000
90.000000000000000,75.000000000000000,0.0000000000000000
91.000000000000000,75.000000000000000,0.0000000000000000
92.000000000000000,75.000000000000000,0.0000000000000000
93.000000000000000,75.000000000000000,0.0000000000000000
94.000000000000000,75.000000000000000,0.0000000000000000
95.000000000000000,75.000000000000000,0.0000000000000000
96.000000000000000,75.000000000000000,0.0000000000000000
97.000000000000000,75.000000000000000,0.0000000000000000
98.000000000000000,75.000000000000000,0.0000000000000000
99.000000000000000,75.000000000000000,0.0000000000000000
100.00000000000000,75.000000000000000,0.0000000000000000
101.00000000000000,75.000000000000000,0.0000000000000000
102.00000000000000,75.000000000000000,0.0000000000000000
103.00000000000000,75.000000000000000,0.0000000000000000
104.00000000000000,75.000000000000000,0.0000000000000000
105.00000000000000,75.000000000000000,0.0000000000000000
106.00000000000000,75.000000000000000,0.0000000000000000
107.00000000000000,75.000000000000000,0.0000000000000000
108.00000000000000,75.000000000000000,0.0000000000000000
109.00000000000000,75.000000000000000,0.0000000000000000
110.00000000000000,75.000000000000000,0.0000000000000000
111.00000000000000,75.000000000000000,0.0000000000000000
112.00000000000000,75.000000000000000,0.0000000000000000
113.00000000000000,75.000000000000000,0.0000000000000000
1.0000000000000000,76.000000000000000,0.0000000000000000
2.0000000000000000,76.000000000000000,0.89999997615814209
3.0000000000000000,76.000000000000000,0.89999997615814209
4.0000000000000000,76.000000000000000,0.89999997615814209
5.0000000000000000,76.000000000000000,0.89999997615814209
6.0000000000000000,76.000000000000000,0.80000001192092896
7.0000000000000000,76.000000000000000,0.80000001192092896
8.0000000000000000,76.000000000000000,0.80000001192092896
9.0000000000000000,76.000000000000000,0.69999998807907104
10.000000000000000,76.000000000000000,0.69999998807907104
11.000000000000000,76.000000000000000,0.69999998807907104
12.000000000000000,76.000000000000000,0.69999998807907104
13.000000000000000,76.000000000000000,0.69999998807907104
14.000000000000000,76.000000000000000,0.69999998807907104
15.000000000000000,76.000000000000000,0.69999998807907104
16.000000000000000,76.000000000000000,0.69999998807907104
17.000000000000000,76.000000000000000,0.69999998807907104
18.000000000000000,76.000000000000000,0.69999998807907104
19.000000000000000,76.000000000000000,0.69999998807907104
20.000000000000000,76.000000000000000,0.69999998807907104
21.000000000000000,76.000000000000000,0.80000001192092896
22.000000000000000,76.000000000000000,0.80000001192092896
23.000000000000000,76.000000000000000,0.80000001192092896
24.000000000000000,76.000000000000000,0.80000001192092896
25.000000000000000,76.000000000000000,0.80000001192092896
26.000000000000000,76.000000000000000,0.80000001192092896
27.000000000000000,76.000000000000000,0.69999998807907104
28.000000000000000,76.000000000000000,0.69999998807907104
29.000000000000000,76.000000000000000,0.69999998807907104
30.000000000000000,76.000000000000000,0.60000002384185791
31.000000000000000,76.000000000000000,0.60000002384185791
32.000000000000000,76.000000000000000,0.60000002384185791
33.000000000000000,76.000000000000000,0.50000000000000000
34.000000000000000,76.000000000000000,0.50000000000000000
35.000000000000000,76.000000000000000,0.50000000000000000
36.000000000000000,76.000000000000000,0.40000000596046448
37.000000000000000,76.000000000000000,0.40000000596046448
38.000000000000000,76.000000000000000,0.40000000596046448
39.000000000000000,76.000000000000000,0.30000001192092896
40.000000000000000,76.000000000000000,0.30000001192092896
41.000000000000000,76.000000000000000,0.30000001192092896
42.000000000000000,76.000000000000000,0.20000000298023224
43.000000000000000,76.000000000000000,0.20000000298023224
44.000000000000000,76.000000000000000,0.20000000298023224
45.000000000000000,76.000000000000000,0.0000000000000000
46.000000000000000,76.000000000000000,0.0000000000000000
47.000000000000000,76.000000000000000,0.0000000000000000
48.000000000000000,76.000000000000000,0.0000000000000000
49.000000000000000,76.000000000000000,0.0000000000000000
50.000000000000000,76.000000000000000,0.0000000000000000
51.000000000000000,76.000000000000000,0.0000000000000000
52.000000000000000,76.000000000000000,0.0000000000000000
53.000000000000000,76.000000000000000,0.0000000000000000
54.000000000000000,76.000000000000000,0.0000000000000000
55.000000000000000,76.000000000000000,0.0000000000000000
56.000000000000000,76.000000000000000,0.0000000000000000
57.000000000000000,76.000000000000000,0.0000000000000000
58.000000000000000,76.000000000000000,0.0000000000000000
59.000000000000000,76.000000000000000,0.0000000000000000
60.000000000000000,76.000000000000000,0.0000000000000000
61.000000000000000,76.000000000000000,0.0000000000000000
62.000000000000000,76.000000000000000,0.0000000000000000
63.000000000000000,76.000000000000000,0.20000000298023224
64.000000000000000,76.000000000000000,0.20000000298023224
65.000000000000000,76.000000000000000,0.20000000298023224
66.000000000000000,76.000000000000000,0.30000001192092896
67.000000000000000,76.000000000000000,0.30000001192092896
68.000000000000000,76.000000000000000,0.30000001192092896
69.000000000000000,76.000000000000000,0.10000000149011612
70.000000000000000,76.000000000000000,0.10000000149011612
71.000000000000000,76.000000000000000,0.10000000149011612
72.000000000000000,76.000000000000000,0.0000000000000000
73.000000000000000,76.000000000000000,0.0000000000000000
74.000000000000000,76.000000000000000,0.0000000000000000
75.000000000000000,76.000000000000000,0.0000000000000000
76.000000000000000,76.000000000000000,0.0000000000000000
77.000000000000000,76.000000000000000,0.0000000000000000
78.000000000000000,76.000000000000000,0.0000000000000000
79.000000000000000,76.000000000000000,0.0000000000000000
80.000000000000000,76.000000000000000,0.0000000000000000
81.000000000000000,76.000000000000000,0.0000000000000000
82.000000000000000,76.000000000000000,0.0000000000000000
83.000000000000000,76.000000000000000,0.0000000000000000
84.000000000000000,76.000000000000000,0.0000000000000000
85.000000000000000,76.000000000000000,0.0000000000000000
86.000000000000000,76.000000000000000,0.0000000000000000
87.000000000000000,76.000000000000000,0.0000000000000000
88.000000000000000,76.000000000000000,0.0000000000000000
89.000000000000000,76.000000000000000,0.0000000000000000
90.000000000000000,76.000000000000000,0.0000000000000000
91.000000000000000,76.000000000000000,0.0000000000000000
92.000000000000000,76.000000000000000,0.0000000000000000
93.000000000000000,76.000000000000000,0.0000000000000000
94.000000000000000,76.000000000000000,0.0000000000000000
95.000000000000000,76.000000000000000,0.0000000000000000
96.000000000000000,76.000000000000000,0.0000000000000000
97.000000000000000,76.000000000000000,0.0000000000000000
98.000000000000000,76.000000000000000,0.0000000000000000
99.000000000000000,76.000000000000000,0.0000000000000000
100.00000000000000,76.000000000000000,0.0000000000000000
101.00000000000000,76.000000000000000,0.0000000000000000
102.00000000000000,76.000000000000000,0.0000000000000000
103.00000000000000,76.000000000000000,0.0000000000000000
104.00000000000000,76.000000000000000,0.0000000000000000
105.00000000000000,76.000000000000000,0.0000000000000000
106.00000000000000,76.000000000000000,0.0000000000000000
107.00000000000000,76.000000000000000,0.0000000000000000
108.00000000000000,76.000000000000000,0.0000000000000000
109.00000000000000,76.000000000000000,0.0000000000000000
110.00000000000000,76.000000000000000,0.0000000000000000
111.00000000000000,76.000000000000000,0.0000000000000000
112.00000000000000,76.000000000000000,0.0000000000000000
113.00000000000000,76.000000000000000,0.0000000000000000
1.0000000000000000,77.000000000000000,0.0000000000000000
2.0000000000000000,77.000000000000000,0.69999998807907104
3.0000000000000000,77.000000000000000,0.69999998807907104
4.0000000000000000,77.000000000000000,0.69999998807907104
5.0000000000000000,77.000000000000000,0.69999998807907104
6.0000000000000000,77.000000000000000,0.60000002384185791
7.0000000000000000,77.000000000000000,0.60000002384185791
8.0000000000000000,77.000000000000000,0.60000002384185791
9.0000000000000000,77.000000000000000,0.60000002384185791
10.000000000000000,77.000000000000000,0.60000002384185791
11.000000000000000,77.000000000000000,0.60000002384185791
12.000000000000000,77.000000000000000,0.50000000000000000
13.000000000000000,77.000000000000000,0.50000000000000000
14.000000000000000,77.000000000000000,0.50000000000000000
15.000000000000000,77.000000000000000,0.50000000000000000
16.000000000000000,77.000000000000000,0.50000000000000000
17.000000000000000,77.000000000000000,0.50000000000000000
18.000000000000000,77.000000000000000,0.60000002384185791
19.000000000000000,77.000000000000000,0.60000002384185791
20.000000000000000,77.000000000000000,0.60000002384185791
21.000000000000000,77.000000000000000,0.80000001192092896
22.000000000000000,77.000000000000000,0.80000001192092896
23.000000000000000,77.000000000000000,0.80000001192092896
24.000000000000000,77.000000000000000,0.80000001192092896
25.000000000000000,77.000000000000000,0.80000001192092896
26.000000000000000,77.000000000000000,0.80000001192092896
27.000000000000000,77.000000000000000,0.80000001192092896
28.000000000000000,77.000000000000000,0.80000001192092896
29.000000000000000,77.000000000000000,0.80000001192092896
30.000000000000000,77.000000000000000,0.60000002384185791
31.000000000000000,77.000000000000000,0.60000002384185791
32.000000000000000,77.000000000000000,0.60000002384185791
33.000000000000000,77.000000000000000,0.50000000000000000
34.000000000000000,77.000000000000000,0.50000000000000000
35.000000000000000,77.000000000000000,0.50000000000000000
36.000000000000000,77.000000000000000,0.40000000596046448
37.000000000000000,77.000000000000000,0.40000000596046448
38.000000000000000,77.000000000000000,0.40000000596046448
39.000000000000000,77.000000000000000,0.30000001192092896
40.000000000000000,77.000000000000000,0.30000001192092896
41.000000000000000,77.000000000000000,0.30000001192092896
42.000000000000000,77.000000000000000,0.10000000149011612
43.000000000000000,77.000000000000000,0.10000000149011612
44.000000000000000,77.000000000000000,0.10000000149011612
45.000000000000000,77.000000000000000,0.0000000000000000
46.000000000000000,77.000000000000000,0.0000000000000000
47.000000000000000,77.000000000000000,0.0000000000000000
48.000000000000000,77.000000000000000,0.0000000000000000
49.000000000000000,77.000000000000000,0.0000000000000000
50.000000000000000,77.000000000000000,0.0000000000000000
51.000000000000000,77.000000000000000,0.0000000000000000
52.000000000000000,77.000000000000000,0.0000000000000000
53.000000000000000,77.000000000000000,0.0000000000000000
54.000000000000000,77.000000000000000,0.0000000000000000
55.000000000000000,77.000000000000000,0.0000000000000000
56.000000000000000,77.000000000000000,0.0000000000000000
57.000000000000000,77.000000000000000,0.0000000000000000
58.000000000000000,77.000000000000000,0.0000000000000000
59.000000000000000,77.000000000000000,0.0000000000000000
60.000000000000000,77.000000000000000,0.0000000000000000
61.000000000000000,77.000000000000000,0.0000000000000000
62.000000000000000,77.000000000000000,0.0000000000000000
63.000000000000000,77.000000000000000,0.0000000000000000
64.000000000000000,77.000000000000000,0.0000000000000000
65.000000000000000,77.000000000000000,0.0000000000000000
66.000000000000000,77.000000000000000,0.20000000298023224
67.000000000000000,77.000000000000000,0.20000000298023224
68.000000000000000,77.000000000000000,0.20000000298023224
69.000000000000000,77.000000000000000,0.0000000000000000
70.000000000000000,77.000000000000000,0.0000000000000000
71.000000000000000,77.000000000000000,0.0000000000000000
72.000000000000000,77.000000000000000,0.0000000000000000
73.000000000000000,77.000000000000000,0.0000000000000000
74.000000000000000,77.000000000000000,0.0000000000000000
75.000000000000000,77.000000000000000,0.0000000000000000
76.000000000000000,77.000000000000000,0.0000000000000000
77.000000000000000,77.000000000000000,0.0000000000000000
78.000000000000000,77.000000000000000,0.0000000000000000
79.000000000000000,77.000000000000000,0.0000000000000000
80.000000000000000,77.000000000000000,0.0000000000000000
81.000000000000000,77.000000000000000,0.0000000000000000
82.000000000000000,77.000000000000000,0.0000000000000000
83.000000000000000,77.000000000000000,0.0000000000000000
84.000000000000000,77.000000000000000,0.0000000000000000
85.000000000000000,77.000000000000000,0.0000000000000000
86.000000000000000,77.000000000000000,0.0000000000000000
87.000000000000000,77.000000000000000,0.0000000000000000
88.000000000000000,77.000000000000000,0.0000000000000000
89.000000000000000,77.000000000000000,0.0000000000000000
90.000000000000000,77.000000000000000,0.0000000000000000
91.000000000000000,77.000000000000000,0.0000000000000000
92.000000000000000,77.000000000000000,0.0000000000000000
93.000000000000000,77.000000000000000,0.0000000000000000
94.000000000000000,77.000000000000000,0.0000000000000000
95.000000000000000,77.000000000000000,0.0000000000000000
96.000000000000000,77.000000000000000,0.0000000000000000
97.000000000000000,77.000000000000000,0.0000000000000000
98.000000000000000,77.000000000000000,0.0000000000000000
99.000000000000000,77.000000000000000,0.0000000000000000
100.00000000000000,77.000000000000000,0.0000000000000000
101.00000000000000,77.000000000000000,0.0000000000000000
102.00000000000000,77.000000000000000,0.0000000000000000
103.00000000000000,77.000000000000000,0.0000000000000000
104.00000000000000,77.000000000000000,0.0000000000000000
105.00000000000000,77.000000000000000,0.0000000000000000
106.00000000000000,77.000000000000000,0.0000000000000000
107.00000000000000,77.000000000000000,0.0000000000000000
108.00000000000000,77.000000000000000,0.0000000000000000
109.00000000000000,77.000000000000000,0.0000000000000000
110.00000000000000,77.000000000000000,0.0000000000000000
111.00000000000000,77.000000000000000,0.0000000000000000
112.00000000000000,77.000000000000000,0.0000000000000000
113.00000000000000,77.000000000000000,0.0000000000000000
1.0000000000000000,78.000000000000000,0.0000000000000000
2.0000000000000000,78.000000000000000,0.69999998807907104
3.0000000000000000,78.000000000000000,0.69999998807907104
4.0000000000000000,78.000000000000000,0.69999998807907104
5.0000000000000000,78.000000000000000,0.69999998807907104
6.0000000000000000,78.000000000000000,0.60000002384185791
7.0000000000000000,78.000000000000000,0.60000002384185791
8.0000000000000000,78.000000000000000,0.60000002384185791
9.0000000000000000,78.000000000000000,0.60000002384185791
10.000000000000000,78.000000000000000,0.60000002384185791
11.000000000000000,78.000000000000000,0.60000002384185791
12.000000000000000,78.000000000000000,0.50000000000000000
13.000000000000000,78.000000000000000,0.50000000000000000
14.000000000000000,78.000000000000000,0.50000000000000000
15.000000000000000,78.000000000000000,0.50000000000000000
16.000000000000000,78.000000000000000,0.50000000000000000
17.000000000000000,78.000000000000000,0.50000000000000000
18.000000000000000,78.000000000000000,0.60000002384185791
19.000000000000000,78.000000000000000,0.60000002384185791
20.000000000000000,78.000000000000000,0.60000002384185791
21.000000000000000,78.000000000000000,0.80000001192092896
22.000000000000000,78.000000000000000,0.80000001192092896
23.000000000000000,78.000000000000000,0.80000001192092896
24.000000000000000,78.000000000000000,0.80000001192092896
25.000000000000000,78.000000000000000,0.80000001192092896
26.000000000000000,78.000000000000000,0.80000001192092896
27.000000000000000,78.000000000000000,0.80000001192092896
28.000000000000000,78.000000000000000,0.80000001192092896
29.000000000000000,78.000000000000000,0.80000001192092896
30.000000000000000,78.000000000000000,0.60000002384185791
31.000000000000000,78.000000000000000,0.60000002384185791
32.000000000000000,78.000000000000000,0.60000002384185791
33.000000000000000,78.000000000000000,0.50000000000000000
34.000000000000000,78.000000000000000,0.50000000000000000
35.000000000000000,78.000000000000000,0.50000000000000000
36.000000000000000,78.000000000000000,0.40000000596046448
37.000000000000000,78.000000000000000,0.40000000596046448
38.000000000000000,78.000000000000000,0.40000000596046448
39.000000000000000,78.000000000000000,0.30000001192092896
40.000000000000000,78.000000000000000,0.30000001192092896
41.000000000000000,78.000000000000000,0.30000001192092896
42.000000000000000,78.000000000000000,0.10000000149011612
43.000000000000000,78.000000000000000,0.10000000149011612
44.000000000000000,78.000000000000000,0.10000000149011612
45.000000000000000,78.000000000000000,0.0000000000000000
46.000000000000000,78.000000000000000,0.0000000000000000
47.000000000000000,78.000000000000000,0.0000000000000000
48.000000000000000,78.000000000000000,0.0000000000000000
49.000000000000000,78.000000000000000,0.0000000000000000
50.000000000000000,78.000000000000000,0.0000000000000000
51.000000000000000,78.000000000000000,0.0000000000000000
52.000000000000000,78.000000000000000,0.0000000000000000
53.000000000000000,78.000000000000000,0.0000000000000000
54.000000000000000,78.000000000000000,0.0000000000000000
55.000000000000000,78.000000000000000,0.0000000000000000
56.000000000000000,78.000000000000000,0.0000000000000000
57.000000000000000,78.000000000000000,0.0000000000000000
58.000000000000000,78.000000000000000,0.0000000000000000
59.000000000000000,78.000000000000000,0.0000000000000000
60.000000000000000,78.000000000000000,0.0000000000000000
61.000000000000000,78.000000000000000,0.0000000000000000
62.000000000000000,78.000000000000000,0.0000000000000000
63.000000000000000,78.000000000000000,0.0000000000000000
64.000000000000000,78.000000000000000,0.0000000000000000
65.000000000000000,78.000000000000000,0.0000000000000000
66.000000000000000,78.000000000000000,0.20000000298023224
67.000000000000000,78.000000000000000,0.20000000298023224
68.000000000000000,78.000000000000000,0.20000000298023224
69.000000000000000,78.000000000000000,0.0000000000000000
70.000000000000000,78.000000000000000,0.0000000000000000
71.000000000000000,78.000000000000000,0.0000000000000000
72.000000000000000,78.000000000000000,0.0000000000000000
73.000000000000000,78.000000000000000,0.0000000000000000
74.000000000000000,78.000000000000000,0.0000000000000000
75.000000000000000,78.000000000000000,0.0000000000000000
76.000000000000000,78.000000000000000,0.0000000000000000
77.000000000000000,78.000000000000000,0.0000000000000000
78.000000000000000,78.000000000000000,0.0000000000000000
79.000000000000000,78.000000000000000,0.0000000000000000
80.000000000000000,78.000000000000000,0.0000000000000000
81.000000000000000,78.000000000000000,0.0000000000000000
82.000000000000000,78.000000000000000,0.0000000000000000
83.000000000000000,78.000000000000000,0.0000000000000000
84.000000000000000,78.000000000000000,0.0000000000000000
85.000000000000000,78.000000000000000,0.0000000000000000
86.000000000000000,78.000000000000000,0.0000000000000000
87.000000000000000,78.000000000000000,0.0000000000000000
88.000000000000000,78.000000000000000,0.0000000000000000
89.000000000000000,78.000000000000000,0.0000000000000000
90.000000000000000,78.000000000000000,0.0000000000000000
91.000000000000000,78.000000000000000,0.0000000000000000
92.000000000000000,78.000000000000000,0.0000000000000000
93.000000000000000,78.000000000000000,0.0000000000000000
94.000000000000000,78.000000000000000,0.0000000000000000
95.000000000000000,78.000000000000000,0.0000000000000000
96.000000000000000,78.000000000000000,0.0000000000000000
97.000000000000000,78.000000000000000,0.0000000000000000
98.000000000000000,78.000000000000000,0.0000000000000000
99.000000000000000,78.000000000000000,0.0000000000000000
100.00000000000000,78.000000000000000,0.0000000000000000
101.00000000000000,78.000000000000000,0.0000000000000000
102.00000000000000,78.000000000000000,0.0000000000000000
103.00000000000000,78.000000000000000,0.0000000000000000
104.00000000000000,78.000000000000000,0.0000000000000000
105.00000000000000,78.000000000000000,0.0000000000000000
106.00000000000000,78.000000000000000,0.0000000000000000
107.00000000000000,78.000000000000000,0.0000000000000000
108.00000000000000,78.000000000000000,0.0000000000000000
109.00000000000000,78.000000000000000,0.0000000000000000
110.00000000000000,78.000000000000000,0.0000000000000000
111.00000000000000,78.000000000000000,0.0000000000000000
112.00000000000000,78.000000000000000,0.0000000000000000
113.00000000000000,78.000000000000000,0.0000000000000000
1.0000000000000000,79.000000000000000,0.0000000000000000
2.0000000000000000,79.000000000000000,0.69999998807907104
3.0000000000000000,79.000000000000000,0.69999998807907104
4.0000000000000000,79.000000000000000,0.69999998807907104
5.0000000000000000,79.000000000000000,0.69999998807907104
6.0000000000000000,79.000000000000000,0.60000002384185791
7.0000000000000000,79.000000000000000,0.60000002384185791
8.0000000000000000,79.000000000000000,0.60000002384185791
9.0000000000000000,79.000000000000000,0.60000002384185791
10.000000000000000,79.000000000000000,0.60000002384185791
11.000000000000000,79.000000000000000,0.60000002384185791
12.000000000000000,79.000000000000000,0.50000000000000000
13.000000000000000,79.000000000000000,0.50000000000000000
14.000000000000000,79.000000000000000,0.50000000000000000
15.000000000000000,79.000000000000000,0.50000000000000000
16.000000000000000,79.000000000000000,0.50000000000000000
17.000000000000000,79.000000000000000,0.50000000000000000
18.000000000000000,79.000000000000000,0.60000002384185791
19.000000000000000,79.000000000000000,0.60000002384185791
20.000000000000000,79.000000000000000,0.60000002384185791
21.000000000000000,79.000000000000000,0.80000001192092896
22.000000000000000,79.000000000000000,0.80000001192092896
23.000000000000000,79.000000000000000,0.80000001192092896
24.000000000000000,79.000000000000000,0.80000001192092896
25.000000000000000,79.000000000000000,0.80000001192092896
26.000000000000000,79.000000000000000,0.80000001192092896
27.000000000000000,79.000000000000000,0.80000001192092896
28.000000000000000,79.000000000000000,0.80000001192092896
29.000000000000000,79.000000000000000,0.80000001192092896
30.000000000000000,79.000000000000000,0.60000002384185791
31.000000000000000,79.000000000000000,0.60000002384185791
32.000000000000000,79.000000000000000,0.60000002384185791
33.000000000000000,79.000000000000000,0.50000000000000000
34.000000000000000,79.000000000000000,0.50000000000000000
35.000000000000000,79.000000000000000,0.50000000000000000
36.000000000000000,79.000000000000000,0.40000000596046448
37.000000000000000,79.000000000000000,0.40000000596046448
38.000000000000000,79.000000000000000,0.40000000596046448
39.000000000000000,79.000000000000000,0.30000001192092896
40.000000000000000,79.000000000000000,0.30000001192092896
41.000000000000000,79.000000000000000,0.30000001192092896
42.000000000000000,79.000000000000000,0.10000000149011612
43.000000000000000,79.000000000000000,0.10000000149011612
44.000000000000000,79.000000000000000,0.10000000149011612
45.000000000000000,79.000000000000000,0.0000000000000000
46.000000000000000,79.000000000000000,0.0000000000000000
47.000000000000000,79.000000000000000,0.0000000000000000
48.000000000000000,79.000000000000000,0.0000000000000000
49.000000000000000,79.000000000000000,0.0000000000000000
50.000000000000000,79.000000000000000,0.0000000000000000
51.000000000000000,79.000000000000000,0.0000000000000000
52.000000000000000,79.000000000000000,0.0000000000000000
53.000000000000000,79.000000000000000,0.0000000000000000
54.000000000000000,79.000000000000000,0.0000000000000000
55.000000000000000,79.000000000000000,0.0000000000000000
56.000000000000000,79.000000000000000,0.0000000000000000
57.000000000000000,79.000000000000000,0.0000000000000000
58.000000000000000,79.000000000000000,0.0000000000000000
59.000000000000000,79.000000000000000,0.0000000000000000
60.000000000000000,79.000000000000000,0.0000000000000000
61.000000000000000,79.000000000000000,0.0000000000000000
62.000000000000000,79.000000000000000,0.0000000000000000
63.000000000000000,79.000000000000000,0.0000000000000000
64.000000000000000,79.000000000000000,0.0000000000000000
65.000000000000000,79.000000000000000,0.0000000000000000
66.000000000000000,79.000000000000000,0.20000000298023224
67.000000000000000,79.000000000000000,0.20000000298023224
68.000000000000000,79.000000000000000,0.20000000298023224
69.000000000000000,79.000000000000000,0.0000000000000000
70.000000000000000,79.000000000000000,0.0000000000000000
71.000000000000000,79.000000000000000,0.0000000000000000
72.000000000000000,79.000000000000000,0.0000000000000000
73.000000000000000,79.000000000000000,0.0000000000000000
74.000000000000000,79.000000000000000,0.0000000000000000
75.000000000000000,79.000000000000000,0.0000000000000000
76.000000000000000,79.000000000000000,0.0000000000000000
77.000000000000000,79.000000000000000,0.0000000000000000
78.000000000000000,79.000000000000000,0.0000000000000000
79.000000000000000,79.000000000000000,0.0000000000000000
80.000000000000000,79.000000000000000,0.0000000000000000
81.000000000000000,79.000000000000000,0.0000000000000000
82.000000000000000,79.000000000000000,0.0000000000000000
83.000000000000000,79.000000000000000,0.0000000000000000
84.000000000000000,79.000000000000000,0.0000000000000000
85.000000000000000,79.000000000000000,0.0000000000000000
86.000000000000000,79.000000000000000,0.0000000000000000
87.000000000000000,79.000000000000000,0.0000000000000000
88.000000000000000,79.000000000000000,0.0000000000000000
89.000000000000000,79.000000000000000,0.0000000000000000
90.000000000000000,79.000000000000000,0.0000000000000000
91.000000000000000,79.000000000000000,0.0000000000000000
92.000000000000000,79.000000000000000,0.0000000000000000
93.000000000000000,79.000000000000000,0.0000000000000000
94.000000000000000,79.000000000000000,0.0000000000000000
95.000000000000000,79.000000000000000,0.0000000000000000
96.000000000000000,79.000000000000000,0.0000000000000000
97.000000000000000,79.000000000000000,0.0000000000000000
98.000000000000000,79.000000000000000,0.0000000000000000
99.000000000000000,79.000000000000000,0.0000000000000000
100.00000000000000,79.000000000000000,0.0000000000000000
101.00000000000000,79.000000000000000,0.0000000000000000
102.00000000000000,79.000000000000000,0.0000000000000000
103.00000000000000,79.000000000000000,0.0000000000000000
104.00000000000000,79.000000000000000,0.0000000000000000
105.00000000000000,79.000000000000000,0.0000000000000000
106.00000000000000,79.000000000000000,0.0000000000000000
107.00000000000000,79.000000000000000,0.0000000000000000
108.00000000000000,79.000000000000000,0.0000000000000000
109.00000000000000,79.000000000000000,0.0000000000000000
110.00000000000000,79.000000000000000,0.0000000000000000
111.00000000000000,79.000000000000000,0.0000000000000000
112.00000000000000,79.000000000000000,0.0000000000000000
113.00000000000000,79.000000000000000,0.0000000000000000
1.0000000000000000,80.000000000000000,0.0000000000000000
2.0000000000000000,80.000000000000000,0.50000000000000000
3.0000000000000000,80.000000000000000,0.50000000000000000
4.0000000000000000,80.000000000000000,0.50000000000000000
5.0000000000000000,80.000000000000000,0.50000000000000000
6.0000000000000000,80.000000000000000,0.40000000596046448
7.0000000000000000,80.000000000000000,0.40000000596046448
8.0000000000000000,80.000000000000000,0.40000000596046448
9.0000000000000000,80.000000000000000,0.40000000596046448
10.000000000000000,80.000000000000000,0.40000000596046448
11.000000000000000,80.000000000000000,0.40000000596046448
12.000000000000000,80.000000000000000,0.30000001192092896
13.000000000000000,80.000000000000000,0.30000001192092896
14.000000000000000,80.000000000000000,0.30000001192092896
15.000000000000000,80.000000000000000,0.20000000298023224
16.000000000000000,80.000000000000000,0.20000000298023224
17.000000000000000,80.000000000000000,0.20000000298023224
18.000000000000000,80.000000000000000,0.50000000000000000
19.000000000000000,80.000000000000000,0.50000000000000000
20.000000000000000,80.000000000000000,0.50000000000000000
21.000000000000000,80.000000000000000,0.80000001192092896
22.000000000000000,80.000000000000000,0.80000001192092896
23.000000000000000,80.000000000000000,0.80000001192092896
24.000000000000000,80.000000000000000,0.89999997615814209
25.000000000000000,80.000000000000000,0.89999997615814209
26.000000000000000,80.000000000000000,0.89999997615814209
27.000000000000000,80.000000000000000,0.80000001192092896
28.000000000000000,80.000000000000000,0.80000001192092896
29.000000000000000,80.000000000000000,0.80000001192092896
30.000000000000000,80.000000000000000,0.60000002384185791
31.000000000000000,80.000000000000000,0.60000002384185791
32.000000000000000,80.000000000000000,0.60000002384185791
33.000000000000000,80.000000000000000,0.50000000000000000
34.000000000000000,80.000000000000000,0.50000000000000000
35.000000000000000,80.000000000000000,0.50000000000000000
36.000000000000000,80.000000000000000,0.40000000596046448
37.000000000000000,80.000000000000000,0.40000000596046448
38.000000000000000,80.000000000000000,0.40000000596046448
39.000000000000000,80.000000000000000,0.30000001192092896
40.000000000000000,80.000000000000000,0.30000001192092896
41.000000000000000,80.000000000000000,0.30000001192092896
42.000000000000000,80.000000000000000,0.10000000149011612
43.000000000000000,80.000000000000000,0.10000000149011612
44.000000000000000,80.000000000000000,0.10000000149011612
45.000000000000000,80.000000000000000,0.0000000000000000
46.000000000000000,80.000000000000000,0.0000000000000000
47.000000000000000,80.000000000000000,0.0000000000000000
48.000000000000000,80.000000000000000,0.0000000000000000
49.000000000000000,80.000000000000000,0.0000000000000000
50.000000000000000,80.000000000000000,0.0000000000000000
51.000000000000000,80.000000000000000,0.0000000000000000
52.000000000000000,80.000000000000000,0.0000000000000000
53.000000000000000,80.000000000000000,0.0000000000000000
54.000000000000000,80.000000000000000,0.0000000000000000
55.000000000000000,80.000000000000000,0.0000000000000000
56.000000000000000,80.000000000000000,0.0000000000000000
57.000000000000000,80.000000000000000,0.0000000000000000
58.000000000000000,80.000000000000000,0.0000000000000000
59.000000000000000,80.000000000000000,0.0000000000000000
60.000000000000000,80.000000000000000,0.0000000000000000
61.000000000000000,80.000000000000000,0.0000000000000000
62.000000000000000,80.000000000000000,0.0000000000000000
63.000000000000000,80.000000000000000,0.0000000000000000
64.000000000000000,80.000000000000000,0.0000000000000000
65.000000000000000,80.000000000000000,0.0000000000000000
66.000000000000000,80.000000000000000,0.0000000000000000
67.000000000000000,80.000000000000000,0.0000000000000000
68.000000000000000,80.000000000000000,0.0000000000000000
69.000000000000000,80.000000000000000,0.0000000000000000
70.000000000000000,80.000000000000000,0.0000000000000000
71.000000000000000,80.000000000000000,0.0000000000000000
72.000000000000000,80.000000000000000,0.0000000000000000
73.000000000000000,80.000000000000000,0.0000000000000000
74.000000000000000,80.000000000000000,0.0000000000000000
75.000000000000000,80.000000000000000,0.0000000000000000
76.000000000000000,80.000000000000000,0.0000000000000000
77.000000000000000,80.000000000000000,0.0000000000000000
78.000000000000000,80.000000000000000,0.0000000000000000
79.000000000000000,80.000000000000000,0.0000000000000000
80.000000000000000,80.000000000000000,0.0000000000000000
81.000000000000000,80.000000000000000,0.0000000000000000
82.000000000000000,80.000000000000000,0.0000000000000000
83.000000000000000,80.000000000000000,0.0000000000000000
84.000000000000000,80.000000000000000,0.0000000000000000
85.000000000000000,80.000000000000000,0.0000000000000000
86.000000000000000,80.000000000000000,0.0000000000000000
87.000000000000000,80.000000000000000,0.0000000000000000
88.000000000000000,80.000000000000000,0.0000000000000000
89.000000000000000,80.000000000000000,0.0000000000000000
90.000000000000000,80.000000000000000,0.0000000000000000
91.000000000000000,80.000000000000000,0.0000000000000000
92.000000000000000,80.000000000000000,0.0000000000000000
93.000000000000000,80.000000000000000,0.0000000000000000
94.000000000000000,80.000000000000000,0.0000000000000000
95.000000000000000,80.000000000000000,0.0000000000000000
96.000000000000000,80.000000000000000,0.0000000000000000
97.000000000000000,80.000000000000000,0.0000000000000000
98.000000000000000,80.000000000000000,0.0000000000000000
99.000000000000000,80.000000000000000,0.0000000000000000
100.00000000000000,80.000000000000000,0.0000000000000000
101.00000000000000,80.000000000000000,0.0000000000000000
102.00000000000000,80.000000000000000,0.0000000000000000
103.00000000000000,80.000000000000000,0.0000000000000000
104.00000000000000,80.000000000000000,0.0000000000000000
105.00000000000000,80.000000000000000,0.0000000000000000
106.00000000000000,80.000000000000000,0.0000000000000000
107.00000000000000,80.000000000000000,0.0000000000000000
108.00000000000000,80.000000000000000,0.0000000000000000
109.00000000000000,80.000000000000000,0.0000000000000000
110.00000000000000,80.000000000000000,0.0000000000000000
111.00000000000000,80.000000000000000,0.0000000000000000
112.00000000000000,80.000000000000000,0.0000000000000000
113.00000000000000,80.000000000000000,0.0000000000000000
1.0000000000000000,81.000000000000000,0.0000000000000000
2.0000000000000000,81.000000000000000,0.50000000000000000
3.0000000000000000,81.000000000000000,0.50000000000000000
4.0000000000000000,81.000000000000000,0.50000000000000000
5.0000000000000000,81.000000000000000,0.50000000000000000
6.0000000000000000,81.000000000000000,0.40000000596046448
7.0000000000000000,81.000000000000000,0.40000000596046448
8.0000000000000000,81.000000000000000,0.40000000596046448
9.0000000000000000,81.000000000000000,0.40000000596046448
10.000000000000000,81.000000000000000,0.40000000596046448
11.000000000000000,81.000000000000000,0.40000000596046448
12.000000000000000,81.000000000000000,0.30000001192092896
13.000000000000000,81.000000000000000,0.30000001192092896
14.000000000000000,81.000000000000000,0.30000001192092896
15.000000000000000,81.000000000000000,0.20000000298023224
16.000000000000000,81.000000000000000,0.20000000298023224
17.000000000000000,81.000000000000000,0.20000000298023224
18.000000000000000,81.000000000000000,0.50000000000000000
19.000000000000000,81.000000000000000,0.50000000000000000
20.000000000000000,81.000000000000000,0.50000000000000000
21.000000000000000,81.000000000000000,0.80000001192092896
22.000000000000000,81.000000000000000,0.80000001192092896
23.000000000000000,81.000000000000000,0.80000001192092896
24.000000000000000,81.000000000000000,0.89999997615814209
25.000000000000000,81.000000000000000,0.89999997615814209
26.000000000000000,81.000000000000000,0.89999997615814209
27.000000000000000,81.000000000000000,0.80000001192092896
28.000000000000000,81.000000000000000,0.80000001192092896
29.000000000000000,81.000000000000000,0.80000001192092896
30.000000000000000,81.000000000000000,0.60000002384185791
31.000000000000000,81.000000000000000,0.60000002384185791
32.000000000000000,81.000000000000000,0.60000002384185791
33.000000000000000,81.000000000000000,0.50000000000000000
34.000000000000000,81.000000000000000,0.50000000000000000
35.000000000000000,81.000000000000000,0.50000000000000000
36.000000000000000,81.000000000000000,0.40000000596046448
37.000000000000000,81.000000000000000,0.40000000596046448
38.000000000000000,81.000000000000000,0.40000000596046448
39.000000000000000,81.000000000000000,0.30000001192092896
40.000000000000000,81.000000000000000,0.30000001192092896
41.000000000000000,81.000000000000000,0.30000001192092896
42.000000000000000,81.000000000000000,0.10000000149011612
43.000000000000000,81.000000000000000,0.10000000149011612
44.000000000000000,81.000000000000000,0.10000000149011612
45.000000000000000,81.000000000000000,0.0000000000000000
46.000000000000000,81.000000000000000,0.0000000000000000
47.000000000000000,81.000000000000000,0.0000000000000000
48.000000000000000,81.000000000000000,0.0000000000000000
49.000000000000000,81.000000000000000,0.0000000000000000
50.000000000000000,81.000000000000000,0.0000000000000000
51.000000000000000,81.000000000000000,0.0000000000000000
52.000000000000000,81.000000000000000,0.0000000000000000
53.000000000000000,81.000000000000000,0.0000000000000000
54.000000000000000,81.000000000000000,0.0000000000000000
55.000000000000000,81.000000000000000,0.0000000000000000
56.000000000000000,81.000000000000000,0.0000000000000000
57.000000000000000,81.000000000000000,0.0000000000000000
58.000000000000000,81.000000000000000,0.0000000000000000
59.000000000000000,81.000000000000000,0.0000000000000000
60.000000000000000,81.000000000000000,0.0000000000000000
61.000000000000000,81.000000000000000,0.0000000000000000
62.000000000000000,81.000000000000000,0.0000000000000000
63.000000000000000,81.000000000000000,0.0000000000000000
64.000000000000000,81.000000000000000,0.0000000000000000
65.000000000000000,81.000000000000000,0.0000000000000000
66.000000000000000,81.000000000000000,0.0000000000000000
67.000000000000000,81.000000000000000,0.0000000000000000
68.000000000000000,81.000000000000000,0.0000000000000000
69.000000000000000,81.000000000000000,0.0000000000000000
70.000000000000000,81.000000000000000,0.0000000000000000
71.000000000000000,81.000000000000000,0.0000000000000000
72.000000000000000,81.000000000000000,0.0000000000000000
73.000000000000000,81.000000000000000,0.0000000000000000
74.000000000000000,81.000000000000000,0.0000000000000000
75.000000000000000,81.000000000000000,0.0000000000000000
76.000000000000000,81.000000000000000,0.0000000000000000
77.000000000000000,81.000000000000000,0.0000000000000000
78.000000000000000,81.000000000000000,0.0000000000000000
79.000000000000000,81.000000000000000,0.0000000000000000
80.000000000000000,81.000000000000000,0.0000000000000000
81.000000000000000,81.000000000000000,0.0000000000000000
82.000000000000000,81.000000000000000,0.0000000000000000
83.000000000000000,81.000000000000000,0.0000000000000000
84.000000000000000,81.000000000000000,0.0000000000000000
85.000000000000000,81.000000000000000,0.0000000000000000
86.000000000000000,81.000000000000000,0.0000000000000000
87.000000000000000,81.000000000000000,0.0000000000000000
88.000000000000000,81.000000000000000,0.0000000000000000
89.000000000000000,81.000000000000000,0.0000000000000000
90.000000000000000,81.000000000000000,0.0000000000000000
91.000000000000000,81.000000000000000,0.0000000000000000
92.000000000000000,81.000000000000000,0.0000000000000000
93.000000000000000,81.000000000000000,0.0000000000000000
94.000000000000000,81.000000000000000,0.0000000000000000
95.000000000000000,81.000000000000000,0.0000000000000000
96.000000000000000,81.000000000000000,0.0000000000000000
97.000000000000000,81.000000000000000,0.0000000000000000
98.000000000000000,81.000000000000000,0.0000000000000000
99.000000000000000,81.000000000000000,0.0000000000000000
100.00000000000000,81.000000000000000,0.0000000000000000
101.00000000000000,81.000000000000000,0.0000000000000000
102.00000000000000,81.000000000000000,0.0000000000000000
103.00000000000000,81.000000000000000,0.0000000000000000
104.00000000000000,81.000000000000000,0.0000000000000000
105.00000000000000,81.000000000000000,0.0000000000000000
106.00000000000000,81.000000000000000,0.0000000000000000
107.00000000000000,81.000000000000000,0.0000000000000000
108.00000000000000,81.000000000000000,0.0000000000000000
109.00000000000000,81.000000000000000,0.0000000000000000
110.00000000000000,81.000000000000000,0.0000000000000000
111.00000000000000,81.000000000000000,0.0000000000000000
112.00000000000000,81.000000000000000,0.0000000000000000
113.00000000000000,81.000000000000000,0.0000000000000000
1.0000000000000000,82.000000000000000,0.0000000000000000
2.0000000000000000,82.000000000000000,0.50000000000000000
3.0000000000000000,82.000000000000000,0.50000000000000000
4.0000000000000000,82.000000000000000,0.50000000000000000
5.0000000000000000,82.000000000000000,0.50000000000000000
6.0000000000000000,82.000000000000000,0.40000000596046448
7.0000000000000000,82.000000000000000,0.40000000596046448
8.0000000000000000,82.000000000000000,0.40000000596046448
9.0000000000000000,82.000000000000000,0.40000000596046448
10.000000000000000,82.000000000000000,0.40000000596046448
11.000000000000000,82.000000000000000,0.40000000596046448
12.000000000000000,82.000000000000000,0.30000001192092896
13.000000000000000,82.000000000000000,0.30000001192092896
14.000000000000000,82.000000000000000,0.30000001192092896
15.000000000000000,82.000000000000000,0.20000000298023224
16.000000000000000,82.000000000000000,0.20000000298023224
17.000000000000000,82.000000000000000,0.20000000298023224
18.000000000000000,82.000000000000000,0.50000000000000000
19.000000000000000,82.000000000000000,0.50000000000000000
20.000000000000000,82.000000000000000,0.50000000000000000
21.000000000000000,82.000000000000000,0.80000001192092896
22.000000000000000,82.000000000000000,0.80000001192092896
23.000000000000000,82.000000000000000,0.80000001192092896
24.000000000000000,82.000000000000000,0.89999997615814209
25.000000000000000,82.000000000000000,0.89999997615814209
26.000000000000000,82.000000000000000,0.89999997615814209
27.000000000000000,82.000000000000000,0.80000001192092896
28.000000000000000,82.000000000000000,0.80000001192092896
29.000000000000000,82.000000000000000,0.80000001192092896
30.000000000000000,82.000000000000000,0.60000002384185791
31.000000000000000,82.000000000000000,0.60000002384185791
32.000000000000000,82.000000000000000,0.60000002384185791
33.000000000000000,82.000000000000000,0.50000000000000000
34.000000000000000,82.000000000000000,0.50000000000000000
35.000000000000000,82.000000000000000,0.50000000000000000
36.000000000000000,82.000000000000000,0.40000000596046448
37.000000000000000,82.000000000000000,0.40000000596046448
38.000000000000000,82.000000000000000,0.40000000596046448
39.000000000000000,82.000000000000000,0.30000001192092896
40.000000000000000,82.000000000000000,0.30000001192092896
41.000000000000000,82.000000000000000,0.30000001192092896
42.000000000000000,82.000000000000000,0.10000000149011612
43.000000000000000,82.000000000000000,0.10000000149011612
44.000000000000000,82.000000000000000,0.10000000149011612
45.000000000000000,82.000000000000000,0.0000000000000000
46.000000000000000,82.000000000000000,0.0000000000000000
47.000000000000000,82.000000000000000,0.0000000000000000
48.000000000000000,82.000000000000000,0.0000000000000000
49.000000000000000,82.000000000000000,0.0000000000000000
50.000000000000000,82.000000000000000,0.0000000000000000
51.000000000000000,82.000000000000000,0.0000000000000000
52.000000000000000,82.000000000000000,0.0000000000000000
53.000000000000000,82.000000000000000,0.0000000000000000
54.000000000000000,82.000000000000000,0.0000000000000000
55.000000000000000,82.000000000000000,0.0000000000000000
56.000000000000000,82.000000000000000,0.0000000000000000
57.000000000000000,82.000000000000000,0.0000000000000000
58.000000000000000,82.000000000000000,0.0000000000000000
59.000000000000000,82.000000000000000,0.0000000000000000
60.000000000000000,82.000000000000000,0.0000000000000000
61.000000000000000,82.000000000000000,0.0000000000000000
62.000000000000000,82.000000000000000,0.0000000000000000
63.000000000000000,82.000000000000000,0.0000000000000000
64.000000000000000,82.000000000000000,0.0000000000000000
65.000000000000000,82.000000000000000,0.0000000000000000
66.000000000000000,82.000000000000000,0.0000000000000000
67.000000000000000,82.000000000000000,0.0000000000000000
68.000000000000000,82.000000000000000,0.0000000000000000
69.000000000000000,82.000000000000000,0.0000000000000000
70.000000000000000,82.000000000000000,0.0000000000000000
71.000000000000000,82.000000000000000,0.0000000000000000
72.000000000000000,82.000000000000000,0.0000000000000000
73.000000000000000,82.000000000000000,0.0000000000000000
74.000000000000000,82.000000000000000,0.0000000000000000
75.000000000000000,82.000000000000000,0.0000000000000000
76.000000000000000,82.000000000000000,0.0000000000000000
77.000000000000000,82.000000000000000,0.0000000000000000
78.000000000000000,82.000000000000000,0.0000000000000000
79.000000000000000,82.000000000000000,0.0000000000000000
80.000000000000000,82.000000000000000,0.0000000000000000
81.000000000000000,82.000000000000000,0.0000000000000000
82.000000000000000,82.000000000000000,0.0000000000000000
83.000000000000000,82.000000000000000,0.0000000000000000
84.000000000000000,82.000000000000000,0.0000000000000000
85.000000000000000,82.000000000000000,0.0000000000000000
86.000000000000000,82.000000000000000,0.0000000000000000
87.000000000000000,82.000000000000000,0.0000000000000000
88.000000000000000,82.000000000000000,0.0000000000000000
89.000000000000000,82.000000000000000,0.0000000000000000
90.000000000000000,82.000000000000000,0.0000000000000000
91.000000000000000,82.000000000000000,0.0000000000000000
92.000000000000000,82.000000000000000,0.0000000000000000
93.000000000000000,82.000000000000000,0.0000000000000000
94.000000000000000,82.000000000000000,0.0000000000000000
95.000000000000000,82.000000000000000,0.0000000000000000
96.000000000000000,82.000000000000000,0.0000000000000000
97.000000000000000,82.000000000000000,0.0000000000000000
98.000000000000000,82.000000000000000,0.0000000000000000
99.000000000000000,82.000000000000000,0.0000000000000000
100.00000000000000,82.000000000000000,0.0000000000000000
101.00000000000000,82.000000000000000,0.0000000000000000
102.00000000000000,82.000000000000000,0.0000000000000000
103.00000000000000,82.000000000000000,0.0000000000000000
104.00000000000000,82.000000000000000,0.0000000000000000
105.00000000000000,82.000000000000000,0.0000000000000000
106.00000000000000,82.000000000000000,0.0000000000000000
107.00000000000000,82.000000000000000,0.0000000000000000
108.00000000000000,82.000000000000000,0.0000000000000000
109.00000000000000,82.000000000000000,0.0000000000000000
110.00000000000000,82.000000000000000,0.0000000000000000
111.00000000000000,82.000000000000000,0.0000000000000000
112.00000000000000,82.000000000000000,0.0000000000000000
113.00000000000000,82.000000000000000,0.0000000000000000
1.0000000000000000,83.000000000000000,0.0000000000000000
2.0000000000000000,83.000000000000000,0.40000000596046448
3.0000000000000000,83.000000000000000,0.30000001192092896
4.0000000000000000,83.000000000000000,0.30000001192092896
5.0000000000000000,83.000000000000000,0.30000001192092896
6.0000000000000000,83.000000000000000,0.30000001192092896
7.0000000000000000,83.000000000000000,0.30000001192092896
8.0000000000000000,83.000000000000000,0.30000001192092896
9.0000000000000000,83.000000000000000,0.20000000298023224
10.000000000000000,83.000000000000000,0.20000000298023224
11.000000000000000,83.000000000000000,0.20000000298023224
12.000000000000000,83.000000000000000,0.0000000000000000
13.000000000000000,83.000000000000000,0.0000000000000000
14.000000000000000,83.000000000000000,0.0000000000000000
15.000000000000000,83.000000000000000,0.0000000000000000
16.000000000000000,83.000000000000000,0.0000000000000000
17.000000000000000,83.000000000000000,0.0000000000000000
18.000000000000000,83.000000000000000,0.20000000298023224
19.000000000000000,83.000000000000000,0.20000000298023224
20.000000000000000,83.000000000000000,0.20000000298023224
21.000000000000000,83.000000000000000,0.80000001192092896
22.000000000000000,83.000000000000000,0.80000001192092896
23.000000000000000,83.000000000000000,0.80000001192092896
24.000000000000000,83.000000000000000,0.80000001192092896
25.000000000000000,83.000000000000000,0.80000001192092896
26.000000000000000,83.000000000000000,0.80000001192092896
27.000000000000000,83.000000000000000,0.69999998807907104
28.000000000000000,83.000000000000000,0.69999998807907104
29.000000000000000,83.000000000000000,0.69999998807907104
30.000000000000000,83.000000000000000,0.50000000000000000
31.000000000000000,83.000000000000000,0.50000000000000000
32.000000000000000,83.000000000000000,0.50000000000000000
33.000000000000000,83.000000000000000,0.40000000596046448
34.000000000000000,83.000000000000000,0.40000000596046448
35.000000000000000,83.000000000000000,0.40000000596046448
36.000000000000000,83.000000000000000,0.30000001192092896
37.000000000000000,83.000000000000000,0.30000001192092896
38.000000000000000,83.000000000000000,0.30000001192092896
39.000000000000000,83.000000000000000,0.20000000298023224
40.000000000000000,83.000000000000000,0.20000000298023224
41.000000000000000,83.000000000000000,0.20000000298023224
42.000000000000000,83.000000000000000,0.0000000000000000
43.000000000000000,83.000000000000000,0.0000000000000000
44.000000000000000,83.000000000000000,0.0000000000000000
45.000000000000000,83.000000000000000,0.0000000000000000
46.000000000000000,83.000000000000000,0.0000000000000000
47.000000000000000,83.000000000000000,0.0000000000000000
48.000000000000000,83.000000000000000,0.0000000000000000
49.000000000000000,83.000000000000000,0.0000000000000000
50.000000000000000,83.000000000000000,0.0000000000000000
51.000000000000000,83.000000000000000,0.0000000000000000
52.000000000000000,83.000000000000000,0.0000000000000000
53.000000000000000,83.000000000000000,0.0000000000000000
54.000000000000000,83.000000000000000,0.0000000000000000
55.000000000000000,83.000000000000000,0.0000000000000000
56.000000000000000,83.000000000000000,0.0000000000000000
57.000000000000000,83.000000000000000,0.0000000000000000
58.000000000000000,83.000000000000000,0.0000000000000000
59.000000000000000,83.000000000000000,0.0000000000000000
60.000000000000000,83.000000000000000,0.0000000000000000
61.000000000000000,83.000000000000000,0.0000000000000000
62.000000000000000,83.000000000000000,0.0000000000000000
63.000000000000000,83.000000000000000,0.0000000000000000
64.000000000000000,83.000000000000000,0.0000000000000000
65.000000000000000,83.000000000000000,0.0000000000000000
66.000000000000000,83.000000000000000,0.0000000000000000
67.000000000000000,83.000000000000000,0.0000000000000000
68.000000000000000,83.000000000000000,0.0000000000000000
69.000000000000000,83.000000000000000,0.0000000000000000
70.000000000000000,83.000000000000000,0.0000000000000000
71.000000000000000,83.000000000000000,0.0000000000000000
72.000000000000000,83.000000000000000,0.0000000000000000
73.000000000000000,83.000000000000000,0.0000000000000000
74.000000000000000,83.000000000000000,0.0000000000000000
75.000000000000000,83.000000000000000,0.0000000000000000
76.000000000000000,83.000000000000000,0.0000000000000000
77.000000000000000,83.000000000000000,0.0000000000000000
78.000000000000000,83.000000000000000,0.0000000000000000
79.000000000000000,83.000000000000000,0.0000000000000000
80.000000000000000,83.000000000000000,0.0000000000000000
81.000000000000000,83.000000000000000,0.0000000000000000
82.000000000000000,83.000000000000000,0.0000000000000000
83.000000000000000,83.000000000000000,0.0000000000000000
84.000000000000000,83.000000000000000,0.0000000000000000
85.000000000000000,83.000000000000000,0.0000000000000000
86.000000000000000,83.000000000000000,0.0000000000000000
87.000000000000000,83.000000000000000,0.0000000000000000
88.000000000000000,83.000000000000000,0.0000000000000000
89.000000000000000,83.000000000000000,0.0000000000000000
90.000000000000000,83.000000000000000,0.0000000000000000
91.000000000000000,83.000000000000000,0.0000000000000000
92.000000000000000,83.000000000000000,0.0000000000000000
93.000000000000000,83.000000000000000,0.0000000000000000
94.000000000000000,83.000000000000000,0.0000000000000000
95.000000000000000,83.000000000000000,0.0000000000000000
96.000000000000000,83.000000000000000,0.0000000000000000
97.000000000000000,83.000000000000000,0.0000000000000000
98.000000000000000,83.000000000000000,0.0000000000000000
99.000000000000000,83.000000000000000,0.0000000000000000
100.00000000000000,83.000000000000000,0.0000000000000000
101.00000000000000,83.000000000000000,0.0000000000000000
102.00000000000000,83.000000000000000,0.0000000000000000
103.00000000000000,83.000000000000000,0.0000000000000000
104.00000000000000,83.000000000000000,0.0000000000000000
105.00000000000000,83.000000000000000,0.0000000000000000
106.00000000000000,83.000000000000000,0.0000000000000000
107.00000000000000,83.000000000000000,0.0000000000000000
108.00000000000000,83.000000000000000,0.0000000000000000
109.00000000000000,83.000000000000000,0.0000000000000000
110.00000000000000,83.000000000000000,0.0000000000000000
111.00000000000000,83.000000000000000,0.0000000000000000
112.00000000000000,83.000000000000000,0.0000000000000000
113.00000000000000,83.000000000000000,0.0000000000000000
1.0000000000000000,84.000000000000000,0.0000000000000000
2.0000000000000000,84.000000000000000,0.40000000596046448
3.0000000000000000,84.000000000000000,0.30000001192092896
4.0000000000000000,84.000000000000000,0.30000001192092896
5.0000000000000000,84.000000000000000,0.30000001192092896
6.0000000000000000,84.000000000000000,0.30000001192092896
7.0000000000000000,84.000000000000000,0.30000001192092896
8.0000000000000000,84.000000000000000,0.30000001192092896
9.0000000000000000,84.000000000000000,0.20000000298023224
10.000000000000000,84.000000000000000,0.20000000298023224
11.000000000000000,84.000000000000000,0.20000000298023224
12.000000000000000,84.000000000000000,0.0000000000000000
13.000000000000000,84.000000000000000,0.0000000000000000
14.000000000000000,84.000000000000000,0.0000000000000000
15.000000000000000,84.000000000000000,0.0000000000000000
16.000000000000000,84.000000000000000,0.0000000000000000
17.000000000000000,84.000000000000000,0.0000000000000000
18.000000000000000,84.000000000000000,0.20000000298023224
19.000000000000000,84.000000000000000,0.20000000298023224
20.000000000000000,84.000000000000000,0.20000000298023224
21.000000000000000,84.000000000000000,0.80000001192092896
22.000000000000000,84.000000000000000,0.80000001192092896
23.000000000000000,84.000000000000000,0.80000001192092896
24.000000000000000,84.000000000000000,0.80000001192092896
25.000000000000000,84.000000000000000,0.80000001192092896
26.000000000000000,84.000000000000000,0.80000001192092896
27.000000000000000,84.000000000000000,0.69999998807907104
28.000000000000000,84.000000000000000,0.69999998807907104
29.000000000000000,84.000000000000000,0.69999998807907104
30.000000000000000,84.000000000000000,0.50000000000000000
31.000000000000000,84.000000000000000,0.50000000000000000
32.000000000000000,84.000000000000000,0.50000000000000000
33.000000000000000,84.000000000000000,0.40000000596046448
34.000000000000000,84.000000000000000,0.40000000596046448
35.000000000000000,84.000000000000000,0.40000000596046448
36.000000000000000,84.000000000000000,0.30000001192092896
37.000000000000000,84.000000000000000,0.30000001192092896
38.000000000000000,84.000000000000000,0.30000001192092896
39.000000000000000,84.000000000000000,0.20000000298023224
40.000000000000000,84.000000000000000,0.20000000298023224
41.000000000000000,84.000000000000000,0.20000000298023224
42.000000000000000,84.000000000000000,0.0000000000000000
43.000000000000000,84.000000000000000,0.0000000000000000
44.000000000000000,84.000000000000000,0.0000000000000000
45.000000000000000,84.000000000000000,0.0000000000000000
46.000000000000000,84.000000000000000,0.0000000000000000
47.000000000000000,84.000000000000000,0.0000000000000000
48.000000000000000,84.000000000000000,0.0000000000000000
49.000000000000000,84.000000000000000,0.0000000000000000
50.000000000000000,84.000000000000000,0.0000000000000000
51.000000000000000,84.000000000000000,0.0000000000000000
52.000000000000000,84.000000000000000,0.0000000000000000
53.000000000000000,84.000000000000000,0.0000000000000000
54.000000000000000,84.000000000000000,0.0000000000000000
55.000000000000000,84.000000000000000,0.0000000000000000
56.000000000000000,84.000000000000000,0.0000000000000000
57.000000000000000,84.000000000000000,0.0000000000000000
58.000000000000000,84.000000000000000,0.0000000000000000
59.000000000000000,84.000000000000000,0.0000000000000000
60.000000000000000,84.000000000000000,0.0000000000000000
61.000000000000000,84.000000000000000,0.0000000000000000
62.000000000000000,84.000000000000000,0.0000000000000000
63.000000000000000,84.000000000000000,0.0000000000000000
64.000000000000000,84.000000000000000,0.0000000000000000
65.000000000000000,84.000000000000000,0.0000000000000000
66.000000000000000,84.000000000000000,0.0000000000000000
67.000000000000000,84.000000000000000,0.0000000000000000
68.000000000000000,84.000000000000000,0.0000000000000000
69.000000000000000,84.000000000000000,0.0000000000000000
70.000000000000000,84.000000000000000,0.0000000000000000
71.000000000000000,84.000000000000000,0.0000000000000000
72.000000000000000,84.000000000000000,0.0000000000000000
73.000000000000000,84.000000000000000,0.0000000000000000
74.000000000000000,84.000000000000000,0.0000000000000000
75.000000000000000,84.000000000000000,0.0000000000000000
76.000000000000000,84.000000000000000,0.0000000000000000
77.000000000000000,84.000000000000000,0.0000000000000000
78.000000000000000,84.000000000000000,0.0000000000000000
79.000000000000000,84.000000000000000,0.0000000000000000
80.000000000000000,84.000000000000000,0.0000000000000000
81.000000000000000,84.000000000000000,0.0000000000000000
82.000000000000000,84.000000000000000,0.0000000000000000
83.000000000000000,84.000000000000000,0.0000000000000000
84.000000000000000,84.000000000000000,0.0000000000000000
85.000000000000000,84.000000000000000,0.0000000000000000
86.000000000000000,84.000000000000000,0.0000000000000000
87.000000000000000,84.000000000000000,0.0000000000000000
88.000000000000000,84.000000000000000,0.0000000000000000
89.000000000000000,84.000000000000000,0.0000000000000000
90.000000000000000,84.000000000000000,0.0000000000000000
91.000000000000000,84.000000000000000,0.0000000000000000
92.000000000000000,84.000000000000000,0.0000000000000000
93.000000000000000,84.000000000000000,0.0000000000000000
94.000000000000000,84.000000000000000,0.0000000000000000
95.000000000000000,84.000000000000000,0.0000000000000000
96.000000000000000,84.000000000000000,0.0000000000000000
97.000000000000000,84.000000000000000,0.0000000000000000
98.000000000000000,84.000000000000000,0.0000000000000000
99.000000000000000,84.000000000000000,0.0000000000000000
100.00000000000000,84.000000000000000,0.0000000000000000
101.00000000000000,84.000000000000000,0.0000000000000000
102.00000000000000,84.000000000000000,0.0000000000000000
103.00000000000000,84.000000000000000,0.0000000000000000
104.00000000000000,84.000000000000000,0.0000000000000000
105.00000000000000,84.000000000000000,0.0000000000000000
106.00000000000000,84.000000000000000,0.0000000000000000
107.00000000000000,84.000000000000000,0.0000000000000000
108.00000000000000,84.000000000000000,0.0000000000000000
109.00000000000000,84.000000000000000,0.0000000000000000
110.00000000000000,84.000000000000000,0.0000000000000000
111.00000000000000,84.000000000000000,0.0000000000000000
112.00000000000000,84.000000000000000,0.0000000000000000
113.00000000000000,84.000000000000000,0.0000000000000000
1.0000000000000000,85.000000000000000,0.0000000000000000
2.0000000000000000,85.000000000000000,0.40000000596046448
3.0000000000000000,85.000000000000000,0.30000001192092896
4.0000000000000000,85.000000000000000,0.30000001192092896
5.0000000000000000,85.000000000000000,0.30000001192092896
6.0000000000000000,85.000000000000000,0.30000001192092896
7.0000000000000000,85.000000000000000,0.30000001192092896
8.0000000000000000,85.000000000000000,0.30000001192092896
9.0000000000000000,85.000000000000000,0.20000000298023224
10.000000000000000,85.000000000000000,0.20000000298023224
11.000000000000000,85.000000000000000,0.20000000298023224
12.000000000000000,85.000000000000000,0.0000000000000000
13.000000000000000,85.000000000000000,0.0000000000000000
14.000000000000000,85.000000000000000,0.0000000000000000
15.000000000000000,85.000000000000000,0.0000000000000000
16.000000000000000,85.000000000000000,0.0000000000000000
17.000000000000000,85.000000000000000,0.0000000000000000
18.000000000000000,85.000000000000000,0.20000000298023224
19.000000000000000,85.000000000000000,0.20000000298023224
20.000000000000000,85.000000000000000,0.20000000298023224
21.000000000000000,85.000000000000000,0.80000001192092896
22.000000000000000,85.000000000000000,0.80000001192092896
23.000000000000000,85.000000000000000,0.80000001192092896
24.000000000000000,85.000000000000000,0.80000001192092896
25.000000000000000,85.000000000000000,0.80000001192092896
26.000000000000000,85.000000000000000,0.80000001192092896
27.000000000000000,85.000000000000000,0.69999998807907104
28.000000000000000,85.000000000000000,0.69999998807907104
29.000000000000000,85.000000000000000,0.69999998807907104
30.000000000000000,85.000000000000000,0.50000000000000000
31.000000000000000,85.000000000000000,0.50000000000000000
32.000000000000000,85.000000000000000,0.50000000000000000
33.000000000000000,85.000000000000000,0.40000000596046448
34.000000000000000,85.000000000000000,0.40000000596046448
35.000000000000000,85.000000000000000,0.40000000596046448
36.000000000000000,85.000000000000000,0.30000001192092896
37.000000000000000,85.000000000000000,0.30000001192092896
38.000000000000000,85.000000000000000,0.30000001192092896
39.000000000000000,85.000000000000000,0.20000000298023224
40.000000000000000,85.000000000000000,0.20000000298023224
41.000000000000000,85.000000000000000,0.20000000298023224
42.000000000000000,85.000000000000000,0.0000000000000000
43.000000000000000,85.000000000000000,0.0000000000000000
44.000000000000000,85.000000000000000,0.0000000000000000
45.000000000000000,85.000000000000000,0.0000000000000000
46.000000000000000,85.000000000000000,0.0000000000000000
47.000000000000000,85.000000000000000,0.0000000000000000
48.000000000000000,85.000000000000000,0.0000000000000000
49.000000000000000,85.000000000000000,0.0000000000000000
50.000000000000000,85.000000000000000,0.0000000000000000
51.000000000000000,85.000000000000000,0.0000000000000000
52.000000000000000,85.000000000000000,0.0000000000000000
53.000000000000000,85.000000000000000,0.0000000000000000
54.000000000000000,85.000000000000000,0.0000000000000000
55.000000000000000,85.000000000000000,0.0000000000000000
56.000000000000000,85.000000000000000,0.0000000000000000
57.000000000000000,85.000000000000000,0.0000000000000000
58.000000000000000,85.000000000000000,0.0000000000000000
59.000000000000000,85.000000000000000,0.0000000000000000
60.000000000000000,85.000000000000000,0.0000000000000000
61.000000000000000,85.000000000000000,0.0000000000000000
62.000000000000000,85.000000000000000,0.0000000000000000
63.000000000000000,85.000000000000000,0.0000000000000000
64.000000000000000,85.000000000000000,0.0000000000000000
65.000000000000000,85.000000000000000,0.0000000000000000
66.000000000000000,85.000000000000000,0.0000000000000000
67.000000000000000,85.000000000000000,0.0000000000000000
68.000000000000000,85.000000000000000,0.0000000000000000
69.000000000000000,85.000000000000000,0.0000000000000000
70.000000000000000,85.000000000000000,0.0000000000000000
71.000000000000000,85.000000000000000,0.0000000000000000
72.000000000000000,85.000000000000000,0.0000000000000000
73.000000000000000,85.000000000000000,0.0000000000000000
74.000000000000000,85.000000000000000,0.0000000000000000
75.000000000000000,85.000000000000000,0.0000000000000000
76.000000000000000,85.000000000000000,0.0000000000000000
77.000000000000000,85.000000000000000,0.0000000000000000
78.000000000000000,85.000000000000000,0.0000000000000000
79.000000000000000,85.000000000000000,0.0000000000000000
80.000000000000000,85.000000000000000,0.0000000000000000
81.000000000000000,85.000000000000000,0.0000000000000000
82.000000000000000,85.000000000000000,0.0000000000000000
83.000000000000000,85.000000000000000,0.0000000000000000
84.000000000000000,85.000000000000000,0.0000000000000000
85.000000000000000,85.000000000000000,0.0000000000000000
86.000000000000000,85.000000000000000,0.0000000000000000
87.000000000000000,85.000000000000000,0.0000000000000000
88.000000000000000,85.000000000000000,0.0000000000000000
89.000000000000000,85.000000000000000,0.0000000000000000
90.000000000000000,85.000000000000000,0.0000000000000000
91.000000000000000,85.000000000000000,0.0000000000000000
92.000000000000000,85.000000000000000,0.0000000000000000
93.000000000000000,85.000000000000000,0.0000000000000000
94.000000000000000,85.000000000000000,0.0000000000000000
95.000000000000000,85.000000000000000,0.0000000000000000
96.000000000000000,85.000000000000000,0.0000000000000000
97.000000000000000,85.000000000000000,0.0000000000000000
98.000000000000000,85.000000000000000,0.0000000000000000
99.000000000000000,85.000000000000000,0.0000000000000000
100.00000000000000,85.000000000000000,0.0000000000000000
101.00000000000000,85.000000000000000,0.0000000000000000
102.00000000000000,85.000000000000000,0.0000000000000000
103.00000000000000,85.000000000000000,0.0000000000000000
104.00000000000000,85.000000000000000,0.0000000000000000
105.00000000000000,85.000000000000000,0.0000000000000000
106.00000000000000,85.000000000000000,0.0000000000000000
107.00000000000000,85.000000000000000,0.0000000000000000
108.00000000000000,85.000000000000000,0.0000000000000000
109.00000000000000,85.000000000000000,0.0000000000000000
110.00000000000000,85.000000000000000,0.0000000000000000
111.00000000000000,85.000000000000000,0.0000000000000000
112.00000000000000,85.000000000000000,0.0000000000000000
113.00000000000000,85.000000000000000,0.0000000000000000
1.0000000000000000,86.000000000000000,0.0000000000000000
2.0000000000000000,86.000000000000000,0.40000000596046448
3.0000000000000000,86.000000000000000,0.30000001192092896
4.0000000000000000,86.000000000000000,0.30000001192092896
5.0000000000000000,86.000000000000000,0.30000001192092896
6.0000000000000000,86.000000000000000,0.10000000149011612
7.0000000000000000,86.000000000000000,0.10000000149011612
8.0000000000000000,86.000000000000000,0.10000000149011612
9.0000000000000000,86.000000000000000,0.0000000000000000
10.000000000000000,86.000000000000000,0.0000000000000000
11.000000000000000,86.000000000000000,0.0000000000000000
12.000000000000000,86.000000000000000,0.0000000000000000
13.000000000000000,86.000000000000000,0.0000000000000000
14.000000000000000,86.000000000000000,0.0000000000000000
15.000000000000000,86.000000000000000,0.0000000000000000
16.000000000000000,86.000000000000000,0.0000000000000000
17.000000000000000,86.000000000000000,0.0000000000000000
18.000000000000000,86.000000000000000,0.10000000149011612
19.000000000000000,86.000000000000000,0.10000000149011612
20.000000000000000,86.000000000000000,0.10000000149011612
21.000000000000000,86.000000000000000,0.40000000596046448
22.000000000000000,86.000000000000000,0.40000000596046448
23.000000000000000,86.000000000000000,0.40000000596046448
24.000000000000000,86.000000000000000,0.69999998807907104
25.000000000000000,86.000000000000000,0.69999998807907104
26.000000000000000,86.000000000000000,0.69999998807907104
27.000000000000000,86.000000000000000,0.60000002384185791
28.000000000000000,86.000000000000000,0.60000002384185791
29.000000000000000,86.000000000000000,0.60000002384185791
30.000000000000000,86.000000000000000,0.50000000000000000
31.000000000000000,86.000000000000000,0.50000000000000000
32.000000000000000,86.000000000000000,0.50000000000000000
33.000000000000000,86.000000000000000,0.40000000596046448
34.000000000000000,86.000000000000000,0.40000000596046448
35.000000000000000,86.000000000000000,0.40000000596046448
36.000000000000000,86.000000000000000,0.30000001192092896
37.000000000000000,86.000000000000000,0.30000001192092896
38.000000000000000,86.000000000000000,0.30000001192092896
39.000000000000000,86.000000000000000,0.20000000298023224
40.000000000000000,86.000000000000000,0.20000000298023224
41.000000000000000,86.000000000000000,0.20000000298023224
42.000000000000000,86.000000000000000,0.0000000000000000
43.000000000000000,86.000000000000000,0.0000000000000000
44.000000000000000,86.000000000000000,0.0000000000000000
45.000000000000000,86.000000000000000,0.0000000000000000
46.000000000000000,86.000000000000000,0.0000000000000000
47.000000000000000,86.000000000000000,0.0000000000000000
48.000000000000000,86.000000000000000,0.0000000000000000
49.000000000000000,86.000000000000000,0.0000000000000000
50.000000000000000,86.000000000000000,0.0000000000000000
51.000000000000000,86.000000000000000,0.0000000000000000
52.000000000000000,86.000000000000000,0.0000000000000000
53.000000000000000,86.000000000000000,0.0000000000000000
54.000000000000000,86.000000000000000,0.0000000000000000
55.000000000000000,86.000000000000000,0.0000000000000000
56.000000000000000,86.000000000000000,0.0000000000000000
57.000000000000000,86.000000000000000,0.0000000000000000
58.000000000000000,86.000000000000000,0.0000000000000000
59.000000000000000,86.000000000000000,0.0000000000000000
60.000000000000000,86.000000000000000,0.0000000000000000
61.000000000000000,86.000000000000000,0.0000000000000000
62.000000000000000,86.000000000000000,0.0000000000000000
63.000000000000000,86.000000000000000,0.0000000000000000
64.000000000000000,86.000000000000000,0.0000000000000000
65.000000000000000,86.000000000000000,0.0000000000000000
66.000000000000000,86.000000000000000,0.0000000000000000
67.000000000000000,86.000000000000000,0.0000000000000000
68.000000000000000,86.000000000000000,0.0000000000000000
69.000000000000000,86.000000000000000,0.0000000000000000
70.000000000000000,86.000000000000000,0.0000000000000000
71.000000000000000,86.000000000000000,0.0000000000000000
72.000000000000000,86.000000000000000,0.0000000000000000
73.000000000000000,86.000000000000000,0.0000000000000000
74.000000000000000,86.000000000000000,0.0000000000000000
75.000000000000000,86.000000000000000,0.0000000000000000
76.000000000000000,86.000000000000000,0.0000000000000000
77.000000000000000,86.000000000000000,0.0000000000000000
78.000000000000000,86.000000000000000,0.0000000000000000
79.000000000000000,86.000000000000000,0.0000000000000000
80.000000000000000,86.000000000000000,0.0000000000000000
81.000000000000000,86.000000000000000,0.0000000000000000
82.000000000000000,86.000000000000000,0.0000000000000000
83.000000000000000,86.000000000000000,0.0000000000000000
84.000000000000000,86.000000000000000,0.0000000000000000
85.000000000000000,86.000000000000000,0.0000000000000000
86.000000000000000,86.000000000000000,0.0000000000000000
87.000000000000000,86.000000000000000,0.0000000000000000
88.000000000000000,86.000000000000000,0.0000000000000000
89.000000000000000,86.000000000000000,0.0000000000000000
90.000000000000000,86.000000000000000,0.0000000000000000
91.000000000000000,86.000000000000000,0.0000000000000000
92.000000000000000,86.000000000000000,0.0000000000000000
93.000000000000000,86.000000000000000,0.0000000000000000
94.000000000000000,86.000000000000000,0.0000000000000000
95.000000000000000,86.000000000000000,0.0000000000000000
96.000000000000000,86.000000000000000,0.0000000000000000
97.000000000000000,86.000000000000000,0.0000000000000000
98.000000000000000,86.000000000000000,0.0000000000000000
99.000000000000000,86.000000000000000,0.0000000000000000
100.00000000000000,86.000000000000000,0.0000000000000000
101.00000000000000,86.000000000000000,0.0000000000000000
102.00000000000000,86.000000000000000,0.0000000000000000
103.00000000000000,86.000000000000000,0.0000000000000000
104.00000000000000,86.000000000000000,0.0000000000000000
105.00000000000000,86.000000000000000,0.0000000000000000
106.00000000000000,86.000000000000000,0.0000000000000000
107.00000000000000,86.000000000000000,0.0000000000000000
108.00000000000000,86.000000000000000,0.0000000000000000
109.00000000000000,86.000000000000000,0.0000000000000000
110.00000000000000,86.000000000000000,0.0000000000000000
111.00000000000000,86.000000000000000,0.0000000000000000
112.00000000000000,86.000000000000000,0.0000000000000000
113.00000000000000,86.000000000000000,0.0000000000000000
1.0000000000000000,87.000000000000000,0.0000000000000000
2.0000000000000000,87.000000000000000,0.40000000596046448
3.0000000000000000,87.000000000000000,0.30000001192092896
4.0000000000000000,87.000000000000000,0.30000001192092896
5.0000000000000000,87.000000000000000,0.30000001192092896
6.0000000000000000,87.000000000000000,0.10000000149011612
7.0000000000000000,87.000000000000000,0.10000000149011612
8.0000000000000000,87.000000000000000,0.10000000149011612
9.0000000000000000,87.000000000000000,0.0000000000000000
10.000000000000000,87.000000000000000,0.0000000000000000
11.000000000000000,87.000000000000000,0.0000000000000000
12.000000000000000,87.000000000000000,0.0000000000000000
13.000000000000000,87.000000000000000,0.0000000000000000
14.000000000000000,87.000000000000000,0.0000000000000000
15.000000000000000,87.000000000000000,0.0000000000000000
16.000000000000000,87.000000000000000,0.0000000000000000
17.000000000000000,87.000000000000000,0.0000000000000000
18.000000000000000,87.000000000000000,0.10000000149011612
19.000000000000000,87.000000000000000,0.10000000149011612
20.000000000000000,87.000000000000000,0.10000000149011612
21.000000000000000,87.000000000000000,0.40000000596046448
22.000000000000000,87.000000000000000,0.40000000596046448
23.000000000000000,87.000000000000000,0.40000000596046448
24.000000000000000,87.000000000000000,0.69999998807907104
25.000000000000000,87.000000000000000,0.69999998807907104
26.000000000000000,87.000000000000000,0.69999998807907104
27.000000000000000,87.000000000000000,0.60000002384185791
28.000000000000000,87.000000000000000,0.60000002384185791
29.000000000000000,87.000000000000000,0.60000002384185791
30.000000000000000,87.000000000000000,0.50000000000000000
31.000000000000000,87.000000000000000,0.50000000000000000
32.000000000000000,87.000000000000000,0.50000000000000000
33.000000000000000,87.000000000000000,0.40000000596046448
34.000000000000000,87.000000000000000,0.40000000596046448
35.000000000000000,87.000000000000000,0.40000000596046448
36.000000000000000,87.000000000000000,0.30000001192092896
37.000000000000000,87.000000000000000,0.30000001192092896
38.000000000000000,87.000000000000000,0.30000001192092896
39.000000000000000,87.000000000000000,0.20000000298023224
40.000000000000000,87.000000000000000,0.20000000298023224
41.000000000000000,87.000000000000000,0.20000000298023224
42.000000000000000,87.000000000000000,0.0000000000000000
43.000000000000000,87.000000000000000,0.0000000000000000
44.000000000000000,87.000000000000000,0.0000000000000000
45.000000000000000,87.000000000000000,0.0000000000000000
46.000000000000000,87.000000000000000,0.0000000000000000
47.000000000000000,87.000000000000000,0.0000000000000000
48.000000000000000,87.000000000000000,0.0000000000000000
49.000000000000000,87.000000000000000,0.0000000000000000
50.000000000000000,87.000000000000000,0.0000000000000000
51.000000000000000,87.000000000000000,0.0000000000000000
52.000000000000000,87.000000000000000,0.0000000000000000
53.000000000000000,87.000000000000000,0.0000000000000000
54.000000000000000,87.000000000000000,0.0000000000000000
55.000000000000000,87.000000000000000,0.0000000000000000
56.000000000000000,87.000000000000000,0.0000000000000000
57.000000000000000,87.000000000000000,0.0000000000000000
58.000000000000000,87.000000000000000,0.0000000000000000
59.000000000000000,87.000000000000000,0.0000000000000000
60.000000000000000,87.000000000000000,0.0000000000000000
61.000000000000000,87.000000000000000,0.0000000000000000
62.000000000000000,87.000000000000000,0.0000000000000000
63.000000000000000,87.000000000000000,0.0000000000000000
64.000000000000000,87.000000000000000,0.0000000000000000
65.000000000000000,87.000000000000000,0.0000000000000000
66.000000000000000,87.000000000000000,0.0000000000000000
67.000000000000000,87.000000000000000,0.0000000000000000
68.000000000000000,87.000000000000000,0.0000000000000000
69.000000000000000,87.000000000000000,0.0000000000000000
70.000000000000000,87.000000000000000,0.0000000000000000
71.000000000000000,87.000000000000000,0.0000000000000000
72.000000000000000,87.000000000000000,0.0000000000000000
73.000000000000000,87.000000000000000,0.0000000000000000
74.000000000000000,87.000000000000000,0.0000000000000000
75.000000000000000,87.000000000000000,0.0000000000000000
76.000000000000000,87.000000000000000,0.0000000000000000
77.000000000000000,87.000000000000000,0.0000000000000000
78.000000000000000,87.000000000000000,0.0000000000000000
79.000000000000000,87.000000000000000,0.0000000000000000
80.000000000000000,87.000000000000000,0.0000000000000000
81.000000000000000,87.000000000000000,0.0000000000000000
82.000000000000000,87.000000000000000,0.0000000000000000
83.000000000000000,87.000000000000000,0.0000000000000000
84.000000000000000,87.000000000000000,0.0000000000000000
85.000000000000000,87.000000000000000,0.0000000000000000
86.000000000000000,87.000000000000000,0.0000000000000000
87.000000000000000,87.000000000000000,0.0000000000000000
88.000000000000000,87.000000000000000,0.0000000000000000
89.000000000000000,87.000000000000000,0.0000000000000000
90.000000000000000,87.000000000000000,0.0000000000000000
91.000000000000000,87.000000000000000,0.0000000000000000
92.000000000000000,87.000000000000000,0.0000000000000000
93.000000000000000,87.000000000000000,0.0000000000000000
94.000000000000000,87.000000000000000,0.0000000000000000
95.000000000000000,87.000000000000000,0.0000000000000000
96.000000000000000,87.000000000000000,0.0000000000000000
97.000000000000000,87.000000000000000,0.0000000000000000
98.000000000000000,87.000000000000000,0.0000000000000000
99.000000000000000,87.000000000000000,0.0000000000000000
100.00000000000000,87.000000000000000,0.0000000000000000
101.00000000000000,87.000000000000000,0.0000000000000000
102.00000000000000,87.000000000000000,0.0000000000000000
103.00000000000000,87.000000000000000,0.0000000000000000
104.00000000000000,87.000000000000000,0.0000000000000000
105.00000000000000,87.000000000000000,0.0000000000000000
106.00000000000000,87.000000000000000,0.0000000000000000
107.00000000000000,87.000000000000000,0.0000000000000000
108.00000000000000,87.000000000000000,0.0000000000000000
109.00000000000000,87.000000000000000,0.0000000000000000
110.00000000000000,87.000000000000000,0.0000000000000000
111.00000000000000,87.000000000000000,0.0000000000000000
112.00000000000000,87.000000000000000,0.0000000000000000
113.00000000000000,87.000000000000000,0.0000000000000000
1.0000000000000000,88.000000000000000,0.0000000000000000
2.0000000000000000,88.000000000000000,0.0000000000000000
3.0000000000000000,88.000000000000000,0.30000001192092896
4.0000000000000000,88.000000000000000,0.30000001192092896
5.0000000000000000,88.000000000000000,0.30000001192092896
6.0000000000000000,88.000000000000000,0.10000000149011612
7.0000000000000000,88.000000000000000,0.10000000149011612
8.0000000000000000,88.000000000000000,0.10000000149011612
9.0000000000000000,88.000000000000000,0.0000000000000000
10.000000000000000,88.000000000000000,0.0000000000000000
11.000000000000000,88.000000000000000,0.0000000000000000
12.000000000000000,88.000000000000000,0.0000000000000000
13.000000000000000,88.000000000000000,0.0000000000000000
14.000000000000000,88.000000000000000,0.0000000000000000
15.000000000000000,88.000000000000000,0.0000000000000000
16.000000000000000,88.000000000000000,0.0000000000000000
17.000000000000000,88.000000000000000,0.0000000000000000
18.000000000000000,88.000000000000000,0.10000000149011612
19.000000000000000,88.000000000000000,0.10000000149011612
20.000000000000000,88.000000000000000,0.10000000149011612
21.000000000000000,88.000000000000000,0.40000000596046448
22.000000000000000,88.000000000000000,0.40000000596046448
23.000000000000000,88.000000000000000,0.40000000596046448
24.000000000000000,88.000000000000000,0.69999998807907104
25.000000000000000,88.000000000000000,0.69999998807907104
26.000000000000000,88.000000000000000,0.69999998807907104
27.000000000000000,88.000000000000000,0.60000002384185791
28.000000000000000,88.000000000000000,0.60000002384185791
29.000000000000000,88.000000000000000,0.60000002384185791
30.000000000000000,88.000000000000000,0.50000000000000000
31.000000000000000,88.000000000000000,0.50000000000000000
32.000000000000000,88.000000000000000,0.50000000000000000
33.000000000000000,88.000000000000000,0.40000000596046448
34.000000000000000,88.000000000000000,0.40000000596046448
35.000000000000000,88.000000000000000,0.40000000596046448
36.000000000000000,88.000000000000000,0.30000001192092896
37.000000000000000,88.000000000000000,0.30000001192092896
38.000000000000000,88.000000000000000,0.30000001192092896
39.000000000000000,88.000000000000000,0.20000000298023224
40.000000000000000,88.000000000000000,0.20000000298023224
41.000000000000000,88.000000000000000,0.20000000298023224
42.000000000000000,88.000000000000000,0.0000000000000000
43.000000000000000,88.000000000000000,0.0000000000000000
44.000000000000000,88.000000000000000,0.0000000000000000
45.000000000000000,88.000000000000000,0.0000000000000000
46.000000000000000,88.000000000000000,0.0000000000000000
47.000000000000000,88.000000000000000,0.0000000000000000
48.000000000000000,88.000000000000000,0.0000000000000000
49.000000000000000,88.000000000000000,0.0000000000000000
50.000000000000000,88.000000000000000,0.0000000000000000
51.000000000000000,88.000000000000000,0.0000000000000000
52.000000000000000,88.000000000000000,0.0000000000000000
53.000000000000000,88.000000000000000,0.0000000000000000
54.000000000000000,88.000000000000000,0.0000000000000000
55.000000000000000,88.000000000000000,0.0000000000000000
56.000000000000000,88.000000000000000,0.0000000000000000
57.000000000000000,88.000000000000000,0.0000000000000000
58.000000000000000,88.000000000000000,0.0000000000000000
59.000000000000000,88.000000000000000,0.0000000000000000
60.000000000000000,88.000000000000000,0.0000000000000000
61.000000000000000,88.000000000000000,0.0000000000000000
62.000000000000000,88.000000000000000,0.0000000000000000
63.000000000000000,88.000000000000000,0.0000000000000000
64.000000000000000,88.000000000000000,0.0000000000000000
65.000000000000000,88.000000000000000,0.0000000000000000
66.000000000000000,88.000000000000000,0.0000000000000000
67.000000000000000,88.000000000000000,0.0000000000000000
68.000000000000000,88.000000000000000,0.0000000000000000
69.000000000000000,88.000000000000000,0.0000000000000000
70.000000000000000,88.000000000000000,0.0000000000000000
71.000000000000000,88.000000000000000,0.0000000000000000
72.000000000000000,88.000000000000000,0.0000000000000000
73.000000000000000,88.000000000000000,0.0000000000000000
74.000000000000000,88.000000000000000,0.0000000000000000
75.000000000000000,88.000000000000000,0.0000000000000000
76.000000000000000,88.000000000000000,0.0000000000000000
77.000000000000000,88.000000000000000,0.0000000000000000
78.000000000000000,88.000000000000000,0.0000000000000000
79.000000000000000,88.000000000000000,0.0000000000000000
80.000000000000000,88.000000000000000,0.0000000000000000
81.000000000000000,88.000000000000000,0.0000000000000000
82.000000000000000,88.000000000000000,0.0000000000000000
83.000000000000000,88.000000000000000,0.0000000000000000
84.000000000000000,88.000000000000000,0.0000000000000000
85.000000000000000,88.000000000000000,0.0000000000000000
86.000000000000000,88.000000000000000,0.0000000000000000
87.000000000000000,88.000000000000000,0.0000000000000000
88.000000000000000,88.000000000000000,0.0000000000000000
89.000000000000000,88.000000000000000,0.0000000000000000
90.000000000000000,88.000000000000000,0.0000000000000000
91.000000000000000,88.000000000000000,0.0000000000000000
92.000000000000000,88.000000000000000,0.0000000000000000
93.000000000000000,88.000000000000000,0.0000000000000000
94.000000000000000,88.000000000000000,0.0000000000000000
95.000000000000000,88.000000000000000,0.0000000000000000
96.000000000000000,88.000000000000000,0.0000000000000000
97.000000000000000,88.000000000000000,0.0000000000000000
98.000000000000000,88.000000000000000,0.0000000000000000
99.000000000000000,88.000000000000000,0.0000000000000000
100.00000000000000,88.000000000000000,0.0000000000000000
101.00000000000000,88.000000000000000,0.0000000000000000
102.00000000000000,88.000000000000000,0.0000000000000000
103.00000000000000,88.000000000000000,0.0000000000000000
104.00000000000000,88.000000000000000,0.0000000000000000
105.00000000000000,88.000000000000000,0.0000000000000000
106.00000000000000,88.000000000000000,0.0000000000000000
107.00000000000000,88.000000000000000,0.0000000000000000
108.00000000000000,88.000000000000000,0.0000000000000000
109.00000000000000,88.000000000000000,0.0000000000000000
110.00000000000000,88.000000000000000,0.0000000000000000
111.00000000000000,88.000000000000000,0.0000000000000000
112.00000000000000,88.000000000000000,0.0000000000000000
113.00000000000000,88.000000000000000,0.0000000000000000
1.0000000000000000,89.000000000000000,0.0000000000000000
2.0000000000000000,89.000000000000000,0.0000000000000000
3.0000000000000000,89.000000000000000,0.0000000000000000
4.0000000000000000,89.000000000000000,0.30000001192092896
5.0000000000000000,89.000000000000000,0.30000001192092896
6.0000000000000000,89.000000000000000,0.20000000298023224
7.0000000000000000,89.000000000000000,0.20000000298023224
8.0000000000000000,89.000000000000000,0.20000000298023224
9.0000000000000000,89.000000000000000,0.0000000000000000
10.000000000000000,89.000000000000000,0.0000000000000000
11.000000000000000,89.000000000000000,0.0000000000000000
12.000000000000000,89.000000000000000,0.0000000000000000
13.000000000000000,89.000000000000000,0.0000000000000000
14.000000000000000,89.000000000000000,0.0000000000000000
15.000000000000000,89.000000000000000,0.0000000000000000
16.000000000000000,89.000000000000000,0.0000000000000000
17.000000000000000,89.000000000000000,0.0000000000000000
18.000000000000000,89.000000000000000,0.0000000000000000
19.000000000000000,89.000000000000000,0.0000000000000000
20.000000000000000,89.000000000000000,0.0000000000000000
21.000000000000000,89.000000000000000,0.30000001192092896
22.000000000000000,89.000000000000000,0.30000001192092896
23.000000000000000,89.000000000000000,0.30000001192092896
24.000000000000000,89.000000000000000,0.50000000000000000
25.000000000000000,89.000000000000000,0.50000000000000000
26.000000000000000,89.000000000000000,0.50000000000000000
27.000000000000000,89.000000000000000,0.50000000000000000
28.000000000000000,89.000000000000000,0.50000000000000000
29.000000000000000,89.000000000000000,0.50000000000000000
30.000000000000000,89.000000000000000,0.30000001192092896
31.000000000000000,89.000000000000000,0.30000001192092896
32.000000000000000,89.000000000000000,0.30000001192092896
33.000000000000000,89.000000000000000,0.30000001192092896
34.000000000000000,89.000000000000000,0.30000001192092896
35.000000000000000,89.000000000000000,0.30000001192092896
36.000000000000000,89.000000000000000,0.30000001192092896
37.000000000000000,89.000000000000000,0.30000001192092896
38.000000000000000,89.000000000000000,0.30000001192092896
39.000000000000000,89.000000000000000,0.0000000000000000
40.000000000000000,89.000000000000000,0.0000000000000000
41.000000000000000,89.000000000000000,0.0000000000000000
42.000000000000000,89.000000000000000,0.0000000000000000
43.000000000000000,89.000000000000000,0.0000000000000000
44.000000000000000,89.000000000000000,0.0000000000000000
45.000000000000000,89.000000000000000,0.0000000000000000
46.000000000000000,89.000000000000000,0.0000000000000000
47.000000000000000,89.000000000000000,0.0000000000000000
48.000000000000000,89.000000000000000,0.0000000000000000
49.000000000000000,89.000000000000000,0.0000000000000000
50.000000000000000,89.000000000000000,0.0000000000000000
51.000000000000000,89.000000000000000,0.0000000000000000
52.000000000000000,89.000000000000000,0.0000000000000000
53.000000000000000,89.000000000000000,0.0000000000000000
54.000000000000000,89.000000000000000,0.0000000000000000
55.000000000000000,89.000000000000000,0.0000000000000000
56.000000000000000,89.000000000000000,0.0000000000000000
57.000000000000000,89.000000000000000,0.0000000000000000
58.000000000000000,89.000000000000000,0.0000000000000000
59.000000000000000,89.000000000000000,0.0000000000000000
60.000000000000000,89.000000000000000,0.0000000000000000
61.000000000000000,89.000000000000000,0.0000000000000000
62.000000000000000,89.000000000000000,0.0000000000000000
63.000000000000000,89.000000000000000,0.0000000000000000
64.000000000000000,89.000000000000000,0.0000000000000000
65.000000000000000,89.000000000000000,0.0000000000000000
66.000000000000000,89.000000000000000,0.0000000000000000
67.000000000000000,89.000000000000000,0.0000000000000000
68.000000000000000,89.000000000000000,0.0000000000000000
69.000000000000000,89.000000000000000,0.0000000000000000
70.000000000000000,89.000000000000000,0.0000000000000000
71.000000000000000,89.000000000000000,0.0000000000000000
72.000000000000000,89.000000000000000,0.0000000000000000
73.000000000000000,89.000000000000000,0.0000000000000000
74.000000000000000,89.000000000000000,0.0000000000000000
75.000000000000000,89.000000000000000,0.0000000000000000
76.000000000000000,89.000000000000000,0.0000000000000000
77.000000000000000,89.000000000000000,0.0000000000000000
78.000000000000000,89.000000000000000,0.0000000000000000
79.000000000000000,89.000000000000000,0.0000000000000000
80.000000000000000,89.000000000000000,0.0000000000000000
81.000000000000000,89.000000000000000,0.0000000000000000
82.000000000000000,89.000000000000000,0.0000000000000000
83.000000000000000,89.000000000000000,0.0000000000000000
84.000000000000000,89.000000000000000,0.0000000000000000
85.000000000000000,89.000000000000000,0.0000000000000000
86.000000000000000,89.000000000000000,0.0000000000000000
87.000000000000000,89.000000000000000,0.0000000000000000
88.000000000000000,89.000000000000000,0.0000000000000000
89.000000000000000,89.000000000000000,0.0000000000000000
90.000000000000000,89.000000000000000,0.0000000000000000
91.000000000000000,89.000000000000000,0.0000000000000000
92.000000000000000,89.000000000000000,0.0000000000000000
93.000000000000000,89.000000000000000,0.0000000000000000
94.000000000000000,89.000000000000000,0.0000000000000000
95.000000000000000,89.000000000000000,0.0000000000000000
96.000000000000000,89.000000000000000,0.0000000000000000
97.000000000000000,89.000000000000000,0.0000000000000000
98.000000000000000,89.000000000000000,0.0000000000000000
99.000000000000000,89.000000000000000,0.0000000000000000
100.00000000000000,89.000000000000000,0.0000000000000000
101.00000000000000,89.000000000000000,0.0000000000000000
102.00000000000000,89.000000000000000,0.0000000000000000
103.00000000000000,89.000000000000000,0.0000000000000000
104.00000000000000,89.000000000000000,0.0000000000000000
105.00000000000000,89.000000000000000,0.0000000000000000
106.00000000000000,89.000000000000000,0.0000000000000000
107.00000000000000,89.000000000000000,0.0000000000000000
108.00000000000000,89.000000000000000,0.0000000000000000
109.00000000000000,89.000000000000000,0.0000000000000000
110.00000000000000,89.000000000000000,0.0000000000000000
111.00000000000000,89.000000000000000,0.0000000000000000
112.00000000000000,89.000000000000000,0.0000000000000000
113.00000000000000,89.000000000000000,0.0000000000000000
1.0000000000000000,90.000000000000000,0.0000000000000000
2.0000000000000000,90.000000000000000,0.0000000000000000
3.0000000000000000,90.000000000000000,0.0000000000000000
4.0000000000000000,90.000000000000000,0.0000000000000000
5.0000000000000000,90.000000000000000,0.30000001192092896
6.0000000000000000,90.000000000000000,0.20000000298023224
7.0000000000000000,90.000000000000000,0.20000000298023224
8.0000000000000000,90.000000000000000,0.20000000298023224
9.0000000000000000,90.000000000000000,0.0000000000000000
10.000000000000000,90.000000000000000,0.0000000000000000
11.000000000000000,90.000000000000000,0.0000000000000000
12.000000000000000,90.000000000000000,0.0000000000000000
13.000000000000000,90.000000000000000,0.0000000000000000
14.000000000000000,90.000000000000000,0.0000000000000000
15.000000000000000,90.000000000000000,0.0000000000000000
16.000000000000000,90.000000000000000,0.0000000000000000
17.000000000000000,90.000000000000000,0.0000000000000000
18.000000000000000,90.000000000000000,0.0000000000000000
19.000000000000000,90.000000000000000,0.0000000000000000
20.000000000000000,90.000000000000000,0.0000000000000000
21.000000000000000,90.000000000000000,0.30000001192092896
22.000000000000000,90.000000000000000,0.30000001192092896
23.000000000000000,90.000000000000000,0.30000001192092896
24.000000000000000,90.000000000000000,0.50000000000000000
25.000000000000000,90.000000000000000,0.50000000000000000
26.000000000000000,90.000000000000000,0.50000000000000000
27.000000000000000,90.000000000000000,0.50000000000000000
28.000000000000000,90.000000000000000,0.50000000000000000
29.000000000000000,90.000000000000000,0.50000000000000000
30.000000000000000,90.000000000000000,0.30000001192092896
31.000000000000000,90.000000000000000,0.30000001192092896
32.000000000000000,90.000000000000000,0.30000001192092896
33.000000000000000,90.000000000000000,0.30000001192092896
34.000000000000000,90.000000000000000,0.30000001192092896
35.000000000000000,90.000000000000000,0.30000001192092896
36.000000000000000,90.000000000000000,0.30000001192092896
37.000000000000000,90.000000000000000,0.30000001192092896
38.000000000000000,90.000000000000000,0.30000001192092896
39.000000000000000,90.000000000000000,0.0000000000000000
40.000000000000000,90.000000000000000,0.0000000000000000
41.000000000000000,90.000000000000000,0.0000000000000000
42.000000000000000,90.000000000000000,0.0000000000000000
43.000000000000000,90.000000000000000,0.0000000000000000
44.000000000000000,90.000000000000000,0.0000000000000000
45.000000000000000,90.000000000000000,0.0000000000000000
46.000000000000000,90.000000000000000,0.0000000000000000
47.000000000000000,90.000000000000000,0.0000000000000000
48.000000000000000,90.000000000000000,0.0000000000000000
49.000000000000000,90.000000000000000,0.0000000000000000
50.000000000000000,90.000000000000000,0.0000000000000000
51.000000000000000,90.000000000000000,0.0000000000000000
52.000000000000000,90.000000000000000,0.0000000000000000
53.000000000000000,90.000000000000000,0.0000000000000000
54.000000000000000,90.000000000000000,0.0000000000000000
55.000000000000000,90.000000000000000,0.0000000000000000
56.000000000000000,90.000000000000000,0.0000000000000000
57.000000000000000,90.000000000000000,0.0000000000000000
58.000000000000000,90.000000000000000,0.0000000000000000
59.000000000000000,90.000000000000000,0.0000000000000000
60.000000000000000,90.000000000000000,0.0000000000000000
61.000000000000000,90.000000000000000,0.0000000000000000
62.000000000000000,90.000000000000000,0.0000000000000000
63.000000000000000,90.000000000000000,0.0000000000000000
64.000000000000000,90.000000000000000,0.0000000000000000
65.000000000000000,90.000000000000000,0.0000000000000000
66.000000000000000,90.000000000000000,0.0000000000000000
67.000000000000000,90.000000000000000,0.0000000000000000
68.000000000000000,90.000000000000000,0.0000000000000000
69.000000000000000,90.000000000000000,0.0000000000000000
70.000000000000000,90.000000000000000,0.0000000000000000
71.000000000000000,90.000000000000000,0.0000000000000000
72.000000000000000,90.000000000000000,0.0000000000000000
73.000000000000000,90.000000000000000,0.0000000000000000
74.000000000000000,90.000000000000000,0.0000000000000000
75.000000000000000,90.000000000000000,0.0000000000000000
76.000000000000000,90.000000000000000,0.0000000000000000
77.000000000000000,90.000000000000000,0.0000000000000000
78.000000000000000,90.000000000000000,0.0000000000000000
79.000000000000000,90.000000000000000,0.0000000000000000
80.000000000000000,90.000000000000000,0.0000000000000000
81.000000000000000,90.000000000000000,0.0000000000000000
82.000000000000000,90.000000000000000,0.0000000000000000
83.000000000000000,90.000000000000000,0.0000000000000000
84.000000000000000,90.000000000000000,0.0000000000000000
85.000000000000000,90.000000000000000,0.0000000000000000
86.000000000000000,90.000000000000000,0.0000000000000000
87.000000000000000,90.000000000000000,0.0000000000000000
88.000000000000000,90.000000000000000,0.0000000000000000
89.000000000000000,90.000000000000000,0.0000000000000000
90.000000000000000,90.000000000000000,0.0000000000000000
91.000000000000000,90.000000000000000,0.0000000000000000
92.000000000000000,90.000000000000000,0.0000000000000000
93.000000000000000,90.000000000000000,0.0000000000000000
94.000000000000000,90.000000000000000,0.0000000000000000
95.000000000000000,90.000000000000000,0.0000000000000000
96.000000000000000,90.000000000000000,0.0000000000000000
97.000000000000000,90.000000000000000,0.0000000000000000
98.000000000000000,90.000000000000000,0.0000000000000000
99.000000000000000,90.000000000000000,0.0000000000000000
100.00000000000000,90.000000000000000,0.0000000000000000
101.00000000000000,90.000000000000000,0.0000000000000000
102.00000000000000,90.000000000000000,0.0000000000000000
103.00000000000000,90.000000000000000,0.0000000000000000
104.00000000000000,90.000000000000000,0.0000000000000000
105.00000000000000,90.000000000000000,0.0000000000000000
106.00000000000000,90.000000000000000,0.0000000000000000
107.00000000000000,90.000000000000000,0.0000000000000000
108.00000000000000,90.000000000000000,0.0000000000000000
109.00000000000000,90.000000000000000,0.0000000000000000
110.00000000000000,90.000000000000000,0.0000000000000000
111.00000000000000,90.000000000000000,0.0000000000000000
112.00000000000000,90.000000000000000,0.0000000000000000
113.00000000000000,90.000000000000000,0.0000000000000000
1.0000000000000000,91.000000000000000,0.0000000000000000
2.0000000000000000,91.000000000000000,0.0000000000000000
3.0000000000000000,91.000000000000000,0.0000000000000000
4.0000000000000000,91.000000000000000,0.0000000000000000
5.0000000000000000,91.000000000000000,0.0000000000000000
6.0000000000000000,91.000000000000000,0.0000000000000000
7.0000000000000000,91.000000000000000,0.0000000000000000
8.0000000000000000,91.000000000000000,0.20000000298023224
9.0000000000000000,91.000000000000000,0.0000000000000000
10.000000000000000,91.000000000000000,0.0000000000000000
11.000000000000000,91.000000000000000,0.0000000000000000
12.000000000000000,91.000000000000000,0.0000000000000000
13.000000000000000,91.000000000000000,0.0000000000000000
14.000000000000000,91.000000000000000,0.0000000000000000
15.000000000000000,91.000000000000000,0.0000000000000000
16.000000000000000,91.000000000000000,0.0000000000000000
17.000000000000000,91.000000000000000,0.0000000000000000
18.000000000000000,91.000000000000000,0.0000000000000000
19.000000000000000,91.000000000000000,0.0000000000000000
20.000000000000000,91.000000000000000,0.0000000000000000
21.000000000000000,91.000000000000000,0.30000001192092896
22.000000000000000,91.000000000000000,0.30000001192092896
23.000000000000000,91.000000000000000,0.30000001192092896
24.000000000000000,91.000000000000000,0.50000000000000000
25.000000000000000,91.000000000000000,0.50000000000000000
26.000000000000000,91.000000000000000,0.50000000000000000
27.000000000000000,91.000000000000000,0.50000000000000000
28.000000000000000,91.000000000000000,0.50000000000000000
29.000000000000000,91.000000000000000,0.50000000000000000
30.000000000000000,91.000000000000000,0.30000001192092896
31.000000000000000,91.000000000000000,0.30000001192092896
32.000000000000000,91.000000000000000,0.30000001192092896
33.000000000000000,91.000000000000000,0.30000001192092896
34.000000000000000,91.000000000000000,0.30000001192092896
35.000000000000000,91.000000000000000,0.30000001192092896
36.000000000000000,91.000000000000000,0.30000001192092896
37.000000000000000,91.000000000000000,0.30000001192092896
38.000000000000000,91.000000000000000,0.30000001192092896
39.000000000000000,91.000000000000000,0.0000000000000000
40.000000000000000,91.000000000000000,0.0000000000000000
41.000000000000000,91.000000000000000,0.0000000000000000
42.000000000000000,91.000000000000000,0.0000000000000000
43.000000000000000,91.000000000000000,0.0000000000000000
44.000000000000000,91.000000000000000,0.0000000000000000
45.000000000000000,91.000000000000000,0.0000000000000000
46.000000000000000,91.000000000000000,0.0000000000000000
47.000000000000000,91.000000000000000,0.0000000000000000
48.000000000000000,91.000000000000000,0.0000000000000000
49.000000000000000,91.000000000000000,0.0000000000000000
50.000000000000000,91.000000000000000,0.0000000000000000
51.000000000000000,91.000000000000000,0.0000000000000000
52.000000000000000,91.000000000000000,0.0000000000000000
53.000000000000000,91.000000000000000,0.0000000000000000
54.000000000000000,91.000000000000000,0.0000000000000000
55.000000000000000,91.000000000000000,0.0000000000000000
56.000000000000000,91.000000000000000,0.0000000000000000
57.000000000000000,91.000000000000000,0.0000000000000000
58.000000000000000,91.000000000000000,0.0000000000000000
59.000000000000000,91.000000000000000,0.0000000000000000
60.000000000000000,91.000000000000000,0.0000000000000000
61.000000000000000,91.000000000000000,0.0000000000000000
62.000000000000000,91.000000000000000,0.0000000000000000
63.000000000000000,91.000000000000000,0.0000000000000000
64.000000000000000,91.000000000000000,0.0000000000000000
65.000000000000000,91.000000000000000,0.0000000000000000
66.000000000000000,91.000000000000000,0.0000000000000000
67.000000000000000,91.000000000000000,0.0000000000000000
68.000000000000000,91.000000000000000,0.0000000000000000
69.000000000000000,91.000000000000000,0.0000000000000000
70.000000000000000,91.000000000000000,0.0000000000000000
71.000000000000000,91.000000000000000,0.0000000000000000
72.000000000000000,91.000000000000000,0.0000000000000000
73.000000000000000,91.000000000000000,0.0000000000000000
74.000000000000000,91.000000000000000,0.0000000000000000
75.000000000000000,91.000000000000000,0.0000000000000000
76.000000000000000,91.000000000000000,0.0000000000000000
77.000000000000000,91.000000000000000,0.0000000000000000
78.000000000000000,91.000000000000000,0.0000000000000000
79.000000000000000,91.000000000000000,0.0000000000000000
80.000000000000000,91.000000000000000,0.0000000000000000
81.000000000000000,91.000000000000000,0.0000000000000000
82.000000000000000,91.000000000000000,0.0000000000000000
83.000000000000000,91.000000000000000,0.0000000000000000
84.000000000000000,91.000000000000000,0.0000000000000000
85.000000000000000,91.000000000000000,0.0000000000000000
86.000000000000000,91.000000000000000,0.0000000000000000
87.000000000000000,91.000000000000000,0.0000000000000000
88.000000000000000,91.000000000000000,0.0000000000000000
89.000000000000000,91.000000000000000,0.0000000000000000
90.000000000000000,91.000000000000000,0.0000000000000000
91.000000000000000,91.000000000000000,0.0000000000000000
92.000000000000000,91.000000000000000,0.0000000000000000
93.000000000000000,91.000000000000000,0.0000000000000000
94.000000000000000,91.000000000000000,0.0000000000000000
95.000000000000000,91.000000000000000,0.0000000000000000
96.000000000000000,91.000000000000000,0.0000000000000000
97.000000000000000,91.000000000000000,0.0000000000000000
98.000000000000000,91.000000000000000,0.0000000000000000
99.000000000000000,91.000000000000000,0.0000000000000000
100.00000000000000,91.000000000000000,0.0000000000000000
101.00000000000000,91.000000000000000,0.0000000000000000
102.00000000000000,91.000000000000000,0.0000000000000000
103.00000000000000,91.000000000000000,0.0000000000000000
104.00000000000000,91.000000000000000,0.0000000000000000
105.00000000000000,91.000000000000000,0.0000000000000000
106.00000000000000,91.000000000000000,0.0000000000000000
107.00000000000000,91.000000000000000,0.0000000000000000
108.00000000000000,91.000000000000000,0.0000000000000000
109.00000000000000,91.000000000000000,0.0000000000000000
110.00000000000000,91.000000000000000,0.0000000000000000
111.00000000000000,91.000000000000000,0.0000000000000000
112.00000000000000,91.000000000000000,0.0000000000000000
113.00000000000000,91.000000000000000,0.0000000000000000
1.0000000000000000,92.000000000000000,0.0000000000000000
2.0000000000000000,92.000000000000000,0.0000000000000000
3.0000000000000000,92.000000000000000,0.0000000000000000
4.0000000000000000,92.000000000000000,0.0000000000000000
5.0000000000000000,92.000000000000000,0.0000000000000000
6.0000000000000000,92.000000000000000,0.0000000000000000
7.0000000000000000,92.000000000000000,0.0000000000000000
8.0000000000000000,92.000000000000000,0.0000000000000000
9.0000000000000000,92.000000000000000,0.0000000000000000
10.000000000000000,92.000000000000000,0.0000000000000000
11.000000000000000,92.000000000000000,0.0000000000000000
12.000000000000000,92.000000000000000,0.0000000000000000
13.000000000000000,92.000000000000000,0.0000000000000000
14.000000000000000,92.000000000000000,0.0000000000000000
15.000000000000000,92.000000000000000,0.0000000000000000
16.000000000000000,92.000000000000000,0.0000000000000000
17.000000000000000,92.000000000000000,0.0000000000000000
18.000000000000000,92.000000000000000,0.0000000000000000
19.000000000000000,92.000000000000000,0.0000000000000000
20.000000000000000,92.000000000000000,0.0000000000000000
21.000000000000000,92.000000000000000,0.0000000000000000
22.000000000000000,92.000000000000000,0.0000000000000000
23.000000000000000,92.000000000000000,0.0000000000000000
24.000000000000000,92.000000000000000,0.30000001192092896
25.000000000000000,92.000000000000000,0.30000001192092896
26.000000000000000,92.000000000000000,0.30000001192092896
27.000000000000000,92.000000000000000,0.40000000596046448
28.000000000000000,92.000000000000000,0.40000000596046448
29.000000000000000,92.000000000000000,0.40000000596046448
30.000000000000000,92.000000000000000,0.30000001192092896
31.000000000000000,92.000000000000000,0.30000001192092896
32.000000000000000,92.000000000000000,0.30000001192092896
33.000000000000000,92.000000000000000,0.30000001192092896
34.000000000000000,92.000000000000000,0.30000001192092896
35.000000000000000,92.000000000000000,0.30000001192092896
36.000000000000000,92.000000000000000,0.20000000298023224
37.000000000000000,92.000000000000000,0.20000000298023224
38.000000000000000,92.000000000000000,0.20000000298023224
39.000000000000000,92.000000000000000,0.0000000000000000
40.000000000000000,92.000000000000000,0.0000000000000000
41.000000000000000,92.000000000000000,0.0000000000000000
42.000000000000000,92.000000000000000,0.0000000000000000
43.000000000000000,92.000000000000000,0.0000000000000000
44.000000000000000,92.000000000000000,0.0000000000000000
45.000000000000000,92.000000000000000,0.0000000000000000
46.000000000000000,92.000000000000000,0.0000000000000000
47.000000000000000,92.000000000000000,0.0000000000000000
48.000000000000000,92.000000000000000,0.0000000000000000
49.000000000000000,92.000000000000000,0.0000000000000000
50.000000000000000,92.000000000000000,0.0000000000000000
51.000000000000000,92.000000000000000,0.0000000000000000
52.000000000000000,92.000000000000000,0.0000000000000000
53.000000000000000,92.000000000000000,0.0000000000000000
54.000000000000000,92.000000000000000,0.0000000000000000
55.000000000000000,92.000000000000000,0.0000000000000000
56.000000000000000,92.000000000000000,0.0000000000000000
57.000000000000000,92.000000000000000,0.0000000000000000
58.000000000000000,92.000000000000000,0.0000000000000000
59.000000000000000,92.000000000000000,0.0000000000000000
60.000000000000000,92.000000000000000,0.0000000000000000
61.000000000000000,92.000000000000000,0.0000000000000000
62.000000000000000,92.000000000000000,0.0000000000000000
63.000000000000000,92.000000000000000,0.0000000000000000
64.000000000000000,92.000000000000000,0.0000000000000000
65.000000000000000,92.000000000000000,0.0000000000000000
66.000000000000000,92.000000000000000,0.10000000149011612
67.000000000000000,92.000000000000000,0.10000000149011612
68.000000000000000,92.000000000000000,0.10000000149011612
69.000000000000000,92.000000000000000,0.0000000000000000
70.000000000000000,92.000000000000000,0.0000000000000000
71.000000000000000,92.000000000000000,0.0000000000000000
72.000000000000000,92.000000000000000,0.0000000000000000
73.000000000000000,92.000000000000000,0.0000000000000000
74.000000000000000,92.000000000000000,0.0000000000000000
75.000000000000000,92.000000000000000,0.0000000000000000
76.000000000000000,92.000000000000000,0.0000000000000000
77.000000000000000,92.000000000000000,0.0000000000000000
78.000000000000000,92.000000000000000,0.0000000000000000
79.000000000000000,92.000000000000000,0.0000000000000000
80.000000000000000,92.000000000000000,0.0000000000000000
81.000000000000000,92.000000000000000,0.0000000000000000
82.000000000000000,92.000000000000000,0.0000000000000000
83.000000000000000,92.000000000000000,0.0000000000000000
84.000000000000000,92.000000000000000,0.0000000000000000
85.000000000000000,92.000000000000000,0.0000000000000000
86.000000000000000,92.000000000000000,0.0000000000000000
87.000000000000000,92.000000000000000,0.0000000000000000
88.000000000000000,92.000000000000000,0.0000000000000000
89.000000000000000,92.000000000000000,0.0000000000000000
90.000000000000000,92.000000000000000,0.0000000000000000
91.000000000000000,92.000000000000000,0.0000000000000000
92.000000000000000,92.000000000000000,0.0000000000000000
93.000000000000000,92.000000000000000,0.0000000000000000
94.000000000000000,92.000000000000000,0.0000000000000000
95.000000000000000,92.000000000000000,0.0000000000000000
96.000000000000000,92.000000000000000,0.0000000000000000
97.000000000000000,92.000000000000000,0.0000000000000000
98.000000000000000,92.000000000000000,0.0000000000000000
99.000000000000000,92.000000000000000,0.0000000000000000
100.00000000000000,92.000000000000000,0.0000000000000000
101.00000000000000,92.000000000000000,0.0000000000000000
102.00000000000000,92.000000000000000,0.0000000000000000
103.00000000000000,92.000000000000000,0.0000000000000000
104.00000000000000,92.000000000000000,0.0000000000000000
105.00000000000000,92.000000000000000,0.0000000000000000
106.00000000000000,92.000000000000000,0.0000000000000000
107.00000000000000,92.000000000000000,0.0000000000000000
108.00000000000000,92.000000000000000,0.0000000000000000
109.00000000000000,92.000000000000000,0.0000000000000000
110.00000000000000,92.000000000000000,0.0000000000000000
111.00000000000000,92.000000000000000,0.0000000000000000
112.00000000000000,92.000000000000000,0.0000000000000000
113.00000000000000,92.000000000000000,0.0000000000000000
1.0000000000000000,93.000000000000000,0.0000000000000000
2.0000000000000000,93.000000000000000,0.0000000000000000
3.0000000000000000,93.000000000000000,0.0000000000000000
4.0000000000000000,93.000000000000000,0.0000000000000000
5.0000000000000000,93.000000000000000,0.0000000000000000
6.0000000000000000,93.000000000000000,0.0000000000000000
7.0000000000000000,93.000000000000000,0.0000000000000000
8.0000000000000000,93.000000000000000,0.0000000000000000
9.0000000000000000,93.000000000000000,0.0000000000000000
10.000000000000000,93.000000000000000,0.0000000000000000
11.000000000000000,93.000000000000000,0.0000000000000000
12.000000000000000,93.000000000000000,0.0000000000000000
13.000000000000000,93.000000000000000,0.0000000000000000
14.000000000000000,93.000000000000000,0.0000000000000000
15.000000000000000,93.000000000000000,0.0000000000000000
16.000000000000000,93.000000000000000,0.0000000000000000
17.000000000000000,93.000000000000000,0.0000000000000000
18.000000000000000,93.000000000000000,0.0000000000000000
19.000000000000000,93.000000000000000,0.0000000000000000
20.000000000000000,93.000000000000000,0.0000000000000000
21.000000000000000,93.000000000000000,0.0000000000000000
22.000000000000000,93.000000000000000,0.0000000000000000
23.000000000000000,93.000000000000000,0.0000000000000000
24.000000000000000,93.000000000000000,0.30000001192092896
25.000000000000000,93.000000000000000,0.30000001192092896
26.000000000000000,93.000000000000000,0.30000001192092896
27.000000000000000,93.000000000000000,0.40000000596046448
28.000000000000000,93.000000000000000,0.40000000596046448
29.000000000000000,93.000000000000000,0.40000000596046448
30.000000000000000,93.000000000000000,0.30000001192092896
31.000000000000000,93.000000000000000,0.30000001192092896
32.000000000000000,93.000000000000000,0.30000001192092896
33.000000000000000,93.000000000000000,0.30000001192092896
34.000000000000000,93.000000000000000,0.30000001192092896
35.000000000000000,93.000000000000000,0.30000001192092896
36.000000000000000,93.000000000000000,0.20000000298023224
37.000000000000000,93.000000000000000,0.20000000298023224
38.000000000000000,93.000000000000000,0.20000000298023224
39.000000000000000,93.000000000000000,0.0000000000000000
40.000000000000000,93.000000000000000,0.0000000000000000
41.000000000000000,93.000000000000000,0.0000000000000000
42.000000000000000,93.000000000000000,0.0000000000000000
43.000000000000000,93.000000000000000,0.0000000000000000
44.000000000000000,93.000000000000000,0.0000000000000000
45.000000000000000,93.000000000000000,0.0000000000000000
46.000000000000000,93.000000000000000,0.0000000000000000
47.000000000000000,93.000000000000000,0.0000000000000000
48.000000000000000,93.000000000000000,0.0000000000000000
49.000000000000000,93.000000000000000,0.0000000000000000
50.000000000000000,93.000000000000000,0.0000000000000000
51.000000000000000,93.000000000000000,0.0000000000000000
52.000000000000000,93.000000000000000,0.0000000000000000
53.000000000000000,93.000000000000000,0.0000000000000000
54.000000000000000,93.000000000000000,0.0000000000000000
55.000000000000000,93.000000000000000,0.0000000000000000
56.000000000000000,93.000000000000000,0.0000000000000000
57.000000000000000,93.000000000000000,0.0000000000000000
58.000000000000000,93.000000000000000,0.0000000000000000
59.000000000000000,93.000000000000000,0.0000000000000000
60.000000000000000,93.000000000000000,0.0000000000000000
61.000000000000000,93.000000000000000,0.0000000000000000
62.000000000000000,93.000000000000000,0.0000000000000000
63.000000000000000,93.000000000000000,0.0000000000000000
64.000000000000000,93.000000000000000,0.0000000000000000
65.000000000000000,93.000000000000000,0.0000000000000000
66.000000000000000,93.000000000000000,0.10000000149011612
67.000000000000000,93.000000000000000,0.10000000149011612
68.000000000000000,93.000000000000000,0.10000000149011612
69.000000000000000,93.000000000000000,0.0000000000000000
70.000000000000000,93.000000000000000,0.0000000000000000
71.000000000000000,93.000000000000000,0.0000000000000000
72.000000000000000,93.000000000000000,0.0000000000000000
73.000000000000000,93.000000000000000,0.0000000000000000
74.000000000000000,93.000000000000000,0.0000000000000000
75.000000000000000,93.000000000000000,0.0000000000000000
76.000000000000000,93.000000000000000,0.0000000000000000
77.000000000000000,93.000000000000000,0.0000000000000000
78.000000000000000,93.000000000000000,0.0000000000000000
79.000000000000000,93.000000000000000,0.0000000000000000
80.000000000000000,93.000000000000000,0.0000000000000000
81.000000000000000,93.000000000000000,0.0000000000000000
82.000000000000000,93.000000000000000,0.0000000000000000
83.000000000000000,93.000000000000000,0.0000000000000000
84.000000000000000,93.000000000000000,0.0000000000000000
85.000000000000000,93.000000000000000,0.0000000000000000
86.000000000000000,93.000000000000000,0.0000000000000000
87.000000000000000,93.000000000000000,0.0000000000000000
88.000000000000000,93.000000000000000,0.0000000000000000
89.000000000000000,93.000000000000000,0.0000000000000000
90.000000000000000,93.000000000000000,0.0000000000000000
91.000000000000000,93.000000000000000,0.0000000000000000
92.000000000000000,93.000000000000000,0.0000000000000000
93.000000000000000,93.000000000000000,0.0000000000000000
94.000000000000000,93.000000000000000,0.0000000000000000
95.000000000000000,93.000000000000000,0.0000000000000000
96.000000000000000,93.000000000000000,0.0000000000000000
97.000000000000000,93.000000000000000,0.0000000000000000
98.000000000000000,93.000000000000000,0.0000000000000000
99.000000000000000,93.000000000000000,0.0000000000000000
100.00000000000000,93.000000000000000,0.0000000000000000
101.00000000000000,93.000000000000000,0.0000000000000000
102.00000000000000,93.000000000000000,0.0000000000000000
103.00000000000000,93.000000000000000,0.0000000000000000
104.00000000000000,93.000000000000000,0.0000000000000000
105.00000000000000,93.000000000000000,0.0000000000000000
106.00000000000000,93.000000000000000,0.0000000000000000
107.00000000000000,93.000000000000000,0.0000000000000000
108.00000000000000,93.000000000000000,0.0000000000000000
109.00000000000000,93.000000000000000,0.0000000000000000
110.00000000000000,93.000000000000000,0.0000000000000000
111.00000000000000,93.000000000000000,0.0000000000000000
112.00000000000000,93.000000000000000,0.0000000000000000
113.00000000000000,93.000000000000000,0.0000000000000000
1.0000000000000000,94.000000000000000,0.0000000000000000
2.0000000000000000,94.000000000000000,0.0000000000000000
3.0000000000000000,94.000000000000000,0.0000000000000000
4.0000000000000000,94.000000000000000,0.0000000000000000
5.0000000000000000,94.000000000000000,0.0000000000000000
6.0000000000000000,94.000000000000000,0.0000000000000000
7.0000000000000000,94.000000000000000,0.0000000000000000
8.0000000000000000,94.000000000000000,0.0000000000000000
9.0000000000000000,94.000000000000000,0.0000000000000000
10.000000000000000,94.000000000000000,0.0000000000000000
11.000000000000000,94.000000000000000,0.0000000000000000
12.000000000000000,94.000000000000000,0.0000000000000000
13.000000000000000,94.000000000000000,0.0000000000000000
14.000000000000000,94.000000000000000,0.0000000000000000
15.000000000000000,94.000000000000000,0.0000000000000000
16.000000000000000,94.000000000000000,0.0000000000000000
17.000000000000000,94.000000000000000,0.0000000000000000
18.000000000000000,94.000000000000000,0.0000000000000000
19.000000000000000,94.000000000000000,0.0000000000000000
20.000000000000000,94.000000000000000,0.0000000000000000
21.000000000000000,94.000000000000000,0.0000000000000000
22.000000000000000,94.000000000000000,0.0000000000000000
23.000000000000000,94.000000000000000,0.0000000000000000
24.000000000000000,94.000000000000000,0.30000001192092896
25.000000000000000,94.000000000000000,0.30000001192092896
26.000000000000000,94.000000000000000,0.30000001192092896
27.000000000000000,94.000000000000000,0.40000000596046448
28.000000000000000,94.000000000000000,0.40000000596046448
29.000000000000000,94.000000000000000,0.40000000596046448
30.000000000000000,94.000000000000000,0.30000001192092896
31.000000000000000,94.000000000000000,0.30000001192092896
32.000000000000000,94.000000000000000,0.30000001192092896
33.000000000000000,94.000000000000000,0.30000001192092896
34.000000000000000,94.000000000000000,0.30000001192092896
35.000000000000000,94.000000000000000,0.30000001192092896
36.000000000000000,94.000000000000000,0.20000000298023224
37.000000000000000,94.000000000000000,0.20000000298023224
38.000000000000000,94.000000000000000,0.20000000298023224
39.000000000000000,94.000000000000000,0.0000000000000000
40.000000000000000,94.000000000000000,0.0000000000000000
41.000000000000000,94.000000000000000,0.0000000000000000
42.000000000000000,94.000000000000000,0.0000000000000000
43.000000000000000,94.000000000000000,0.0000000000000000
44.000000000000000,94.000000000000000,0.0000000000000000
45.000000000000000,94.000000000000000,0.0000000000000000
46.000000000000000,94.000000000000000,0.0000000000000000
47.000000000000000,94.000000000000000,0.0000000000000000
48.000000000000000,94.000000000000000,0.0000000000000000
49.000000000000000,94.000000000000000,0.0000000000000000
50.000000000000000,94.000000000000000,0.0000000000000000
51.000000000000000,94.000000000000000,0.0000000000000000
52.000000000000000,94.000000000000000,0.0000000000000000
53.000000000000000,94.000000000000000,0.0000000000000000
54.000000000000000,94.000000000000000,0.0000000000000000
55.000000000000000,94.000000000000000,0.0000000000000000
56.000000000000000,94.000000000000000,0.0000000000000000
57.000000000000000,94.000000000000000,0.0000000000000000
58.000000000000000,94.000000000000000,0.0000000000000000
59.000000000000000,94.000000000000000,0.0000000000000000
60.000000000000000,94.000000000000000,0.0000000000000000
61.000000000000000,94.000000000000000,0.0000000000000000
62.000000000000000,94.000000000000000,0.0000000000000000
63.000000000000000,94.000000000000000,0.0000000000000000
64.000000000000000,94.000000000000000,0.0000000000000000
65.000000000000000,94.000000000000000,0.0000000000000000
66.000000000000000,94.000000000000000,0.10000000149011612
67.000000000000000,94.000000000000000,0.10000000149011612
68.000000000000000,94.000000000000000,0.10000000149011612
69.000000000000000,94.000000000000000,0.0000000000000000
70.000000000000000,94.000000000000000,0.0000000000000000
71.000000000000000,94.000000000000000,0.0000000000000000
72.000000000000000,94.000000000000000,0.0000000000000000
73.000000000000000,94.000000000000000,0.0000000000000000
74.000000000000000,94.000000000000000,0.0000000000000000
75.000000000000000,94.000000000000000,0.0000000000000000
76.000000000000000,94.000000000000000,0.0000000000000000
77.000000000000000,94.000000000000000,0.0000000000000000
78.000000000000000,94.000000000000000,0.0000000000000000
79.000000000000000,94.000000000000000,0.0000000000000000
80.000000000000000,94.000000000000000,0.0000000000000000
81.000000000000000,94.000000000000000,0.0000000000000000
82.000000000000000,94.000000000000000,0.0000000000000000
83.000000000000000,94.000000000000000,0.0000000000000000
84.000000000000000,94.000000000000000,0.0000000000000000
85.000000000000000,94.000000000000000,0.0000000000000000
86.000000000000000,94.000000000000000,0.0000000000000000
87.000000000000000,94.000000000000000,0.0000000000000000
88.000000000000000,94.000000000000000,0.0000000000000000
89.000000000000000,94.000000000000000,0.0000000000000000
90.000000000000000,94.000000000000000,0.0000000000000000
91.000000000000000,94.000000000000000,0.0000000000000000
92.000000000000000,94.000000000000000,0.0000000000000000
93.000000000000000,94.000000000000000,0.0000000000000000
94.000000000000000,94.000000000000000,0.0000000000000000
95.000000000000000,94.000000000000000,0.0000000000000000
96.000000000000000,94.000000000000000,0.0000000000000000
97.000000000000000,94.000000000000000,0.0000000000000000
98.000000000000000,94.000000000000000,0.0000000000000000
99.000000000000000,94.000000000000000,0.0000000000000000
100.00000000000000,94.000000000000000,0.0000000000000000
101.00000000000000,94.000000000000000,0.0000000000000000
102.00000000000000,94.000000000000000,0.0000000000000000
103.00000000000000,94.000000000000000,0.0000000000000000
104.00000000000000,94.000000000000000,0.0000000000000000
105.00000000000000,94.000000000000000,0.0000000000000000
106.00000000000000,94.000000000000000,0.0000000000000000
107.00000000000000,94.000000000000000,0.0000000000000000
108.00000000000000,94.000000000000000,0.0000000000000000
109.00000000000000,94.000000000000000,0.0000000000000000
110.00000000000000,94.000000000000000,0.0000000000000000
111.00000000000000,94.000000000000000,0.0000000000000000
112.00000000000000,94.000000000000000,0.0000000000000000
113.00000000000000,94.000000000000000,0.0000000000000000
1.0000000000000000,95.000000000000000,0.0000000000000000
2.0000000000000000,95.000000000000000,0.0000000000000000
3.0000000000000000,95.000000000000000,0.0000000000000000
4.0000000000000000,95.000000000000000,0.0000000000000000
5.0000000000000000,95.000000000000000,0.0000000000000000
6.0000000000000000,95.000000000000000,0.0000000000000000
7.0000000000000000,95.000000000000000,0.0000000000000000
8.0000000000000000,95.000000000000000,0.0000000000000000
9.0000000000000000,95.000000000000000,0.0000000000000000
10.000000000000000,95.000000000000000,0.0000000000000000
11.000000000000000,95.000000000000000,0.0000000000000000
12.000000000000000,95.000000000000000,0.0000000000000000
13.000000000000000,95.000000000000000,0.0000000000000000
14.000000000000000,95.000000000000000,0.0000000000000000
15.000000000000000,95.000000000000000,0.0000000000000000
16.000000000000000,95.000000000000000,0.0000000000000000
17.000000000000000,95.000000000000000,0.0000000000000000
18.000000000000000,95.000000000000000,0.0000000000000000
19.000000000000000,95.000000000000000,0.0000000000000000
20.000000000000000,95.000000000000000,0.0000000000000000
21.000000000000000,95.000000000000000,0.0000000000000000
22.000000000000000,95.000000000000000,0.0000000000000000
23.000000000000000,95.000000000000000,0.0000000000000000
24.000000000000000,95.000000000000000,0.20000000298023224
25.000000000000000,95.000000000000000,0.20000000298023224
26.000000000000000,95.000000000000000,0.20000000298023224
27.000000000000000,95.000000000000000,0.30000001192092896
28.000000000000000,95.000000000000000,0.30000001192092896
29.000000000000000,95.000000000000000,0.30000001192092896
30.000000000000000,95.000000000000000,0.20000000298023224
31.000000000000000,95.000000000000000,0.20000000298023224
32.000000000000000,95.000000000000000,0.20000000298023224
33.000000000000000,95.000000000000000,0.20000000298023224
34.000000000000000,95.000000000000000,0.20000000298023224
35.000000000000000,95.000000000000000,0.20000000298023224
36.000000000000000,95.000000000000000,0.20000000298023224
37.000000000000000,95.000000000000000,0.20000000298023224
38.000000000000000,95.000000000000000,0.20000000298023224
39.000000000000000,95.000000000000000,0.0000000000000000
40.000000000000000,95.000000000000000,0.0000000000000000
41.000000000000000,95.000000000000000,0.0000000000000000
42.000000000000000,95.000000000000000,0.0000000000000000
43.000000000000000,95.000000000000000,0.0000000000000000
44.000000000000000,95.000000000000000,0.0000000000000000
45.000000000000000,95.000000000000000,0.0000000000000000
46.000000000000000,95.000000000000000,0.0000000000000000
47.000000000000000,95.000000000000000,0.0000000000000000
48.000000000000000,95.000000000000000,0.0000000000000000
49.000000000000000,95.000000000000000,0.0000000000000000
50.000000000000000,95.000000000000000,0.0000000000000000
51.000000000000000,95.000000000000000,0.0000000000000000
52.000000000000000,95.000000000000000,0.0000000000000000
53.000000000000000,95.000000000000000,0.0000000000000000
54.000000000000000,95.000000000000000,0.0000000000000000
55.000000000000000,95.000000000000000,0.0000000000000000
56.000000000000000,95.000000000000000,0.0000000000000000
57.000000000000000,95.000000000000000,0.0000000000000000
58.000000000000000,95.000000000000000,0.0000000000000000
59.000000000000000,95.000000000000000,0.0000000000000000
60.000000000000000,95.000000000000000,0.0000000000000000
61.000000000000000,95.000000000000000,0.0000000000000000
62.000000000000000,95.000000000000000,0.0000000000000000
63.000000000000000,95.000000000000000,0.0000000000000000
64.000000000000000,95.000000000000000,0.0000000000000000
65.000000000000000,95.000000000000000,0.0000000000000000
66.000000000000000,95.000000000000000,0.0000000000000000
67.000000000000000,95.000000000000000,0.0000000000000000
68.000000000000000,95.000000000000000,0.0000000000000000
69.000000000000000,95.000000000000000,0.0000000000000000
70.000000000000000,95.000000000000000,0.0000000000000000
71.000000000000000,95.000000000000000,0.0000000000000000
72.000000000000000,95.000000000000000,0.0000000000000000
73.000000000000000,95.000000000000000,0.0000000000000000
74.000000000000000,95.000000000000000,0.0000000000000000
75.000000000000000,95.000000000000000,0.0000000000000000
76.000000000000000,95.000000000000000,0.0000000000000000
77.000000000000000,95.000000000000000,0.0000000000000000
78.000000000000000,95.000000000000000,0.0000000000000000
79.000000000000000,95.000000000000000,0.0000000000000000
80.000000000000000,95.000000000000000,0.0000000000000000
81.000000000000000,95.000000000000000,0.0000000000000000
82.000000000000000,95.000000000000000,0.0000000000000000
83.000000000000000,95.000000000000000,0.0000000000000000
84.000000000000000,95.000000000000000,0.0000000000000000
85.000000000000000,95.000000000000000,0.0000000000000000
86.000000000000000,95.000000000000000,0.0000000000000000
87.000000000000000,95.000000000000000,0.0000000000000000
88.000000000000000,95.000000000000000,0.0000000000000000
89.000000000000000,95.000000000000000,0.0000000000000000
90.000000000000000,95.000000000000000,0.0000000000000000
91.000000000000000,95.000000000000000,0.0000000000000000
92.000000000000000,95.000000000000000,0.0000000000000000
93.000000000000000,95.000000000000000,0.0000000000000000
94.000000000000000,95.000000000000000,0.0000000000000000
95.000000000000000,95.000000000000000,0.0000000000000000
96.000000000000000,95.000000000000000,0.0000000000000000
97.000000000000000,95.000000000000000,0.0000000000000000
98.000000000000000,95.000000000000000,0.0000000000000000
99.000000000000000,95.000000000000000,0.0000000000000000
100.00000000000000,95.000000000000000,0.0000000000000000
101.00000000000000,95.000000000000000,0.0000000000000000
102.00000000000000,95.000000000000000,0.0000000000000000
103.00000000000000,95.000000000000000,0.0000000000000000
104.00000000000000,95.000000000000000,0.0000000000000000
105.00000000000000,95.000000000000000,0.0000000000000000
106.00000000000000,95.000000000000000,0.0000000000000000
107.00000000000000,95.000000000000000,0.0000000000000000
108.00000000000000,95.000000000000000,0.0000000000000000
109.00000000000000,95.000000000000000,0.0000000000000000
110.00000000000000,95.000000000000000,0.0000000000000000
111.00000000000000,95.000000000000000,0.0000000000000000
112.00000000000000,95.000000000000000,0.0000000000000000
113.00000000000000,95.000000000000000,0.0000000000000000
1.0000000000000000,96.000000000000000,0.0000000000000000
2.0000000000000000,96.000000000000000,0.0000000000000000
3.0000000000000000,96.000000000000000,0.0000000000000000
4.0000000000000000,96.000000000000000,0.0000000000000000
5.0000000000000000,96.000000000000000,0.0000000000000000
6.0000000000000000,96.000000000000000,0.0000000000000000
7.0000000000000000,96.000000000000000,0.0000000000000000
8.0000000000000000,96.000000000000000,0.0000000000000000
9.0000000000000000,96.000000000000000,0.0000000000000000
10.000000000000000,96.000000000000000,0.0000000000000000
11.000000000000000,96.000000000000000,0.0000000000000000
12.000000000000000,96.000000000000000,0.0000000000000000
13.000000000000000,96.000000000000000,0.0000000000000000
14.000000000000000,96.000000000000000,0.0000000000000000
15.000000000000000,96.000000000000000,0.0000000000000000
16.000000000000000,96.000000000000000,0.0000000000000000
17.000000000000000,96.000000000000000,0.0000000000000000
18.000000000000000,96.000000000000000,0.0000000000000000
19.000000000000000,96.000000000000000,0.0000000000000000
20.000000000000000,96.000000000000000,0.0000000000000000
21.000000000000000,96.000000000000000,0.0000000000000000
22.000000000000000,96.000000000000000,0.0000000000000000
23.000000000000000,96.000000000000000,0.0000000000000000
24.000000000000000,96.000000000000000,0.20000000298023224
25.000000000000000,96.000000000000000,0.20000000298023224
26.000000000000000,96.000000000000000,0.20000000298023224
27.000000000000000,96.000000000000000,0.30000001192092896
28.000000000000000,96.000000000000000,0.30000001192092896
29.000000000000000,96.000000000000000,0.30000001192092896
30.000000000000000,96.000000000000000,0.20000000298023224
31.000000000000000,96.000000000000000,0.20000000298023224
32.000000000000000,96.000000000000000,0.20000000298023224
33.000000000000000,96.000000000000000,0.20000000298023224
34.000000000000000,96.000000000000000,0.20000000298023224
35.000000000000000,96.000000000000000,0.20000000298023224
36.000000000000000,96.000000000000000,0.20000000298023224
37.000000000000000,96.000000000000000,0.20000000298023224
38.000000000000000,96.000000000000000,0.20000000298023224
39.000000000000000,96.000000000000000,0.0000000000000000
40.000000000000000,96.000000000000000,0.0000000000000000
41.000000000000000,96.000000000000000,0.0000000000000000
42.000000000000000,96.000000000000000,0.0000000000000000
43.000000000000000,96.000000000000000,0.0000000000000000
44.000000000000000,96.000000000000000,0.0000000000000000
45.000000000000000,96.000000000000000,0.0000000000000000
46.000000000000000,96.000000000000000,0.0000000000000000
47.000000000000000,96.000000000000000,0.0000000000000000
48.000000000000000,96.000000000000000,0.0000000000000000
49.000000000000000,96.000000000000000,0.0000000000000000
50.000000000000000,96.000000000000000,0.0000000000000000
51.000000000000000,96.000000000000000,0.0000000000000000
52.000000000000000,96.000000000000000,0.0000000000000000
53.000000000000000,96.000000000000000,0.0000000000000000
54.000000000000000,96.000000000000000,0.0000000000000000
55.000000000000000,96.000000000000000,0.0000000000000000
56.000000000000000,96.000000000000000,0.0000000000000000
57.000000000000000,96.000000000000000,0.0000000000000000
58.000000000000000,96.000000000000000,0.0000000000000000
59.000000000000000,96.000000000000000,0.0000000000000000
60.000000000000000,96.000000000000000,0.0000000000000000
61.000000000000000,96.000000000000000,0.0000000000000000
62.000000000000000,96.000000000000000,0.0000000000000000
63.000000000000000,96.000000000000000,0.0000000000000000
64.000000000000000,96.000000000000000,0.0000000000000000
65.000000000000000,96.000000000000000,0.0000000000000000
66.000000000000000,96.000000000000000,0.0000000000000000
67.000000000000000,96.000000000000000,0.0000000000000000
68.000000000000000,96.000000000000000,0.0000000000000000
69.000000000000000,96.000000000000000,0.0000000000000000
70.000000000000000,96.000000000000000,0.0000000000000000
71.000000000000000,96.000000000000000,0.0000000000000000
72.000000000000000,96.000000000000000,0.0000000000000000
73.000000000000000,96.000000000000000,0.0000000000000000
74.000000000000000,96.000000000000000,0.0000000000000000
75.000000000000000,96.000000000000000,0.0000000000000000
76.000000000000000,96.000000000000000,0.0000000000000000
77.000000000000000,96.000000000000000,0.0000000000000000
78.000000000000000,96.000000000000000,0.0000000000000000
79.000000000000000,96.000000000000000,0.0000000000000000
80.000000000000000,96.000000000000000,0.0000000000000000
81.000000000000000,96.000000000000000,0.0000000000000000
82.000000000000000,96.000000000000000,0.0000000000000000
83.000000000000000,96.000000000000000,0.0000000000000000
84.000000000000000,96.000000000000000,0.0000000000000000
85.000000000000000,96.000000000000000,0.0000000000000000
86.000000000000000,96.000000000000000,0.0000000000000000
87.000000000000000,96.000000000000000,0.0000000000000000
88.000000000000000,96.000000000000000,0.0000000000000000
89.000000000000000,96.000000000000000,0.0000000000000000
90.000000000000000,96.000000000000000,0.0000000000000000
91.000000000000000,96.000000000000000,0.0000000000000000
92.000000000000000,96.000000000000000,0.0000000000000000
93.000000000000000,96.000000000000000,0.0000000000000000
94.000000000000000,96.000000000000000,0.0000000000000000
95.000000000000000,96.000000000000000,0.0000000000000000
96.000000000000000,96.000000000000000,0.0000000000000000
97.000000000000000,96.000000000000000,0.0000000000000000
98.000000000000000,96.000000000000000,0.0000000000000000
99.000000000000000,96.000000000000000,0.0000000000000000
100.00000000000000,96.000000000000000,0.0000000000000000
101.00000000000000,96.000000000000000,0.0000000000000000
102.00000000000000,96.000000000000000,0.0000000000000000
103.00000000000000,96.000000000000000,0.0000000000000000
104.00000000000000,96.000000000000000,0.0000000000000000
105.00000000000000,96.000000000000000,0.0000000000000000
106.00000000000000,96.000000000000000,0.0000000000000000
107.00000000000000,96.000000000000000,0.0000000000000000
108.00000000000000,96.000000000000000,0.0000000000000000
109.00000000000000,96.000000000000000,0.0000000000000000
110.00000000000000,96.000000000000000,0.0000000000000000
111.00000000000000,96.000000000000000,0.0000000000000000
112.00000000000000,96.000000000000000,0.0000000000000000
113.00000000000000,96.000000000000000,0.0000000000000000
1.0000000000000000,97.000000000000000,0.0000000000000000
2.0000000000000000,97.000000000000000,0.0000000000000000
3.0000000000000000,97.000000000000000,0.0000000000000000
4.0000000000000000,97.000000000000000,0.0000000000000000
5.0000000000000000,97.000000000000000,0.0000000000000000
6.0000000000000000,97.000000000000000,0.0000000000000000
7.0000000000000000,97.000000000000000,0.0000000000000000
8.0000000000000000,97.000000000000000,0.0000000000000000
9.0000000000000000,97.000000000000000,0.0000000000000000
10.000000000000000,97.000000000000000,0.0000000000000000
11.000000000000000,97.000000000000000,0.0000000000000000
12.000000000000000,97.000000000000000,0.0000000000000000
13.000000000000000,97.000000000000000,0.0000000000000000
14.000000000000000,97.000000000000000,0.0000000000000000
15.000000000000000,97.000000000000000,0.0000000000000000
16.000000000000000,97.000000000000000,0.0000000000000000
17.000000000000000,97.000000000000000,0.0000000000000000
18.000000000000000,97.000000000000000,0.0000000000000000
19.000000000000000,97.000000000000000,0.0000000000000000
20.000000000000000,97.000000000000000,0.0000000000000000
21.000000000000000,97.000000000000000,0.0000000000000000
22.000000000000000,97.000000000000000,0.0000000000000000
23.000000000000000,97.000000000000000,0.0000000000000000
24.000000000000000,97.000000000000000,0.20000000298023224
25.000000000000000,97.000000000000000,0.20000000298023224
26.000000000000000,97.000000000000000,0.20000000298023224
27.000000000000000,97.000000000000000,0.30000001192092896
28.000000000000000,97.000000000000000,0.30000001192092896
29.000000000000000,97.000000000000000,0.30000001192092896
30.000000000000000,97.000000000000000,0.20000000298023224
31.000000000000000,97.000000000000000,0.20000000298023224
32.000000000000000,97.000000000000000,0.20000000298023224
33.000000000000000,97.000000000000000,0.20000000298023224
34.000000000000000,97.000000000000000,0.20000000298023224
35.000000000000000,97.000000000000000,0.20000000298023224
36.000000000000000,97.000000000000000,0.20000000298023224
37.000000000000000,97.000000000000000,0.20000000298023224
38.000000000000000,97.000000000000000,0.20000000298023224
39.000000000000000,97.000000000000000,0.0000000000000000
40.000000000000000,97.000000000000000,0.0000000000000000
41.000000000000000,97.000000000000000,0.0000000000000000
42.000000000000000,97.000000000000000,0.0000000000000000
43.000000000000000,97.000000000000000,0.0000000000000000
44.000000000000000,97.000000000000000,0.0000000000000000
45.000000000000000,97.000000000000000,0.0000000000000000
46.000000000000000,97.000000000000000,0.0000000000000000
47.000000000000000,97.000000000000000,0.0000000000000000
48.000000000000000,97.000000000000000,0.0000000000000000
49.000000000000000,97.000000000000000,0.0000000000000000
50.000000000000000,97.000000000000000,0.0000000000000000
51.000000000000000,97.000000000000000,0.0000000000000000
52.000000000000000,97.000000000000000,0.0000000000000000
53.000000000000000,97.000000000000000,0.0000000000000000
54.000000000000000,97.000000000000000,0.0000000000000000
55.000000000000000,97.000000000000000,0.0000000000000000
56.000000000000000,97.000000000000000,0.0000000000000000
57.000000000000000,97.000000000000000,0.0000000000000000
58.000000000000000,97.000000000000000,0.0000000000000000
59.000000000000000,97.000000000000000,0.0000000000000000
60.000000000000000,97.000000000000000,0.0000000000000000
61.000000000000000,97.000000000000000,0.0000000000000000
62.000000000000000,97.000000000000000,0.0000000000000000
63.000000000000000,97.000000000000000,0.0000000000000000
64.000000000000000,97.000000000000000,0.0000000000000000
65.000000000000000,97.000000000000000,0.0000000000000000
66.000000000000000,97.000000000000000,0.0000000000000000
67.000000000000000,97.000000000000000,0.0000000000000000
68.000000000000000,97.000000000000000,0.0000000000000000
69.000000000000000,97.000000000000000,0.0000000000000000
70.000000000000000,97.000000000000000,0.0000000000000000
71.000000000000000,97.000000000000000,0.0000000000000000
72.000000000000000,97.000000000000000,0.0000000000000000
73.000000000000000,97.000000000000000,0.0000000000000000
74.000000000000000,97.000000000000000,0.0000000000000000
75.000000000000000,97.000000000000000,0.0000000000000000
76.000000000000000,97.000000000000000,0.0000000000000000
77.000000000000000,97.000000000000000,0.0000000000000000
78.000000000000000,97.000000000000000,0.0000000000000000
79.000000000000000,97.000000000000000,0.0000000000000000
80.000000000000000,97.000000000000000,0.0000000000000000
81.000000000000000,97.000000000000000,0.0000000000000000
82.000000000000000,97.000000000000000,0.0000000000000000
83.000000000000000,97.000000000000000,0.0000000000000000
84.000000000000000,97.000000000000000,0.0000000000000000
85.000000000000000,97.000000000000000,0.0000000000000000
86.000000000000000,97.000000000000000,0.0000000000000000
87.000000000000000,97.000000000000000,0.0000000000000000
88.000000000000000,97.000000000000000,0.0000000000000000
89.000000000000000,97.000000000000000,0.0000000000000000
90.000000000000000,97.000000000000000,0.0000000000000000
91.000000000000000,97.000000000000000,0.0000000000000000
92.000000000000000,97.000000000000000,0.0000000000000000
93.000000000000000,97.000000000000000,0.0000000000000000
94.000000000000000,97.000000000000000,0.0000000000000000
95.000000000000000,97.000000000000000,0.0000000000000000
96.000000000000000,97.000000000000000,0.0000000000000000
97.000000000000000,97.000000000000000,0.0000000000000000
98.000000000000000,97.000000000000000,0.0000000000000000
99.000000000000000,97.000000000000000,0.0000000000000000
100.00000000000000,97.000000000000000,0.0000000000000000
101.00000000000000,97.000000000000000,0.0000000000000000
102.00000000000000,97.000000000000000,0.0000000000000000
103.00000000000000,97.000000000000000,0.0000000000000000
104.00000000000000,97.000000000000000,0.0000000000000000
105.00000000000000,97.000000000000000,0.0000000000000000
106.00000000000000,97.000000000000000,0.0000000000000000
107.00000000000000,97.000000000000000,0.0000000000000000
108.00000000000000,97.000000000000000,0.0000000000000000
109.00000000000000,97.000000000000000,0.0000000000000000
110.00000000000000,97.000000000000000,0.0000000000000000
111.00000000000000,97.000000000000000,0.0000000000000000
112.00000000000000,97.000000000000000,0.0000000000000000
113.00000000000000,97.000000000000000,0.0000000000000000
1.0000000000000000,98.000000000000000,0.0000000000000000
2.0000000000000000,98.000000000000000,0.0000000000000000
3.0000000000000000,98.000000000000000,0.0000000000000000
4.0000000000000000,98.000000000000000,0.0000000000000000
5.0000000000000000,98.000000000000000,0.0000000000000000
6.0000000000000000,98.000000000000000,0.0000000000000000
7.0000000000000000,98.000000000000000,0.0000000000000000
8.0000000000000000,98.000000000000000,0.0000000000000000
9.0000000000000000,98.000000000000000,0.0000000000000000
10.000000000000000,98.000000000000000,0.0000000000000000
11.000000000000000,98.000000000000000,0.0000000000000000
12.000000000000000,98.000000000000000,0.0000000000000000
13.000000000000000,98.000000000000000,0.0000000000000000
14.000000000000000,98.000000000000000,0.0000000000000000
15.000000000000000,98.000000000000000,0.0000000000000000
16.000000000000000,98.000000000000000,0.0000000000000000
17.000000000000000,98.000000000000000,0.0000000000000000
18.000000000000000,98.000000000000000,0.0000000000000000
19.000000000000000,98.000000000000000,0.0000000000000000
20.000000000000000,98.000000000000000,0.0000000000000000
21.000000000000000,98.000000000000000,0.0000000000000000
22.000000000000000,98.000000000000000,0.0000000000000000
23.000000000000000,98.000000000000000,0.0000000000000000
24.000000000000000,98.000000000000000,0.0000000000000000
25.000000000000000,98.000000000000000,0.0000000000000000
26.000000000000000,98.000000000000000,0.0000000000000000
27.000000000000000,98.000000000000000,0.20000000298023224
28.000000000000000,98.000000000000000,0.20000000298023224
29.000000000000000,98.000000000000000,0.20000000298023224
30.000000000000000,98.000000000000000,0.30000001192092896
31.000000000000000,98.000000000000000,0.30000001192092896
32.000000000000000,98.000000000000000,0.30000001192092896
33.000000000000000,98.000000000000000,0.20000000298023224
34.000000000000000,98.000000000000000,0.20000000298023224
35.000000000000000,98.000000000000000,0.20000000298023224
36.000000000000000,98.000000000000000,0.20000000298023224
37.000000000000000,98.000000000000000,0.20000000298023224
38.000000000000000,98.000000000000000,0.20000000298023224
39.000000000000000,98.000000000000000,0.0000000000000000
40.000000000000000,98.000000000000000,0.0000000000000000
41.000000000000000,98.000000000000000,0.0000000000000000
42.000000000000000,98.000000000000000,0.0000000000000000
43.000000000000000,98.000000000000000,0.0000000000000000
44.000000000000000,98.000000000000000,0.0000000000000000
45.000000000000000,98.000000000000000,0.0000000000000000
46.000000000000000,98.000000000000000,0.0000000000000000
47.000000000000000,98.000000000000000,0.0000000000000000
48.000000000000000,98.000000000000000,0.0000000000000000
49.000000000000000,98.000000000000000,0.0000000000000000
50.000000000000000,98.000000000000000,0.0000000000000000
51.000000000000000,98.000000000000000,0.0000000000000000
52.000000000000000,98.000000000000000,0.0000000000000000
53.000000000000000,98.000000000000000,0.0000000000000000
54.000000000000000,98.000000000000000,0.0000000000000000
55.000000000000000,98.000000000000000,0.0000000000000000
56.000000000000000,98.000000000000000,0.0000000000000000
57.000000000000000,98.000000000000000,0.0000000000000000
58.000000000000000,98.000000000000000,0.0000000000000000
59.000000000000000,98.000000000000000,0.0000000000000000
60.000000000000000,98.000000000000000,0.0000000000000000
61.000000000000000,98.000000000000000,0.0000000000000000
62.000000000000000,98.000000000000000,0.0000000000000000
63.000000000000000,98.000000000000000,0.0000000000000000
64.000000000000000,98.000000000000000,0.0000000000000000
65.000000000000000,98.000000000000000,0.0000000000000000
66.000000000000000,98.000000000000000,0.0000000000000000
67.000000000000000,98.000000000000000,0.0000000000000000
68.000000000000000,98.000000000000000,0.0000000000000000
69.000000000000000,98.000000000000000,0.0000000000000000
70.000000000000000,98.000000000000000,0.0000000000000000
71.000000000000000,98.000000000000000,0.0000000000000000
72.000000000000000,98.000000000000000,0.0000000000000000
73.000000000000000,98.000000000000000,0.0000000000000000
74.000000000000000,98.000000000000000,0.0000000000000000
75.000000000000000,98.000000000000000,0.0000000000000000
76.000000000000000,98.000000000000000,0.0000000000000000
77.000000000000000,98.000000000000000,0.0000000000000000
78.000000000000000,98.000000000000000,0.0000000000000000
79.000000000000000,98.000000000000000,0.0000000000000000
80.000000000000000,98.000000000000000,0.0000000000000000
81.000000000000000,98.000000000000000,0.0000000000000000
82.000000000000000,98.000000000000000,0.0000000000000000
83.000000000000000,98.000000000000000,0.0000000000000000
84.000000000000000,98.000000000000000,0.0000000000000000
85.000000000000000,98.000000000000000,0.0000000000000000
86.000000000000000,98.000000000000000,0.0000000000000000
87.000000000000000,98.000000000000000,0.0000000000000000
88.000000000000000,98.000000000000000,0.0000000000000000
89.000000000000000,98.000000000000000,0.0000000000000000
90.000000000000000,98.000000000000000,0.0000000000000000
91.000000000000000,98.000000000000000,0.0000000000000000
92.000000000000000,98.000000000000000,0.0000000000000000
93.000000000000000,98.000000000000000,0.0000000000000000
94.000000000000000,98.000000000000000,0.0000000000000000
95.000000000000000,98.000000000000000,0.0000000000000000
96.000000000000000,98.000000000000000,0.0000000000000000
97.000000000000000,98.000000000000000,0.0000000000000000
98.000000000000000,98.000000000000000,0.0000000000000000
99.000000000000000,98.000000000000000,0.0000000000000000
100.00000000000000,98.000000000000000,0.0000000000000000
101.00000000000000,98.000000000000000,0.0000000000000000
102.00000000000000,98.000000000000000,0.0000000000000000
103.00000000000000,98.000000000000000,0.0000000000000000
104.00000000000000,98.000000000000000,0.0000000000000000
105.00000000000000,98.000000000000000,0.0000000000000000
106.00000000000000,98.000000000000000,0.0000000000000000
107.00000000000000,98.000000000000000,0.0000000000000000
108.00000000000000,98.000000000000000,0.0000000000000000
109.00000000000000,98.000000000000000,0.0000000000000000
110.00000000000000,98.000000000000000,0.0000000000000000
111.00000000000000,98.000000000000000,0.0000000000000000
112.00000000000000,98.000000000000000,0.0000000000000000
113.00000000000000,98.000000000000000,0.0000000000000000
1.0000000000000000,99.000000000000000,0.0000000000000000
2.0000000000000000,99.000000000000000,0.0000000000000000
3.0000000000000000,99.000000000000000,0.0000000000000000
4.0000000000000000,99.000000000000000,0.0000000000000000
5.0000000000000000,99.000000000000000,0.0000000000000000
6.0000000000000000,99.000000000000000,0.0000000000000000
7.0000000000000000,99.000000000000000,0.0000000000000000
8.0000000000000000,99.000000000000000,0.0000000000000000
9.0000000000000000,99.000000000000000,0.0000000000000000
10.000000000000000,99.000000000000000,0.0000000000000000
11.000000000000000,99.000000000000000,0.0000000000000000
12.000000000000000,99.000000000000000,0.0000000000000000
13.000000000000000,99.000000000000000,0.0000000000000000
14.000000000000000,99.000000000000000,0.0000000000000000
15.000000000000000,99.000000000000000,0.0000000000000000
16.000000000000000,99.000000000000000,0.0000000000000000
17.000000000000000,99.000000000000000,0.0000000000000000
18.000000000000000,99.000000000000000,0.0000000000000000
19.000000000000000,99.000000000000000,0.0000000000000000
20.000000000000000,99.000000000000000,0.0000000000000000
21.000000000000000,99.000000000000000,0.0000000000000000
22.000000000000000,99.000000000000000,0.0000000000000000
23.000000000000000,99.000000000000000,0.0000000000000000
24.000000000000000,99.000000000000000,0.0000000000000000
25.000000000000000,99.000000000000000,0.0000000000000000
26.000000000000000,99.000000000000000,0.0000000000000000
27.000000000000000,99.000000000000000,0.20000000298023224
28.000000000000000,99.000000000000000,0.20000000298023224
29.000000000000000,99.000000000000000,0.20000000298023224
30.000000000000000,99.000000000000000,0.30000001192092896
31.000000000000000,99.000000000000000,0.30000001192092896
32.000000000000000,99.000000000000000,0.30000001192092896
33.000000000000000,99.000000000000000,0.20000000298023224
34.000000000000000,99.000000000000000,0.20000000298023224
35.000000000000000,99.000000000000000,0.20000000298023224
36.000000000000000,99.000000000000000,0.20000000298023224
37.000000000000000,99.000000000000000,0.20000000298023224
38.000000000000000,99.000000000000000,0.20000000298023224
39.000000000000000,99.000000000000000,0.0000000000000000
40.000000000000000,99.000000000000000,0.0000000000000000
41.000000000000000,99.000000000000000,0.0000000000000000
42.000000000000000,99.000000000000000,0.0000000000000000
43.000000000000000,99.000000000000000,0.0000000000000000
44.000000000000000,99.000000000000000,0.0000000000000000
45.000000000000000,99.000000000000000,0.0000000000000000
46.000000000000000,99.000000000000000,0.0000000000000000
47.000000000000000,99.000000000000000,0.0000000000000000
48.000000000000000,99.000000000000000,0.0000000000000000
49.000000000000000,99.000000000000000,0.0000000000000000
50.000000000000000,99.000000000000000,0.0000000000000000
51.000000000000000,99.000000000000000,0.0000000000000000
52.000000000000000,99.000000000000000,0.0000000000000000
53.000000000000000,99.000000000000000,0.0000000000000000
54.000000000000000,99.000000000000000,0.0000000000000000
55.000000000000000,99.000000000000000,0.0000000000000000
56.000000000000000,99.000000000000000,0.0000000000000000
57.000000000000000,99.000000000000000,0.0000000000000000
58.000000000000000,99.000000000000000,0.0000000000000000
59.000000000000000,99.000000000000000,0.0000000000000000
60.000000000000000,99.000000000000000,0.0000000000000000
61.000000000000000,99.000000000000000,0.0000000000000000
62.000000000000000,99.000000000000000,0.0000000000000000
63.000000000000000,99.000000000000000,0.0000000000000000
64.000000000000000,99.000000000000000,0.0000000000000000
65.000000000000000,99.000000000000000,0.0000000000000000
66.000000000000000,99.000000000000000,0.0000000000000000
67.000000000000000,99.000000000000000,0.0000000000000000
68.000000000000000,99.000000000000000,0.0000000000000000
69.000000000000000,99.000000000000000,0.0000000000000000
70.000000000000000,99.000000000000000,0.0000000000000000
71.000000000000000,99.000000000000000,0.0000000000000000
72.000000000000000,99.000000000000000,0.0000000000000000
73.000000000000000,99.000000000000000,0.0000000000000000
74.000000000000000,99.000000000000000,0.0000000000000000
75.000000000000000,99.000000000000000,0.0000000000000000
76.000000000000000,99.000000000000000,0.0000000000000000
77.000000000000000,99.000000000000000,0.0000000000000000
78.000000000000000,99.000000000000000,0.0000000000000000
79.000000000000000,99.000000000000000,0.0000000000000000
80.000000000000000,99.000000000000000,0.0000000000000000
81.000000000000000,99.000000000000000,0.0000000000000000
82.000000000000000,99.000000000000000,0.0000000000000000
83.000000000000000,99.000000000000000,0.0000000000000000
84.000000000000000,99.000000000000000,0.0000000000000000
85.000000000000000,99.000000000000000,0.0000000000000000
86.000000000000000,99.000000000000000,0.0000000000000000
87.000000000000000,99.000000000000000,0.0000000000000000
88.000000000000000,99.000000000000000,0.0000000000000000
89.000000000000000,99.000000000000000,0.0000000000000000
90.000000000000000,99.000000000000000,0.0000000000000000
91.000000000000000,99.000000000000000,0.0000000000000000
92.000000000000000,99.000000000000000,0.0000000000000000
93.000000000000000,99.000000000000000,0.0000000000000000
94.000000000000000,99.000000000000000,0.0000000000000000
95.000000000000000,99.000000000000000,0.0000000000000000
96.000000000000000,99.000000000000000,0.0000000000000000
97.000000000000000,99.000000000000000,0.0000000000000000
98.000000000000000,99.000000000000000,0.0000000000000000
99.000000000000000,99.000000000000000,0.0000000000000000
100.00000000000000,99.000000000000000,0.0000000000000000
101.00000000000000,99.000000000000000,0.0000000000000000
102.00000000000000,99.000000000000000,0.0000000000000000
103.00000000000000,99.000000000000000,0.0000000000000000
104.00000000000000,99.000000000000000,0.0000000000000000
105.00000000000000,99.000000000000000,0.0000000000000000
106.00000000000000,99.000000000000000,0.0000000000000000
107.00000000000000,99.000000000000000,0.0000000000000000
108.00000000000000,99.000000000000000,0.0000000000000000
109.00000000000000,99.000000000000000,0.0000000000000000
110.00000000000000,99.000000000000000,0.0000000000000000
111.00000000000000,99.000000000000000,0.0000000000000000
112.00000000000000,99.000000000000000,0.0000000000000000
113.00000000000000,99.000000000000000,0.0000000000000000
1.0000000000000000,100.00000000000000,0.0000000000000000
2.0000000000000000,100.00000000000000,0.0000000000000000
3.0000000000000000,100.00000000000000,0.0000000000000000
4.0000000000000000,100.00000000000000,0.0000000000000000
5.0000000000000000,100.00000000000000,0.0000000000000000
6.0000000000000000,100.00000000000000,0.0000000000000000
7.0000000000000000,100.00000000000000,0.0000000000000000
8.0000000000000000,100.00000000000000,0.0000000000000000
9.0000000000000000,100.00000000000000,0.0000000000000000
10.000000000000000,100.00000000000000,0.0000000000000000
11.000000000000000,100.00000000000000,0.0000000000000000
12.000000000000000,100.00000000000000,0.0000000000000000
13.000000000000000,100.00000000000000,0.0000000000000000
14.000000000000000,100.00000000000000,0.0000000000000000
15.000000000000000,100.00000000000000,0.0000000000000000
16.000000000000000,100.00000000000000,0.0000000000000000
17.000000000000000,100.00000000000000,0.0000000000000000
18.000000000000000,100.00000000000000,0.0000000000000000
19.000000000000000,100.00000000000000,0.0000000000000000
20.000000000000000,100.00000000000000,0.0000000000000000
21.000000000000000,100.00000000000000,0.0000000000000000
22.000000000000000,100.00000000000000,0.0000000000000000
23.000000000000000,100.00000000000000,0.0000000000000000
24.000000000000000,100.00000000000000,0.0000000000000000
25.000000000000000,100.00000000000000,0.0000000000000000
26.000000000000000,100.00000000000000,0.0000000000000000
27.000000000000000,100.00000000000000,0.20000000298023224
28.000000000000000,100.00000000000000,0.20000000298023224
29.000000000000000,100.00000000000000,0.20000000298023224
30.000000000000000,100.00000000000000,0.30000001192092896
31.000000000000000,100.00000000000000,0.30000001192092896
32.000000000000000,100.00000000000000,0.30000001192092896
33.000000000000000,100.00000000000000,0.20000000298023224
34.000000000000000,100.00000000000000,0.20000000298023224
35.000000000000000,100.00000000000000,0.20000000298023224
36.000000000000000,100.00000000000000,0.20000000298023224
37.000000000000000,100.00000000000000,0.20000000298023224
38.000000000000000,100.00000000000000,0.20000000298023224
39.000000000000000,100.00000000000000,0.0000000000000000
40.000000000000000,100.00000000000000,0.0000000000000000
41.000000000000000,100.00000000000000,0.0000000000000000
42.000000000000000,100.00000000000000,0.0000000000000000
43.000000000000000,100.00000000000000,0.0000000000000000
44.000000000000000,100.00000000000000,0.0000000000000000
45.000000000000000,100.00000000000000,0.0000000000000000
46.000000000000000,100.00000000000000,0.0000000000000000
47.000000000000000,100.00000000000000,0.0000000000000000
48.000000000000000,100.00000000000000,0.0000000000000000
49.000000000000000,100.00000000000000,0.0000000000000000
50.000000000000000,100.00000000000000,0.0000000000000000
51.000000000000000,100.00000000000000,0.0000000000000000
52.000000000000000,100.00000000000000,0.0000000000000000
53.000000000000000,100.00000000000000,0.0000000000000000
54.000000000000000,100.00000000000000,0.0000000000000000
55.000000000000000,100.00000000000000,0.0000000000000000
56.000000000000000,100.00000000000000,0.0000000000000000
57.000000000000000,100.00000000000000,0.0000000000000000
58.000000000000000,100.00000000000000,0.0000000000000000
59.000000000000000,100.00000000000000,0.0000000000000000
60.000000000000000,100.00000000000000,0.0000000000000000
61.000000000000000,100.00000000000000,0.0000000000000000
62.000000000000000,100.00000000000000,0.0000000000000000
63.000000000000000,100.00000000000000,0.0000000000000000
64.000000000000000,100.00000000000000,0.0000000000000000
65.000000000000000,100.00000000000000,0.0000000000000000
66.000000000000000,100.00000000000000,0.0000000000000000
67.000000000000000,100.00000000000000,0.0000000000000000
68.000000000000000,100.00000000000000,0.0000000000000000
69.000000000000000,100.00000000000000,0.0000000000000000
70.000000000000000,100.00000000000000,0.0000000000000000
71.000000000000000,100.00000000000000,0.0000000000000000
72.000000000000000,100.00000000000000,0.0000000000000000
73.000000000000000,100.00000000000000,0.0000000000000000
74.000000000000000,100.00000000000000,0.0000000000000000
75.000000000000000,100.00000000000000,0.0000000000000000
76.000000000000000,100.00000000000000,0.0000000000000000
77.000000000000000,100.00000000000000,0.0000000000000000
78.000000000000000,100.00000000000000,0.0000000000000000
79.000000000000000,100.00000000000000,0.0000000000000000
80.000000000000000,100.00000000000000,0.0000000000000000
81.000000000000000,100.00000000000000,0.0000000000000000
82.000000000000000,100.00000000000000,0.0000000000000000
83.000000000000000,100.00000000000000,0.0000000000000000
84.000000000000000,100.00000000000000,0.0000000000000000
85.000000000000000,100.00000000000000,0.0000000000000000
86.000000000000000,100.00000000000000,0.0000000000000000
87.000000000000000,100.00000000000000,0.0000000000000000
88.000000000000000,100.00000000000000,0.0000000000000000
89.000000000000000,100.00000000000000,0.0000000000000000
90.000000000000000,100.00000000000000,0.0000000000000000
91.000000000000000,100.00000000000000,0.0000000000000000
92.000000000000000,100.00000000000000,0.0000000000000000
93.000000000000000,100.00000000000000,0.0000000000000000
94.000000000000000,100.00000000000000,0.0000000000000000
95.000000000000000,100.00000000000000,0.0000000000000000
96.000000000000000,100.00000000000000,0.0000000000000000
97.000000000000000,100.00000000000000,0.0000000000000000
98.000000000000000,100.00000000000000,0.0000000000000000
99.000000000000000,100.00000000000000,0.0000000000000000
100.00000000000000,100.00000000000000,0.0000000000000000
101.00000000000000,100.00000000000000,0.0000000000000000
102.00000000000000,100.00000000000000,0.0000000000000000
103.00000000000000,100.00000000000000,0.0000000000000000
104.00000000000000,100.00000000000000,0.0000000000000000
105.00000000000000,100.00000000000000,0.0000000000000000
106.00000000000000,100.00000000000000,0.0000000000000000
107.00000000000000,100.00000000000000,0.0000000000000000
108.00000000000000,100.00000000000000,0.0000000000000000
109.00000000000000,100.00000000000000,0.0000000000000000
110.00000000000000,100.00000000000000,0.0000000000000000
111.00000000000000,100.00000000000000,0.0000000000000000
112.00000000000000,100.00000000000000,0.0000000000000000
113.00000000000000,100.00000000000000,0.0000000000000000
1.0000000000000000,101.00000000000000,0.0000000000000000
2.0000000000000000,101.00000000000000,0.0000000000000000
3.0000000000000000,101.00000000000000,0.0000000000000000
4.0000000000000000,101.00000000000000,0.0000000000000000
5.0000000000000000,101.00000000000000,0.0000000000000000
6.0000000000000000,101.00000000000000,0.0000000000000000
7.0000000000000000,101.00000000000000,0.0000000000000000
8.0000000000000000,101.00000000000000,0.0000000000000000
9.0000000000000000,101.00000000000000,0.0000000000000000
10.000000000000000,101.00000000000000,0.0000000000000000
11.000000000000000,101.00000000000000,0.0000000000000000
12.000000000000000,101.00000000000000,0.0000000000000000
13.000000000000000,101.00000000000000,0.0000000000000000
14.000000000000000,101.00000000000000,0.0000000000000000
15.000000000000000,101.00000000000000,0.0000000000000000
16.000000000000000,101.00000000000000,0.0000000000000000
17.000000000000000,101.00000000000000,0.0000000000000000
18.000000000000000,101.00000000000000,0.0000000000000000
19.000000000000000,101.00000000000000,0.0000000000000000
20.000000000000000,101.00000000000000,0.0000000000000000
21.000000000000000,101.00000000000000,0.0000000000000000
22.000000000000000,101.00000000000000,0.0000000000000000
23.000000000000000,101.00000000000000,0.0000000000000000
24.000000000000000,101.00000000000000,0.0000000000000000
25.000000000000000,101.00000000000000,0.0000000000000000
26.000000000000000,101.00000000000000,0.0000000000000000
27.000000000000000,101.00000000000000,0.0000000000000000
28.000000000000000,101.00000000000000,0.0000000000000000
29.000000000000000,101.00000000000000,0.0000000000000000
30.000000000000000,101.00000000000000,0.10000000149011612
31.000000000000000,101.00000000000000,0.10000000149011612
32.000000000000000,101.00000000000000,0.10000000149011612
33.000000000000000,101.00000000000000,0.0000000000000000
34.000000000000000,101.00000000000000,0.0000000000000000
35.000000000000000,101.00000000000000,0.0000000000000000
36.000000000000000,101.00000000000000,0.10000000149011612
37.000000000000000,101.00000000000000,0.10000000149011612
38.000000000000000,101.00000000000000,0.10000000149011612
39.000000000000000,101.00000000000000,0.0000000000000000
40.000000000000000,101.00000000000000,0.0000000000000000
41.000000000000000,101.00000000000000,0.0000000000000000
42.000000000000000,101.00000000000000,0.0000000000000000
43.000000000000000,101.00000000000000,0.0000000000000000
44.000000000000000,101.00000000000000,0.0000000000000000
45.000000000000000,101.00000000000000,0.0000000000000000
46.000000000000000,101.00000000000000,0.0000000000000000
47.000000000000000,101.00000000000000,0.0000000000000000
48.000000000000000,101.00000000000000,0.0000000000000000
49.000000000000000,101.00000000000000,0.0000000000000000
50.000000000000000,101.00000000000000,0.0000000000000000
51.000000000000000,101.00000000000000,0.0000000000000000
52.000000000000000,101.00000000000000,0.0000000000000000
53.000000000000000,101.00000000000000,0.0000000000000000
54.000000000000000,101.00000000000000,0.0000000000000000
55.000000000000000,101.00000000000000,0.0000000000000000
56.000000000000000,101.00000000000000,0.0000000000000000
57.000000000000000,101.00000000000000,0.0000000000000000
58.000000000000000,101.00000000000000,0.0000000000000000
59.000000000000000,101.00000000000000,0.0000000000000000
60.000000000000000,101.00000000000000,0.0000000000000000
61.000000000000000,101.00000000000000,0.0000000000000000
62.000000000000000,101.00000000000000,0.0000000000000000
63.000000000000000,101.00000000000000,0.0000000000000000
64.000000000000000,101.00000000000000,0.0000000000000000
65.000000000000000,101.00000000000000,0.0000000000000000
66.000000000000000,101.00000000000000,0.0000000000000000
67.000000000000000,101.00000000000000,0.0000000000000000
68.000000000000000,101.00000000000000,0.0000000000000000
69.000000000000000,101.00000000000000,0.0000000000000000
70.000000000000000,101.00000000000000,0.0000000000000000
71.000000000000000,101.00000000000000,0.0000000000000000
72.000000000000000,101.00000000000000,0.0000000000000000
73.000000000000000,101.00000000000000,0.0000000000000000
74.000000000000000,101.00000000000000,0.0000000000000000
75.000000000000000,101.00000000000000,0.0000000000000000
76.000000000000000,101.00000000000000,0.0000000000000000
77.000000000000000,101.00000000000000,0.0000000000000000
78.000000000000000,101.00000000000000,0.0000000000000000
79.000000000000000,101.00000000000000,0.0000000000000000
80.000000000000000,101.00000000000000,0.0000000000000000
81.000000000000000,101.00000000000000,0.0000000000000000
82.000000000000000,101.00000000000000,0.0000000000000000
83.000000000000000,101.00000000000000,0.0000000000000000
84.000000000000000,101.00000000000000,0.0000000000000000
85.000000000000000,101.00000000000000,0.0000000000000000
86.000000000000000,101.00000000000000,0.0000000000000000
87.000000000000000,101.00000000000000,0.0000000000000000
88.000000000000000,101.00000000000000,0.0000000000000000
89.000000000000000,101.00000000000000,0.0000000000000000
90.000000000000000,101.00000000000000,0.0000000000000000
91.000000000000000,101.00000000000000,0.0000000000000000
92.000000000000000,101.00000000000000,0.0000000000000000
93.000000000000000,101.00000000000000,0.0000000000000000
94.000000000000000,101.00000000000000,0.0000000000000000
95.000000000000000,101.00000000000000,0.0000000000000000
96.000000000000000,101.00000000000000,0.0000000000000000
97.000000000000000,101.00000000000000,0.0000000000000000
98.000000000000000,101.00000000000000,0.0000000000000000
99.000000000000000,101.00000000000000,0.0000000000000000
100.00000000000000,101.00000000000000,0.0000000000000000
101.00000000000000,101.00000000000000,0.0000000000000000
102.00000000000000,101.00000000000000,0.0000000000000000
103.00000000000000,101.00000000000000,0.0000000000000000
104.00000000000000,101.00000000000000,0.0000000000000000
105.00000000000000,101.00000000000000,0.0000000000000000
106.00000000000000,101.00000000000000,0.0000000000000000
107.00000000000000,101.00000000000000,0.0000000000000000
108.00000000000000,101.00000000000000,0.0000000000000000
109.00000000000000,101.00000000000000,0.0000000000000000
110.00000000000000,101.00000000000000,0.0000000000000000
111.00000000000000,101.00000000000000,0.0000000000000000
112.00000000000000,101.00000000000000,0.0000000000000000
113.00000000000000,101.00000000000000,0.0000000000000000
1.0000000000000000,102.00000000000000,0.0000000000000000
2.0000000000000000,102.00000000000000,0.0000000000000000
3.0000000000000000,102.00000000000000,0.0000000000000000
4.0000000000000000,102.00000000000000,0.0000000000000000
5.0000000000000000,102.00000000000000,0.0000000000000000
6.0000000000000000,102.00000000000000,0.0000000000000000
7.0000000000000000,102.00000000000000,0.0000000000000000
8.0000000000000000,102.00000000000000,0.0000000000000000
9.0000000000000000,102.00000000000000,0.0000000000000000
10.000000000000000,102.00000000000000,0.0000000000000000
11.000000000000000,102.00000000000000,0.0000000000000000
12.000000000000000,102.00000000000000,0.0000000000000000
13.000000000000000,102.00000000000000,0.0000000000000000
14.000000000000000,102.00000000000000,0.0000000000000000
15.000000000000000,102.00000000000000,0.0000000000000000
16.000000000000000,102.00000000000000,0.0000000000000000
17.000000000000000,102.00000000000000,0.0000000000000000
18.000000000000000,102.00000000000000,0.0000000000000000
19.000000000000000,102.00000000000000,0.0000000000000000
20.000000000000000,102.00000000000000,0.0000000000000000
21.000000000000000,102.00000000000000,0.0000000000000000
22.000000000000000,102.00000000000000,0.0000000000000000
23.000000000000000,102.00000000000000,0.0000000000000000
24.000000000000000,102.00000000000000,0.0000000000000000
25.000000000000000,102.00000000000000,0.0000000000000000
26.000000000000000,102.00000000000000,0.0000000000000000
27.000000000000000,102.00000000000000,0.0000000000000000
28.000000000000000,102.00000000000000,0.0000000000000000
29.000000000000000,102.00000000000000,0.0000000000000000
30.000000000000000,102.00000000000000,0.10000000149011612
31.000000000000000,102.00000000000000,0.10000000149011612
32.000000000000000,102.00000000000000,0.10000000149011612
33.000000000000000,102.00000000000000,0.0000000000000000
34.000000000000000,102.00000000000000,0.0000000000000000
35.000000000000000,102.00000000000000,0.0000000000000000
36.000000000000000,102.00000000000000,0.10000000149011612
37.000000000000000,102.00000000000000,0.10000000149011612
38.000000000000000,102.00000000000000,0.10000000149011612
39.000000000000000,102.00000000000000,0.0000000000000000
40.000000000000000,102.00000000000000,0.0000000000000000
41.000000000000000,102.00000000000000,0.0000000000000000
42.000000000000000,102.00000000000000,0.0000000000000000
43.000000000000000,102.00000000000000,0.0000000000000000
44.000000000000000,102.00000000000000,0.0000000000000000
45.000000000000000,102.00000000000000,0.0000000000000000
46.000000000000000,102.00000000000000,0.0000000000000000
47.000000000000000,102.00000000000000,0.0000000000000000
48.000000000000000,102.00000000000000,0.0000000000000000
49.000000000000000,102.00000000000000,0.0000000000000000
50.000000000000000,102.00000000000000,0.0000000000000000
51.000000000000000,102.00000000000000,0.0000000000000000
52.000000000000000,102.00000000000000,0.0000000000000000
53.000000000000000,102.00000000000000,0.0000000000000000
54.000000000000000,102.00000000000000,0.0000000000000000
55.000000000000000,102.00000000000000,0.0000000000000000
56.000000000000000,102.00000000000000,0.0000000000000000
57.000000000000000,102.00000000000000,0.0000000000000000
58.000000000000000,102.00000000000000,0.0000000000000000
59.000000000000000,102.00000000000000,0.0000000000000000
60.000000000000000,102.00000000000000,0.0000000000000000
61.000000000000000,102.00000000000000,0.0000000000000000
62.000000000000000,102.00000000000000,0.0000000000000000
63.000000000000000,102.00000000000000,0.0000000000000000
64.000000000000000,102.00000000000000,0.0000000000000000
65.000000000000000,102.00000000000000,0.0000000000000000
66.000000000000000,102.00000000000000,0.0000000000000000
67.000000000000000,102.00000000000000,0.0000000000000000
68.000000000000000,102.00000000000000,0.0000000000000000
69.000000000000000,102.00000000000000,0.0000000000000000
70.000000000000000,102.00000000000000,0.0000000000000000
71.000000000000000,102.00000000000000,0.0000000000000000
72.000000000000000,102.00000000000000,0.0000000000000000
73.000000000000000,102.00000000000000,0.0000000000000000
74.000000000000000,102.00000000000000,0.0000000000000000
75.000000000000000,102.00000000000000,0.0000000000000000
76.000000000000000,102.00000000000000,0.0000000000000000
77.000000000000000,102.00000000000000,0.0000000000000000
78.000000000000000,102.00000000000000,0.0000000000000000
79.000000000000000,102.00000000000000,0.0000000000000000
80.000000000000000,102.00000000000000,0.0000000000000000
81.000000000000000,102.00000000000000,0.0000000000000000
82.000000000000000,102.00000000000000,0.0000000000000000
83.000000000000000,102.00000000000000,0.0000000000000000
84.000000000000000,102.00000000000000,0.0000000000000000
85.000000000000000,102.00000000000000,0.0000000000000000
86.000000000000000,102.00000000000000,0.0000000000000000
87.000000000000000,102.00000000000000,0.0000000000000000
88.000000000000000,102.00000000000000,0.0000000000000000
89.000000000000000,102.00000000000000,0.0000000000000000
90.000000000000000,102.00000000000000,0.0000000000000000
91.000000000000000,102.00000000000000,0.0000000000000000
92.000000000000000,102.00000000000000,0.0000000000000000
93.000000000000000,102.00000000000000,0.0000000000000000
94.000000000000000,102.00000000000000,0.0000000000000000
95.000000000000000,102.00000000000000,0.0000000000000000
96.000000000000000,102.00000000000000,0.0000000000000000
97.000000000000000,102.00000000000000,0.0000000000000000
98.000000000000000,102.00000000000000,0.0000000000000000
99.000000000000000,102.00000000000000,0.0000000000000000
100.00000000000000,102.00000000000000,0.0000000000000000
101.00000000000000,102.00000000000000,0.0000000000000000
102.00000000000000,102.00000000000000,0.0000000000000000
103.00000000000000,102.00000000000000,0.0000000000000000
104.00000000000000,102.00000000000000,0.0000000000000000
105.00000000000000,102.00000000000000,0.0000000000000000
106.00000000000000,102.00000000000000,0.0000000000000000
107.00000000000000,102.00000000000000,0.0000000000000000
108.00000000000000,102.00000000000000,0.0000000000000000
109.00000000000000,102.00000000000000,0.0000000000000000
110.00000000000000,102.00000000000000,0.0000000000000000
111.00000000000000,102.00000000000000,0.0000000000000000
112.00000000000000,102.00000000000000,0.0000000000000000
113.00000000000000,102.00000000000000,0.0000000000000000
1.0000000000000000,103.00000000000000,0.0000000000000000
2.0000000000000000,103.00000000000000,0.0000000000000000
3.0000000000000000,103.00000000000000,0.0000000000000000
4.0000000000000000,103.00000000000000,0.0000000000000000
5.0000000000000000,103.00000000000000,0.0000000000000000
6.0000000000000000,103.00000000000000,0.0000000000000000
7.0000000000000000,103.00000000000000,0.0000000000000000
8.0000000000000000,103.00000000000000,0.0000000000000000
9.0000000000000000,103.00000000000000,0.0000000000000000
10.000000000000000,103.00000000000000,0.0000000000000000
11.000000000000000,103.00000000000000,0.0000000000000000
12.000000000000000,103.00000000000000,0.0000000000000000
13.000000000000000,103.00000000000000,0.0000000000000000
14.000000000000000,103.00000000000000,0.0000000000000000
15.000000000000000,103.00000000000000,0.0000000000000000
16.000000000000000,103.00000000000000,0.0000000000000000
17.000000000000000,103.00000000000000,0.0000000000000000
18.000000000000000,103.00000000000000,0.0000000000000000
19.000000000000000,103.00000000000000,0.0000000000000000
20.000000000000000,103.00000000000000,0.0000000000000000
21.000000000000000,103.00000000000000,0.0000000000000000
22.000000000000000,103.00000000000000,0.0000000000000000
23.000000000000000,103.00000000000000,0.0000000000000000
24.000000000000000,103.00000000000000,0.0000000000000000
25.000000000000000,103.00000000000000,0.0000000000000000
26.000000000000000,103.00000000000000,0.0000000000000000
27.000000000000000,103.00000000000000,0.0000000000000000
28.000000000000000,103.00000000000000,0.0000000000000000
29.000000000000000,103.00000000000000,0.0000000000000000
30.000000000000000,103.00000000000000,0.10000000149011612
31.000000000000000,103.00000000000000,0.10000000149011612
32.000000000000000,103.00000000000000,0.10000000149011612
33.000000000000000,103.00000000000000,0.0000000000000000
34.000000000000000,103.00000000000000,0.0000000000000000
35.000000000000000,103.00000000000000,0.0000000000000000
36.000000000000000,103.00000000000000,0.10000000149011612
37.000000000000000,103.00000000000000,0.10000000149011612
38.000000000000000,103.00000000000000,0.10000000149011612
39.000000000000000,103.00000000000000,0.0000000000000000
40.000000000000000,103.00000000000000,0.0000000000000000
41.000000000000000,103.00000000000000,0.0000000000000000
42.000000000000000,103.00000000000000,0.0000000000000000
43.000000000000000,103.00000000000000,0.0000000000000000
44.000000000000000,103.00000000000000,0.0000000000000000
45.000000000000000,103.00000000000000,0.0000000000000000
46.000000000000000,103.00000000000000,0.0000000000000000
47.000000000000000,103.00000000000000,0.0000000000000000
48.000000000000000,103.00000000000000,0.0000000000000000
49.000000000000000,103.00000000000000,0.0000000000000000
50.000000000000000,103.00000000000000,0.0000000000000000
51.000000000000000,103.00000000000000,0.0000000000000000
52.000000000000000,103.00000000000000,0.0000000000000000
53.000000000000000,103.00000000000000,0.0000000000000000
54.000000000000000,103.00000000000000,0.0000000000000000
55.000000000000000,103.00000000000000,0.0000000000000000
56.000000000000000,103.00000000000000,0.0000000000000000
57.000000000000000,103.00000000000000,0.0000000000000000
58.000000000000000,103.00000000000000,0.0000000000000000
59.000000000000000,103.00000000000000,0.0000000000000000
60.000000000000000,103.00000000000000,0.0000000000000000
61.000000000000000,103.00000000000000,0.0000000000000000
62.000000000000000,103.00000000000000,0.0000000000000000
63.000000000000000,103.00000000000000,0.0000000000000000
64.000000000000000,103.00000000000000,0.0000000000000000
65.000000000000000,103.00000000000000,0.0000000000000000
66.000000000000000,103.00000000000000,0.0000000000000000
67.000000000000000,103.00000000000000,0.0000000000000000
68.000000000000000,103.00000000000000,0.0000000000000000
69.000000000000000,103.00000000000000,0.0000000000000000
70.000000000000000,103.00000000000000,0.0000000000000000
71.000000000000000,103.00000000000000,0.0000000000000000
72.000000000000000,103.00000000000000,0.0000000000000000
73.000000000000000,103.00000000000000,0.0000000000000000
74.000000000000000,103.00000000000000,0.0000000000000000
75.000000000000000,103.00000000000000,0.0000000000000000
76.000000000000000,103.00000000000000,0.0000000000000000
77.000000000000000,103.00000000000000,0.0000000000000000
78.000000000000000,103.00000000000000,0.0000000000000000
79.000000000000000,103.00000000000000,0.0000000000000000
80.000000000000000,103.00000000000000,0.0000000000000000
81.000000000000000,103.00000000000000,0.0000000000000000
82.000000000000000,103.00000000000000,0.0000000000000000
83.000000000000000,103.00000000000000,0.0000000000000000
84.000000000000000,103.00000000000000,0.0000000000000000
85.000000000000000,103.00000000000000,0.0000000000000000
86.000000000000000,103.00000000000000,0.0000000000000000
87.000000000000000,103.00000000000000,0.0000000000000000
88.000000000000000,103.00000000000000,0.0000000000000000
89.000000000000000,103.00000000000000,0.0000000000000000
90.000000000000000,103.00000000000000,0.0000000000000000
91.000000000000000,103.00000000000000,0.0000000000000000
92.000000000000000,103.00000000000000,0.0000000000000000
93.000000000000000,103.00000000000000,0.0000000000000000
94.000000000000000,103.00000000000000,0.0000000000000000
95.000000000000000,103.00000000000000,0.0000000000000000
96.000000000000000,103.00000000000000,0.0000000000000000
97.000000000000000,103.00000000000000,0.0000000000000000
98.000000000000000,103.00000000000000,0.0000000000000000
99.000000000000000,103.00000000000000,0.0000000000000000
100.00000000000000,103.00000000000000,0.0000000000000000
101.00000000000000,103.00000000000000,0.0000000000000000
102.00000000000000,103.00000000000000,0.0000000000000000
103.00000000000000,103.00000000000000,0.0000000000000000
104.00000000000000,103.00000000000000,0.0000000000000000
105.00000000000000,103.00000000000000,0.0000000000000000
106.00000000000000,103.00000000000000,0.0000000000000000
107.00000000000000,103.00000000000000,0.0000000000000000
108.00000000000000,103.00000000000000,0.0000000000000000
109.00000000000000,103.00000000000000,0.0000000000000000
110.00000000000000,103.00000000000000,0.0000000000000000
111.00000000000000,103.00000000000000,0.0000000000000000
112.00000000000000,103.00000000000000,0.0000000000000000
113.00000000000000,103.00000000000000,0.0000000000000000
1.0000000000000000,104.00000000000000,0.0000000000000000
2.0000000000000000,104.00000000000000,0.0000000000000000
3.0000000000000000,104.00000000000000,0.0000000000000000
4.0000000000000000,104.00000000000000,0.0000000000000000
5.0000000000000000,104.00000000000000,0.0000000000000000
6.0000000000000000,104.00000000000000,0.0000000000000000
7.0000000000000000,104.00000000000000,0.0000000000000000
8.0000000000000000,104.00000000000000,0.0000000000000000
9.0000000000000000,104.00000000000000,0.0000000000000000
10.000000000000000,104.00000000000000,0.0000000000000000
11.000000000000000,104.00000000000000,0.0000000000000000
12.000000000000000,104.00000000000000,0.0000000000000000
13.000000000000000,104.00000000000000,0.0000000000000000
14.000000000000000,104.00000000000000,0.0000000000000000
15.000000000000000,104.00000000000000,0.0000000000000000
16.000000000000000,104.00000000000000,0.0000000000000000
17.000000000000000,104.00000000000000,0.0000000000000000
18.000000000000000,104.00000000000000,0.0000000000000000
19.000000000000000,104.00000000000000,0.0000000000000000
20.000000000000000,104.00000000000000,0.0000000000000000
21.000000000000000,104.00000000000000,0.0000000000000000
22.000000000000000,104.00000000000000,0.0000000000000000
23.000000000000000,104.00000000000000,0.0000000000000000
24.000000000000000,104.00000000000000,0.0000000000000000
25.000000000000000,104.00000000000000,0.0000000000000000
26.000000000000000,104.00000000000000,0.0000000000000000
27.000000000000000,104.00000000000000,0.0000000000000000
28.000000000000000,104.00000000000000,0.0000000000000000
29.000000000000000,104.00000000000000,0.0000000000000000
30.000000000000000,104.00000000000000,0.10000000149011612
31.000000000000000,104.00000000000000,0.10000000149011612
32.000000000000000,104.00000000000000,0.10000000149011612
33.000000000000000,104.00000000000000,0.0000000000000000
34.000000000000000,104.00000000000000,0.0000000000000000
35.000000000000000,104.00000000000000,0.0000000000000000
36.000000000000000,104.00000000000000,0.10000000149011612
37.000000000000000,104.00000000000000,0.10000000149011612
38.000000000000000,104.00000000000000,0.10000000149011612
39.000000000000000,104.00000000000000,0.0000000000000000
40.000000000000000,104.00000000000000,0.0000000000000000
41.000000000000000,104.00000000000000,0.0000000000000000
42.000000000000000,104.00000000000000,0.0000000000000000
43.000000000000000,104.00000000000000,0.0000000000000000
44.000000000000000,104.00000000000000,0.0000000000000000
45.000000000000000,104.00000000000000,0.0000000000000000
46.000000000000000,104.00000000000000,0.0000000000000000
47.000000000000000,104.00000000000000,0.0000000000000000
48.000000000000000,104.00000000000000,0.0000000000000000
49.000000000000000,104.00000000000000,0.0000000000000000
50.000000000000000,104.00000000000000,0.0000000000000000
51.000000000000000,104.00000000000000,0.0000000000000000
52.000000000000000,104.00000000000000,0.0000000000000000
53.000000000000000,104.00000000000000,0.0000000000000000
54.000000000000000,104.00000000000000,0.0000000000000000
55.000000000000000,104.00000000000000,0.0000000000000000
56.000000000000000,104.00000000000000,0.0000000000000000
57.000000000000000,104.00000000000000,0.0000000000000000
58.000000000000000,104.00000000000000,0.0000000000000000
59.000000000000000,104.00000000000000,0.0000000000000000
60.000000000000000,104.00000000000000,0.0000000000000000
61.000000000000000,104.00000000000000,0.0000000000000000
62.000000000000000,104.00000000000000,0.0000000000000000
63.000000000000000,104.00000000000000,0.0000000000000000
64.000000000000000,104.00000000000000,0.0000000000000000
65.000000000000000,104.00000000000000,0.0000000000000000
66.000000000000000,104.00000000000000,0.0000000000000000
67.000000000000000,104.00000000000000,0.0000000000000000
68.000000000000000,104.00000000000000,0.0000000000000000
69.000000000000000,104.00000000000000,0.0000000000000000
70.000000000000000,104.00000000000000,0.0000000000000000
71.000000000000000,104.00000000000000,0.0000000000000000
72.000000000000000,104.00000000000000,0.0000000000000000
73.000000000000000,104.00000000000000,0.0000000000000000
74.000000000000000,104.00000000000000,0.0000000000000000
75.000000000000000,104.00000000000000,0.0000000000000000
76.000000000000000,104.00000000000000,0.0000000000000000
77.000000000000000,104.00000000000000,0.0000000000000000
78.000000000000000,104.00000000000000,0.0000000000000000
79.000000000000000,104.00000000000000,0.0000000000000000
80.000000000000000,104.00000000000000,0.0000000000000000
81.000000000000000,104.00000000000000,0.0000000000000000
82.000000000000000,104.00000000000000,0.0000000000000000
83.000000000000000,104.00000000000000,0.0000000000000000
84.000000000000000,104.00000000000000,0.0000000000000000
85.000000000000000,104.00000000000000,0.0000000000000000
86.000000000000000,104.00000000000000,0.0000000000000000
87.000000000000000,104.00000000000000,0.0000000000000000
88.000000000000000,104.00000000000000,0.0000000000000000
89.000000000000000,104.00000000000000,0.0000000000000000
90.000000000000000,104.00000000000000,0.0000000000000000
91.000000000000000,104.00000000000000,0.0000000000000000
92.000000000000000,104.00000000000000,0.0000000000000000
93.000000000000000,104.00000000000000,0.0000000000000000
94.000000000000000,104.00000000000000,0.0000000000000000
95.000000000000000,104.00000000000000,0.0000000000000000
96.000000000000000,104.00000000000000,0.0000000000000000
97.000000000000000,104.00000000000000,0.0000000000000000
98.000000000000000,104.00000000000000,0.0000000000000000
99.000000000000000,104.00000000000000,0.0000000000000000
100.00000000000000,104.00000000000000,0.0000000000000000
101.00000000000000,104.00000000000000,0.0000000000000000
102.00000000000000,104.00000000000000,0.0000000000000000
103.00000000000000,104.00000000000000,0.0000000000000000
104.00000000000000,104.00000000000000,0.0000000000000000
105.00000000000000,104.00000000000000,0.0000000000000000
106.00000000000000,104.00000000000000,0.0000000000000000
107.00000000000000,104.00000000000000,0.0000000000000000
108.00000000000000,104.00000000000000,0.0000000000000000
109.00000000000000,104.00000000000000,0.0000000000000000
110.00000000000000,104.00000000000000,0.0000000000000000
111.00000000000000,104.00000000000000,0.0000000000000000
112.00000000000000,104.00000000000000,0.0000000000000000
113.00000000000000,104.00000000000000,0.0000000000000000
1.0000000000000000,105.00000000000000,0.0000000000000000
2.0000000000000000,105.00000000000000,0.0000000000000000
3.0000000000000000,105.00000000000000,0.0000000000000000
4.0000000000000000,105.00000000000000,0.0000000000000000
5.0000000000000000,105.00000000000000,0.0000000000000000
6.0000000000000000,105.00000000000000,0.0000000000000000
7.0000000000000000,105.00000000000000,0.0000000000000000
8.0000000000000000,105.00000000000000,0.0000000000000000
9.0000000000000000,105.00000000000000,0.0000000000000000
10.000000000000000,105.00000000000000,0.0000000000000000
11.000000000000000,105.00000000000000,0.0000000000000000
12.000000000000000,105.00000000000000,0.0000000000000000
13.000000000000000,105.00000000000000,0.0000000000000000
14.000000000000000,105.00000000000000,0.0000000000000000
15.000000000000000,105.00000000000000,0.0000000000000000
16.000000000000000,105.00000000000000,0.0000000000000000
17.000000000000000,105.00000000000000,0.0000000000000000
18.000000000000000,105.00000000000000,0.0000000000000000
19.000000000000000,105.00000000000000,0.0000000000000000
20.000000000000000,105.00000000000000,0.0000000000000000
21.000000000000000,105.00000000000000,0.0000000000000000
22.000000000000000,105.00000000000000,0.0000000000000000
23.000000000000000,105.00000000000000,0.0000000000000000
24.000000000000000,105.00000000000000,0.0000000000000000
25.000000000000000,105.00000000000000,0.0000000000000000
26.000000000000000,105.00000000000000,0.0000000000000000
27.000000000000000,105.00000000000000,0.0000000000000000
28.000000000000000,105.00000000000000,0.0000000000000000
29.000000000000000,105.00000000000000,0.0000000000000000
30.000000000000000,105.00000000000000,0.10000000149011612
31.000000000000000,105.00000000000000,0.10000000149011612
32.000000000000000,105.00000000000000,0.10000000149011612
33.000000000000000,105.00000000000000,0.0000000000000000
34.000000000000000,105.00000000000000,0.0000000000000000
35.000000000000000,105.00000000000000,0.0000000000000000
36.000000000000000,105.00000000000000,0.10000000149011612
37.000000000000000,105.00000000000000,0.10000000149011612
38.000000000000000,105.00000000000000,0.10000000149011612
39.000000000000000,105.00000000000000,0.0000000000000000
40.000000000000000,105.00000000000000,0.0000000000000000
41.000000000000000,105.00000000000000,0.0000000000000000
42.000000000000000,105.00000000000000,0.0000000000000000
43.000000000000000,105.00000000000000,0.0000000000000000
44.000000000000000,105.00000000000000,0.0000000000000000
45.000000000000000,105.00000000000000,0.0000000000000000
46.000000000000000,105.00000000000000,0.0000000000000000
47.000000000000000,105.00000000000000,0.0000000000000000
48.000000000000000,105.00000000000000,0.0000000000000000
49.000000000000000,105.00000000000000,0.0000000000000000
50.000000000000000,105.00000000000000,0.0000000000000000
51.000000000000000,105.00000000000000,0.0000000000000000
52.000000000000000,105.00000000000000,0.0000000000000000
53.000000000000000,105.00000000000000,0.0000000000000000
54.000000000000000,105.00000000000000,0.0000000000000000
55.000000000000000,105.00000000000000,0.0000000000000000
56.000000000000000,105.00000000000000,0.0000000000000000
57.000000000000000,105.00000000000000,0.0000000000000000
58.000000000000000,105.00000000000000,0.0000000000000000
59.000000000000000,105.00000000000000,0.0000000000000000
60.000000000000000,105.00000000000000,0.0000000000000000
61.000000000000000,105.00000000000000,0.0000000000000000
62.000000000000000,105.00000000000000,0.0000000000000000
63.000000000000000,105.00000000000000,0.0000000000000000
64.000000000000000,105.00000000000000,0.0000000000000000
65.000000000000000,105.00000000000000,0.0000000000000000
66.000000000000000,105.00000000000000,0.0000000000000000
67.000000000000000,105.00000000000000,0.0000000000000000
68.000000000000000,105.00000000000000,0.0000000000000000
69.000000000000000,105.00000000000000,0.0000000000000000
70.000000000000000,105.00000000000000,0.0000000000000000
71.000000000000000,105.00000000000000,0.0000000000000000
72.000000000000000,105.00000000000000,0.0000000000000000
73.000000000000000,105.00000000000000,0.0000000000000000
74.000000000000000,105.00000000000000,0.0000000000000000
75.000000000000000,105.00000000000000,0.0000000000000000
76.000000000000000,105.00000000000000,0.0000000000000000
77.000000000000000,105.00000000000000,0.0000000000000000
78.000000000000000,105.00000000000000,0.0000000000000000
79.000000000000000,105.00000000000000,0.0000000000000000
80.000000000000000,105.00000000000000,0.0000000000000000
81.000000000000000,105.00000000000000,0.0000000000000000
82.000000000000000,105.00000000000000,0.0000000000000000
83.000000000000000,105.00000000000000,0.0000000000000000
84.000000000000000,105.00000000000000,0.0000000000000000
85.000000000000000,105.00000000000000,0.0000000000000000
86.000000000000000,105.00000000000000,0.0000000000000000
87.000000000000000,105.00000000000000,0.0000000000000000
88.000000000000000,105.00000000000000,0.0000000000000000
89.000000000000000,105.00000000000000,0.0000000000000000
90.000000000000000,105.00000000000000,0.0000000000000000
91.000000000000000,105.00000000000000,0.0000000000000000
92.000000000000000,105.00000000000000,0.0000000000000000
93.000000000000000,105.00000000000000,0.0000000000000000
94.000000000000000,105.00000000000000,0.0000000000000000
95.000000000000000,105.00000000000000,0.0000000000000000
96.000000000000000,105.00000000000000,0.0000000000000000
97.000000000000000,105.00000000000000,0.0000000000000000
98.000000000000000,105.00000000000000,0.0000000000000000
99.000000000000000,105.00000000000000,0.0000000000000000
100.00000000000000,105.00000000000000,0.0000000000000000
101.00000000000000,105.00000000000000,0.0000000000000000
102.00000000000000,105.00000000000000,0.0000000000000000
103.00000000000000,105.00000000000000,0.0000000000000000
104.00000000000000,105.00000000000000,0.0000000000000000
105.00000000000000,105.00000000000000,0.0000000000000000
106.00000000000000,105.00000000000000,0.0000000000000000
107.00000000000000,105.00000000000000,0.0000000000000000
108.00000000000000,105.00000000000000,0.0000000000000000
109.00000000000000,105.00000000000000,0.0000000000000000
110.00000000000000,105.00000000000000,0.0000000000000000
111.00000000000000,105.00000000000000,0.0000000000000000
112.00000000000000,105.00000000000000,0.0000000000000000
113.00000000000000,105.00000000000000,0.0000000000000000
1.0000000000000000,106.00000000000000,0.0000000000000000
2.0000000000000000,106.00000000000000,0.0000000000000000
3.0000000000000000,106.00000000000000,0.0000000000000000
4.0000000000000000,106.00000000000000,0.0000000000000000
5.0000000000000000,106.00000000000000,0.0000000000000000
6.0000000000000000,106.00000000000000,0.0000000000000000
7.0000000000000000,106.00000000000000,0.0000000000000000
8.0000000000000000,106.00000000000000,0.0000000000000000
9.0000000000000000,106.00000000000000,0.0000000000000000
10.000000000000000,106.00000000000000,0.0000000000000000
11.000000000000000,106.00000000000000,0.0000000000000000
12.000000000000000,106.00000000000000,0.0000000000000000
13.000000000000000,106.00000000000000,0.0000000000000000
14.000000000000000,106.00000000000000,0.0000000000000000
15.000000000000000,106.00000000000000,0.0000000000000000
16.000000000000000,106.00000000000000,0.0000000000000000
17.000000000000000,106.00000000000000,0.0000000000000000
18.000000000000000,106.00000000000000,0.0000000000000000
19.000000000000000,106.00000000000000,0.0000000000000000
20.000000000000000,106.00000000000000,0.0000000000000000
21.000000000000000,106.00000000000000,0.0000000000000000
22.000000000000000,106.00000000000000,0.0000000000000000
23.000000000000000,106.00000000000000,0.0000000000000000
24.000000000000000,106.00000000000000,0.0000000000000000
25.000000000000000,106.00000000000000,0.0000000000000000
26.000000000000000,106.00000000000000,0.0000000000000000
27.000000000000000,106.00000000000000,0.0000000000000000
28.000000000000000,106.00000000000000,0.0000000000000000
29.000000000000000,106.00000000000000,0.0000000000000000
30.000000000000000,106.00000000000000,0.10000000149011612
31.000000000000000,106.00000000000000,0.10000000149011612
32.000000000000000,106.00000000000000,0.10000000149011612
33.000000000000000,106.00000000000000,0.0000000000000000
34.000000000000000,106.00000000000000,0.0000000000000000
35.000000000000000,106.00000000000000,0.0000000000000000
36.000000000000000,106.00000000000000,0.10000000149011612
37.000000000000000,106.00000000000000,0.10000000149011612
38.000000000000000,106.00000000000000,0.10000000149011612
39.000000000000000,106.00000000000000,0.0000000000000000
40.000000000000000,106.00000000000000,0.0000000000000000
41.000000000000000,106.00000000000000,0.0000000000000000
42.000000000000000,106.00000000000000,0.0000000000000000
43.000000000000000,106.00000000000000,0.0000000000000000
44.000000000000000,106.00000000000000,0.0000000000000000
45.000000000000000,106.00000000000000,0.0000000000000000
46.000000000000000,106.00000000000000,0.0000000000000000
47.000000000000000,106.00000000000000,0.0000000000000000
48.000000000000000,106.00000000000000,0.0000000000000000
49.000000000000000,106.00000000000000,0.0000000000000000
50.000000000000000,106.00000000000000,0.0000000000000000
51.000000000000000,106.00000000000000,0.0000000000000000
52.000000000000000,106.00000000000000,0.0000000000000000
53.000000000000000,106.00000000000000,0.0000000000000000
54.000000000000000,106.00000000000000,0.0000000000000000
55.000000000000000,106.00000000000000,0.0000000000000000
56.000000000000000,106.00000000000000,0.0000000000000000
57.000000000000000,106.00000000000000,0.0000000000000000
58.000000000000000,106.00000000000000,0.0000000000000000
59.000000000000000,106.00000000000000,0.0000000000000000
60.000000000000000,106.00000000000000,0.0000000000000000
61.000000000000000,106.00000000000000,0.0000000000000000
62.000000000000000,106.00000000000000,0.0000000000000000
63.000000000000000,106.00000000000000,0.0000000000000000
64.000000000000000,106.00000000000000,0.0000000000000000
65.000000000000000,106.00000000000000,0.0000000000000000
66.000000000000000,106.00000000000000,0.0000000000000000
67.000000000000000,106.00000000000000,0.0000000000000000
68.000000000000000,106.00000000000000,0.0000000000000000
69.000000000000000,106.00000000000000,0.0000000000000000
70.000000000000000,106.00000000000000,0.0000000000000000
71.000000000000000,106.00000000000000,0.0000000000000000
72.000000000000000,106.00000000000000,0.0000000000000000
73.000000000000000,106.00000000000000,0.0000000000000000
74.000000000000000,106.00000000000000,0.0000000000000000
75.000000000000000,106.00000000000000,0.0000000000000000
76.000000000000000,106.00000000000000,0.0000000000000000
77.000000000000000,106.00000000000000,0.0000000000000000
78.000000000000000,106.00000000000000,0.0000000000000000
79.000000000000000,106.00000000000000,0.0000000000000000
80.000000000000000,106.00000000000000,0.0000000000000000
81.000000000000000,106.00000000000000,0.0000000000000000
82.000000000000000,106.00000000000000,0.0000000000000000
83.000000000000000,106.00000000000000,0.0000000000000000
84.000000000000000,106.00000000000000,0.0000000000000000
85.000000000000000,106.00000000000000,0.0000000000000000
86.000000000000000,106.00000000000000,0.0000000000000000
87.000000000000000,106.00000000000000,0.0000000000000000
88.000000000000000,106.00000000000000,0.0000000000000000
89.000000000000000,106.00000000000000,0.0000000000000000
90.000000000000000,106.00000000000000,0.0000000000000000
91.000000000000000,106.00000000000000,0.0000000000000000
92.000000000000000,106.00000000000000,0.0000000000000000
93.000000000000000,106.00000000000000,0.0000000000000000
94.000000000000000,106.00000000000000,0.0000000000000000
95.000000000000000,106.00000000000000,0.0000000000000000
96.000000000000000,106.00000000000000,0.0000000000000000
97.000000000000000,106.00000000000000,0.0000000000000000
98.000000000000000,106.00000000000000,0.0000000000000000
99.000000000000000,106.00000000000000,0.0000000000000000
100.00000000000000,106.00000000000000,0.0000000000000000
101.00000000000000,106.00000000000000,0.0000000000000000
102.00000000000000,106.00000000000000,0.0000000000000000
103.00000000000000,106.00000000000000,0.0000000000000000
104.00000000000000,106.00000000000000,0.0000000000000000
105.00000000000000,106.00000000000000,0.0000000000000000
106.00000000000000,106.00000000000000,0.0000000000000000
107.00000000000000,106.00000000000000,0.0000000000000000
108.00000000000000,106.00000000000000,0.0000000000000000
109.00000000000000,106.00000000000000,0.0000000000000000
110.00000000000000,106.00000000000000,0.0000000000000000
111.00000000000000,106.00000000000000,0.0000000000000000
112.00000000000000,106.00000000000000,0.0000000000000000
113.00000000000000,106.00000000000000,0.0000000000000000
1.0000000000000000,107.00000000000000,0.0000000000000000
2.0000000000000000,107.00000000000000,0.0000000000000000
3.0000000000000000,107.00000000000000,0.0000000000000000
4.0000000000000000,107.00000000000000,0.0000000000000000
5.0000000000000000,107.00000000000000,0.0000000000000000
6.0000000000000000,107.00000000000000,0.0000000000000000
7.0000000000000000,107.00000000000000,0.0000000000000000
8.0000000000000000,107.00000000000000,0.0000000000000000
9.0000000000000000,107.00000000000000,0.0000000000000000
10.000000000000000,107.00000000000000,0.0000000000000000
11.000000000000000,107.00000000000000,0.0000000000000000
12.000000000000000,107.00000000000000,0.0000000000000000
13.000000000000000,107.00000000000000,0.0000000000000000
14.000000000000000,107.00000000000000,0.0000000000000000
15.000000000000000,107.00000000000000,0.0000000000000000
16.000000000000000,107.00000000000000,0.0000000000000000
17.000000000000000,107.00000000000000,0.0000000000000000
18.000000000000000,107.00000000000000,0.0000000000000000
19.000000000000000,107.00000000000000,0.0000000000000000
20.000000000000000,107.00000000000000,0.0000000000000000
21.000000000000000,107.00000000000000,0.0000000000000000
22.000000000000000,107.00000000000000,0.0000000000000000
23.000000000000000,107.00000000000000,0.0000000000000000
24.000000000000000,107.00000000000000,0.0000000000000000
25.000000000000000,107.00000000000000,0.0000000000000000
26.000000000000000,107.00000000000000,0.0000000000000000
27.000000000000000,107.00000000000000,0.0000000000000000
28.000000000000000,107.00000000000000,0.0000000000000000
29.000000000000000,107.00000000000000,0.0000000000000000
30.000000000000000,107.00000000000000,0.0000000000000000
31.000000000000000,107.00000000000000,0.0000000000000000
32.000000000000000,107.00000000000000,0.0000000000000000
33.000000000000000,107.00000000000000,0.0000000000000000
34.000000000000000,107.00000000000000,0.0000000000000000
35.000000000000000,107.00000000000000,0.0000000000000000
36.000000000000000,107.00000000000000,0.0000000000000000
37.000000000000000,107.00000000000000,0.0000000000000000
38.000000000000000,107.00000000000000,0.0000000000000000
39.000000000000000,107.00000000000000,0.0000000000000000
40.000000000000000,107.00000000000000,0.0000000000000000
41.000000000000000,107.00000000000000,0.0000000000000000
42.000000000000000,107.00000000000000,0.0000000000000000
43.000000000000000,107.00000000000000,0.0000000000000000
44.000000000000000,107.00000000000000,0.0000000000000000
45.000000000000000,107.00000000000000,0.0000000000000000
46.000000000000000,107.00000000000000,0.0000000000000000
47.000000000000000,107.00000000000000,0.0000000000000000
48.000000000000000,107.00000000000000,0.0000000000000000
49.000000000000000,107.00000000000000,0.0000000000000000
50.000000000000000,107.00000000000000,0.0000000000000000
51.000000000000000,107.00000000000000,0.0000000000000000
52.000000000000000,107.00000000000000,0.0000000000000000
53.000000000000000,107.00000000000000,0.0000000000000000
54.000000000000000,107.00000000000000,0.0000000000000000
55.000000000000000,107.00000000000000,0.0000000000000000
56.000000000000000,107.00000000000000,0.0000000000000000
57.000000000000000,107.00000000000000,0.0000000000000000
58.000000000000000,107.00000000000000,0.0000000000000000
59.000000000000000,107.00000000000000,0.0000000000000000
60.000000000000000,107.00000000000000,0.0000000000000000
61.000000000000000,107.00000000000000,0.0000000000000000
62.000000000000000,107.00000000000000,0.0000000000000000
63.000000000000000,107.00000000000000,0.0000000000000000
64.000000000000000,107.00000000000000,0.0000000000000000
65.000000000000000,107.00000000000000,0.0000000000000000
66.000000000000000,107.00000000000000,0.0000000000000000
67.000000000000000,107.00000000000000,0.0000000000000000
68.000000000000000,107.00000000000000,0.0000000000000000
69.000000000000000,107.00000000000000,0.0000000000000000
70.000000000000000,107.00000000000000,0.0000000000000000
71.000000000000000,107.00000000000000,0.0000000000000000
72.000000000000000,107.00000000000000,0.0000000000000000
73.000000000000000,107.00000000000000,0.0000000000000000
74.000000000000000,107.00000000000000,0.0000000000000000
75.000000000000000,107.00000000000000,0.0000000000000000
76.000000000000000,107.00000000000000,0.0000000000000000
77.000000000000000,107.00000000000000,0.0000000000000000
78.000000000000000,107.00000000000000,0.0000000000000000
79.000000000000000,107.00000000000000,0.0000000000000000
80.000000000000000,107.00000000000000,0.0000000000000000
81.000000000000000,107.00000000000000,0.0000000000000000
82.000000000000000,107.00000000000000,0.0000000000000000
83.000000000000000,107.00000000000000,0.0000000000000000
84.000000000000000,107.00000000000000,0.0000000000000000
85.000000000000000,107.00000000000000,0.0000000000000000
86.000000000000000,107.00000000000000,0.0000000000000000
87.000000000000000,107.00000000000000,0.0000000000000000
88.000000000000000,107.00000000000000,0.0000000000000000
89.000000000000000,107.00000000000000,0.0000000000000000
90.000000000000000,107.00000000000000,0.0000000000000000
91.000000000000000,107.00000000000000,0.0000000000000000
92.000000000000000,107.00000000000000,0.0000000000000000
93.000000000000000,107.00000000000000,0.0000000000000000
94.000000000000000,107.00000000000000,0.0000000000000000
95.000000000000000,107.00000000000000,0.0000000000000000
96.000000000000000,107.00000000000000,0.0000000000000000
97.000000000000000,107.00000000000000,0.0000000000000000
98.000000000000000,107.00000000000000,0.0000000000000000
99.000000000000000,107.00000000000000,0.0000000000000000
100.00000000000000,107.00000000000000,0.0000000000000000
101.00000000000000,107.00000000000000,0.0000000000000000
102.00000000000000,107.00000000000000,0.0000000000000000
103.00000000000000,107.00000000000000,0.0000000000000000
104.00000000000000,107.00000000000000,0.0000000000000000
105.00000000000000,107.00000000000000,0.0000000000000000
106.00000000000000,107.00000000000000,0.0000000000000000
107.00000000000000,107.00000000000000,0.0000000000000000
108.00000000000000,107.00000000000000,0.0000000000000000
109.00000000000000,107.00000000000000,0.0000000000000000
110.00000000000000,107.00000000000000,0.0000000000000000
111.00000000000000,107.00000000000000,0.0000000000000000
112.00000000000000,107.00000000000000,0.0000000000000000
113.00000000000000,107.00000000000000,0.0000000000000000
1.0000000000000000,108.00000000000000,0.0000000000000000
2.0000000000000000,108.00000000000000,0.0000000000000000
3.0000000000000000,108.00000000000000,0.0000000000000000
4.0000000000000000,108.00000000000000,0.0000000000000000
5.0000000000000000,108.00000000000000,0.0000000000000000
6.0000000000000000,108.00000000000000,0.0000000000000000
7.0000000000000000,108.00000000000000,0.0000000000000000
8.0000000000000000,108.00000000000000,0.0000000000000000
9.0000000000000000,108.00000000000000,0.0000000000000000
10.000000000000000,108.00000000000000,0.0000000000000000
11.000000000000000,108.00000000000000,0.0000000000000000
12.000000000000000,108.00000000000000,0.0000000000000000
13.000000000000000,108.00000000000000,0.0000000000000000
14.000000000000000,108.00000000000000,0.0000000000000000
15.000000000000000,108.00000000000000,0.0000000000000000
16.000000000000000,108.00000000000000,0.0000000000000000
17.000000000000000,108.00000000000000,0.0000000000000000
18.000000000000000,108.00000000000000,0.0000000000000000
19.000000000000000,108.00000000000000,0.0000000000000000
20.000000000000000,108.00000000000000,0.0000000000000000
21.000000000000000,108.00000000000000,0.0000000000000000
22.000000000000000,108.00000000000000,0.0000000000000000
23.000000000000000,108.00000000000000,0.0000000000000000
24.000000000000000,108.00000000000000,0.0000000000000000
25.000000000000000,108.00000000000000,0.0000000000000000
26.000000000000000,108.00000000000000,0.0000000000000000
27.000000000000000,108.00000000000000,0.0000000000000000
28.000000000000000,108.00000000000000,0.0000000000000000
29.000000000000000,108.00000000000000,0.0000000000000000
30.000000000000000,108.00000000000000,0.0000000000000000
31.000000000000000,108.00000000000000,0.0000000000000000
32.000000000000000,108.00000000000000,0.0000000000000000
33.000000000000000,108.00000000000000,0.0000000000000000
34.000000000000000,108.00000000000000,0.0000000000000000
35.000000000000000,108.00000000000000,0.0000000000000000
36.000000000000000,108.00000000000000,0.0000000000000000
37.000000000000000,108.00000000000000,0.0000000000000000
38.000000000000000,108.00000000000000,0.0000000000000000
39.000000000000000,108.00000000000000,0.0000000000000000
40.000000000000000,108.00000000000000,0.0000000000000000
41.000000000000000,108.00000000000000,0.0000000000000000
42.000000000000000,108.00000000000000,0.0000000000000000
43.000000000000000,108.00000000000000,0.0000000000000000
44.000000000000000,108.00000000000000,0.0000000000000000
45.000000000000000,108.00000000000000,0.0000000000000000
46.000000000000000,108.00000000000000,0.0000000000000000
47.000000000000000,108.00000000000000,0.0000000000000000
48.000000000000000,108.00000000000000,0.0000000000000000
49.000000000000000,108.00000000000000,0.0000000000000000
50.000000000000000,108.00000000000000,0.0000000000000000
51.000000000000000,108.00000000000000,0.0000000000000000
52.000000000000000,108.00000000000000,0.0000000000000000
53.000000000000000,108.00000000000000,0.0000000000000000
54.000000000000000,108.00000000000000,0.0000000000000000
55.000000000000000,108.00000000000000,0.0000000000000000
56.000000000000000,108.00000000000000,0.0000000000000000
57.000000000000000,108.00000000000000,0.0000000000000000
58.000000000000000,108.00000000000000,0.0000000000000000
59.000000000000000,108.00000000000000,0.0000000000000000
60.000000000000000,108.00000000000000,0.0000000000000000
61.000000000000000,108.00000000000000,0.0000000000000000
62.000000000000000,108.00000000000000,0.0000000000000000
63.000000000000000,108.00000000000000,0.0000000000000000
64.000000000000000,108.00000000000000,0.0000000000000000
65.000000000000000,108.00000000000000,0.0000000000000000
66.000000000000000,108.00000000000000,0.0000000000000000
67.000000000000000,108.00000000000000,0.0000000000000000
68.000000000000000,108.00000000000000,0.0000000000000000
69.000000000000000,108.00000000000000,0.0000000000000000
70.000000000000000,108.00000000000000,0.0000000000000000
71.000000000000000,108.00000000000000,0.0000000000000000
72.000000000000000,108.00000000000000,0.0000000000000000
73.000000000000000,108.00000000000000,0.0000000000000000
74.000000000000000,108.00000000000000,0.0000000000000000
75.000000000000000,108.00000000000000,0.0000000000000000
76.000000000000000,108.00000000000000,0.0000000000000000
77.000000000000000,108.00000000000000,0.0000000000000000
78.000000000000000,108.00000000000000,0.0000000000000000
79.000000000000000,108.00000000000000,0.0000000000000000
80.000000000000000,108.00000000000000,0.0000000000000000
81.000000000000000,108.00000000000000,0.0000000000000000
82.000000000000000,108.00000000000000,0.0000000000000000
83.000000000000000,108.00000000000000,0.0000000000000000
84.000000000000000,108.00000000000000,0.0000000000000000
85.000000000000000,108.00000000000000,0.0000000000000000
86.000000000000000,108.00000000000000,0.0000000000000000
87.000000000000000,108.00000000000000,0.0000000000000000
88.000000000000000,108.00000000000000,0.0000000000000000
89.000000000000000,108.00000000000000,0.0000000000000000
90.000000000000000,108.00000000000000,0.0000000000000000
91.000000000000000,108.00000000000000,0.0000000000000000
92.000000000000000,108.00000000000000,0.0000000000000000
93.000000000000000,108.00000000000000,0.0000000000000000
94.000000000000000,108.00000000000000,0.0000000000000000
95.000000000000000,108.00000000000000,0.0000000000000000
96.000000000000000,108.00000000000000,0.0000000000000000
97.000000000000000,108.00000000000000,0.0000000000000000
98.000000000000000,108.00000000000000,0.0000000000000000
99.000000000000000,108.00000000000000,0.0000000000000000
100.00000000000000,108.00000000000000,0.0000000000000000
101.00000000000000,108.00000000000000,0.0000000000000000
102.00000000000000,108.00000000000000,0.0000000000000000
103.00000000000000,108.00000000000000,0.0000000000000000
104.00000000000000,108.00000000000000,0.0000000000000000
105.00000000000000,108.00000000000000,0.0000000000000000
106.00000000000000,108.00000000000000,0.0000000000000000
107.00000000000000,108.00000000000000,0.0000000000000000
108.00000000000000,108.00000000000000,0.0000000000000000
109.00000000000000,108.00000000000000,0.0000000000000000
110.00000000000000,108.00000000000000,0.0000000000000000
111.00000000000000,108.00000000000000,0.0000000000000000
112.00000000000000,108.00000000000000,0.0000000000000000
113.00000000000000,108.00000000000000,0.0000000000000000
1.0000000000000000,109.00000000000000,0.0000000000000000
2.0000000000000000,109.00000000000000,0.0000000000000000
3.0000000000000000,109.00000000000000,0.0000000000000000
4.0000000000000000,109.00000000000000,0.0000000000000000
5.0000000000000000,109.00000000000000,0.0000000000000000
6.0000000000000000,109.00000000000000,0.0000000000000000
7.0000000000000000,109.00000000000000,0.0000000000000000
8.0000000000000000,109.00000000000000,0.0000000000000000
9.0000000000000000,109.00000000000000,0.0000000000000000
10.000000000000000,109.00000000000000,0.0000000000000000
11.000000000000000,109.00000000000000,0.0000000000000000
12.000000000000000,109.00000000000000,0.0000000000000000
13.000000000000000,109.00000000000000,0.0000000000000000
14.000000000000000,109.00000000000000,0.0000000000000000
15.000000000000000,109.00000000000000,0.0000000000000000
16.000000000000000,109.00000000000000,0.0000000000000000
17.000000000000000,109.00000000000000,0.0000000000000000
18.000000000000000,109.00000000000000,0.0000000000000000
19.000000000000000,109.00000000000000,0.0000000000000000
20.000000000000000,109.00000000000000,0.0000000000000000
21.000000000000000,109.00000000000000,0.0000000000000000
22.000000000000000,109.00000000000000,0.0000000000000000
23.000000000000000,109.00000000000000,0.0000000000000000
24.000000000000000,109.00000000000000,0.0000000000000000
25.000000000000000,109.00000000000000,0.0000000000000000
26.000000000000000,109.00000000000000,0.0000000000000000
27.000000000000000,109.00000000000000,0.0000000000000000
28.000000000000000,109.00000000000000,0.0000000000000000
29.000000000000000,109.00000000000000,0.0000000000000000
30.000000000000000,109.00000000000000,0.0000000000000000
31.000000000000000,109.00000000000000,0.0000000000000000
32.000000000000000,109.00000000000000,0.0000000000000000
33.000000000000000,109.00000000000000,0.0000000000000000
34.000000000000000,109.00000000000000,0.0000000000000000
35.000000000000000,109.00000000000000,0.0000000000000000
36.000000000000000,109.00000000000000,0.0000000000000000
37.000000000000000,109.00000000000000,0.0000000000000000
38.000000000000000,109.00000000000000,0.0000000000000000
39.000000000000000,109.00000000000000,0.0000000000000000
40.000000000000000,109.00000000000000,0.0000000000000000
41.000000000000000,109.00000000000000,0.0000000000000000
42.000000000000000,109.00000000000000,0.0000000000000000
43.000000000000000,109.00000000000000,0.0000000000000000
44.000000000000000,109.00000000000000,0.0000000000000000
45.000000000000000,109.00000000000000,0.0000000000000000
46.000000000000000,109.00000000000000,0.0000000000000000
47.000000000000000,109.00000000000000,0.0000000000000000
48.000000000000000,109.00000000000000,0.0000000000000000
49.000000000000000,109.00000000000000,0.0000000000000000
50.000000000000000,109.00000000000000,0.0000000000000000
51.000000000000000,109.00000000000000,0.0000000000000000
52.000000000000000,109.00000000000000,0.0000000000000000
53.000000000000000,109.00000000000000,0.0000000000000000
54.000000000000000,109.00000000000000,0.0000000000000000
55.000000000000000,109.00000000000000,0.0000000000000000
56.000000000000000,109.00000000000000,0.0000000000000000
57.000000000000000,109.00000000000000,0.0000000000000000
58.000000000000000,109.00000000000000,0.0000000000000000
59.000000000000000,109.00000000000000,0.0000000000000000
60.000000000000000,109.00000000000000,0.0000000000000000
61.000000000000000,109.00000000000000,0.0000000000000000
62.000000000000000,109.00000000000000,0.0000000000000000
63.000000000000000,109.00000000000000,0.0000000000000000
64.000000000000000,109.00000000000000,0.0000000000000000
65.000000000000000,109.00000000000000,0.0000000000000000
66.000000000000000,109.00000000000000,0.0000000000000000
67.000000000000000,109.00000000000000,0.0000000000000000
68.000000000000000,109.00000000000000,0.0000000000000000
69.000000000000000,109.00000000000000,0.0000000000000000
70.000000000000000,109.00000000000000,0.0000000000000000
71.000000000000000,109.00000000000000,0.0000000000000000
72.000000000000000,109.00000000000000,0.0000000000000000
73.000000000000000,109.00000000000000,0.0000000000000000
74.000000000000000,109.00000000000000,0.0000000000000000
75.000000000000000,109.00000000000000,0.0000000000000000
76.000000000000000,109.00000000000000,0.0000000000000000
77.000000000000000,109.00000000000000,0.0000000000000000
78.000000000000000,109.00000000000000,0.0000000000000000
79.000000000000000,109.00000000000000,0.0000000000000000
80.000000000000000,109.00000000000000,0.0000000000000000
81.000000000000000,109.00000000000000,0.0000000000000000
82.000000000000000,109.00000000000000,0.0000000000000000
83.000000000000000,109.00000000000000,0.0000000000000000
84.000000000000000,109.00000000000000,0.0000000000000000
85.000000000000000,109.00000000000000,0.0000000000000000
86.000000000000000,109.00000000000000,0.0000000000000000
87.000000000000000,109.00000000000000,0.0000000000000000
88.000000000000000,109.00000000000000,0.0000000000000000
89.000000000000000,109.00000000000000,0.0000000000000000
90.000000000000000,109.00000000000000,0.0000000000000000
91.000000000000000,109.00000000000000,0.0000000000000000
92.000000000000000,109.00000000000000,0.0000000000000000
93.000000000000000,109.00000000000000,0.0000000000000000
94.000000000000000,109.00000000000000,0.0000000000000000
95.000000000000000,109.00000000000000,0.0000000000000000
96.000000000000000,109.00000000000000,0.0000000000000000
97.000000000000000,109.00000000000000,0.0000000000000000
98.000000000000000,109.00000000000000,0.0000000000000000
99.000000000000000,109.00000000000000,0.0000000000000000
100.00000000000000,109.00000000000000,0.0000000000000000
101.00000000000000,109.00000000000000,0.0000000000000000
102.00000000000000,109.00000000000000,0.0000000000000000
103.00000000000000,109.00000000000000,0.0000000000000000
104.00000000000000,109.00000000000000,0.0000000000000000
105.00000000000000,109.00000000000000,0.0000000000000000
106.00000000000000,109.00000000000000,0.0000000000000000
107.00000000000000,109.00000000000000,0.0000000000000000
108.00000000000000,109.00000000000000,0.0000000000000000
109.00000000000000,109.00000000000000,0.0000000000000000
110.00000000000000,109.00000000000000,0.0000000000000000
111.00000000000000,109.00000000000000,0.0000000000000000
112.00000000000000,109.00000000000000,0.0000000000000000
113.00000000000000,109.00000000000000,0.0000000000000000
1.0000000000000000,110.00000000000000,0.0000000000000000
2.0000000000000000,110.00000000000000,0.0000000000000000
3.0000000000000000,110.00000000000000,0.0000000000000000
4.0000000000000000,110.00000000000000,0.0000000000000000
5.0000000000000000,110.00000000000000,0.0000000000000000
6.0000000000000000,110.00000000000000,0.0000000000000000
7.0000000000000000,110.00000000000000,0.0000000000000000
8.0000000000000000,110.00000000000000,0.0000000000000000
9.0000000000000000,110.00000000000000,0.0000000000000000
10.000000000000000,110.00000000000000,0.0000000000000000
11.000000000000000,110.00000000000000,0.0000000000000000
12.000000000000000,110.00000000000000,0.0000000000000000
13.000000000000000,110.00000000000000,0.0000000000000000
14.000000000000000,110.00000000000000,0.0000000000000000
15.000000000000000,110.00000000000000,0.0000000000000000
16.000000000000000,110.00000000000000,0.0000000000000000
17.000000000000000,110.00000000000000,0.0000000000000000
18.000000000000000,110.00000000000000,0.0000000000000000
19.000000000000000,110.00000000000000,0.0000000000000000
20.000000000000000,110.00000000000000,0.0000000000000000
21.000000000000000,110.00000000000000,0.0000000000000000
22.000000000000000,110.00000000000000,0.0000000000000000
23.000000000000000,110.00000000000000,0.0000000000000000
24.000000000000000,110.00000000000000,0.0000000000000000
25.000000000000000,110.00000000000000,0.0000000000000000
26.000000000000000,110.00000000000000,0.0000000000000000
27.000000000000000,110.00000000000000,0.0000000000000000
28.000000000000000,110.00000000000000,0.0000000000000000
29.000000000000000,110.00000000000000,0.0000000000000000
30.000000000000000,110.00000000000000,0.0000000000000000
31.000000000000000,110.00000000000000,0.0000000000000000
32.000000000000000,110.00000000000000,0.0000000000000000
33.000000000000000,110.00000000000000,0.0000000000000000
34.000000000000000,110.00000000000000,0.0000000000000000
35.000000000000000,110.00000000000000,0.0000000000000000
36.000000000000000,110.00000000000000,0.0000000000000000
37.000000000000000,110.00000000000000,0.0000000000000000
38.000000000000000,110.00000000000000,0.0000000000000000
39.000000000000000,110.00000000000000,0.0000000000000000
40.000000000000000,110.00000000000000,0.0000000000000000
41.000000000000000,110.00000000000000,0.0000000000000000
42.000000000000000,110.00000000000000,0.0000000000000000
43.000000000000000,110.00000000000000,0.0000000000000000
44.000000000000000,110.00000000000000,0.0000000000000000
45.000000000000000,110.00000000000000,0.0000000000000000
46.000000000000000,110.00000000000000,0.0000000000000000
47.000000000000000,110.00000000000000,0.0000000000000000
48.000000000000000,110.00000000000000,0.0000000000000000
49.000000000000000,110.00000000000000,0.0000000000000000
50.000000000000000,110.00000000000000,0.0000000000000000
51.000000000000000,110.00000000000000,0.0000000000000000
52.000000000000000,110.00000000000000,0.0000000000000000
53.000000000000000,110.00000000000000,0.0000000000000000
54.000000000000000,110.00000000000000,0.0000000000000000
55.000000000000000,110.00000000000000,0.0000000000000000
56.000000000000000,110.00000000000000,0.0000000000000000
57.000000000000000,110.00000000000000,0.0000000000000000
58.000000000000000,110.00000000000000,0.0000000000000000
59.000000000000000,110.00000000000000,0.0000000000000000
60.000000000000000,110.00000000000000,0.0000000000000000
61.000000000000000,110.00000000000000,0.0000000000000000
62.000000000000000,110.00000000000000,0.0000000000000000
63.000000000000000,110.00000000000000,0.0000000000000000
64.000000000000000,110.00000000000000,0.0000000000000000
65.000000000000000,110.00000000000000,0.0000000000000000
66.000000000000000,110.00000000000000,0.0000000000000000
67.000000000000000,110.00000000000000,0.0000000000000000
68.000000000000000,110.00000000000000,0.0000000000000000
69.000000000000000,110.00000000000000,0.0000000000000000
70.000000000000000,110.00000000000000,0.0000000000000000
71.000000000000000,110.00000000000000,0.0000000000000000
72.000000000000000,110.00000000000000,0.0000000000000000
73.000000000000000,110.00000000000000,0.0000000000000000
74.000000000000000,110.00000000000000,0.0000000000000000
75.000000000000000,110.00000000000000,0.0000000000000000
76.000000000000000,110.00000000000000,0.0000000000000000
77.000000000000000,110.00000000000000,0.0000000000000000
78.000000000000000,110.00000000000000,0.0000000000000000
79.000000000000000,110.00000000000000,0.0000000000000000
80.000000000000000,110.00000000000000,0.0000000000000000
81.000000000000000,110.00000000000000,0.0000000000000000
82.000000000000000,110.00000000000000,0.0000000000000000
83.000000000000000,110.00000000000000,0.0000000000000000
84.000000000000000,110.00000000000000,0.0000000000000000
85.000000000000000,110.00000000000000,0.0000000000000000
86.000000000000000,110.00000000000000,0.0000000000000000
87.000000000000000,110.00000000000000,0.0000000000000000
88.000000000000000,110.00000000000000,0.0000000000000000
89.000000000000000,110.00000000000000,0.0000000000000000
90.000000000000000,110.00000000000000,0.0000000000000000
91.000000000000000,110.00000000000000,0.0000000000000000
92.000000000000000,110.00000000000000,0.0000000000000000
93.000000000000000,110.00000000000000,0.0000000000000000
94.000000000000000,110.00000000000000,0.0000000000000000
95.000000000000000,110.00000000000000,0.0000000000000000
96.000000000000000,110.00000000000000,0.0000000000000000
97.000000000000000,110.00000000000000,0.0000000000000000
98.000000000000000,110.00000000000000,0.0000000000000000
99.000000000000000,110.00000000000000,0.0000000000000000
100.00000000000000,110.00000000000000,0.0000000000000000
101.00000000000000,110.00000000000000,0.0000000000000000
102.00000000000000,110.00000000000000,0.0000000000000000
103.00000000000000,110.00000000000000,0.0000000000000000
104.00000000000000,110.00000000000000,0.0000000000000000
105.00000000000000,110.00000000000000,0.0000000000000000
106.00000000000000,110.00000000000000,0.0000000000000000
107.00000000000000,110.00000000000000,0.0000000000000000
108.00000000000000,110.00000000000000,0.0000000000000000
109.00000000000000,110.00000000000000,0.0000000000000000
110.00000000000000,110.00000000000000,0.0000000000000000
111.00000000000000,110.00000000000000,0.0000000000000000
112.00000000000000,110.00000000000000,0.0000000000000000
113.00000000000000,110.00000000000000,0.0000000000000000
1.0000000000000000,111.00000000000000,0.0000000000000000
2.0000000000000000,111.00000000000000,0.0000000000000000
3.0000000000000000,111.00000000000000,0.0000000000000000
4.0000000000000000,111.00000000000000,0.0000000000000000
5.0000000000000000,111.00000000000000,0.0000000000000000
6.0000000000000000,111.00000000000000,0.0000000000000000
7.0000000000000000,111.00000000000000,0.0000000000000000
8.0000000000000000,111.00000000000000,0.0000000000000000
9.0000000000000000,111.00000000000000,0.0000000000000000
10.000000000000000,111.00000000000000,0.0000000000000000
11.000000000000000,111.00000000000000,0.0000000000000000
12.000000000000000,111.00000000000000,0.0000000000000000
13.000000000000000,111.00000000000000,0.0000000000000000
14.000000000000000,111.00000000000000,0.0000000000000000
15.000000000000000,111.00000000000000,0.0000000000000000
16.000000000000000,111.00000000000000,0.0000000000000000
17.000000000000000,111.00000000000000,0.0000000000000000
18.000000000000000,111.00000000000000,0.0000000000000000
19.000000000000000,111.00000000000000,0.0000000000000000
20.000000000000000,111.00000000000000,0.0000000000000000
21.000000000000000,111.00000000000000,0.0000000000000000
22.000000000000000,111.00000000000000,0.0000000000000000
23.000000000000000,111.00000000000000,0.0000000000000000
24.000000000000000,111.00000000000000,0.0000000000000000
25.000000000000000,111.00000000000000,0.0000000000000000
26.000000000000000,111.00000000000000,0.0000000000000000
27.000000000000000,111.00000000000000,0.0000000000000000
28.000000000000000,111.00000000000000,0.0000000000000000
29.000000000000000,111.00000000000000,0.0000000000000000
30.000000000000000,111.00000000000000,0.0000000000000000
31.000000000000000,111.00000000000000,0.0000000000000000
32.000000000000000,111.00000000000000,0.0000000000000000
33.000000000000000,111.00000000000000,0.0000000000000000
34.000000000000000,111.00000000000000,0.0000000000000000
35.000000000000000,111.00000000000000,0.0000000000000000
36.000000000000000,111.00000000000000,0.0000000000000000
37.000000000000000,111.00000000000000,0.0000000000000000
38.000000000000000,111.00000000000000,0.0000000000000000
39.000000000000000,111.00000000000000,0.0000000000000000
40.000000000000000,111.00000000000000,0.0000000000000000
41.000000000000000,111.00000000000000,0.0000000000000000
42.000000000000000,111.00000000000000,0.0000000000000000
43.000000000000000,111.00000000000000,0.0000000000000000
44.000000000000000,111.00000000000000,0.0000000000000000
45.000000000000000,111.00000000000000,0.0000000000000000
46.000000000000000,111.00000000000000,0.0000000000000000
47.000000000000000,111.00000000000000,0.0000000000000000
48.000000000000000,111.00000000000000,0.0000000000000000
49.000000000000000,111.00000000000000,0.0000000000000000
50.000000000000000,111.00000000000000,0.0000000000000000
51.000000000000000,111.00000000000000,0.0000000000000000
52.000000000000000,111.00000000000000,0.0000000000000000
53.000000000000000,111.00000000000000,0.0000000000000000
54.000000000000000,111.00000000000000,0.0000000000000000
55.000000000000000,111.00000000000000,0.0000000000000000
56.000000000000000,111.00000000000000,0.0000000000000000
57.000000000000000,111.00000000000000,0.0000000000000000
58.000000000000000,111.00000000000000,0.0000000000000000
59.000000000000000,111.00000000000000,0.0000000000000000
60.000000000000000,111.00000000000000,0.0000000000000000
61.000000000000000,111.00000000000000,0.0000000000000000
62.000000000000000,111.00000000000000,0.0000000000000000
63.000000000000000,111.00000000000000,0.0000000000000000
64.000000000000000,111.00000000000000,0.0000000000000000
65.000000000000000,111.00000000000000,0.0000000000000000
66.000000000000000,111.00000000000000,0.0000000000000000
67.000000000000000,111.00000000000000,0.0000000000000000
68.000000000000000,111.00000000000000,0.0000000000000000
69.000000000000000,111.00000000000000,0.0000000000000000
70.000000000000000,111.00000000000000,0.0000000000000000
71.000000000000000,111.00000000000000,0.0000000000000000
72.000000000000000,111.00000000000000,0.0000000000000000
73.000000000000000,111.00000000000000,0.0000000000000000
74.000000000000000,111.00000000000000,0.0000000000000000
75.000000000000000,111.00000000000000,0.0000000000000000
76.000000000000000,111.00000000000000,0.0000000000000000
77.000000000000000,111.00000000000000,0.0000000000000000
78.000000000000000,111.00000000000000,0.0000000000000000
79.000000000000000,111.00000000000000,0.0000000000000000
80.000000000000000,111.00000000000000,0.0000000000000000
81.000000000000000,111.00000000000000,0.0000000000000000
82.000000000000000,111.00000000000000,0.0000000000000000
83.000000000000000,111.00000000000000,0.0000000000000000
84.000000000000000,111.00000000000000,0.0000000000000000
85.000000000000000,111.00000000000000,0.0000000000000000
86.000000000000000,111.00000000000000,0.0000000000000000
87.000000000000000,111.00000000000000,0.0000000000000000
88.000000000000000,111.00000000000000,0.0000000000000000
89.000000000000000,111.00000000000000,0.0000000000000000
90.000000000000000,111.00000000000000,0.0000000000000000
91.000000000000000,111.00000000000000,0.0000000000000000
92.000000000000000,111.00000000000000,0.0000000000000000
93.000000000000000,111.00000000000000,0.0000000000000000
94.000000000000000,111.00000000000000,0.0000000000000000
95.000000000000000,111.00000000000000,0.0000000000000000
96.000000000000000,111.00000000000000,0.0000000000000000
97.000000000000000,111.00000000000000,0.0000000000000000
98.000000000000000,111.00000000000000,0.0000000000000000
99.000000000000000,111.00000000000000,0.0000000000000000
100.00000000000000,111.00000000000000,0.0000000000000000
101.00000000000000,111.00000000000000,0.0000000000000000
102.00000000000000,111.00000000000000,0.0000000000000000
103.00000000000000,111.00000000000000,0.0000000000000000
104.00000000000000,111.00000000000000,0.0000000000000000
105.00000000000000,111.00000000000000,0.0000000000000000
106.00000000000000,111.00000000000000,0.0000000000000000
107.00000000000000,111.00000000000000,0.0000000000000000
108.00000000000000,111.00000000000000,0.0000000000000000
109.00000000000000,111.00000000000000,0.0000000000000000
110.00000000000000,111.00000000000000,0.0000000000000000
111.00000000000000,111.00000000000000,0.0000000000000000
112.00000000000000,111.00000000000000,0.0000000000000000
113.00000000000000,111.00000000000000,0.0000000000000000
1.0000000000000000,112.00000000000000,0.0000000000000000
2.0000000000000000,112.00000000000000,0.0000000000000000
3.0000000000000000,112.00000000000000,0.0000000000000000
4.0000000000000000,112.00000000000000,0.0000000000000000
5.0000000000000000,112.00000000000000,0.0000000000000000
6.0000000000000000,112.00000000000000,0.0000000000000000
7.0000000000000000,112.00000000000000,0.0000000000000000
8.0000000000000000,112.00000000000000,0.0000000000000000
9.0000000000000000,112.00000000000000,0.0000000000000000
10.000000000000000,112.00000000000000,0.0000000000000000
11.000000000000000,112.00000000000000,0.0000000000000000
12.000000000000000,112.00000000000000,0.0000000000000000
13.000000000000000,112.00000000000000,0.0000000000000000
14.000000000000000,112.00000000000000,0.0000000000000000
15.000000000000000,112.00000000000000,0.0000000000000000
16.000000000000000,112.00000000000000,0.0000000000000000
17.000000000000000,112.00000000000000,0.0000000000000000
18.000000000000000,112.00000000000000,0.0000000000000000
19.000000000000000,112.00000000000000,0.0000000000000000
20.000000000000000,112.00000000000000,0.0000000000000000
21.000000000000000,112.00000000000000,0.0000000000000000
22.000000000000000,112.00000000000000,0.0000000000000000
23.000000000000000,112.00000000000000,0.0000000000000000
24.000000000000000,112.00000000000000,0.0000000000000000
25.000000000000000,112.00000000000000,0.0000000000000000
26.000000000000000,112.00000000000000,0.0000000000000000
27.000000000000000,112.00000000000000,0.0000000000000000
28.000000000000000,112.00000000000000,0.0000000000000000
29.000000000000000,112.00000000000000,0.0000000000000000
30.000000000000000,112.00000000000000,0.0000000000000000
31.000000000000000,112.00000000000000,0.0000000000000000
32.000000000000000,112.00000000000000,0.0000000000000000
33.000000000000000,112.00000000000000,0.0000000000000000
34.000000000000000,112.00000000000000,0.0000000000000000
35.000000000000000,112.00000000000000,0.0000000000000000
36.000000000000000,112.00000000000000,0.0000000000000000
37.000000000000000,112.00000000000000,0.0000000000000000
38.000000000000000,112.00000000000000,0.0000000000000000
39.000000000000000,112.00000000000000,0.0000000000000000
40.000000000000000,112.00000000000000,0.0000000000000000
41.000000000000000,112.00000000000000,0.0000000000000000
42.000000000000000,112.00000000000000,0.0000000000000000
43.000000000000000,112.00000000000000,0.0000000000000000
44.000000000000000,112.00000000000000,0.0000000000000000
45.000000000000000,112.00000000000000,0.0000000000000000
46.000000000000000,112.00000000000000,0.0000000000000000
47.000000000000000,112.00000000000000,0.0000000000000000
48.000000000000000,112.00000000000000,0.0000000000000000
49.000000000000000,112.00000000000000,0.0000000000000000
50.000000000000000,112.00000000000000,0.0000000000000000
51.000000000000000,112.00000000000000,0.0000000000000000
52.000000000000000,112.00000000000000,0.0000000000000000
53.000000000000000,112.00000000000000,0.0000000000000000
54.000000000000000,112.00000000000000,0.0000000000000000
55.000000000000000,112.00000000000000,0.0000000000000000
56.000000000000000,112.00000000000000,0.0000000000000000
57.000000000000000,112.00000000000000,0.0000000000000000
58.000000000000000,112.00000000000000,0.0000000000000000
59.000000000000000,112.00000000000000,0.0000000000000000
60.000000000000000,112.00000000000000,0.0000000000000000
61.000000000000000,112.00000000000000,0.0000000000000000
62.000000000000000,112.00000000000000,0.0000000000000000
63.000000000000000,112.00000000000000,0.0000000000000000
64.000000000000000,112.00000000000000,0.0000000000000000
65.000000000000000,112.00000000000000,0.0000000000000000
66.000000000000000,112.00000000000000,0.0000000000000000
67.000000000000000,112.00000000000000,0.0000000000000000
68.000000000000000,112.00000000000000,0.0000000000000000
69.000000000000000,112.00000000000000,0.0000000000000000
70.000000000000000,112.00000000000000,0.0000000000000000
71.000000000000000,112.00000000000000,0.0000000000000000
72.000000000000000,112.00000000000000,0.0000000000000000
73.000000000000000,112.00000000000000,0.0000000000000000
74.000000000000000,112.00000000000000,0.0000000000000000
75.000000000000000,112.00000000000000,0.0000000000000000
76.000000000000000,112.00000000000000,0.0000000000000000
77.000000000000000,112.00000000000000,0.0000000000000000
78.000000000000000,112.00000000000000,0.0000000000000000
79.000000000000000,112.00000000000000,0.0000000000000000
80.000000000000000,112.00000000000000,0.0000000000000000
81.000000000000000,112.00000000000000,0.0000000000000000
82.000000000000000,112.00000000000000,0.0000000000000000
83.000000000000000,112.00000000000000,0.0000000000000000
84.000000000000000,112.00000000000000,0.0000000000000000
85.000000000000000,112.00000000000000,0.0000000000000000
86.000000000000000,112.00000000000000,0.0000000000000000
87.000000000000000,112.00000000000000,0.0000000000000000
88.000000000000000,112.00000000000000,0.0000000000000000
89.000000000000000,112.00000000000000,0.0000000000000000
90.000000000000000,112.00000000000000,0.0000000000000000
91.000000000000000,112.00000000000000,0.0000000000000000
92.000000000000000,112.00000000000000,0.0000000000000000
93.000000000000000,112.00000000000000,0.0000000000000000
94.000000000000000,112.00000000000000,0.0000000000000000
95.000000000000000,112.00000000000000,0.0000000000000000
96.000000000000000,112.00000000000000,0.0000000000000000
97.000000000000000,112.00000000000000,0.0000000000000000
98.000000000000000,112.00000000000000,0.0000000000000000
99.000000000000000,112.00000000000000,0.0000000000000000
100.00000000000000,112.00000000000000,0.0000000000000000
101.00000000000000,112.00000000000000,0.0000000000000000
102.00000000000000,112.00000000000000,0.0000000000000000
103.00000000000000,112.00000000000000,0.0000000000000000
104.00000000000000,112.00000000000000,0.0000000000000000
105.00000000000000,112.00000000000000,0.0000000000000000
106.00000000000000,112.00000000000000,0.0000000000000000
107.00000000000000,112.00000000000000,0.0000000000000000
108.00000000000000,112.00000000000000,0.0000000000000000
109.00000000000000,112.00000000000000,0.0000000000000000
110.00000000000000,112.00000000000000,0.0000000000000000
111.00000000000000,112.00000000000000,0.0000000000000000
112.00000000000000,112.00000000000000,0.0000000000000000
113.00000000000000,112.00000000000000,0.0000000000000000
1.0000000000000000,113.00000000000000,0.0000000000000000
2.0000000000000000,113.00000000000000,0.0000000000000000
3.0000000000000000,113.00000000000000,0.0000000000000000
4.0000000000000000,113.00000000000000,0.0000000000000000
5.0000000000000000,113.00000000000000,0.0000000000000000
6.0000000000000000,113.00000000000000,0.0000000000000000
7.0000000000000000,113.00000000000000,0.0000000000000000
8.0000000000000000,113.00000000000000,0.0000000000000000
9.0000000000000000,113.00000000000000,0.0000000000000000
10.000000000000000,113.00000000000000,0.0000000000000000
11.000000000000000,113.00000000000000,0.0000000000000000
12.000000000000000,113.00000000000000,0.0000000000000000
13.000000000000000,113.00000000000000,0.0000000000000000
14.000000000000000,113.00000000000000,0.0000000000000000
15.000000000000000,113.00000000000000,0.0000000000000000
16.000000000000000,113.00000000000000,0.0000000000000000
17.000000000000000,113.00000000000000,0.0000000000000000
18.000000000000000,113.00000000000000,0.0000000000000000
19.000000000000000,113.00000000000000,0.0000000000000000
20.000000000000000,113.00000000000000,0.0000000000000000
21.000000000000000,113.00000000000000,0.0000000000000000
22.000000000000000,113.00000000000000,0.0000000000000000
23.000000000000000,113.00000000000000,0.0000000000000000
24.000000000000000,113.00000000000000,0.0000000000000000
25.000000000000000,113.00000000000000,0.0000000000000000
26.000000000000000,113.00000000000000,0.0000000000000000
27.000000000000000,113.00000000000000,0.0000000000000000
28.000000000000000,113.00000000000000,0.0000000000000000
29.000000000000000,113.00000000000000,0.0000000000000000
30.000000000000000,113.00000000000000,0.0000000000000000
31.000000000000000,113.00000000000000,0.0000000000000000
32.000000000000000,113.00000000000000,0.0000000000000000
33.000000000000000,113.00000000000000,0.0000000000000000
34.000000000000000,113.00000000000000,0.0000000000000000
35.000000000000000,113.00000000000000,0.0000000000000000
36.000000000000000,113.00000000000000,0.0000000000000000
37.000000000000000,113.00000000000000,0.0000000000000000
38.000000000000000,113.00000000000000,0.0000000000000000
39.000000000000000,113.00000000000000,0.0000000000000000
40.000000000000000,113.00000000000000,0.0000000000000000
41.000000000000000,113.00000000000000,0.0000000000000000
42.000000000000000,113.00000000000000,0.0000000000000000
43.000000000000000,113.00000000000000,0.0000000000000000
44.000000000000000,113.00000000000000,0.0000000000000000
45.000000000000000,113.00000000000000,0.0000000000000000
46.000000000000000,113.00000000000000,0.0000000000000000
47.000000000000000,113.00000000000000,0.0000000000000000
48.000000000000000,113.00000000000000,0.0000000000000000
49.000000000000000,113.00000000000000,0.0000000000000000
50.000000000000000,113.00000000000000,0.0000000000000000
51.000000000000000,113.00000000000000,0.0000000000000000
52.000000000000000,113.00000000000000,0.0000000000000000
53.000000000000000,113.00000000000000,0.0000000000000000
54.000000000000000,113.00000000000000,0.0000000000000000
55.000000000000000,113.00000000000000,0.0000000000000000
56.000000000000000,113.00000000000000,0.0000000000000000
57.000000000000000,113.00000000000000,0.0000000000000000
58.000000000000000,113.00000000000000,0.0000000000000000
59.000000000000000,113.00000000000000,0.0000000000000000
60.000000000000000,113.00000000000000,0.0000000000000000
61.000000000000000,113.00000000000000,0.0000000000000000
62.000000000000000,113.00000000000000,0.0000000000000000
63.000000000000000,113.00000000000000,0.0000000000000000
64.000000000000000,113.00000000000000,0.0000000000000000
65.000000000000000,113.00000000000000,0.0000000000000000
66.000000000000000,113.00000000000000,0.0000000000000000
67.000000000000000,113.00000000000000,0.0000000000000000
68.000000000000000,113.00000000000000,0.0000000000000000
69.000000000000000,113.00000000000000,0.0000000000000000
70.000000000000000,113.00000000000000,0.0000000000000000
71.000000000000000,113.00000000000000,0.0000000000000000
72.000000000000000,113.00000000000000,0.0000000000000000
73.000000000000000,113.00000000000000,0.0000000000000000
74.000000000000000,113.00000000000000,0.0000000000000000
75.000000000000000,113.00000000000000,0.0000000000000000
76.000000000000000,113.00000000000000,0.0000000000000000
77.000000000000000,113.00000000000000,0.0000000000000000
78.000000000000000,113.00000000000000,0.0000000000000000
79.000000000000000,113.00000000000000,0.0000000000000000
80.000000000000000,113.00000000000000,0.0000000000000000
81.000000000000000,113.00000000000000,0.0000000000000000
82.000000000000000,113.00000000000000,0.0000000000000000
83.000000000000000,113.00000000000000,0.0000000000000000
84.000000000000000,113.00000000000000,0.0000000000000000
85.000000000000000,113.00000000000000,0.0000000000000000
86.000000000000000,113.00000000000000,0.0000000000000000
87.000000000000000,113.00000000000000,0.0000000000000000
88.000000000000000,113.00000000000000,0.0000000000000000
89.000000000000000,113.00000000000000,0.0000000000000000
90.000000000000000,113.00000000000000,0.0000000000000000
91.000000000000000,113.00000000000000,0.0000000000000000
92.000000000000000,113.00000000000000,0.0000000000000000
93.000000000000000,113.00000000000000,0.0000000000000000
94.000000000000000,113.00000000000000,0.0000000000000000
95.000000000000000,113.00000000000000,0.0000000000000000
96.000000000000000,113.00000000000000,0.0000000000000000
97.000000000000000,113.00000000000000,0.0000000000000000
98.000000000000000,113.00000000000000,0.0000000000000000
99.000000000000000,113.00000000000000,0.0000000000000000
100.00000000000000,113.00000000000000,0.0000000000000000
101.00000000000000,113.00000000000000,0.0000000000000000
102.00000000000000,113.00000000000000,0.0000000000000000
103.00000000000000,113.00000000000000,0.0000000000000000
104.00000000000000,113.00000000000000,0.0000000000000000
105.00000000000000,113.00000000000000,0.0000000000000000
106.00000000000000,113.00000000000000,0.0000000000000000
107.00000000000000,113.00000000000000,0.0000000000000000
108.00000000000000,113.00000000000000,0.0000000000000000
109.00000000000000,113.00000000000000,0.0000000000000000
110.00000000000000,113.00000000000000,0.0000000000000000
111.00000000000000,113.00000000000000,0.0000000000000000
112.00000000000000,113.00000000000000,0.0000000000000000
113.00000000000000,113.00000000000000,0.0000000000000000
1.0000000000000000,114.00000000000000,0.0000000000000000
2.0000000000000000,114.00000000000000,0.0000000000000000
3.0000000000000000,114.00000000000000,0.0000000000000000
4.0000000000000000,114.00000000000000,0.0000000000000000
5.0000000000000000,114.00000000000000,0.0000000000000000
6.0000000000000000,114.00000000000000,0.0000000000000000
7.0000000000000000,114.00000000000000,0.0000000000000000
8.0000000000000000,114.00000000000000,0.0000000000000000
9.0000000000000000,114.00000000000000,0.0000000000000000
10.000000000000000,114.00000000000000,0.0000000000000000
11.000000000000000,114.00000000000000,0.0000000000000000
12.000000000000000,114.00000000000000,0.0000000000000000
13.000000000000000,114.00000000000000,0.0000000000000000
14.000000000000000,114.00000000000000,0.0000000000000000
15.000000000000000,114.00000000000000,0.0000000000000000
16.000000000000000,114.00000000000000,0.0000000000000000
17.000000000000000,114.00000000000000,0.0000000000000000
18.000000000000000,114.00000000000000,0.0000000000000000
19.000000000000000,114.00000000000000,0.0000000000000000
20.000000000000000,114.00000000000000,0.0000000000000000
21.000000000000000,114.00000000000000,0.0000000000000000
22.000000000000000,114.00000000000000,0.0000000000000000
23.000000000000000,114.00000000000000,0.0000000000000000
24.000000000000000,114.00000000000000,0.0000000000000000
25.000000000000000,114.00000000000000,0.0000000000000000
26.000000000000000,114.00000000000000,0.0000000000000000
27.000000000000000,114.00000000000000,0.0000000000000000
28.000000000000000,114.00000000000000,0.0000000000000000
29.000000000000000,114.00000000000000,0.0000000000000000
30.000000000000000,114.00000000000000,0.0000000000000000
31.000000000000000,114.00000000000000,0.0000000000000000
32.000000000000000,114.00000000000000,0.0000000000000000
33.000000000000000,114.00000000000000,0.0000000000000000
34.000000000000000,114.00000000000000,0.0000000000000000
35.000000000000000,114.00000000000000,0.0000000000000000
36.000000000000000,114.00000000000000,0.0000000000000000
37.000000000000000,114.00000000000000,0.0000000000000000
38.000000000000000,114.00000000000000,0.0000000000000000
39.000000000000000,114.00000000000000,0.0000000000000000
40.000000000000000,114.00000000000000,0.0000000000000000
41.000000000000000,114.00000000000000,0.0000000000000000
42.000000000000000,114.00000000000000,0.0000000000000000
43.000000000000000,114.00000000000000,0.0000000000000000
44.000000000000000,114.00000000000000,0.0000000000000000
45.000000000000000,114.00000000000000,0.0000000000000000
46.000000000000000,114.00000000000000,0.0000000000000000
47.000000000000000,114.00000000000000,0.0000000000000000
48.000000000000000,114.00000000000000,0.0000000000000000
49.000000000000000,114.00000000000000,0.0000000000000000
50.000000000000000,114.00000000000000,0.0000000000000000
51.000000000000000,114.00000000000000,0.0000000000000000
52.000000000000000,114.00000000000000,0.0000000000000000
53.000000000000000,114.00000000000000,0.0000000000000000
54.000000000000000,114.00000000000000,0.0000000000000000
55.000000000000000,114.00000000000000,0.0000000000000000
56.000000000000000,114.00000000000000,0.0000000000000000
57.000000000000000,114.00000000000000,0.0000000000000000
58.000000000000000,114.00000000000000,0.0000000000000000
59.000000000000000,114.00000000000000,0.0000000000000000
60.000000000000000,114.00000000000000,0.0000000000000000
61.000000000000000,114.00000000000000,0.0000000000000000
62.000000000000000,114.00000000000000,0.0000000000000000
63.000000000000000,114.00000000000000,0.0000000000000000
64.000000000000000,114.00000000000000,0.0000000000000000
65.000000000000000,114.00000000000000,0.0000000000000000
66.000000000000000,114.00000000000000,0.0000000000000000
67.000000000000000,114.00000000000000,0.0000000000000000
68.000000000000000,114.00000000000000,0.0000000000000000
69.000000000000000,114.00000000000000,0.0000000000000000
70.000000000000000,114.00000000000000,0.0000000000000000
71.000000000000000,114.00000000000000,0.0000000000000000
72.000000000000000,114.00000000000000,0.0000000000000000
73.000000000000000,114.00000000000000,0.0000000000000000
74.000000000000000,114.00000000000000,0.0000000000000000
75.000000000000000,114.00000000000000,0.0000000000000000
76.000000000000000,114.00000000000000,0.0000000000000000
77.000000000000000,114.00000000000000,0.0000000000000000
78.000000000000000,114.00000000000000,0.0000000000000000
79.000000000000000,114.00000000000000,0.0000000000000000
80.000000000000000,114.00000000000000,0.0000000000000000
81.000000000000000,114.00000000000000,0.0000000000000000
82.000000000000000,114.00000000000000,0.0000000000000000
83.000000000000000,114.00000000000000,0.0000000000000000
84.000000000000000,114.00000000000000,0.0000000000000000
85.000000000000000,114.00000000000000,0.0000000000000000
86.000000000000000,114.00000000000000,0.0000000000000000
87.000000000000000,114.00000000000000,0.0000000000000000
88.000000000000000,114.00000000000000,0.0000000000000000
89.000000000000000,114.00000000000000,0.0000000000000000
90.000000000000000,114.00000000000000,0.0000000000000000
91.000000000000000,114.00000000000000,0.0000000000000000
92.000000000000000,114.00000000000000,0.0000000000000000
93.000000000000000,114.00000000000000,0.0000000000000000
94.000000000000000,114.00000000000000,0.0000000000000000
95.000000000000000,114.00000000000000,0.0000000000000000
96.000000000000000,114.00000000000000,0.0000000000000000
97.000000000000000,114.00000000000000,0.0000000000000000
98.000000000000000,114.00000000000000,0.0000000000000000
99.000000000000000,114.00000000000000,0.0000000000000000
100.00000000000000,114.00000000000000,0.0000000000000000
101.00000000000000,114.00000000000000,0.0000000000000000
102.00000000000000,114.00000000000000,0.0000000000000000
103.00000000000000,114.00000000000000,0.0000000000000000
104.00000000000000,114.00000000000000,0.0000000000000000
105.00000000000000,114.00000000000000,0.0000000000000000
106.00000000000000,114.00000000000000,0.0000000000000000
107.00000000000000,114.00000000000000,0.0000000000000000
108.00000000000000,114.00000000000000,0.0000000000000000
109.00000000000000,114.00000000000000,0.0000000000000000
110.00000000000000,114.00000000000000,0.0000000000000000
111.00000000000000,114.00000000000000,0.0000000000000000
112.00000000000000,114.00000000000000,0.0000000000000000
113.00000000000000,114.00000000000000,0.0000000000000000
1.0000000000000000,115.00000000000000,0.0000000000000000
2.0000000000000000,115.00000000000000,0.0000000000000000
3.0000000000000000,115.00000000000000,0.0000000000000000
4.0000000000000000,115.00000000000000,0.0000000000000000
5.0000000000000000,115.00000000000000,0.0000000000000000
6.0000000000000000,115.00000000000000,0.0000000000000000
7.0000000000000000,115.00000000000000,0.0000000000000000
8.0000000000000000,115.00000000000000,0.0000000000000000
9.0000000000000000,115.00000000000000,0.0000000000000000
10.000000000000000,115.00000000000000,0.0000000000000000
11.000000000000000,115.00000000000000,0.0000000000000000
12.000000000000000,115.00000000000000,0.0000000000000000
13.000000000000000,115.00000000000000,0.0000000000000000
14.000000000000000,115.00000000000000,0.0000000000000000
15.000000000000000,115.00000000000000,0.0000000000000000
16.000000000000000,115.00000000000000,0.0000000000000000
17.000000000000000,115.00000000000000,0.0000000000000000
18.000000000000000,115.00000000000000,0.0000000000000000
19.000000000000000,115.00000000000000,0.0000000000000000
20.000000000000000,115.00000000000000,0.0000000000000000
21.000000000000000,115.00000000000000,0.0000000000000000
22.000000000000000,115.00000000000000,0.0000000000000000
23.000000000000000,115.00000000000000,0.0000000000000000
24.000000000000000,115.00000000000000,0.0000000000000000
25.000000000000000,115.00000000000000,0.0000000000000000
26.000000000000000,115.00000000000000,0.0000000000000000
27.000000000000000,115.00000000000000,0.0000000000000000
28.000000000000000,115.00000000000000,0.0000000000000000
29.000000000000000,115.00000000000000,0.0000000000000000
30.000000000000000,115.00000000000000,0.0000000000000000
31.000000000000000,115.00000000000000,0.0000000000000000
32.000000000000000,115.00000000000000,0.0000000000000000
33.000000000000000,115.00000000000000,0.0000000000000000
34.000000000000000,115.00000000000000,0.0000000000000000
35.000000000000000,115.00000000000000,0.0000000000000000
36.000000000000000,115.00000000000000,0.0000000000000000
37.000000000000000,115.00000000000000,0.0000000000000000
38.000000000000000,115.00000000000000,0.0000000000000000
39.000000000000000,115.00000000000000,0.0000000000000000
40.000000000000000,115.00000000000000,0.0000000000000000
41.000000000000000,115.00000000000000,0.0000000000000000
42.000000000000000,115.00000000000000,0.0000000000000000
43.000000000000000,115.00000000000000,0.0000000000000000
44.000000000000000,115.00000000000000,0.0000000000000000
45.000000000000000,115.00000000000000,0.0000000000000000
46.000000000000000,115.00000000000000,0.0000000000000000
47.000000000000000,115.00000000000000,0.0000000000000000
48.000000000000000,115.00000000000000,0.0000000000000000
49.000000000000000,115.00000000000000,0.0000000000000000
50.000000000000000,115.00000000000000,0.0000000000000000
51.000000000000000,115.00000000000000,0.0000000000000000
52.000000000000000,115.00000000000000,0.0000000000000000
53.000000000000000,115.00000000000000,0.0000000000000000
54.000000000000000,115.00000000000000,0.0000000000000000
55.000000000000000,115.00000000000000,0.0000000000000000
56.000000000000000,115.00000000000000,0.0000000000000000
57.000000000000000,115.00000000000000,0.0000000000000000
58.000000000000000,115.00000000000000,0.0000000000000000
59.000000000000000,115.00000000000000,0.0000000000000000
60.000000000000000,115.00000000000000,0.0000000000000000
61.000000000000000,115.00000000000000,0.0000000000000000
62.000000000000000,115.00000000000000,0.0000000000000000
63.000000000000000,115.00000000000000,0.0000000000000000
64.000000000000000,115.00000000000000,0.0000000000000000
65.000000000000000,115.00000000000000,0.0000000000000000
66.000000000000000,115.00000000000000,0.0000000000000000
67.000000000000000,115.00000000000000,0.0000000000000000
68.000000000000000,115.00000000000000,0.0000000000000000
69.000000000000000,115.00000000000000,0.0000000000000000
70.000000000000000,115.00000000000000,0.0000000000000000
71.000000000000000,115.00000000000000,0.0000000000000000
72.000000000000000,115.00000000000000,0.0000000000000000
73.000000000000000,115.00000000000000,0.0000000000000000
74.000000000000000,115.00000000000000,0.0000000000000000
75.000000000000000,115.00000000000000,0.0000000000000000
76.000000000000000,115.00000000000000,0.0000000000000000
77.000000000000000,115.00000000000000,0.0000000000000000
78.000000000000000,115.00000000000000,0.0000000000000000
79.000000000000000,115.00000000000000,0.0000000000000000
80.000000000000000,115.00000000000000,0.0000000000000000
81.000000000000000,115.00000000000000,0.0000000000000000
82.000000000000000,115.00000000000000,0.0000000000000000
83.000000000000000,115.00000000000000,0.0000000000000000
84.000000000000000,115.00000000000000,0.0000000000000000
85.000000000000000,115.00000000000000,0.0000000000000000
86.000000000000000,115.00000000000000,0.0000000000000000
87.000000000000000,115.00000000000000,0.0000000000000000
88.000000000000000,115.00000000000000,0.0000000000000000
89.000000000000000,115.00000000000000,0.0000000000000000
90.000000000000000,115.00000000000000,0.0000000000000000
91.000000000000000,115.00000000000000,0.0000000000000000
92.000000000000000,115.00000000000000,0.0000000000000000
93.000000000000000,115.00000000000000,0.0000000000000000
94.000000000000000,115.00000000000000,0.0000000000000000
95.000000000000000,115.00000000000000,0.0000000000000000
96.000000000000000,115.00000000000000,0.0000000000000000
97.000000000000000,115.00000000000000,0.0000000000000000
98.000000000000000,115.00000000000000,0.0000000000000000
99.000000000000000,115.00000000000000,0.0000000000000000
100.00000000000000,115.00000000000000,0.0000000000000000
101.00000000000000,115.00000000000000,0.0000000000000000
102.00000000000000,115.00000000000000,0.0000000000000000
103.00000000000000,115.00000000000000,0.0000000000000000
104.00000000000000,115.00000000000000,0.0000000000000000
105.00000000000000,115.00000000000000,0.0000000000000000
106.00000000000000,115.00000000000000,0.0000000000000000
107.00000000000000,115.00000000000000,0.0000000000000000
108.00000000000000,115.00000000000000,0.0000000000000000
109.00000000000000,115.00000000000000,0.0000000000000000
110.00000000000000,115.00000000000000,0.0000000000000000
111.00000000000000,115.00000000000000,0.0000000000000000
112.00000000000000,115.00000000000000,0.0000000000000000
113.00000000000000,115.00000000000000,0.0000000000000000
1.0000000000000000,116.00000000000000,0.0000000000000000
2.0000000000000000,116.00000000000000,0.0000000000000000
3.0000000000000000,116.00000000000000,0.0000000000000000
4.0000000000000000,116.00000000000000,0.0000000000000000
5.0000000000000000,116.00000000000000,0.0000000000000000
6.0000000000000000,116.00000000000000,0.0000000000000000
7.0000000000000000,116.00000000000000,0.0000000000000000
8.0000000000000000,116.00000000000000,0.0000000000000000
9.0000000000000000,116.00000000000000,0.0000000000000000
10.000000000000000,116.00000000000000,0.0000000000000000
11.000000000000000,116.00000000000000,0.0000000000000000
12.000000000000000,116.00000000000000,0.0000000000000000
13.000000000000000,116.00000000000000,0.0000000000000000
14.000000000000000,116.00000000000000,0.0000000000000000
15.000000000000000,116.00000000000000,0.0000000000000000
16.000000000000000,116.00000000000000,0.0000000000000000
17.000000000000000,116.00000000000000,0.0000000000000000
18.000000000000000,116.00000000000000,0.0000000000000000
19.000000000000000,116.00000000000000,0.0000000000000000
20.000000000000000,116.00000000000000,0.0000000000000000
21.000000000000000,116.00000000000000,0.0000000000000000
22.000000000000000,116.00000000000000,0.0000000000000000
23.000000000000000,116.00000000000000,0.0000000000000000
24.000000000000000,116.00000000000000,0.0000000000000000
25.000000000000000,116.00000000000000,0.0000000000000000
26.000000000000000,116.00000000000000,0.0000000000000000
27.000000000000000,116.00000000000000,0.0000000000000000
28.000000000000000,116.00000000000000,0.0000000000000000
29.000000000000000,116.00000000000000,0.0000000000000000
30.000000000000000,116.00000000000000,0.0000000000000000
31.000000000000000,116.00000000000000,0.0000000000000000
32.000000000000000,116.00000000000000,0.0000000000000000
33.000000000000000,116.00000000000000,0.0000000000000000
34.000000000000000,116.00000000000000,0.0000000000000000
35.000000000000000,116.00000000000000,0.0000000000000000
36.000000000000000,116.00000000000000,0.0000000000000000
37.000000000000000,116.00000000000000,0.0000000000000000
38.000000000000000,116.00000000000000,0.0000000000000000
39.000000000000000,116.00000000000000,0.0000000000000000
40.000000000000000,116.00000000000000,0.0000000000000000
41.000000000000000,116.00000000000000,0.0000000000000000
42.000000000000000,116.00000000000000,0.0000000000000000
43.000000000000000,116.00000000000000,0.0000000000000000
44.000000000000000,116.00000000000000,0.0000000000000000
45.000000000000000,116.00000000000000,0.0000000000000000
46.000000000000000,116.00000000000000,0.0000000000000000
47.000000000000000,116.00000000000000,0.0000000000000000
48.000000000000000,116.00000000000000,0.0000000000000000
49.000000000000000,116.00000000000000,0.0000000000000000
50.000000000000000,116.00000000000000,0.0000000000000000
51.000000000000000,116.00000000000000,0.0000000000000000
52.000000000000000,116.00000000000000,0.0000000000000000
53.000000000000000,116.00000000000000,0.0000000000000000
54.000000000000000,116.00000000000000,0.0000000000000000
55.000000000000000,116.00000000000000,0.0000000000000000
56.000000000000000,116.00000000000000,0.0000000000000000
57.000000000000000,116.00000000000000,0.0000000000000000
58.000000000000000,116.00000000000000,0.0000000000000000
59.000000000000000,116.00000000000000,0.0000000000000000
60.000000000000000,116.00000000000000,0.0000000000000000
61.000000000000000,116.00000000000000,0.0000000000000000
62.000000000000000,116.00000000000000,0.0000000000000000
63.000000000000000,116.00000000000000,0.0000000000000000
64.000000000000000,116.00000000000000,0.0000000000000000
65.000000000000000,116.00000000000000,0.0000000000000000
66.000000000000000,116.00000000000000,0.0000000000000000
67.000000000000000,116.00000000000000,0.0000000000000000
68.000000000000000,116.00000000000000,0.0000000000000000
69.000000000000000,116.00000000000000,0.0000000000000000
70.000000000000000,116.00000000000000,0.0000000000000000
71.000000000000000,116.00000000000000,0.0000000000000000
72.000000000000000,116.00000000000000,0.0000000000000000
73.000000000000000,116.00000000000000,0.0000000000000000
74.000000000000000,116.00000000000000,0.0000000000000000
75.000000000000000,116.00000000000000,0.0000000000000000
76.000000000000000,116.00000000000000,0.0000000000000000
77.000000000000000,116.00000000000000,0.0000000000000000
78.000000000000000,116.00000000000000,0.0000000000000000
79.000000000000000,116.00000000000000,0.0000000000000000
80.000000000000000,116.00000000000000,0.0000000000000000
81.000000000000000,116.00000000000000,0.0000000000000000
82.000000000000000,116.00000000000000,0.0000000000000000
83.000000000000000,116.00000000000000,0.0000000000000000
84.000000000000000,116.00000000000000,0.0000000000000000
85.000000000000000,116.00000000000000,0.0000000000000000
86.000000000000000,116.00000000000000,0.0000000000000000
87.000000000000000,116.00000000000000,0.0000000000000000
88.000000000000000,116.00000000000000,0.0000000000000000
89.000000000000000,116.00000000000000,0.0000000000000000
90.000000000000000,116.00000000000000,0.0000000000000000
91.000000000000000,116.00000000000000,0.0000000000000000
92.000000000000000,116.00000000000000,0.0000000000000000
93.000000000000000,116.00000000000000,0.0000000000000000
94.000000000000000,116.00000000000000,0.0000000000000000
95.000000000000000,116.00000000000000,0.0000000000000000
96.000000000000000,116.00000000000000,0.0000000000000000
97.000000000000000,116.00000000000000,0.0000000000000000
98.000000000000000,116.00000000000000,0.0000000000000000
99.000000000000000,116.00000000000000,0.0000000000000000
100.00000000000000,116.00000000000000,0.0000000000000000
101.00000000000000,116.00000000000000,0.0000000000000000
102.00000000000000,116.00000000000000,0.0000000000000000
103.00000000000000,116.00000000000000,0.0000000000000000
104.00000000000000,116.00000000000000,0.0000000000000000
105.00000000000000,116.00000000000000,0.0000000000000000
106.00000000000000,116.00000000000000,0.0000000000000000
107.00000000000000,116.00000000000000,0.0000000000000000
108.00000000000000,116.00000000000000,0.0000000000000000
109.00000000000000,116.00000000000000,0.0000000000000000
110.00000000000000,116.00000000000000,0.0000000000000000
111.00000000000000,116.00000000000000,0.0000000000000000
112.00000000000000,116.00000000000000,0.0000000000000000
113.00000000000000,116.00000000000000,0.0000000000000000
1.0000000000000000,117.00000000000000,0.0000000000000000
2.0000000000000000,117.00000000000000,0.0000000000000000
3.0000000000000000,117.00000000000000,0.0000000000000000
4.0000000000000000,117.00000000000000,0.0000000000000000
5.0000000000000000,117.00000000000000,0.0000000000000000
6.0000000000000000,117.00000000000000,0.0000000000000000
7.0000000000000000,117.00000000000000,0.0000000000000000
8.0000000000000000,117.00000000000000,0.0000000000000000
9.0000000000000000,117.00000000000000,0.0000000000000000
10.000000000000000,117.00000000000000,0.0000000000000000
11.000000000000000,117.00000000000000,0.0000000000000000
12.000000000000000,117.00000000000000,0.0000000000000000
13.000000000000000,117.00000000000000,0.0000000000000000
14.000000000000000,117.00000000000000,0.0000000000000000
15.000000000000000,117.00000000000000,0.0000000000000000
16.000000000000000,117.00000000000000,0.0000000000000000
17.000000000000000,117.00000000000000,0.0000000000000000
18.000000000000000,117.00000000000000,0.0000000000000000
19.000000000000000,117.00000000000000,0.0000000000000000
20.000000000000000,117.00000000000000,0.0000000000000000
21.000000000000000,117.00000000000000,0.0000000000000000
22.000000000000000,117.00000000000000,0.0000000000000000
23.000000000000000,117.00000000000000,0.0000000000000000
24.000000000000000,117.00000000000000,0.0000000000000000
25.000000000000000,117.00000000000000,0.0000000000000000
26.000000000000000,117.00000000000000,0.0000000000000000
27.000000000000000,117.00000000000000,0.0000000000000000
28.000000000000000,117.00000000000000,0.0000000000000000
29.000000000000000,117.00000000000000,0.0000000000000000
30.000000000000000,117.00000000000000,0.0000000000000000
31.000000000000000,117.00000000000000,0.0000000000000000
32.000000000000000,117.00000000000000,0.0000000000000000
33.000000000000000,117.00000000000000,0.0000000000000000
34.000000000000000,117.00000000000000,0.0000000000000000
35.000000000000000,117.00000000000000,0.0000000000000000
36.000000000000000,117.00000000000000,0.0000000000000000
37.000000000000000,117.00000000000000,0.0000000000000000
38.000000000000000,117.00000000000000,0.0000000000000000
39.000000000000000,117.00000000000000,0.0000000000000000
40.000000000000000,117.00000000000000,0.0000000000000000
41.000000000000000,117.00000000000000,0.0000000000000000
42.000000000000000,117.00000000000000,0.0000000000000000
43.000000000000000,117.00000000000000,0.0000000000000000
44.000000000000000,117.00000000000000,0.0000000000000000
45.000000000000000,117.00000000000000,0.0000000000000000
46.000000000000000,117.00000000000000,0.0000000000000000
47.000000000000000,117.00000000000000,0.0000000000000000
48.000000000000000,117.00000000000000,0.0000000000000000
49.000000000000000,117.00000000000000,0.0000000000000000
50.000000000000000,117.00000000000000,0.0000000000000000
51.000000000000000,117.00000000000000,0.0000000000000000
52.000000000000000,117.00000000000000,0.0000000000000000
53.000000000000000,117.00000000000000,0.0000000000000000
54.000000000000000,117.00000000000000,0.0000000000000000
55.000000000000000,117.00000000000000,0.0000000000000000
56.000000000000000,117.00000000000000,0.0000000000000000
57.000000000000000,117.00000000000000,0.0000000000000000
58.000000000000000,117.00000000000000,0.0000000000000000
59.000000000000000,117.00000000000000,0.0000000000000000
60.000000000000000,117.00000000000000,0.0000000000000000
61.000000000000000,117.00000000000000,0.0000000000000000
62.000000000000000,117.00000000000000,0.0000000000000000
63.000000000000000,117.00000000000000,0.0000000000000000
64.000000000000000,117.00000000000000,0.0000000000000000
65.000000000000000,117.00000000000000,0.0000000000000000
66.000000000000000,117.00000000000000,0.0000000000000000
67.000000000000000,117.00000000000000,0.0000000000000000
68.000000000000000,117.00000000000000,0.0000000000000000
69.000000000000000,117.00000000000000,0.0000000000000000
70.000000000000000,117.00000000000000,0.0000000000000000
71.000000000000000,117.00000000000000,0.0000000000000000
72.000000000000000,117.00000000000000,0.0000000000000000
73.000000000000000,117.00000000000000,0.0000000000000000
74.000000000000000,117.00000000000000,0.0000000000000000
75.000000000000000,117.00000000000000,0.0000000000000000
76.000000000000000,117.00000000000000,0.0000000000000000
77.000000000000000,117.00000000000000,0.0000000000000000
78.000000000000000,117.00000000000000,0.0000000000000000
79.000000000000000,117.00000000000000,0.0000000000000000
80.000000000000000,117.00000000000000,0.0000000000000000
81.000000000000000,117.00000000000000,0.0000000000000000
82.000000000000000,117.00000000000000,0.0000000000000000
83.000000000000000,117.00000000000000,0.0000000000000000
84.000000000000000,117.00000000000000,0.0000000000000000
85.000000000000000,117.00000000000000,0.0000000000000000
86.000000000000000,117.00000000000000,0.0000000000000000
87.000000000000000,117.00000000000000,0.0000000000000000
88.000000000000000,117.00000000000000,0.0000000000000000
89.000000000000000,117.00000000000000,0.0000000000000000
90.000000000000000,117.00000000000000,0.0000000000000000
91.000000000000000,117.00000000000000,0.0000000000000000
92.000000000000000,117.00000000000000,0.0000000000000000
93.000000000000000,117.00000000000000,0.0000000000000000
94.000000000000000,117.00000000000000,0.0000000000000000
95.000000000000000,117.00000000000000,0.0000000000000000
96.000000000000000,117.00000000000000,0.0000000000000000
97.000000000000000,117.00000000000000,0.0000000000000000
98.000000000000000,117.00000000000000,0.0000000000000000
99.000000000000000,117.00000000000000,0.0000000000000000
100.00000000000000,117.00000000000000,0.0000000000000000
101.00000000000000,117.00000000000000,0.0000000000000000
102.00000000000000,117.00000000000000,0.0000000000000000
103.00000000000000,117.00000000000000,0.0000000000000000
104.00000000000000,117.00000000000000,0.0000000000000000
105.00000000000000,117.00000000000000,0.0000000000000000
106.00000000000000,117.00000000000000,0.0000000000000000
107.00000000000000,117.00000000000000,0.0000000000000000
108.00000000000000,117.00000000000000,0.0000000000000000
109.00000000000000,117.00000000000000,0.0000000000000000
110.00000000000000,117.00000000000000,0.0000000000000000
111.00000000000000,117.00000000000000,0.0000000000000000
112.00000000000000,117.00000000000000,0.0000000000000000
113.00000000000000,117.00000000000000,0.0000000000000000
1.0000000000000000,118.00000000000000,0.0000000000000000
2.0000000000000000,118.00000000000000,0.0000000000000000
3.0000000000000000,118.00000000000000,0.0000000000000000
4.0000000000000000,118.00000000000000,0.0000000000000000
5.0000000000000000,118.00000000000000,0.0000000000000000
6.0000000000000000,118.00000000000000,0.0000000000000000
7.0000000000000000,118.00000000000000,0.0000000000000000
8.0000000000000000,118.00000000000000,0.0000000000000000
9.0000000000000000,118.00000000000000,0.0000000000000000
10.000000000000000,118.00000000000000,0.0000000000000000
11.000000000000000,118.00000000000000,0.0000000000000000
12.000000000000000,118.00000000000000,0.0000000000000000
13.000000000000000,118.00000000000000,0.0000000000000000
14.000000000000000,118.00000000000000,0.0000000000000000
15.000000000000000,118.00000000000000,0.0000000000000000
16.000000000000000,118.00000000000000,0.0000000000000000
17.000000000000000,118.00000000000000,0.0000000000000000
18.000000000000000,118.00000000000000,0.0000000000000000
19.000000000000000,118.00000000000000,0.0000000000000000
20.000000000000000,118.00000000000000,0.0000000000000000
21.000000000000000,118.00000000000000,0.0000000000000000
22.000000000000000,118.00000000000000,0.0000000000000000
23.000000000000000,118.00000000000000,0.0000000000000000
24.000000000000000,118.00000000000000,0.0000000000000000
25.000000000000000,118.00000000000000,0.0000000000000000
26.000000000000000,118.00000000000000,0.0000000000000000
27.000000000000000,118.00000000000000,0.0000000000000000
28.000000000000000,118.00000000000000,0.0000000000000000
29.000000000000000,118.00000000000000,0.0000000000000000
30.000000000000000,118.00000000000000,0.0000000000000000
31.000000000000000,118.00000000000000,0.0000000000000000
32.000000000000000,118.00000000000000,0.0000000000000000
33.000000000000000,118.00000000000000,0.0000000000000000
34.000000000000000,118.00000000000000,0.0000000000000000
35.000000000000000,118.00000000000000,0.0000000000000000
36.000000000000000,118.00000000000000,0.0000000000000000
37.000000000000000,118.00000000000000,0.0000000000000000
38.000000000000000,118.00000000000000,0.0000000000000000
39.000000000000000,118.00000000000000,0.0000000000000000
40.000000000000000,118.00000000000000,0.0000000000000000
41.000000000000000,118.00000000000000,0.0000000000000000
42.000000000000000,118.00000000000000,0.0000000000000000
43.000000000000000,118.00000000000000,0.0000000000000000
44.000000000000000,118.00000000000000,0.0000000000000000
45.000000000000000,118.00000000000000,0.0000000000000000
46.000000000000000,118.00000000000000,0.0000000000000000
47.000000000000000,118.00000000000000,0.0000000000000000
48.000000000000000,118.00000000000000,0.0000000000000000
49.000000000000000,118.00000000000000,0.0000000000000000
50.000000000000000,118.00000000000000,0.0000000000000000
51.000000000000000,118.00000000000000,0.0000000000000000
52.000000000000000,118.00000000000000,0.0000000000000000
53.000000000000000,118.00000000000000,0.0000000000000000
54.000000000000000,118.00000000000000,0.0000000000000000
55.000000000000000,118.00000000000000,0.0000000000000000
56.000000000000000,118.00000000000000,0.0000000000000000
57.000000000000000,118.00000000000000,0.0000000000000000
58.000000000000000,118.00000000000000,0.0000000000000000
59.000000000000000,118.00000000000000,0.0000000000000000
60.000000000000000,118.00000000000000,0.0000000000000000
61.000000000000000,118.00000000000000,0.0000000000000000
62.000000000000000,118.00000000000000,0.0000000000000000
63.000000000000000,118.00000000000000,0.0000000000000000
64.000000000000000,118.00000000000000,0.0000000000000000
65.000000000000000,118.00000000000000,0.0000000000000000
66.000000000000000,118.00000000000000,0.0000000000000000
67.000000000000000,118.00000000000000,0.0000000000000000
68.000000000000000,118.00000000000000,0.0000000000000000
69.000000000000000,118.00000000000000,0.0000000000000000
70.000000000000000,118.00000000000000,0.0000000000000000
71.000000000000000,118.00000000000000,0.0000000000000000
72.000000000000000,118.00000000000000,0.0000000000000000
73.000000000000000,118.00000000000000,0.0000000000000000
74.000000000000000,118.00000000000000,0.0000000000000000
75.000000000000000,118.00000000000000,0.0000000000000000
76.000000000000000,118.00000000000000,0.0000000000000000
77.000000000000000,118.00000000000000,0.0000000000000000
78.000000000000000,118.00000000000000,0.0000000000000000
79.000000000000000,118.00000000000000,0.0000000000000000
80.000000000000000,118.00000000000000,0.0000000000000000
81.000000000000000,118.00000000000000,0.0000000000000000
82.000000000000000,118.00000000000000,0.0000000000000000
83.000000000000000,118.00000000000000,0.0000000000000000
84.000000000000000,118.00000000000000,0.0000000000000000
85.000000000000000,118.00000000000000,0.0000000000000000
86.000000000000000,118.00000000000000,0.0000000000000000
87.000000000000000,118.00000000000000,0.0000000000000000
88.000000000000000,118.00000000000000,0.0000000000000000
89.000000000000000,118.00000000000000,0.0000000000000000
90.000000000000000,118.00000000000000,0.0000000000000000
91.000000000000000,118.00000000000000,0.0000000000000000
92.000000000000000,118.00000000000000,0.0000000000000000
93.000000000000000,118.00000000000000,0.0000000000000000
94.000000000000000,118.00000000000000,0.0000000000000000
95.000000000000000,118.00000000000000,0.0000000000000000
96.000000000000000,118.00000000000000,0.0000000000000000
97.000000000000000,118.00000000000000,0.0000000000000000
98.000000000000000,118.00000000000000,0.0000000000000000
99.000000000000000,118.00000000000000,0.0000000000000000
100.00000000000000,118.00000000000000,0.0000000000000000
101.00000000000000,118.00000000000000,0.0000000000000000
102.00000000000000,118.00000000000000,0.0000000000000000
103.00000000000000,118.00000000000000,0.0000000000000000
104.00000000000000,118.00000000000000,0.0000000000000000
105.00000000000000,118.00000000000000,0.0000000000000000
106.00000000000000,118.00000000000000,0.0000000000000000
107.00000000000000,118.00000000000000,0.0000000000000000
108.00000000000000,118.00000000000000,0.0000000000000000
109.00000000000000,118.00000000000000,0.0000000000000000
110.00000000000000,118.00000000000000,0.0000000000000000
111.00000000000000,118.00000000000000,0.0000000000000000
112.00000000000000,118.00000000000000,0.0000000000000000
113.00000000000000,118.00000000000000,0.0000000000000000
1.0000000000000000,119.00000000000000,0.0000000000000000
2.0000000000000000,119.00000000000000,0.0000000000000000
3.0000000000000000,119.00000000000000,0.0000000000000000
4.0000000000000000,119.00000000000000,0.0000000000000000
5.0000000000000000,119.00000000000000,0.0000000000000000
6.0000000000000000,119.00000000000000,0.0000000000000000
7.0000000000000000,119.00000000000000,0.0000000000000000
8.0000000000000000,119.00000000000000,0.0000000000000000
9.0000000000000000,119.00000000000000,0.0000000000000000
10.000000000000000,119.00000000000000,0.0000000000000000
11.000000000000000,119.00000000000000,0.0000000000000000
12.000000000000000,119.00000000000000,0.0000000000000000
13.000000000000000,119.00000000000000,0.0000000000000000
14.000000000000000,119.00000000000000,0.0000000000000000
15.000000000000000,119.00000000000000,0.0000000000000000
16.000000000000000,119.00000000000000,0.0000000000000000
17.000000000000000,119.00000000000000,0.0000000000000000
18.000000000000000,119.00000000000000,0.0000000000000000
19.000000000000000,119.00000000000000,0.0000000000000000
20.000000000000000,119.00000000000000,0.0000000000000000
21.000000000000000,119.00000000000000,0.0000000000000000
22.000000000000000,119.00000000000000,0.0000000000000000
23.000000000000000,119.00000000000000,0.0000000000000000
24.000000000000000,119.00000000000000,0.0000000000000000
25.000000000000000,119.00000000000000,0.0000000000000000
26.000000000000000,119.00000000000000,0.0000000000000000
27.000000000000000,119.00000000000000,0.0000000000000000
28.000000000000000,119.00000000000000,0.0000000000000000
29.000000000000000,119.00000000000000,0.0000000000000000
30.000000000000000,119.00000000000000,0.0000000000000000
31.000000000000000,119.00000000000000,0.0000000000000000
32.000000000000000,119.00000000000000,0.0000000000000000
33.000000000000000,119.00000000000000,0.0000000000000000
34.000000000000000,119.00000000000000,0.0000000000000000
35.000000000000000,119.00000000000000,0.0000000000000000
36.000000000000000,119.00000000000000,0.0000000000000000
37.000000000000000,119.00000000000000,0.0000000000000000
38.000000000000000,119.00000000000000,0.0000000000000000
39.000000000000000,119.00000000000000,0.0000000000000000
40.000000000000000,119.00000000000000,0.0000000000000000
41.000000000000000,119.00000000000000,0.0000000000000000
42.000000000000000,119.00000000000000,0.0000000000000000
43.000000000000000,119.00000000000000,0.0000000000000000
44.000000000000000,119.00000000000000,0.0000000000000000
45.000000000000000,119.00000000000000,0.0000000000000000
46.000000000000000,119.00000000000000,0.0000000000000000
47.000000000000000,119.00000000000000,0.0000000000000000
48.000000000000000,119.00000000000000,0.0000000000000000
49.000000000000000,119.00000000000000,0.0000000000000000
50.000000000000000,119.00000000000000,0.0000000000000000
51.000000000000000,119.00000000000000,0.0000000000000000
52.000000000000000,119.00000000000000,0.0000000000000000
53.000000000000000,119.00000000000000,0.0000000000000000
54.000000000000000,119.00000000000000,0.0000000000000000
55.000000000000000,119.00000000000000,0.0000000000000000
56.000000000000000,119.00000000000000,0.0000000000000000
57.000000000000000,119.00000000000000,0.0000000000000000
58.000000000000000,119.00000000000000,0.0000000000000000
59.000000000000000,119.00000000000000,0.0000000000000000
60.000000000000000,119.00000000000000,0.0000000000000000
61.000000000000000,119.00000000000000,0.0000000000000000
62.000000000000000,119.00000000000000,0.0000000000000000
63.000000000000000,119.00000000000000,0.0000000000000000
64.000000000000000,119.00000000000000,0.0000000000000000
65.000000000000000,119.00000000000000,0.0000000000000000
66.000000000000000,119.00000000000000,0.0000000000000000
67.000000000000000,119.00000000000000,0.0000000000000000
68.000000000000000,119.00000000000000,0.0000000000000000
69.000000000000000,119.00000000000000,0.0000000000000000
70.000000000000000,119.00000000000000,0.0000000000000000
71.000000000000000,119.00000000000000,0.0000000000000000
72.000000000000000,119.00000000000000,0.0000000000000000
73.000000000000000,119.00000000000000,0.0000000000000000
74.000000000000000,119.00000000000000,0.0000000000000000
75.000000000000000,119.00000000000000,0.0000000000000000
76.000000000000000,119.00000000000000,0.0000000000000000
77.000000000000000,119.00000000000000,0.0000000000000000
78.000000000000000,119.00000000000000,0.0000000000000000
79.000000000000000,119.00000000000000,0.0000000000000000
80.000000000000000,119.00000000000000,0.0000000000000000
81.000000000000000,119.00000000000000,0.0000000000000000
82.000000000000000,119.00000000000000,0.0000000000000000
83.000000000000000,119.00000000000000,0.0000000000000000
84.000000000000000,119.00000000000000,0.0000000000000000
85.000000000000000,119.00000000000000,0.0000000000000000
86.000000000000000,119.00000000000000,0.0000000000000000
87.000000000000000,119.00000000000000,0.0000000000000000
88.000000000000000,119.00000000000000,0.0000000000000000
89.000000000000000,119.00000000000000,0.0000000000000000
90.000000000000000,119.00000000000000,0.0000000000000000
91.000000000000000,119.00000000000000,0.0000000000000000
92.000000000000000,119.00000000000000,0.0000000000000000
93.000000000000000,119.00000000000000,0.0000000000000000
94.000000000000000,119.00000000000000,0.0000000000000000
95.000000000000000,119.00000000000000,0.0000000000000000
96.000000000000000,119.00000000000000,0.0000000000000000
97.000000000000000,119.00000000000000,0.0000000000000000
98.000000000000000,119.00000000000000,0.0000000000000000
99.000000000000000,119.00000000000000,0.0000000000000000
100.00000000000000,119.00000000000000,0.0000000000000000
101.00000000000000,119.00000000000000,0.0000000000000000
102.00000000000000,119.00000000000000,0.0000000000000000
103.00000000000000,119.00000000000000,0.0000000000000000
104.00000000000000,119.00000000000000,0.0000000000000000
105.00000000000000,119.00000000000000,0.0000000000000000
106.00000000000000,119.00000000000000,0.0000000000000000
107.00000000000000,119.00000000000000,0.0000000000000000
108.00000000000000,119.00000000000000,0.0000000000000000
109.00000000000000,119.00000000000000,0.0000000000000000
110.00000000000000,119.00000000000000,0.0000000000000000
111.00000000000000,119.00000000000000,0.0000000000000000
112.00000000000000,119.00000000000000,0.0000000000000000
113.00000000000000,119.00000000000000,0.0000000000000000
1.0000000000000000,120.00000000000000,0.0000000000000000
2.0000000000000000,120.00000000000000,0.0000000000000000
3.0000000000000000,120.00000000000000,0.0000000000000000
4.0000000000000000,120.00000000000000,0.0000000000000000
5.0000000000000000,120.00000000000000,0.0000000000000000
6.0000000000000000,120.00000000000000,0.0000000000000000
7.0000000000000000,120.00000000000000,0.0000000000000000
8.0000000000000000,120.00000000000000,0.0000000000000000
9.0000000000000000,120.00000000000000,0.0000000000000000
10.000000000000000,120.00000000000000,0.0000000000000000
11.000000000000000,120.00000000000000,0.0000000000000000
12.000000000000000,120.00000000000000,0.0000000000000000
13.000000000000000,120.00000000000000,0.0000000000000000
14.000000000000000,120.00000000000000,0.0000000000000000
15.000000000000000,120.00000000000000,0.0000000000000000
16.000000000000000,120.00000000000000,0.0000000000000000
17.000000000000000,120.00000000000000,0.0000000000000000
18.000000000000000,120.00000000000000,0.0000000000000000
19.000000000000000,120.00000000000000,0.0000000000000000
20.000000000000000,120.00000000000000,0.0000000000000000
21.000000000000000,120.00000000000000,0.0000000000000000
22.000000000000000,120.00000000000000,0.0000000000000000
23.000000000000000,120.00000000000000,0.0000000000000000
24.000000000000000,120.00000000000000,0.0000000000000000
25.000000000000000,120.00000000000000,0.0000000000000000
26.000000000000000,120.00000000000000,0.0000000000000000
27.000000000000000,120.00000000000000,0.0000000000000000
28.000000000000000,120.00000000000000,0.0000000000000000
29.000000000000000,120.00000000000000,0.0000000000000000
30.000000000000000,120.00000000000000,0.0000000000000000
31.000000000000000,120.00000000000000,0.0000000000000000
32.000000000000000,120.00000000000000,0.0000000000000000
33.000000000000000,120.00000000000000,0.0000000000000000
34.000000000000000,120.00000000000000,0.0000000000000000
35.000000000000000,120.00000000000000,0.0000000000000000
36.000000000000000,120.00000000000000,0.0000000000000000
37.000000000000000,120.00000000000000,0.0000000000000000
38.000000000000000,120.00000000000000,0.0000000000000000
39.000000000000000,120.00000000000000,0.0000000000000000
40.000000000000000,120.00000000000000,0.0000000000000000
41.000000000000000,120.00000000000000,0.0000000000000000
42.000000000000000,120.00000000000000,0.0000000000000000
43.000000000000000,120.00000000000000,0.0000000000000000
44.000000000000000,120.00000000000000,0.0000000000000000
45.000000000000000,120.00000000000000,0.0000000000000000
46.000000000000000,120.00000000000000,0.0000000000000000
47.000000000000000,120.00000000000000,0.0000000000000000
48.000000000000000,120.00000000000000,0.0000000000000000
49.000000000000000,120.00000000000000,0.0000000000000000
50.000000000000000,120.00000000000000,0.0000000000000000
51.000000000000000,120.00000000000000,0.0000000000000000
52.000000000000000,120.00000000000000,0.0000000000000000
53.000000000000000,120.00000000000000,0.0000000000000000
54.000000000000000,120.00000000000000,0.0000000000000000
55.000000000000000,120.00000000000000,0.0000000000000000
56.000000000000000,120.00000000000000,0.0000000000000000
57.000000000000000,120.00000000000000,0.0000000000000000
58.000000000000000,120.00000000000000,0.0000000000000000
59.000000000000000,120.00000000000000,0.0000000000000000
60.000000000000000,120.00000000000000,0.0000000000000000
61.000000000000000,120.00000000000000,0.0000000000000000
62.000000000000000,120.00000000000000,0.0000000000000000
63.000000000000000,120.00000000000000,0.0000000000000000
64.000000000000000,120.00000000000000,0.0000000000000000
65.000000000000000,120.00000000000000,0.0000000000000000
66.000000000000000,120.00000000000000,0.0000000000000000
67.000000000000000,120.00000000000000,0.0000000000000000
68.000000000000000,120.00000000000000,0.0000000000000000
69.000000000000000,120.00000000000000,0.0000000000000000
70.000000000000000,120.00000000000000,0.0000000000000000
71.000000000000000,120.00000000000000,0.0000000000000000
72.000000000000000,120.00000000000000,0.0000000000000000
73.000000000000000,120.00000000000000,0.0000000000000000
74.000000000000000,120.00000000000000,0.0000000000000000
75.000000000000000,120.00000000000000,0.0000000000000000
76.000000000000000,120.00000000000000,0.0000000000000000
77.000000000000000,120.00000000000000,0.0000000000000000
78.000000000000000,120.00000000000000,0.0000000000000000
79.000000000000000,120.00000000000000,0.0000000000000000
80.000000000000000,120.00000000000000,0.0000000000000000
81.000000000000000,120.00000000000000,0.0000000000000000
82.000000000000000,120.00000000000000,0.0000000000000000
83.000000000000000,120.00000000000000,0.0000000000000000
84.000000000000000,120.00000000000000,0.0000000000000000
85.000000000000000,120.00000000000000,0.0000000000000000
86.000000000000000,120.00000000000000,0.0000000000000000
87.000000000000000,120.00000000000000,0.0000000000000000
88.000000000000000,120.00000000000000,0.0000000000000000
89.000000000000000,120.00000000000000,0.0000000000000000
90.000000000000000,120.00000000000000,0.0000000000000000
91.000000000000000,120.00000000000000,0.0000000000000000
92.000000000000000,120.00000000000000,0.0000000000000000
93.000000000000000,120.00000000000000,0.0000000000000000
94.000000000000000,120.00000000000000,0.0000000000000000
95.000000000000000,120.00000000000000,0.0000000000000000
96.000000000000000,120.00000000000000,0.0000000000000000
97.000000000000000,120.00000000000000,0.0000000000000000
98.000000000000000,120.00000000000000,0.0000000000000000
99.000000000000000,120.00000000000000,0.0000000000000000
100.00000000000000,120.00000000000000,0.0000000000000000
101.00000000000000,120.00000000000000,0.0000000000000000
102.00000000000000,120.00000000000000,0.0000000000000000
103.00000000000000,120.00000000000000,0.0000000000000000
104.00000000000000,120.00000000000000,0.0000000000000000
105.00000000000000,120.00000000000000,0.0000000000000000
106.00000000000000,120.00000000000000,0.0000000000000000
107.00000000000000,120.00000000000000,0.0000000000000000
108.00000000000000,120.00000000000000,0.0000000000000000
109.00000000000000,120.00000000000000,0.0000000000000000
110.00000000000000,120.00000000000000,0.0000000000000000
111.00000000000000,120.00000000000000,0.0000000000000000
112.00000000000000,120.00000000000000,0.0000000000000000
113.00000000000000,120.00000000000000,0.0000000000000000
1.0000000000000000,121.00000000000000,0.0000000000000000
2.0000000000000000,121.00000000000000,0.0000000000000000
3.0000000000000000,121.00000000000000,0.0000000000000000
4.0000000000000000,121.00000000000000,0.0000000000000000
5.0000000000000000,121.00000000000000,0.0000000000000000
6.0000000000000000,121.00000000000000,0.0000000000000000
7.0000000000000000,121.00000000000000,0.0000000000000000
8.0000000000000000,121.00000000000000,0.0000000000000000
9.0000000000000000,121.00000000000000,0.0000000000000000
10.000000000000000,121.00000000000000,0.0000000000000000
11.000000000000000,121.00000000000000,0.0000000000000000
12.000000000000000,121.00000000000000,0.0000000000000000
13.000000000000000,121.00000000000000,0.0000000000000000
14.000000000000000,121.00000000000000,0.0000000000000000
15.000000000000000,121.00000000000000,0.0000000000000000
16.000000000000000,121.00000000000000,0.0000000000000000
17.000000000000000,121.00000000000000,0.0000000000000000
18.000000000000000,121.00000000000000,0.0000000000000000
19.000000000000000,121.00000000000000,0.0000000000000000
20.000000000000000,121.00000000000000,0.0000000000000000
21.000000000000000,121.00000000000000,0.0000000000000000
22.000000000000000,121.00000000000000,0.0000000000000000
23.000000000000000,121.00000000000000,0.0000000000000000
24.000000000000000,121.00000000000000,0.0000000000000000
25.000000000000000,121.00000000000000,0.0000000000000000
26.000000000000000,121.00000000000000,0.0000000000000000
27.000000000000000,121.00000000000000,0.0000000000000000
28.000000000000000,121.00000000000000,0.0000000000000000
29.000000000000000,121.00000000000000,0.0000000000000000
30.000000000000000,121.00000000000000,0.0000000000000000
31.000000000000000,121.00000000000000,0.0000000000000000
32.000000000000000,121.00000000000000,0.0000000000000000
33.000000000000000,121.00000000000000,0.0000000000000000
34.000000000000000,121.00000000000000,0.0000000000000000
35.000000000000000,121.00000000000000,0.0000000000000000
36.000000000000000,121.00000000000000,0.0000000000000000
37.000000000000000,121.00000000000000,0.0000000000000000
38.000000000000000,121.00000000000000,0.0000000000000000
39.000000000000000,121.00000000000000,0.0000000000000000
40.000000000000000,121.00000000000000,0.0000000000000000
41.000000000000000,121.00000000000000,0.0000000000000000
42.000000000000000,121.00000000000000,0.0000000000000000
43.000000000000000,121.00000000000000,0.0000000000000000
44.000000000000000,121.00000000000000,0.0000000000000000
45.000000000000000,121.00000000000000,0.0000000000000000
46.000000000000000,121.00000000000000,0.0000000000000000
47.000000000000000,121.00000000000000,0.0000000000000000
48.000000000000000,121.00000000000000,0.0000000000000000
49.000000000000000,121.00000000000000,0.0000000000000000
50.000000000000000,121.00000000000000,0.0000000000000000
51.000000000000000,121.00000000000000,0.0000000000000000
52.000000000000000,121.00000000000000,0.0000000000000000
53.000000000000000,121.00000000000000,0.0000000000000000
54.000000000000000,121.00000000000000,0.0000000000000000
55.000000000000000,121.00000000000000,0.0000000000000000
56.000000000000000,121.00000000000000,0.0000000000000000
57.000000000000000,121.00000000000000,0.0000000000000000
58.000000000000000,121.00000000000000,0.0000000000000000
59.000000000000000,121.00000000000000,0.0000000000000000
60.000000000000000,121.00000000000000,0.0000000000000000
61.000000000000000,121.00000000000000,0.0000000000000000
62.000000000000000,121.00000000000000,0.0000000000000000
63.000000000000000,121.00000000000000,0.0000000000000000
64.000000000000000,121.00000000000000,0.0000000000000000
65.000000000000000,121.00000000000000,0.0000000000000000
66.000000000000000,121.00000000000000,0.0000000000000000
67.000000000000000,121.00000000000000,0.0000000000000000
68.000000000000000,121.00000000000000,0.0000000000000000
69.000000000000000,121.00000000000000,0.0000000000000000
70.000000000000000,121.00000000000000,0.0000000000000000
71.000000000000000,121.00000000000000,0.0000000000000000
72.000000000000000,121.00000000000000,0.0000000000000000
73.000000000000000,121.00000000000000,0.0000000000000000
74.000000000000000,121.00000000000000,0.0000000000000000
75.000000000000000,121.00000000000000,0.0000000000000000
76.000000000000000,121.00000000000000,0.0000000000000000
77.000000000000000,121.00000000000000,0.0000000000000000
78.000000000000000,121.00000000000000,0.0000000000000000
79.000000000000000,121.00000000000000,0.0000000000000000
80.000000000000000,121.00000000000000,0.0000000000000000
81.000000000000000,121.00000000000000,0.0000000000000000
82.000000000000000,121.00000000000000,0.0000000000000000
83.000000000000000,121.00000000000000,0.0000000000000000
84.000000000000000,121.00000000000000,0.0000000000000000
85.000000000000000,121.00000000000000,0.0000000000000000
86.000000000000000,121.00000000000000,0.0000000000000000
87.000000000000000,121.00000000000000,0.0000000000000000
88.000000000000000,121.00000000000000,0.0000000000000000
89.000000000000000,121.00000000000000,0.0000000000000000
90.000000000000000,121.00000000000000,0.0000000000000000
91.000000000000000,121.00000000000000,0.0000000000000000
92.000000000000000,121.00000000000000,0.0000000000000000
93.000000000000000,121.00000000000000,0.0000000000000000
94.000000000000000,121.00000000000000,0.0000000000000000
95.000000000000000,121.00000000000000,0.0000000000000000
96.000000000000000,121.00000000000000,0.0000000000000000
97.000000000000000,121.00000000000000,0.0000000000000000
98.000000000000000,121.00000000000000,0.0000000000000000
99.000000000000000,121.00000000000000,0.0000000000000000
100.00000000000000,121.00000000000000,0.0000000000000000
101.00000000000000,121.00000000000000,0.0000000000000000
102.00000000000000,121.00000000000000,0.0000000000000000
103.00000000000000,121.00000000000000,0.0000000000000000
104.00000000000000,121.00000000000000,0.0000000000000000
105.00000000000000,121.00000000000000,0.0000000000000000
106.00000000000000,121.00000000000000,0.0000000000000000
107.00000000000000,121.00000000000000,0.0000000000000000
108.00000000000000,121.00000000000000,0.0000000000000000
109.00000000000000,121.00000000000000,0.0000000000000000
110.00000000000000,121.00000000000000,0.0000000000000000
111.00000000000000,121.00000000000000,0.0000000000000000
112.00000000000000,121.00000000000000,0.0000000000000000
113.00000000000000,121.00000000000000,0.0000000000000000
1.0000000000000000,122.00000000000000,0.0000000000000000
2.0000000000000000,122.00000000000000,0.0000000000000000
3.0000000000000000,122.00000000000000,0.0000000000000000
4.0000000000000000,122.00000000000000,0.0000000000000000
5.0000000000000000,122.00000000000000,0.0000000000000000
6.0000000000000000,122.00000000000000,0.0000000000000000
7.0000000000000000,122.00000000000000,0.0000000000000000
8.0000000000000000,122.00000000000000,0.0000000000000000
9.0000000000000000,122.00000000000000,0.0000000000000000
10.000000000000000,122.00000000000000,0.0000000000000000
11.000000000000000,122.00000000000000,0.0000000000000000
12.000000000000000,122.00000000000000,0.0000000000000000
13.000000000000000,122.00000000000000,0.0000000000000000
14.000000000000000,122.00000000000000,0.0000000000000000
15.000000000000000,122.00000000000000,0.0000000000000000
16.000000000000000,122.00000000000000,0.0000000000000000
17.000000000000000,122.00000000000000,0.0000000000000000
18.000000000000000,122.00000000000000,0.0000000000000000
19.000000000000000,122.00000000000000,0.0000000000000000
20.000000000000000,122.00000000000000,0.0000000000000000
21.000000000000000,122.00000000000000,0.0000000000000000
22.000000000000000,122.00000000000000,0.0000000000000000
23.000000000000000,122.00000000000000,0.0000000000000000
24.000000000000000,122.00000000000000,0.0000000000000000
25.000000000000000,122.00000000000000,0.0000000000000000
26.000000000000000,122.00000000000000,0.0000000000000000
27.000000000000000,122.00000000000000,0.0000000000000000
28.000000000000000,122.00000000000000,0.0000000000000000
29.000000000000000,122.00000000000000,0.0000000000000000
30.000000000000000,122.00000000000000,0.0000000000000000
31.000000000000000,122.00000000000000,0.0000000000000000
32.000000000000000,122.00000000000000,0.0000000000000000
33.000000000000000,122.00000000000000,0.0000000000000000
34.000000000000000,122.00000000000000,0.0000000000000000
35.000000000000000,122.00000000000000,0.0000000000000000
36.000000000000000,122.00000000000000,0.0000000000000000
37.000000000000000,122.00000000000000,0.0000000000000000
38.000000000000000,122.00000000000000,0.0000000000000000
39.000000000000000,122.00000000000000,0.0000000000000000
40.000000000000000,122.00000000000000,0.0000000000000000
41.000000000000000,122.00000000000000,0.0000000000000000
42.000000000000000,122.00000000000000,0.0000000000000000
43.000000000000000,122.00000000000000,0.0000000000000000
44.000000000000000,122.00000000000000,0.0000000000000000
45.000000000000000,122.00000000000000,0.0000000000000000
46.000000000000000,122.00000000000000,0.0000000000000000
47.000000000000000,122.00000000000000,0.0000000000000000
48.000000000000000,122.00000000000000,0.0000000000000000
49.000000000000000,122.00000000000000,0.0000000000000000
50.000000000000000,122.00000000000000,0.0000000000000000
51.000000000000000,122.00000000000000,0.0000000000000000
52.000000000000000,122.00000000000000,0.0000000000000000
53.000000000000000,122.00000000000000,0.0000000000000000
54.000000000000000,122.00000000000000,0.0000000000000000
55.000000000000000,122.00000000000000,0.0000000000000000
56.000000000000000,122.00000000000000,0.0000000000000000
57.000000000000000,122.00000000000000,0.0000000000000000
58.000000000000000,122.00000000000000,0.0000000000000000
59.000000000000000,122.00000000000000,0.0000000000000000
60.000000000000000,122.00000000000000,0.0000000000000000
61.000000000000000,122.00000000000000,0.0000000000000000
62.000000000000000,122.00000000000000,0.0000000000000000
63.000000000000000,122.00000000000000,0.0000000000000000
64.000000000000000,122.00000000000000,0.0000000000000000
65.000000000000000,122.00000000000000,0.0000000000000000
66.000000000000000,122.00000000000000,0.0000000000000000
67.000000000000000,122.00000000000000,0.0000000000000000
68.000000000000000,122.00000000000000,0.0000000000000000
69.000000000000000,122.00000000000000,0.0000000000000000
70.000000000000000,122.00000000000000,0.0000000000000000
71.000000000000000,122.00000000000000,0.0000000000000000
72.000000000000000,122.00000000000000,0.0000000000000000
73.000000000000000,122.00000000000000,0.0000000000000000
74.000000000000000,122.00000000000000,0.0000000000000000
75.000000000000000,122.00000000000000,0.0000000000000000
76.000000000000000,122.00000000000000,0.0000000000000000
77.000000000000000,122.00000000000000,0.0000000000000000
78.000000000000000,122.00000000000000,0.0000000000000000
79.000000000000000,122.00000000000000,0.0000000000000000
80.000000000000000,122.00000000000000,0.0000000000000000
81.000000000000000,122.00000000000000,0.0000000000000000
82.000000000000000,122.00000000000000,0.0000000000000000
83.000000000000000,122.00000000000000,0.0000000000000000
84.000000000000000,122.00000000000000,0.0000000000000000
85.000000000000000,122.00000000000000,0.0000000000000000
86.000000000000000,122.00000000000000,0.0000000000000000
87.000000000000000,122.00000000000000,0.0000000000000000
88.000000000000000,122.00000000000000,0.0000000000000000
89.000000000000000,122.00000000000000,0.0000000000000000
90.000000000000000,122.00000000000000,0.0000000000000000
91.000000000000000,122.00000000000000,0.0000000000000000
92.000000000000000,122.00000000000000,0.0000000000000000
93.000000000000000,122.00000000000000,0.0000000000000000
94.000000000000000,122.00000000000000,0.0000000000000000
95.000000000000000,122.00000000000000,0.0000000000000000
96.000000000000000,122.00000000000000,0.0000000000000000
97.000000000000000,122.00000000000000,0.0000000000000000
98.000000000000000,122.00000000000000,0.0000000000000000
99.000000000000000,122.00000000000000,0.0000000000000000
100.00000000000000,122.00000000000000,0.0000000000000000
101.00000000000000,122.00000000000000,0.0000000000000000
102.00000000000000,122.00000000000000,0.0000000000000000
103.00000000000000,122.00000000000000,0.0000000000000000
104.00000000000000,122.00000000000000,0.0000000000000000
105.00000000000000,122.00000000000000,0.0000000000000000
106.00000000000000,122.00000000000000,0.0000000000000000
107.00000000000000,122.00000000000000,0.0000000000000000
108.00000000000000,122.00000000000000,0.0000000000000000
109.00000000000000,122.00000000000000,0.0000000000000000
110.00000000000000,122.00000000000000,0.0000000000000000
111.00000000000000,122.00000000000000,0.0000000000000000
112.00000000000000,122.00000000000000,0.0000000000000000
113.00000000000000,122.00000000000000,0.0000000000000000
1.0000000000000000,123.00000000000000,0.0000000000000000
2.0000000000000000,123.00000000000000,0.0000000000000000
3.0000000000000000,123.00000000000000,0.0000000000000000
4.0000000000000000,123.00000000000000,0.0000000000000000
5.0000000000000000,123.00000000000000,0.0000000000000000
6.0000000000000000,123.00000000000000,0.0000000000000000
7.0000000000000000,123.00000000000000,0.0000000000000000
8.0000000000000000,123.00000000000000,0.0000000000000000
9.0000000000000000,123.00000000000000,0.0000000000000000
10.000000000000000,123.00000000000000,0.0000000000000000
11.000000000000000,123.00000000000000,0.0000000000000000
12.000000000000000,123.00000000000000,0.0000000000000000
13.000000000000000,123.00000000000000,0.0000000000000000
14.000000000000000,123.00000000000000,0.0000000000000000
15.000000000000000,123.00000000000000,0.0000000000000000
16.000000000000000,123.00000000000000,0.0000000000000000
17.000000000000000,123.00000000000000,0.0000000000000000
18.000000000000000,123.00000000000000,0.0000000000000000
19.000000000000000,123.00000000000000,0.0000000000000000
20.000000000000000,123.00000000000000,0.0000000000000000
21.000000000000000,123.00000000000000,0.0000000000000000
22.000000000000000,123.00000000000000,0.0000000000000000
23.000000000000000,123.00000000000000,0.0000000000000000
24.000000000000000,123.00000000000000,0.0000000000000000
25.000000000000000,123.00000000000000,0.0000000000000000
26.000000000000000,123.00000000000000,0.0000000000000000
27.000000000000000,123.00000000000000,0.0000000000000000
28.000000000000000,123.00000000000000,0.0000000000000000
29.000000000000000,123.00000000000000,0.0000000000000000
30.000000000000000,123.00000000000000,0.0000000000000000
31.000000000000000,123.00000000000000,0.0000000000000000
32.000000000000000,123.00000000000000,0.0000000000000000
33.000000000000000,123.00000000000000,0.0000000000000000
34.000000000000000,123.00000000000000,0.0000000000000000
35.000000000000000,123.00000000000000,0.0000000000000000
36.000000000000000,123.00000000000000,0.0000000000000000
37.000000000000000,123.00000000000000,0.0000000000000000
38.000000000000000,123.00000000000000,0.0000000000000000
39.000000000000000,123.00000000000000,0.0000000000000000
40.000000000000000,123.00000000000000,0.0000000000000000
41.000000000000000,123.00000000000000,0.0000000000000000
42.000000000000000,123.00000000000000,0.0000000000000000
43.000000000000000,123.00000000000000,0.0000000000000000
44.000000000000000,123.00000000000000,0.0000000000000000
45.000000000000000,123.00000000000000,0.0000000000000000
46.000000000000000,123.00000000000000,0.0000000000000000
47.000000000000000,123.00000000000000,0.0000000000000000
48.000000000000000,123.00000000000000,0.0000000000000000
49.000000000000000,123.00000000000000,0.0000000000000000
50.000000000000000,123.00000000000000,0.0000000000000000
51.000000000000000,123.00000000000000,0.0000000000000000
52.000000000000000,123.00000000000000,0.0000000000000000
53.000000000000000,123.00000000000000,0.0000000000000000
54.000000000000000,123.00000000000000,0.0000000000000000
55.000000000000000,123.00000000000000,0.0000000000000000
56.000000000000000,123.00000000000000,0.0000000000000000
57.000000000000000,123.00000000000000,0.0000000000000000
58.000000000000000,123.00000000000000,0.0000000000000000
59.000000000000000,123.00000000000000,0.0000000000000000
60.000000000000000,123.00000000000000,0.0000000000000000
61.000000000000000,123.00000000000000,0.0000000000000000
62.000000000000000,123.00000000000000,0.0000000000000000
63.000000000000000,123.00000000000000,0.0000000000000000
64.000000000000000,123.00000000000000,0.0000000000000000
65.000000000000000,123.00000000000000,0.0000000000000000
66.000000000000000,123.00000000000000,0.0000000000000000
67.000000000000000,123.00000000000000,0.0000000000000000
68.000000000000000,123.00000000000000,0.0000000000000000
69.000000000000000,123.00000000000000,0.0000000000000000
70.000000000000000,123.00000000000000,0.0000000000000000
71.000000000000000,123.00000000000000,0.0000000000000000
72.000000000000000,123.00000000000000,0.0000000000000000
73.000000000000000,123.00000000000000,0.0000000000000000
74.000000000000000,123.00000000000000,0.0000000000000000
75.000000000000000,123.00000000000000,0.0000000000000000
76.000000000000000,123.00000000000000,0.0000000000000000
77.000000000000000,123.00000000000000,0.0000000000000000
78.000000000000000,123.00000000000000,0.0000000000000000
79.000000000000000,123.00000000000000,0.0000000000000000
80.000000000000000,123.00000000000000,0.0000000000000000
81.000000000000000,123.00000000000000,0.0000000000000000
82.000000000000000,123.00000000000000,0.0000000000000000
83.000000000000000,123.00000000000000,0.0000000000000000
84.000000000000000,123.00000000000000,0.0000000000000000
85.000000000000000,123.00000000000000,0.0000000000000000
86.000000000000000,123.00000000000000,0.0000000000000000
87.000000000000000,123.00000000000000,0.0000000000000000
88.000000000000000,123.00000000000000,0.0000000000000000
89.000000000000000,123.00000000000000,0.0000000000000000
90.000000000000000,123.00000000000000,0.0000000000000000
91.000000000000000,123.00000000000000,0.0000000000000000
92.000000000000000,123.00000000000000,0.0000000000000000
93.000000000000000,123.00000000000000,0.0000000000000000
94.000000000000000,123.00000000000000,0.0000000000000000
95.000000000000000,123.00000000000000,0.0000000000000000
96.000000000000000,123.00000000000000,0.0000000000000000
97.000000000000000,123.00000000000000,0.0000000000000000
98.000000000000000,123.00000000000000,0.0000000000000000
99.000000000000000,123.00000000000000,0.0000000000000000
100.00000000000000,123.00000000000000,0.0000000000000000
101.00000000000000,123.00000000000000,0.0000000000000000
102.00000000000000,123.00000000000000,0.0000000000000000
103.00000000000000,123.00000000000000,0.0000000000000000
104.00000000000000,123.00000000000000,0.0000000000000000
105.00000000000000,123.00000000000000,0.0000000000000000
106.00000000000000,123.00000000000000,0.0000000000000000
107.00000000000000,123.00000000000000,0.0000000000000000
108.00000000000000,123.00000000000000,0.0000000000000000
109.00000000000000,123.00000000000000,0.0000000000000000
110.00000000000000,123.00000000000000,0.0000000000000000
111.00000000000000,123.00000000000000,0.0000000000000000
112.00000000000000,123.00000000000000,0.0000000000000000
113.00000000000000,123.00000000000000,0.0000000000000000
1.0000000000000000,124.00000000000000,0.0000000000000000
2.0000000000000000,124.00000000000000,0.0000000000000000
3.0000000000000000,124.00000000000000,0.0000000000000000
4.0000000000000000,124.00000000000000,0.0000000000000000
5.0000000000000000,124.00000000000000,0.0000000000000000
6.0000000000000000,124.00000000000000,0.0000000000000000
7.0000000000000000,124.00000000000000,0.0000000000000000
8.0000000000000000,124.00000000000000,0.0000000000000000
9.0000000000000000,124.00000000000000,0.0000000000000000
10.000000000000000,124.00000000000000,0.0000000000000000
11.000000000000000,124.00000000000000,0.0000000000000000
12.000000000000000,124.00000000000000,0.0000000000000000
13.000000000000000,124.00000000000000,0.0000000000000000
14.000000000000000,124.00000000000000,0.0000000000000000
15.000000000000000,124.00000000000000,0.0000000000000000
16.000000000000000,124.00000000000000,0.0000000000000000
17.000000000000000,124.00000000000000,0.0000000000000000
18.000000000000000,124.00000000000000,0.0000000000000000
19.000000000000000,124.00000000000000,0.0000000000000000
20.000000000000000,124.00000000000000,0.0000000000000000
21.000000000000000,124.00000000000000,0.0000000000000000
22.000000000000000,124.00000000000000,0.0000000000000000
23.000000000000000,124.00000000000000,0.0000000000000000
24.000000000000000,124.00000000000000,0.0000000000000000
25.000000000000000,124.00000000000000,0.0000000000000000
26.000000000000000,124.00000000000000,0.0000000000000000
27.000000000000000,124.00000000000000,0.0000000000000000
28.000000000000000,124.00000000000000,0.0000000000000000
29.000000000000000,124.00000000000000,0.0000000000000000
30.000000000000000,124.00000000000000,0.0000000000000000
31.000000000000000,124.00000000000000,0.0000000000000000
32.000000000000000,124.00000000000000,0.0000000000000000
33.000000000000000,124.00000000000000,0.0000000000000000
34.000000000000000,124.00000000000000,0.0000000000000000
35.000000000000000,124.00000000000000,0.0000000000000000
36.000000000000000,124.00000000000000,0.0000000000000000
37.000000000000000,124.00000000000000,0.0000000000000000
38.000000000000000,124.00000000000000,0.0000000000000000
39.000000000000000,124.00000000000000,0.0000000000000000
40.000000000000000,124.00000000000000,0.0000000000000000
41.000000000000000,124.00000000000000,0.0000000000000000
42.000000000000000,124.00000000000000,0.0000000000000000
43.000000000000000,124.00000000000000,0.0000000000000000
44.000000000000000,124.00000000000000,0.0000000000000000
45.000000000000000,124.00000000000000,0.0000000000000000
46.000000000000000,124.00000000000000,0.0000000000000000
47.000000000000000,124.00000000000000,0.0000000000000000
48.000000000000000,124.00000000000000,0.0000000000000000
49.000000000000000,124.00000000000000,0.0000000000000000
50.000000000000000,124.00000000000000,0.0000000000000000
51.000000000000000,124.00000000000000,0.0000000000000000
52.000000000000000,124.00000000000000,0.0000000000000000
53.000000000000000,124.00000000000000,0.0000000000000000
54.000000000000000,124.00000000000000,0.0000000000000000
55.000000000000000,124.00000000000000,0.0000000000000000
56.000000000000000,124.00000000000000,0.0000000000000000
57.000000000000000,124.00000000000000,0.0000000000000000
58.000000000000000,124.00000000000000,0.0000000000000000
59.000000000000000,124.00000000000000,0.0000000000000000
60.000000000000000,124.00000000000000,0.0000000000000000
61.000000000000000,124.00000000000000,0.0000000000000000
62.000000000000000,124.00000000000000,0.0000000000000000
63.000000000000000,124.00000000000000,0.0000000000000000
64.000000000000000,124.00000000000000,0.0000000000000000
65.000000000000000,124.00000000000000,0.0000000000000000
66.000000000000000,124.00000000000000,0.0000000000000000
67.000000000000000,124.00000000000000,0.0000000000000000
68.000000000000000,124.00000000000000,0.0000000000000000
69.000000000000000,124.00000000000000,0.0000000000000000
70.000000000000000,124.00000000000000,0.0000000000000000
71.000000000000000,124.00000000000000,0.0000000000000000
72.000000000000000,124.00000000000000,0.0000000000000000
73.000000000000000,124.00000000000000,0.0000000000000000
74.000000000000000,124.00000000000000,0.0000000000000000
75.000000000000000,124.00000000000000,0.0000000000000000
76.000000000000000,124.00000000000000,0.0000000000000000
77.000000000000000,124.00000000000000,0.0000000000000000
78.000000000000000,124.00000000000000,0.0000000000000000
79.000000000000000,124.00000000000000,0.0000000000000000
80.000000000000000,124.00000000000000,0.0000000000000000
81.000000000000000,124.00000000000000,0.0000000000000000
82.000000000000000,124.00000000000000,0.0000000000000000
83.000000000000000,124.00000000000000,0.0000000000000000
84.000000000000000,124.00000000000000,0.0000000000000000
85.000000000000000,124.00000000000000,0.0000000000000000
86.000000000000000,124.00000000000000,0.0000000000000000
87.000000000000000,124.00000000000000,0.0000000000000000
88.000000000000000,124.00000000000000,0.0000000000000000
89.000000000000000,124.00000000000000,0.0000000000000000
90.000000000000000,124.00000000000000,0.0000000000000000
91.000000000000000,124.00000000000000,0.0000000000000000
92.000000000000000,124.00000000000000,0.0000000000000000
93.000000000000000,124.00000000000000,0.0000000000000000
94.000000000000000,124.00000000000000,0.0000000000000000
95.000000000000000,124.00000000000000,0.0000000000000000
96.000000000000000,124.00000000000000,0.0000000000000000
97.000000000000000,124.00000000000000,0.0000000000000000
98.000000000000000,124.00000000000000,0.0000000000000000
99.000000000000000,124.00000000000000,0.0000000000000000
100.00000000000000,124.00000000000000,0.0000000000000000
101.00000000000000,124.00000000000000,0.0000000000000000
102.00000000000000,124.00000000000000,0.0000000000000000
103.00000000000000,124.00000000000000,0.0000000000000000
104.00000000000000,124.00000000000000,0.0000000000000000
105.00000000000000,124.00000000000000,0.0000000000000000
106.00000000000000,124.00000000000000,0.0000000000000000
107.00000000000000,124.00000000000000,0.0000000000000000
108.00000000000000,124.00000000000000,0.0000000000000000
109.00000000000000,124.00000000000000,0.0000000000000000
110.00000000000000,124.00000000000000,0.0000000000000000
111.00000000000000,124.00000000000000,0.0000000000000000
112.00000000000000,124.00000000000000,0.0000000000000000
113.00000000000000,124.00000000000000,0.0000000000000000
1.0000000000000000,125.00000000000000,0.0000000000000000
2.0000000000000000,125.00000000000000,0.0000000000000000
3.0000000000000000,125.00000000000000,0.0000000000000000
4.0000000000000000,125.00000000000000,0.0000000000000000
5.0000000000000000,125.00000000000000,0.0000000000000000
6.0000000000000000,125.00000000000000,0.0000000000000000
7.0000000000000000,125.00000000000000,0.0000000000000000
8.0000000000000000,125.00000000000000,0.0000000000000000
9.0000000000000000,125.00000000000000,0.0000000000000000
10.000000000000000,125.00000000000000,0.0000000000000000
11.000000000000000,125.00000000000000,0.0000000000000000
12.000000000000000,125.00000000000000,0.0000000000000000
13.000000000000000,125.00000000000000,0.0000000000000000
14.000000000000000,125.00000000000000,0.0000000000000000
15.000000000000000,125.00000000000000,0.0000000000000000
16.000000000000000,125.00000000000000,0.0000000000000000
17.000000000000000,125.00000000000000,0.0000000000000000
18.000000000000000,125.00000000000000,0.0000000000000000
19.000000000000000,125.00000000000000,0.0000000000000000
20.000000000000000,125.00000000000000,0.0000000000000000
21.000000000000000,125.00000000000000,0.0000000000000000
22.000000000000000,125.00000000000000,0.0000000000000000
23.000000000000000,125.00000000000000,0.0000000000000000
24.000000000000000,125.00000000000000,0.0000000000000000
25.000000000000000,125.00000000000000,0.0000000000000000
26.000000000000000,125.00000000000000,0.0000000000000000
27.000000000000000,125.00000000000000,0.0000000000000000
28.000000000000000,125.00000000000000,0.0000000000000000
29.000000000000000,125.00000000000000,0.0000000000000000
30.000000000000000,125.00000000000000,0.0000000000000000
31.000000000000000,125.00000000000000,0.0000000000000000
32.000000000000000,125.00000000000000,0.0000000000000000
33.000000000000000,125.00000000000000,0.0000000000000000
34.000000000000000,125.00000000000000,0.0000000000000000
35.000000000000000,125.00000000000000,0.0000000000000000
36.000000000000000,125.00000000000000,0.0000000000000000
37.000000000000000,125.00000000000000,0.0000000000000000
38.000000000000000,125.00000000000000,0.0000000000000000
39.000000000000000,125.00000000000000,0.0000000000000000
40.000000000000000,125.00000000000000,0.0000000000000000
41.000000000000000,125.00000000000000,0.0000000000000000
42.000000000000000,125.00000000000000,0.0000000000000000
43.000000000000000,125.00000000000000,0.0000000000000000
44.000000000000000,125.00000000000000,0.0000000000000000
45.000000000000000,125.00000000000000,0.0000000000000000
46.000000000000000,125.00000000000000,0.0000000000000000
47.000000000000000,125.00000000000000,0.0000000000000000
48.000000000000000,125.00000000000000,0.0000000000000000
49.000000000000000,125.00000000000000,0.0000000000000000
50.000000000000000,125.00000000000000,0.0000000000000000
51.000000000000000,125.00000000000000,0.0000000000000000
52.000000000000000,125.00000000000000,0.0000000000000000
53.000000000000000,125.00000000000000,0.0000000000000000
54.000000000000000,125.00000000000000,0.0000000000000000
55.000000000000000,125.00000000000000,0.0000000000000000
56.000000000000000,125.00000000000000,0.0000000000000000
57.000000000000000,125.00000000000000,0.0000000000000000
58.000000000000000,125.00000000000000,0.0000000000000000
59.000000000000000,125.00000000000000,0.0000000000000000
60.000000000000000,125.00000000000000,0.0000000000000000
61.000000000000000,125.00000000000000,0.0000000000000000
62.000000000000000,125.00000000000000,0.0000000000000000
63.000000000000000,125.00000000000000,0.0000000000000000
64.000000000000000,125.00000000000000,0.0000000000000000
65.000000000000000,125.00000000000000,0.0000000000000000
66.000000000000000,125.00000000000000,0.0000000000000000
67.000000000000000,125.00000000000000,0.0000000000000000
68.000000000000000,125.00000000000000,0.0000000000000000
69.000000000000000,125.00000000000000,0.0000000000000000
70.000000000000000,125.00000000000000,0.0000000000000000
71.000000000000000,125.00000000000000,0.0000000000000000
72.000000000000000,125.00000000000000,0.0000000000000000
73.000000000000000,125.00000000000000,0.0000000000000000
74.000000000000000,125.00000000000000,0.0000000000000000
75.000000000000000,125.00000000000000,0.0000000000000000
76.000000000000000,125.00000000000000,0.0000000000000000
77.000000000000000,125.00000000000000,0.0000000000000000
78.000000000000000,125.00000000000000,0.0000000000000000
79.000000000000000,125.00000000000000,0.0000000000000000
80.000000000000000,125.00000000000000,0.0000000000000000
81.000000000000000,125.00000000000000,0.0000000000000000
82.000000000000000,125.00000000000000,0.0000000000000000
83.000000000000000,125.00000000000000,0.0000000000000000
84.000000000000000,125.00000000000000,0.0000000000000000
85.000000000000000,125.00000000000000,0.0000000000000000
86.000000000000000,125.00000000000000,0.0000000000000000
87.000000000000000,125.00000000000000,0.0000000000000000
88.000000000000000,125.00000000000000,0.0000000000000000
89.000000000000000,125.00000000000000,0.0000000000000000
90.000000000000000,125.00000000000000,0.0000000000000000
91.000000000000000,125.00000000000000,0.0000000000000000
92.000000000000000,125.00000000000000,0.0000000000000000
93.000000000000000,125.00000000000000,0.0000000000000000
94.000000000000000,125.00000000000000,0.0000000000000000
95.000000000000000,125.00000000000000,0.0000000000000000
96.000000000000000,125.00000000000000,0.0000000000000000
97.000000000000000,125.00000000000000,0.0000000000000000
98.000000000000000,125.00000000000000,0.0000000000000000
99.000000000000000,125.00000000000000,0.0000000000000000
100.00000000000000,125.00000000000000,0.0000000000000000
101.00000000000000,125.00000000000000,0.0000000000000000
102.00000000000000,125.00000000000000,0.0000000000000000
103.00000000000000,125.00000000000000,0.0000000000000000
104.00000000000000,125.00000000000000,0.0000000000000000
105.00000000000000,125.00000000000000,0.0000000000000000
106.00000000000000,125.00000000000000,0.0000000000000000
107.00000000000000,125.00000000000000,0.0000000000000000
108.00000000000000,125.00000000000000,0.0000000000000000
109.00000000000000,125.00000000000000,0.0000000000000000
110.00000000000000,125.00000000000000,0.0000000000000000
111.00000000000000,125.00000000000000,0.0000000000000000
112.00000000000000,125.00000000000000,0.0000000000000000
113.00000000000000,125.00000000000000,0.0000000000000000
1.0000000000000000,126.00000000000000,0.0000000000000000
2.0000000000000000,126.00000000000000,0.0000000000000000
3.0000000000000000,126.00000000000000,0.0000000000000000
4.0000000000000000,126.00000000000000,0.0000000000000000
5.0000000000000000,126.00000000000000,0.0000000000000000
6.0000000000000000,126.00000000000000,0.0000000000000000
7.0000000000000000,126.00000000000000,0.0000000000000000
8.0000000000000000,126.00000000000000,0.0000000000000000
9.0000000000000000,126.00000000000000,0.0000000000000000
10.000000000000000,126.00000000000000,0.0000000000000000
11.000000000000000,126.00000000000000,0.0000000000000000
12.000000000000000,126.00000000000000,0.0000000000000000
13.000000000000000,126.00000000000000,0.0000000000000000
14.000000000000000,126.00000000000000,0.0000000000000000
15.000000000000000,126.00000000000000,0.0000000000000000
16.000000000000000,126.00000000000000,0.0000000000000000
17.000000000000000,126.00000000000000,0.0000000000000000
18.000000000000000,126.00000000000000,0.0000000000000000
19.000000000000000,126.00000000000000,0.0000000000000000
20.000000000000000,126.00000000000000,0.0000000000000000
21.000000000000000,126.00000000000000,0.0000000000000000
22.000000000000000,126.00000000000000,0.0000000000000000
23.000000000000000,126.00000000000000,0.0000000000000000
24.000000000000000,126.00000000000000,0.0000000000000000
25.000000000000000,126.00000000000000,0.0000000000000000
26.000000000000000,126.00000000000000,0.0000000000000000
27.000000000000000,126.00000000000000,0.0000000000000000
28.000000000000000,126.00000000000000,0.0000000000000000
29.000000000000000,126.00000000000000,0.0000000000000000
30.000000000000000,126.00000000000000,0.0000000000000000
31.000000000000000,126.00000000000000,0.0000000000000000
32.000000000000000,126.00000000000000,0.0000000000000000
33.000000000000000,126.00000000000000,0.0000000000000000
34.000000000000000,126.00000000000000,0.0000000000000000
35.000000000000000,126.00000000000000,0.0000000000000000
36.000000000000000,126.00000000000000,0.0000000000000000
37.000000000000000,126.00000000000000,0.0000000000000000
38.000000000000000,126.00000000000000,0.0000000000000000
39.000000000000000,126.00000000000000,0.0000000000000000
40.000000000000000,126.00000000000000,0.0000000000000000
41.000000000000000,126.00000000000000,0.0000000000000000
42.000000000000000,126.00000000000000,0.0000000000000000
43.000000000000000,126.00000000000000,0.0000000000000000
44.000000000000000,126.00000000000000,0.0000000000000000
45.000000000000000,126.00000000000000,0.0000000000000000
46.000000000000000,126.00000000000000,0.0000000000000000
47.000000000000000,126.00000000000000,0.0000000000000000
48.000000000000000,126.00000000000000,0.0000000000000000
49.000000000000000,126.00000000000000,0.0000000000000000
50.000000000000000,126.00000000000000,0.0000000000000000
51.000000000000000,126.00000000000000,0.0000000000000000
52.000000000000000,126.00000000000000,0.0000000000000000
53.000000000000000,126.00000000000000,0.0000000000000000
54.000000000000000,126.00000000000000,0.0000000000000000
55.000000000000000,126.00000000000000,0.0000000000000000
56.000000000000000,126.00000000000000,0.0000000000000000
57.000000000000000,126.00000000000000,0.0000000000000000
58.000000000000000,126.00000000000000,0.0000000000000000
59.000000000000000,126.00000000000000,0.0000000000000000
60.000000000000000,126.00000000000000,0.0000000000000000
61.000000000000000,126.00000000000000,0.0000000000000000
62.000000000000000,126.00000000000000,0.0000000000000000
63.000000000000000,126.00000000000000,0.0000000000000000
64.000000000000000,126.00000000000000,0.0000000000000000
65.000000000000000,126.00000000000000,0.0000000000000000
66.000000000000000,126.00000000000000,0.0000000000000000
67.000000000000000,126.00000000000000,0.0000000000000000
68.000000000000000,126.00000000000000,0.0000000000000000
69.000000000000000,126.00000000000000,0.0000000000000000
70.000000000000000,126.00000000000000,0.0000000000000000
71.000000000000000,126.00000000000000,0.0000000000000000
72.000000000000000,126.00000000000000,0.0000000000000000
73.000000000000000,126.00000000000000,0.0000000000000000
74.000000000000000,126.00000000000000,0.0000000000000000
75.000000000000000,126.00000000000000,0.0000000000000000
76.000000000000000,126.00000000000000,0.0000000000000000
77.000000000000000,126.00000000000000,0.0000000000000000
78.000000000000000,126.00000000000000,0.0000000000000000
79.000000000000000,126.00000000000000,0.0000000000000000
80.000000000000000,126.00000000000000,0.0000000000000000
81.000000000000000,126.00000000000000,0.0000000000000000
82.000000000000000,126.00000000000000,0.0000000000000000
83.000000000000000,126.00000000000000,0.0000000000000000
84.000000000000000,126.00000000000000,0.0000000000000000
85.000000000000000,126.00000000000000,0.0000000000000000
86.000000000000000,126.00000000000000,0.0000000000000000
87.000000000000000,126.00000000000000,0.0000000000000000
88.000000000000000,126.00000000000000,0.0000000000000000
89.000000000000000,126.00000000000000,0.0000000000000000
90.000000000000000,126.00000000000000,0.0000000000000000
91.000000000000000,126.00000000000000,0.0000000000000000
92.000000000000000,126.00000000000000,0.0000000000000000
93.000000000000000,126.00000000000000,0.0000000000000000
94.000000000000000,126.00000000000000,0.0000000000000000
95.000000000000000,126.00000000000000,0.0000000000000000
96.000000000000000,126.00000000000000,0.0000000000000000
97.000000000000000,126.00000000000000,0.0000000000000000
98.000000000000000,126.00000000000000,0.0000000000000000
99.000000000000000,126.00000000000000,0.0000000000000000
100.00000000000000,126.00000000000000,0.0000000000000000
101.00000000000000,126.00000000000000,0.0000000000000000
102.00000000000000,126.00000000000000,0.0000000000000000
103.00000000000000,126.00000000000000,0.0000000000000000
104.00000000000000,126.00000000000000,0.0000000000000000
105.00000000000000,126.00000000000000,0.0000000000000000
106.00000000000000,126.00000000000000,0.0000000000000000
107.00000000000000,126.00000000000000,0.0000000000000000
108.00000000000000,126.00000000000000,0.0000000000000000
109.00000000000000,126.00000000000000,0.0000000000000000
110.00000000000000,126.00000000000000,0.0000000000000000
111.00000000000000,126.00000000000000,0.0000000000000000
112.00000000000000,126.00000000000000,0.0000000000000000
113.00000000000000,126.00000000000000,0.0000000000000000
1.0000000000000000,127.00000000000000,0.0000000000000000
2.0000000000000000,127.00000000000000,0.0000000000000000
3.0000000000000000,127.00000000000000,0.0000000000000000
4.0000000000000000,127.00000000000000,0.0000000000000000
5.0000000000000000,127.00000000000000,0.0000000000000000
6.0000000000000000,127.00000000000000,0.0000000000000000
7.0000000000000000,127.00000000000000,0.0000000000000000
8.0000000000000000,127.00000000000000,0.0000000000000000
9.0000000000000000,127.00000000000000,0.0000000000000000
10.000000000000000,127.00000000000000,0.0000000000000000
11.000000000000000,127.00000000000000,0.0000000000000000
12.000000000000000,127.00000000000000,0.0000000000000000
13.000000000000000,127.00000000000000,0.0000000000000000
14.000000000000000,127.00000000000000,0.0000000000000000
15.000000000000000,127.00000000000000,0.0000000000000000
16.000000000000000,127.00000000000000,0.0000000000000000
17.000000000000000,127.00000000000000,0.0000000000000000
18.000000000000000,127.00000000000000,0.0000000000000000
19.000000000000000,127.00000000000000,0.0000000000000000
20.000000000000000,127.00000000000000,0.0000000000000000
21.000000000000000,127.00000000000000,0.0000000000000000
22.000000000000000,127.00000000000000,0.0000000000000000
23.000000000000000,127.00000000000000,0.0000000000000000
24.000000000000000,127.00000000000000,0.0000000000000000
25.000000000000000,127.00000000000000,0.0000000000000000
26.000000000000000,127.00000000000000,0.0000000000000000
27.000000000000000,127.00000000000000,0.0000000000000000
28.000000000000000,127.00000000000000,0.0000000000000000
29.000000000000000,127.00000000000000,0.0000000000000000
30.000000000000000,127.00000000000000,0.0000000000000000
31.000000000000000,127.00000000000000,0.0000000000000000
32.000000000000000,127.00000000000000,0.0000000000000000
33.000000000000000,127.00000000000000,0.0000000000000000
34.000000000000000,127.00000000000000,0.0000000000000000
35.000000000000000,127.00000000000000,0.0000000000000000
36.000000000000000,127.00000000000000,0.0000000000000000
37.000000000000000,127.00000000000000,0.0000000000000000
38.000000000000000,127.00000000000000,0.0000000000000000
39.000000000000000,127.00000000000000,0.0000000000000000
40.000000000000000,127.00000000000000,0.0000000000000000
41.000000000000000,127.00000000000000,0.0000000000000000
42.000000000000000,127.00000000000000,0.0000000000000000
43.000000000000000,127.00000000000000,0.0000000000000000
44.000000000000000,127.00000000000000,0.0000000000000000
45.000000000000000,127.00000000000000,0.0000000000000000
46.000000000000000,127.00000000000000,0.0000000000000000
47.000000000000000,127.00000000000000,0.0000000000000000
48.000000000000000,127.00000000000000,0.0000000000000000
49.000000000000000,127.00000000000000,0.0000000000000000
50.000000000000000,127.00000000000000,0.0000000000000000
51.000000000000000,127.00000000000000,0.0000000000000000
52.000000000000000,127.00000000000000,0.0000000000000000
53.000000000000000,127.00000000000000,0.0000000000000000
54.000000000000000,127.00000000000000,0.0000000000000000
55.000000000000000,127.00000000000000,0.0000000000000000
56.000000000000000,127.00000000000000,0.0000000000000000
57.000000000000000,127.00000000000000,0.0000000000000000
58.000000000000000,127.00000000000000,0.0000000000000000
59.000000000000000,127.00000000000000,0.0000000000000000
60.000000000000000,127.00000000000000,0.0000000000000000
61.000000000000000,127.00000000000000,0.0000000000000000
62.000000000000000,127.00000000000000,0.0000000000000000
63.000000000000000,127.00000000000000,0.0000000000000000
64.000000000000000,127.00000000000000,0.0000000000000000
65.000000000000000,127.00000000000000,0.0000000000000000
66.000000000000000,127.00000000000000,0.0000000000000000
67.000000000000000,127.00000000000000,0.0000000000000000
68.000000000000000,127.00000000000000,0.0000000000000000
69.000000000000000,127.00000000000000,0.0000000000000000
70.000000000000000,127.00000000000000,0.0000000000000000
71.000000000000000,127.00000000000000,0.0000000000000000
72.000000000000000,127.00000000000000,0.0000000000000000
73.000000000000000,127.00000000000000,0.0000000000000000
74.000000000000000,127.00000000000000,0.0000000000000000
75.000000000000000,127.00000000000000,0.0000000000000000
76.000000000000000,127.00000000000000,0.0000000000000000
77.000000000000000,127.00000000000000,0.0000000000000000
78.000000000000000,127.00000000000000,0.0000000000000000
79.000000000000000,127.00000000000000,0.0000000000000000
80.000000000000000,127.00000000000000,0.0000000000000000
81.000000000000000,127.00000000000000,0.0000000000000000
82.000000000000000,127.00000000000000,0.0000000000000000
83.000000000000000,127.00000000000000,0.0000000000000000
84.000000000000000,127.00000000000000,0.0000000000000000
85.000000000000000,127.00000000000000,0.0000000000000000
86.000000000000000,127.00000000000000,0.0000000000000000
87.000000000000000,127.00000000000000,0.0000000000000000
88.000000000000000,127.00000000000000,0.0000000000000000
89.000000000000000,127.00000000000000,0.0000000000000000
90.000000000000000,127.00000000000000,0.0000000000000000
91.000000000000000,127.00000000000000,0.0000000000000000
92.000000000000000,127.00000000000000,0.0000000000000000
93.000000000000000,127.00000000000000,0.0000000000000000
94.000000000000000,127.00000000000000,0.0000000000000000
95.000000000000000,127.00000000000000,0.0000000000000000
96.000000000000000,127.00000000000000,0.0000000000000000
97.000000000000000,127.00000000000000,0.0000000000000000
98.000000000000000,127.00000000000000,0.0000000000000000
99.000000000000000,127.00000000000000,0.0000000000000000
100.00000000000000,127.00000000000000,0.0000000000000000
101.00000000000000,127.00000000000000,0.0000000000000000
102.00000000000000,127.00000000000000,0.0000000000000000
103.00000000000000,127.00000000000000,0.0000000000000000
104.00000000000000,127.00000000000000,0.0000000000000000
105.00000000000000,127.00000000000000,0.0000000000000000
106.00000000000000,127.00000000000000,0.0000000000000000
107.00000000000000,127.00000000000000,0.0000000000000000
108.00000000000000,127.00000000000000,0.0000000000000000
109.00000000000000,127.00000000000000,0.0000000000000000
110.00000000000000,127.00000000000000,0.0000000000000000
111.00000000000000,127.00000000000000,0.0000000000000000
112.00000000000000,127.00000000000000,0.0000000000000000
113.00000000000000,127.00000000000000,0.0000000000000000
1.0000000000000000,128.00000000000000,0.0000000000000000
2.0000000000000000,128.00000000000000,0.0000000000000000
3.0000000000000000,128.00000000000000,0.0000000000000000
4.0000000000000000,128.00000000000000,0.0000000000000000
5.0000000000000000,128.00000000000000,0.0000000000000000
6.0000000000000000,128.00000000000000,0.0000000000000000
7.0000000000000000,128.00000000000000,0.0000000000000000
8.0000000000000000,128.00000000000000,0.0000000000000000
9.0000000000000000,128.00000000000000,0.0000000000000000
10.000000000000000,128.00000000000000,0.0000000000000000
11.000000000000000,128.00000000000000,0.0000000000000000
12.000000000000000,128.00000000000000,0.0000000000000000
13.000000000000000,128.00000000000000,0.0000000000000000
14.000000000000000,128.00000000000000,0.0000000000000000
15.000000000000000,128.00000000000000,0.0000000000000000
16.000000000000000,128.00000000000000,0.0000000000000000
17.000000000000000,128.00000000000000,0.0000000000000000
18.000000000000000,128.00000000000000,0.0000000000000000
19.000000000000000,128.00000000000000,0.0000000000000000
20.000000000000000,128.00000000000000,0.0000000000000000
21.000000000000000,128.00000000000000,0.0000000000000000
22.000000000000000,128.00000000000000,0.0000000000000000
23.000000000000000,128.00000000000000,0.0000000000000000
24.000000000000000,128.00000000000000,0.0000000000000000
25.000000000000000,128.00000000000000,0.0000000000000000
26.000000000000000,128.00000000000000,0.0000000000000000
27.000000000000000,128.00000000000000,0.0000000000000000
28.000000000000000,128.00000000000000,0.0000000000000000
29.000000000000000,128.00000000000000,0.0000000000000000
30.000000000000000,128.00000000000000,0.0000000000000000
31.000000000000000,128.00000000000000,0.0000000000000000
32.000000000000000,128.00000000000000,0.0000000000000000
33.000000000000000,128.00000000000000,0.0000000000000000
34.000000000000000,128.00000000000000,0.0000000000000000
35.000000000000000,128.00000000000000,0.0000000000000000
36.000000000000000,128.00000000000000,0.0000000000000000
37.000000000000000,128.00000000000000,0.0000000000000000
38.000000000000000,128.00000000000000,0.0000000000000000
39.000000000000000,128.00000000000000,0.0000000000000000
40.000000000000000,128.00000000000000,0.0000000000000000
41.000000000000000,128.00000000000000,0.0000000000000000
42.000000000000000,128.00000000000000,0.0000000000000000
43.000000000000000,128.00000000000000,0.0000000000000000
44.000000000000000,128.00000000000000,0.0000000000000000
45.000000000000000,128.00000000000000,0.0000000000000000
46.000000000000000,128.00000000000000,0.0000000000000000
47.000000000000000,128.00000000000000,0.0000000000000000
48.000000000000000,128.00000000000000,0.0000000000000000
49.000000000000000,128.00000000000000,0.0000000000000000
50.000000000000000,128.00000000000000,0.0000000000000000
51.000000000000000,128.00000000000000,0.0000000000000000
52.000000000000000,128.00000000000000,0.0000000000000000
53.000000000000000,128.00000000000000,0.0000000000000000
54.000000000000000,128.00000000000000,0.0000000000000000
55.000000000000000,128.00000000000000,0.0000000000000000
56.000000000000000,128.00000000000000,0.0000000000000000
57.000000000000000,128.00000000000000,0.0000000000000000
58.000000000000000,128.00000000000000,0.0000000000000000
59.000000000000000,128.00000000000000,0.0000000000000000
60.000000000000000,128.00000000000000,0.0000000000000000
61.000000000000000,128.00000000000000,0.0000000000000000
62.000000000000000,128.00000000000000,0.0000000000000000
63.000000000000000,128.00000000000000,0.0000000000000000
64.000000000000000,128.00000000000000,0.0000000000000000
65.000000000000000,128.00000000000000,0.0000000000000000
66.000000000000000,128.00000000000000,0.0000000000000000
67.000000000000000,128.00000000000000,0.0000000000000000
68.000000000000000,128.00000000000000,0.0000000000000000
69.000000000000000,128.00000000000000,0.0000000000000000
70.000000000000000,128.00000000000000,0.0000000000000000
71.000000000000000,128.00000000000000,0.0000000000000000
72.000000000000000,128.00000000000000,0.0000000000000000
73.000000000000000,128.00000000000000,0.0000000000000000
74.000000000000000,128.00000000000000,0.0000000000000000
75.000000000000000,128.00000000000000,0.0000000000000000
76.000000000000000,128.00000000000000,0.0000000000000000
77.000000000000000,128.00000000000000,0.0000000000000000
78.000000000000000,128.00000000000000,0.0000000000000000
79.000000000000000,128.00000000000000,0.0000000000000000
80.000000000000000,128.00000000000000,0.0000000000000000
81.000000000000000,128.00000000000000,0.0000000000000000
82.000000000000000,128.00000000000000,0.0000000000000000
83.000000000000000,128.00000000000000,0.0000000000000000
84.000000000000000,128.00000000000000,0.0000000000000000
85.000000000000000,128.00000000000000,0.0000000000000000
86.000000000000000,128.00000000000000,0.0000000000000000
87.000000000000000,128.00000000000000,0.0000000000000000
88.000000000000000,128.00000000000000,0.0000000000000000
89.000000000000000,128.00000000000000,0.0000000000000000
90.000000000000000,128.00000000000000,0.0000000000000000
91.000000000000000,128.00000000000000,0.0000000000000000
92.000000000000000,128.00000000000000,0.0000000000000000
93.000000000000000,128.00000000000000,0.0000000000000000
94.000000000000000,128.00000000000000,0.0000000000000000
95.000000000000000,128.00000000000000,0.0000000000000000
96.000000000000000,128.00000000000000,0.0000000000000000
97.000000000000000,128.00000000000000,0.0000000000000000
98.000000000000000,128.00000000000000,0.0000000000000000
99.000000000000000,128.00000000000000,0.0000000000000000
100.00000000000000,128.00000000000000,0.0000000000000000
101.00000000000000,128.00000000000000,0.0000000000000000
102.00000000000000,128.00000000000000,0.0000000000000000
103.00000000000000,128.00000000000000,0.0000000000000000
104.00000000000000,128.00000000000000,0.0000000000000000
105.00000000000000,128.00000000000000,0.0000000000000000
106.00000000000000,128.00000000000000,0.0000000000000000
107.00000000000000,128.00000000000000,0.0000000000000000
108.00000000000000,128.00000000000000,0.0000000000000000
109.00000000000000,128.00000000000000,0.0000000000000000
110.00000000000000,128.00000000000000,0.0000000000000000
111.00000000000000,128.00000000000000,0.0000000000000000
112.00000000000000,128.00000000000000,0.0000000000000000
113.00000000000000,128.00000000000000,0.0000000000000000
1.0000000000000000,129.00000000000000,0.0000000000000000
2.0000000000000000,129.00000000000000,0.0000000000000000
3.0000000000000000,129.00000000000000,0.0000000000000000
4.0000000000000000,129.00000000000000,0.0000000000000000
5.0000000000000000,129.00000000000000,0.0000000000000000
6.0000000000000000,129.00000000000000,0.0000000000000000
7.0000000000000000,129.00000000000000,0.0000000000000000
8.0000000000000000,129.00000000000000,0.0000000000000000
9.0000000000000000,129.00000000000000,0.0000000000000000
10.000000000000000,129.00000000000000,0.0000000000000000
11.000000000000000,129.00000000000000,0.0000000000000000
12.000000000000000,129.00000000000000,0.0000000000000000
13.000000000000000,129.00000000000000,0.0000000000000000
14.000000000000000,129.00000000000000,0.0000000000000000
15.000000000000000,129.00000000000000,0.0000000000000000
16.000000000000000,129.00000000000000,0.0000000000000000
17.000000000000000,129.00000000000000,0.0000000000000000
18.000000000000000,129.00000000000000,0.0000000000000000
19.000000000000000,129.00000000000000,0.0000000000000000
20.000000000000000,129.00000000000000,0.0000000000000000
21.000000000000000,129.00000000000000,0.0000000000000000
22.000000000000000,129.00000000000000,0.0000000000000000
23.000000000000000,129.00000000000000,0.0000000000000000
24.000000000000000,129.00000000000000,0.0000000000000000
25.000000000000000,129.00000000000000,0.0000000000000000
26.000000000000000,129.00000000000000,0.0000000000000000
27.000000000000000,129.00000000000000,0.0000000000000000
28.000000000000000,129.00000000000000,0.0000000000000000
29.000000000000000,129.00000000000000,0.0000000000000000
30.000000000000000,129.00000000000000,0.0000000000000000
31.000000000000000,129.00000000000000,0.0000000000000000
32.000000000000000,129.00000000000000,0.0000000000000000
33.000000000000000,129.00000000000000,0.0000000000000000
34.000000000000000,129.00000000000000,0.0000000000000000
35.000000000000000,129.00000000000000,0.0000000000000000
36.000000000000000,129.00000000000000,0.0000000000000000
37.000000000000000,129.00000000000000,0.0000000000000000
38.000000000000000,129.00000000000000,0.0000000000000000
39.000000000000000,129.00000000000000,0.0000000000000000
40.000000000000000,129.00000000000000,0.0000000000000000
41.000000000000000,129.00000000000000,0.0000000000000000
42.000000000000000,129.00000000000000,0.0000000000000000
43.000000000000000,129.00000000000000,0.0000000000000000
44.000000000000000,129.00000000000000,0.0000000000000000
45.000000000000000,129.00000000000000,0.0000000000000000
46.000000000000000,129.00000000000000,0.0000000000000000
47.000000000000000,129.00000000000000,0.0000000000000000
48.000000000000000,129.00000000000000,0.0000000000000000
49.000000000000000,129.00000000000000,0.0000000000000000
50.000000000000000,129.00000000000000,0.0000000000000000
51.000000000000000,129.00000000000000,0.0000000000000000
52.000000000000000,129.00000000000000,0.0000000000000000
53.000000000000000,129.00000000000000,0.0000000000000000
54.000000000000000,129.00000000000000,0.0000000000000000
55.000000000000000,129.00000000000000,0.0000000000000000
56.000000000000000,129.00000000000000,0.0000000000000000
57.000000000000000,129.00000000000000,0.0000000000000000
58.000000000000000,129.00000000000000,0.0000000000000000
59.000000000000000,129.00000000000000,0.0000000000000000
60.000000000000000,129.00000000000000,0.0000000000000000
61.000000000000000,129.00000000000000,0.0000000000000000
62.000000000000000,129.00000000000000,0.0000000000000000
63.000000000000000,129.00000000000000,0.0000000000000000
64.000000000000000,129.00000000000000,0.0000000000000000
65.000000000000000,129.00000000000000,0.0000000000000000
66.000000000000000,129.00000000000000,0.0000000000000000
67.000000000000000,129.00000000000000,0.0000000000000000
68.000000000000000,129.00000000000000,0.0000000000000000
69.000000000000000,129.00000000000000,0.0000000000000000
70.000000000000000,129.00000000000000,0.0000000000000000
71.000000000000000,129.00000000000000,0.0000000000000000
72.000000000000000,129.00000000000000,0.0000000000000000
73.000000000000000,129.00000000000000,0.0000000000000000
74.000000000000000,129.00000000000000,0.0000000000000000
75.000000000000000,129.00000000000000,0.0000000000000000
76.000000000000000,129.00000000000000,0.0000000000000000
77.000000000000000,129.00000000000000,0.0000000000000000
78.000000000000000,129.00000000000000,0.0000000000000000
79.000000000000000,129.00000000000000,0.0000000000000000
80.000000000000000,129.00000000000000,0.0000000000000000
81.000000000000000,129.00000000000000,0.0000000000000000
82.000000000000000,129.00000000000000,0.0000000000000000
83.000000000000000,129.00000000000000,0.0000000000000000
84.000000000000000,129.00000000000000,0.0000000000000000
85.000000000000000,129.00000000000000,0.0000000000000000
86.000000000000000,129.00000000000000,0.0000000000000000
87.000000000000000,129.00000000000000,0.0000000000000000
88.000000000000000,129.00000000000000,0.0000000000000000
89.000000000000000,129.00000000000000,0.0000000000000000
90.000000000000000,129.00000000000000,0.0000000000000000
91.000000000000000,129.00000000000000,0.0000000000000000
92.000000000000000,129.00000000000000,0.0000000000000000
93.000000000000000,129.00000000000000,0.0000000000000000
94.000000000000000,129.00000000000000,0.0000000000000000
95.000000000000000,129.00000000000000,0.0000000000000000
96.000000000000000,129.00000000000000,0.0000000000000000
97.000000000000000,129.00000000000000,0.0000000000000000
98.000000000000000,129.00000000000000,0.0000000000000000
99.000000000000000,129.00000000000000,0.0000000000000000
100.00000000000000,129.00000000000000,0.0000000000000000
101.00000000000000,129.00000000000000,0.0000000000000000
102.00000000000000,129.00000000000000,0.0000000000000000
103.00000000000000,129.00000000000000,0.0000000000000000
104.00000000000000,129.00000000000000,0.0000000000000000
105.00000000000000,129.00000000000000,0.0000000000000000
106.00000000000000,129.00000000000000,0.0000000000000000
107.00000000000000,129.00000000000000,0.0000000000000000
108.00000000000000,129.00000000000000,0.0000000000000000
109.00000000000000,129.00000000000000,0.0000000000000000
110.00000000000000,129.00000000000000,0.0000000000000000
111.00000000000000,129.00000000000000,0.0000000000000000
112.00000000000000,129.00000000000000,0.0000000000000000
113.00000000000000,129.00000000000000,0.0000000000000000
1.0000000000000000,130.00000000000000,0.0000000000000000
2.0000000000000000,130.00000000000000,0.0000000000000000
3.0000000000000000,130.00000000000000,0.0000000000000000
4.0000000000000000,130.00000000000000,0.0000000000000000
5.0000000000000000,130.00000000000000,0.0000000000000000
6.0000000000000000,130.00000000000000,0.0000000000000000
7.0000000000000000,130.00000000000000,0.0000000000000000
8.0000000000000000,130.00000000000000,0.0000000000000000
9.0000000000000000,130.00000000000000,0.0000000000000000
10.000000000000000,130.00000000000000,0.0000000000000000
11.000000000000000,130.00000000000000,0.0000000000000000
12.000000000000000,130.00000000000000,0.0000000000000000
13.000000000000000,130.00000000000000,0.0000000000000000
14.000000000000000,130.00000000000000,0.0000000000000000
15.000000000000000,130.00000000000000,0.0000000000000000
16.000000000000000,130.00000000000000,0.0000000000000000
17.000000000000000,130.00000000000000,0.0000000000000000
18.000000000000000,130.00000000000000,0.0000000000000000
19.000000000000000,130.00000000000000,0.0000000000000000
20.000000000000000,130.00000000000000,0.0000000000000000
21.000000000000000,130.00000000000000,0.0000000000000000
22.000000000000000,130.00000000000000,0.0000000000000000
23.000000000000000,130.00000000000000,0.0000000000000000
24.000000000000000,130.00000000000000,0.0000000000000000
25.000000000000000,130.00000000000000,0.0000000000000000
26.000000000000000,130.00000000000000,0.0000000000000000
27.000000000000000,130.00000000000000,0.0000000000000000
28.000000000000000,130.00000000000000,0.0000000000000000
29.000000000000000,130.00000000000000,0.0000000000000000
30.000000000000000,130.00000000000000,0.0000000000000000
31.000000000000000,130.00000000000000,0.0000000000000000
32.000000000000000,130.00000000000000,0.0000000000000000
33.000000000000000,130.00000000000000,0.0000000000000000
34.000000000000000,130.00000000000000,0.0000000000000000
35.000000000000000,130.00000000000000,0.0000000000000000
36.000000000000000,130.00000000000000,0.0000000000000000
37.000000000000000,130.00000000000000,0.0000000000000000
38.000000000000000,130.00000000000000,0.0000000000000000
39.000000000000000,130.00000000000000,0.0000000000000000
40.000000000000000,130.00000000000000,0.0000000000000000
41.000000000000000,130.00000000000000,0.0000000000000000
42.000000000000000,130.00000000000000,0.0000000000000000
43.000000000000000,130.00000000000000,0.0000000000000000
44.000000000000000,130.00000000000000,0.0000000000000000
45.000000000000000,130.00000000000000,0.0000000000000000
46.000000000000000,130.00000000000000,0.0000000000000000
47.000000000000000,130.00000000000000,0.0000000000000000
48.000000000000000,130.00000000000000,0.0000000000000000
49.000000000000000,130.00000000000000,0.0000000000000000
50.000000000000000,130.00000000000000,0.0000000000000000
51.000000000000000,130.00000000000000,0.0000000000000000
52.000000000000000,130.00000000000000,0.0000000000000000
53.000000000000000,130.00000000000000,0.0000000000000000
54.000000000000000,130.00000000000000,0.0000000000000000
55.000000000000000,130.00000000000000,0.0000000000000000
56.000000000000000,130.00000000000000,0.0000000000000000
57.000000000000000,130.00000000000000,0.0000000000000000
58.000000000000000,130.00000000000000,0.0000000000000000
59.000000000000000,130.00000000000000,0.0000000000000000
60.000000000000000,130.00000000000000,0.0000000000000000
61.000000000000000,130.00000000000000,0.0000000000000000
62.000000000000000,130.00000000000000,0.0000000000000000
63.000000000000000,130.00000000000000,0.0000000000000000
64.000000000000000,130.00000000000000,0.0000000000000000
65.000000000000000,130.00000000000000,0.0000000000000000
66.000000000000000,130.00000000000000,0.0000000000000000
67.000000000000000,130.00000000000000,0.0000000000000000
68.000000000000000,130.00000000000000,0.0000000000000000
69.000000000000000,130.00000000000000,0.0000000000000000
70.000000000000000,130.00000000000000,0.0000000000000000
71.000000000000000,130.00000000000000,0.0000000000000000
72.000000000000000,130.00000000000000,0.0000000000000000
73.000000000000000,130.00000000000000,0.0000000000000000
74.000000000000000,130.00000000000000,0.0000000000000000
75.000000000000000,130.00000000000000,0.0000000000000000
76.000000000000000,130.00000000000000,0.0000000000000000
77.000000000000000,130.00000000000000,0.0000000000000000
78.000000000000000,130.00000000000000,0.0000000000000000
79.000000000000000,130.00000000000000,0.0000000000000000
80.000000000000000,130.00000000000000,0.0000000000000000
81.000000000000000,130.00000000000000,0.0000000000000000
82.000000000000000,130.00000000000000,0.0000000000000000
83.000000000000000,130.00000000000000,0.0000000000000000
84.000000000000000,130.00000000000000,0.0000000000000000
85.000000000000000,130.00000000000000,0.0000000000000000
86.000000000000000,130.00000000000000,0.0000000000000000
87.000000000000000,130.00000000000000,0.0000000000000000
88.000000000000000,130.00000000000000,0.0000000000000000
89.000000000000000,130.00000000000000,0.0000000000000000
90.000000000000000,130.00000000000000,0.0000000000000000
91.000000000000000,130.00000000000000,0.0000000000000000
92.000000000000000,130.00000000000000,0.0000000000000000
93.000000000000000,130.00000000000000,0.0000000000000000
94.000000000000000,130.00000000000000,0.0000000000000000
95.000000000000000,130.00000000000000,0.0000000000000000
96.000000000000000,130.00000000000000,0.0000000000000000
97.000000000000000,130.00000000000000,0.0000000000000000
98.000000000000000,130.00000000000000,0.0000000000000000
99.000000000000000,130.00000000000000,0.0000000000000000
100.00000000000000,130.00000000000000,0.0000000000000000
101.00000000000000,130.00000000000000,0.0000000000000000
102.00000000000000,130.00000000000000,0.0000000000000000
103.00000000000000,130.00000000000000,0.0000000000000000
104.00000000000000,130.00000000000000,0.0000000000000000
105.00000000000000,130.00000000000000,0.0000000000000000
106.00000000000000,130.00000000000000,0.0000000000000000
107.00000000000000,130.00000000000000,0.0000000000000000
108.00000000000000,130.00000000000000,0.0000000000000000
109.00000000000000,130.00000000000000,0.0000000000000000
110.00000000000000,130.00000000000000,0.0000000000000000
111.00000000000000,130.00000000000000,0.0000000000000000
112.00000000000000,130.00000000000000,0.0000000000000000
113.00000000000000,130.00000000000000,0.0000000000000000
1.0000000000000000,131.00000000000000,0.0000000000000000
2.0000000000000000,131.00000000000000,0.0000000000000000
3.0000000000000000,131.00000000000000,0.0000000000000000
4.0000000000000000,131.00000000000000,0.0000000000000000
5.0000000000000000,131.00000000000000,0.0000000000000000
6.0000000000000000,131.00000000000000,0.0000000000000000
7.0000000000000000,131.00000000000000,0.0000000000000000
8.0000000000000000,131.00000000000000,0.0000000000000000
9.0000000000000000,131.00000000000000,0.0000000000000000
10.000000000000000,131.00000000000000,0.0000000000000000
11.000000000000000,131.00000000000000,0.0000000000000000
12.000000000000000,131.00000000000000,0.0000000000000000
13.000000000000000,131.00000000000000,0.0000000000000000
14.000000000000000,131.00000000000000,0.0000000000000000
15.000000000000000,131.00000000000000,0.0000000000000000
16.000000000000000,131.00000000000000,0.0000000000000000
17.000000000000000,131.00000000000000,0.0000000000000000
18.000000000000000,131.00000000000000,0.0000000000000000
19.000000000000000,131.00000000000000,0.0000000000000000
20.000000000000000,131.00000000000000,0.0000000000000000
21.000000000000000,131.00000000000000,0.0000000000000000
22.000000000000000,131.00000000000000,0.0000000000000000
23.000000000000000,131.00000000000000,0.0000000000000000
24.000000000000000,131.00000000000000,0.0000000000000000
25.000000000000000,131.00000000000000,0.0000000000000000
26.000000000000000,131.00000000000000,0.0000000000000000
27.000000000000000,131.00000000000000,0.0000000000000000
28.000000000000000,131.00000000000000,0.0000000000000000
29.000000000000000,131.00000000000000,0.0000000000000000
30.000000000000000,131.00000000000000,0.0000000000000000
31.000000000000000,131.00000000000000,0.0000000000000000
32.000000000000000,131.00000000000000,0.0000000000000000
33.000000000000000,131.00000000000000,0.0000000000000000
34.000000000000000,131.00000000000000,0.0000000000000000
35.000000000000000,131.00000000000000,0.0000000000000000
36.000000000000000,131.00000000000000,0.0000000000000000
37.000000000000000,131.00000000000000,0.0000000000000000
38.000000000000000,131.00000000000000,0.0000000000000000
39.000000000000000,131.00000000000000,0.0000000000000000
40.000000000000000,131.00000000000000,0.0000000000000000
41.000000000000000,131.00000000000000,0.0000000000000000
42.000000000000000,131.00000000000000,0.0000000000000000
43.000000000000000,131.00000000000000,0.0000000000000000
44.000000000000000,131.00000000000000,0.0000000000000000
45.000000000000000,131.00000000000000,0.0000000000000000
46.000000000000000,131.00000000000000,0.0000000000000000
47.000000000000000,131.00000000000000,0.0000000000000000
48.000000000000000,131.00000000000000,0.0000000000000000
49.000000000000000,131.00000000000000,0.0000000000000000
50.000000000000000,131.00000000000000,0.0000000000000000
51.000000000000000,131.00000000000000,0.0000000000000000
52.000000000000000,131.00000000000000,0.0000000000000000
53.000000000000000,131.00000000000000,0.0000000000000000
54.000000000000000,131.00000000000000,0.0000000000000000
55.000000000000000,131.00000000000000,0.0000000000000000
56.000000000000000,131.00000000000000,0.0000000000000000
57.000000000000000,131.00000000000000,0.0000000000000000
58.000000000000000,131.00000000000000,0.0000000000000000
59.000000000000000,131.00000000000000,0.0000000000000000
60.000000000000000,131.00000000000000,0.0000000000000000
61.000000000000000,131.00000000000000,0.0000000000000000
62.000000000000000,131.00000000000000,0.0000000000000000
63.000000000000000,131.00000000000000,0.0000000000000000
64.000000000000000,131.00000000000000,0.0000000000000000
65.000000000000000,131.00000000000000,0.0000000000000000
66.000000000000000,131.00000000000000,0.0000000000000000
67.000000000000000,131.00000000000000,0.0000000000000000
68.000000000000000,131.00000000000000,0.0000000000000000
69.000000000000000,131.00000000000000,0.0000000000000000
70.000000000000000,131.00000000000000,0.0000000000000000
71.000000000000000,131.00000000000000,0.0000000000000000
72.000000000000000,131.00000000000000,0.0000000000000000
73.000000000000000,131.00000000000000,0.0000000000000000
74.000000000000000,131.00000000000000,0.0000000000000000
75.000000000000000,131.00000000000000,0.0000000000000000
76.000000000000000,131.00000000000000,0.0000000000000000
77.000000000000000,131.00000000000000,0.0000000000000000
78.000000000000000,131.00000000000000,0.0000000000000000
79.000000000000000,131.00000000000000,0.0000000000000000
80.000000000000000,131.00000000000000,0.0000000000000000
81.000000000000000,131.00000000000000,0.0000000000000000
82.000000000000000,131.00000000000000,0.0000000000000000
83.000000000000000,131.00000000000000,0.0000000000000000
84.000000000000000,131.00000000000000,0.0000000000000000
85.000000000000000,131.00000000000000,0.0000000000000000
86.000000000000000,131.00000000000000,0.0000000000000000
87.000000000000000,131.00000000000000,0.0000000000000000
88.000000000000000,131.00000000000000,0.0000000000000000
89.000000000000000,131.00000000000000,0.0000000000000000
90.000000000000000,131.00000000000000,0.0000000000000000
91.000000000000000,131.00000000000000,0.0000000000000000
92.000000000000000,131.00000000000000,0.0000000000000000
93.000000000000000,131.00000000000000,0.0000000000000000
94.000000000000000,131.00000000000000,0.0000000000000000
95.000000000000000,131.00000000000000,0.0000000000000000
96.000000000000000,131.00000000000000,0.0000000000000000
97.000000000000000,131.00000000000000,0.0000000000000000
98.000000000000000,131.00000000000000,0.0000000000000000
99.000000000000000,131.00000000000000,0.0000000000000000
100.00000000000000,131.00000000000000,0.0000000000000000
101.00000000000000,131.00000000000000,0.0000000000000000
102.00000000000000,131.00000000000000,0.0000000000000000
103.00000000000000,131.00000000000000,0.0000000000000000
104.00000000000000,131.00000000000000,0.0000000000000000
105.00000000000000,131.00000000000000,0.0000000000000000
106.00000000000000,131.00000000000000,0.0000000000000000
107.00000000000000,131.00000000000000,0.0000000000000000
108.00000000000000,131.00000000000000,0.0000000000000000
109.00000000000000,131.00000000000000,0.0000000000000000
110.00000000000000,131.00000000000000,0.0000000000000000
111.00000000000000,131.00000000000000,0.0000000000000000
112.00000000000000,131.00000000000000,0.0000000000000000
113.00000000000000,131.00000000000000,0.0000000000000000
1.0000000000000000,132.00000000000000,0.0000000000000000
2.0000000000000000,132.00000000000000,0.0000000000000000
3.0000000000000000,132.00000000000000,0.0000000000000000
4.0000000000000000,132.00000000000000,0.0000000000000000
5.0000000000000000,132.00000000000000,0.0000000000000000
6.0000000000000000,132.00000000000000,0.0000000000000000
7.0000000000000000,132.00000000000000,0.0000000000000000
8.0000000000000000,132.00000000000000,0.0000000000000000
9.0000000000000000,132.00000000000000,0.0000000000000000
10.000000000000000,132.00000000000000,0.0000000000000000
11.000000000000000,132.00000000000000,0.0000000000000000
12.000000000000000,132.00000000000000,0.0000000000000000
13.000000000000000,132.00000000000000,0.0000000000000000
14.000000000000000,132.00000000000000,0.0000000000000000
15.000000000000000,132.00000000000000,0.0000000000000000
16.000000000000000,132.00000000000000,0.0000000000000000
17.000000000000000,132.00000000000000,0.0000000000000000
18.000000000000000,132.00000000000000,0.0000000000000000
19.000000000000000,132.00000000000000,0.0000000000000000
20.000000000000000,132.00000000000000,0.0000000000000000
21.000000000000000,132.00000000000000,0.0000000000000000
22.000000000000000,132.00000000000000,0.0000000000000000
23.000000000000000,132.00000000000000,0.0000000000000000
24.000000000000000,132.00000000000000,0.0000000000000000
25.000000000000000,132.00000000000000,0.0000000000000000
26.000000000000000,132.00000000000000,0.0000000000000000
27.000000000000000,132.00000000000000,0.0000000000000000
28.000000000000000,132.00000000000000,0.0000000000000000
29.000000000000000,132.00000000000000,0.0000000000000000
30.000000000000000,132.00000000000000,0.0000000000000000
31.000000000000000,132.00000000000000,0.0000000000000000
32.000000000000000,132.00000000000000,0.0000000000000000
33.000000000000000,132.00000000000000,0.0000000000000000
34.000000000000000,132.00000000000000,0.0000000000000000
35.000000000000000,132.00000000000000,0.0000000000000000
36.000000000000000,132.00000000000000,0.0000000000000000
37.000000000000000,132.00000000000000,0.0000000000000000
38.000000000000000,132.00000000000000,0.0000000000000000
39.000000000000000,132.00000000000000,0.0000000000000000
40.000000000000000,132.00000000000000,0.0000000000000000
41.000000000000000,132.00000000000000,0.0000000000000000
42.000000000000000,132.00000000000000,0.0000000000000000
43.000000000000000,132.00000000000000,0.0000000000000000
44.000000000000000,132.00000000000000,0.0000000000000000
45.000000000000000,132.00000000000000,0.0000000000000000
46.000000000000000,132.00000000000000,0.0000000000000000
47.000000000000000,132.00000000000000,0.0000000000000000
48.000000000000000,132.00000000000000,0.0000000000000000
49.000000000000000,132.00000000000000,0.0000000000000000
50.000000000000000,132.00000000000000,0.0000000000000000
51.000000000000000,132.00000000000000,0.0000000000000000
52.000000000000000,132.00000000000000,0.0000000000000000
53.000000000000000,132.00000000000000,0.0000000000000000
54.000000000000000,132.00000000000000,0.0000000000000000
55.000000000000000,132.00000000000000,0.0000000000000000
56.000000000000000,132.00000000000000,0.0000000000000000
57.000000000000000,132.00000000000000,0.0000000000000000
58.000000000000000,132.00000000000000,0.0000000000000000
59.000000000000000,132.00000000000000,0.0000000000000000
60.000000000000000,132.00000000000000,0.0000000000000000
61.000000000000000,132.00000000000000,0.0000000000000000
62.000000000000000,132.00000000000000,0.0000000000000000
63.000000000000000,132.00000000000000,0.0000000000000000
64.000000000000000,132.00000000000000,0.0000000000000000
65.000000000000000,132.00000000000000,0.0000000000000000
66.000000000000000,132.00000000000000,0.0000000000000000
67.000000000000000,132.00000000000000,0.0000000000000000
68.000000000000000,132.00000000000000,0.0000000000000000
69.000000000000000,132.00000000000000,0.0000000000000000
70.000000000000000,132.00000000000000,0.0000000000000000
71.000000000000000,132.00000000000000,0.0000000000000000
72.000000000000000,132.00000000000000,0.0000000000000000
73.000000000000000,132.00000000000000,0.0000000000000000
74.000000000000000,132.00000000000000,0.0000000000000000
75.000000000000000,132.00000000000000,0.0000000000000000
76.000000000000000,132.00000000000000,0.0000000000000000
77.000000000000000,132.00000000000000,0.0000000000000000
78.000000000000000,132.00000000000000,0.0000000000000000
79.000000000000000,132.00000000000000,0.0000000000000000
80.000000000000000,132.00000000000000,0.0000000000000000
81.000000000000000,132.00000000000000,0.0000000000000000
82.000000000000000,132.00000000000000,0.0000000000000000
83.000000000000000,132.00000000000000,0.0000000000000000
84.000000000000000,132.00000000000000,0.0000000000000000
85.000000000000000,132.00000000000000,0.0000000000000000
86.000000000000000,132.00000000000000,0.0000000000000000
87.000000000000000,132.00000000000000,0.0000000000000000
88.000000000000000,132.00000000000000,0.0000000000000000
89.000000000000000,132.00000000000000,0.0000000000000000
90.000000000000000,132.00000000000000,0.0000000000000000
91.000000000000000,132.00000000000000,0.0000000000000000
92.000000000000000,132.00000000000000,0.0000000000000000
93.000000000000000,132.00000000000000,0.0000000000000000
94.000000000000000,132.00000000000000,0.0000000000000000
95.000000000000000,132.00000000000000,0.0000000000000000
96.000000000000000,132.00000000000000,0.0000000000000000
97.000000000000000,132.00000000000000,0.0000000000000000
98.000000000000000,132.00000000000000,0.0000000000000000
99.000000000000000,132.00000000000000,0.0000000000000000
100.00000000000000,132.00000000000000,0.0000000000000000
101.00000000000000,132.00000000000000,0.0000000000000000
102.00000000000000,132.00000000000000,0.0000000000000000
103.00000000000000,132.00000000000000,0.0000000000000000
104.00000000000000,132.00000000000000,0.0000000000000000
105.00000000000000,132.00000000000000,0.0000000000000000
106.00000000000000,132.00000000000000,0.0000000000000000
107.00000000000000,132.00000000000000,0.0000000000000000
108.00000000000000,132.00000000000000,0.0000000000000000
109.00000000000000,132.00000000000000,0.0000000000000000
110.00000000000000,132.00000000000000,0.0000000000000000
111.00000000000000,132.00000000000000,0.0000000000000000
112.00000000000000,132.00000000000000,0.0000000000000000
113.00000000000000,132.00000000000000,0.0000000000000000
1.0000000000000000,133.00000000000000,0.0000000000000000
2.0000000000000000,133.00000000000000,0.0000000000000000
3.0000000000000000,133.00000000000000,0.0000000000000000
4.0000000000000000,133.00000000000000,0.0000000000000000
5.0000000000000000,133.00000000000000,0.0000000000000000
6.0000000000000000,133.00000000000000,0.0000000000000000
7.0000000000000000,133.00000000000000,0.0000000000000000
8.0000000000000000,133.00000000000000,0.0000000000000000
9.0000000000000000,133.00000000000000,0.0000000000000000
10.000000000000000,133.00000000000000,0.0000000000000000
11.000000000000000,133.00000000000000,0.0000000000000000
12.000000000000000,133.00000000000000,0.0000000000000000
13.000000000000000,133.00000000000000,0.0000000000000000
14.000000000000000,133.00000000000000,0.0000000000000000
15.000000000000000,133.00000000000000,0.0000000000000000
16.000000000000000,133.00000000000000,0.0000000000000000
17.000000000000000,133.00000000000000,0.0000000000000000
18.000000000000000,133.00000000000000,0.0000000000000000
19.000000000000000,133.00000000000000,0.0000000000000000
20.000000000000000,133.00000000000000,0.0000000000000000
21.000000000000000,133.00000000000000,0.0000000000000000
22.000000000000000,133.00000000000000,0.0000000000000000
23.000000000000000,133.00000000000000,0.0000000000000000
24.000000000000000,133.00000000000000,0.0000000000000000
25.000000000000000,133.00000000000000,0.0000000000000000
26.000000000000000,133.00000000000000,0.0000000000000000
27.000000000000000,133.00000000000000,0.0000000000000000
28.000000000000000,133.00000000000000,0.0000000000000000
29.000000000000000,133.00000000000000,0.0000000000000000
30.000000000000000,133.00000000000000,0.0000000000000000
31.000000000000000,133.00000000000000,0.0000000000000000
32.000000000000000,133.00000000000000,0.0000000000000000
33.000000000000000,133.00000000000000,0.0000000000000000
34.000000000000000,133.00000000000000,0.0000000000000000
35.000000000000000,133.00000000000000,0.0000000000000000
36.000000000000000,133.00000000000000,0.0000000000000000
37.000000000000000,133.00000000000000,0.0000000000000000
38.000000000000000,133.00000000000000,0.0000000000000000
39.000000000000000,133.00000000000000,0.0000000000000000
40.000000000000000,133.00000000000000,0.0000000000000000
41.000000000000000,133.00000000000000,0.0000000000000000
42.000000000000000,133.00000000000000,0.0000000000000000
43.000000000000000,133.00000000000000,0.0000000000000000
44.000000000000000,133.00000000000000,0.0000000000000000
45.000000000000000,133.00000000000000,0.0000000000000000
46.000000000000000,133.00000000000000,0.0000000000000000
47.000000000000000,133.00000000000000,0.0000000000000000
48.000000000000000,133.00000000000000,0.0000000000000000
49.000000000000000,133.00000000000000,0.0000000000000000
50.000000000000000,133.00000000000000,0.0000000000000000
51.000000000000000,133.00000000000000,0.0000000000000000
52.000000000000000,133.00000000000000,0.0000000000000000
53.000000000000000,133.00000000000000,0.0000000000000000
54.000000000000000,133.00000000000000,0.0000000000000000
55.000000000000000,133.00000000000000,0.0000000000000000
56.000000000000000,133.00000000000000,0.0000000000000000
57.000000000000000,133.00000000000000,0.0000000000000000
58.000000000000000,133.00000000000000,0.0000000000000000
59.000000000000000,133.00000000000000,0.0000000000000000
60.000000000000000,133.00000000000000,0.0000000000000000
61.000000000000000,133.00000000000000,0.0000000000000000
62.000000000000000,133.00000000000000,0.0000000000000000
63.000000000000000,133.00000000000000,0.0000000000000000
64.000000000000000,133.00000000000000,0.0000000000000000
65.000000000000000,133.00000000000000,0.0000000000000000
66.000000000000000,133.00000000000000,0.0000000000000000
67.000000000000000,133.00000000000000,0.0000000000000000
68.000000000000000,133.00000000000000,0.0000000000000000
69.000000000000000,133.00000000000000,0.0000000000000000
70.000000000000000,133.00000000000000,0.0000000000000000
71.000000000000000,133.00000000000000,0.0000000000000000
72.000000000000000,133.00000000000000,0.0000000000000000
73.000000000000000,133.00000000000000,0.0000000000000000
74.000000000000000,133.00000000000000,0.0000000000000000
75.000000000000000,133.00000000000000,0.0000000000000000
76.000000000000000,133.00000000000000,0.0000000000000000
77.000000000000000,133.00000000000000,0.0000000000000000
78.000000000000000,133.00000000000000,0.0000000000000000
79.000000000000000,133.00000000000000,0.0000000000000000
80.000000000000000,133.00000000000000,0.0000000000000000
81.000000000000000,133.00000000000000,0.0000000000000000
82.000000000000000,133.00000000000000,0.0000000000000000
83.000000000000000,133.00000000000000,0.0000000000000000
84.000000000000000,133.00000000000000,0.0000000000000000
85.000000000000000,133.00000000000000,0.0000000000000000
86.000000000000000,133.00000000000000,0.0000000000000000
87.000000000000000,133.00000000000000,0.0000000000000000
88.000000000000000,133.00000000000000,0.0000000000000000
89.000000000000000,133.00000000000000,0.0000000000000000
90.000000000000000,133.00000000000000,0.0000000000000000
91.000000000000000,133.00000000000000,0.0000000000000000
92.000000000000000,133.00000000000000,0.0000000000000000
93.000000000000000,133.00000000000000,0.0000000000000000
94.000000000000000,133.00000000000000,0.0000000000000000
95.000000000000000,133.00000000000000,0.0000000000000000
96.000000000000000,133.00000000000000,0.0000000000000000
97.000000000000000,133.00000000000000,0.0000000000000000
98.000000000000000,133.00000000000000,0.0000000000000000
99.000000000000000,133.00000000000000,0.0000000000000000
100.00000000000000,133.00000000000000,0.0000000000000000
101.00000000000000,133.00000000000000,0.0000000000000000
102.00000000000000,133.00000000000000,0.0000000000000000
103.00000000000000,133.00000000000000,0.0000000000000000
104.00000000000000,133.00000000000000,0.0000000000000000
105.00000000000000,133.00000000000000,0.0000000000000000
106.00000000000000,133.00000000000000,0.0000000000000000
107.00000000000000,133.00000000000000,0.0000000000000000
108.00000000000000,133.00000000000000,0.0000000000000000
109.00000000000000,133.00000000000000,0.0000000000000000
110.00000000000000,133.00000000000000,0.0000000000000000
111.00000000000000,133.00000000000000,0.0000000000000000
112.00000000000000,133.00000000000000,0.0000000000000000
113.00000000000000,133.00000000000000,0.0000000000000000
1.0000000000000000,134.00000000000000,0.0000000000000000
2.0000000000000000,134.00000000000000,0.0000000000000000
3.0000000000000000,134.00000000000000,0.0000000000000000
4.0000000000000000,134.00000000000000,0.0000000000000000
5.0000000000000000,134.00000000000000,0.0000000000000000
6.0000000000000000,134.00000000000000,0.0000000000000000
7.0000000000000000,134.00000000000000,0.0000000000000000
8.0000000000000000,134.00000000000000,0.0000000000000000
9.0000000000000000,134.00000000000000,0.0000000000000000
10.000000000000000,134.00000000000000,0.0000000000000000
11.000000000000000,134.00000000000000,0.0000000000000000
12.000000000000000,134.00000000000000,0.0000000000000000
13.000000000000000,134.00000000000000,0.0000000000000000
14.000000000000000,134.00000000000000,0.0000000000000000
15.000000000000000,134.00000000000000,0.0000000000000000
16.000000000000000,134.00000000000000,0.0000000000000000
17.000000000000000,134.00000000000000,0.0000000000000000
18.000000000000000,134.00000000000000,0.0000000000000000
19.000000000000000,134.00000000000000,0.0000000000000000
20.000000000000000,134.00000000000000,0.0000000000000000
21.000000000000000,134.00000000000000,0.0000000000000000
22.000000000000000,134.00000000000000,0.0000000000000000
23.000000000000000,134.00000000000000,0.0000000000000000
24.000000000000000,134.00000000000000,0.0000000000000000
25.000000000000000,134.00000000000000,0.0000000000000000
26.000000000000000,134.00000000000000,0.0000000000000000
27.000000000000000,134.00000000000000,0.0000000000000000
28.000000000000000,134.00000000000000,0.0000000000000000
29.000000000000000,134.00000000000000,0.0000000000000000
30.000000000000000,134.00000000000000,0.0000000000000000
31.000000000000000,134.00000000000000,0.0000000000000000
32.000000000000000,134.00000000000000,0.0000000000000000
33.000000000000000,134.00000000000000,0.0000000000000000
34.000000000000000,134.00000000000000,0.0000000000000000
35.000000000000000,134.00000000000000,0.0000000000000000
36.000000000000000,134.00000000000000,0.0000000000000000
37.000000000000000,134.00000000000000,0.0000000000000000
38.000000000000000,134.00000000000000,0.0000000000000000
39.000000000000000,134.00000000000000,0.0000000000000000
40.000000000000000,134.00000000000000,0.0000000000000000
41.000000000000000,134.00000000000000,0.0000000000000000
42.000000000000000,134.00000000000000,0.0000000000000000
43.000000000000000,134.00000000000000,0.0000000000000000
44.000000000000000,134.00000000000000,0.0000000000000000
45.000000000000000,134.00000000000000,0.0000000000000000
46.000000000000000,134.00000000000000,0.0000000000000000
47.000000000000000,134.00000000000000,0.0000000000000000
48.000000000000000,134.00000000000000,0.0000000000000000
49.000000000000000,134.00000000000000,0.0000000000000000
50.000000000000000,134.00000000000000,0.0000000000000000
51.000000000000000,134.00000000000000,0.0000000000000000
52.000000000000000,134.00000000000000,0.0000000000000000
53.000000000000000,134.00000000000000,0.0000000000000000
54.000000000000000,134.00000000000000,0.0000000000000000
55.000000000000000,134.00000000000000,0.0000000000000000
56.000000000000000,134.00000000000000,0.0000000000000000
57.000000000000000,134.00000000000000,0.0000000000000000
58.000000000000000,134.00000000000000,0.0000000000000000
59.000000000000000,134.00000000000000,0.0000000000000000
60.000000000000000,134.00000000000000,0.0000000000000000
61.000000000000000,134.00000000000000,0.0000000000000000
62.000000000000000,134.00000000000000,0.0000000000000000
63.000000000000000,134.00000000000000,0.0000000000000000
64.000000000000000,134.00000000000000,0.0000000000000000
65.000000000000000,134.00000000000000,0.0000000000000000
66.000000000000000,134.00000000000000,0.0000000000000000
67.000000000000000,134.00000000000000,0.0000000000000000
68.000000000000000,134.00000000000000,0.0000000000000000
69.000000000000000,134.00000000000000,0.0000000000000000
70.000000000000000,134.00000000000000,0.0000000000000000
71.000000000000000,134.00000000000000,0.0000000000000000
72.000000000000000,134.00000000000000,0.0000000000000000
73.000000000000000,134.00000000000000,0.0000000000000000
74.000000000000000,134.00000000000000,0.0000000000000000
75.000000000000000,134.00000000000000,0.0000000000000000
76.000000000000000,134.00000000000000,0.0000000000000000
77.000000000000000,134.00000000000000,0.0000000000000000
78.000000000000000,134.00000000000000,0.0000000000000000
79.000000000000000,134.00000000000000,0.0000000000000000
80.000000000000000,134.00000000000000,0.0000000000000000
81.000000000000000,134.00000000000000,0.0000000000000000
82.000000000000000,134.00000000000000,0.0000000000000000
83.000000000000000,134.00000000000000,0.0000000000000000
84.000000000000000,134.00000000000000,0.0000000000000000
85.000000000000000,134.00000000000000,0.0000000000000000
86.000000000000000,134.00000000000000,0.0000000000000000
87.000000000000000,134.00000000000000,0.0000000000000000
88.000000000000000,134.00000000000000,0.0000000000000000
89.000000000000000,134.00000000000000,0.0000000000000000
90.000000000000000,134.00000000000000,0.0000000000000000
91.000000000000000,134.00000000000000,0.0000000000000000
92.000000000000000,134.00000000000000,0.0000000000000000
93.000000000000000,134.00000000000000,0.0000000000000000
94.000000000000000,134.00000000000000,0.0000000000000000
95.000000000000000,134.00000000000000,0.0000000000000000
96.000000000000000,134.00000000000000,0.0000000000000000
97.000000000000000,134.00000000000000,0.0000000000000000
98.000000000000000,134.00000000000000,0.0000000000000000
99.000000000000000,134.00000000000000,0.0000000000000000
100.00000000000000,134.00000000000000,0.0000000000000000
101.00000000000000,134.00000000000000,0.0000000000000000
102.00000000000000,134.00000000000000,0.0000000000000000
103.00000000000000,134.00000000000000,0.0000000000000000
104.00000000000000,134.00000000000000,0.0000000000000000
105.00000000000000,134.00000000000000,0.0000000000000000
106.00000000000000,134.00000000000000,0.0000000000000000
107.00000000000000,134.00000000000000,0.0000000000000000
108.00000000000000,134.00000000000000,0.0000000000000000
109.00000000000000,134.00000000000000,0.0000000000000000
110.00000000000000,134.00000000000000,0.0000000000000000
111.00000000000000,134.00000000000000,0.0000000000000000
112.00000000000000,134.00000000000000,0.0000000000000000
113.00000000000000,134.00000000000000,0.0000000000000000
1.0000000000000000,135.00000000000000,0.0000000000000000
2.0000000000000000,135.00000000000000,0.0000000000000000
3.0000000000000000,135.00000000000000,0.0000000000000000
4.0000000000000000,135.00000000000000,0.0000000000000000
5.0000000000000000,135.00000000000000,0.0000000000000000
6.0000000000000000,135.00000000000000,0.0000000000000000
7.0000000000000000,135.00000000000000,0.0000000000000000
8.0000000000000000,135.00000000000000,0.0000000000000000
9.0000000000000000,135.00000000000000,0.0000000000000000
10.000000000000000,135.00000000000000,0.0000000000000000
11.000000000000000,135.00000000000000,0.0000000000000000
12.000000000000000,135.00000000000000,0.0000000000000000
13.000000000000000,135.00000000000000,0.0000000000000000
14.000000000000000,135.00000000000000,0.0000000000000000
15.000000000000000,135.00000000000000,0.0000000000000000
16.000000000000000,135.00000000000000,0.0000000000000000
17.000000000000000,135.00000000000000,0.0000000000000000
18.000000000000000,135.00000000000000,0.0000000000000000
19.000000000000000,135.00000000000000,0.0000000000000000
20.000000000000000,135.00000000000000,0.0000000000000000
21.000000000000000,135.00000000000000,0.0000000000000000
22.000000000000000,135.00000000000000,0.0000000000000000
23.000000000000000,135.00000000000000,0.0000000000000000
24.000000000000000,135.00000000000000,0.0000000000000000
25.000000000000000,135.00000000000000,0.0000000000000000
26.000000000000000,135.00000000000000,0.0000000000000000
27.000000000000000,135.00000000000000,0.0000000000000000
28.000000000000000,135.00000000000000,0.0000000000000000
29.000000000000000,135.00000000000000,0.0000000000000000
30.000000000000000,135.00000000000000,0.0000000000000000
31.000000000000000,135.00000000000000,0.0000000000000000
32.000000000000000,135.00000000000000,0.0000000000000000
33.000000000000000,135.00000000000000,0.0000000000000000
34.000000000000000,135.00000000000000,0.0000000000000000
35.000000000000000,135.00000000000000,0.0000000000000000
36.000000000000000,135.00000000000000,0.0000000000000000
37.000000000000000,135.00000000000000,0.0000000000000000
38.000000000000000,135.00000000000000,0.0000000000000000
39.000000000000000,135.00000000000000,0.0000000000000000
40.000000000000000,135.00000000000000,0.0000000000000000
41.000000000000000,135.00000000000000,0.0000000000000000
42.000000000000000,135.00000000000000,0.0000000000000000
43.000000000000000,135.00000000000000,0.0000000000000000
44.000000000000000,135.00000000000000,0.0000000000000000
45.000000000000000,135.00000000000000,0.0000000000000000
46.000000000000000,135.00000000000000,0.0000000000000000
47.000000000000000,135.00000000000000,0.0000000000000000
48.000000000000000,135.00000000000000,0.0000000000000000
49.000000000000000,135.00000000000000,0.0000000000000000
50.000000000000000,135.00000000000000,0.0000000000000000
51.000000000000000,135.00000000000000,0.0000000000000000
52.000000000000000,135.00000000000000,0.0000000000000000
53.000000000000000,135.00000000000000,0.0000000000000000
54.000000000000000,135.00000000000000,0.0000000000000000
55.000000000000000,135.00000000000000,0.0000000000000000
56.000000000000000,135.00000000000000,0.0000000000000000
57.000000000000000,135.00000000000000,0.0000000000000000
58.000000000000000,135.00000000000000,0.0000000000000000
59.000000000000000,135.00000000000000,0.0000000000000000
60.000000000000000,135.00000000000000,0.0000000000000000
61.000000000000000,135.00000000000000,0.0000000000000000
62.000000000000000,135.00000000000000,0.0000000000000000
63.000000000000000,135.00000000000000,0.0000000000000000
64.000000000000000,135.00000000000000,0.0000000000000000
65.000000000000000,135.00000000000000,0.0000000000000000
66.000000000000000,135.00000000000000,0.0000000000000000
67.000000000000000,135.00000000000000,0.0000000000000000
68.000000000000000,135.00000000000000,0.0000000000000000
69.000000000000000,135.00000000000000,0.0000000000000000
70.000000000000000,135.00000000000000,0.0000000000000000
71.000000000000000,135.00000000000000,0.0000000000000000
72.000000000000000,135.00000000000000,0.0000000000000000
73.000000000000000,135.00000000000000,0.0000000000000000
74.000000000000000,135.00000000000000,0.0000000000000000
75.000000000000000,135.00000000000000,0.0000000000000000
76.000000000000000,135.00000000000000,0.0000000000000000
77.000000000000000,135.00000000000000,0.0000000000000000
78.000000000000000,135.00000000000000,0.0000000000000000
79.000000000000000,135.00000000000000,0.0000000000000000
80.000000000000000,135.00000000000000,0.0000000000000000
81.000000000000000,135.00000000000000,0.0000000000000000
82.000000000000000,135.00000000000000,0.0000000000000000
83.000000000000000,135.00000000000000,0.0000000000000000
84.000000000000000,135.00000000000000,0.0000000000000000
85.000000000000000,135.00000000000000,0.0000000000000000
86.000000000000000,135.00000000000000,0.0000000000000000
87.000000000000000,135.00000000000000,0.0000000000000000
88.000000000000000,135.00000000000000,0.0000000000000000
89.000000000000000,135.00000000000000,0.0000000000000000
90.000000000000000,135.00000000000000,0.0000000000000000
91.000000000000000,135.00000000000000,0.0000000000000000
92.000000000000000,135.00000000000000,0.0000000000000000
93.000000000000000,135.00000000000000,0.0000000000000000
94.000000000000000,135.00000000000000,0.0000000000000000
95.000000000000000,135.00000000000000,0.0000000000000000
96.000000000000000,135.00000000000000,0.0000000000000000
97.000000000000000,135.00000000000000,0.0000000000000000
98.000000000000000,135.00000000000000,0.0000000000000000
99.000000000000000,135.00000000000000,0.0000000000000000
100.00000000000000,135.00000000000000,0.0000000000000000
101.00000000000000,135.00000000000000,0.0000000000000000
102.00000000000000,135.00000000000000,0.0000000000000000
103.00000000000000,135.00000000000000,0.0000000000000000
104.00000000000000,135.00000000000000,0.0000000000000000
105.00000000000000,135.00000000000000,0.0000000000000000
106.00000000000000,135.00000000000000,0.0000000000000000
107.00000000000000,135.00000000000000,0.0000000000000000
108.00000000000000,135.00000000000000,0.0000000000000000
109.00000000000000,135.00000000000000,0.0000000000000000
110.00000000000000,135.00000000000000,0.0000000000000000
111.00000000000000,135.00000000000000,0.0000000000000000
112.00000000000000,135.00000000000000,0.0000000000000000
113.00000000000000,135.00000000000000,0.0000000000000000
1.0000000000000000,136.00000000000000,0.0000000000000000
2.0000000000000000,136.00000000000000,0.0000000000000000
3.0000000000000000,136.00000000000000,0.0000000000000000
4.0000000000000000,136.00000000000000,0.0000000000000000
5.0000000000000000,136.00000000000000,0.0000000000000000
6.0000000000000000,136.00000000000000,0.0000000000000000
7.0000000000000000,136.00000000000000,0.0000000000000000
8.0000000000000000,136.00000000000000,0.0000000000000000
9.0000000000000000,136.00000000000000,0.0000000000000000
10.000000000000000,136.00000000000000,0.0000000000000000
11.000000000000000,136.00000000000000,0.0000000000000000
12.000000000000000,136.00000000000000,0.0000000000000000
13.000000000000000,136.00000000000000,0.0000000000000000
14.000000000000000,136.00000000000000,0.0000000000000000
15.000000000000000,136.00000000000000,0.0000000000000000
16.000000000000000,136.00000000000000,0.0000000000000000
17.000000000000000,136.00000000000000,0.0000000000000000
18.000000000000000,136.00000000000000,0.0000000000000000
19.000000000000000,136.00000000000000,0.0000000000000000
20.000000000000000,136.00000000000000,0.0000000000000000
21.000000000000000,136.00000000000000,0.0000000000000000
22.000000000000000,136.00000000000000,0.0000000000000000
23.000000000000000,136.00000000000000,0.0000000000000000
24.000000000000000,136.00000000000000,0.0000000000000000
25.000000000000000,136.00000000000000,0.0000000000000000
26.000000000000000,136.00000000000000,0.0000000000000000
27.000000000000000,136.00000000000000,0.0000000000000000
28.000000000000000,136.00000000000000,0.0000000000000000
29.000000000000000,136.00000000000000,0.0000000000000000
30.000000000000000,136.00000000000000,0.0000000000000000
31.000000000000000,136.00000000000000,0.0000000000000000
32.000000000000000,136.00000000000000,0.0000000000000000
33.000000000000000,136.00000000000000,0.0000000000000000
34.000000000000000,136.00000000000000,0.0000000000000000
35.000000000000000,136.00000000000000,0.0000000000000000
36.000000000000000,136.00000000000000,0.0000000000000000
37.000000000000000,136.00000000000000,0.0000000000000000
38.000000000000000,136.00000000000000,0.0000000000000000
39.000000000000000,136.00000000000000,0.0000000000000000
40.000000000000000,136.00000000000000,0.0000000000000000
41.000000000000000,136.00000000000000,0.0000000000000000
42.000000000000000,136.00000000000000,0.0000000000000000
43.000000000000000,136.00000000000000,0.0000000000000000
44.000000000000000,136.00000000000000,0.0000000000000000
45.000000000000000,136.00000000000000,0.0000000000000000
46.000000000000000,136.00000000000000,0.0000000000000000
47.000000000000000,136.00000000000000,0.0000000000000000
48.000000000000000,136.00000000000000,0.0000000000000000
49.000000000000000,136.00000000000000,0.0000000000000000
50.000000000000000,136.00000000000000,0.0000000000000000
51.000000000000000,136.00000000000000,0.0000000000000000
52.000000000000000,136.00000000000000,0.0000000000000000
53.000000000000000,136.00000000000000,0.0000000000000000
54.000000000000000,136.00000000000000,0.0000000000000000
55.000000000000000,136.00000000000000,0.0000000000000000
56.000000000000000,136.00000000000000,0.0000000000000000
57.000000000000000,136.00000000000000,0.0000000000000000
58.000000000000000,136.00000000000000,0.0000000000000000
59.000000000000000,136.00000000000000,0.0000000000000000
60.000000000000000,136.00000000000000,0.0000000000000000
61.000000000000000,136.00000000000000,0.0000000000000000
62.000000000000000,136.00000000000000,0.0000000000000000
63.000000000000000,136.00000000000000,0.0000000000000000
64.000000000000000,136.00000000000000,0.0000000000000000
65.000000000000000,136.00000000000000,0.0000000000000000
66.000000000000000,136.00000000000000,0.0000000000000000
67.000000000000000,136.00000000000000,0.0000000000000000
68.000000000000000,136.00000000000000,0.0000000000000000
69.000000000000000,136.00000000000000,0.0000000000000000
70.000000000000000,136.00000000000000,0.0000000000000000
71.000000000000000,136.00000000000000,0.0000000000000000
72.000000000000000,136.00000000000000,0.0000000000000000
73.000000000000000,136.00000000000000,0.0000000000000000
74.000000000000000,136.00000000000000,0.0000000000000000
75.000000000000000,136.00000000000000,0.0000000000000000
76.000000000000000,136.00000000000000,0.0000000000000000
77.000000000000000,136.00000000000000,0.0000000000000000
78.000000000000000,136.00000000000000,0.0000000000000000
79.000000000000000,136.00000000000000,0.0000000000000000
80.000000000000000,136.00000000000000,0.0000000000000000
81.000000000000000,136.00000000000000,0.0000000000000000
82.000000000000000,136.00000000000000,0.0000000000000000
83.000000000000000,136.00000000000000,0.0000000000000000
84.000000000000000,136.00000000000000,0.0000000000000000
85.000000000000000,136.00000000000000,0.0000000000000000
86.000000000000000,136.00000000000000,0.0000000000000000
87.000000000000000,136.00000000000000,0.0000000000000000
88.000000000000000,136.00000000000000,0.0000000000000000
89.000000000000000,136.00000000000000,0.0000000000000000
90.000000000000000,136.00000000000000,0.0000000000000000
91.000000000000000,136.00000000000000,0.0000000000000000
92.000000000000000,136.00000000000000,0.0000000000000000
93.000000000000000,136.00000000000000,0.0000000000000000
94.000000000000000,136.00000000000000,0.0000000000000000
95.000000000000000,136.00000000000000,0.0000000000000000
96.000000000000000,136.00000000000000,0.0000000000000000
97.000000000000000,136.00000000000000,0.0000000000000000
98.000000000000000,136.00000000000000,0.0000000000000000
99.000000000000000,136.00000000000000,0.0000000000000000
100.00000000000000,136.00000000000000,0.0000000000000000
101.00000000000000,136.00000000000000,0.0000000000000000
102.00000000000000,136.00000000000000,0.0000000000000000
103.00000000000000,136.00000000000000,0.0000000000000000
104.00000000000000,136.00000000000000,0.0000000000000000
105.00000000000000,136.00000000000000,0.0000000000000000
106.00000000000000,136.00000000000000,0.0000000000000000
107.00000000000000,136.00000000000000,0.0000000000000000
108.00000000000000,136.00000000000000,0.0000000000000000
109.00000000000000,136.00000000000000,0.0000000000000000
110.00000000000000,136.00000000000000,0.0000000000000000
111.00000000000000,136.00000000000000,0.0000000000000000
112.00000000000000,136.00000000000000,0.0000000000000000
113.00000000000000,136.00000000000000,0.0000000000000000
1.0000000000000000,137.00000000000000,0.0000000000000000
2.0000000000000000,137.00000000000000,0.0000000000000000
3.0000000000000000,137.00000000000000,0.0000000000000000
4.0000000000000000,137.00000000000000,0.0000000000000000
5.0000000000000000,137.00000000000000,0.0000000000000000
6.0000000000000000,137.00000000000000,0.0000000000000000
7.0000000000000000,137.00000000000000,0.0000000000000000
8.0000000000000000,137.00000000000000,0.0000000000000000
9.0000000000000000,137.00000000000000,0.0000000000000000
10.000000000000000,137.00000000000000,0.0000000000000000
11.000000000000000,137.00000000000000,0.0000000000000000
12.000000000000000,137.00000000000000,0.0000000000000000
13.000000000000000,137.00000000000000,0.0000000000000000
14.000000000000000,137.00000000000000,0.0000000000000000
15.000000000000000,137.00000000000000,0.0000000000000000
16.000000000000000,137.00000000000000,0.0000000000000000
17.000000000000000,137.00000000000000,0.0000000000000000
18.000000000000000,137.00000000000000,0.0000000000000000
19.000000000000000,137.00000000000000,0.0000000000000000
20.000000000000000,137.00000000000000,0.0000000000000000
21.000000000000000,137.00000000000000,0.0000000000000000
22.000000000000000,137.00000000000000,0.0000000000000000
23.000000000000000,137.00000000000000,0.0000000000000000
24.000000000000000,137.00000000000000,0.0000000000000000
25.000000000000000,137.00000000000000,0.0000000000000000
26.000000000000000,137.00000000000000,0.0000000000000000
27.000000000000000,137.00000000000000,0.0000000000000000
28.000000000000000,137.00000000000000,0.0000000000000000
29.000000000000000,137.00000000000000,0.0000000000000000
30.000000000000000,137.00000000000000,0.0000000000000000
31.000000000000000,137.00000000000000,0.0000000000000000
32.000000000000000,137.00000000000000,0.0000000000000000
33.000000000000000,137.00000000000000,0.0000000000000000
34.000000000000000,137.00000000000000,0.0000000000000000
35.000000000000000,137.00000000000000,0.0000000000000000
36.000000000000000,137.00000000000000,0.0000000000000000
37.000000000000000,137.00000000000000,0.0000000000000000
38.000000000000000,137.00000000000000,0.0000000000000000
39.000000000000000,137.00000000000000,0.0000000000000000
40.000000000000000,137.00000000000000,0.0000000000000000
41.000000000000000,137.00000000000000,0.0000000000000000
42.000000000000000,137.00000000000000,0.0000000000000000
43.000000000000000,137.00000000000000,0.0000000000000000
44.000000000000000,137.00000000000000,0.0000000000000000
45.000000000000000,137.00000000000000,0.0000000000000000
46.000000000000000,137.00000000000000,0.0000000000000000
47.000000000000000,137.00000000000000,0.0000000000000000
48.000000000000000,137.00000000000000,0.0000000000000000
49.000000000000000,137.00000000000000,0.0000000000000000
50.000000000000000,137.00000000000000,0.0000000000000000
51.000000000000000,137.00000000000000,0.0000000000000000
52.000000000000000,137.00000000000000,0.0000000000000000
53.000000000000000,137.00000000000000,0.0000000000000000
54.000000000000000,137.00000000000000,0.0000000000000000
55.000000000000000,137.00000000000000,0.0000000000000000
56.000000000000000,137.00000000000000,0.0000000000000000
57.000000000000000,137.00000000000000,0.0000000000000000
58.000000000000000,137.00000000000000,0.0000000000000000
59.000000000000000,137.00000000000000,0.0000000000000000
60.000000000000000,137.00000000000000,0.0000000000000000
61.000000000000000,137.00000000000000,0.0000000000000000
62.000000000000000,137.00000000000000,0.0000000000000000
63.000000000000000,137.00000000000000,0.0000000000000000
64.000000000000000,137.00000000000000,0.0000000000000000
65.000000000000000,137.00000000000000,0.0000000000000000
66.000000000000000,137.00000000000000,0.0000000000000000
67.000000000000000,137.00000000000000,0.0000000000000000
68.000000000000000,137.00000000000000,0.0000000000000000
69.000000000000000,137.00000000000000,0.0000000000000000
70.000000000000000,137.00000000000000,0.0000000000000000
71.000000000000000,137.00000000000000,0.0000000000000000
72.000000000000000,137.00000000000000,0.0000000000000000
73.000000000000000,137.00000000000000,0.0000000000000000
74.000000000000000,137.00000000000000,0.0000000000000000
75.000000000000000,137.00000000000000,0.0000000000000000
76.000000000000000,137.00000000000000,0.0000000000000000
77.000000000000000,137.00000000000000,0.0000000000000000
78.000000000000000,137.00000000000000,0.0000000000000000
79.000000000000000,137.00000000000000,0.0000000000000000
80.000000000000000,137.00000000000000,0.0000000000000000
81.000000000000000,137.00000000000000,0.0000000000000000
82.000000000000000,137.00000000000000,0.0000000000000000
83.000000000000000,137.00000000000000,0.0000000000000000
84.000000000000000,137.00000000000000,0.0000000000000000
85.000000000000000,137.00000000000000,0.0000000000000000
86.000000000000000,137.00000000000000,0.0000000000000000
87.000000000000000,137.00000000000000,0.0000000000000000
88.000000000000000,137.00000000000000,0.0000000000000000
89.000000000000000,137.00000000000000,0.0000000000000000
90.000000000000000,137.00000000000000,0.0000000000000000
91.000000000000000,137.00000000000000,0.0000000000000000
92.000000000000000,137.00000000000000,0.0000000000000000
93.000000000000000,137.00000000000000,0.0000000000000000
94.000000000000000,137.00000000000000,0.0000000000000000
95.000000000000000,137.00000000000000,0.0000000000000000
96.000000000000000,137.00000000000000,0.0000000000000000
97.000000000000000,137.00000000000000,0.0000000000000000
98.000000000000000,137.00000000000000,0.0000000000000000
99.000000000000000,137.00000000000000,0.0000000000000000
100.00000000000000,137.00000000000000,0.0000000000000000
101.00000000000000,137.00000000000000,0.0000000000000000
102.00000000000000,137.00000000000000,0.0000000000000000
103.00000000000000,137.00000000000000,0.0000000000000000
104.00000000000000,137.00000000000000,0.0000000000000000
105.00000000000000,137.00000000000000,0.0000000000000000
106.00000000000000,137.00000000000000,0.0000000000000000
107.00000000000000,137.00000000000000,0.0000000000000000
108.00000000000000,137.00000000000000,0.0000000000000000
109.00000000000000,137.00000000000000,0.0000000000000000
110.00000000000000,137.00000000000000,0.0000000000000000
111.00000000000000,137.00000000000000,0.0000000000000000
112.00000000000000,137.00000000000000,0.0000000000000000
113.00000000000000,137.00000000000000,0.0000000000000000
1.0000000000000000,138.00000000000000,0.0000000000000000
2.0000000000000000,138.00000000000000,0.0000000000000000
3.0000000000000000,138.00000000000000,0.0000000000000000
4.0000000000000000,138.00000000000000,0.0000000000000000
5.0000000000000000,138.00000000000000,0.0000000000000000
6.0000000000000000,138.00000000000000,0.0000000000000000
7.0000000000000000,138.00000000000000,0.0000000000000000
8.0000000000000000,138.00000000000000,0.0000000000000000
9.0000000000000000,138.00000000000000,0.0000000000000000
10.000000000000000,138.00000000000000,0.0000000000000000
11.000000000000000,138.00000000000000,0.0000000000000000
12.000000000000000,138.00000000000000,0.0000000000000000
13.000000000000000,138.00000000000000,0.0000000000000000
14.000000000000000,138.00000000000000,0.0000000000000000
15.000000000000000,138.00000000000000,0.0000000000000000
16.000000000000000,138.00000000000000,0.0000000000000000
17.000000000000000,138.00000000000000,0.0000000000000000
18.000000000000000,138.00000000000000,0.0000000000000000
19.000000000000000,138.00000000000000,0.0000000000000000
20.000000000000000,138.00000000000000,0.0000000000000000
21.000000000000000,138.00000000000000,0.0000000000000000
22.000000000000000,138.00000000000000,0.0000000000000000
23.000000000000000,138.00000000000000,0.0000000000000000
24.000000000000000,138.00000000000000,0.0000000000000000
25.000000000000000,138.00000000000000,0.0000000000000000
26.000000000000000,138.00000000000000,0.0000000000000000
27.000000000000000,138.00000000000000,0.0000000000000000
28.000000000000000,138.00000000000000,0.0000000000000000
29.000000000000000,138.00000000000000,0.0000000000000000
30.000000000000000,138.00000000000000,0.0000000000000000
31.000000000000000,138.00000000000000,0.0000000000000000
32.000000000000000,138.00000000000000,0.0000000000000000
33.000000000000000,138.00000000000000,0.0000000000000000
34.000000000000000,138.00000000000000,0.0000000000000000
35.000000000000000,138.00000000000000,0.0000000000000000
36.000000000000000,138.00000000000000,0.0000000000000000
37.000000000000000,138.00000000000000,0.0000000000000000
38.000000000000000,138.00000000000000,0.0000000000000000
39.000000000000000,138.00000000000000,0.0000000000000000
40.000000000000000,138.00000000000000,0.0000000000000000
41.000000000000000,138.00000000000000,0.0000000000000000
42.000000000000000,138.00000000000000,0.0000000000000000
43.000000000000000,138.00000000000000,0.0000000000000000
44.000000000000000,138.00000000000000,0.0000000000000000
45.000000000000000,138.00000000000000,0.0000000000000000
46.000000000000000,138.00000000000000,0.0000000000000000
47.000000000000000,138.00000000000000,0.0000000000000000
48.000000000000000,138.00000000000000,0.0000000000000000
49.000000000000000,138.00000000000000,0.0000000000000000
50.000000000000000,138.00000000000000,0.0000000000000000
51.000000000000000,138.00000000000000,0.0000000000000000
52.000000000000000,138.00000000000000,0.0000000000000000
53.000000000000000,138.00000000000000,0.0000000000000000
54.000000000000000,138.00000000000000,0.0000000000000000
55.000000000000000,138.00000000000000,0.0000000000000000
56.000000000000000,138.00000000000000,0.0000000000000000
57.000000000000000,138.00000000000000,0.0000000000000000
58.000000000000000,138.00000000000000,0.0000000000000000
59.000000000000000,138.00000000000000,0.0000000000000000
60.000000000000000,138.00000000000000,0.0000000000000000
61.000000000000000,138.00000000000000,0.0000000000000000
62.000000000000000,138.00000000000000,0.0000000000000000
63.000000000000000,138.00000000000000,0.0000000000000000
64.000000000000000,138.00000000000000,0.0000000000000000
65.000000000000000,138.00000000000000,0.0000000000000000
66.000000000000000,138.00000000000000,0.0000000000000000
67.000000000000000,138.00000000000000,0.0000000000000000
68.000000000000000,138.00000000000000,0.0000000000000000
69.000000000000000,138.00000000000000,0.0000000000000000
70.000000000000000,138.00000000000000,0.0000000000000000
71.000000000000000,138.00000000000000,0.0000000000000000
72.000000000000000,138.00000000000000,0.0000000000000000
73.000000000000000,138.00000000000000,0.0000000000000000
74.000000000000000,138.00000000000000,0.0000000000000000
75.000000000000000,138.00000000000000,0.0000000000000000
76.000000000000000,138.00000000000000,0.0000000000000000
77.000000000000000,138.00000000000000,0.0000000000000000
78.000000000000000,138.00000000000000,0.0000000000000000
79.000000000000000,138.00000000000000,0.0000000000000000
80.000000000000000,138.00000000000000,0.0000000000000000
81.000000000000000,138.00000000000000,0.0000000000000000
82.000000000000000,138.00000000000000,0.0000000000000000
83.000000000000000,138.00000000000000,0.0000000000000000
84.000000000000000,138.00000000000000,0.0000000000000000
85.000000000000000,138.00000000000000,0.0000000000000000
86.000000000000000,138.00000000000000,0.0000000000000000
87.000000000000000,138.00000000000000,0.0000000000000000
88.000000000000000,138.00000000000000,0.0000000000000000
89.000000000000000,138.00000000000000,0.0000000000000000
90.000000000000000,138.00000000000000,0.0000000000000000
91.000000000000000,138.00000000000000,0.0000000000000000
92.000000000000000,138.00000000000000,0.0000000000000000
93.000000000000000,138.00000000000000,0.0000000000000000
94.000000000000000,138.00000000000000,0.0000000000000000
95.000000000000000,138.00000000000000,0.0000000000000000
96.000000000000000,138.00000000000000,0.0000000000000000
97.000000000000000,138.00000000000000,0.0000000000000000
98.000000000000000,138.00000000000000,0.0000000000000000
99.000000000000000,138.00000000000000,0.0000000000000000
100.00000000000000,138.00000000000000,0.0000000000000000
101.00000000000000,138.00000000000000,0.0000000000000000
102.00000000000000,138.00000000000000,0.0000000000000000
103.00000000000000,138.00000000000000,0.0000000000000000
104.00000000000000,138.00000000000000,0.0000000000000000
105.00000000000000,138.00000000000000,0.0000000000000000
106.00000000000000,138.00000000000000,0.0000000000000000
107.00000000000000,138.00000000000000,0.0000000000000000
108.00000000000000,138.00000000000000,0.0000000000000000
109.00000000000000,138.00000000000000,0.0000000000000000
110.00000000000000,138.00000000000000,0.0000000000000000
111.00000000000000,138.00000000000000,0.0000000000000000
112.00000000000000,138.00000000000000,0.0000000000000000
113.00000000000000,138.00000000000000,0.0000000000000000
1.0000000000000000,139.00000000000000,0.0000000000000000
2.0000000000000000,139.00000000000000,0.0000000000000000
3.0000000000000000,139.00000000000000,0.0000000000000000
4.0000000000000000,139.00000000000000,0.0000000000000000
5.0000000000000000,139.00000000000000,0.0000000000000000
6.0000000000000000,139.00000000000000,0.0000000000000000
7.0000000000000000,139.00000000000000,0.0000000000000000
8.0000000000000000,139.00000000000000,0.0000000000000000
9.0000000000000000,139.00000000000000,0.0000000000000000
10.000000000000000,139.00000000000000,0.0000000000000000
11.000000000000000,139.00000000000000,0.0000000000000000
12.000000000000000,139.00000000000000,0.0000000000000000
13.000000000000000,139.00000000000000,0.0000000000000000
14.000000000000000,139.00000000000000,0.0000000000000000
15.000000000000000,139.00000000000000,0.0000000000000000
16.000000000000000,139.00000000000000,0.0000000000000000
17.000000000000000,139.00000000000000,0.0000000000000000
18.000000000000000,139.00000000000000,0.0000000000000000
19.000000000000000,139.00000000000000,0.0000000000000000
20.000000000000000,139.00000000000000,0.0000000000000000
21.000000000000000,139.00000000000000,0.0000000000000000
22.000000000000000,139.00000000000000,0.0000000000000000
23.000000000000000,139.00000000000000,0.0000000000000000
24.000000000000000,139.00000000000000,0.0000000000000000
25.000000000000000,139.00000000000000,0.0000000000000000
26.000000000000000,139.00000000000000,0.0000000000000000
27.000000000000000,139.00000000000000,0.0000000000000000
28.000000000000000,139.00000000000000,0.0000000000000000
29.000000000000000,139.00000000000000,0.0000000000000000
30.000000000000000,139.00000000000000,0.0000000000000000
31.000000000000000,139.00000000000000,0.0000000000000000
32.000000000000000,139.00000000000000,0.0000000000000000
33.000000000000000,139.00000000000000,0.0000000000000000
34.000000000000000,139.00000000000000,0.0000000000000000
35.000000000000000,139.00000000000000,0.0000000000000000
36.000000000000000,139.00000000000000,0.0000000000000000
37.000000000000000,139.00000000000000,0.0000000000000000
38.000000000000000,139.00000000000000,0.0000000000000000
39.000000000000000,139.00000000000000,0.0000000000000000
40.000000000000000,139.00000000000000,0.0000000000000000
41.000000000000000,139.00000000000000,0.0000000000000000
42.000000000000000,139.00000000000000,0.0000000000000000
43.000000000000000,139.00000000000000,0.0000000000000000
44.000000000000000,139.00000000000000,0.0000000000000000
45.000000000000000,139.00000000000000,0.0000000000000000
46.000000000000000,139.00000000000000,0.0000000000000000
47.000000000000000,139.00000000000000,0.0000000000000000
48.000000000000000,139.00000000000000,0.0000000000000000
49.000000000000000,139.00000000000000,0.0000000000000000
50.000000000000000,139.00000000000000,0.0000000000000000
51.000000000000000,139.00000000000000,0.0000000000000000
52.000000000000000,139.00000000000000,0.0000000000000000
53.000000000000000,139.00000000000000,0.0000000000000000
54.000000000000000,139.00000000000000,0.0000000000000000
55.000000000000000,139.00000000000000,0.0000000000000000
56.000000000000000,139.00000000000000,0.0000000000000000
57.000000000000000,139.00000000000000,0.0000000000000000
58.000000000000000,139.00000000000000,0.0000000000000000
59.000000000000000,139.00000000000000,0.0000000000000000
60.000000000000000,139.00000000000000,0.0000000000000000
61.000000000000000,139.00000000000000,0.0000000000000000
62.000000000000000,139.00000000000000,0.0000000000000000
63.000000000000000,139.00000000000000,0.0000000000000000
64.000000000000000,139.00000000000000,0.0000000000000000
65.000000000000000,139.00000000000000,0.0000000000000000
66.000000000000000,139.00000000000000,0.0000000000000000
67.000000000000000,139.00000000000000,0.0000000000000000
68.000000000000000,139.00000000000000,0.0000000000000000
69.000000000000000,139.00000000000000,0.0000000000000000
70.000000000000000,139.00000000000000,0.0000000000000000
71.000000000000000,139.00000000000000,0.0000000000000000
72.000000000000000,139.00000000000000,0.0000000000000000
73.000000000000000,139.00000000000000,0.0000000000000000
74.000000000000000,139.00000000000000,0.0000000000000000
75.000000000000000,139.00000000000000,0.0000000000000000
76.000000000000000,139.00000000000000,0.0000000000000000
77.000000000000000,139.00000000000000,0.0000000000000000
78.000000000000000,139.00000000000000,0.0000000000000000
79.000000000000000,139.00000000000000,0.0000000000000000
80.000000000000000,139.00000000000000,0.0000000000000000
81.000000000000000,139.00000000000000,0.0000000000000000
82.000000000000000,139.00000000000000,0.0000000000000000
83.000000000000000,139.00000000000000,0.0000000000000000
84.000000000000000,139.00000000000000,0.0000000000000000
85.000000000000000,139.00000000000000,0.0000000000000000
86.000000000000000,139.00000000000000,0.0000000000000000
87.000000000000000,139.00000000000000,0.0000000000000000
88.000000000000000,139.00000000000000,0.0000000000000000
89.000000000000000,139.00000000000000,0.0000000000000000
90.000000000000000,139.00000000000000,0.0000000000000000
91.000000000000000,139.00000000000000,0.0000000000000000
92.000000000000000,139.00000000000000,0.0000000000000000
93.000000000000000,139.00000000000000,0.0000000000000000
94.000000000000000,139.00000000000000,0.0000000000000000
95.000000000000000,139.00000000000000,0.0000000000000000
96.000000000000000,139.00000000000000,0.0000000000000000
97.000000000000000,139.00000000000000,0.0000000000000000
98.000000000000000,139.00000000000000,0.0000000000000000
99.000000000000000,139.00000000000000,0.0000000000000000
100.00000000000000,139.00000000000000,0.0000000000000000
101.00000000000000,139.00000000000000,0.0000000000000000
102.00000000000000,139.00000000000000,0.0000000000000000
103.00000000000000,139.00000000000000,0.0000000000000000
104.00000000000000,139.00000000000000,0.0000000000000000
105.00000000000000,139.00000000000000,0.0000000000000000
106.00000000000000,139.00000000000000,0.0000000000000000
107.00000000000000,139.00000000000000,0.0000000000000000
108.00000000000000,139.00000000000000,0.0000000000000000
109.00000000000000,139.00000000000000,0.0000000000000000
110.00000000000000,139.00000000000000,0.0000000000000000
111.00000000000000,139.00000000000000,0.0000000000000000
112.00000000000000,139.00000000000000,0.0000000000000000
113.00000000000000,139.00000000000000,0.0000000000000000
1.0000000000000000,140.00000000000000,0.0000000000000000
2.0000000000000000,140.00000000000000,0.0000000000000000
3.0000000000000000,140.00000000000000,0.0000000000000000
4.0000000000000000,140.00000000000000,0.0000000000000000
5.0000000000000000,140.00000000000000,0.0000000000000000
6.0000000000000000,140.00000000000000,0.0000000000000000
7.0000000000000000,140.00000000000000,0.0000000000000000
8.0000000000000000,140.00000000000000,0.0000000000000000
9.0000000000000000,140.00000000000000,0.0000000000000000
10.000000000000000,140.00000000000000,0.0000000000000000
11.000000000000000,140.00000000000000,0.0000000000000000
12.000000000000000,140.00000000000000,0.0000000000000000
13.000000000000000,140.00000000000000,0.0000000000000000
14.000000000000000,140.00000000000000,0.0000000000000000
15.000000000000000,140.00000000000000,0.0000000000000000
16.000000000000000,140.00000000000000,0.0000000000000000
17.000000000000000,140.00000000000000,0.0000000000000000
18.000000000000000,140.00000000000000,0.0000000000000000
19.000000000000000,140.00000000000000,0.0000000000000000
20.000000000000000,140.00000000000000,0.0000000000000000
21.000000000000000,140.00000000000000,0.0000000000000000
22.000000000000000,140.00000000000000,0.0000000000000000
23.000000000000000,140.00000000000000,0.0000000000000000
24.000000000000000,140.00000000000000,0.0000000000000000
25.000000000000000,140.00000000000000,0.0000000000000000
26.000000000000000,140.00000000000000,0.0000000000000000
27.000000000000000,140.00000000000000,0.0000000000000000
28.000000000000000,140.00000000000000,0.0000000000000000
29.000000000000000,140.00000000000000,0.0000000000000000
30.000000000000000,140.00000000000000,0.0000000000000000
31.000000000000000,140.00000000000000,0.0000000000000000
32.000000000000000,140.00000000000000,0.0000000000000000
33.000000000000000,140.00000000000000,0.0000000000000000
34.000000000000000,140.00000000000000,0.0000000000000000
35.000000000000000,140.00000000000000,0.0000000000000000
36.000000000000000,140.00000000000000,0.0000000000000000
37.000000000000000,140.00000000000000,0.0000000000000000
38.000000000000000,140.00000000000000,0.0000000000000000
39.000000000000000,140.00000000000000,0.0000000000000000
40.000000000000000,140.00000000000000,0.0000000000000000
41.000000000000000,140.00000000000000,0.0000000000000000
42.000000000000000,140.00000000000000,0.0000000000000000
43.000000000000000,140.00000000000000,0.0000000000000000
44.000000000000000,140.00000000000000,0.0000000000000000
45.000000000000000,140.00000000000000,0.0000000000000000
46.000000000000000,140.00000000000000,0.0000000000000000
47.000000000000000,140.00000000000000,0.0000000000000000
48.000000000000000,140.00000000000000,0.0000000000000000
49.000000000000000,140.00000000000000,0.0000000000000000
50.000000000000000,140.00000000000000,0.0000000000000000
51.000000000000000,140.00000000000000,0.0000000000000000
52.000000000000000,140.00000000000000,0.0000000000000000
53.000000000000000,140.00000000000000,0.0000000000000000
54.000000000000000,140.00000000000000,0.0000000000000000
55.000000000000000,140.00000000000000,0.0000000000000000
56.000000000000000,140.00000000000000,0.0000000000000000
57.000000000000000,140.00000000000000,0.0000000000000000
58.000000000000000,140.00000000000000,0.0000000000000000
59.000000000000000,140.00000000000000,0.0000000000000000
60.000000000000000,140.00000000000000,0.0000000000000000
61.000000000000000,140.00000000000000,0.0000000000000000
62.000000000000000,140.00000000000000,0.0000000000000000
63.000000000000000,140.00000000000000,0.0000000000000000
64.000000000000000,140.00000000000000,0.0000000000000000
65.000000000000000,140.00000000000000,0.0000000000000000
66.000000000000000,140.00000000000000,0.0000000000000000
67.000000000000000,140.00000000000000,0.0000000000000000
68.000000000000000,140.00000000000000,0.0000000000000000
69.000000000000000,140.00000000000000,0.0000000000000000
70.000000000000000,140.00000000000000,0.0000000000000000
71.000000000000000,140.00000000000000,0.0000000000000000
72.000000000000000,140.00000000000000,0.0000000000000000
73.000000000000000,140.00000000000000,0.0000000000000000
74.000000000000000,140.00000000000000,0.0000000000000000
75.000000000000000,140.00000000000000,0.0000000000000000
76.000000000000000,140.00000000000000,0.0000000000000000
77.000000000000000,140.00000000000000,0.0000000000000000
78.000000000000000,140.00000000000000,0.0000000000000000
79.000000000000000,140.00000000000000,0.0000000000000000
80.000000000000000,140.00000000000000,0.0000000000000000
81.000000000000000,140.00000000000000,0.0000000000000000
82.000000000000000,140.00000000000000,0.0000000000000000
83.000000000000000,140.00000000000000,0.0000000000000000
84.000000000000000,140.00000000000000,0.0000000000000000
85.000000000000000,140.00000000000000,0.0000000000000000
86.000000000000000,140.00000000000000,0.0000000000000000
87.000000000000000,140.00000000000000,0.0000000000000000
88.000000000000000,140.00000000000000,0.0000000000000000
89.000000000000000,140.00000000000000,0.0000000000000000
90.000000000000000,140.00000000000000,0.0000000000000000
91.000000000000000,140.00000000000000,0.0000000000000000
92.000000000000000,140.00000000000000,0.0000000000000000
93.000000000000000,140.00000000000000,0.0000000000000000
94.000000000000000,140.00000000000000,0.0000000000000000
95.000000000000000,140.00000000000000,0.0000000000000000
96.000000000000000,140.00000000000000,0.0000000000000000
97.000000000000000,140.00000000000000,0.0000000000000000
98.000000000000000,140.00000000000000,0.0000000000000000
99.000000000000000,140.00000000000000,0.0000000000000000
100.00000000000000,140.00000000000000,0.0000000000000000
101.00000000000000,140.00000000000000,0.0000000000000000
102.00000000000000,140.00000000000000,0.0000000000000000
103.00000000000000,140.00000000000000,0.0000000000000000
104.00000000000000,140.00000000000000,0.0000000000000000
105.00000000000000,140.00000000000000,0.0000000000000000
106.00000000000000,140.00000000000000,0.0000000000000000
107.00000000000000,140.00000000000000,0.0000000000000000
108.00000000000000,140.00000000000000,0.0000000000000000
109.00000000000000,140.00000000000000,0.0000000000000000
110.00000000000000,140.00000000000000,0.0000000000000000
111.00000000000000,140.00000000000000,0.0000000000000000
112.00000000000000,140.00000000000000,0.0000000000000000
113.00000000000000,140.00000000000000,0.0000000000000000
