1.0000000000000000,1.0000000000000000,0.0000000000000000
2.0000000000000000,1.0000000000000000,0.0000000000000000
3.0000000000000000,1.0000000000000000,0.0000000000000000
4.0000000000000000,1.0000000000000000,0.0000000000000000
5.0000000000000000,1.0000000000000000,0.0000000000000000
6.0000000000000000,1.0000000000000000,0.0000000000000000
7.0000000000000000,1.0000000000000000,0.0000000000000000
8.0000000000000000,1.0000000000000000,0.0000000000000000
9.0000000000000000,1.0000000000000000,0.0000000000000000
10.000000000000000,1.0000000000000000,0.0000000000000000
11.000000000000000,1.0000000000000000,0.0000000000000000
12.000000000000000,1.0000000000000000,0.0000000000000000
13.000000000000000,1.0000000000000000,0.0000000000000000
14.000000000000000,1.0000000000000000,0.0000000000000000
15.000000000000000,1.0000000000000000,0.0000000000000000
16.000000000000000,1.0000000000000000,0.0000000000000000
17.000000000000000,1.0000000000000000,0.0000000000000000
18.000000000000000,1.0000000000000000,0.0000000000000000
19.000000000000000,1.0000000000000000,0.0000000000000000
20.000000000000000,1.0000000000000000,0.0000000000000000
21.000000000000000,1.0000000000000000,0.0000000000000000
22.000000000000000,1.0000000000000000,0.0000000000000000
23.000000000000000,1.0000000000000000,0.0000000000000000
24.000000000000000,1.0000000000000000,0.0000000000000000
25.000000000000000,1.0000000000000000,0.0000000000000000
26.000000000000000,1.0000000000000000,0.0000000000000000
27.000000000000000,1.0000000000000000,0.0000000000000000
28.000000000000000,1.0000000000000000,0.0000000000000000
29.000000000000000,1.0000000000000000,0.0000000000000000
30.000000000000000,1.0000000000000000,0.0000000000000000
31.000000000000000,1.0000000000000000,0.0000000000000000
32.000000000000000,1.0000000000000000,0.0000000000000000
33.000000000000000,1.0000000000000000,0.0000000000000000
34.000000000000000,1.0000000000000000,0.0000000000000000
35.000000000000000,1.0000000000000000,0.0000000000000000
36.000000000000000,1.0000000000000000,0.0000000000000000
37.000000000000000,1.0000000000000000,0.0000000000000000
38.000000000000000,1.0000000000000000,0.0000000000000000
39.000000000000000,1.0000000000000000,0.0000000000000000
40.000000000000000,1.0000000000000000,0.0000000000000000
41.000000000000000,1.0000000000000000,0.0000000000000000
42.000000000000000,1.0000000000000000,0.0000000000000000
43.000000000000000,1.0000000000000000,0.0000000000000000
44.000000000000000,1.0000000000000000,0.0000000000000000
45.000000000000000,1.0000000000000000,0.0000000000000000
46.000000000000000,1.0000000000000000,0.0000000000000000
47.000000000000000,1.0000000000000000,0.0000000000000000
48.000000000000000,1.0000000000000000,0.0000000000000000
49.000000000000000,1.0000000000000000,0.0000000000000000
50.000000000000000,1.0000000000000000,0.0000000000000000
51.000000000000000,1.0000000000000000,0.0000000000000000
52.000000000000000,1.0000000000000000,0.0000000000000000
53.000000000000000,1.0000000000000000,0.0000000000000000
54.000000000000000,1.0000000000000000,0.0000000000000000
55.000000000000000,1.0000000000000000,0.0000000000000000
56.000000000000000,1.0000000000000000,0.0000000000000000
57.000000000000000,1.0000000000000000,0.0000000000000000
58.000000000000000,1.0000000000000000,0.0000000000000000
59.000000000000000,1.0000000000000000,0.0000000000000000
60.000000000000000,1.0000000000000000,0.0000000000000000
61.000000000000000,1.0000000000000000,0.0000000000000000
62.000000000000000,1.0000000000000000,0.0000000000000000
63.000000000000000,1.0000000000000000,0.0000000000000000
64.000000000000000,1.0000000000000000,0.0000000000000000
65.000000000000000,1.0000000000000000,0.0000000000000000
66.000000000000000,1.0000000000000000,0.0000000000000000
67.000000000000000,1.0000000000000000,0.0000000000000000
68.000000000000000,1.0000000000000000,0.0000000000000000
69.000000000000000,1.0000000000000000,0.0000000000000000
70.000000000000000,1.0000000000000000,0.0000000000000000
71.000000000000000,1.0000000000000000,0.0000000000000000
72.000000000000000,1.0000000000000000,0.0000000000000000
73.000000000000000,1.0000000000000000,0.0000000000000000
74.000000000000000,1.0000000000000000,0.0000000000000000
75.000000000000000,1.0000000000000000,0.0000000000000000
76.000000000000000,1.0000000000000000,0.0000000000000000
77.000000000000000,1.0000000000000000,0.0000000000000000
78.000000000000000,1.0000000000000000,0.0000000000000000
79.000000000000000,1.0000000000000000,0.0000000000000000
80.000000000000000,1.0000000000000000,0.0000000000000000
81.000000000000000,1.0000000000000000,0.0000000000000000
82.000000000000000,1.0000000000000000,0.0000000000000000
83.000000000000000,1.0000000000000000,0.0000000000000000
84.000000000000000,1.0000000000000000,0.0000000000000000
85.000000000000000,1.0000000000000000,0.0000000000000000
86.000000000000000,1.0000000000000000,0.0000000000000000
87.000000000000000,1.0000000000000000,0.0000000000000000
88.000000000000000,1.0000000000000000,0.0000000000000000
89.000000000000000,1.0000000000000000,0.0000000000000000
90.000000000000000,1.0000000000000000,0.0000000000000000
91.000000000000000,1.0000000000000000,0.0000000000000000
92.000000000000000,1.0000000000000000,0.0000000000000000
93.000000000000000,1.0000000000000000,0.0000000000000000
94.000000000000000,1.0000000000000000,0.0000000000000000
95.000000000000000,1.0000000000000000,0.0000000000000000
96.000000000000000,1.0000000000000000,0.0000000000000000
97.000000000000000,1.0000000000000000,0.0000000000000000
98.000000000000000,1.0000000000000000,0.0000000000000000
99.000000000000000,1.0000000000000000,0.0000000000000000
100.00000000000000,1.0000000000000000,0.0000000000000000
101.00000000000000,1.0000000000000000,0.0000000000000000
102.00000000000000,1.0000000000000000,0.0000000000000000
103.00000000000000,1.0000000000000000,0.0000000000000000
104.00000000000000,1.0000000000000000,0.0000000000000000
105.00000000000000,1.0000000000000000,0.0000000000000000
106.00000000000000,1.0000000000000000,0.0000000000000000
107.00000000000000,1.0000000000000000,0.0000000000000000
108.00000000000000,1.0000000000000000,0.0000000000000000
109.00000000000000,1.0000000000000000,0.0000000000000000
110.00000000000000,1.0000000000000000,0.0000000000000000
111.00000000000000,1.0000000000000000,0.0000000000000000
112.00000000000000,1.0000000000000000,0.0000000000000000
113.00000000000000,1.0000000000000000,0.0000000000000000
1.0000000000000000,2.0000000000000000,0.0000000000000000
2.0000000000000000,2.0000000000000000,0.0000000000000000
3.0000000000000000,2.0000000000000000,0.0000000000000000
4.0000000000000000,2.0000000000000000,0.0000000000000000
5.0000000000000000,2.0000000000000000,0.0000000000000000
6.0000000000000000,2.0000000000000000,0.0000000000000000
7.0000000000000000,2.0000000000000000,0.0000000000000000
8.0000000000000000,2.0000000000000000,0.0000000000000000
9.0000000000000000,2.0000000000000000,0.0000000000000000
10.000000000000000,2.0000000000000000,0.0000000000000000
11.000000000000000,2.0000000000000000,0.0000000000000000
12.000000000000000,2.0000000000000000,0.0000000000000000
13.000000000000000,2.0000000000000000,0.0000000000000000
14.000000000000000,2.0000000000000000,0.0000000000000000
15.000000000000000,2.0000000000000000,0.0000000000000000
16.000000000000000,2.0000000000000000,0.0000000000000000
17.000000000000000,2.0000000000000000,0.0000000000000000
18.000000000000000,2.0000000000000000,0.0000000000000000
19.000000000000000,2.0000000000000000,0.0000000000000000
20.000000000000000,2.0000000000000000,0.0000000000000000
21.000000000000000,2.0000000000000000,0.0000000000000000
22.000000000000000,2.0000000000000000,0.0000000000000000
23.000000000000000,2.0000000000000000,0.0000000000000000
24.000000000000000,2.0000000000000000,0.0000000000000000
25.000000000000000,2.0000000000000000,0.0000000000000000
26.000000000000000,2.0000000000000000,0.0000000000000000
27.000000000000000,2.0000000000000000,0.0000000000000000
28.000000000000000,2.0000000000000000,0.0000000000000000
29.000000000000000,2.0000000000000000,0.0000000000000000
30.000000000000000,2.0000000000000000,0.0000000000000000
31.000000000000000,2.0000000000000000,0.0000000000000000
32.000000000000000,2.0000000000000000,0.0000000000000000
33.000000000000000,2.0000000000000000,0.0000000000000000
34.000000000000000,2.0000000000000000,0.0000000000000000
35.000000000000000,2.0000000000000000,0.0000000000000000
36.000000000000000,2.0000000000000000,0.0000000000000000
37.000000000000000,2.0000000000000000,0.0000000000000000
38.000000000000000,2.0000000000000000,0.0000000000000000
39.000000000000000,2.0000000000000000,0.0000000000000000
40.000000000000000,2.0000000000000000,0.0000000000000000
41.000000000000000,2.0000000000000000,0.0000000000000000
42.000000000000000,2.0000000000000000,0.0000000000000000
43.000000000000000,2.0000000000000000,0.0000000000000000
44.000000000000000,2.0000000000000000,0.0000000000000000
45.000000000000000,2.0000000000000000,0.0000000000000000
46.000000000000000,2.0000000000000000,0.0000000000000000
47.000000000000000,2.0000000000000000,0.0000000000000000
48.000000000000000,2.0000000000000000,0.0000000000000000
49.000000000000000,2.0000000000000000,0.0000000000000000
50.000000000000000,2.0000000000000000,0.0000000000000000
51.000000000000000,2.0000000000000000,0.0000000000000000
52.000000000000000,2.0000000000000000,0.0000000000000000
53.000000000000000,2.0000000000000000,0.0000000000000000
54.000000000000000,2.0000000000000000,0.0000000000000000
55.000000000000000,2.0000000000000000,0.0000000000000000
56.000000000000000,2.0000000000000000,0.0000000000000000
57.000000000000000,2.0000000000000000,0.0000000000000000
58.000000000000000,2.0000000000000000,0.0000000000000000
59.000000000000000,2.0000000000000000,0.0000000000000000
60.000000000000000,2.0000000000000000,0.0000000000000000
61.000000000000000,2.0000000000000000,0.0000000000000000
62.000000000000000,2.0000000000000000,0.0000000000000000
63.000000000000000,2.0000000000000000,0.0000000000000000
64.000000000000000,2.0000000000000000,0.0000000000000000
65.000000000000000,2.0000000000000000,0.0000000000000000
66.000000000000000,2.0000000000000000,0.0000000000000000
67.000000000000000,2.0000000000000000,0.0000000000000000
68.000000000000000,2.0000000000000000,0.0000000000000000
69.000000000000000,2.0000000000000000,0.0000000000000000
70.000000000000000,2.0000000000000000,0.0000000000000000
71.000000000000000,2.0000000000000000,0.0000000000000000
72.000000000000000,2.0000000000000000,0.0000000000000000
73.000000000000000,2.0000000000000000,0.0000000000000000
74.000000000000000,2.0000000000000000,0.0000000000000000
75.000000000000000,2.0000000000000000,0.0000000000000000
76.000000000000000,2.0000000000000000,0.0000000000000000
77.000000000000000,2.0000000000000000,0.0000000000000000
78.000000000000000,2.0000000000000000,0.0000000000000000
79.000000000000000,2.0000000000000000,0.0000000000000000
80.000000000000000,2.0000000000000000,0.0000000000000000
81.000000000000000,2.0000000000000000,0.0000000000000000
82.000000000000000,2.0000000000000000,0.0000000000000000
83.000000000000000,2.0000000000000000,0.0000000000000000
84.000000000000000,2.0000000000000000,0.0000000000000000
85.000000000000000,2.0000000000000000,0.0000000000000000
86.000000000000000,2.0000000000000000,0.0000000000000000
87.000000000000000,2.0000000000000000,0.0000000000000000
88.000000000000000,2.0000000000000000,0.0000000000000000
89.000000000000000,2.0000000000000000,0.0000000000000000
90.000000000000000,2.0000000000000000,0.0000000000000000
91.000000000000000,2.0000000000000000,0.0000000000000000
92.000000000000000,2.0000000000000000,0.0000000000000000
93.000000000000000,2.0000000000000000,0.0000000000000000
94.000000000000000,2.0000000000000000,0.0000000000000000
95.000000000000000,2.0000000000000000,0.0000000000000000
96.000000000000000,2.0000000000000000,0.0000000000000000
97.000000000000000,2.0000000000000000,0.0000000000000000
98.000000000000000,2.0000000000000000,0.0000000000000000
99.000000000000000,2.0000000000000000,0.0000000000000000
100.00000000000000,2.0000000000000000,0.0000000000000000
101.00000000000000,2.0000000000000000,0.0000000000000000
102.00000000000000,2.0000000000000000,0.0000000000000000
103.00000000000000,2.0000000000000000,0.0000000000000000
104.00000000000000,2.0000000000000000,0.0000000000000000
105.00000000000000,2.0000000000000000,0.0000000000000000
106.00000000000000,2.0000000000000000,0.0000000000000000
107.00000000000000,2.0000000000000000,0.0000000000000000
108.00000000000000,2.0000000000000000,0.0000000000000000
109.00000000000000,2.0000000000000000,0.0000000000000000
110.00000000000000,2.0000000000000000,0.0000000000000000
111.00000000000000,2.0000000000000000,0.0000000000000000
112.00000000000000,2.0000000000000000,0.0000000000000000
113.00000000000000,2.0000000000000000,0.0000000000000000
1.0000000000000000,3.0000000000000000,0.0000000000000000
2.0000000000000000,3.0000000000000000,0.0000000000000000
3.0000000000000000,3.0000000000000000,0.0000000000000000
4.0000000000000000,3.0000000000000000,0.0000000000000000
5.0000000000000000,3.0000000000000000,0.0000000000000000
6.0000000000000000,3.0000000000000000,0.0000000000000000
7.0000000000000000,3.0000000000000000,0.0000000000000000
8.0000000000000000,3.0000000000000000,0.0000000000000000
9.0000000000000000,3.0000000000000000,0.0000000000000000
10.000000000000000,3.0000000000000000,0.0000000000000000
11.000000000000000,3.0000000000000000,0.0000000000000000
12.000000000000000,3.0000000000000000,0.0000000000000000
13.000000000000000,3.0000000000000000,0.0000000000000000
14.000000000000000,3.0000000000000000,0.0000000000000000
15.000000000000000,3.0000000000000000,0.0000000000000000
16.000000000000000,3.0000000000000000,0.0000000000000000
17.000000000000000,3.0000000000000000,0.0000000000000000
18.000000000000000,3.0000000000000000,0.0000000000000000
19.000000000000000,3.0000000000000000,0.0000000000000000
20.000000000000000,3.0000000000000000,0.0000000000000000
21.000000000000000,3.0000000000000000,0.0000000000000000
22.000000000000000,3.0000000000000000,0.0000000000000000
23.000000000000000,3.0000000000000000,0.0000000000000000
24.000000000000000,3.0000000000000000,0.0000000000000000
25.000000000000000,3.0000000000000000,0.0000000000000000
26.000000000000000,3.0000000000000000,0.0000000000000000
27.000000000000000,3.0000000000000000,0.0000000000000000
28.000000000000000,3.0000000000000000,0.0000000000000000
29.000000000000000,3.0000000000000000,0.0000000000000000
30.000000000000000,3.0000000000000000,0.0000000000000000
31.000000000000000,3.0000000000000000,0.0000000000000000
32.000000000000000,3.0000000000000000,0.0000000000000000
33.000000000000000,3.0000000000000000,0.0000000000000000
34.000000000000000,3.0000000000000000,0.0000000000000000
35.000000000000000,3.0000000000000000,0.0000000000000000
36.000000000000000,3.0000000000000000,0.0000000000000000
37.000000000000000,3.0000000000000000,0.0000000000000000
38.000000000000000,3.0000000000000000,0.0000000000000000
39.000000000000000,3.0000000000000000,0.0000000000000000
40.000000000000000,3.0000000000000000,0.0000000000000000
41.000000000000000,3.0000000000000000,0.0000000000000000
42.000000000000000,3.0000000000000000,0.0000000000000000
43.000000000000000,3.0000000000000000,0.0000000000000000
44.000000000000000,3.0000000000000000,0.0000000000000000
45.000000000000000,3.0000000000000000,0.0000000000000000
46.000000000000000,3.0000000000000000,0.0000000000000000
47.000000000000000,3.0000000000000000,0.0000000000000000
48.000000000000000,3.0000000000000000,0.0000000000000000
49.000000000000000,3.0000000000000000,0.0000000000000000
50.000000000000000,3.0000000000000000,0.0000000000000000
51.000000000000000,3.0000000000000000,0.0000000000000000
52.000000000000000,3.0000000000000000,0.0000000000000000
53.000000000000000,3.0000000000000000,0.0000000000000000
54.000000000000000,3.0000000000000000,0.0000000000000000
55.000000000000000,3.0000000000000000,0.0000000000000000
56.000000000000000,3.0000000000000000,0.0000000000000000
57.000000000000000,3.0000000000000000,0.0000000000000000
58.000000000000000,3.0000000000000000,0.0000000000000000
59.000000000000000,3.0000000000000000,0.0000000000000000
60.000000000000000,3.0000000000000000,0.0000000000000000
61.000000000000000,3.0000000000000000,0.0000000000000000
62.000000000000000,3.0000000000000000,0.0000000000000000
63.000000000000000,3.0000000000000000,0.0000000000000000
64.000000000000000,3.0000000000000000,0.0000000000000000
65.000000000000000,3.0000000000000000,0.0000000000000000
66.000000000000000,3.0000000000000000,0.0000000000000000
67.000000000000000,3.0000000000000000,0.0000000000000000
68.000000000000000,3.0000000000000000,0.0000000000000000
69.000000000000000,3.0000000000000000,0.0000000000000000
70.000000000000000,3.0000000000000000,0.0000000000000000
71.000000000000000,3.0000000000000000,0.0000000000000000
72.000000000000000,3.0000000000000000,0.0000000000000000
73.000000000000000,3.0000000000000000,0.0000000000000000
74.000000000000000,3.0000000000000000,0.0000000000000000
75.000000000000000,3.0000000000000000,0.0000000000000000
76.000000000000000,3.0000000000000000,0.0000000000000000
77.000000000000000,3.0000000000000000,0.0000000000000000
78.000000000000000,3.0000000000000000,0.0000000000000000
79.000000000000000,3.0000000000000000,0.0000000000000000
80.000000000000000,3.0000000000000000,0.0000000000000000
81.000000000000000,3.0000000000000000,0.0000000000000000
82.000000000000000,3.0000000000000000,0.0000000000000000
83.000000000000000,3.0000000000000000,0.0000000000000000
84.000000000000000,3.0000000000000000,0.0000000000000000
85.000000000000000,3.0000000000000000,0.0000000000000000
86.000000000000000,3.0000000000000000,0.0000000000000000
87.000000000000000,3.0000000000000000,0.0000000000000000
88.000000000000000,3.0000000000000000,0.0000000000000000
89.000000000000000,3.0000000000000000,0.0000000000000000
90.000000000000000,3.0000000000000000,0.0000000000000000
91.000000000000000,3.0000000000000000,0.0000000000000000
92.000000000000000,3.0000000000000000,0.0000000000000000
93.000000000000000,3.0000000000000000,0.0000000000000000
94.000000000000000,3.0000000000000000,0.0000000000000000
95.000000000000000,3.0000000000000000,0.0000000000000000
96.000000000000000,3.0000000000000000,0.0000000000000000
97.000000000000000,3.0000000000000000,0.0000000000000000
98.000000000000000,3.0000000000000000,0.0000000000000000
99.000000000000000,3.0000000000000000,0.0000000000000000
100.00000000000000,3.0000000000000000,0.0000000000000000
101.00000000000000,3.0000000000000000,0.0000000000000000
102.00000000000000,3.0000000000000000,0.0000000000000000
103.00000000000000,3.0000000000000000,0.0000000000000000
104.00000000000000,3.0000000000000000,0.0000000000000000
105.00000000000000,3.0000000000000000,0.0000000000000000
106.00000000000000,3.0000000000000000,0.0000000000000000
107.00000000000000,3.0000000000000000,0.0000000000000000
108.00000000000000,3.0000000000000000,0.0000000000000000
109.00000000000000,3.0000000000000000,0.0000000000000000
110.00000000000000,3.0000000000000000,0.0000000000000000
111.00000000000000,3.0000000000000000,0.0000000000000000
112.00000000000000,3.0000000000000000,0.0000000000000000
113.00000000000000,3.0000000000000000,0.0000000000000000
1.0000000000000000,4.0000000000000000,0.0000000000000000
2.0000000000000000,4.0000000000000000,0.0000000000000000
3.0000000000000000,4.0000000000000000,0.0000000000000000
4.0000000000000000,4.0000000000000000,0.0000000000000000
5.0000000000000000,4.0000000000000000,0.0000000000000000
6.0000000000000000,4.0000000000000000,0.0000000000000000
7.0000000000000000,4.0000000000000000,0.0000000000000000
8.0000000000000000,4.0000000000000000,0.0000000000000000
9.0000000000000000,4.0000000000000000,0.0000000000000000
10.000000000000000,4.0000000000000000,0.0000000000000000
11.000000000000000,4.0000000000000000,0.0000000000000000
12.000000000000000,4.0000000000000000,0.0000000000000000
13.000000000000000,4.0000000000000000,0.0000000000000000
14.000000000000000,4.0000000000000000,0.0000000000000000
15.000000000000000,4.0000000000000000,0.0000000000000000
16.000000000000000,4.0000000000000000,0.0000000000000000
17.000000000000000,4.0000000000000000,0.0000000000000000
18.000000000000000,4.0000000000000000,0.0000000000000000
19.000000000000000,4.0000000000000000,0.0000000000000000
20.000000000000000,4.0000000000000000,0.0000000000000000
21.000000000000000,4.0000000000000000,0.0000000000000000
22.000000000000000,4.0000000000000000,0.0000000000000000
23.000000000000000,4.0000000000000000,0.0000000000000000
24.000000000000000,4.0000000000000000,0.0000000000000000
25.000000000000000,4.0000000000000000,0.0000000000000000
26.000000000000000,4.0000000000000000,0.0000000000000000
27.000000000000000,4.0000000000000000,0.0000000000000000
28.000000000000000,4.0000000000000000,0.0000000000000000
29.000000000000000,4.0000000000000000,0.0000000000000000
30.000000000000000,4.0000000000000000,0.0000000000000000
31.000000000000000,4.0000000000000000,0.0000000000000000
32.000000000000000,4.0000000000000000,0.0000000000000000
33.000000000000000,4.0000000000000000,0.0000000000000000
34.000000000000000,4.0000000000000000,0.0000000000000000
35.000000000000000,4.0000000000000000,0.0000000000000000
36.000000000000000,4.0000000000000000,0.0000000000000000
37.000000000000000,4.0000000000000000,0.0000000000000000
38.000000000000000,4.0000000000000000,0.0000000000000000
39.000000000000000,4.0000000000000000,0.0000000000000000
40.000000000000000,4.0000000000000000,0.0000000000000000
41.000000000000000,4.0000000000000000,0.0000000000000000
42.000000000000000,4.0000000000000000,0.0000000000000000
43.000000000000000,4.0000000000000000,0.0000000000000000
44.000000000000000,4.0000000000000000,0.0000000000000000
45.000000000000000,4.0000000000000000,0.0000000000000000
46.000000000000000,4.0000000000000000,0.0000000000000000
47.000000000000000,4.0000000000000000,0.0000000000000000
48.000000000000000,4.0000000000000000,0.0000000000000000
49.000000000000000,4.0000000000000000,0.0000000000000000
50.000000000000000,4.0000000000000000,0.0000000000000000
51.000000000000000,4.0000000000000000,0.0000000000000000
52.000000000000000,4.0000000000000000,0.0000000000000000
53.000000000000000,4.0000000000000000,0.0000000000000000
54.000000000000000,4.0000000000000000,0.0000000000000000
55.000000000000000,4.0000000000000000,0.0000000000000000
56.000000000000000,4.0000000000000000,0.0000000000000000
57.000000000000000,4.0000000000000000,0.0000000000000000
58.000000000000000,4.0000000000000000,0.0000000000000000
59.000000000000000,4.0000000000000000,0.0000000000000000
60.000000000000000,4.0000000000000000,0.0000000000000000
61.000000000000000,4.0000000000000000,0.0000000000000000
62.000000000000000,4.0000000000000000,0.0000000000000000
63.000000000000000,4.0000000000000000,0.0000000000000000
64.000000000000000,4.0000000000000000,0.0000000000000000
65.000000000000000,4.0000000000000000,0.0000000000000000
66.000000000000000,4.0000000000000000,0.0000000000000000
67.000000000000000,4.0000000000000000,0.0000000000000000
68.000000000000000,4.0000000000000000,0.0000000000000000
69.000000000000000,4.0000000000000000,0.0000000000000000
70.000000000000000,4.0000000000000000,0.0000000000000000
71.000000000000000,4.0000000000000000,0.0000000000000000
72.000000000000000,4.0000000000000000,0.0000000000000000
73.000000000000000,4.0000000000000000,0.0000000000000000
74.000000000000000,4.0000000000000000,0.0000000000000000
75.000000000000000,4.0000000000000000,0.0000000000000000
76.000000000000000,4.0000000000000000,0.0000000000000000
77.000000000000000,4.0000000000000000,0.0000000000000000
78.000000000000000,4.0000000000000000,0.0000000000000000
79.000000000000000,4.0000000000000000,0.0000000000000000
80.000000000000000,4.0000000000000000,0.0000000000000000
81.000000000000000,4.0000000000000000,0.0000000000000000
82.000000000000000,4.0000000000000000,0.0000000000000000
83.000000000000000,4.0000000000000000,0.0000000000000000
84.000000000000000,4.0000000000000000,0.0000000000000000
85.000000000000000,4.0000000000000000,0.0000000000000000
86.000000000000000,4.0000000000000000,0.0000000000000000
87.000000000000000,4.0000000000000000,0.0000000000000000
88.000000000000000,4.0000000000000000,0.0000000000000000
89.000000000000000,4.0000000000000000,0.0000000000000000
90.000000000000000,4.0000000000000000,0.0000000000000000
91.000000000000000,4.0000000000000000,0.0000000000000000
92.000000000000000,4.0000000000000000,0.0000000000000000
93.000000000000000,4.0000000000000000,0.0000000000000000
94.000000000000000,4.0000000000000000,0.0000000000000000
95.000000000000000,4.0000000000000000,0.0000000000000000
96.000000000000000,4.0000000000000000,0.0000000000000000
97.000000000000000,4.0000000000000000,0.0000000000000000
98.000000000000000,4.0000000000000000,0.0000000000000000
99.000000000000000,4.0000000000000000,0.0000000000000000
100.00000000000000,4.0000000000000000,0.0000000000000000
101.00000000000000,4.0000000000000000,0.0000000000000000
102.00000000000000,4.0000000000000000,0.0000000000000000
103.00000000000000,4.0000000000000000,0.0000000000000000
104.00000000000000,4.0000000000000000,0.0000000000000000
105.00000000000000,4.0000000000000000,0.0000000000000000
106.00000000000000,4.0000000000000000,0.0000000000000000
107.00000000000000,4.0000000000000000,0.0000000000000000
108.00000000000000,4.0000000000000000,0.0000000000000000
109.00000000000000,4.0000000000000000,0.0000000000000000
110.00000000000000,4.0000000000000000,0.0000000000000000
111.00000000000000,4.0000000000000000,0.0000000000000000
112.00000000000000,4.0000000000000000,0.0000000000000000
113.00000000000000,4.0000000000000000,0.0000000000000000
1.0000000000000000,5.0000000000000000,0.0000000000000000
2.0000000000000000,5.0000000000000000,0.0000000000000000
3.0000000000000000,5.0000000000000000,0.0000000000000000
4.0000000000000000,5.0000000000000000,0.0000000000000000
5.0000000000000000,5.0000000000000000,0.0000000000000000
6.0000000000000000,5.0000000000000000,0.0000000000000000
7.0000000000000000,5.0000000000000000,0.0000000000000000
8.0000000000000000,5.0000000000000000,0.0000000000000000
9.0000000000000000,5.0000000000000000,0.0000000000000000
10.000000000000000,5.0000000000000000,0.0000000000000000
11.000000000000000,5.0000000000000000,0.0000000000000000
12.000000000000000,5.0000000000000000,0.0000000000000000
13.000000000000000,5.0000000000000000,0.0000000000000000
14.000000000000000,5.0000000000000000,0.0000000000000000
15.000000000000000,5.0000000000000000,0.0000000000000000
16.000000000000000,5.0000000000000000,0.0000000000000000
17.000000000000000,5.0000000000000000,0.0000000000000000
18.000000000000000,5.0000000000000000,0.0000000000000000
19.000000000000000,5.0000000000000000,0.0000000000000000
20.000000000000000,5.0000000000000000,0.0000000000000000
21.000000000000000,5.0000000000000000,0.0000000000000000
22.000000000000000,5.0000000000000000,0.0000000000000000
23.000000000000000,5.0000000000000000,0.0000000000000000
24.000000000000000,5.0000000000000000,0.0000000000000000
25.000000000000000,5.0000000000000000,0.0000000000000000
26.000000000000000,5.0000000000000000,0.0000000000000000
27.000000000000000,5.0000000000000000,0.0000000000000000
28.000000000000000,5.0000000000000000,0.0000000000000000
29.000000000000000,5.0000000000000000,0.0000000000000000
30.000000000000000,5.0000000000000000,0.0000000000000000
31.000000000000000,5.0000000000000000,0.0000000000000000
32.000000000000000,5.0000000000000000,0.0000000000000000
33.000000000000000,5.0000000000000000,0.0000000000000000
34.000000000000000,5.0000000000000000,0.0000000000000000
35.000000000000000,5.0000000000000000,0.0000000000000000
36.000000000000000,5.0000000000000000,0.0000000000000000
37.000000000000000,5.0000000000000000,0.0000000000000000
38.000000000000000,5.0000000000000000,0.0000000000000000
39.000000000000000,5.0000000000000000,0.0000000000000000
40.000000000000000,5.0000000000000000,0.0000000000000000
41.000000000000000,5.0000000000000000,0.0000000000000000
42.000000000000000,5.0000000000000000,0.0000000000000000
43.000000000000000,5.0000000000000000,0.0000000000000000
44.000000000000000,5.0000000000000000,0.0000000000000000
45.000000000000000,5.0000000000000000,0.0000000000000000
46.000000000000000,5.0000000000000000,0.0000000000000000
47.000000000000000,5.0000000000000000,0.0000000000000000
48.000000000000000,5.0000000000000000,0.0000000000000000
49.000000000000000,5.0000000000000000,0.0000000000000000
50.000000000000000,5.0000000000000000,0.0000000000000000
51.000000000000000,5.0000000000000000,0.0000000000000000
52.000000000000000,5.0000000000000000,0.0000000000000000
53.000000000000000,5.0000000000000000,0.0000000000000000
54.000000000000000,5.0000000000000000,0.0000000000000000
55.000000000000000,5.0000000000000000,0.0000000000000000
56.000000000000000,5.0000000000000000,0.0000000000000000
57.000000000000000,5.0000000000000000,0.0000000000000000
58.000000000000000,5.0000000000000000,0.0000000000000000
59.000000000000000,5.0000000000000000,0.0000000000000000
60.000000000000000,5.0000000000000000,0.0000000000000000
61.000000000000000,5.0000000000000000,0.0000000000000000
62.000000000000000,5.0000000000000000,0.0000000000000000
63.000000000000000,5.0000000000000000,0.0000000000000000
64.000000000000000,5.0000000000000000,0.0000000000000000
65.000000000000000,5.0000000000000000,0.0000000000000000
66.000000000000000,5.0000000000000000,0.0000000000000000
67.000000000000000,5.0000000000000000,0.0000000000000000
68.000000000000000,5.0000000000000000,0.0000000000000000
69.000000000000000,5.0000000000000000,0.0000000000000000
70.000000000000000,5.0000000000000000,0.0000000000000000
71.000000000000000,5.0000000000000000,0.0000000000000000
72.000000000000000,5.0000000000000000,0.0000000000000000
73.000000000000000,5.0000000000000000,0.0000000000000000
74.000000000000000,5.0000000000000000,0.0000000000000000
75.000000000000000,5.0000000000000000,0.0000000000000000
76.000000000000000,5.0000000000000000,0.0000000000000000
77.000000000000000,5.0000000000000000,0.0000000000000000
78.000000000000000,5.0000000000000000,0.0000000000000000
79.000000000000000,5.0000000000000000,0.0000000000000000
80.000000000000000,5.0000000000000000,0.0000000000000000
81.000000000000000,5.0000000000000000,0.0000000000000000
82.000000000000000,5.0000000000000000,0.0000000000000000
83.000000000000000,5.0000000000000000,0.0000000000000000
84.000000000000000,5.0000000000000000,0.0000000000000000
85.000000000000000,5.0000000000000000,0.0000000000000000
86.000000000000000,5.0000000000000000,0.0000000000000000
87.000000000000000,5.0000000000000000,0.0000000000000000
88.000000000000000,5.0000000000000000,0.0000000000000000
89.000000000000000,5.0000000000000000,0.0000000000000000
90.000000000000000,5.0000000000000000,0.0000000000000000
91.000000000000000,5.0000000000000000,0.0000000000000000
92.000000000000000,5.0000000000000000,0.0000000000000000
93.000000000000000,5.0000000000000000,0.0000000000000000
94.000000000000000,5.0000000000000000,0.0000000000000000
95.000000000000000,5.0000000000000000,0.0000000000000000
96.000000000000000,5.0000000000000000,0.0000000000000000
97.000000000000000,5.0000000000000000,0.0000000000000000
98.000000000000000,5.0000000000000000,0.0000000000000000
99.000000000000000,5.0000000000000000,0.0000000000000000
100.00000000000000,5.0000000000000000,0.0000000000000000
101.00000000000000,5.0000000000000000,0.0000000000000000
102.00000000000000,5.0000000000000000,0.0000000000000000
103.00000000000000,5.0000000000000000,0.0000000000000000
104.00000000000000,5.0000000000000000,0.0000000000000000
105.00000000000000,5.0000000000000000,0.0000000000000000
106.00000000000000,5.0000000000000000,0.0000000000000000
107.00000000000000,5.0000000000000000,0.0000000000000000
108.00000000000000,5.0000000000000000,0.0000000000000000
109.00000000000000,5.0000000000000000,0.0000000000000000
110.00000000000000,5.0000000000000000,0.0000000000000000
111.00000000000000,5.0000000000000000,0.0000000000000000
112.00000000000000,5.0000000000000000,0.0000000000000000
113.00000000000000,5.0000000000000000,0.0000000000000000
1.0000000000000000,6.0000000000000000,0.0000000000000000
2.0000000000000000,6.0000000000000000,0.0000000000000000
3.0000000000000000,6.0000000000000000,0.0000000000000000
4.0000000000000000,6.0000000000000000,0.0000000000000000
5.0000000000000000,6.0000000000000000,0.0000000000000000
6.0000000000000000,6.0000000000000000,0.0000000000000000
7.0000000000000000,6.0000000000000000,0.0000000000000000
8.0000000000000000,6.0000000000000000,0.0000000000000000
9.0000000000000000,6.0000000000000000,0.0000000000000000
10.000000000000000,6.0000000000000000,0.0000000000000000
11.000000000000000,6.0000000000000000,0.0000000000000000
12.000000000000000,6.0000000000000000,0.0000000000000000
13.000000000000000,6.0000000000000000,0.0000000000000000
14.000000000000000,6.0000000000000000,0.0000000000000000
15.000000000000000,6.0000000000000000,0.0000000000000000
16.000000000000000,6.0000000000000000,0.0000000000000000
17.000000000000000,6.0000000000000000,0.0000000000000000
18.000000000000000,6.0000000000000000,0.0000000000000000
19.000000000000000,6.0000000000000000,0.0000000000000000
20.000000000000000,6.0000000000000000,0.0000000000000000
21.000000000000000,6.0000000000000000,0.0000000000000000
22.000000000000000,6.0000000000000000,0.0000000000000000
23.000000000000000,6.0000000000000000,0.0000000000000000
24.000000000000000,6.0000000000000000,0.0000000000000000
25.000000000000000,6.0000000000000000,0.0000000000000000
26.000000000000000,6.0000000000000000,0.0000000000000000
27.000000000000000,6.0000000000000000,0.0000000000000000
28.000000000000000,6.0000000000000000,0.0000000000000000
29.000000000000000,6.0000000000000000,0.0000000000000000
30.000000000000000,6.0000000000000000,0.0000000000000000
31.000000000000000,6.0000000000000000,0.0000000000000000
32.000000000000000,6.0000000000000000,0.0000000000000000
33.000000000000000,6.0000000000000000,0.0000000000000000
34.000000000000000,6.0000000000000000,0.0000000000000000
35.000000000000000,6.0000000000000000,0.0000000000000000
36.000000000000000,6.0000000000000000,0.0000000000000000
37.000000000000000,6.0000000000000000,0.0000000000000000
38.000000000000000,6.0000000000000000,0.0000000000000000
39.000000000000000,6.0000000000000000,0.0000000000000000
40.000000000000000,6.0000000000000000,0.0000000000000000
41.000000000000000,6.0000000000000000,0.0000000000000000
42.000000000000000,6.0000000000000000,0.0000000000000000
43.000000000000000,6.0000000000000000,0.0000000000000000
44.000000000000000,6.0000000000000000,0.0000000000000000
45.000000000000000,6.0000000000000000,0.0000000000000000
46.000000000000000,6.0000000000000000,0.0000000000000000
47.000000000000000,6.0000000000000000,0.0000000000000000
48.000000000000000,6.0000000000000000,0.0000000000000000
49.000000000000000,6.0000000000000000,0.0000000000000000
50.000000000000000,6.0000000000000000,0.0000000000000000
51.000000000000000,6.0000000000000000,0.0000000000000000
52.000000000000000,6.0000000000000000,0.0000000000000000
53.000000000000000,6.0000000000000000,0.0000000000000000
54.000000000000000,6.0000000000000000,0.0000000000000000
55.000000000000000,6.0000000000000000,0.0000000000000000
56.000000000000000,6.0000000000000000,0.0000000000000000
57.000000000000000,6.0000000000000000,0.0000000000000000
58.000000000000000,6.0000000000000000,0.0000000000000000
59.000000000000000,6.0000000000000000,0.0000000000000000
60.000000000000000,6.0000000000000000,0.0000000000000000
61.000000000000000,6.0000000000000000,0.0000000000000000
62.000000000000000,6.0000000000000000,0.0000000000000000
63.000000000000000,6.0000000000000000,0.0000000000000000
64.000000000000000,6.0000000000000000,0.0000000000000000
65.000000000000000,6.0000000000000000,0.0000000000000000
66.000000000000000,6.0000000000000000,0.0000000000000000
67.000000000000000,6.0000000000000000,0.0000000000000000
68.000000000000000,6.0000000000000000,0.0000000000000000
69.000000000000000,6.0000000000000000,0.0000000000000000
70.000000000000000,6.0000000000000000,0.0000000000000000
71.000000000000000,6.0000000000000000,0.0000000000000000
72.000000000000000,6.0000000000000000,0.0000000000000000
73.000000000000000,6.0000000000000000,0.0000000000000000
74.000000000000000,6.0000000000000000,0.0000000000000000
75.000000000000000,6.0000000000000000,0.0000000000000000
76.000000000000000,6.0000000000000000,0.0000000000000000
77.000000000000000,6.0000000000000000,0.0000000000000000
78.000000000000000,6.0000000000000000,0.0000000000000000
79.000000000000000,6.0000000000000000,0.0000000000000000
80.000000000000000,6.0000000000000000,0.0000000000000000
81.000000000000000,6.0000000000000000,0.0000000000000000
82.000000000000000,6.0000000000000000,0.0000000000000000
83.000000000000000,6.0000000000000000,0.0000000000000000
84.000000000000000,6.0000000000000000,0.0000000000000000
85.000000000000000,6.0000000000000000,0.0000000000000000
86.000000000000000,6.0000000000000000,0.0000000000000000
87.000000000000000,6.0000000000000000,0.0000000000000000
88.000000000000000,6.0000000000000000,0.0000000000000000
89.000000000000000,6.0000000000000000,0.0000000000000000
90.000000000000000,6.0000000000000000,0.0000000000000000
91.000000000000000,6.0000000000000000,0.0000000000000000
92.000000000000000,6.0000000000000000,0.0000000000000000
93.000000000000000,6.0000000000000000,0.0000000000000000
94.000000000000000,6.0000000000000000,0.0000000000000000
95.000000000000000,6.0000000000000000,0.0000000000000000
96.000000000000000,6.0000000000000000,0.0000000000000000
97.000000000000000,6.0000000000000000,0.0000000000000000
98.000000000000000,6.0000000000000000,0.0000000000000000
99.000000000000000,6.0000000000000000,0.0000000000000000
100.00000000000000,6.0000000000000000,0.0000000000000000
101.00000000000000,6.0000000000000000,0.0000000000000000
102.00000000000000,6.0000000000000000,0.0000000000000000
103.00000000000000,6.0000000000000000,0.0000000000000000
104.00000000000000,6.0000000000000000,0.0000000000000000
105.00000000000000,6.0000000000000000,0.0000000000000000
106.00000000000000,6.0000000000000000,0.0000000000000000
107.00000000000000,6.0000000000000000,0.0000000000000000
108.00000000000000,6.0000000000000000,0.0000000000000000
109.00000000000000,6.0000000000000000,0.0000000000000000
110.00000000000000,6.0000000000000000,0.0000000000000000
111.00000000000000,6.0000000000000000,0.0000000000000000
112.00000000000000,6.0000000000000000,0.0000000000000000
113.00000000000000,6.0000000000000000,0.0000000000000000
1.0000000000000000,7.0000000000000000,0.0000000000000000
2.0000000000000000,7.0000000000000000,0.0000000000000000
3.0000000000000000,7.0000000000000000,0.0000000000000000
4.0000000000000000,7.0000000000000000,0.0000000000000000
5.0000000000000000,7.0000000000000000,0.0000000000000000
6.0000000000000000,7.0000000000000000,0.0000000000000000
7.0000000000000000,7.0000000000000000,0.0000000000000000
8.0000000000000000,7.0000000000000000,0.0000000000000000
9.0000000000000000,7.0000000000000000,0.0000000000000000
10.000000000000000,7.0000000000000000,0.0000000000000000
11.000000000000000,7.0000000000000000,0.0000000000000000
12.000000000000000,7.0000000000000000,0.0000000000000000
13.000000000000000,7.0000000000000000,0.0000000000000000
14.000000000000000,7.0000000000000000,0.0000000000000000
15.000000000000000,7.0000000000000000,0.0000000000000000
16.000000000000000,7.0000000000000000,0.0000000000000000
17.000000000000000,7.0000000000000000,0.0000000000000000
18.000000000000000,7.0000000000000000,0.0000000000000000
19.000000000000000,7.0000000000000000,0.0000000000000000
20.000000000000000,7.0000000000000000,0.0000000000000000
21.000000000000000,7.0000000000000000,0.0000000000000000
22.000000000000000,7.0000000000000000,0.0000000000000000
23.000000000000000,7.0000000000000000,0.0000000000000000
24.000000000000000,7.0000000000000000,0.0000000000000000
25.000000000000000,7.0000000000000000,0.0000000000000000
26.000000000000000,7.0000000000000000,0.0000000000000000
27.000000000000000,7.0000000000000000,0.0000000000000000
28.000000000000000,7.0000000000000000,0.0000000000000000
29.000000000000000,7.0000000000000000,0.0000000000000000
30.000000000000000,7.0000000000000000,0.0000000000000000
31.000000000000000,7.0000000000000000,0.0000000000000000
32.000000000000000,7.0000000000000000,0.0000000000000000
33.000000000000000,7.0000000000000000,0.0000000000000000
34.000000000000000,7.0000000000000000,0.0000000000000000
35.000000000000000,7.0000000000000000,0.0000000000000000
36.000000000000000,7.0000000000000000,0.0000000000000000
37.000000000000000,7.0000000000000000,0.0000000000000000
38.000000000000000,7.0000000000000000,0.0000000000000000
39.000000000000000,7.0000000000000000,0.0000000000000000
40.000000000000000,7.0000000000000000,0.0000000000000000
41.000000000000000,7.0000000000000000,0.0000000000000000
42.000000000000000,7.0000000000000000,0.0000000000000000
43.000000000000000,7.0000000000000000,0.0000000000000000
44.000000000000000,7.0000000000000000,0.0000000000000000
45.000000000000000,7.0000000000000000,0.0000000000000000
46.000000000000000,7.0000000000000000,0.0000000000000000
47.000000000000000,7.0000000000000000,0.0000000000000000
48.000000000000000,7.0000000000000000,0.0000000000000000
49.000000000000000,7.0000000000000000,0.0000000000000000
50.000000000000000,7.0000000000000000,0.0000000000000000
51.000000000000000,7.0000000000000000,0.0000000000000000
52.000000000000000,7.0000000000000000,0.0000000000000000
53.000000000000000,7.0000000000000000,0.0000000000000000
54.000000000000000,7.0000000000000000,0.0000000000000000
55.000000000000000,7.0000000000000000,0.0000000000000000
56.000000000000000,7.0000000000000000,0.0000000000000000
57.000000000000000,7.0000000000000000,0.0000000000000000
58.000000000000000,7.0000000000000000,0.0000000000000000
59.000000000000000,7.0000000000000000,0.0000000000000000
60.000000000000000,7.0000000000000000,0.0000000000000000
61.000000000000000,7.0000000000000000,0.0000000000000000
62.000000000000000,7.0000000000000000,0.0000000000000000
63.000000000000000,7.0000000000000000,0.0000000000000000
64.000000000000000,7.0000000000000000,0.0000000000000000
65.000000000000000,7.0000000000000000,0.0000000000000000
66.000000000000000,7.0000000000000000,0.0000000000000000
67.000000000000000,7.0000000000000000,0.0000000000000000
68.000000000000000,7.0000000000000000,0.0000000000000000
69.000000000000000,7.0000000000000000,0.0000000000000000
70.000000000000000,7.0000000000000000,0.0000000000000000
71.000000000000000,7.0000000000000000,0.0000000000000000
72.000000000000000,7.0000000000000000,0.0000000000000000
73.000000000000000,7.0000000000000000,0.0000000000000000
74.000000000000000,7.0000000000000000,0.0000000000000000
75.000000000000000,7.0000000000000000,0.0000000000000000
76.000000000000000,7.0000000000000000,0.0000000000000000
77.000000000000000,7.0000000000000000,0.0000000000000000
78.000000000000000,7.0000000000000000,0.0000000000000000
79.000000000000000,7.0000000000000000,0.0000000000000000
80.000000000000000,7.0000000000000000,0.0000000000000000
81.000000000000000,7.0000000000000000,0.0000000000000000
82.000000000000000,7.0000000000000000,0.0000000000000000
83.000000000000000,7.0000000000000000,0.0000000000000000
84.000000000000000,7.0000000000000000,0.0000000000000000
85.000000000000000,7.0000000000000000,0.0000000000000000
86.000000000000000,7.0000000000000000,0.0000000000000000
87.000000000000000,7.0000000000000000,0.0000000000000000
88.000000000000000,7.0000000000000000,0.0000000000000000
89.000000000000000,7.0000000000000000,0.0000000000000000
90.000000000000000,7.0000000000000000,0.0000000000000000
91.000000000000000,7.0000000000000000,0.0000000000000000
92.000000000000000,7.0000000000000000,0.0000000000000000
93.000000000000000,7.0000000000000000,0.0000000000000000
94.000000000000000,7.0000000000000000,0.0000000000000000
95.000000000000000,7.0000000000000000,0.0000000000000000
96.000000000000000,7.0000000000000000,0.0000000000000000
97.000000000000000,7.0000000000000000,0.0000000000000000
98.000000000000000,7.0000000000000000,0.0000000000000000
99.000000000000000,7.0000000000000000,0.0000000000000000
100.00000000000000,7.0000000000000000,0.0000000000000000
101.00000000000000,7.0000000000000000,0.0000000000000000
102.00000000000000,7.0000000000000000,0.0000000000000000
103.00000000000000,7.0000000000000000,0.0000000000000000
104.00000000000000,7.0000000000000000,0.0000000000000000
105.00000000000000,7.0000000000000000,0.0000000000000000
106.00000000000000,7.0000000000000000,0.0000000000000000
107.00000000000000,7.0000000000000000,0.0000000000000000
108.00000000000000,7.0000000000000000,0.0000000000000000
109.00000000000000,7.0000000000000000,0.0000000000000000
110.00000000000000,7.0000000000000000,0.0000000000000000
111.00000000000000,7.0000000000000000,0.0000000000000000
112.00000000000000,7.0000000000000000,0.0000000000000000
113.00000000000000,7.0000000000000000,0.0000000000000000
1.0000000000000000,8.0000000000000000,0.0000000000000000
2.0000000000000000,8.0000000000000000,0.0000000000000000
3.0000000000000000,8.0000000000000000,0.0000000000000000
4.0000000000000000,8.0000000000000000,0.0000000000000000
5.0000000000000000,8.0000000000000000,0.0000000000000000
6.0000000000000000,8.0000000000000000,0.0000000000000000
7.0000000000000000,8.0000000000000000,0.0000000000000000
8.0000000000000000,8.0000000000000000,0.0000000000000000
9.0000000000000000,8.0000000000000000,0.0000000000000000
10.000000000000000,8.0000000000000000,0.0000000000000000
11.000000000000000,8.0000000000000000,0.0000000000000000
12.000000000000000,8.0000000000000000,0.0000000000000000
13.000000000000000,8.0000000000000000,0.0000000000000000
14.000000000000000,8.0000000000000000,0.0000000000000000
15.000000000000000,8.0000000000000000,0.0000000000000000
16.000000000000000,8.0000000000000000,0.0000000000000000
17.000000000000000,8.0000000000000000,0.0000000000000000
18.000000000000000,8.0000000000000000,0.0000000000000000
19.000000000000000,8.0000000000000000,0.0000000000000000
20.000000000000000,8.0000000000000000,0.0000000000000000
21.000000000000000,8.0000000000000000,0.0000000000000000
22.000000000000000,8.0000000000000000,0.0000000000000000
23.000000000000000,8.0000000000000000,0.0000000000000000
24.000000000000000,8.0000000000000000,0.0000000000000000
25.000000000000000,8.0000000000000000,0.0000000000000000
26.000000000000000,8.0000000000000000,0.0000000000000000
27.000000000000000,8.0000000000000000,0.0000000000000000
28.000000000000000,8.0000000000000000,0.0000000000000000
29.000000000000000,8.0000000000000000,0.0000000000000000
30.000000000000000,8.0000000000000000,0.0000000000000000
31.000000000000000,8.0000000000000000,0.0000000000000000
32.000000000000000,8.0000000000000000,0.0000000000000000
33.000000000000000,8.0000000000000000,0.0000000000000000
34.000000000000000,8.0000000000000000,0.0000000000000000
35.000000000000000,8.0000000000000000,0.0000000000000000
36.000000000000000,8.0000000000000000,0.0000000000000000
37.000000000000000,8.0000000000000000,0.0000000000000000
38.000000000000000,8.0000000000000000,0.0000000000000000
39.000000000000000,8.0000000000000000,0.0000000000000000
40.000000000000000,8.0000000000000000,0.0000000000000000
41.000000000000000,8.0000000000000000,0.0000000000000000
42.000000000000000,8.0000000000000000,0.0000000000000000
43.000000000000000,8.0000000000000000,0.0000000000000000
44.000000000000000,8.0000000000000000,0.0000000000000000
45.000000000000000,8.0000000000000000,0.0000000000000000
46.000000000000000,8.0000000000000000,0.0000000000000000
47.000000000000000,8.0000000000000000,0.0000000000000000
48.000000000000000,8.0000000000000000,0.0000000000000000
49.000000000000000,8.0000000000000000,0.0000000000000000
50.000000000000000,8.0000000000000000,0.0000000000000000
51.000000000000000,8.0000000000000000,0.0000000000000000
52.000000000000000,8.0000000000000000,0.0000000000000000
53.000000000000000,8.0000000000000000,0.0000000000000000
54.000000000000000,8.0000000000000000,0.0000000000000000
55.000000000000000,8.0000000000000000,0.0000000000000000
56.000000000000000,8.0000000000000000,0.0000000000000000
57.000000000000000,8.0000000000000000,0.0000000000000000
58.000000000000000,8.0000000000000000,0.0000000000000000
59.000000000000000,8.0000000000000000,0.0000000000000000
60.000000000000000,8.0000000000000000,0.0000000000000000
61.000000000000000,8.0000000000000000,0.0000000000000000
62.000000000000000,8.0000000000000000,0.0000000000000000
63.000000000000000,8.0000000000000000,0.0000000000000000
64.000000000000000,8.0000000000000000,0.0000000000000000
65.000000000000000,8.0000000000000000,0.0000000000000000
66.000000000000000,8.0000000000000000,0.0000000000000000
67.000000000000000,8.0000000000000000,0.0000000000000000
68.000000000000000,8.0000000000000000,0.0000000000000000
69.000000000000000,8.0000000000000000,0.0000000000000000
70.000000000000000,8.0000000000000000,0.0000000000000000
71.000000000000000,8.0000000000000000,0.0000000000000000
72.000000000000000,8.0000000000000000,0.0000000000000000
73.000000000000000,8.0000000000000000,0.0000000000000000
74.000000000000000,8.0000000000000000,0.0000000000000000
75.000000000000000,8.0000000000000000,0.0000000000000000
76.000000000000000,8.0000000000000000,0.0000000000000000
77.000000000000000,8.0000000000000000,0.0000000000000000
78.000000000000000,8.0000000000000000,0.0000000000000000
79.000000000000000,8.0000000000000000,0.0000000000000000
80.000000000000000,8.0000000000000000,0.0000000000000000
81.000000000000000,8.0000000000000000,0.0000000000000000
82.000000000000000,8.0000000000000000,0.0000000000000000
83.000000000000000,8.0000000000000000,0.0000000000000000
84.000000000000000,8.0000000000000000,0.0000000000000000
85.000000000000000,8.0000000000000000,0.0000000000000000
86.000000000000000,8.0000000000000000,0.0000000000000000
87.000000000000000,8.0000000000000000,0.0000000000000000
88.000000000000000,8.0000000000000000,0.0000000000000000
89.000000000000000,8.0000000000000000,0.0000000000000000
90.000000000000000,8.0000000000000000,0.0000000000000000
91.000000000000000,8.0000000000000000,0.0000000000000000
92.000000000000000,8.0000000000000000,0.0000000000000000
93.000000000000000,8.0000000000000000,0.0000000000000000
94.000000000000000,8.0000000000000000,0.0000000000000000
95.000000000000000,8.0000000000000000,0.0000000000000000
96.000000000000000,8.0000000000000000,0.0000000000000000
97.000000000000000,8.0000000000000000,0.0000000000000000
98.000000000000000,8.0000000000000000,0.0000000000000000
99.000000000000000,8.0000000000000000,0.0000000000000000
100.00000000000000,8.0000000000000000,0.0000000000000000
101.00000000000000,8.0000000000000000,0.0000000000000000
102.00000000000000,8.0000000000000000,0.0000000000000000
103.00000000000000,8.0000000000000000,0.0000000000000000
104.00000000000000,8.0000000000000000,0.0000000000000000
105.00000000000000,8.0000000000000000,0.0000000000000000
106.00000000000000,8.0000000000000000,0.0000000000000000
107.00000000000000,8.0000000000000000,0.0000000000000000
108.00000000000000,8.0000000000000000,0.0000000000000000
109.00000000000000,8.0000000000000000,0.0000000000000000
110.00000000000000,8.0000000000000000,0.0000000000000000
111.00000000000000,8.0000000000000000,0.0000000000000000
112.00000000000000,8.0000000000000000,0.0000000000000000
113.00000000000000,8.0000000000000000,0.0000000000000000
1.0000000000000000,9.0000000000000000,0.0000000000000000
2.0000000000000000,9.0000000000000000,0.0000000000000000
3.0000000000000000,9.0000000000000000,0.0000000000000000
4.0000000000000000,9.0000000000000000,0.0000000000000000
5.0000000000000000,9.0000000000000000,0.0000000000000000
6.0000000000000000,9.0000000000000000,0.0000000000000000
7.0000000000000000,9.0000000000000000,0.0000000000000000
8.0000000000000000,9.0000000000000000,0.0000000000000000
9.0000000000000000,9.0000000000000000,0.0000000000000000
10.000000000000000,9.0000000000000000,0.0000000000000000
11.000000000000000,9.0000000000000000,0.0000000000000000
12.000000000000000,9.0000000000000000,0.0000000000000000
13.000000000000000,9.0000000000000000,0.0000000000000000
14.000000000000000,9.0000000000000000,0.0000000000000000
15.000000000000000,9.0000000000000000,0.0000000000000000
16.000000000000000,9.0000000000000000,0.0000000000000000
17.000000000000000,9.0000000000000000,0.0000000000000000
18.000000000000000,9.0000000000000000,0.0000000000000000
19.000000000000000,9.0000000000000000,0.0000000000000000
20.000000000000000,9.0000000000000000,0.0000000000000000
21.000000000000000,9.0000000000000000,0.0000000000000000
22.000000000000000,9.0000000000000000,0.0000000000000000
23.000000000000000,9.0000000000000000,0.0000000000000000
24.000000000000000,9.0000000000000000,0.0000000000000000
25.000000000000000,9.0000000000000000,0.0000000000000000
26.000000000000000,9.0000000000000000,0.0000000000000000
27.000000000000000,9.0000000000000000,0.0000000000000000
28.000000000000000,9.0000000000000000,0.0000000000000000
29.000000000000000,9.0000000000000000,0.0000000000000000
30.000000000000000,9.0000000000000000,0.0000000000000000
31.000000000000000,9.0000000000000000,0.0000000000000000
32.000000000000000,9.0000000000000000,0.0000000000000000
33.000000000000000,9.0000000000000000,0.0000000000000000
34.000000000000000,9.0000000000000000,0.0000000000000000
35.000000000000000,9.0000000000000000,0.0000000000000000
36.000000000000000,9.0000000000000000,0.0000000000000000
37.000000000000000,9.0000000000000000,0.0000000000000000
38.000000000000000,9.0000000000000000,0.0000000000000000
39.000000000000000,9.0000000000000000,0.0000000000000000
40.000000000000000,9.0000000000000000,0.0000000000000000
41.000000000000000,9.0000000000000000,0.0000000000000000
42.000000000000000,9.0000000000000000,0.0000000000000000
43.000000000000000,9.0000000000000000,0.0000000000000000
44.000000000000000,9.0000000000000000,0.0000000000000000
45.000000000000000,9.0000000000000000,0.0000000000000000
46.000000000000000,9.0000000000000000,0.0000000000000000
47.000000000000000,9.0000000000000000,0.0000000000000000
48.000000000000000,9.0000000000000000,0.0000000000000000
49.000000000000000,9.0000000000000000,0.0000000000000000
50.000000000000000,9.0000000000000000,0.0000000000000000
51.000000000000000,9.0000000000000000,0.0000000000000000
52.000000000000000,9.0000000000000000,0.0000000000000000
53.000000000000000,9.0000000000000000,0.0000000000000000
54.000000000000000,9.0000000000000000,0.0000000000000000
55.000000000000000,9.0000000000000000,0.0000000000000000
56.000000000000000,9.0000000000000000,0.0000000000000000
57.000000000000000,9.0000000000000000,0.0000000000000000
58.000000000000000,9.0000000000000000,0.0000000000000000
59.000000000000000,9.0000000000000000,0.0000000000000000
60.000000000000000,9.0000000000000000,0.0000000000000000
61.000000000000000,9.0000000000000000,0.0000000000000000
62.000000000000000,9.0000000000000000,0.0000000000000000
63.000000000000000,9.0000000000000000,0.0000000000000000
64.000000000000000,9.0000000000000000,0.0000000000000000
65.000000000000000,9.0000000000000000,0.0000000000000000
66.000000000000000,9.0000000000000000,0.0000000000000000
67.000000000000000,9.0000000000000000,0.0000000000000000
68.000000000000000,9.0000000000000000,0.0000000000000000
69.000000000000000,9.0000000000000000,0.0000000000000000
70.000000000000000,9.0000000000000000,0.0000000000000000
71.000000000000000,9.0000000000000000,0.0000000000000000
72.000000000000000,9.0000000000000000,0.0000000000000000
73.000000000000000,9.0000000000000000,0.0000000000000000
74.000000000000000,9.0000000000000000,0.0000000000000000
75.000000000000000,9.0000000000000000,0.0000000000000000
76.000000000000000,9.0000000000000000,0.0000000000000000
77.000000000000000,9.0000000000000000,0.0000000000000000
78.000000000000000,9.0000000000000000,0.0000000000000000
79.000000000000000,9.0000000000000000,0.0000000000000000
80.000000000000000,9.0000000000000000,0.0000000000000000
81.000000000000000,9.0000000000000000,0.0000000000000000
82.000000000000000,9.0000000000000000,0.0000000000000000
83.000000000000000,9.0000000000000000,0.0000000000000000
84.000000000000000,9.0000000000000000,0.0000000000000000
85.000000000000000,9.0000000000000000,0.0000000000000000
86.000000000000000,9.0000000000000000,0.0000000000000000
87.000000000000000,9.0000000000000000,0.0000000000000000
88.000000000000000,9.0000000000000000,0.0000000000000000
89.000000000000000,9.0000000000000000,0.0000000000000000
90.000000000000000,9.0000000000000000,0.0000000000000000
91.000000000000000,9.0000000000000000,0.0000000000000000
92.000000000000000,9.0000000000000000,0.0000000000000000
93.000000000000000,9.0000000000000000,0.0000000000000000
94.000000000000000,9.0000000000000000,0.0000000000000000
95.000000000000000,9.0000000000000000,0.0000000000000000
96.000000000000000,9.0000000000000000,0.0000000000000000
97.000000000000000,9.0000000000000000,0.0000000000000000
98.000000000000000,9.0000000000000000,0.0000000000000000
99.000000000000000,9.0000000000000000,0.0000000000000000
100.00000000000000,9.0000000000000000,0.0000000000000000
101.00000000000000,9.0000000000000000,0.0000000000000000
102.00000000000000,9.0000000000000000,0.0000000000000000
103.00000000000000,9.0000000000000000,0.0000000000000000
104.00000000000000,9.0000000000000000,0.0000000000000000
105.00000000000000,9.0000000000000000,0.0000000000000000
106.00000000000000,9.0000000000000000,0.0000000000000000
107.00000000000000,9.0000000000000000,0.0000000000000000
108.00000000000000,9.0000000000000000,0.0000000000000000
109.00000000000000,9.0000000000000000,0.0000000000000000
110.00000000000000,9.0000000000000000,0.0000000000000000
111.00000000000000,9.0000000000000000,0.0000000000000000
112.00000000000000,9.0000000000000000,0.0000000000000000
113.00000000000000,9.0000000000000000,0.0000000000000000
1.0000000000000000,10.000000000000000,0.0000000000000000
2.0000000000000000,10.000000000000000,0.0000000000000000
3.0000000000000000,10.000000000000000,0.0000000000000000
4.0000000000000000,10.000000000000000,0.0000000000000000
5.0000000000000000,10.000000000000000,0.0000000000000000
6.0000000000000000,10.000000000000000,0.0000000000000000
7.0000000000000000,10.000000000000000,0.0000000000000000
8.0000000000000000,10.000000000000000,0.0000000000000000
9.0000000000000000,10.000000000000000,0.0000000000000000
10.000000000000000,10.000000000000000,0.0000000000000000
11.000000000000000,10.000000000000000,0.0000000000000000
12.000000000000000,10.000000000000000,0.0000000000000000
13.000000000000000,10.000000000000000,0.0000000000000000
14.000000000000000,10.000000000000000,0.0000000000000000
15.000000000000000,10.000000000000000,0.0000000000000000
16.000000000000000,10.000000000000000,0.0000000000000000
17.000000000000000,10.000000000000000,0.0000000000000000
18.000000000000000,10.000000000000000,0.0000000000000000
19.000000000000000,10.000000000000000,0.0000000000000000
20.000000000000000,10.000000000000000,0.0000000000000000
21.000000000000000,10.000000000000000,0.0000000000000000
22.000000000000000,10.000000000000000,0.0000000000000000
23.000000000000000,10.000000000000000,0.0000000000000000
24.000000000000000,10.000000000000000,0.0000000000000000
25.000000000000000,10.000000000000000,0.0000000000000000
26.000000000000000,10.000000000000000,0.0000000000000000
27.000000000000000,10.000000000000000,0.0000000000000000
28.000000000000000,10.000000000000000,0.0000000000000000
29.000000000000000,10.000000000000000,0.0000000000000000
30.000000000000000,10.000000000000000,0.0000000000000000
31.000000000000000,10.000000000000000,0.0000000000000000
32.000000000000000,10.000000000000000,0.0000000000000000
33.000000000000000,10.000000000000000,0.0000000000000000
34.000000000000000,10.000000000000000,0.0000000000000000
35.000000000000000,10.000000000000000,0.0000000000000000
36.000000000000000,10.000000000000000,0.0000000000000000
37.000000000000000,10.000000000000000,0.0000000000000000
38.000000000000000,10.000000000000000,0.0000000000000000
39.000000000000000,10.000000000000000,0.0000000000000000
40.000000000000000,10.000000000000000,0.0000000000000000
41.000000000000000,10.000000000000000,0.0000000000000000
42.000000000000000,10.000000000000000,0.0000000000000000
43.000000000000000,10.000000000000000,0.0000000000000000
44.000000000000000,10.000000000000000,0.0000000000000000
45.000000000000000,10.000000000000000,0.0000000000000000
46.000000000000000,10.000000000000000,0.0000000000000000
47.000000000000000,10.000000000000000,0.0000000000000000
48.000000000000000,10.000000000000000,0.0000000000000000
49.000000000000000,10.000000000000000,0.0000000000000000
50.000000000000000,10.000000000000000,0.0000000000000000
51.000000000000000,10.000000000000000,0.0000000000000000
52.000000000000000,10.000000000000000,0.0000000000000000
53.000000000000000,10.000000000000000,0.0000000000000000
54.000000000000000,10.000000000000000,0.0000000000000000
55.000000000000000,10.000000000000000,0.0000000000000000
56.000000000000000,10.000000000000000,0.0000000000000000
57.000000000000000,10.000000000000000,0.0000000000000000
58.000000000000000,10.000000000000000,0.0000000000000000
59.000000000000000,10.000000000000000,0.0000000000000000
60.000000000000000,10.000000000000000,0.0000000000000000
61.000000000000000,10.000000000000000,0.0000000000000000
62.000000000000000,10.000000000000000,0.0000000000000000
63.000000000000000,10.000000000000000,0.0000000000000000
64.000000000000000,10.000000000000000,0.0000000000000000
65.000000000000000,10.000000000000000,0.0000000000000000
66.000000000000000,10.000000000000000,0.0000000000000000
67.000000000000000,10.000000000000000,0.0000000000000000
68.000000000000000,10.000000000000000,0.0000000000000000
69.000000000000000,10.000000000000000,0.0000000000000000
70.000000000000000,10.000000000000000,0.0000000000000000
71.000000000000000,10.000000000000000,0.0000000000000000
72.000000000000000,10.000000000000000,0.0000000000000000
73.000000000000000,10.000000000000000,0.0000000000000000
74.000000000000000,10.000000000000000,0.0000000000000000
75.000000000000000,10.000000000000000,0.0000000000000000
76.000000000000000,10.000000000000000,0.0000000000000000
77.000000000000000,10.000000000000000,0.0000000000000000
78.000000000000000,10.000000000000000,0.0000000000000000
79.000000000000000,10.000000000000000,0.0000000000000000
80.000000000000000,10.000000000000000,0.0000000000000000
81.000000000000000,10.000000000000000,0.0000000000000000
82.000000000000000,10.000000000000000,0.0000000000000000
83.000000000000000,10.000000000000000,0.0000000000000000
84.000000000000000,10.000000000000000,0.0000000000000000
85.000000000000000,10.000000000000000,0.0000000000000000
86.000000000000000,10.000000000000000,0.0000000000000000
87.000000000000000,10.000000000000000,0.0000000000000000
88.000000000000000,10.000000000000000,0.0000000000000000
89.000000000000000,10.000000000000000,0.0000000000000000
90.000000000000000,10.000000000000000,0.0000000000000000
91.000000000000000,10.000000000000000,0.0000000000000000
92.000000000000000,10.000000000000000,0.0000000000000000
93.000000000000000,10.000000000000000,0.0000000000000000
94.000000000000000,10.000000000000000,0.0000000000000000
95.000000000000000,10.000000000000000,0.0000000000000000
96.000000000000000,10.000000000000000,0.0000000000000000
97.000000000000000,10.000000000000000,0.0000000000000000
98.000000000000000,10.000000000000000,0.0000000000000000
99.000000000000000,10.000000000000000,0.0000000000000000
100.00000000000000,10.000000000000000,0.0000000000000000
101.00000000000000,10.000000000000000,0.0000000000000000
102.00000000000000,10.000000000000000,0.0000000000000000
103.00000000000000,10.000000000000000,0.0000000000000000
104.00000000000000,10.000000000000000,0.0000000000000000
105.00000000000000,10.000000000000000,0.0000000000000000
106.00000000000000,10.000000000000000,0.0000000000000000
107.00000000000000,10.000000000000000,0.0000000000000000
108.00000000000000,10.000000000000000,0.0000000000000000
109.00000000000000,10.000000000000000,0.0000000000000000
110.00000000000000,10.000000000000000,0.0000000000000000
111.00000000000000,10.000000000000000,0.0000000000000000
112.00000000000000,10.000000000000000,0.0000000000000000
113.00000000000000,10.000000000000000,0.0000000000000000
1.0000000000000000,11.000000000000000,0.0000000000000000
2.0000000000000000,11.000000000000000,0.0000000000000000
3.0000000000000000,11.000000000000000,0.0000000000000000
4.0000000000000000,11.000000000000000,0.0000000000000000
5.0000000000000000,11.000000000000000,0.0000000000000000
6.0000000000000000,11.000000000000000,0.0000000000000000
7.0000000000000000,11.000000000000000,0.0000000000000000
8.0000000000000000,11.000000000000000,0.0000000000000000
9.0000000000000000,11.000000000000000,0.0000000000000000
10.000000000000000,11.000000000000000,0.0000000000000000
11.000000000000000,11.000000000000000,0.0000000000000000
12.000000000000000,11.000000000000000,0.0000000000000000
13.000000000000000,11.000000000000000,0.0000000000000000
14.000000000000000,11.000000000000000,0.0000000000000000
15.000000000000000,11.000000000000000,0.0000000000000000
16.000000000000000,11.000000000000000,0.0000000000000000
17.000000000000000,11.000000000000000,0.0000000000000000
18.000000000000000,11.000000000000000,0.0000000000000000
19.000000000000000,11.000000000000000,0.0000000000000000
20.000000000000000,11.000000000000000,0.0000000000000000
21.000000000000000,11.000000000000000,0.0000000000000000
22.000000000000000,11.000000000000000,0.0000000000000000
23.000000000000000,11.000000000000000,0.0000000000000000
24.000000000000000,11.000000000000000,0.0000000000000000
25.000000000000000,11.000000000000000,0.0000000000000000
26.000000000000000,11.000000000000000,0.0000000000000000
27.000000000000000,11.000000000000000,0.0000000000000000
28.000000000000000,11.000000000000000,0.0000000000000000
29.000000000000000,11.000000000000000,0.0000000000000000
30.000000000000000,11.000000000000000,0.0000000000000000
31.000000000000000,11.000000000000000,0.0000000000000000
32.000000000000000,11.000000000000000,0.0000000000000000
33.000000000000000,11.000000000000000,0.0000000000000000
34.000000000000000,11.000000000000000,0.0000000000000000
35.000000000000000,11.000000000000000,0.0000000000000000
36.000000000000000,11.000000000000000,0.0000000000000000
37.000000000000000,11.000000000000000,0.0000000000000000
38.000000000000000,11.000000000000000,0.0000000000000000
39.000000000000000,11.000000000000000,0.0000000000000000
40.000000000000000,11.000000000000000,0.0000000000000000
41.000000000000000,11.000000000000000,0.0000000000000000
42.000000000000000,11.000000000000000,0.0000000000000000
43.000000000000000,11.000000000000000,0.0000000000000000
44.000000000000000,11.000000000000000,0.0000000000000000
45.000000000000000,11.000000000000000,0.0000000000000000
46.000000000000000,11.000000000000000,0.0000000000000000
47.000000000000000,11.000000000000000,0.0000000000000000
48.000000000000000,11.000000000000000,0.0000000000000000
49.000000000000000,11.000000000000000,0.0000000000000000
50.000000000000000,11.000000000000000,0.0000000000000000
51.000000000000000,11.000000000000000,0.0000000000000000
52.000000000000000,11.000000000000000,0.0000000000000000
53.000000000000000,11.000000000000000,0.0000000000000000
54.000000000000000,11.000000000000000,0.0000000000000000
55.000000000000000,11.000000000000000,0.0000000000000000
56.000000000000000,11.000000000000000,0.0000000000000000
57.000000000000000,11.000000000000000,0.0000000000000000
58.000000000000000,11.000000000000000,0.0000000000000000
59.000000000000000,11.000000000000000,0.0000000000000000
60.000000000000000,11.000000000000000,0.0000000000000000
61.000000000000000,11.000000000000000,0.0000000000000000
62.000000000000000,11.000000000000000,0.0000000000000000
63.000000000000000,11.000000000000000,0.0000000000000000
64.000000000000000,11.000000000000000,0.0000000000000000
65.000000000000000,11.000000000000000,0.0000000000000000
66.000000000000000,11.000000000000000,0.0000000000000000
67.000000000000000,11.000000000000000,0.0000000000000000
68.000000000000000,11.000000000000000,0.0000000000000000
69.000000000000000,11.000000000000000,0.0000000000000000
70.000000000000000,11.000000000000000,0.0000000000000000
71.000000000000000,11.000000000000000,0.0000000000000000
72.000000000000000,11.000000000000000,0.0000000000000000
73.000000000000000,11.000000000000000,0.0000000000000000
74.000000000000000,11.000000000000000,0.0000000000000000
75.000000000000000,11.000000000000000,0.0000000000000000
76.000000000000000,11.000000000000000,0.0000000000000000
77.000000000000000,11.000000000000000,0.0000000000000000
78.000000000000000,11.000000000000000,0.0000000000000000
79.000000000000000,11.000000000000000,0.0000000000000000
80.000000000000000,11.000000000000000,0.0000000000000000
81.000000000000000,11.000000000000000,0.0000000000000000
82.000000000000000,11.000000000000000,0.0000000000000000
83.000000000000000,11.000000000000000,0.0000000000000000
84.000000000000000,11.000000000000000,0.0000000000000000
85.000000000000000,11.000000000000000,0.0000000000000000
86.000000000000000,11.000000000000000,0.0000000000000000
87.000000000000000,11.000000000000000,0.0000000000000000
88.000000000000000,11.000000000000000,0.0000000000000000
89.000000000000000,11.000000000000000,0.0000000000000000
90.000000000000000,11.000000000000000,0.0000000000000000
91.000000000000000,11.000000000000000,0.0000000000000000
92.000000000000000,11.000000000000000,0.0000000000000000
93.000000000000000,11.000000000000000,0.0000000000000000
94.000000000000000,11.000000000000000,0.0000000000000000
95.000000000000000,11.000000000000000,0.0000000000000000
96.000000000000000,11.000000000000000,0.0000000000000000
97.000000000000000,11.000000000000000,0.0000000000000000
98.000000000000000,11.000000000000000,0.0000000000000000
99.000000000000000,11.000000000000000,0.0000000000000000
100.00000000000000,11.000000000000000,0.0000000000000000
101.00000000000000,11.000000000000000,0.0000000000000000
102.00000000000000,11.000000000000000,0.0000000000000000
103.00000000000000,11.000000000000000,0.0000000000000000
104.00000000000000,11.000000000000000,0.0000000000000000
105.00000000000000,11.000000000000000,0.0000000000000000
106.00000000000000,11.000000000000000,0.0000000000000000
107.00000000000000,11.000000000000000,0.0000000000000000
108.00000000000000,11.000000000000000,0.0000000000000000
109.00000000000000,11.000000000000000,0.0000000000000000
110.00000000000000,11.000000000000000,0.0000000000000000
111.00000000000000,11.000000000000000,0.0000000000000000
112.00000000000000,11.000000000000000,0.0000000000000000
113.00000000000000,11.000000000000000,0.0000000000000000
1.0000000000000000,12.000000000000000,0.0000000000000000
2.0000000000000000,12.000000000000000,0.0000000000000000
3.0000000000000000,12.000000000000000,0.0000000000000000
4.0000000000000000,12.000000000000000,0.0000000000000000
5.0000000000000000,12.000000000000000,0.0000000000000000
6.0000000000000000,12.000000000000000,0.0000000000000000
7.0000000000000000,12.000000000000000,0.0000000000000000
8.0000000000000000,12.000000000000000,0.0000000000000000
9.0000000000000000,12.000000000000000,0.0000000000000000
10.000000000000000,12.000000000000000,0.0000000000000000
11.000000000000000,12.000000000000000,0.0000000000000000
12.000000000000000,12.000000000000000,0.0000000000000000
13.000000000000000,12.000000000000000,0.0000000000000000
14.000000000000000,12.000000000000000,0.0000000000000000
15.000000000000000,12.000000000000000,0.0000000000000000
16.000000000000000,12.000000000000000,0.0000000000000000
17.000000000000000,12.000000000000000,0.0000000000000000
18.000000000000000,12.000000000000000,0.0000000000000000
19.000000000000000,12.000000000000000,0.0000000000000000
20.000000000000000,12.000000000000000,0.0000000000000000
21.000000000000000,12.000000000000000,0.0000000000000000
22.000000000000000,12.000000000000000,0.0000000000000000
23.000000000000000,12.000000000000000,0.0000000000000000
24.000000000000000,12.000000000000000,0.0000000000000000
25.000000000000000,12.000000000000000,0.0000000000000000
26.000000000000000,12.000000000000000,0.0000000000000000
27.000000000000000,12.000000000000000,0.0000000000000000
28.000000000000000,12.000000000000000,0.0000000000000000
29.000000000000000,12.000000000000000,0.0000000000000000
30.000000000000000,12.000000000000000,0.0000000000000000
31.000000000000000,12.000000000000000,0.0000000000000000
32.000000000000000,12.000000000000000,0.0000000000000000
33.000000000000000,12.000000000000000,0.0000000000000000
34.000000000000000,12.000000000000000,0.0000000000000000
35.000000000000000,12.000000000000000,0.0000000000000000
36.000000000000000,12.000000000000000,0.0000000000000000
37.000000000000000,12.000000000000000,0.0000000000000000
38.000000000000000,12.000000000000000,0.0000000000000000
39.000000000000000,12.000000000000000,0.0000000000000000
40.000000000000000,12.000000000000000,0.0000000000000000
41.000000000000000,12.000000000000000,0.0000000000000000
42.000000000000000,12.000000000000000,0.0000000000000000
43.000000000000000,12.000000000000000,0.0000000000000000
44.000000000000000,12.000000000000000,0.0000000000000000
45.000000000000000,12.000000000000000,0.0000000000000000
46.000000000000000,12.000000000000000,0.0000000000000000
47.000000000000000,12.000000000000000,0.0000000000000000
48.000000000000000,12.000000000000000,0.0000000000000000
49.000000000000000,12.000000000000000,0.0000000000000000
50.000000000000000,12.000000000000000,0.0000000000000000
51.000000000000000,12.000000000000000,0.0000000000000000
52.000000000000000,12.000000000000000,0.0000000000000000
53.000000000000000,12.000000000000000,0.0000000000000000
54.000000000000000,12.000000000000000,0.0000000000000000
55.000000000000000,12.000000000000000,0.0000000000000000
56.000000000000000,12.000000000000000,0.0000000000000000
57.000000000000000,12.000000000000000,0.0000000000000000
58.000000000000000,12.000000000000000,0.0000000000000000
59.000000000000000,12.000000000000000,0.0000000000000000
60.000000000000000,12.000000000000000,0.0000000000000000
61.000000000000000,12.000000000000000,0.0000000000000000
62.000000000000000,12.000000000000000,0.0000000000000000
63.000000000000000,12.000000000000000,0.0000000000000000
64.000000000000000,12.000000000000000,0.0000000000000000
65.000000000000000,12.000000000000000,0.0000000000000000
66.000000000000000,12.000000000000000,0.0000000000000000
67.000000000000000,12.000000000000000,0.0000000000000000
68.000000000000000,12.000000000000000,0.0000000000000000
69.000000000000000,12.000000000000000,0.0000000000000000
70.000000000000000,12.000000000000000,0.0000000000000000
71.000000000000000,12.000000000000000,0.0000000000000000
72.000000000000000,12.000000000000000,0.0000000000000000
73.000000000000000,12.000000000000000,0.0000000000000000
74.000000000000000,12.000000000000000,0.0000000000000000
75.000000000000000,12.000000000000000,0.0000000000000000
76.000000000000000,12.000000000000000,0.0000000000000000
77.000000000000000,12.000000000000000,0.0000000000000000
78.000000000000000,12.000000000000000,0.0000000000000000
79.000000000000000,12.000000000000000,0.0000000000000000
80.000000000000000,12.000000000000000,0.0000000000000000
81.000000000000000,12.000000000000000,0.0000000000000000
82.000000000000000,12.000000000000000,0.0000000000000000
83.000000000000000,12.000000000000000,0.0000000000000000
84.000000000000000,12.000000000000000,0.0000000000000000
85.000000000000000,12.000000000000000,0.0000000000000000
86.000000000000000,12.000000000000000,0.0000000000000000
87.000000000000000,12.000000000000000,0.0000000000000000
88.000000000000000,12.000000000000000,0.0000000000000000
89.000000000000000,12.000000000000000,0.0000000000000000
90.000000000000000,12.000000000000000,0.0000000000000000
91.000000000000000,12.000000000000000,0.0000000000000000
92.000000000000000,12.000000000000000,0.0000000000000000
93.000000000000000,12.000000000000000,0.0000000000000000
94.000000000000000,12.000000000000000,0.0000000000000000
95.000000000000000,12.000000000000000,0.0000000000000000
96.000000000000000,12.000000000000000,0.0000000000000000
97.000000000000000,12.000000000000000,0.0000000000000000
98.000000000000000,12.000000000000000,0.0000000000000000
99.000000000000000,12.000000000000000,0.0000000000000000
100.00000000000000,12.000000000000000,0.0000000000000000
101.00000000000000,12.000000000000000,0.0000000000000000
102.00000000000000,12.000000000000000,0.0000000000000000
103.00000000000000,12.000000000000000,0.0000000000000000
104.00000000000000,12.000000000000000,0.0000000000000000
105.00000000000000,12.000000000000000,0.0000000000000000
106.00000000000000,12.000000000000000,0.0000000000000000
107.00000000000000,12.000000000000000,0.0000000000000000
108.00000000000000,12.000000000000000,0.0000000000000000
109.00000000000000,12.000000000000000,0.0000000000000000
110.00000000000000,12.000000000000000,0.0000000000000000
111.00000000000000,12.000000000000000,0.0000000000000000
112.00000000000000,12.000000000000000,0.0000000000000000
113.00000000000000,12.000000000000000,0.0000000000000000
1.0000000000000000,13.000000000000000,0.0000000000000000
2.0000000000000000,13.000000000000000,0.0000000000000000
3.0000000000000000,13.000000000000000,0.0000000000000000
4.0000000000000000,13.000000000000000,0.0000000000000000
5.0000000000000000,13.000000000000000,0.0000000000000000
6.0000000000000000,13.000000000000000,0.0000000000000000
7.0000000000000000,13.000000000000000,0.0000000000000000
8.0000000000000000,13.000000000000000,0.0000000000000000
9.0000000000000000,13.000000000000000,0.0000000000000000
10.000000000000000,13.000000000000000,0.0000000000000000
11.000000000000000,13.000000000000000,0.0000000000000000
12.000000000000000,13.000000000000000,0.0000000000000000
13.000000000000000,13.000000000000000,0.0000000000000000
14.000000000000000,13.000000000000000,0.0000000000000000
15.000000000000000,13.000000000000000,0.0000000000000000
16.000000000000000,13.000000000000000,0.0000000000000000
17.000000000000000,13.000000000000000,0.0000000000000000
18.000000000000000,13.000000000000000,0.0000000000000000
19.000000000000000,13.000000000000000,0.0000000000000000
20.000000000000000,13.000000000000000,0.0000000000000000
21.000000000000000,13.000000000000000,0.0000000000000000
22.000000000000000,13.000000000000000,0.0000000000000000
23.000000000000000,13.000000000000000,0.0000000000000000
24.000000000000000,13.000000000000000,0.0000000000000000
25.000000000000000,13.000000000000000,0.0000000000000000
26.000000000000000,13.000000000000000,0.0000000000000000
27.000000000000000,13.000000000000000,0.0000000000000000
28.000000000000000,13.000000000000000,0.0000000000000000
29.000000000000000,13.000000000000000,0.0000000000000000
30.000000000000000,13.000000000000000,0.0000000000000000
31.000000000000000,13.000000000000000,0.0000000000000000
32.000000000000000,13.000000000000000,0.0000000000000000
33.000000000000000,13.000000000000000,0.0000000000000000
34.000000000000000,13.000000000000000,0.0000000000000000
35.000000000000000,13.000000000000000,0.0000000000000000
36.000000000000000,13.000000000000000,0.0000000000000000
37.000000000000000,13.000000000000000,0.0000000000000000
38.000000000000000,13.000000000000000,0.0000000000000000
39.000000000000000,13.000000000000000,0.0000000000000000
40.000000000000000,13.000000000000000,0.0000000000000000
41.000000000000000,13.000000000000000,0.0000000000000000
42.000000000000000,13.000000000000000,0.0000000000000000
43.000000000000000,13.000000000000000,0.0000000000000000
44.000000000000000,13.000000000000000,0.0000000000000000
45.000000000000000,13.000000000000000,0.0000000000000000
46.000000000000000,13.000000000000000,0.0000000000000000
47.000000000000000,13.000000000000000,0.0000000000000000
48.000000000000000,13.000000000000000,0.0000000000000000
49.000000000000000,13.000000000000000,0.0000000000000000
50.000000000000000,13.000000000000000,0.0000000000000000
51.000000000000000,13.000000000000000,0.0000000000000000
52.000000000000000,13.000000000000000,0.0000000000000000
53.000000000000000,13.000000000000000,0.0000000000000000
54.000000000000000,13.000000000000000,0.0000000000000000
55.000000000000000,13.000000000000000,0.0000000000000000
56.000000000000000,13.000000000000000,0.0000000000000000
57.000000000000000,13.000000000000000,0.0000000000000000
58.000000000000000,13.000000000000000,0.0000000000000000
59.000000000000000,13.000000000000000,0.0000000000000000
60.000000000000000,13.000000000000000,0.0000000000000000
61.000000000000000,13.000000000000000,0.0000000000000000
62.000000000000000,13.000000000000000,0.0000000000000000
63.000000000000000,13.000000000000000,0.0000000000000000
64.000000000000000,13.000000000000000,0.0000000000000000
65.000000000000000,13.000000000000000,0.0000000000000000
66.000000000000000,13.000000000000000,0.0000000000000000
67.000000000000000,13.000000000000000,0.0000000000000000
68.000000000000000,13.000000000000000,0.0000000000000000
69.000000000000000,13.000000000000000,0.0000000000000000
70.000000000000000,13.000000000000000,0.0000000000000000
71.000000000000000,13.000000000000000,0.0000000000000000
72.000000000000000,13.000000000000000,0.0000000000000000
73.000000000000000,13.000000000000000,0.0000000000000000
74.000000000000000,13.000000000000000,0.0000000000000000
75.000000000000000,13.000000000000000,0.0000000000000000
76.000000000000000,13.000000000000000,0.0000000000000000
77.000000000000000,13.000000000000000,0.0000000000000000
78.000000000000000,13.000000000000000,0.0000000000000000
79.000000000000000,13.000000000000000,0.0000000000000000
80.000000000000000,13.000000000000000,0.0000000000000000
81.000000000000000,13.000000000000000,0.0000000000000000
82.000000000000000,13.000000000000000,0.0000000000000000
83.000000000000000,13.000000000000000,0.0000000000000000
84.000000000000000,13.000000000000000,0.0000000000000000
85.000000000000000,13.000000000000000,0.0000000000000000
86.000000000000000,13.000000000000000,0.0000000000000000
87.000000000000000,13.000000000000000,0.0000000000000000
88.000000000000000,13.000000000000000,0.0000000000000000
89.000000000000000,13.000000000000000,0.0000000000000000
90.000000000000000,13.000000000000000,0.0000000000000000
91.000000000000000,13.000000000000000,0.0000000000000000
92.000000000000000,13.000000000000000,0.0000000000000000
93.000000000000000,13.000000000000000,0.0000000000000000
94.000000000000000,13.000000000000000,0.0000000000000000
95.000000000000000,13.000000000000000,0.0000000000000000
96.000000000000000,13.000000000000000,0.0000000000000000
97.000000000000000,13.000000000000000,0.0000000000000000
98.000000000000000,13.000000000000000,0.0000000000000000
99.000000000000000,13.000000000000000,0.0000000000000000
100.00000000000000,13.000000000000000,0.0000000000000000
101.00000000000000,13.000000000000000,0.0000000000000000
102.00000000000000,13.000000000000000,0.0000000000000000
103.00000000000000,13.000000000000000,0.0000000000000000
104.00000000000000,13.000000000000000,0.0000000000000000
105.00000000000000,13.000000000000000,0.0000000000000000
106.00000000000000,13.000000000000000,0.0000000000000000
107.00000000000000,13.000000000000000,0.0000000000000000
108.00000000000000,13.000000000000000,0.0000000000000000
109.00000000000000,13.000000000000000,0.0000000000000000
110.00000000000000,13.000000000000000,0.0000000000000000
111.00000000000000,13.000000000000000,0.0000000000000000
112.00000000000000,13.000000000000000,0.0000000000000000
113.00000000000000,13.000000000000000,0.0000000000000000
1.0000000000000000,14.000000000000000,0.0000000000000000
2.0000000000000000,14.000000000000000,0.0000000000000000
3.0000000000000000,14.000000000000000,0.0000000000000000
4.0000000000000000,14.000000000000000,0.0000000000000000
5.0000000000000000,14.000000000000000,0.0000000000000000
6.0000000000000000,14.000000000000000,0.0000000000000000
7.0000000000000000,14.000000000000000,0.0000000000000000
8.0000000000000000,14.000000000000000,0.0000000000000000
9.0000000000000000,14.000000000000000,0.0000000000000000
10.000000000000000,14.000000000000000,0.0000000000000000
11.000000000000000,14.000000000000000,0.0000000000000000
12.000000000000000,14.000000000000000,0.0000000000000000
13.000000000000000,14.000000000000000,0.0000000000000000
14.000000000000000,14.000000000000000,0.0000000000000000
15.000000000000000,14.000000000000000,0.0000000000000000
16.000000000000000,14.000000000000000,0.0000000000000000
17.000000000000000,14.000000000000000,0.0000000000000000
18.000000000000000,14.000000000000000,0.0000000000000000
19.000000000000000,14.000000000000000,0.0000000000000000
20.000000000000000,14.000000000000000,0.0000000000000000
21.000000000000000,14.000000000000000,0.0000000000000000
22.000000000000000,14.000000000000000,0.0000000000000000
23.000000000000000,14.000000000000000,0.0000000000000000
24.000000000000000,14.000000000000000,0.0000000000000000
25.000000000000000,14.000000000000000,0.0000000000000000
26.000000000000000,14.000000000000000,0.0000000000000000
27.000000000000000,14.000000000000000,0.0000000000000000
28.000000000000000,14.000000000000000,0.0000000000000000
29.000000000000000,14.000000000000000,0.0000000000000000
30.000000000000000,14.000000000000000,0.0000000000000000
31.000000000000000,14.000000000000000,0.0000000000000000
32.000000000000000,14.000000000000000,0.0000000000000000
33.000000000000000,14.000000000000000,0.0000000000000000
34.000000000000000,14.000000000000000,0.0000000000000000
35.000000000000000,14.000000000000000,0.0000000000000000
36.000000000000000,14.000000000000000,0.0000000000000000
37.000000000000000,14.000000000000000,0.0000000000000000
38.000000000000000,14.000000000000000,0.0000000000000000
39.000000000000000,14.000000000000000,0.0000000000000000
40.000000000000000,14.000000000000000,0.0000000000000000
41.000000000000000,14.000000000000000,0.0000000000000000
42.000000000000000,14.000000000000000,0.0000000000000000
43.000000000000000,14.000000000000000,0.0000000000000000
44.000000000000000,14.000000000000000,0.0000000000000000
45.000000000000000,14.000000000000000,0.0000000000000000
46.000000000000000,14.000000000000000,0.0000000000000000
47.000000000000000,14.000000000000000,0.0000000000000000
48.000000000000000,14.000000000000000,0.0000000000000000
49.000000000000000,14.000000000000000,0.0000000000000000
50.000000000000000,14.000000000000000,0.0000000000000000
51.000000000000000,14.000000000000000,0.0000000000000000
52.000000000000000,14.000000000000000,0.0000000000000000
53.000000000000000,14.000000000000000,0.0000000000000000
54.000000000000000,14.000000000000000,0.0000000000000000
55.000000000000000,14.000000000000000,0.0000000000000000
56.000000000000000,14.000000000000000,0.0000000000000000
57.000000000000000,14.000000000000000,0.0000000000000000
58.000000000000000,14.000000000000000,0.0000000000000000
59.000000000000000,14.000000000000000,0.0000000000000000
60.000000000000000,14.000000000000000,0.0000000000000000
61.000000000000000,14.000000000000000,0.0000000000000000
62.000000000000000,14.000000000000000,0.0000000000000000
63.000000000000000,14.000000000000000,0.0000000000000000
64.000000000000000,14.000000000000000,0.0000000000000000
65.000000000000000,14.000000000000000,0.0000000000000000
66.000000000000000,14.000000000000000,0.0000000000000000
67.000000000000000,14.000000000000000,0.0000000000000000
68.000000000000000,14.000000000000000,0.0000000000000000
69.000000000000000,14.000000000000000,0.0000000000000000
70.000000000000000,14.000000000000000,0.0000000000000000
71.000000000000000,14.000000000000000,0.0000000000000000
72.000000000000000,14.000000000000000,0.0000000000000000
73.000000000000000,14.000000000000000,0.0000000000000000
74.000000000000000,14.000000000000000,0.0000000000000000
75.000000000000000,14.000000000000000,0.0000000000000000
76.000000000000000,14.000000000000000,0.0000000000000000
77.000000000000000,14.000000000000000,0.0000000000000000
78.000000000000000,14.000000000000000,0.0000000000000000
79.000000000000000,14.000000000000000,0.0000000000000000
80.000000000000000,14.000000000000000,0.0000000000000000
81.000000000000000,14.000000000000000,0.0000000000000000
82.000000000000000,14.000000000000000,0.0000000000000000
83.000000000000000,14.000000000000000,0.0000000000000000
84.000000000000000,14.000000000000000,0.0000000000000000
85.000000000000000,14.000000000000000,0.0000000000000000
86.000000000000000,14.000000000000000,0.0000000000000000
87.000000000000000,14.000000000000000,0.0000000000000000
88.000000000000000,14.000000000000000,0.0000000000000000
89.000000000000000,14.000000000000000,0.0000000000000000
90.000000000000000,14.000000000000000,0.0000000000000000
91.000000000000000,14.000000000000000,0.0000000000000000
92.000000000000000,14.000000000000000,0.0000000000000000
93.000000000000000,14.000000000000000,0.0000000000000000
94.000000000000000,14.000000000000000,0.0000000000000000
95.000000000000000,14.000000000000000,0.0000000000000000
96.000000000000000,14.000000000000000,0.0000000000000000
97.000000000000000,14.000000000000000,0.0000000000000000
98.000000000000000,14.000000000000000,0.0000000000000000
99.000000000000000,14.000000000000000,0.0000000000000000
100.00000000000000,14.000000000000000,0.0000000000000000
101.00000000000000,14.000000000000000,0.0000000000000000
102.00000000000000,14.000000000000000,0.0000000000000000
103.00000000000000,14.000000000000000,0.0000000000000000
104.00000000000000,14.000000000000000,0.0000000000000000
105.00000000000000,14.000000000000000,0.0000000000000000
106.00000000000000,14.000000000000000,0.0000000000000000
107.00000000000000,14.000000000000000,0.0000000000000000
108.00000000000000,14.000000000000000,0.0000000000000000
109.00000000000000,14.000000000000000,0.0000000000000000
110.00000000000000,14.000000000000000,0.0000000000000000
111.00000000000000,14.000000000000000,0.0000000000000000
112.00000000000000,14.000000000000000,0.0000000000000000
113.00000000000000,14.000000000000000,0.0000000000000000
1.0000000000000000,15.000000000000000,0.0000000000000000
2.0000000000000000,15.000000000000000,0.0000000000000000
3.0000000000000000,15.000000000000000,0.0000000000000000
4.0000000000000000,15.000000000000000,0.0000000000000000
5.0000000000000000,15.000000000000000,0.0000000000000000
6.0000000000000000,15.000000000000000,0.0000000000000000
7.0000000000000000,15.000000000000000,0.0000000000000000
8.0000000000000000,15.000000000000000,0.0000000000000000
9.0000000000000000,15.000000000000000,0.0000000000000000
10.000000000000000,15.000000000000000,0.0000000000000000
11.000000000000000,15.000000000000000,0.0000000000000000
12.000000000000000,15.000000000000000,0.0000000000000000
13.000000000000000,15.000000000000000,0.0000000000000000
14.000000000000000,15.000000000000000,0.0000000000000000
15.000000000000000,15.000000000000000,0.0000000000000000
16.000000000000000,15.000000000000000,0.0000000000000000
17.000000000000000,15.000000000000000,0.0000000000000000
18.000000000000000,15.000000000000000,0.0000000000000000
19.000000000000000,15.000000000000000,0.0000000000000000
20.000000000000000,15.000000000000000,0.0000000000000000
21.000000000000000,15.000000000000000,0.0000000000000000
22.000000000000000,15.000000000000000,0.0000000000000000
23.000000000000000,15.000000000000000,0.0000000000000000
24.000000000000000,15.000000000000000,0.0000000000000000
25.000000000000000,15.000000000000000,0.0000000000000000
26.000000000000000,15.000000000000000,0.0000000000000000
27.000000000000000,15.000000000000000,0.0000000000000000
28.000000000000000,15.000000000000000,0.0000000000000000
29.000000000000000,15.000000000000000,0.0000000000000000
30.000000000000000,15.000000000000000,0.0000000000000000
31.000000000000000,15.000000000000000,0.0000000000000000
32.000000000000000,15.000000000000000,0.0000000000000000
33.000000000000000,15.000000000000000,0.0000000000000000
34.000000000000000,15.000000000000000,0.0000000000000000
35.000000000000000,15.000000000000000,0.0000000000000000
36.000000000000000,15.000000000000000,0.0000000000000000
37.000000000000000,15.000000000000000,0.0000000000000000
38.000000000000000,15.000000000000000,0.0000000000000000
39.000000000000000,15.000000000000000,0.0000000000000000
40.000000000000000,15.000000000000000,0.0000000000000000
41.000000000000000,15.000000000000000,0.0000000000000000
42.000000000000000,15.000000000000000,0.0000000000000000
43.000000000000000,15.000000000000000,0.0000000000000000
44.000000000000000,15.000000000000000,0.0000000000000000
45.000000000000000,15.000000000000000,0.0000000000000000
46.000000000000000,15.000000000000000,0.0000000000000000
47.000000000000000,15.000000000000000,0.0000000000000000
48.000000000000000,15.000000000000000,0.0000000000000000
49.000000000000000,15.000000000000000,0.0000000000000000
50.000000000000000,15.000000000000000,0.0000000000000000
51.000000000000000,15.000000000000000,0.0000000000000000
52.000000000000000,15.000000000000000,0.0000000000000000
53.000000000000000,15.000000000000000,0.0000000000000000
54.000000000000000,15.000000000000000,0.0000000000000000
55.000000000000000,15.000000000000000,0.0000000000000000
56.000000000000000,15.000000000000000,0.0000000000000000
57.000000000000000,15.000000000000000,0.0000000000000000
58.000000000000000,15.000000000000000,0.0000000000000000
59.000000000000000,15.000000000000000,0.0000000000000000
60.000000000000000,15.000000000000000,0.0000000000000000
61.000000000000000,15.000000000000000,0.0000000000000000
62.000000000000000,15.000000000000000,0.0000000000000000
63.000000000000000,15.000000000000000,0.0000000000000000
64.000000000000000,15.000000000000000,0.0000000000000000
65.000000000000000,15.000000000000000,0.0000000000000000
66.000000000000000,15.000000000000000,0.0000000000000000
67.000000000000000,15.000000000000000,0.0000000000000000
68.000000000000000,15.000000000000000,0.0000000000000000
69.000000000000000,15.000000000000000,0.0000000000000000
70.000000000000000,15.000000000000000,0.0000000000000000
71.000000000000000,15.000000000000000,0.0000000000000000
72.000000000000000,15.000000000000000,0.0000000000000000
73.000000000000000,15.000000000000000,0.0000000000000000
74.000000000000000,15.000000000000000,0.0000000000000000
75.000000000000000,15.000000000000000,0.0000000000000000
76.000000000000000,15.000000000000000,0.0000000000000000
77.000000000000000,15.000000000000000,0.0000000000000000
78.000000000000000,15.000000000000000,0.0000000000000000
79.000000000000000,15.000000000000000,0.0000000000000000
80.000000000000000,15.000000000000000,0.0000000000000000
81.000000000000000,15.000000000000000,0.0000000000000000
82.000000000000000,15.000000000000000,0.0000000000000000
83.000000000000000,15.000000000000000,0.0000000000000000
84.000000000000000,15.000000000000000,0.0000000000000000
85.000000000000000,15.000000000000000,0.0000000000000000
86.000000000000000,15.000000000000000,0.0000000000000000
87.000000000000000,15.000000000000000,0.0000000000000000
88.000000000000000,15.000000000000000,0.0000000000000000
89.000000000000000,15.000000000000000,0.0000000000000000
90.000000000000000,15.000000000000000,0.0000000000000000
91.000000000000000,15.000000000000000,0.0000000000000000
92.000000000000000,15.000000000000000,0.0000000000000000
93.000000000000000,15.000000000000000,0.0000000000000000
94.000000000000000,15.000000000000000,0.0000000000000000
95.000000000000000,15.000000000000000,0.0000000000000000
96.000000000000000,15.000000000000000,0.0000000000000000
97.000000000000000,15.000000000000000,0.0000000000000000
98.000000000000000,15.000000000000000,0.0000000000000000
99.000000000000000,15.000000000000000,0.0000000000000000
100.00000000000000,15.000000000000000,0.0000000000000000
101.00000000000000,15.000000000000000,0.0000000000000000
102.00000000000000,15.000000000000000,0.0000000000000000
103.00000000000000,15.000000000000000,0.0000000000000000
104.00000000000000,15.000000000000000,0.0000000000000000
105.00000000000000,15.000000000000000,0.0000000000000000
106.00000000000000,15.000000000000000,0.0000000000000000
107.00000000000000,15.000000000000000,0.0000000000000000
108.00000000000000,15.000000000000000,0.0000000000000000
109.00000000000000,15.000000000000000,0.0000000000000000
110.00000000000000,15.000000000000000,0.0000000000000000
111.00000000000000,15.000000000000000,0.0000000000000000
112.00000000000000,15.000000000000000,0.0000000000000000
113.00000000000000,15.000000000000000,0.0000000000000000
1.0000000000000000,16.000000000000000,0.0000000000000000
2.0000000000000000,16.000000000000000,0.0000000000000000
3.0000000000000000,16.000000000000000,0.0000000000000000
4.0000000000000000,16.000000000000000,0.0000000000000000
5.0000000000000000,16.000000000000000,0.0000000000000000
6.0000000000000000,16.000000000000000,0.0000000000000000
7.0000000000000000,16.000000000000000,0.0000000000000000
8.0000000000000000,16.000000000000000,0.0000000000000000
9.0000000000000000,16.000000000000000,0.0000000000000000
10.000000000000000,16.000000000000000,0.0000000000000000
11.000000000000000,16.000000000000000,0.0000000000000000
12.000000000000000,16.000000000000000,0.0000000000000000
13.000000000000000,16.000000000000000,0.0000000000000000
14.000000000000000,16.000000000000000,0.0000000000000000
15.000000000000000,16.000000000000000,0.0000000000000000
16.000000000000000,16.000000000000000,0.0000000000000000
17.000000000000000,16.000000000000000,0.0000000000000000
18.000000000000000,16.000000000000000,0.0000000000000000
19.000000000000000,16.000000000000000,0.0000000000000000
20.000000000000000,16.000000000000000,0.0000000000000000
21.000000000000000,16.000000000000000,0.0000000000000000
22.000000000000000,16.000000000000000,0.0000000000000000
23.000000000000000,16.000000000000000,0.0000000000000000
24.000000000000000,16.000000000000000,0.0000000000000000
25.000000000000000,16.000000000000000,0.0000000000000000
26.000000000000000,16.000000000000000,0.0000000000000000
27.000000000000000,16.000000000000000,0.0000000000000000
28.000000000000000,16.000000000000000,0.0000000000000000
29.000000000000000,16.000000000000000,0.0000000000000000
30.000000000000000,16.000000000000000,0.0000000000000000
31.000000000000000,16.000000000000000,0.0000000000000000
32.000000000000000,16.000000000000000,0.0000000000000000
33.000000000000000,16.000000000000000,0.0000000000000000
34.000000000000000,16.000000000000000,0.0000000000000000
35.000000000000000,16.000000000000000,0.0000000000000000
36.000000000000000,16.000000000000000,0.0000000000000000
37.000000000000000,16.000000000000000,0.0000000000000000
38.000000000000000,16.000000000000000,0.0000000000000000
39.000000000000000,16.000000000000000,0.0000000000000000
40.000000000000000,16.000000000000000,0.0000000000000000
41.000000000000000,16.000000000000000,0.0000000000000000
42.000000000000000,16.000000000000000,0.0000000000000000
43.000000000000000,16.000000000000000,0.0000000000000000
44.000000000000000,16.000000000000000,0.0000000000000000
45.000000000000000,16.000000000000000,0.0000000000000000
46.000000000000000,16.000000000000000,0.0000000000000000
47.000000000000000,16.000000000000000,0.0000000000000000
48.000000000000000,16.000000000000000,0.0000000000000000
49.000000000000000,16.000000000000000,0.0000000000000000
50.000000000000000,16.000000000000000,0.0000000000000000
51.000000000000000,16.000000000000000,0.0000000000000000
52.000000000000000,16.000000000000000,0.0000000000000000
53.000000000000000,16.000000000000000,0.0000000000000000
54.000000000000000,16.000000000000000,0.0000000000000000
55.000000000000000,16.000000000000000,0.0000000000000000
56.000000000000000,16.000000000000000,0.0000000000000000
57.000000000000000,16.000000000000000,0.0000000000000000
58.000000000000000,16.000000000000000,0.0000000000000000
59.000000000000000,16.000000000000000,0.0000000000000000
60.000000000000000,16.000000000000000,0.0000000000000000
61.000000000000000,16.000000000000000,0.0000000000000000
62.000000000000000,16.000000000000000,0.0000000000000000
63.000000000000000,16.000000000000000,0.0000000000000000
64.000000000000000,16.000000000000000,0.0000000000000000
65.000000000000000,16.000000000000000,0.0000000000000000
66.000000000000000,16.000000000000000,0.0000000000000000
67.000000000000000,16.000000000000000,0.0000000000000000
68.000000000000000,16.000000000000000,0.0000000000000000
69.000000000000000,16.000000000000000,0.0000000000000000
70.000000000000000,16.000000000000000,0.0000000000000000
71.000000000000000,16.000000000000000,0.0000000000000000
72.000000000000000,16.000000000000000,0.0000000000000000
73.000000000000000,16.000000000000000,0.0000000000000000
74.000000000000000,16.000000000000000,0.0000000000000000
75.000000000000000,16.000000000000000,0.0000000000000000
76.000000000000000,16.000000000000000,0.0000000000000000
77.000000000000000,16.000000000000000,0.0000000000000000
78.000000000000000,16.000000000000000,0.0000000000000000
79.000000000000000,16.000000000000000,0.0000000000000000
80.000000000000000,16.000000000000000,0.0000000000000000
81.000000000000000,16.000000000000000,0.0000000000000000
82.000000000000000,16.000000000000000,0.0000000000000000
83.000000000000000,16.000000000000000,0.0000000000000000
84.000000000000000,16.000000000000000,0.0000000000000000
85.000000000000000,16.000000000000000,0.0000000000000000
86.000000000000000,16.000000000000000,0.0000000000000000
87.000000000000000,16.000000000000000,0.0000000000000000
88.000000000000000,16.000000000000000,0.0000000000000000
89.000000000000000,16.000000000000000,0.0000000000000000
90.000000000000000,16.000000000000000,0.0000000000000000
91.000000000000000,16.000000000000000,0.0000000000000000
92.000000000000000,16.000000000000000,0.0000000000000000
93.000000000000000,16.000000000000000,0.0000000000000000
94.000000000000000,16.000000000000000,0.0000000000000000
95.000000000000000,16.000000000000000,0.0000000000000000
96.000000000000000,16.000000000000000,0.0000000000000000
97.000000000000000,16.000000000000000,0.0000000000000000
98.000000000000000,16.000000000000000,0.0000000000000000
99.000000000000000,16.000000000000000,0.0000000000000000
100.00000000000000,16.000000000000000,0.0000000000000000
101.00000000000000,16.000000000000000,0.0000000000000000
102.00000000000000,16.000000000000000,0.0000000000000000
103.00000000000000,16.000000000000000,0.0000000000000000
104.00000000000000,16.000000000000000,0.0000000000000000
105.00000000000000,16.000000000000000,0.0000000000000000
106.00000000000000,16.000000000000000,0.0000000000000000
107.00000000000000,16.000000000000000,0.0000000000000000
108.00000000000000,16.000000000000000,0.0000000000000000
109.00000000000000,16.000000000000000,0.0000000000000000
110.00000000000000,16.000000000000000,0.0000000000000000
111.00000000000000,16.000000000000000,0.0000000000000000
112.00000000000000,16.000000000000000,0.0000000000000000
113.00000000000000,16.000000000000000,0.0000000000000000
1.0000000000000000,17.000000000000000,0.0000000000000000
2.0000000000000000,17.000000000000000,0.0000000000000000
3.0000000000000000,17.000000000000000,0.0000000000000000
4.0000000000000000,17.000000000000000,0.0000000000000000
5.0000000000000000,17.000000000000000,0.0000000000000000
6.0000000000000000,17.000000000000000,0.0000000000000000
7.0000000000000000,17.000000000000000,0.0000000000000000
8.0000000000000000,17.000000000000000,0.0000000000000000
9.0000000000000000,17.000000000000000,0.0000000000000000
10.000000000000000,17.000000000000000,0.0000000000000000
11.000000000000000,17.000000000000000,0.0000000000000000
12.000000000000000,17.000000000000000,0.0000000000000000
13.000000000000000,17.000000000000000,0.0000000000000000
14.000000000000000,17.000000000000000,0.0000000000000000
15.000000000000000,17.000000000000000,0.0000000000000000
16.000000000000000,17.000000000000000,0.0000000000000000
17.000000000000000,17.000000000000000,0.0000000000000000
18.000000000000000,17.000000000000000,0.0000000000000000
19.000000000000000,17.000000000000000,0.0000000000000000
20.000000000000000,17.000000000000000,0.0000000000000000
21.000000000000000,17.000000000000000,0.0000000000000000
22.000000000000000,17.000000000000000,0.0000000000000000
23.000000000000000,17.000000000000000,0.0000000000000000
24.000000000000000,17.000000000000000,0.0000000000000000
25.000000000000000,17.000000000000000,0.0000000000000000
26.000000000000000,17.000000000000000,0.0000000000000000
27.000000000000000,17.000000000000000,0.0000000000000000
28.000000000000000,17.000000000000000,0.0000000000000000
29.000000000000000,17.000000000000000,0.0000000000000000
30.000000000000000,17.000000000000000,0.0000000000000000
31.000000000000000,17.000000000000000,0.0000000000000000
32.000000000000000,17.000000000000000,0.0000000000000000
33.000000000000000,17.000000000000000,0.0000000000000000
34.000000000000000,17.000000000000000,0.0000000000000000
35.000000000000000,17.000000000000000,0.0000000000000000
36.000000000000000,17.000000000000000,0.0000000000000000
37.000000000000000,17.000000000000000,0.0000000000000000
38.000000000000000,17.000000000000000,0.0000000000000000
39.000000000000000,17.000000000000000,0.0000000000000000
40.000000000000000,17.000000000000000,0.0000000000000000
41.000000000000000,17.000000000000000,0.0000000000000000
42.000000000000000,17.000000000000000,0.0000000000000000
43.000000000000000,17.000000000000000,0.0000000000000000
44.000000000000000,17.000000000000000,0.0000000000000000
45.000000000000000,17.000000000000000,0.0000000000000000
46.000000000000000,17.000000000000000,0.0000000000000000
47.000000000000000,17.000000000000000,0.0000000000000000
48.000000000000000,17.000000000000000,0.0000000000000000
49.000000000000000,17.000000000000000,0.0000000000000000
50.000000000000000,17.000000000000000,0.0000000000000000
51.000000000000000,17.000000000000000,0.0000000000000000
52.000000000000000,17.000000000000000,0.0000000000000000
53.000000000000000,17.000000000000000,0.0000000000000000
54.000000000000000,17.000000000000000,0.0000000000000000
55.000000000000000,17.000000000000000,0.0000000000000000
56.000000000000000,17.000000000000000,0.0000000000000000
57.000000000000000,17.000000000000000,0.0000000000000000
58.000000000000000,17.000000000000000,0.0000000000000000
59.000000000000000,17.000000000000000,0.0000000000000000
60.000000000000000,17.000000000000000,0.0000000000000000
61.000000000000000,17.000000000000000,0.0000000000000000
62.000000000000000,17.000000000000000,0.0000000000000000
63.000000000000000,17.000000000000000,0.0000000000000000
64.000000000000000,17.000000000000000,0.0000000000000000
65.000000000000000,17.000000000000000,0.0000000000000000
66.000000000000000,17.000000000000000,0.0000000000000000
67.000000000000000,17.000000000000000,0.0000000000000000
68.000000000000000,17.000000000000000,0.0000000000000000
69.000000000000000,17.000000000000000,0.0000000000000000
70.000000000000000,17.000000000000000,0.0000000000000000
71.000000000000000,17.000000000000000,0.0000000000000000
72.000000000000000,17.000000000000000,0.0000000000000000
73.000000000000000,17.000000000000000,0.0000000000000000
74.000000000000000,17.000000000000000,0.0000000000000000
75.000000000000000,17.000000000000000,0.0000000000000000
76.000000000000000,17.000000000000000,0.0000000000000000
77.000000000000000,17.000000000000000,0.0000000000000000
78.000000000000000,17.000000000000000,0.0000000000000000
79.000000000000000,17.000000000000000,0.0000000000000000
80.000000000000000,17.000000000000000,0.0000000000000000
81.000000000000000,17.000000000000000,0.0000000000000000
82.000000000000000,17.000000000000000,0.0000000000000000
83.000000000000000,17.000000000000000,0.0000000000000000
84.000000000000000,17.000000000000000,0.0000000000000000
85.000000000000000,17.000000000000000,0.0000000000000000
86.000000000000000,17.000000000000000,0.0000000000000000
87.000000000000000,17.000000000000000,0.0000000000000000
88.000000000000000,17.000000000000000,0.0000000000000000
89.000000000000000,17.000000000000000,0.0000000000000000
90.000000000000000,17.000000000000000,0.0000000000000000
91.000000000000000,17.000000000000000,0.0000000000000000
92.000000000000000,17.000000000000000,0.0000000000000000
93.000000000000000,17.000000000000000,0.0000000000000000
94.000000000000000,17.000000000000000,0.0000000000000000
95.000000000000000,17.000000000000000,0.0000000000000000
96.000000000000000,17.000000000000000,0.0000000000000000
97.000000000000000,17.000000000000000,0.0000000000000000
98.000000000000000,17.000000000000000,0.0000000000000000
99.000000000000000,17.000000000000000,0.0000000000000000
100.00000000000000,17.000000000000000,0.0000000000000000
101.00000000000000,17.000000000000000,0.0000000000000000
102.00000000000000,17.000000000000000,0.0000000000000000
103.00000000000000,17.000000000000000,0.0000000000000000
104.00000000000000,17.000000000000000,0.0000000000000000
105.00000000000000,17.000000000000000,0.0000000000000000
106.00000000000000,17.000000000000000,0.0000000000000000
107.00000000000000,17.000000000000000,0.0000000000000000
108.00000000000000,17.000000000000000,0.0000000000000000
109.00000000000000,17.000000000000000,0.0000000000000000
110.00000000000000,17.000000000000000,0.0000000000000000
111.00000000000000,17.000000000000000,0.0000000000000000
112.00000000000000,17.000000000000000,0.0000000000000000
113.00000000000000,17.000000000000000,0.0000000000000000
1.0000000000000000,18.000000000000000,0.0000000000000000
2.0000000000000000,18.000000000000000,0.0000000000000000
3.0000000000000000,18.000000000000000,0.0000000000000000
4.0000000000000000,18.000000000000000,0.0000000000000000
5.0000000000000000,18.000000000000000,0.0000000000000000
6.0000000000000000,18.000000000000000,0.0000000000000000
7.0000000000000000,18.000000000000000,0.0000000000000000
8.0000000000000000,18.000000000000000,0.0000000000000000
9.0000000000000000,18.000000000000000,0.0000000000000000
10.000000000000000,18.000000000000000,0.0000000000000000
11.000000000000000,18.000000000000000,0.0000000000000000
12.000000000000000,18.000000000000000,0.0000000000000000
13.000000000000000,18.000000000000000,0.0000000000000000
14.000000000000000,18.000000000000000,0.0000000000000000
15.000000000000000,18.000000000000000,0.0000000000000000
16.000000000000000,18.000000000000000,0.0000000000000000
17.000000000000000,18.000000000000000,0.0000000000000000
18.000000000000000,18.000000000000000,0.0000000000000000
19.000000000000000,18.000000000000000,0.0000000000000000
20.000000000000000,18.000000000000000,0.0000000000000000
21.000000000000000,18.000000000000000,0.0000000000000000
22.000000000000000,18.000000000000000,0.0000000000000000
23.000000000000000,18.000000000000000,0.0000000000000000
24.000000000000000,18.000000000000000,0.0000000000000000
25.000000000000000,18.000000000000000,0.0000000000000000
26.000000000000000,18.000000000000000,0.0000000000000000
27.000000000000000,18.000000000000000,0.0000000000000000
28.000000000000000,18.000000000000000,0.0000000000000000
29.000000000000000,18.000000000000000,0.0000000000000000
30.000000000000000,18.000000000000000,0.0000000000000000
31.000000000000000,18.000000000000000,0.0000000000000000
32.000000000000000,18.000000000000000,0.0000000000000000
33.000000000000000,18.000000000000000,0.0000000000000000
34.000000000000000,18.000000000000000,0.0000000000000000
35.000000000000000,18.000000000000000,0.0000000000000000
36.000000000000000,18.000000000000000,0.0000000000000000
37.000000000000000,18.000000000000000,0.0000000000000000
38.000000000000000,18.000000000000000,0.0000000000000000
39.000000000000000,18.000000000000000,0.0000000000000000
40.000000000000000,18.000000000000000,0.0000000000000000
41.000000000000000,18.000000000000000,0.0000000000000000
42.000000000000000,18.000000000000000,0.0000000000000000
43.000000000000000,18.000000000000000,0.0000000000000000
44.000000000000000,18.000000000000000,0.0000000000000000
45.000000000000000,18.000000000000000,0.0000000000000000
46.000000000000000,18.000000000000000,0.0000000000000000
47.000000000000000,18.000000000000000,0.0000000000000000
48.000000000000000,18.000000000000000,0.0000000000000000
49.000000000000000,18.000000000000000,0.0000000000000000
50.000000000000000,18.000000000000000,0.0000000000000000
51.000000000000000,18.000000000000000,0.0000000000000000
52.000000000000000,18.000000000000000,0.0000000000000000
53.000000000000000,18.000000000000000,0.0000000000000000
54.000000000000000,18.000000000000000,0.0000000000000000
55.000000000000000,18.000000000000000,0.0000000000000000
56.000000000000000,18.000000000000000,0.0000000000000000
57.000000000000000,18.000000000000000,0.0000000000000000
58.000000000000000,18.000000000000000,0.0000000000000000
59.000000000000000,18.000000000000000,0.0000000000000000
60.000000000000000,18.000000000000000,0.0000000000000000
61.000000000000000,18.000000000000000,0.0000000000000000
62.000000000000000,18.000000000000000,0.0000000000000000
63.000000000000000,18.000000000000000,0.0000000000000000
64.000000000000000,18.000000000000000,0.0000000000000000
65.000000000000000,18.000000000000000,0.0000000000000000
66.000000000000000,18.000000000000000,0.0000000000000000
67.000000000000000,18.000000000000000,0.0000000000000000
68.000000000000000,18.000000000000000,0.0000000000000000
69.000000000000000,18.000000000000000,0.0000000000000000
70.000000000000000,18.000000000000000,0.0000000000000000
71.000000000000000,18.000000000000000,0.0000000000000000
72.000000000000000,18.000000000000000,0.0000000000000000
73.000000000000000,18.000000000000000,0.0000000000000000
74.000000000000000,18.000000000000000,0.0000000000000000
75.000000000000000,18.000000000000000,0.0000000000000000
76.000000000000000,18.000000000000000,0.0000000000000000
77.000000000000000,18.000000000000000,0.0000000000000000
78.000000000000000,18.000000000000000,0.0000000000000000
79.000000000000000,18.000000000000000,0.0000000000000000
80.000000000000000,18.000000000000000,0.0000000000000000
81.000000000000000,18.000000000000000,0.0000000000000000
82.000000000000000,18.000000000000000,0.0000000000000000
83.000000000000000,18.000000000000000,0.0000000000000000
84.000000000000000,18.000000000000000,0.0000000000000000
85.000000000000000,18.000000000000000,0.0000000000000000
86.000000000000000,18.000000000000000,0.0000000000000000
87.000000000000000,18.000000000000000,0.0000000000000000
88.000000000000000,18.000000000000000,0.0000000000000000
89.000000000000000,18.000000000000000,0.0000000000000000
90.000000000000000,18.000000000000000,0.0000000000000000
91.000000000000000,18.000000000000000,0.0000000000000000
92.000000000000000,18.000000000000000,0.0000000000000000
93.000000000000000,18.000000000000000,0.0000000000000000
94.000000000000000,18.000000000000000,0.0000000000000000
95.000000000000000,18.000000000000000,0.0000000000000000
96.000000000000000,18.000000000000000,0.0000000000000000
97.000000000000000,18.000000000000000,0.0000000000000000
98.000000000000000,18.000000000000000,0.0000000000000000
99.000000000000000,18.000000000000000,0.0000000000000000
100.00000000000000,18.000000000000000,0.0000000000000000
101.00000000000000,18.000000000000000,0.0000000000000000
102.00000000000000,18.000000000000000,0.0000000000000000
103.00000000000000,18.000000000000000,0.0000000000000000
104.00000000000000,18.000000000000000,0.0000000000000000
105.00000000000000,18.000000000000000,0.0000000000000000
106.00000000000000,18.000000000000000,0.0000000000000000
107.00000000000000,18.000000000000000,0.0000000000000000
108.00000000000000,18.000000000000000,0.0000000000000000
109.00000000000000,18.000000000000000,0.0000000000000000
110.00000000000000,18.000000000000000,0.0000000000000000
111.00000000000000,18.000000000000000,0.0000000000000000
112.00000000000000,18.000000000000000,0.0000000000000000
113.00000000000000,18.000000000000000,0.0000000000000000
1.0000000000000000,19.000000000000000,0.0000000000000000
2.0000000000000000,19.000000000000000,0.0000000000000000
3.0000000000000000,19.000000000000000,0.0000000000000000
4.0000000000000000,19.000000000000000,0.0000000000000000
5.0000000000000000,19.000000000000000,0.0000000000000000
6.0000000000000000,19.000000000000000,0.0000000000000000
7.0000000000000000,19.000000000000000,0.0000000000000000
8.0000000000000000,19.000000000000000,0.0000000000000000
9.0000000000000000,19.000000000000000,0.0000000000000000
10.000000000000000,19.000000000000000,0.0000000000000000
11.000000000000000,19.000000000000000,0.0000000000000000
12.000000000000000,19.000000000000000,0.0000000000000000
13.000000000000000,19.000000000000000,0.0000000000000000
14.000000000000000,19.000000000000000,0.0000000000000000
15.000000000000000,19.000000000000000,0.0000000000000000
16.000000000000000,19.000000000000000,0.0000000000000000
17.000000000000000,19.000000000000000,0.0000000000000000
18.000000000000000,19.000000000000000,0.0000000000000000
19.000000000000000,19.000000000000000,0.0000000000000000
20.000000000000000,19.000000000000000,0.0000000000000000
21.000000000000000,19.000000000000000,0.0000000000000000
22.000000000000000,19.000000000000000,0.0000000000000000
23.000000000000000,19.000000000000000,0.0000000000000000
24.000000000000000,19.000000000000000,0.0000000000000000
25.000000000000000,19.000000000000000,0.0000000000000000
26.000000000000000,19.000000000000000,0.0000000000000000
27.000000000000000,19.000000000000000,0.0000000000000000
28.000000000000000,19.000000000000000,0.0000000000000000
29.000000000000000,19.000000000000000,0.0000000000000000
30.000000000000000,19.000000000000000,0.0000000000000000
31.000000000000000,19.000000000000000,0.0000000000000000
32.000000000000000,19.000000000000000,0.0000000000000000
33.000000000000000,19.000000000000000,0.0000000000000000
34.000000000000000,19.000000000000000,0.0000000000000000
35.000000000000000,19.000000000000000,0.0000000000000000
36.000000000000000,19.000000000000000,0.0000000000000000
37.000000000000000,19.000000000000000,0.0000000000000000
38.000000000000000,19.000000000000000,0.0000000000000000
39.000000000000000,19.000000000000000,0.0000000000000000
40.000000000000000,19.000000000000000,0.0000000000000000
41.000000000000000,19.000000000000000,0.0000000000000000
42.000000000000000,19.000000000000000,0.0000000000000000
43.000000000000000,19.000000000000000,0.0000000000000000
44.000000000000000,19.000000000000000,0.0000000000000000
45.000000000000000,19.000000000000000,0.0000000000000000
46.000000000000000,19.000000000000000,0.0000000000000000
47.000000000000000,19.000000000000000,0.0000000000000000
48.000000000000000,19.000000000000000,0.0000000000000000
49.000000000000000,19.000000000000000,0.0000000000000000
50.000000000000000,19.000000000000000,0.0000000000000000
51.000000000000000,19.000000000000000,0.0000000000000000
52.000000000000000,19.000000000000000,0.0000000000000000
53.000000000000000,19.000000000000000,0.0000000000000000
54.000000000000000,19.000000000000000,0.0000000000000000
55.000000000000000,19.000000000000000,0.0000000000000000
56.000000000000000,19.000000000000000,0.0000000000000000
57.000000000000000,19.000000000000000,0.0000000000000000
58.000000000000000,19.000000000000000,0.0000000000000000
59.000000000000000,19.000000000000000,0.0000000000000000
60.000000000000000,19.000000000000000,0.0000000000000000
61.000000000000000,19.000000000000000,0.0000000000000000
62.000000000000000,19.000000000000000,0.0000000000000000
63.000000000000000,19.000000000000000,0.0000000000000000
64.000000000000000,19.000000000000000,0.0000000000000000
65.000000000000000,19.000000000000000,0.0000000000000000
66.000000000000000,19.000000000000000,0.0000000000000000
67.000000000000000,19.000000000000000,0.0000000000000000
68.000000000000000,19.000000000000000,0.0000000000000000
69.000000000000000,19.000000000000000,0.0000000000000000
70.000000000000000,19.000000000000000,0.0000000000000000
71.000000000000000,19.000000000000000,0.0000000000000000
72.000000000000000,19.000000000000000,0.0000000000000000
73.000000000000000,19.000000000000000,0.0000000000000000
74.000000000000000,19.000000000000000,0.0000000000000000
75.000000000000000,19.000000000000000,0.0000000000000000
76.000000000000000,19.000000000000000,0.0000000000000000
77.000000000000000,19.000000000000000,0.0000000000000000
78.000000000000000,19.000000000000000,0.0000000000000000
79.000000000000000,19.000000000000000,0.0000000000000000
80.000000000000000,19.000000000000000,0.0000000000000000
81.000000000000000,19.000000000000000,0.0000000000000000
82.000000000000000,19.000000000000000,0.0000000000000000
83.000000000000000,19.000000000000000,0.0000000000000000
84.000000000000000,19.000000000000000,0.0000000000000000
85.000000000000000,19.000000000000000,0.0000000000000000
86.000000000000000,19.000000000000000,0.0000000000000000
87.000000000000000,19.000000000000000,0.0000000000000000
88.000000000000000,19.000000000000000,0.0000000000000000
89.000000000000000,19.000000000000000,0.0000000000000000
90.000000000000000,19.000000000000000,0.0000000000000000
91.000000000000000,19.000000000000000,0.0000000000000000
92.000000000000000,19.000000000000000,0.0000000000000000
93.000000000000000,19.000000000000000,0.0000000000000000
94.000000000000000,19.000000000000000,0.0000000000000000
95.000000000000000,19.000000000000000,0.0000000000000000
96.000000000000000,19.000000000000000,0.0000000000000000
97.000000000000000,19.000000000000000,0.0000000000000000
98.000000000000000,19.000000000000000,0.0000000000000000
99.000000000000000,19.000000000000000,0.0000000000000000
100.00000000000000,19.000000000000000,0.0000000000000000
101.00000000000000,19.000000000000000,0.0000000000000000
102.00000000000000,19.000000000000000,0.0000000000000000
103.00000000000000,19.000000000000000,0.0000000000000000
104.00000000000000,19.000000000000000,0.0000000000000000
105.00000000000000,19.000000000000000,0.0000000000000000
106.00000000000000,19.000000000000000,0.0000000000000000
107.00000000000000,19.000000000000000,0.0000000000000000
108.00000000000000,19.000000000000000,0.0000000000000000
109.00000000000000,19.000000000000000,0.0000000000000000
110.00000000000000,19.000000000000000,0.0000000000000000
111.00000000000000,19.000000000000000,0.0000000000000000
112.00000000000000,19.000000000000000,0.0000000000000000
113.00000000000000,19.000000000000000,0.0000000000000000
1.0000000000000000,20.000000000000000,0.0000000000000000
2.0000000000000000,20.000000000000000,0.0000000000000000
3.0000000000000000,20.000000000000000,0.0000000000000000
4.0000000000000000,20.000000000000000,0.0000000000000000
5.0000000000000000,20.000000000000000,0.0000000000000000
6.0000000000000000,20.000000000000000,0.0000000000000000
7.0000000000000000,20.000000000000000,0.0000000000000000
8.0000000000000000,20.000000000000000,0.0000000000000000
9.0000000000000000,20.000000000000000,0.0000000000000000
10.000000000000000,20.000000000000000,0.0000000000000000
11.000000000000000,20.000000000000000,0.0000000000000000
12.000000000000000,20.000000000000000,0.0000000000000000
13.000000000000000,20.000000000000000,0.0000000000000000
14.000000000000000,20.000000000000000,0.0000000000000000
15.000000000000000,20.000000000000000,0.0000000000000000
16.000000000000000,20.000000000000000,0.0000000000000000
17.000000000000000,20.000000000000000,0.0000000000000000
18.000000000000000,20.000000000000000,0.0000000000000000
19.000000000000000,20.000000000000000,0.0000000000000000
20.000000000000000,20.000000000000000,0.0000000000000000
21.000000000000000,20.000000000000000,0.0000000000000000
22.000000000000000,20.000000000000000,0.0000000000000000
23.000000000000000,20.000000000000000,0.0000000000000000
24.000000000000000,20.000000000000000,0.0000000000000000
25.000000000000000,20.000000000000000,0.0000000000000000
26.000000000000000,20.000000000000000,0.0000000000000000
27.000000000000000,20.000000000000000,0.0000000000000000
28.000000000000000,20.000000000000000,0.0000000000000000
29.000000000000000,20.000000000000000,0.0000000000000000
30.000000000000000,20.000000000000000,0.0000000000000000
31.000000000000000,20.000000000000000,0.0000000000000000
32.000000000000000,20.000000000000000,0.0000000000000000
33.000000000000000,20.000000000000000,0.0000000000000000
34.000000000000000,20.000000000000000,0.0000000000000000
35.000000000000000,20.000000000000000,0.0000000000000000
36.000000000000000,20.000000000000000,0.0000000000000000
37.000000000000000,20.000000000000000,0.0000000000000000
38.000000000000000,20.000000000000000,0.0000000000000000
39.000000000000000,20.000000000000000,0.0000000000000000
40.000000000000000,20.000000000000000,0.0000000000000000
41.000000000000000,20.000000000000000,0.0000000000000000
42.000000000000000,20.000000000000000,0.0000000000000000
43.000000000000000,20.000000000000000,0.0000000000000000
44.000000000000000,20.000000000000000,0.0000000000000000
45.000000000000000,20.000000000000000,0.0000000000000000
46.000000000000000,20.000000000000000,0.0000000000000000
47.000000000000000,20.000000000000000,0.0000000000000000
48.000000000000000,20.000000000000000,0.0000000000000000
49.000000000000000,20.000000000000000,0.0000000000000000
50.000000000000000,20.000000000000000,0.0000000000000000
51.000000000000000,20.000000000000000,0.0000000000000000
52.000000000000000,20.000000000000000,0.0000000000000000
53.000000000000000,20.000000000000000,0.0000000000000000
54.000000000000000,20.000000000000000,0.0000000000000000
55.000000000000000,20.000000000000000,0.0000000000000000
56.000000000000000,20.000000000000000,0.0000000000000000
57.000000000000000,20.000000000000000,0.0000000000000000
58.000000000000000,20.000000000000000,0.0000000000000000
59.000000000000000,20.000000000000000,0.0000000000000000
60.000000000000000,20.000000000000000,0.0000000000000000
61.000000000000000,20.000000000000000,0.0000000000000000
62.000000000000000,20.000000000000000,0.0000000000000000
63.000000000000000,20.000000000000000,0.0000000000000000
64.000000000000000,20.000000000000000,0.0000000000000000
65.000000000000000,20.000000000000000,0.0000000000000000
66.000000000000000,20.000000000000000,0.0000000000000000
67.000000000000000,20.000000000000000,0.0000000000000000
68.000000000000000,20.000000000000000,0.0000000000000000
69.000000000000000,20.000000000000000,0.0000000000000000
70.000000000000000,20.000000000000000,0.0000000000000000
71.000000000000000,20.000000000000000,0.0000000000000000
72.000000000000000,20.000000000000000,0.0000000000000000
73.000000000000000,20.000000000000000,0.0000000000000000
74.000000000000000,20.000000000000000,0.0000000000000000
75.000000000000000,20.000000000000000,0.0000000000000000
76.000000000000000,20.000000000000000,0.0000000000000000
77.000000000000000,20.000000000000000,0.0000000000000000
78.000000000000000,20.000000000000000,0.0000000000000000
79.000000000000000,20.000000000000000,0.0000000000000000
80.000000000000000,20.000000000000000,0.0000000000000000
81.000000000000000,20.000000000000000,0.0000000000000000
82.000000000000000,20.000000000000000,0.0000000000000000
83.000000000000000,20.000000000000000,0.0000000000000000
84.000000000000000,20.000000000000000,0.0000000000000000
85.000000000000000,20.000000000000000,0.0000000000000000
86.000000000000000,20.000000000000000,0.0000000000000000
87.000000000000000,20.000000000000000,0.0000000000000000
88.000000000000000,20.000000000000000,0.0000000000000000
89.000000000000000,20.000000000000000,0.0000000000000000
90.000000000000000,20.000000000000000,0.0000000000000000
91.000000000000000,20.000000000000000,0.0000000000000000
92.000000000000000,20.000000000000000,0.0000000000000000
93.000000000000000,20.000000000000000,0.0000000000000000
94.000000000000000,20.000000000000000,0.0000000000000000
95.000000000000000,20.000000000000000,0.0000000000000000
96.000000000000000,20.000000000000000,0.0000000000000000
97.000000000000000,20.000000000000000,0.0000000000000000
98.000000000000000,20.000000000000000,0.0000000000000000
99.000000000000000,20.000000000000000,0.0000000000000000
100.00000000000000,20.000000000000000,0.0000000000000000
101.00000000000000,20.000000000000000,0.0000000000000000
102.00000000000000,20.000000000000000,0.0000000000000000
103.00000000000000,20.000000000000000,0.0000000000000000
104.00000000000000,20.000000000000000,0.0000000000000000
105.00000000000000,20.000000000000000,0.0000000000000000
106.00000000000000,20.000000000000000,0.0000000000000000
107.00000000000000,20.000000000000000,0.0000000000000000
108.00000000000000,20.000000000000000,0.0000000000000000
109.00000000000000,20.000000000000000,0.0000000000000000
110.00000000000000,20.000000000000000,0.0000000000000000
111.00000000000000,20.000000000000000,0.0000000000000000
112.00000000000000,20.000000000000000,0.0000000000000000
113.00000000000000,20.000000000000000,0.0000000000000000
1.0000000000000000,21.000000000000000,0.0000000000000000
2.0000000000000000,21.000000000000000,0.0000000000000000
3.0000000000000000,21.000000000000000,0.0000000000000000
4.0000000000000000,21.000000000000000,0.0000000000000000
5.0000000000000000,21.000000000000000,0.0000000000000000
6.0000000000000000,21.000000000000000,0.0000000000000000
7.0000000000000000,21.000000000000000,0.0000000000000000
8.0000000000000000,21.000000000000000,0.0000000000000000
9.0000000000000000,21.000000000000000,0.0000000000000000
10.000000000000000,21.000000000000000,0.0000000000000000
11.000000000000000,21.000000000000000,0.0000000000000000
12.000000000000000,21.000000000000000,0.0000000000000000
13.000000000000000,21.000000000000000,0.0000000000000000
14.000000000000000,21.000000000000000,0.0000000000000000
15.000000000000000,21.000000000000000,0.0000000000000000
16.000000000000000,21.000000000000000,0.0000000000000000
17.000000000000000,21.000000000000000,0.0000000000000000
18.000000000000000,21.000000000000000,0.0000000000000000
19.000000000000000,21.000000000000000,0.0000000000000000
20.000000000000000,21.000000000000000,0.0000000000000000
21.000000000000000,21.000000000000000,0.0000000000000000
22.000000000000000,21.000000000000000,0.0000000000000000
23.000000000000000,21.000000000000000,0.0000000000000000
24.000000000000000,21.000000000000000,0.0000000000000000
25.000000000000000,21.000000000000000,0.0000000000000000
26.000000000000000,21.000000000000000,0.0000000000000000
27.000000000000000,21.000000000000000,0.0000000000000000
28.000000000000000,21.000000000000000,0.0000000000000000
29.000000000000000,21.000000000000000,0.0000000000000000
30.000000000000000,21.000000000000000,0.0000000000000000
31.000000000000000,21.000000000000000,0.0000000000000000
32.000000000000000,21.000000000000000,0.0000000000000000
33.000000000000000,21.000000000000000,0.0000000000000000
34.000000000000000,21.000000000000000,0.0000000000000000
35.000000000000000,21.000000000000000,0.0000000000000000
36.000000000000000,21.000000000000000,0.0000000000000000
37.000000000000000,21.000000000000000,0.0000000000000000
38.000000000000000,21.000000000000000,0.0000000000000000
39.000000000000000,21.000000000000000,0.0000000000000000
40.000000000000000,21.000000000000000,0.0000000000000000
41.000000000000000,21.000000000000000,0.0000000000000000
42.000000000000000,21.000000000000000,0.0000000000000000
43.000000000000000,21.000000000000000,0.0000000000000000
44.000000000000000,21.000000000000000,0.0000000000000000
45.000000000000000,21.000000000000000,0.0000000000000000
46.000000000000000,21.000000000000000,0.0000000000000000
47.000000000000000,21.000000000000000,0.0000000000000000
48.000000000000000,21.000000000000000,0.0000000000000000
49.000000000000000,21.000000000000000,0.0000000000000000
50.000000000000000,21.000000000000000,0.0000000000000000
51.000000000000000,21.000000000000000,0.0000000000000000
52.000000000000000,21.000000000000000,0.0000000000000000
53.000000000000000,21.000000000000000,0.0000000000000000
54.000000000000000,21.000000000000000,0.0000000000000000
55.000000000000000,21.000000000000000,0.0000000000000000
56.000000000000000,21.000000000000000,0.0000000000000000
57.000000000000000,21.000000000000000,0.0000000000000000
58.000000000000000,21.000000000000000,0.0000000000000000
59.000000000000000,21.000000000000000,0.0000000000000000
60.000000000000000,21.000000000000000,0.0000000000000000
61.000000000000000,21.000000000000000,0.0000000000000000
62.000000000000000,21.000000000000000,0.0000000000000000
63.000000000000000,21.000000000000000,0.0000000000000000
64.000000000000000,21.000000000000000,0.0000000000000000
65.000000000000000,21.000000000000000,0.0000000000000000
66.000000000000000,21.000000000000000,0.0000000000000000
67.000000000000000,21.000000000000000,0.0000000000000000
68.000000000000000,21.000000000000000,0.0000000000000000
69.000000000000000,21.000000000000000,0.0000000000000000
70.000000000000000,21.000000000000000,0.0000000000000000
71.000000000000000,21.000000000000000,0.0000000000000000
72.000000000000000,21.000000000000000,0.0000000000000000
73.000000000000000,21.000000000000000,0.0000000000000000
74.000000000000000,21.000000000000000,0.0000000000000000
75.000000000000000,21.000000000000000,0.0000000000000000
76.000000000000000,21.000000000000000,0.0000000000000000
77.000000000000000,21.000000000000000,0.0000000000000000
78.000000000000000,21.000000000000000,0.0000000000000000
79.000000000000000,21.000000000000000,0.0000000000000000
80.000000000000000,21.000000000000000,0.0000000000000000
81.000000000000000,21.000000000000000,0.0000000000000000
82.000000000000000,21.000000000000000,0.0000000000000000
83.000000000000000,21.000000000000000,0.0000000000000000
84.000000000000000,21.000000000000000,0.0000000000000000
85.000000000000000,21.000000000000000,0.0000000000000000
86.000000000000000,21.000000000000000,0.0000000000000000
87.000000000000000,21.000000000000000,0.0000000000000000
88.000000000000000,21.000000000000000,0.0000000000000000
89.000000000000000,21.000000000000000,0.0000000000000000
90.000000000000000,21.000000000000000,0.0000000000000000
91.000000000000000,21.000000000000000,0.0000000000000000
92.000000000000000,21.000000000000000,0.0000000000000000
93.000000000000000,21.000000000000000,0.0000000000000000
94.000000000000000,21.000000000000000,0.0000000000000000
95.000000000000000,21.000000000000000,0.0000000000000000
96.000000000000000,21.000000000000000,0.0000000000000000
97.000000000000000,21.000000000000000,0.0000000000000000
98.000000000000000,21.000000000000000,0.0000000000000000
99.000000000000000,21.000000000000000,0.0000000000000000
100.00000000000000,21.000000000000000,0.0000000000000000
101.00000000000000,21.000000000000000,0.0000000000000000
102.00000000000000,21.000000000000000,0.0000000000000000
103.00000000000000,21.000000000000000,0.0000000000000000
104.00000000000000,21.000000000000000,0.0000000000000000
105.00000000000000,21.000000000000000,0.0000000000000000
106.00000000000000,21.000000000000000,0.0000000000000000
107.00000000000000,21.000000000000000,0.0000000000000000
108.00000000000000,21.000000000000000,0.0000000000000000
109.00000000000000,21.000000000000000,0.0000000000000000
110.00000000000000,21.000000000000000,0.0000000000000000
111.00000000000000,21.000000000000000,0.0000000000000000
112.00000000000000,21.000000000000000,0.0000000000000000
113.00000000000000,21.000000000000000,0.0000000000000000
1.0000000000000000,22.000000000000000,0.0000000000000000
2.0000000000000000,22.000000000000000,0.0000000000000000
3.0000000000000000,22.000000000000000,0.0000000000000000
4.0000000000000000,22.000000000000000,0.0000000000000000
5.0000000000000000,22.000000000000000,0.0000000000000000
6.0000000000000000,22.000000000000000,0.0000000000000000
7.0000000000000000,22.000000000000000,0.0000000000000000
8.0000000000000000,22.000000000000000,0.0000000000000000
9.0000000000000000,22.000000000000000,0.0000000000000000
10.000000000000000,22.000000000000000,0.0000000000000000
11.000000000000000,22.000000000000000,0.0000000000000000
12.000000000000000,22.000000000000000,0.0000000000000000
13.000000000000000,22.000000000000000,0.0000000000000000
14.000000000000000,22.000000000000000,0.0000000000000000
15.000000000000000,22.000000000000000,0.0000000000000000
16.000000000000000,22.000000000000000,0.0000000000000000
17.000000000000000,22.000000000000000,0.0000000000000000
18.000000000000000,22.000000000000000,0.0000000000000000
19.000000000000000,22.000000000000000,0.0000000000000000
20.000000000000000,22.000000000000000,0.0000000000000000
21.000000000000000,22.000000000000000,0.0000000000000000
22.000000000000000,22.000000000000000,0.0000000000000000
23.000000000000000,22.000000000000000,0.0000000000000000
24.000000000000000,22.000000000000000,0.0000000000000000
25.000000000000000,22.000000000000000,0.0000000000000000
26.000000000000000,22.000000000000000,0.0000000000000000
27.000000000000000,22.000000000000000,0.0000000000000000
28.000000000000000,22.000000000000000,0.0000000000000000
29.000000000000000,22.000000000000000,0.0000000000000000
30.000000000000000,22.000000000000000,0.0000000000000000
31.000000000000000,22.000000000000000,0.0000000000000000
32.000000000000000,22.000000000000000,0.0000000000000000
33.000000000000000,22.000000000000000,0.0000000000000000
34.000000000000000,22.000000000000000,0.0000000000000000
35.000000000000000,22.000000000000000,0.0000000000000000
36.000000000000000,22.000000000000000,0.0000000000000000
37.000000000000000,22.000000000000000,0.0000000000000000
38.000000000000000,22.000000000000000,0.0000000000000000
39.000000000000000,22.000000000000000,0.0000000000000000
40.000000000000000,22.000000000000000,0.0000000000000000
41.000000000000000,22.000000000000000,0.0000000000000000
42.000000000000000,22.000000000000000,0.0000000000000000
43.000000000000000,22.000000000000000,0.0000000000000000
44.000000000000000,22.000000000000000,0.0000000000000000
45.000000000000000,22.000000000000000,0.0000000000000000
46.000000000000000,22.000000000000000,0.0000000000000000
47.000000000000000,22.000000000000000,0.0000000000000000
48.000000000000000,22.000000000000000,0.0000000000000000
49.000000000000000,22.000000000000000,0.0000000000000000
50.000000000000000,22.000000000000000,0.0000000000000000
51.000000000000000,22.000000000000000,0.0000000000000000
52.000000000000000,22.000000000000000,0.0000000000000000
53.000000000000000,22.000000000000000,0.0000000000000000
54.000000000000000,22.000000000000000,0.0000000000000000
55.000000000000000,22.000000000000000,0.0000000000000000
56.000000000000000,22.000000000000000,0.0000000000000000
57.000000000000000,22.000000000000000,0.0000000000000000
58.000000000000000,22.000000000000000,0.0000000000000000
59.000000000000000,22.000000000000000,0.0000000000000000
60.000000000000000,22.000000000000000,0.0000000000000000
61.000000000000000,22.000000000000000,0.0000000000000000
62.000000000000000,22.000000000000000,0.0000000000000000
63.000000000000000,22.000000000000000,0.0000000000000000
64.000000000000000,22.000000000000000,0.0000000000000000
65.000000000000000,22.000000000000000,0.0000000000000000
66.000000000000000,22.000000000000000,0.0000000000000000
67.000000000000000,22.000000000000000,0.0000000000000000
68.000000000000000,22.000000000000000,0.0000000000000000
69.000000000000000,22.000000000000000,0.0000000000000000
70.000000000000000,22.000000000000000,0.0000000000000000
71.000000000000000,22.000000000000000,0.0000000000000000
72.000000000000000,22.000000000000000,0.0000000000000000
73.000000000000000,22.000000000000000,0.0000000000000000
74.000000000000000,22.000000000000000,0.0000000000000000
75.000000000000000,22.000000000000000,0.0000000000000000
76.000000000000000,22.000000000000000,0.0000000000000000
77.000000000000000,22.000000000000000,0.0000000000000000
78.000000000000000,22.000000000000000,0.0000000000000000
79.000000000000000,22.000000000000000,0.0000000000000000
80.000000000000000,22.000000000000000,0.0000000000000000
81.000000000000000,22.000000000000000,0.0000000000000000
82.000000000000000,22.000000000000000,0.0000000000000000
83.000000000000000,22.000000000000000,0.0000000000000000
84.000000000000000,22.000000000000000,0.0000000000000000
85.000000000000000,22.000000000000000,0.0000000000000000
86.000000000000000,22.000000000000000,0.0000000000000000
87.000000000000000,22.000000000000000,0.0000000000000000
88.000000000000000,22.000000000000000,0.0000000000000000
89.000000000000000,22.000000000000000,0.0000000000000000
90.000000000000000,22.000000000000000,0.0000000000000000
91.000000000000000,22.000000000000000,0.0000000000000000
92.000000000000000,22.000000000000000,0.0000000000000000
93.000000000000000,22.000000000000000,0.0000000000000000
94.000000000000000,22.000000000000000,0.0000000000000000
95.000000000000000,22.000000000000000,0.0000000000000000
96.000000000000000,22.000000000000000,0.0000000000000000
97.000000000000000,22.000000000000000,0.0000000000000000
98.000000000000000,22.000000000000000,0.0000000000000000
99.000000000000000,22.000000000000000,0.0000000000000000
100.00000000000000,22.000000000000000,0.0000000000000000
101.00000000000000,22.000000000000000,0.0000000000000000
102.00000000000000,22.000000000000000,0.0000000000000000
103.00000000000000,22.000000000000000,0.0000000000000000
104.00000000000000,22.000000000000000,0.0000000000000000
105.00000000000000,22.000000000000000,0.0000000000000000
106.00000000000000,22.000000000000000,0.0000000000000000
107.00000000000000,22.000000000000000,0.0000000000000000
108.00000000000000,22.000000000000000,0.0000000000000000
109.00000000000000,22.000000000000000,0.0000000000000000
110.00000000000000,22.000000000000000,0.0000000000000000
111.00000000000000,22.000000000000000,0.0000000000000000
112.00000000000000,22.000000000000000,0.0000000000000000
113.00000000000000,22.000000000000000,0.0000000000000000
1.0000000000000000,23.000000000000000,0.0000000000000000
2.0000000000000000,23.000000000000000,0.0000000000000000
3.0000000000000000,23.000000000000000,0.0000000000000000
4.0000000000000000,23.000000000000000,0.0000000000000000
5.0000000000000000,23.000000000000000,0.0000000000000000
6.0000000000000000,23.000000000000000,0.0000000000000000
7.0000000000000000,23.000000000000000,0.0000000000000000
8.0000000000000000,23.000000000000000,0.0000000000000000
9.0000000000000000,23.000000000000000,0.0000000000000000
10.000000000000000,23.000000000000000,0.0000000000000000
11.000000000000000,23.000000000000000,0.0000000000000000
12.000000000000000,23.000000000000000,0.0000000000000000
13.000000000000000,23.000000000000000,0.0000000000000000
14.000000000000000,23.000000000000000,0.0000000000000000
15.000000000000000,23.000000000000000,0.0000000000000000
16.000000000000000,23.000000000000000,0.0000000000000000
17.000000000000000,23.000000000000000,0.0000000000000000
18.000000000000000,23.000000000000000,0.0000000000000000
19.000000000000000,23.000000000000000,0.0000000000000000
20.000000000000000,23.000000000000000,0.0000000000000000
21.000000000000000,23.000000000000000,0.0000000000000000
22.000000000000000,23.000000000000000,0.0000000000000000
23.000000000000000,23.000000000000000,0.0000000000000000
24.000000000000000,23.000000000000000,0.0000000000000000
25.000000000000000,23.000000000000000,0.0000000000000000
26.000000000000000,23.000000000000000,0.0000000000000000
27.000000000000000,23.000000000000000,0.0000000000000000
28.000000000000000,23.000000000000000,0.0000000000000000
29.000000000000000,23.000000000000000,0.0000000000000000
30.000000000000000,23.000000000000000,0.0000000000000000
31.000000000000000,23.000000000000000,0.0000000000000000
32.000000000000000,23.000000000000000,0.0000000000000000
33.000000000000000,23.000000000000000,0.0000000000000000
34.000000000000000,23.000000000000000,0.0000000000000000
35.000000000000000,23.000000000000000,0.0000000000000000
36.000000000000000,23.000000000000000,0.0000000000000000
37.000000000000000,23.000000000000000,0.0000000000000000
38.000000000000000,23.000000000000000,0.0000000000000000
39.000000000000000,23.000000000000000,0.0000000000000000
40.000000000000000,23.000000000000000,0.0000000000000000
41.000000000000000,23.000000000000000,0.0000000000000000
42.000000000000000,23.000000000000000,0.0000000000000000
43.000000000000000,23.000000000000000,0.0000000000000000
44.000000000000000,23.000000000000000,0.0000000000000000
45.000000000000000,23.000000000000000,0.0000000000000000
46.000000000000000,23.000000000000000,0.0000000000000000
47.000000000000000,23.000000000000000,0.0000000000000000
48.000000000000000,23.000000000000000,0.0000000000000000
49.000000000000000,23.000000000000000,0.0000000000000000
50.000000000000000,23.000000000000000,0.0000000000000000
51.000000000000000,23.000000000000000,0.0000000000000000
52.000000000000000,23.000000000000000,0.0000000000000000
53.000000000000000,23.000000000000000,0.0000000000000000
54.000000000000000,23.000000000000000,0.0000000000000000
55.000000000000000,23.000000000000000,0.0000000000000000
56.000000000000000,23.000000000000000,0.0000000000000000
57.000000000000000,23.000000000000000,0.0000000000000000
58.000000000000000,23.000000000000000,0.0000000000000000
59.000000000000000,23.000000000000000,0.0000000000000000
60.000000000000000,23.000000000000000,0.0000000000000000
61.000000000000000,23.000000000000000,0.0000000000000000
62.000000000000000,23.000000000000000,0.0000000000000000
63.000000000000000,23.000000000000000,0.0000000000000000
64.000000000000000,23.000000000000000,0.0000000000000000
65.000000000000000,23.000000000000000,0.0000000000000000
66.000000000000000,23.000000000000000,0.0000000000000000
67.000000000000000,23.000000000000000,0.0000000000000000
68.000000000000000,23.000000000000000,0.0000000000000000
69.000000000000000,23.000000000000000,0.0000000000000000
70.000000000000000,23.000000000000000,0.0000000000000000
71.000000000000000,23.000000000000000,0.0000000000000000
72.000000000000000,23.000000000000000,0.0000000000000000
73.000000000000000,23.000000000000000,0.0000000000000000
74.000000000000000,23.000000000000000,0.0000000000000000
75.000000000000000,23.000000000000000,0.0000000000000000
76.000000000000000,23.000000000000000,0.0000000000000000
77.000000000000000,23.000000000000000,0.0000000000000000
78.000000000000000,23.000000000000000,0.0000000000000000
79.000000000000000,23.000000000000000,0.0000000000000000
80.000000000000000,23.000000000000000,0.0000000000000000
81.000000000000000,23.000000000000000,0.0000000000000000
82.000000000000000,23.000000000000000,0.0000000000000000
83.000000000000000,23.000000000000000,0.0000000000000000
84.000000000000000,23.000000000000000,0.0000000000000000
85.000000000000000,23.000000000000000,0.0000000000000000
86.000000000000000,23.000000000000000,0.0000000000000000
87.000000000000000,23.000000000000000,0.0000000000000000
88.000000000000000,23.000000000000000,0.0000000000000000
89.000000000000000,23.000000000000000,0.0000000000000000
90.000000000000000,23.000000000000000,0.0000000000000000
91.000000000000000,23.000000000000000,0.0000000000000000
92.000000000000000,23.000000000000000,0.0000000000000000
93.000000000000000,23.000000000000000,0.0000000000000000
94.000000000000000,23.000000000000000,0.0000000000000000
95.000000000000000,23.000000000000000,0.0000000000000000
96.000000000000000,23.000000000000000,0.0000000000000000
97.000000000000000,23.000000000000000,0.0000000000000000
98.000000000000000,23.000000000000000,0.0000000000000000
99.000000000000000,23.000000000000000,0.0000000000000000
100.00000000000000,23.000000000000000,0.0000000000000000
101.00000000000000,23.000000000000000,0.0000000000000000
102.00000000000000,23.000000000000000,0.0000000000000000
103.00000000000000,23.000000000000000,0.0000000000000000
104.00000000000000,23.000000000000000,0.0000000000000000
105.00000000000000,23.000000000000000,0.0000000000000000
106.00000000000000,23.000000000000000,0.0000000000000000
107.00000000000000,23.000000000000000,0.0000000000000000
108.00000000000000,23.000000000000000,0.0000000000000000
109.00000000000000,23.000000000000000,0.0000000000000000
110.00000000000000,23.000000000000000,0.0000000000000000
111.00000000000000,23.000000000000000,96.900001525878906
112.00000000000000,23.000000000000000,96.900001525878906
113.00000000000000,23.000000000000000,0.0000000000000000
1.0000000000000000,24.000000000000000,0.0000000000000000
2.0000000000000000,24.000000000000000,0.0000000000000000
3.0000000000000000,24.000000000000000,0.0000000000000000
4.0000000000000000,24.000000000000000,0.0000000000000000
5.0000000000000000,24.000000000000000,0.0000000000000000
6.0000000000000000,24.000000000000000,0.0000000000000000
7.0000000000000000,24.000000000000000,0.0000000000000000
8.0000000000000000,24.000000000000000,0.0000000000000000
9.0000000000000000,24.000000000000000,0.0000000000000000
10.000000000000000,24.000000000000000,0.0000000000000000
11.000000000000000,24.000000000000000,0.0000000000000000
12.000000000000000,24.000000000000000,0.0000000000000000
13.000000000000000,24.000000000000000,0.0000000000000000
14.000000000000000,24.000000000000000,0.0000000000000000
15.000000000000000,24.000000000000000,0.0000000000000000
16.000000000000000,24.000000000000000,0.0000000000000000
17.000000000000000,24.000000000000000,0.0000000000000000
18.000000000000000,24.000000000000000,0.0000000000000000
19.000000000000000,24.000000000000000,0.0000000000000000
20.000000000000000,24.000000000000000,0.0000000000000000
21.000000000000000,24.000000000000000,0.0000000000000000
22.000000000000000,24.000000000000000,0.0000000000000000
23.000000000000000,24.000000000000000,0.0000000000000000
24.000000000000000,24.000000000000000,0.0000000000000000
25.000000000000000,24.000000000000000,0.0000000000000000
26.000000000000000,24.000000000000000,0.0000000000000000
27.000000000000000,24.000000000000000,0.0000000000000000
28.000000000000000,24.000000000000000,0.0000000000000000
29.000000000000000,24.000000000000000,0.0000000000000000
30.000000000000000,24.000000000000000,0.0000000000000000
31.000000000000000,24.000000000000000,0.0000000000000000
32.000000000000000,24.000000000000000,0.0000000000000000
33.000000000000000,24.000000000000000,0.0000000000000000
34.000000000000000,24.000000000000000,0.0000000000000000
35.000000000000000,24.000000000000000,0.0000000000000000
36.000000000000000,24.000000000000000,0.0000000000000000
37.000000000000000,24.000000000000000,0.0000000000000000
38.000000000000000,24.000000000000000,0.0000000000000000
39.000000000000000,24.000000000000000,0.0000000000000000
40.000000000000000,24.000000000000000,0.0000000000000000
41.000000000000000,24.000000000000000,0.0000000000000000
42.000000000000000,24.000000000000000,0.0000000000000000
43.000000000000000,24.000000000000000,0.0000000000000000
44.000000000000000,24.000000000000000,0.0000000000000000
45.000000000000000,24.000000000000000,0.0000000000000000
46.000000000000000,24.000000000000000,0.0000000000000000
47.000000000000000,24.000000000000000,0.0000000000000000
48.000000000000000,24.000000000000000,0.0000000000000000
49.000000000000000,24.000000000000000,0.0000000000000000
50.000000000000000,24.000000000000000,0.0000000000000000
51.000000000000000,24.000000000000000,0.0000000000000000
52.000000000000000,24.000000000000000,0.0000000000000000
53.000000000000000,24.000000000000000,0.0000000000000000
54.000000000000000,24.000000000000000,0.0000000000000000
55.000000000000000,24.000000000000000,0.0000000000000000
56.000000000000000,24.000000000000000,0.0000000000000000
57.000000000000000,24.000000000000000,0.0000000000000000
58.000000000000000,24.000000000000000,0.0000000000000000
59.000000000000000,24.000000000000000,0.0000000000000000
60.000000000000000,24.000000000000000,0.0000000000000000
61.000000000000000,24.000000000000000,0.0000000000000000
62.000000000000000,24.000000000000000,0.0000000000000000
63.000000000000000,24.000000000000000,0.0000000000000000
64.000000000000000,24.000000000000000,0.0000000000000000
65.000000000000000,24.000000000000000,0.0000000000000000
66.000000000000000,24.000000000000000,0.0000000000000000
67.000000000000000,24.000000000000000,0.0000000000000000
68.000000000000000,24.000000000000000,0.0000000000000000
69.000000000000000,24.000000000000000,0.0000000000000000
70.000000000000000,24.000000000000000,0.0000000000000000
71.000000000000000,24.000000000000000,0.0000000000000000
72.000000000000000,24.000000000000000,0.0000000000000000
73.000000000000000,24.000000000000000,0.0000000000000000
74.000000000000000,24.000000000000000,0.0000000000000000
75.000000000000000,24.000000000000000,0.0000000000000000
76.000000000000000,24.000000000000000,0.0000000000000000
77.000000000000000,24.000000000000000,0.0000000000000000
78.000000000000000,24.000000000000000,0.0000000000000000
79.000000000000000,24.000000000000000,0.0000000000000000
80.000000000000000,24.000000000000000,0.0000000000000000
81.000000000000000,24.000000000000000,0.0000000000000000
82.000000000000000,24.000000000000000,0.0000000000000000
83.000000000000000,24.000000000000000,0.0000000000000000
84.000000000000000,24.000000000000000,0.0000000000000000
85.000000000000000,24.000000000000000,0.0000000000000000
86.000000000000000,24.000000000000000,0.0000000000000000
87.000000000000000,24.000000000000000,0.0000000000000000
88.000000000000000,24.000000000000000,0.0000000000000000
89.000000000000000,24.000000000000000,0.0000000000000000
90.000000000000000,24.000000000000000,0.0000000000000000
91.000000000000000,24.000000000000000,0.0000000000000000
92.000000000000000,24.000000000000000,0.0000000000000000
93.000000000000000,24.000000000000000,0.0000000000000000
94.000000000000000,24.000000000000000,0.0000000000000000
95.000000000000000,24.000000000000000,0.0000000000000000
96.000000000000000,24.000000000000000,0.0000000000000000
97.000000000000000,24.000000000000000,0.0000000000000000
98.000000000000000,24.000000000000000,0.0000000000000000
99.000000000000000,24.000000000000000,0.0000000000000000
100.00000000000000,24.000000000000000,0.0000000000000000
101.00000000000000,24.000000000000000,0.0000000000000000
102.00000000000000,24.000000000000000,0.0000000000000000
103.00000000000000,24.000000000000000,0.0000000000000000
104.00000000000000,24.000000000000000,0.0000000000000000
105.00000000000000,24.000000000000000,0.0000000000000000
106.00000000000000,24.000000000000000,0.0000000000000000
107.00000000000000,24.000000000000000,0.0000000000000000
108.00000000000000,24.000000000000000,0.0000000000000000
109.00000000000000,24.000000000000000,0.0000000000000000
110.00000000000000,24.000000000000000,0.0000000000000000
111.00000000000000,24.000000000000000,96.900001525878906
112.00000000000000,24.000000000000000,96.900001525878906
113.00000000000000,24.000000000000000,0.0000000000000000
1.0000000000000000,25.000000000000000,0.0000000000000000
2.0000000000000000,25.000000000000000,0.0000000000000000
3.0000000000000000,25.000000000000000,0.0000000000000000
4.0000000000000000,25.000000000000000,0.0000000000000000
5.0000000000000000,25.000000000000000,0.0000000000000000
6.0000000000000000,25.000000000000000,0.0000000000000000
7.0000000000000000,25.000000000000000,0.0000000000000000
8.0000000000000000,25.000000000000000,0.0000000000000000
9.0000000000000000,25.000000000000000,0.0000000000000000
10.000000000000000,25.000000000000000,0.0000000000000000
11.000000000000000,25.000000000000000,0.0000000000000000
12.000000000000000,25.000000000000000,0.0000000000000000
13.000000000000000,25.000000000000000,0.0000000000000000
14.000000000000000,25.000000000000000,0.0000000000000000
15.000000000000000,25.000000000000000,0.0000000000000000
16.000000000000000,25.000000000000000,0.0000000000000000
17.000000000000000,25.000000000000000,0.0000000000000000
18.000000000000000,25.000000000000000,0.0000000000000000
19.000000000000000,25.000000000000000,0.0000000000000000
20.000000000000000,25.000000000000000,0.0000000000000000
21.000000000000000,25.000000000000000,0.0000000000000000
22.000000000000000,25.000000000000000,0.0000000000000000
23.000000000000000,25.000000000000000,0.0000000000000000
24.000000000000000,25.000000000000000,0.0000000000000000
25.000000000000000,25.000000000000000,0.0000000000000000
26.000000000000000,25.000000000000000,0.0000000000000000
27.000000000000000,25.000000000000000,0.0000000000000000
28.000000000000000,25.000000000000000,0.0000000000000000
29.000000000000000,25.000000000000000,0.0000000000000000
30.000000000000000,25.000000000000000,0.0000000000000000
31.000000000000000,25.000000000000000,0.0000000000000000
32.000000000000000,25.000000000000000,0.0000000000000000
33.000000000000000,25.000000000000000,0.0000000000000000
34.000000000000000,25.000000000000000,0.0000000000000000
35.000000000000000,25.000000000000000,0.0000000000000000
36.000000000000000,25.000000000000000,0.0000000000000000
37.000000000000000,25.000000000000000,0.0000000000000000
38.000000000000000,25.000000000000000,0.0000000000000000
39.000000000000000,25.000000000000000,0.0000000000000000
40.000000000000000,25.000000000000000,0.0000000000000000
41.000000000000000,25.000000000000000,0.0000000000000000
42.000000000000000,25.000000000000000,0.0000000000000000
43.000000000000000,25.000000000000000,0.0000000000000000
44.000000000000000,25.000000000000000,0.0000000000000000
45.000000000000000,25.000000000000000,0.0000000000000000
46.000000000000000,25.000000000000000,0.0000000000000000
47.000000000000000,25.000000000000000,0.0000000000000000
48.000000000000000,25.000000000000000,0.0000000000000000
49.000000000000000,25.000000000000000,0.0000000000000000
50.000000000000000,25.000000000000000,0.0000000000000000
51.000000000000000,25.000000000000000,0.0000000000000000
52.000000000000000,25.000000000000000,0.0000000000000000
53.000000000000000,25.000000000000000,0.0000000000000000
54.000000000000000,25.000000000000000,0.0000000000000000
55.000000000000000,25.000000000000000,0.0000000000000000
56.000000000000000,25.000000000000000,0.0000000000000000
57.000000000000000,25.000000000000000,0.0000000000000000
58.000000000000000,25.000000000000000,0.0000000000000000
59.000000000000000,25.000000000000000,0.0000000000000000
60.000000000000000,25.000000000000000,0.0000000000000000
61.000000000000000,25.000000000000000,0.0000000000000000
62.000000000000000,25.000000000000000,0.0000000000000000
63.000000000000000,25.000000000000000,0.0000000000000000
64.000000000000000,25.000000000000000,0.0000000000000000
65.000000000000000,25.000000000000000,0.0000000000000000
66.000000000000000,25.000000000000000,0.0000000000000000
67.000000000000000,25.000000000000000,0.0000000000000000
68.000000000000000,25.000000000000000,0.0000000000000000
69.000000000000000,25.000000000000000,0.0000000000000000
70.000000000000000,25.000000000000000,0.0000000000000000
71.000000000000000,25.000000000000000,0.0000000000000000
72.000000000000000,25.000000000000000,0.0000000000000000
73.000000000000000,25.000000000000000,0.0000000000000000
74.000000000000000,25.000000000000000,0.0000000000000000
75.000000000000000,25.000000000000000,0.0000000000000000
76.000000000000000,25.000000000000000,0.0000000000000000
77.000000000000000,25.000000000000000,0.0000000000000000
78.000000000000000,25.000000000000000,0.0000000000000000
79.000000000000000,25.000000000000000,0.0000000000000000
80.000000000000000,25.000000000000000,0.0000000000000000
81.000000000000000,25.000000000000000,0.0000000000000000
82.000000000000000,25.000000000000000,0.0000000000000000
83.000000000000000,25.000000000000000,0.0000000000000000
84.000000000000000,25.000000000000000,0.0000000000000000
85.000000000000000,25.000000000000000,0.0000000000000000
86.000000000000000,25.000000000000000,0.0000000000000000
87.000000000000000,25.000000000000000,0.0000000000000000
88.000000000000000,25.000000000000000,0.0000000000000000
89.000000000000000,25.000000000000000,0.0000000000000000
90.000000000000000,25.000000000000000,0.0000000000000000
91.000000000000000,25.000000000000000,0.0000000000000000
92.000000000000000,25.000000000000000,0.0000000000000000
93.000000000000000,25.000000000000000,0.0000000000000000
94.000000000000000,25.000000000000000,0.0000000000000000
95.000000000000000,25.000000000000000,0.0000000000000000
96.000000000000000,25.000000000000000,0.0000000000000000
97.000000000000000,25.000000000000000,0.0000000000000000
98.000000000000000,25.000000000000000,0.0000000000000000
99.000000000000000,25.000000000000000,0.0000000000000000
100.00000000000000,25.000000000000000,0.0000000000000000
101.00000000000000,25.000000000000000,0.0000000000000000
102.00000000000000,25.000000000000000,0.0000000000000000
103.00000000000000,25.000000000000000,0.0000000000000000
104.00000000000000,25.000000000000000,0.0000000000000000
105.00000000000000,25.000000000000000,0.0000000000000000
106.00000000000000,25.000000000000000,0.0000000000000000
107.00000000000000,25.000000000000000,0.0000000000000000
108.00000000000000,25.000000000000000,0.0000000000000000
109.00000000000000,25.000000000000000,0.0000000000000000
110.00000000000000,25.000000000000000,0.0000000000000000
111.00000000000000,25.000000000000000,96.900001525878906
112.00000000000000,25.000000000000000,96.900001525878906
113.00000000000000,25.000000000000000,0.0000000000000000
1.0000000000000000,26.000000000000000,0.0000000000000000
2.0000000000000000,26.000000000000000,0.0000000000000000
3.0000000000000000,26.000000000000000,0.0000000000000000
4.0000000000000000,26.000000000000000,0.0000000000000000
5.0000000000000000,26.000000000000000,0.0000000000000000
6.0000000000000000,26.000000000000000,0.0000000000000000
7.0000000000000000,26.000000000000000,0.0000000000000000
8.0000000000000000,26.000000000000000,0.0000000000000000
9.0000000000000000,26.000000000000000,0.0000000000000000
10.000000000000000,26.000000000000000,0.0000000000000000
11.000000000000000,26.000000000000000,0.0000000000000000
12.000000000000000,26.000000000000000,0.0000000000000000
13.000000000000000,26.000000000000000,0.0000000000000000
14.000000000000000,26.000000000000000,0.0000000000000000
15.000000000000000,26.000000000000000,0.0000000000000000
16.000000000000000,26.000000000000000,0.0000000000000000
17.000000000000000,26.000000000000000,0.0000000000000000
18.000000000000000,26.000000000000000,0.0000000000000000
19.000000000000000,26.000000000000000,0.0000000000000000
20.000000000000000,26.000000000000000,0.0000000000000000
21.000000000000000,26.000000000000000,0.0000000000000000
22.000000000000000,26.000000000000000,0.0000000000000000
23.000000000000000,26.000000000000000,0.0000000000000000
24.000000000000000,26.000000000000000,0.0000000000000000
25.000000000000000,26.000000000000000,0.0000000000000000
26.000000000000000,26.000000000000000,0.0000000000000000
27.000000000000000,26.000000000000000,0.0000000000000000
28.000000000000000,26.000000000000000,0.0000000000000000
29.000000000000000,26.000000000000000,0.0000000000000000
30.000000000000000,26.000000000000000,0.0000000000000000
31.000000000000000,26.000000000000000,0.0000000000000000
32.000000000000000,26.000000000000000,0.0000000000000000
33.000000000000000,26.000000000000000,0.0000000000000000
34.000000000000000,26.000000000000000,0.0000000000000000
35.000000000000000,26.000000000000000,0.0000000000000000
36.000000000000000,26.000000000000000,0.0000000000000000
37.000000000000000,26.000000000000000,0.0000000000000000
38.000000000000000,26.000000000000000,0.0000000000000000
39.000000000000000,26.000000000000000,0.0000000000000000
40.000000000000000,26.000000000000000,0.0000000000000000
41.000000000000000,26.000000000000000,0.0000000000000000
42.000000000000000,26.000000000000000,0.0000000000000000
43.000000000000000,26.000000000000000,0.0000000000000000
44.000000000000000,26.000000000000000,0.0000000000000000
45.000000000000000,26.000000000000000,0.0000000000000000
46.000000000000000,26.000000000000000,0.0000000000000000
47.000000000000000,26.000000000000000,0.0000000000000000
48.000000000000000,26.000000000000000,0.0000000000000000
49.000000000000000,26.000000000000000,0.0000000000000000
50.000000000000000,26.000000000000000,0.0000000000000000
51.000000000000000,26.000000000000000,0.0000000000000000
52.000000000000000,26.000000000000000,0.0000000000000000
53.000000000000000,26.000000000000000,0.0000000000000000
54.000000000000000,26.000000000000000,0.0000000000000000
55.000000000000000,26.000000000000000,0.0000000000000000
56.000000000000000,26.000000000000000,0.0000000000000000
57.000000000000000,26.000000000000000,0.0000000000000000
58.000000000000000,26.000000000000000,0.0000000000000000
59.000000000000000,26.000000000000000,0.0000000000000000
60.000000000000000,26.000000000000000,0.0000000000000000
61.000000000000000,26.000000000000000,0.0000000000000000
62.000000000000000,26.000000000000000,0.0000000000000000
63.000000000000000,26.000000000000000,0.0000000000000000
64.000000000000000,26.000000000000000,0.0000000000000000
65.000000000000000,26.000000000000000,0.0000000000000000
66.000000000000000,26.000000000000000,0.0000000000000000
67.000000000000000,26.000000000000000,0.0000000000000000
68.000000000000000,26.000000000000000,0.0000000000000000
69.000000000000000,26.000000000000000,0.0000000000000000
70.000000000000000,26.000000000000000,0.0000000000000000
71.000000000000000,26.000000000000000,0.0000000000000000
72.000000000000000,26.000000000000000,0.0000000000000000
73.000000000000000,26.000000000000000,0.0000000000000000
74.000000000000000,26.000000000000000,0.0000000000000000
75.000000000000000,26.000000000000000,0.0000000000000000
76.000000000000000,26.000000000000000,0.0000000000000000
77.000000000000000,26.000000000000000,0.0000000000000000
78.000000000000000,26.000000000000000,0.0000000000000000
79.000000000000000,26.000000000000000,0.0000000000000000
80.000000000000000,26.000000000000000,0.0000000000000000
81.000000000000000,26.000000000000000,0.0000000000000000
82.000000000000000,26.000000000000000,0.0000000000000000
83.000000000000000,26.000000000000000,0.0000000000000000
84.000000000000000,26.000000000000000,0.0000000000000000
85.000000000000000,26.000000000000000,0.0000000000000000
86.000000000000000,26.000000000000000,0.0000000000000000
87.000000000000000,26.000000000000000,0.0000000000000000
88.000000000000000,26.000000000000000,0.0000000000000000
89.000000000000000,26.000000000000000,0.0000000000000000
90.000000000000000,26.000000000000000,0.0000000000000000
91.000000000000000,26.000000000000000,0.0000000000000000
92.000000000000000,26.000000000000000,0.0000000000000000
93.000000000000000,26.000000000000000,0.0000000000000000
94.000000000000000,26.000000000000000,0.0000000000000000
95.000000000000000,26.000000000000000,0.0000000000000000
96.000000000000000,26.000000000000000,0.0000000000000000
97.000000000000000,26.000000000000000,0.0000000000000000
98.000000000000000,26.000000000000000,0.0000000000000000
99.000000000000000,26.000000000000000,0.0000000000000000
100.00000000000000,26.000000000000000,0.0000000000000000
101.00000000000000,26.000000000000000,0.0000000000000000
102.00000000000000,26.000000000000000,0.0000000000000000
103.00000000000000,26.000000000000000,0.0000000000000000
104.00000000000000,26.000000000000000,0.0000000000000000
105.00000000000000,26.000000000000000,0.0000000000000000
106.00000000000000,26.000000000000000,0.0000000000000000
107.00000000000000,26.000000000000000,0.0000000000000000
108.00000000000000,26.000000000000000,0.0000000000000000
109.00000000000000,26.000000000000000,0.0000000000000000
110.00000000000000,26.000000000000000,0.0000000000000000
111.00000000000000,26.000000000000000,96.500000000000000
112.00000000000000,26.000000000000000,96.500000000000000
113.00000000000000,26.000000000000000,0.0000000000000000
1.0000000000000000,27.000000000000000,0.0000000000000000
2.0000000000000000,27.000000000000000,0.0000000000000000
3.0000000000000000,27.000000000000000,0.0000000000000000
4.0000000000000000,27.000000000000000,0.0000000000000000
5.0000000000000000,27.000000000000000,0.0000000000000000
6.0000000000000000,27.000000000000000,0.0000000000000000
7.0000000000000000,27.000000000000000,0.0000000000000000
8.0000000000000000,27.000000000000000,0.0000000000000000
9.0000000000000000,27.000000000000000,0.0000000000000000
10.000000000000000,27.000000000000000,0.0000000000000000
11.000000000000000,27.000000000000000,0.0000000000000000
12.000000000000000,27.000000000000000,0.0000000000000000
13.000000000000000,27.000000000000000,0.0000000000000000
14.000000000000000,27.000000000000000,0.0000000000000000
15.000000000000000,27.000000000000000,0.0000000000000000
16.000000000000000,27.000000000000000,0.0000000000000000
17.000000000000000,27.000000000000000,0.0000000000000000
18.000000000000000,27.000000000000000,0.0000000000000000
19.000000000000000,27.000000000000000,0.0000000000000000
20.000000000000000,27.000000000000000,0.0000000000000000
21.000000000000000,27.000000000000000,0.0000000000000000
22.000000000000000,27.000000000000000,0.0000000000000000
23.000000000000000,27.000000000000000,0.0000000000000000
24.000000000000000,27.000000000000000,0.0000000000000000
25.000000000000000,27.000000000000000,0.0000000000000000
26.000000000000000,27.000000000000000,0.0000000000000000
27.000000000000000,27.000000000000000,0.0000000000000000
28.000000000000000,27.000000000000000,0.0000000000000000
29.000000000000000,27.000000000000000,0.0000000000000000
30.000000000000000,27.000000000000000,0.0000000000000000
31.000000000000000,27.000000000000000,0.0000000000000000
32.000000000000000,27.000000000000000,0.0000000000000000
33.000000000000000,27.000000000000000,0.0000000000000000
34.000000000000000,27.000000000000000,0.0000000000000000
35.000000000000000,27.000000000000000,0.0000000000000000
36.000000000000000,27.000000000000000,0.0000000000000000
37.000000000000000,27.000000000000000,0.0000000000000000
38.000000000000000,27.000000000000000,0.0000000000000000
39.000000000000000,27.000000000000000,0.0000000000000000
40.000000000000000,27.000000000000000,0.0000000000000000
41.000000000000000,27.000000000000000,0.0000000000000000
42.000000000000000,27.000000000000000,0.0000000000000000
43.000000000000000,27.000000000000000,0.0000000000000000
44.000000000000000,27.000000000000000,0.0000000000000000
45.000000000000000,27.000000000000000,0.0000000000000000
46.000000000000000,27.000000000000000,0.0000000000000000
47.000000000000000,27.000000000000000,0.0000000000000000
48.000000000000000,27.000000000000000,0.0000000000000000
49.000000000000000,27.000000000000000,0.0000000000000000
50.000000000000000,27.000000000000000,0.0000000000000000
51.000000000000000,27.000000000000000,0.0000000000000000
52.000000000000000,27.000000000000000,0.0000000000000000
53.000000000000000,27.000000000000000,0.0000000000000000
54.000000000000000,27.000000000000000,0.0000000000000000
55.000000000000000,27.000000000000000,0.0000000000000000
56.000000000000000,27.000000000000000,0.0000000000000000
57.000000000000000,27.000000000000000,0.0000000000000000
58.000000000000000,27.000000000000000,0.0000000000000000
59.000000000000000,27.000000000000000,0.0000000000000000
60.000000000000000,27.000000000000000,0.0000000000000000
61.000000000000000,27.000000000000000,0.0000000000000000
62.000000000000000,27.000000000000000,0.0000000000000000
63.000000000000000,27.000000000000000,0.0000000000000000
64.000000000000000,27.000000000000000,0.0000000000000000
65.000000000000000,27.000000000000000,0.0000000000000000
66.000000000000000,27.000000000000000,0.0000000000000000
67.000000000000000,27.000000000000000,0.0000000000000000
68.000000000000000,27.000000000000000,0.0000000000000000
69.000000000000000,27.000000000000000,0.0000000000000000
70.000000000000000,27.000000000000000,0.0000000000000000
71.000000000000000,27.000000000000000,0.0000000000000000
72.000000000000000,27.000000000000000,0.0000000000000000
73.000000000000000,27.000000000000000,0.0000000000000000
74.000000000000000,27.000000000000000,0.0000000000000000
75.000000000000000,27.000000000000000,0.0000000000000000
76.000000000000000,27.000000000000000,0.0000000000000000
77.000000000000000,27.000000000000000,0.0000000000000000
78.000000000000000,27.000000000000000,0.0000000000000000
79.000000000000000,27.000000000000000,0.0000000000000000
80.000000000000000,27.000000000000000,0.0000000000000000
81.000000000000000,27.000000000000000,0.0000000000000000
82.000000000000000,27.000000000000000,0.0000000000000000
83.000000000000000,27.000000000000000,0.0000000000000000
84.000000000000000,27.000000000000000,0.0000000000000000
85.000000000000000,27.000000000000000,0.0000000000000000
86.000000000000000,27.000000000000000,0.0000000000000000
87.000000000000000,27.000000000000000,0.0000000000000000
88.000000000000000,27.000000000000000,0.0000000000000000
89.000000000000000,27.000000000000000,0.0000000000000000
90.000000000000000,27.000000000000000,0.0000000000000000
91.000000000000000,27.000000000000000,0.0000000000000000
92.000000000000000,27.000000000000000,0.0000000000000000
93.000000000000000,27.000000000000000,0.0000000000000000
94.000000000000000,27.000000000000000,0.0000000000000000
95.000000000000000,27.000000000000000,0.0000000000000000
96.000000000000000,27.000000000000000,0.0000000000000000
97.000000000000000,27.000000000000000,0.0000000000000000
98.000000000000000,27.000000000000000,0.0000000000000000
99.000000000000000,27.000000000000000,0.0000000000000000
100.00000000000000,27.000000000000000,0.0000000000000000
101.00000000000000,27.000000000000000,0.0000000000000000
102.00000000000000,27.000000000000000,0.0000000000000000
103.00000000000000,27.000000000000000,0.0000000000000000
104.00000000000000,27.000000000000000,0.0000000000000000
105.00000000000000,27.000000000000000,0.0000000000000000
106.00000000000000,27.000000000000000,0.0000000000000000
107.00000000000000,27.000000000000000,0.0000000000000000
108.00000000000000,27.000000000000000,0.0000000000000000
109.00000000000000,27.000000000000000,0.0000000000000000
110.00000000000000,27.000000000000000,0.0000000000000000
111.00000000000000,27.000000000000000,96.500000000000000
112.00000000000000,27.000000000000000,0.0000000000000000
113.00000000000000,27.000000000000000,0.0000000000000000
1.0000000000000000,28.000000000000000,0.0000000000000000
2.0000000000000000,28.000000000000000,0.0000000000000000
3.0000000000000000,28.000000000000000,0.0000000000000000
4.0000000000000000,28.000000000000000,0.0000000000000000
5.0000000000000000,28.000000000000000,0.0000000000000000
6.0000000000000000,28.000000000000000,0.0000000000000000
7.0000000000000000,28.000000000000000,0.0000000000000000
8.0000000000000000,28.000000000000000,0.0000000000000000
9.0000000000000000,28.000000000000000,0.0000000000000000
10.000000000000000,28.000000000000000,0.0000000000000000
11.000000000000000,28.000000000000000,0.0000000000000000
12.000000000000000,28.000000000000000,0.0000000000000000
13.000000000000000,28.000000000000000,0.0000000000000000
14.000000000000000,28.000000000000000,0.0000000000000000
15.000000000000000,28.000000000000000,0.0000000000000000
16.000000000000000,28.000000000000000,0.0000000000000000
17.000000000000000,28.000000000000000,0.0000000000000000
18.000000000000000,28.000000000000000,0.0000000000000000
19.000000000000000,28.000000000000000,0.0000000000000000
20.000000000000000,28.000000000000000,0.0000000000000000
21.000000000000000,28.000000000000000,0.0000000000000000
22.000000000000000,28.000000000000000,0.0000000000000000
23.000000000000000,28.000000000000000,0.0000000000000000
24.000000000000000,28.000000000000000,0.0000000000000000
25.000000000000000,28.000000000000000,0.0000000000000000
26.000000000000000,28.000000000000000,0.0000000000000000
27.000000000000000,28.000000000000000,0.0000000000000000
28.000000000000000,28.000000000000000,0.0000000000000000
29.000000000000000,28.000000000000000,0.0000000000000000
30.000000000000000,28.000000000000000,0.0000000000000000
31.000000000000000,28.000000000000000,0.0000000000000000
32.000000000000000,28.000000000000000,0.0000000000000000
33.000000000000000,28.000000000000000,0.0000000000000000
34.000000000000000,28.000000000000000,0.0000000000000000
35.000000000000000,28.000000000000000,0.0000000000000000
36.000000000000000,28.000000000000000,0.0000000000000000
37.000000000000000,28.000000000000000,0.0000000000000000
38.000000000000000,28.000000000000000,0.0000000000000000
39.000000000000000,28.000000000000000,0.0000000000000000
40.000000000000000,28.000000000000000,0.0000000000000000
41.000000000000000,28.000000000000000,0.0000000000000000
42.000000000000000,28.000000000000000,0.0000000000000000
43.000000000000000,28.000000000000000,0.0000000000000000
44.000000000000000,28.000000000000000,0.0000000000000000
45.000000000000000,28.000000000000000,0.0000000000000000
46.000000000000000,28.000000000000000,0.0000000000000000
47.000000000000000,28.000000000000000,0.0000000000000000
48.000000000000000,28.000000000000000,0.0000000000000000
49.000000000000000,28.000000000000000,0.0000000000000000
50.000000000000000,28.000000000000000,0.0000000000000000
51.000000000000000,28.000000000000000,0.0000000000000000
52.000000000000000,28.000000000000000,0.0000000000000000
53.000000000000000,28.000000000000000,0.0000000000000000
54.000000000000000,28.000000000000000,0.0000000000000000
55.000000000000000,28.000000000000000,0.0000000000000000
56.000000000000000,28.000000000000000,0.0000000000000000
57.000000000000000,28.000000000000000,0.0000000000000000
58.000000000000000,28.000000000000000,0.0000000000000000
59.000000000000000,28.000000000000000,0.0000000000000000
60.000000000000000,28.000000000000000,0.0000000000000000
61.000000000000000,28.000000000000000,0.0000000000000000
62.000000000000000,28.000000000000000,0.0000000000000000
63.000000000000000,28.000000000000000,0.0000000000000000
64.000000000000000,28.000000000000000,0.0000000000000000
65.000000000000000,28.000000000000000,0.0000000000000000
66.000000000000000,28.000000000000000,0.0000000000000000
67.000000000000000,28.000000000000000,0.0000000000000000
68.000000000000000,28.000000000000000,0.0000000000000000
69.000000000000000,28.000000000000000,0.0000000000000000
70.000000000000000,28.000000000000000,0.0000000000000000
71.000000000000000,28.000000000000000,0.0000000000000000
72.000000000000000,28.000000000000000,0.0000000000000000
73.000000000000000,28.000000000000000,0.0000000000000000
74.000000000000000,28.000000000000000,0.0000000000000000
75.000000000000000,28.000000000000000,0.0000000000000000
76.000000000000000,28.000000000000000,0.0000000000000000
77.000000000000000,28.000000000000000,0.0000000000000000
78.000000000000000,28.000000000000000,0.0000000000000000
79.000000000000000,28.000000000000000,0.0000000000000000
80.000000000000000,28.000000000000000,0.0000000000000000
81.000000000000000,28.000000000000000,0.0000000000000000
82.000000000000000,28.000000000000000,0.0000000000000000
83.000000000000000,28.000000000000000,0.0000000000000000
84.000000000000000,28.000000000000000,0.0000000000000000
85.000000000000000,28.000000000000000,0.0000000000000000
86.000000000000000,28.000000000000000,0.0000000000000000
87.000000000000000,28.000000000000000,0.0000000000000000
88.000000000000000,28.000000000000000,0.0000000000000000
89.000000000000000,28.000000000000000,0.0000000000000000
90.000000000000000,28.000000000000000,0.0000000000000000
91.000000000000000,28.000000000000000,0.0000000000000000
92.000000000000000,28.000000000000000,0.0000000000000000
93.000000000000000,28.000000000000000,0.0000000000000000
94.000000000000000,28.000000000000000,0.0000000000000000
95.000000000000000,28.000000000000000,0.0000000000000000
96.000000000000000,28.000000000000000,0.0000000000000000
97.000000000000000,28.000000000000000,0.0000000000000000
98.000000000000000,28.000000000000000,0.0000000000000000
99.000000000000000,28.000000000000000,0.0000000000000000
100.00000000000000,28.000000000000000,0.0000000000000000
101.00000000000000,28.000000000000000,0.0000000000000000
102.00000000000000,28.000000000000000,0.0000000000000000
103.00000000000000,28.000000000000000,0.0000000000000000
104.00000000000000,28.000000000000000,0.0000000000000000
105.00000000000000,28.000000000000000,0.0000000000000000
106.00000000000000,28.000000000000000,0.0000000000000000
107.00000000000000,28.000000000000000,0.0000000000000000
108.00000000000000,28.000000000000000,0.0000000000000000
109.00000000000000,28.000000000000000,0.0000000000000000
110.00000000000000,28.000000000000000,0.0000000000000000
111.00000000000000,28.000000000000000,96.500000000000000
112.00000000000000,28.000000000000000,0.0000000000000000
113.00000000000000,28.000000000000000,0.0000000000000000
1.0000000000000000,29.000000000000000,0.0000000000000000
2.0000000000000000,29.000000000000000,0.0000000000000000
3.0000000000000000,29.000000000000000,0.0000000000000000
4.0000000000000000,29.000000000000000,0.0000000000000000
5.0000000000000000,29.000000000000000,0.0000000000000000
6.0000000000000000,29.000000000000000,0.0000000000000000
7.0000000000000000,29.000000000000000,0.0000000000000000
8.0000000000000000,29.000000000000000,0.0000000000000000
9.0000000000000000,29.000000000000000,0.0000000000000000
10.000000000000000,29.000000000000000,0.0000000000000000
11.000000000000000,29.000000000000000,0.0000000000000000
12.000000000000000,29.000000000000000,0.0000000000000000
13.000000000000000,29.000000000000000,0.0000000000000000
14.000000000000000,29.000000000000000,0.0000000000000000
15.000000000000000,29.000000000000000,0.0000000000000000
16.000000000000000,29.000000000000000,0.0000000000000000
17.000000000000000,29.000000000000000,0.0000000000000000
18.000000000000000,29.000000000000000,0.0000000000000000
19.000000000000000,29.000000000000000,0.0000000000000000
20.000000000000000,29.000000000000000,0.0000000000000000
21.000000000000000,29.000000000000000,0.0000000000000000
22.000000000000000,29.000000000000000,0.0000000000000000
23.000000000000000,29.000000000000000,0.0000000000000000
24.000000000000000,29.000000000000000,0.0000000000000000
25.000000000000000,29.000000000000000,0.0000000000000000
26.000000000000000,29.000000000000000,0.0000000000000000
27.000000000000000,29.000000000000000,0.0000000000000000
28.000000000000000,29.000000000000000,0.0000000000000000
29.000000000000000,29.000000000000000,0.0000000000000000
30.000000000000000,29.000000000000000,0.0000000000000000
31.000000000000000,29.000000000000000,0.0000000000000000
32.000000000000000,29.000000000000000,0.0000000000000000
33.000000000000000,29.000000000000000,0.0000000000000000
34.000000000000000,29.000000000000000,0.0000000000000000
35.000000000000000,29.000000000000000,0.0000000000000000
36.000000000000000,29.000000000000000,0.0000000000000000
37.000000000000000,29.000000000000000,0.0000000000000000
38.000000000000000,29.000000000000000,0.0000000000000000
39.000000000000000,29.000000000000000,0.0000000000000000
40.000000000000000,29.000000000000000,0.0000000000000000
41.000000000000000,29.000000000000000,0.0000000000000000
42.000000000000000,29.000000000000000,0.0000000000000000
43.000000000000000,29.000000000000000,0.0000000000000000
44.000000000000000,29.000000000000000,0.0000000000000000
45.000000000000000,29.000000000000000,0.0000000000000000
46.000000000000000,29.000000000000000,0.0000000000000000
47.000000000000000,29.000000000000000,0.0000000000000000
48.000000000000000,29.000000000000000,0.0000000000000000
49.000000000000000,29.000000000000000,0.0000000000000000
50.000000000000000,29.000000000000000,0.0000000000000000
51.000000000000000,29.000000000000000,0.0000000000000000
52.000000000000000,29.000000000000000,0.0000000000000000
53.000000000000000,29.000000000000000,0.0000000000000000
54.000000000000000,29.000000000000000,0.0000000000000000
55.000000000000000,29.000000000000000,0.0000000000000000
56.000000000000000,29.000000000000000,0.0000000000000000
57.000000000000000,29.000000000000000,0.0000000000000000
58.000000000000000,29.000000000000000,0.0000000000000000
59.000000000000000,29.000000000000000,0.0000000000000000
60.000000000000000,29.000000000000000,0.0000000000000000
61.000000000000000,29.000000000000000,0.0000000000000000
62.000000000000000,29.000000000000000,0.0000000000000000
63.000000000000000,29.000000000000000,0.0000000000000000
64.000000000000000,29.000000000000000,0.0000000000000000
65.000000000000000,29.000000000000000,0.0000000000000000
66.000000000000000,29.000000000000000,0.0000000000000000
67.000000000000000,29.000000000000000,0.0000000000000000
68.000000000000000,29.000000000000000,0.0000000000000000
69.000000000000000,29.000000000000000,0.0000000000000000
70.000000000000000,29.000000000000000,0.0000000000000000
71.000000000000000,29.000000000000000,0.0000000000000000
72.000000000000000,29.000000000000000,0.0000000000000000
73.000000000000000,29.000000000000000,0.0000000000000000
74.000000000000000,29.000000000000000,0.0000000000000000
75.000000000000000,29.000000000000000,0.0000000000000000
76.000000000000000,29.000000000000000,0.0000000000000000
77.000000000000000,29.000000000000000,0.0000000000000000
78.000000000000000,29.000000000000000,0.0000000000000000
79.000000000000000,29.000000000000000,0.0000000000000000
80.000000000000000,29.000000000000000,0.0000000000000000
81.000000000000000,29.000000000000000,0.0000000000000000
82.000000000000000,29.000000000000000,0.0000000000000000
83.000000000000000,29.000000000000000,0.0000000000000000
84.000000000000000,29.000000000000000,0.0000000000000000
85.000000000000000,29.000000000000000,0.0000000000000000
86.000000000000000,29.000000000000000,0.0000000000000000
87.000000000000000,29.000000000000000,0.0000000000000000
88.000000000000000,29.000000000000000,0.0000000000000000
89.000000000000000,29.000000000000000,0.0000000000000000
90.000000000000000,29.000000000000000,0.0000000000000000
91.000000000000000,29.000000000000000,0.0000000000000000
92.000000000000000,29.000000000000000,0.0000000000000000
93.000000000000000,29.000000000000000,0.0000000000000000
94.000000000000000,29.000000000000000,0.0000000000000000
95.000000000000000,29.000000000000000,0.0000000000000000
96.000000000000000,29.000000000000000,0.0000000000000000
97.000000000000000,29.000000000000000,0.0000000000000000
98.000000000000000,29.000000000000000,0.0000000000000000
99.000000000000000,29.000000000000000,97.699996948242188
100.00000000000000,29.000000000000000,97.699996948242188
101.00000000000000,29.000000000000000,97.699996948242188
102.00000000000000,29.000000000000000,97.500000000000000
103.00000000000000,29.000000000000000,0.0000000000000000
104.00000000000000,29.000000000000000,0.0000000000000000
105.00000000000000,29.000000000000000,97.199996948242188
106.00000000000000,29.000000000000000,97.199996948242188
107.00000000000000,29.000000000000000,97.199996948242188
108.00000000000000,29.000000000000000,96.800003051757812
109.00000000000000,29.000000000000000,96.800003051757812
110.00000000000000,29.000000000000000,0.0000000000000000
111.00000000000000,29.000000000000000,0.0000000000000000
112.00000000000000,29.000000000000000,0.0000000000000000
113.00000000000000,29.000000000000000,0.0000000000000000
1.0000000000000000,30.000000000000000,0.0000000000000000
2.0000000000000000,30.000000000000000,0.0000000000000000
3.0000000000000000,30.000000000000000,0.0000000000000000
4.0000000000000000,30.000000000000000,0.0000000000000000
5.0000000000000000,30.000000000000000,0.0000000000000000
6.0000000000000000,30.000000000000000,0.0000000000000000
7.0000000000000000,30.000000000000000,0.0000000000000000
8.0000000000000000,30.000000000000000,0.0000000000000000
9.0000000000000000,30.000000000000000,0.0000000000000000
10.000000000000000,30.000000000000000,0.0000000000000000
11.000000000000000,30.000000000000000,0.0000000000000000
12.000000000000000,30.000000000000000,0.0000000000000000
13.000000000000000,30.000000000000000,0.0000000000000000
14.000000000000000,30.000000000000000,0.0000000000000000
15.000000000000000,30.000000000000000,0.0000000000000000
16.000000000000000,30.000000000000000,0.0000000000000000
17.000000000000000,30.000000000000000,0.0000000000000000
18.000000000000000,30.000000000000000,0.0000000000000000
19.000000000000000,30.000000000000000,0.0000000000000000
20.000000000000000,30.000000000000000,0.0000000000000000
21.000000000000000,30.000000000000000,0.0000000000000000
22.000000000000000,30.000000000000000,0.0000000000000000
23.000000000000000,30.000000000000000,0.0000000000000000
24.000000000000000,30.000000000000000,0.0000000000000000
25.000000000000000,30.000000000000000,0.0000000000000000
26.000000000000000,30.000000000000000,0.0000000000000000
27.000000000000000,30.000000000000000,0.0000000000000000
28.000000000000000,30.000000000000000,0.0000000000000000
29.000000000000000,30.000000000000000,0.0000000000000000
30.000000000000000,30.000000000000000,0.0000000000000000
31.000000000000000,30.000000000000000,0.0000000000000000
32.000000000000000,30.000000000000000,0.0000000000000000
33.000000000000000,30.000000000000000,0.0000000000000000
34.000000000000000,30.000000000000000,0.0000000000000000
35.000000000000000,30.000000000000000,0.0000000000000000
36.000000000000000,30.000000000000000,0.0000000000000000
37.000000000000000,30.000000000000000,0.0000000000000000
38.000000000000000,30.000000000000000,0.0000000000000000
39.000000000000000,30.000000000000000,0.0000000000000000
40.000000000000000,30.000000000000000,0.0000000000000000
41.000000000000000,30.000000000000000,0.0000000000000000
42.000000000000000,30.000000000000000,0.0000000000000000
43.000000000000000,30.000000000000000,0.0000000000000000
44.000000000000000,30.000000000000000,0.0000000000000000
45.000000000000000,30.000000000000000,0.0000000000000000
46.000000000000000,30.000000000000000,0.0000000000000000
47.000000000000000,30.000000000000000,0.0000000000000000
48.000000000000000,30.000000000000000,0.0000000000000000
49.000000000000000,30.000000000000000,0.0000000000000000
50.000000000000000,30.000000000000000,0.0000000000000000
51.000000000000000,30.000000000000000,0.0000000000000000
52.000000000000000,30.000000000000000,0.0000000000000000
53.000000000000000,30.000000000000000,0.0000000000000000
54.000000000000000,30.000000000000000,0.0000000000000000
55.000000000000000,30.000000000000000,0.0000000000000000
56.000000000000000,30.000000000000000,0.0000000000000000
57.000000000000000,30.000000000000000,0.0000000000000000
58.000000000000000,30.000000000000000,0.0000000000000000
59.000000000000000,30.000000000000000,0.0000000000000000
60.000000000000000,30.000000000000000,0.0000000000000000
61.000000000000000,30.000000000000000,0.0000000000000000
62.000000000000000,30.000000000000000,0.0000000000000000
63.000000000000000,30.000000000000000,0.0000000000000000
64.000000000000000,30.000000000000000,0.0000000000000000
65.000000000000000,30.000000000000000,0.0000000000000000
66.000000000000000,30.000000000000000,0.0000000000000000
67.000000000000000,30.000000000000000,0.0000000000000000
68.000000000000000,30.000000000000000,0.0000000000000000
69.000000000000000,30.000000000000000,0.0000000000000000
70.000000000000000,30.000000000000000,0.0000000000000000
71.000000000000000,30.000000000000000,0.0000000000000000
72.000000000000000,30.000000000000000,0.0000000000000000
73.000000000000000,30.000000000000000,0.0000000000000000
74.000000000000000,30.000000000000000,0.0000000000000000
75.000000000000000,30.000000000000000,0.0000000000000000
76.000000000000000,30.000000000000000,0.0000000000000000
77.000000000000000,30.000000000000000,0.0000000000000000
78.000000000000000,30.000000000000000,0.0000000000000000
79.000000000000000,30.000000000000000,0.0000000000000000
80.000000000000000,30.000000000000000,0.0000000000000000
81.000000000000000,30.000000000000000,0.0000000000000000
82.000000000000000,30.000000000000000,0.0000000000000000
83.000000000000000,30.000000000000000,0.0000000000000000
84.000000000000000,30.000000000000000,0.0000000000000000
85.000000000000000,30.000000000000000,0.0000000000000000
86.000000000000000,30.000000000000000,0.0000000000000000
87.000000000000000,30.000000000000000,0.0000000000000000
88.000000000000000,30.000000000000000,0.0000000000000000
89.000000000000000,30.000000000000000,0.0000000000000000
90.000000000000000,30.000000000000000,0.0000000000000000
91.000000000000000,30.000000000000000,0.0000000000000000
92.000000000000000,30.000000000000000,0.0000000000000000
93.000000000000000,30.000000000000000,0.0000000000000000
94.000000000000000,30.000000000000000,0.0000000000000000
95.000000000000000,30.000000000000000,0.0000000000000000
96.000000000000000,30.000000000000000,0.0000000000000000
97.000000000000000,30.000000000000000,0.0000000000000000
98.000000000000000,30.000000000000000,0.0000000000000000
99.000000000000000,30.000000000000000,97.699996948242188
100.00000000000000,30.000000000000000,97.699996948242188
101.00000000000000,30.000000000000000,97.699996948242188
102.00000000000000,30.000000000000000,0.0000000000000000
103.00000000000000,30.000000000000000,0.0000000000000000
104.00000000000000,30.000000000000000,0.0000000000000000
105.00000000000000,30.000000000000000,0.0000000000000000
106.00000000000000,30.000000000000000,97.199996948242188
107.00000000000000,30.000000000000000,97.199996948242188
108.00000000000000,30.000000000000000,96.800003051757812
109.00000000000000,30.000000000000000,0.0000000000000000
110.00000000000000,30.000000000000000,0.0000000000000000
111.00000000000000,30.000000000000000,0.0000000000000000
112.00000000000000,30.000000000000000,0.0000000000000000
113.00000000000000,30.000000000000000,0.0000000000000000
1.0000000000000000,31.000000000000000,0.0000000000000000
2.0000000000000000,31.000000000000000,0.0000000000000000
3.0000000000000000,31.000000000000000,0.0000000000000000
4.0000000000000000,31.000000000000000,0.0000000000000000
5.0000000000000000,31.000000000000000,0.0000000000000000
6.0000000000000000,31.000000000000000,0.0000000000000000
7.0000000000000000,31.000000000000000,0.0000000000000000
8.0000000000000000,31.000000000000000,0.0000000000000000
9.0000000000000000,31.000000000000000,0.0000000000000000
10.000000000000000,31.000000000000000,0.0000000000000000
11.000000000000000,31.000000000000000,0.0000000000000000
12.000000000000000,31.000000000000000,0.0000000000000000
13.000000000000000,31.000000000000000,0.0000000000000000
14.000000000000000,31.000000000000000,0.0000000000000000
15.000000000000000,31.000000000000000,0.0000000000000000
16.000000000000000,31.000000000000000,0.0000000000000000
17.000000000000000,31.000000000000000,0.0000000000000000
18.000000000000000,31.000000000000000,0.0000000000000000
19.000000000000000,31.000000000000000,0.0000000000000000
20.000000000000000,31.000000000000000,0.0000000000000000
21.000000000000000,31.000000000000000,0.0000000000000000
22.000000000000000,31.000000000000000,0.0000000000000000
23.000000000000000,31.000000000000000,0.0000000000000000
24.000000000000000,31.000000000000000,0.0000000000000000
25.000000000000000,31.000000000000000,0.0000000000000000
26.000000000000000,31.000000000000000,0.0000000000000000
27.000000000000000,31.000000000000000,0.0000000000000000
28.000000000000000,31.000000000000000,0.0000000000000000
29.000000000000000,31.000000000000000,0.0000000000000000
30.000000000000000,31.000000000000000,0.0000000000000000
31.000000000000000,31.000000000000000,0.0000000000000000
32.000000000000000,31.000000000000000,0.0000000000000000
33.000000000000000,31.000000000000000,0.0000000000000000
34.000000000000000,31.000000000000000,0.0000000000000000
35.000000000000000,31.000000000000000,0.0000000000000000
36.000000000000000,31.000000000000000,0.0000000000000000
37.000000000000000,31.000000000000000,0.0000000000000000
38.000000000000000,31.000000000000000,0.0000000000000000
39.000000000000000,31.000000000000000,0.0000000000000000
40.000000000000000,31.000000000000000,0.0000000000000000
41.000000000000000,31.000000000000000,0.0000000000000000
42.000000000000000,31.000000000000000,0.0000000000000000
43.000000000000000,31.000000000000000,0.0000000000000000
44.000000000000000,31.000000000000000,0.0000000000000000
45.000000000000000,31.000000000000000,0.0000000000000000
46.000000000000000,31.000000000000000,0.0000000000000000
47.000000000000000,31.000000000000000,0.0000000000000000
48.000000000000000,31.000000000000000,0.0000000000000000
49.000000000000000,31.000000000000000,0.0000000000000000
50.000000000000000,31.000000000000000,0.0000000000000000
51.000000000000000,31.000000000000000,0.0000000000000000
52.000000000000000,31.000000000000000,0.0000000000000000
53.000000000000000,31.000000000000000,0.0000000000000000
54.000000000000000,31.000000000000000,0.0000000000000000
55.000000000000000,31.000000000000000,0.0000000000000000
56.000000000000000,31.000000000000000,0.0000000000000000
57.000000000000000,31.000000000000000,0.0000000000000000
58.000000000000000,31.000000000000000,0.0000000000000000
59.000000000000000,31.000000000000000,0.0000000000000000
60.000000000000000,31.000000000000000,0.0000000000000000
61.000000000000000,31.000000000000000,0.0000000000000000
62.000000000000000,31.000000000000000,0.0000000000000000
63.000000000000000,31.000000000000000,0.0000000000000000
64.000000000000000,31.000000000000000,0.0000000000000000
65.000000000000000,31.000000000000000,0.0000000000000000
66.000000000000000,31.000000000000000,0.0000000000000000
67.000000000000000,31.000000000000000,0.0000000000000000
68.000000000000000,31.000000000000000,0.0000000000000000
69.000000000000000,31.000000000000000,0.0000000000000000
70.000000000000000,31.000000000000000,0.0000000000000000
71.000000000000000,31.000000000000000,0.0000000000000000
72.000000000000000,31.000000000000000,0.0000000000000000
73.000000000000000,31.000000000000000,0.0000000000000000
74.000000000000000,31.000000000000000,0.0000000000000000
75.000000000000000,31.000000000000000,0.0000000000000000
76.000000000000000,31.000000000000000,0.0000000000000000
77.000000000000000,31.000000000000000,0.0000000000000000
78.000000000000000,31.000000000000000,0.0000000000000000
79.000000000000000,31.000000000000000,0.0000000000000000
80.000000000000000,31.000000000000000,0.0000000000000000
81.000000000000000,31.000000000000000,0.0000000000000000
82.000000000000000,31.000000000000000,0.0000000000000000
83.000000000000000,31.000000000000000,0.0000000000000000
84.000000000000000,31.000000000000000,0.0000000000000000
85.000000000000000,31.000000000000000,0.0000000000000000
86.000000000000000,31.000000000000000,0.0000000000000000
87.000000000000000,31.000000000000000,0.0000000000000000
88.000000000000000,31.000000000000000,0.0000000000000000
89.000000000000000,31.000000000000000,0.0000000000000000
90.000000000000000,31.000000000000000,0.0000000000000000
91.000000000000000,31.000000000000000,0.0000000000000000
92.000000000000000,31.000000000000000,0.0000000000000000
93.000000000000000,31.000000000000000,0.0000000000000000
94.000000000000000,31.000000000000000,0.0000000000000000
95.000000000000000,31.000000000000000,0.0000000000000000
96.000000000000000,31.000000000000000,0.0000000000000000
97.000000000000000,31.000000000000000,0.0000000000000000
98.000000000000000,31.000000000000000,0.0000000000000000
99.000000000000000,31.000000000000000,97.699996948242188
100.00000000000000,31.000000000000000,97.699996948242188
101.00000000000000,31.000000000000000,0.0000000000000000
102.00000000000000,31.000000000000000,0.0000000000000000
103.00000000000000,31.000000000000000,0.0000000000000000
104.00000000000000,31.000000000000000,0.0000000000000000
105.00000000000000,31.000000000000000,0.0000000000000000
106.00000000000000,31.000000000000000,0.0000000000000000
107.00000000000000,31.000000000000000,0.0000000000000000
108.00000000000000,31.000000000000000,0.0000000000000000
109.00000000000000,31.000000000000000,0.0000000000000000
110.00000000000000,31.000000000000000,0.0000000000000000
111.00000000000000,31.000000000000000,0.0000000000000000
112.00000000000000,31.000000000000000,0.0000000000000000
113.00000000000000,31.000000000000000,0.0000000000000000
1.0000000000000000,32.000000000000000,0.0000000000000000
2.0000000000000000,32.000000000000000,0.0000000000000000
3.0000000000000000,32.000000000000000,0.0000000000000000
4.0000000000000000,32.000000000000000,0.0000000000000000
5.0000000000000000,32.000000000000000,0.0000000000000000
6.0000000000000000,32.000000000000000,0.0000000000000000
7.0000000000000000,32.000000000000000,0.0000000000000000
8.0000000000000000,32.000000000000000,0.0000000000000000
9.0000000000000000,32.000000000000000,0.0000000000000000
10.000000000000000,32.000000000000000,0.0000000000000000
11.000000000000000,32.000000000000000,0.0000000000000000
12.000000000000000,32.000000000000000,0.0000000000000000
13.000000000000000,32.000000000000000,0.0000000000000000
14.000000000000000,32.000000000000000,0.0000000000000000
15.000000000000000,32.000000000000000,0.0000000000000000
16.000000000000000,32.000000000000000,0.0000000000000000
17.000000000000000,32.000000000000000,0.0000000000000000
18.000000000000000,32.000000000000000,0.0000000000000000
19.000000000000000,32.000000000000000,0.0000000000000000
20.000000000000000,32.000000000000000,0.0000000000000000
21.000000000000000,32.000000000000000,0.0000000000000000
22.000000000000000,32.000000000000000,0.0000000000000000
23.000000000000000,32.000000000000000,0.0000000000000000
24.000000000000000,32.000000000000000,0.0000000000000000
25.000000000000000,32.000000000000000,0.0000000000000000
26.000000000000000,32.000000000000000,0.0000000000000000
27.000000000000000,32.000000000000000,0.0000000000000000
28.000000000000000,32.000000000000000,0.0000000000000000
29.000000000000000,32.000000000000000,0.0000000000000000
30.000000000000000,32.000000000000000,0.0000000000000000
31.000000000000000,32.000000000000000,0.0000000000000000
32.000000000000000,32.000000000000000,0.0000000000000000
33.000000000000000,32.000000000000000,0.0000000000000000
34.000000000000000,32.000000000000000,0.0000000000000000
35.000000000000000,32.000000000000000,0.0000000000000000
36.000000000000000,32.000000000000000,0.0000000000000000
37.000000000000000,32.000000000000000,0.0000000000000000
38.000000000000000,32.000000000000000,0.0000000000000000
39.000000000000000,32.000000000000000,0.0000000000000000
40.000000000000000,32.000000000000000,0.0000000000000000
41.000000000000000,32.000000000000000,0.0000000000000000
42.000000000000000,32.000000000000000,0.0000000000000000
43.000000000000000,32.000000000000000,0.0000000000000000
44.000000000000000,32.000000000000000,0.0000000000000000
45.000000000000000,32.000000000000000,0.0000000000000000
46.000000000000000,32.000000000000000,0.0000000000000000
47.000000000000000,32.000000000000000,0.0000000000000000
48.000000000000000,32.000000000000000,0.0000000000000000
49.000000000000000,32.000000000000000,0.0000000000000000
50.000000000000000,32.000000000000000,0.0000000000000000
51.000000000000000,32.000000000000000,0.0000000000000000
52.000000000000000,32.000000000000000,0.0000000000000000
53.000000000000000,32.000000000000000,0.0000000000000000
54.000000000000000,32.000000000000000,0.0000000000000000
55.000000000000000,32.000000000000000,0.0000000000000000
56.000000000000000,32.000000000000000,0.0000000000000000
57.000000000000000,32.000000000000000,0.0000000000000000
58.000000000000000,32.000000000000000,0.0000000000000000
59.000000000000000,32.000000000000000,0.0000000000000000
60.000000000000000,32.000000000000000,0.0000000000000000
61.000000000000000,32.000000000000000,0.0000000000000000
62.000000000000000,32.000000000000000,0.0000000000000000
63.000000000000000,32.000000000000000,0.0000000000000000
64.000000000000000,32.000000000000000,0.0000000000000000
65.000000000000000,32.000000000000000,0.0000000000000000
66.000000000000000,32.000000000000000,0.0000000000000000
67.000000000000000,32.000000000000000,0.0000000000000000
68.000000000000000,32.000000000000000,0.0000000000000000
69.000000000000000,32.000000000000000,0.0000000000000000
70.000000000000000,32.000000000000000,0.0000000000000000
71.000000000000000,32.000000000000000,0.0000000000000000
72.000000000000000,32.000000000000000,0.0000000000000000
73.000000000000000,32.000000000000000,0.0000000000000000
74.000000000000000,32.000000000000000,0.0000000000000000
75.000000000000000,32.000000000000000,0.0000000000000000
76.000000000000000,32.000000000000000,0.0000000000000000
77.000000000000000,32.000000000000000,0.0000000000000000
78.000000000000000,32.000000000000000,0.0000000000000000
79.000000000000000,32.000000000000000,0.0000000000000000
80.000000000000000,32.000000000000000,0.0000000000000000
81.000000000000000,32.000000000000000,0.0000000000000000
82.000000000000000,32.000000000000000,0.0000000000000000
83.000000000000000,32.000000000000000,0.0000000000000000
84.000000000000000,32.000000000000000,0.0000000000000000
85.000000000000000,32.000000000000000,0.0000000000000000
86.000000000000000,32.000000000000000,0.0000000000000000
87.000000000000000,32.000000000000000,0.0000000000000000
88.000000000000000,32.000000000000000,0.0000000000000000
89.000000000000000,32.000000000000000,0.0000000000000000
90.000000000000000,32.000000000000000,97.500000000000000
91.000000000000000,32.000000000000000,0.0000000000000000
92.000000000000000,32.000000000000000,0.0000000000000000
93.000000000000000,32.000000000000000,0.0000000000000000
94.000000000000000,32.000000000000000,0.0000000000000000
95.000000000000000,32.000000000000000,97.500000000000000
96.000000000000000,32.000000000000000,0.0000000000000000
97.000000000000000,32.000000000000000,0.0000000000000000
98.000000000000000,32.000000000000000,0.0000000000000000
99.000000000000000,32.000000000000000,0.0000000000000000
100.00000000000000,32.000000000000000,0.0000000000000000
101.00000000000000,32.000000000000000,0.0000000000000000
102.00000000000000,32.000000000000000,0.0000000000000000
103.00000000000000,32.000000000000000,0.0000000000000000
104.00000000000000,32.000000000000000,0.0000000000000000
105.00000000000000,32.000000000000000,0.0000000000000000
106.00000000000000,32.000000000000000,0.0000000000000000
107.00000000000000,32.000000000000000,0.0000000000000000
108.00000000000000,32.000000000000000,0.0000000000000000
109.00000000000000,32.000000000000000,0.0000000000000000
110.00000000000000,32.000000000000000,0.0000000000000000
111.00000000000000,32.000000000000000,0.0000000000000000
112.00000000000000,32.000000000000000,0.0000000000000000
113.00000000000000,32.000000000000000,0.0000000000000000
1.0000000000000000,33.000000000000000,0.0000000000000000
2.0000000000000000,33.000000000000000,0.0000000000000000
3.0000000000000000,33.000000000000000,0.0000000000000000
4.0000000000000000,33.000000000000000,0.0000000000000000
5.0000000000000000,33.000000000000000,0.0000000000000000
6.0000000000000000,33.000000000000000,0.0000000000000000
7.0000000000000000,33.000000000000000,0.0000000000000000
8.0000000000000000,33.000000000000000,0.0000000000000000
9.0000000000000000,33.000000000000000,0.0000000000000000
10.000000000000000,33.000000000000000,0.0000000000000000
11.000000000000000,33.000000000000000,0.0000000000000000
12.000000000000000,33.000000000000000,0.0000000000000000
13.000000000000000,33.000000000000000,0.0000000000000000
14.000000000000000,33.000000000000000,0.0000000000000000
15.000000000000000,33.000000000000000,0.0000000000000000
16.000000000000000,33.000000000000000,0.0000000000000000
17.000000000000000,33.000000000000000,0.0000000000000000
18.000000000000000,33.000000000000000,0.0000000000000000
19.000000000000000,33.000000000000000,0.0000000000000000
20.000000000000000,33.000000000000000,0.0000000000000000
21.000000000000000,33.000000000000000,0.0000000000000000
22.000000000000000,33.000000000000000,0.0000000000000000
23.000000000000000,33.000000000000000,0.0000000000000000
24.000000000000000,33.000000000000000,0.0000000000000000
25.000000000000000,33.000000000000000,0.0000000000000000
26.000000000000000,33.000000000000000,0.0000000000000000
27.000000000000000,33.000000000000000,0.0000000000000000
28.000000000000000,33.000000000000000,0.0000000000000000
29.000000000000000,33.000000000000000,0.0000000000000000
30.000000000000000,33.000000000000000,0.0000000000000000
31.000000000000000,33.000000000000000,0.0000000000000000
32.000000000000000,33.000000000000000,0.0000000000000000
33.000000000000000,33.000000000000000,0.0000000000000000
34.000000000000000,33.000000000000000,0.0000000000000000
35.000000000000000,33.000000000000000,0.0000000000000000
36.000000000000000,33.000000000000000,0.0000000000000000
37.000000000000000,33.000000000000000,0.0000000000000000
38.000000000000000,33.000000000000000,0.0000000000000000
39.000000000000000,33.000000000000000,0.0000000000000000
40.000000000000000,33.000000000000000,0.0000000000000000
41.000000000000000,33.000000000000000,0.0000000000000000
42.000000000000000,33.000000000000000,0.0000000000000000
43.000000000000000,33.000000000000000,0.0000000000000000
44.000000000000000,33.000000000000000,0.0000000000000000
45.000000000000000,33.000000000000000,0.0000000000000000
46.000000000000000,33.000000000000000,0.0000000000000000
47.000000000000000,33.000000000000000,0.0000000000000000
48.000000000000000,33.000000000000000,0.0000000000000000
49.000000000000000,33.000000000000000,0.0000000000000000
50.000000000000000,33.000000000000000,0.0000000000000000
51.000000000000000,33.000000000000000,0.0000000000000000
52.000000000000000,33.000000000000000,0.0000000000000000
53.000000000000000,33.000000000000000,0.0000000000000000
54.000000000000000,33.000000000000000,0.0000000000000000
55.000000000000000,33.000000000000000,0.0000000000000000
56.000000000000000,33.000000000000000,0.0000000000000000
57.000000000000000,33.000000000000000,0.0000000000000000
58.000000000000000,33.000000000000000,0.0000000000000000
59.000000000000000,33.000000000000000,0.0000000000000000
60.000000000000000,33.000000000000000,0.0000000000000000
61.000000000000000,33.000000000000000,0.0000000000000000
62.000000000000000,33.000000000000000,0.0000000000000000
63.000000000000000,33.000000000000000,0.0000000000000000
64.000000000000000,33.000000000000000,0.0000000000000000
65.000000000000000,33.000000000000000,0.0000000000000000
66.000000000000000,33.000000000000000,0.0000000000000000
67.000000000000000,33.000000000000000,0.0000000000000000
68.000000000000000,33.000000000000000,0.0000000000000000
69.000000000000000,33.000000000000000,0.0000000000000000
70.000000000000000,33.000000000000000,0.0000000000000000
71.000000000000000,33.000000000000000,0.0000000000000000
72.000000000000000,33.000000000000000,0.0000000000000000
73.000000000000000,33.000000000000000,0.0000000000000000
74.000000000000000,33.000000000000000,0.0000000000000000
75.000000000000000,33.000000000000000,0.0000000000000000
76.000000000000000,33.000000000000000,0.0000000000000000
77.000000000000000,33.000000000000000,0.0000000000000000
78.000000000000000,33.000000000000000,0.0000000000000000
79.000000000000000,33.000000000000000,0.0000000000000000
80.000000000000000,33.000000000000000,0.0000000000000000
81.000000000000000,33.000000000000000,0.0000000000000000
82.000000000000000,33.000000000000000,0.0000000000000000
83.000000000000000,33.000000000000000,0.0000000000000000
84.000000000000000,33.000000000000000,0.0000000000000000
85.000000000000000,33.000000000000000,0.0000000000000000
86.000000000000000,33.000000000000000,0.0000000000000000
87.000000000000000,33.000000000000000,0.0000000000000000
88.000000000000000,33.000000000000000,0.0000000000000000
89.000000000000000,33.000000000000000,0.0000000000000000
90.000000000000000,33.000000000000000,97.500000000000000
91.000000000000000,33.000000000000000,0.0000000000000000
92.000000000000000,33.000000000000000,0.0000000000000000
93.000000000000000,33.000000000000000,0.0000000000000000
94.000000000000000,33.000000000000000,0.0000000000000000
95.000000000000000,33.000000000000000,0.0000000000000000
96.000000000000000,33.000000000000000,0.0000000000000000
97.000000000000000,33.000000000000000,0.0000000000000000
98.000000000000000,33.000000000000000,0.0000000000000000
99.000000000000000,33.000000000000000,0.0000000000000000
100.00000000000000,33.000000000000000,0.0000000000000000
101.00000000000000,33.000000000000000,0.0000000000000000
102.00000000000000,33.000000000000000,0.0000000000000000
103.00000000000000,33.000000000000000,0.0000000000000000
104.00000000000000,33.000000000000000,0.0000000000000000
105.00000000000000,33.000000000000000,0.0000000000000000
106.00000000000000,33.000000000000000,0.0000000000000000
107.00000000000000,33.000000000000000,0.0000000000000000
108.00000000000000,33.000000000000000,0.0000000000000000
109.00000000000000,33.000000000000000,0.0000000000000000
110.00000000000000,33.000000000000000,0.0000000000000000
111.00000000000000,33.000000000000000,0.0000000000000000
112.00000000000000,33.000000000000000,0.0000000000000000
113.00000000000000,33.000000000000000,0.0000000000000000
1.0000000000000000,34.000000000000000,0.0000000000000000
2.0000000000000000,34.000000000000000,0.0000000000000000
3.0000000000000000,34.000000000000000,0.0000000000000000
4.0000000000000000,34.000000000000000,0.0000000000000000
5.0000000000000000,34.000000000000000,0.0000000000000000
6.0000000000000000,34.000000000000000,0.0000000000000000
7.0000000000000000,34.000000000000000,0.0000000000000000
8.0000000000000000,34.000000000000000,0.0000000000000000
9.0000000000000000,34.000000000000000,0.0000000000000000
10.000000000000000,34.000000000000000,0.0000000000000000
11.000000000000000,34.000000000000000,0.0000000000000000
12.000000000000000,34.000000000000000,0.0000000000000000
13.000000000000000,34.000000000000000,0.0000000000000000
14.000000000000000,34.000000000000000,0.0000000000000000
15.000000000000000,34.000000000000000,0.0000000000000000
16.000000000000000,34.000000000000000,0.0000000000000000
17.000000000000000,34.000000000000000,0.0000000000000000
18.000000000000000,34.000000000000000,0.0000000000000000
19.000000000000000,34.000000000000000,0.0000000000000000
20.000000000000000,34.000000000000000,0.0000000000000000
21.000000000000000,34.000000000000000,0.0000000000000000
22.000000000000000,34.000000000000000,0.0000000000000000
23.000000000000000,34.000000000000000,0.0000000000000000
24.000000000000000,34.000000000000000,0.0000000000000000
25.000000000000000,34.000000000000000,0.0000000000000000
26.000000000000000,34.000000000000000,0.0000000000000000
27.000000000000000,34.000000000000000,0.0000000000000000
28.000000000000000,34.000000000000000,0.0000000000000000
29.000000000000000,34.000000000000000,0.0000000000000000
30.000000000000000,34.000000000000000,0.0000000000000000
31.000000000000000,34.000000000000000,0.0000000000000000
32.000000000000000,34.000000000000000,0.0000000000000000
33.000000000000000,34.000000000000000,0.0000000000000000
34.000000000000000,34.000000000000000,0.0000000000000000
35.000000000000000,34.000000000000000,0.0000000000000000
36.000000000000000,34.000000000000000,0.0000000000000000
37.000000000000000,34.000000000000000,0.0000000000000000
38.000000000000000,34.000000000000000,0.0000000000000000
39.000000000000000,34.000000000000000,0.0000000000000000
40.000000000000000,34.000000000000000,0.0000000000000000
41.000000000000000,34.000000000000000,0.0000000000000000
42.000000000000000,34.000000000000000,0.0000000000000000
43.000000000000000,34.000000000000000,0.0000000000000000
44.000000000000000,34.000000000000000,0.0000000000000000
45.000000000000000,34.000000000000000,0.0000000000000000
46.000000000000000,34.000000000000000,0.0000000000000000
47.000000000000000,34.000000000000000,0.0000000000000000
48.000000000000000,34.000000000000000,0.0000000000000000
49.000000000000000,34.000000000000000,0.0000000000000000
50.000000000000000,34.000000000000000,0.0000000000000000
51.000000000000000,34.000000000000000,0.0000000000000000
52.000000000000000,34.000000000000000,0.0000000000000000
53.000000000000000,34.000000000000000,0.0000000000000000
54.000000000000000,34.000000000000000,0.0000000000000000
55.000000000000000,34.000000000000000,0.0000000000000000
56.000000000000000,34.000000000000000,0.0000000000000000
57.000000000000000,34.000000000000000,0.0000000000000000
58.000000000000000,34.000000000000000,0.0000000000000000
59.000000000000000,34.000000000000000,0.0000000000000000
60.000000000000000,34.000000000000000,0.0000000000000000
61.000000000000000,34.000000000000000,0.0000000000000000
62.000000000000000,34.000000000000000,0.0000000000000000
63.000000000000000,34.000000000000000,0.0000000000000000
64.000000000000000,34.000000000000000,0.0000000000000000
65.000000000000000,34.000000000000000,0.0000000000000000
66.000000000000000,34.000000000000000,0.0000000000000000
67.000000000000000,34.000000000000000,0.0000000000000000
68.000000000000000,34.000000000000000,0.0000000000000000
69.000000000000000,34.000000000000000,0.0000000000000000
70.000000000000000,34.000000000000000,0.0000000000000000
71.000000000000000,34.000000000000000,0.0000000000000000
72.000000000000000,34.000000000000000,0.0000000000000000
73.000000000000000,34.000000000000000,0.0000000000000000
74.000000000000000,34.000000000000000,0.0000000000000000
75.000000000000000,34.000000000000000,0.0000000000000000
76.000000000000000,34.000000000000000,0.0000000000000000
77.000000000000000,34.000000000000000,0.0000000000000000
78.000000000000000,34.000000000000000,0.0000000000000000
79.000000000000000,34.000000000000000,0.0000000000000000
80.000000000000000,34.000000000000000,0.0000000000000000
81.000000000000000,34.000000000000000,0.0000000000000000
82.000000000000000,34.000000000000000,0.0000000000000000
83.000000000000000,34.000000000000000,0.0000000000000000
84.000000000000000,34.000000000000000,0.0000000000000000
85.000000000000000,34.000000000000000,0.0000000000000000
86.000000000000000,34.000000000000000,0.0000000000000000
87.000000000000000,34.000000000000000,0.0000000000000000
88.000000000000000,34.000000000000000,0.0000000000000000
89.000000000000000,34.000000000000000,0.0000000000000000
90.000000000000000,34.000000000000000,97.500000000000000
91.000000000000000,34.000000000000000,0.0000000000000000
92.000000000000000,34.000000000000000,0.0000000000000000
93.000000000000000,34.000000000000000,0.0000000000000000
94.000000000000000,34.000000000000000,0.0000000000000000
95.000000000000000,34.000000000000000,0.0000000000000000
96.000000000000000,34.000000000000000,0.0000000000000000
97.000000000000000,34.000000000000000,0.0000000000000000
98.000000000000000,34.000000000000000,0.0000000000000000
99.000000000000000,34.000000000000000,0.0000000000000000
100.00000000000000,34.000000000000000,0.0000000000000000
101.00000000000000,34.000000000000000,0.0000000000000000
102.00000000000000,34.000000000000000,0.0000000000000000
103.00000000000000,34.000000000000000,0.0000000000000000
104.00000000000000,34.000000000000000,0.0000000000000000
105.00000000000000,34.000000000000000,0.0000000000000000
106.00000000000000,34.000000000000000,0.0000000000000000
107.00000000000000,34.000000000000000,0.0000000000000000
108.00000000000000,34.000000000000000,0.0000000000000000
109.00000000000000,34.000000000000000,0.0000000000000000
110.00000000000000,34.000000000000000,0.0000000000000000
111.00000000000000,34.000000000000000,0.0000000000000000
112.00000000000000,34.000000000000000,0.0000000000000000
113.00000000000000,34.000000000000000,0.0000000000000000
1.0000000000000000,35.000000000000000,0.0000000000000000
2.0000000000000000,35.000000000000000,0.0000000000000000
3.0000000000000000,35.000000000000000,0.0000000000000000
4.0000000000000000,35.000000000000000,0.0000000000000000
5.0000000000000000,35.000000000000000,0.0000000000000000
6.0000000000000000,35.000000000000000,0.0000000000000000
7.0000000000000000,35.000000000000000,0.0000000000000000
8.0000000000000000,35.000000000000000,0.0000000000000000
9.0000000000000000,35.000000000000000,0.0000000000000000
10.000000000000000,35.000000000000000,0.0000000000000000
11.000000000000000,35.000000000000000,0.0000000000000000
12.000000000000000,35.000000000000000,0.0000000000000000
13.000000000000000,35.000000000000000,0.0000000000000000
14.000000000000000,35.000000000000000,0.0000000000000000
15.000000000000000,35.000000000000000,0.0000000000000000
16.000000000000000,35.000000000000000,0.0000000000000000
17.000000000000000,35.000000000000000,0.0000000000000000
18.000000000000000,35.000000000000000,0.0000000000000000
19.000000000000000,35.000000000000000,0.0000000000000000
20.000000000000000,35.000000000000000,0.0000000000000000
21.000000000000000,35.000000000000000,0.0000000000000000
22.000000000000000,35.000000000000000,0.0000000000000000
23.000000000000000,35.000000000000000,0.0000000000000000
24.000000000000000,35.000000000000000,0.0000000000000000
25.000000000000000,35.000000000000000,0.0000000000000000
26.000000000000000,35.000000000000000,0.0000000000000000
27.000000000000000,35.000000000000000,0.0000000000000000
28.000000000000000,35.000000000000000,0.0000000000000000
29.000000000000000,35.000000000000000,0.0000000000000000
30.000000000000000,35.000000000000000,0.0000000000000000
31.000000000000000,35.000000000000000,0.0000000000000000
32.000000000000000,35.000000000000000,0.0000000000000000
33.000000000000000,35.000000000000000,0.0000000000000000
34.000000000000000,35.000000000000000,0.0000000000000000
35.000000000000000,35.000000000000000,0.0000000000000000
36.000000000000000,35.000000000000000,0.0000000000000000
37.000000000000000,35.000000000000000,0.0000000000000000
38.000000000000000,35.000000000000000,0.0000000000000000
39.000000000000000,35.000000000000000,0.0000000000000000
40.000000000000000,35.000000000000000,0.0000000000000000
41.000000000000000,35.000000000000000,0.0000000000000000
42.000000000000000,35.000000000000000,0.0000000000000000
43.000000000000000,35.000000000000000,0.0000000000000000
44.000000000000000,35.000000000000000,0.0000000000000000
45.000000000000000,35.000000000000000,0.0000000000000000
46.000000000000000,35.000000000000000,0.0000000000000000
47.000000000000000,35.000000000000000,0.0000000000000000
48.000000000000000,35.000000000000000,0.0000000000000000
49.000000000000000,35.000000000000000,0.0000000000000000
50.000000000000000,35.000000000000000,0.0000000000000000
51.000000000000000,35.000000000000000,0.0000000000000000
52.000000000000000,35.000000000000000,0.0000000000000000
53.000000000000000,35.000000000000000,0.0000000000000000
54.000000000000000,35.000000000000000,0.0000000000000000
55.000000000000000,35.000000000000000,0.0000000000000000
56.000000000000000,35.000000000000000,0.0000000000000000
57.000000000000000,35.000000000000000,0.0000000000000000
58.000000000000000,35.000000000000000,0.0000000000000000
59.000000000000000,35.000000000000000,0.0000000000000000
60.000000000000000,35.000000000000000,0.0000000000000000
61.000000000000000,35.000000000000000,0.0000000000000000
62.000000000000000,35.000000000000000,0.0000000000000000
63.000000000000000,35.000000000000000,0.0000000000000000
64.000000000000000,35.000000000000000,0.0000000000000000
65.000000000000000,35.000000000000000,0.0000000000000000
66.000000000000000,35.000000000000000,0.0000000000000000
67.000000000000000,35.000000000000000,0.0000000000000000
68.000000000000000,35.000000000000000,0.0000000000000000
69.000000000000000,35.000000000000000,0.0000000000000000
70.000000000000000,35.000000000000000,0.0000000000000000
71.000000000000000,35.000000000000000,0.0000000000000000
72.000000000000000,35.000000000000000,0.0000000000000000
73.000000000000000,35.000000000000000,0.0000000000000000
74.000000000000000,35.000000000000000,0.0000000000000000
75.000000000000000,35.000000000000000,0.0000000000000000
76.000000000000000,35.000000000000000,0.0000000000000000
77.000000000000000,35.000000000000000,0.0000000000000000
78.000000000000000,35.000000000000000,0.0000000000000000
79.000000000000000,35.000000000000000,0.0000000000000000
80.000000000000000,35.000000000000000,0.0000000000000000
81.000000000000000,35.000000000000000,0.0000000000000000
82.000000000000000,35.000000000000000,0.0000000000000000
83.000000000000000,35.000000000000000,0.0000000000000000
84.000000000000000,35.000000000000000,0.0000000000000000
85.000000000000000,35.000000000000000,0.0000000000000000
86.000000000000000,35.000000000000000,0.0000000000000000
87.000000000000000,35.000000000000000,0.0000000000000000
88.000000000000000,35.000000000000000,0.0000000000000000
89.000000000000000,35.000000000000000,0.0000000000000000
90.000000000000000,35.000000000000000,97.300003051757812
91.000000000000000,35.000000000000000,0.0000000000000000
92.000000000000000,35.000000000000000,0.0000000000000000
93.000000000000000,35.000000000000000,0.0000000000000000
94.000000000000000,35.000000000000000,0.0000000000000000
95.000000000000000,35.000000000000000,0.0000000000000000
96.000000000000000,35.000000000000000,0.0000000000000000
97.000000000000000,35.000000000000000,0.0000000000000000
98.000000000000000,35.000000000000000,0.0000000000000000
99.000000000000000,35.000000000000000,0.0000000000000000
100.00000000000000,35.000000000000000,0.0000000000000000
101.00000000000000,35.000000000000000,0.0000000000000000
102.00000000000000,35.000000000000000,0.0000000000000000
103.00000000000000,35.000000000000000,0.0000000000000000
104.00000000000000,35.000000000000000,0.0000000000000000
105.00000000000000,35.000000000000000,0.0000000000000000
106.00000000000000,35.000000000000000,0.0000000000000000
107.00000000000000,35.000000000000000,0.0000000000000000
108.00000000000000,35.000000000000000,0.0000000000000000
109.00000000000000,35.000000000000000,0.0000000000000000
110.00000000000000,35.000000000000000,0.0000000000000000
111.00000000000000,35.000000000000000,0.0000000000000000
112.00000000000000,35.000000000000000,0.0000000000000000
113.00000000000000,35.000000000000000,0.0000000000000000
1.0000000000000000,36.000000000000000,0.0000000000000000
2.0000000000000000,36.000000000000000,0.0000000000000000
3.0000000000000000,36.000000000000000,0.0000000000000000
4.0000000000000000,36.000000000000000,0.0000000000000000
5.0000000000000000,36.000000000000000,0.0000000000000000
6.0000000000000000,36.000000000000000,0.0000000000000000
7.0000000000000000,36.000000000000000,0.0000000000000000
8.0000000000000000,36.000000000000000,0.0000000000000000
9.0000000000000000,36.000000000000000,0.0000000000000000
10.000000000000000,36.000000000000000,0.0000000000000000
11.000000000000000,36.000000000000000,0.0000000000000000
12.000000000000000,36.000000000000000,0.0000000000000000
13.000000000000000,36.000000000000000,0.0000000000000000
14.000000000000000,36.000000000000000,0.0000000000000000
15.000000000000000,36.000000000000000,0.0000000000000000
16.000000000000000,36.000000000000000,0.0000000000000000
17.000000000000000,36.000000000000000,0.0000000000000000
18.000000000000000,36.000000000000000,0.0000000000000000
19.000000000000000,36.000000000000000,0.0000000000000000
20.000000000000000,36.000000000000000,0.0000000000000000
21.000000000000000,36.000000000000000,0.0000000000000000
22.000000000000000,36.000000000000000,0.0000000000000000
23.000000000000000,36.000000000000000,0.0000000000000000
24.000000000000000,36.000000000000000,0.0000000000000000
25.000000000000000,36.000000000000000,0.0000000000000000
26.000000000000000,36.000000000000000,0.0000000000000000
27.000000000000000,36.000000000000000,0.0000000000000000
28.000000000000000,36.000000000000000,0.0000000000000000
29.000000000000000,36.000000000000000,0.0000000000000000
30.000000000000000,36.000000000000000,0.0000000000000000
31.000000000000000,36.000000000000000,0.0000000000000000
32.000000000000000,36.000000000000000,0.0000000000000000
33.000000000000000,36.000000000000000,0.0000000000000000
34.000000000000000,36.000000000000000,0.0000000000000000
35.000000000000000,36.000000000000000,0.0000000000000000
36.000000000000000,36.000000000000000,0.0000000000000000
37.000000000000000,36.000000000000000,0.0000000000000000
38.000000000000000,36.000000000000000,0.0000000000000000
39.000000000000000,36.000000000000000,0.0000000000000000
40.000000000000000,36.000000000000000,0.0000000000000000
41.000000000000000,36.000000000000000,0.0000000000000000
42.000000000000000,36.000000000000000,0.0000000000000000
43.000000000000000,36.000000000000000,0.0000000000000000
44.000000000000000,36.000000000000000,0.0000000000000000
45.000000000000000,36.000000000000000,0.0000000000000000
46.000000000000000,36.000000000000000,0.0000000000000000
47.000000000000000,36.000000000000000,0.0000000000000000
48.000000000000000,36.000000000000000,0.0000000000000000
49.000000000000000,36.000000000000000,0.0000000000000000
50.000000000000000,36.000000000000000,0.0000000000000000
51.000000000000000,36.000000000000000,0.0000000000000000
52.000000000000000,36.000000000000000,0.0000000000000000
53.000000000000000,36.000000000000000,0.0000000000000000
54.000000000000000,36.000000000000000,0.0000000000000000
55.000000000000000,36.000000000000000,0.0000000000000000
56.000000000000000,36.000000000000000,0.0000000000000000
57.000000000000000,36.000000000000000,0.0000000000000000
58.000000000000000,36.000000000000000,0.0000000000000000
59.000000000000000,36.000000000000000,0.0000000000000000
60.000000000000000,36.000000000000000,0.0000000000000000
61.000000000000000,36.000000000000000,0.0000000000000000
62.000000000000000,36.000000000000000,0.0000000000000000
63.000000000000000,36.000000000000000,0.0000000000000000
64.000000000000000,36.000000000000000,0.0000000000000000
65.000000000000000,36.000000000000000,0.0000000000000000
66.000000000000000,36.000000000000000,0.0000000000000000
67.000000000000000,36.000000000000000,0.0000000000000000
68.000000000000000,36.000000000000000,0.0000000000000000
69.000000000000000,36.000000000000000,0.0000000000000000
70.000000000000000,36.000000000000000,0.0000000000000000
71.000000000000000,36.000000000000000,0.0000000000000000
72.000000000000000,36.000000000000000,0.0000000000000000
73.000000000000000,36.000000000000000,0.0000000000000000
74.000000000000000,36.000000000000000,0.0000000000000000
75.000000000000000,36.000000000000000,0.0000000000000000
76.000000000000000,36.000000000000000,0.0000000000000000
77.000000000000000,36.000000000000000,0.0000000000000000
78.000000000000000,36.000000000000000,0.0000000000000000
79.000000000000000,36.000000000000000,0.0000000000000000
80.000000000000000,36.000000000000000,0.0000000000000000
81.000000000000000,36.000000000000000,0.0000000000000000
82.000000000000000,36.000000000000000,0.0000000000000000
83.000000000000000,36.000000000000000,0.0000000000000000
84.000000000000000,36.000000000000000,0.0000000000000000
85.000000000000000,36.000000000000000,0.0000000000000000
86.000000000000000,36.000000000000000,0.0000000000000000
87.000000000000000,36.000000000000000,0.0000000000000000
88.000000000000000,36.000000000000000,0.0000000000000000
89.000000000000000,36.000000000000000,0.0000000000000000
90.000000000000000,36.000000000000000,97.300003051757812
91.000000000000000,36.000000000000000,97.300003051757812
92.000000000000000,36.000000000000000,0.0000000000000000
93.000000000000000,36.000000000000000,0.0000000000000000
94.000000000000000,36.000000000000000,0.0000000000000000
95.000000000000000,36.000000000000000,0.0000000000000000
96.000000000000000,36.000000000000000,0.0000000000000000
97.000000000000000,36.000000000000000,0.0000000000000000
98.000000000000000,36.000000000000000,0.0000000000000000
99.000000000000000,36.000000000000000,0.0000000000000000
100.00000000000000,36.000000000000000,0.0000000000000000
101.00000000000000,36.000000000000000,0.0000000000000000
102.00000000000000,36.000000000000000,0.0000000000000000
103.00000000000000,36.000000000000000,0.0000000000000000
104.00000000000000,36.000000000000000,0.0000000000000000
105.00000000000000,36.000000000000000,0.0000000000000000
106.00000000000000,36.000000000000000,0.0000000000000000
107.00000000000000,36.000000000000000,0.0000000000000000
108.00000000000000,36.000000000000000,0.0000000000000000
109.00000000000000,36.000000000000000,0.0000000000000000
110.00000000000000,36.000000000000000,0.0000000000000000
111.00000000000000,36.000000000000000,0.0000000000000000
112.00000000000000,36.000000000000000,0.0000000000000000
113.00000000000000,36.000000000000000,0.0000000000000000
1.0000000000000000,37.000000000000000,0.0000000000000000
2.0000000000000000,37.000000000000000,0.0000000000000000
3.0000000000000000,37.000000000000000,0.0000000000000000
4.0000000000000000,37.000000000000000,0.0000000000000000
5.0000000000000000,37.000000000000000,0.0000000000000000
6.0000000000000000,37.000000000000000,0.0000000000000000
7.0000000000000000,37.000000000000000,0.0000000000000000
8.0000000000000000,37.000000000000000,0.0000000000000000
9.0000000000000000,37.000000000000000,0.0000000000000000
10.000000000000000,37.000000000000000,0.0000000000000000
11.000000000000000,37.000000000000000,0.0000000000000000
12.000000000000000,37.000000000000000,0.0000000000000000
13.000000000000000,37.000000000000000,0.0000000000000000
14.000000000000000,37.000000000000000,0.0000000000000000
15.000000000000000,37.000000000000000,0.0000000000000000
16.000000000000000,37.000000000000000,0.0000000000000000
17.000000000000000,37.000000000000000,0.0000000000000000
18.000000000000000,37.000000000000000,0.0000000000000000
19.000000000000000,37.000000000000000,0.0000000000000000
20.000000000000000,37.000000000000000,0.0000000000000000
21.000000000000000,37.000000000000000,0.0000000000000000
22.000000000000000,37.000000000000000,0.0000000000000000
23.000000000000000,37.000000000000000,0.0000000000000000
24.000000000000000,37.000000000000000,0.0000000000000000
25.000000000000000,37.000000000000000,0.0000000000000000
26.000000000000000,37.000000000000000,0.0000000000000000
27.000000000000000,37.000000000000000,0.0000000000000000
28.000000000000000,37.000000000000000,0.0000000000000000
29.000000000000000,37.000000000000000,0.0000000000000000
30.000000000000000,37.000000000000000,0.0000000000000000
31.000000000000000,37.000000000000000,0.0000000000000000
32.000000000000000,37.000000000000000,0.0000000000000000
33.000000000000000,37.000000000000000,0.0000000000000000
34.000000000000000,37.000000000000000,0.0000000000000000
35.000000000000000,37.000000000000000,0.0000000000000000
36.000000000000000,37.000000000000000,0.0000000000000000
37.000000000000000,37.000000000000000,0.0000000000000000
38.000000000000000,37.000000000000000,0.0000000000000000
39.000000000000000,37.000000000000000,0.0000000000000000
40.000000000000000,37.000000000000000,0.0000000000000000
41.000000000000000,37.000000000000000,0.0000000000000000
42.000000000000000,37.000000000000000,0.0000000000000000
43.000000000000000,37.000000000000000,0.0000000000000000
44.000000000000000,37.000000000000000,0.0000000000000000
45.000000000000000,37.000000000000000,0.0000000000000000
46.000000000000000,37.000000000000000,0.0000000000000000
47.000000000000000,37.000000000000000,0.0000000000000000
48.000000000000000,37.000000000000000,0.0000000000000000
49.000000000000000,37.000000000000000,0.0000000000000000
50.000000000000000,37.000000000000000,0.0000000000000000
51.000000000000000,37.000000000000000,0.0000000000000000
52.000000000000000,37.000000000000000,0.0000000000000000
53.000000000000000,37.000000000000000,0.0000000000000000
54.000000000000000,37.000000000000000,0.0000000000000000
55.000000000000000,37.000000000000000,0.0000000000000000
56.000000000000000,37.000000000000000,0.0000000000000000
57.000000000000000,37.000000000000000,0.0000000000000000
58.000000000000000,37.000000000000000,0.0000000000000000
59.000000000000000,37.000000000000000,0.0000000000000000
60.000000000000000,37.000000000000000,0.0000000000000000
61.000000000000000,37.000000000000000,0.0000000000000000
62.000000000000000,37.000000000000000,0.0000000000000000
63.000000000000000,37.000000000000000,0.0000000000000000
64.000000000000000,37.000000000000000,0.0000000000000000
65.000000000000000,37.000000000000000,0.0000000000000000
66.000000000000000,37.000000000000000,0.0000000000000000
67.000000000000000,37.000000000000000,0.0000000000000000
68.000000000000000,37.000000000000000,0.0000000000000000
69.000000000000000,37.000000000000000,0.0000000000000000
70.000000000000000,37.000000000000000,0.0000000000000000
71.000000000000000,37.000000000000000,0.0000000000000000
72.000000000000000,37.000000000000000,0.0000000000000000
73.000000000000000,37.000000000000000,0.0000000000000000
74.000000000000000,37.000000000000000,0.0000000000000000
75.000000000000000,37.000000000000000,0.0000000000000000
76.000000000000000,37.000000000000000,0.0000000000000000
77.000000000000000,37.000000000000000,0.0000000000000000
78.000000000000000,37.000000000000000,0.0000000000000000
79.000000000000000,37.000000000000000,0.0000000000000000
80.000000000000000,37.000000000000000,0.0000000000000000
81.000000000000000,37.000000000000000,0.0000000000000000
82.000000000000000,37.000000000000000,0.0000000000000000
83.000000000000000,37.000000000000000,0.0000000000000000
84.000000000000000,37.000000000000000,0.0000000000000000
85.000000000000000,37.000000000000000,0.0000000000000000
86.000000000000000,37.000000000000000,0.0000000000000000
87.000000000000000,37.000000000000000,0.0000000000000000
88.000000000000000,37.000000000000000,0.0000000000000000
89.000000000000000,37.000000000000000,0.0000000000000000
90.000000000000000,37.000000000000000,97.300003051757812
91.000000000000000,37.000000000000000,97.300003051757812
92.000000000000000,37.000000000000000,0.0000000000000000
93.000000000000000,37.000000000000000,0.0000000000000000
94.000000000000000,37.000000000000000,0.0000000000000000
95.000000000000000,37.000000000000000,0.0000000000000000
96.000000000000000,37.000000000000000,0.0000000000000000
97.000000000000000,37.000000000000000,0.0000000000000000
98.000000000000000,37.000000000000000,0.0000000000000000
99.000000000000000,37.000000000000000,0.0000000000000000
100.00000000000000,37.000000000000000,0.0000000000000000
101.00000000000000,37.000000000000000,0.0000000000000000
102.00000000000000,37.000000000000000,0.0000000000000000
103.00000000000000,37.000000000000000,0.0000000000000000
104.00000000000000,37.000000000000000,0.0000000000000000
105.00000000000000,37.000000000000000,0.0000000000000000
106.00000000000000,37.000000000000000,0.0000000000000000
107.00000000000000,37.000000000000000,0.0000000000000000
108.00000000000000,37.000000000000000,0.0000000000000000
109.00000000000000,37.000000000000000,0.0000000000000000
110.00000000000000,37.000000000000000,0.0000000000000000
111.00000000000000,37.000000000000000,0.0000000000000000
112.00000000000000,37.000000000000000,0.0000000000000000
113.00000000000000,37.000000000000000,0.0000000000000000
1.0000000000000000,38.000000000000000,0.0000000000000000
2.0000000000000000,38.000000000000000,0.0000000000000000
3.0000000000000000,38.000000000000000,0.0000000000000000
4.0000000000000000,38.000000000000000,0.0000000000000000
5.0000000000000000,38.000000000000000,0.0000000000000000
6.0000000000000000,38.000000000000000,0.0000000000000000
7.0000000000000000,38.000000000000000,0.0000000000000000
8.0000000000000000,38.000000000000000,0.0000000000000000
9.0000000000000000,38.000000000000000,0.0000000000000000
10.000000000000000,38.000000000000000,0.0000000000000000
11.000000000000000,38.000000000000000,0.0000000000000000
12.000000000000000,38.000000000000000,0.0000000000000000
13.000000000000000,38.000000000000000,0.0000000000000000
14.000000000000000,38.000000000000000,0.0000000000000000
15.000000000000000,38.000000000000000,0.0000000000000000
16.000000000000000,38.000000000000000,0.0000000000000000
17.000000000000000,38.000000000000000,0.0000000000000000
18.000000000000000,38.000000000000000,0.0000000000000000
19.000000000000000,38.000000000000000,0.0000000000000000
20.000000000000000,38.000000000000000,0.0000000000000000
21.000000000000000,38.000000000000000,0.0000000000000000
22.000000000000000,38.000000000000000,0.0000000000000000
23.000000000000000,38.000000000000000,0.0000000000000000
24.000000000000000,38.000000000000000,0.0000000000000000
25.000000000000000,38.000000000000000,0.0000000000000000
26.000000000000000,38.000000000000000,0.0000000000000000
27.000000000000000,38.000000000000000,0.0000000000000000
28.000000000000000,38.000000000000000,0.0000000000000000
29.000000000000000,38.000000000000000,0.0000000000000000
30.000000000000000,38.000000000000000,0.0000000000000000
31.000000000000000,38.000000000000000,0.0000000000000000
32.000000000000000,38.000000000000000,0.0000000000000000
33.000000000000000,38.000000000000000,0.0000000000000000
34.000000000000000,38.000000000000000,0.0000000000000000
35.000000000000000,38.000000000000000,0.0000000000000000
36.000000000000000,38.000000000000000,0.0000000000000000
37.000000000000000,38.000000000000000,0.0000000000000000
38.000000000000000,38.000000000000000,0.0000000000000000
39.000000000000000,38.000000000000000,0.0000000000000000
40.000000000000000,38.000000000000000,0.0000000000000000
41.000000000000000,38.000000000000000,0.0000000000000000
42.000000000000000,38.000000000000000,0.0000000000000000
43.000000000000000,38.000000000000000,0.0000000000000000
44.000000000000000,38.000000000000000,0.0000000000000000
45.000000000000000,38.000000000000000,0.0000000000000000
46.000000000000000,38.000000000000000,0.0000000000000000
47.000000000000000,38.000000000000000,0.0000000000000000
48.000000000000000,38.000000000000000,0.0000000000000000
49.000000000000000,38.000000000000000,0.0000000000000000
50.000000000000000,38.000000000000000,0.0000000000000000
51.000000000000000,38.000000000000000,0.0000000000000000
52.000000000000000,38.000000000000000,0.0000000000000000
53.000000000000000,38.000000000000000,0.0000000000000000
54.000000000000000,38.000000000000000,0.0000000000000000
55.000000000000000,38.000000000000000,0.0000000000000000
56.000000000000000,38.000000000000000,0.0000000000000000
57.000000000000000,38.000000000000000,0.0000000000000000
58.000000000000000,38.000000000000000,0.0000000000000000
59.000000000000000,38.000000000000000,0.0000000000000000
60.000000000000000,38.000000000000000,0.0000000000000000
61.000000000000000,38.000000000000000,0.0000000000000000
62.000000000000000,38.000000000000000,0.0000000000000000
63.000000000000000,38.000000000000000,0.0000000000000000
64.000000000000000,38.000000000000000,0.0000000000000000
65.000000000000000,38.000000000000000,0.0000000000000000
66.000000000000000,38.000000000000000,0.0000000000000000
67.000000000000000,38.000000000000000,0.0000000000000000
68.000000000000000,38.000000000000000,0.0000000000000000
69.000000000000000,38.000000000000000,0.0000000000000000
70.000000000000000,38.000000000000000,0.0000000000000000
71.000000000000000,38.000000000000000,0.0000000000000000
72.000000000000000,38.000000000000000,0.0000000000000000
73.000000000000000,38.000000000000000,0.0000000000000000
74.000000000000000,38.000000000000000,0.0000000000000000
75.000000000000000,38.000000000000000,0.0000000000000000
76.000000000000000,38.000000000000000,0.0000000000000000
77.000000000000000,38.000000000000000,0.0000000000000000
78.000000000000000,38.000000000000000,0.0000000000000000
79.000000000000000,38.000000000000000,0.0000000000000000
80.000000000000000,38.000000000000000,0.0000000000000000
81.000000000000000,38.000000000000000,0.0000000000000000
82.000000000000000,38.000000000000000,0.0000000000000000
83.000000000000000,38.000000000000000,0.0000000000000000
84.000000000000000,38.000000000000000,0.0000000000000000
85.000000000000000,38.000000000000000,0.0000000000000000
86.000000000000000,38.000000000000000,0.0000000000000000
87.000000000000000,38.000000000000000,0.0000000000000000
88.000000000000000,38.000000000000000,0.0000000000000000
89.000000000000000,38.000000000000000,0.0000000000000000
90.000000000000000,38.000000000000000,97.199996948242188
91.000000000000000,38.000000000000000,97.199996948242188
92.000000000000000,38.000000000000000,0.0000000000000000
93.000000000000000,38.000000000000000,0.0000000000000000
94.000000000000000,38.000000000000000,0.0000000000000000
95.000000000000000,38.000000000000000,0.0000000000000000
96.000000000000000,38.000000000000000,0.0000000000000000
97.000000000000000,38.000000000000000,0.0000000000000000
98.000000000000000,38.000000000000000,0.0000000000000000
99.000000000000000,38.000000000000000,0.0000000000000000
100.00000000000000,38.000000000000000,0.0000000000000000
101.00000000000000,38.000000000000000,0.0000000000000000
102.00000000000000,38.000000000000000,0.0000000000000000
103.00000000000000,38.000000000000000,0.0000000000000000
104.00000000000000,38.000000000000000,0.0000000000000000
105.00000000000000,38.000000000000000,0.0000000000000000
106.00000000000000,38.000000000000000,0.0000000000000000
107.00000000000000,38.000000000000000,0.0000000000000000
108.00000000000000,38.000000000000000,0.0000000000000000
109.00000000000000,38.000000000000000,0.0000000000000000
110.00000000000000,38.000000000000000,0.0000000000000000
111.00000000000000,38.000000000000000,0.0000000000000000
112.00000000000000,38.000000000000000,0.0000000000000000
113.00000000000000,38.000000000000000,0.0000000000000000
1.0000000000000000,39.000000000000000,0.0000000000000000
2.0000000000000000,39.000000000000000,0.0000000000000000
3.0000000000000000,39.000000000000000,0.0000000000000000
4.0000000000000000,39.000000000000000,0.0000000000000000
5.0000000000000000,39.000000000000000,0.0000000000000000
6.0000000000000000,39.000000000000000,0.0000000000000000
7.0000000000000000,39.000000000000000,0.0000000000000000
8.0000000000000000,39.000000000000000,0.0000000000000000
9.0000000000000000,39.000000000000000,0.0000000000000000
10.000000000000000,39.000000000000000,0.0000000000000000
11.000000000000000,39.000000000000000,0.0000000000000000
12.000000000000000,39.000000000000000,0.0000000000000000
13.000000000000000,39.000000000000000,0.0000000000000000
14.000000000000000,39.000000000000000,0.0000000000000000
15.000000000000000,39.000000000000000,0.0000000000000000
16.000000000000000,39.000000000000000,0.0000000000000000
17.000000000000000,39.000000000000000,0.0000000000000000
18.000000000000000,39.000000000000000,0.0000000000000000
19.000000000000000,39.000000000000000,0.0000000000000000
20.000000000000000,39.000000000000000,0.0000000000000000
21.000000000000000,39.000000000000000,0.0000000000000000
22.000000000000000,39.000000000000000,0.0000000000000000
23.000000000000000,39.000000000000000,0.0000000000000000
24.000000000000000,39.000000000000000,0.0000000000000000
25.000000000000000,39.000000000000000,0.0000000000000000
26.000000000000000,39.000000000000000,0.0000000000000000
27.000000000000000,39.000000000000000,0.0000000000000000
28.000000000000000,39.000000000000000,0.0000000000000000
29.000000000000000,39.000000000000000,0.0000000000000000
30.000000000000000,39.000000000000000,0.0000000000000000
31.000000000000000,39.000000000000000,0.0000000000000000
32.000000000000000,39.000000000000000,0.0000000000000000
33.000000000000000,39.000000000000000,0.0000000000000000
34.000000000000000,39.000000000000000,0.0000000000000000
35.000000000000000,39.000000000000000,0.0000000000000000
36.000000000000000,39.000000000000000,0.0000000000000000
37.000000000000000,39.000000000000000,0.0000000000000000
38.000000000000000,39.000000000000000,0.0000000000000000
39.000000000000000,39.000000000000000,0.0000000000000000
40.000000000000000,39.000000000000000,0.0000000000000000
41.000000000000000,39.000000000000000,0.0000000000000000
42.000000000000000,39.000000000000000,0.0000000000000000
43.000000000000000,39.000000000000000,0.0000000000000000
44.000000000000000,39.000000000000000,0.0000000000000000
45.000000000000000,39.000000000000000,0.0000000000000000
46.000000000000000,39.000000000000000,0.0000000000000000
47.000000000000000,39.000000000000000,0.0000000000000000
48.000000000000000,39.000000000000000,0.0000000000000000
49.000000000000000,39.000000000000000,0.0000000000000000
50.000000000000000,39.000000000000000,0.0000000000000000
51.000000000000000,39.000000000000000,0.0000000000000000
52.000000000000000,39.000000000000000,0.0000000000000000
53.000000000000000,39.000000000000000,0.0000000000000000
54.000000000000000,39.000000000000000,0.0000000000000000
55.000000000000000,39.000000000000000,0.0000000000000000
56.000000000000000,39.000000000000000,0.0000000000000000
57.000000000000000,39.000000000000000,0.0000000000000000
58.000000000000000,39.000000000000000,0.0000000000000000
59.000000000000000,39.000000000000000,0.0000000000000000
60.000000000000000,39.000000000000000,0.0000000000000000
61.000000000000000,39.000000000000000,0.0000000000000000
62.000000000000000,39.000000000000000,0.0000000000000000
63.000000000000000,39.000000000000000,0.0000000000000000
64.000000000000000,39.000000000000000,0.0000000000000000
65.000000000000000,39.000000000000000,0.0000000000000000
66.000000000000000,39.000000000000000,0.0000000000000000
67.000000000000000,39.000000000000000,0.0000000000000000
68.000000000000000,39.000000000000000,0.0000000000000000
69.000000000000000,39.000000000000000,0.0000000000000000
70.000000000000000,39.000000000000000,0.0000000000000000
71.000000000000000,39.000000000000000,0.0000000000000000
72.000000000000000,39.000000000000000,0.0000000000000000
73.000000000000000,39.000000000000000,0.0000000000000000
74.000000000000000,39.000000000000000,0.0000000000000000
75.000000000000000,39.000000000000000,0.0000000000000000
76.000000000000000,39.000000000000000,0.0000000000000000
77.000000000000000,39.000000000000000,0.0000000000000000
78.000000000000000,39.000000000000000,0.0000000000000000
79.000000000000000,39.000000000000000,0.0000000000000000
80.000000000000000,39.000000000000000,0.0000000000000000
81.000000000000000,39.000000000000000,0.0000000000000000
82.000000000000000,39.000000000000000,0.0000000000000000
83.000000000000000,39.000000000000000,0.0000000000000000
84.000000000000000,39.000000000000000,0.0000000000000000
85.000000000000000,39.000000000000000,0.0000000000000000
86.000000000000000,39.000000000000000,0.0000000000000000
87.000000000000000,39.000000000000000,0.0000000000000000
88.000000000000000,39.000000000000000,0.0000000000000000
89.000000000000000,39.000000000000000,0.0000000000000000
90.000000000000000,39.000000000000000,97.199996948242188
91.000000000000000,39.000000000000000,97.199996948242188
92.000000000000000,39.000000000000000,0.0000000000000000
93.000000000000000,39.000000000000000,0.0000000000000000
94.000000000000000,39.000000000000000,0.0000000000000000
95.000000000000000,39.000000000000000,0.0000000000000000
96.000000000000000,39.000000000000000,0.0000000000000000
97.000000000000000,39.000000000000000,0.0000000000000000
98.000000000000000,39.000000000000000,0.0000000000000000
99.000000000000000,39.000000000000000,0.0000000000000000
100.00000000000000,39.000000000000000,0.0000000000000000
101.00000000000000,39.000000000000000,0.0000000000000000
102.00000000000000,39.000000000000000,0.0000000000000000
103.00000000000000,39.000000000000000,0.0000000000000000
104.00000000000000,39.000000000000000,0.0000000000000000
105.00000000000000,39.000000000000000,0.0000000000000000
106.00000000000000,39.000000000000000,0.0000000000000000
107.00000000000000,39.000000000000000,0.0000000000000000
108.00000000000000,39.000000000000000,0.0000000000000000
109.00000000000000,39.000000000000000,0.0000000000000000
110.00000000000000,39.000000000000000,0.0000000000000000
111.00000000000000,39.000000000000000,0.0000000000000000
112.00000000000000,39.000000000000000,0.0000000000000000
113.00000000000000,39.000000000000000,0.0000000000000000
1.0000000000000000,40.000000000000000,0.0000000000000000
2.0000000000000000,40.000000000000000,0.0000000000000000
3.0000000000000000,40.000000000000000,0.0000000000000000
4.0000000000000000,40.000000000000000,0.0000000000000000
5.0000000000000000,40.000000000000000,0.0000000000000000
6.0000000000000000,40.000000000000000,0.0000000000000000
7.0000000000000000,40.000000000000000,0.0000000000000000
8.0000000000000000,40.000000000000000,0.0000000000000000
9.0000000000000000,40.000000000000000,0.0000000000000000
10.000000000000000,40.000000000000000,0.0000000000000000
11.000000000000000,40.000000000000000,0.0000000000000000
12.000000000000000,40.000000000000000,0.0000000000000000
13.000000000000000,40.000000000000000,0.0000000000000000
14.000000000000000,40.000000000000000,0.0000000000000000
15.000000000000000,40.000000000000000,0.0000000000000000
16.000000000000000,40.000000000000000,0.0000000000000000
17.000000000000000,40.000000000000000,0.0000000000000000
18.000000000000000,40.000000000000000,0.0000000000000000
19.000000000000000,40.000000000000000,0.0000000000000000
20.000000000000000,40.000000000000000,0.0000000000000000
21.000000000000000,40.000000000000000,0.0000000000000000
22.000000000000000,40.000000000000000,0.0000000000000000
23.000000000000000,40.000000000000000,0.0000000000000000
24.000000000000000,40.000000000000000,0.0000000000000000
25.000000000000000,40.000000000000000,0.0000000000000000
26.000000000000000,40.000000000000000,0.0000000000000000
27.000000000000000,40.000000000000000,0.0000000000000000
28.000000000000000,40.000000000000000,0.0000000000000000
29.000000000000000,40.000000000000000,0.0000000000000000
30.000000000000000,40.000000000000000,0.0000000000000000
31.000000000000000,40.000000000000000,0.0000000000000000
32.000000000000000,40.000000000000000,0.0000000000000000
33.000000000000000,40.000000000000000,0.0000000000000000
34.000000000000000,40.000000000000000,0.0000000000000000
35.000000000000000,40.000000000000000,0.0000000000000000
36.000000000000000,40.000000000000000,0.0000000000000000
37.000000000000000,40.000000000000000,0.0000000000000000
38.000000000000000,40.000000000000000,0.0000000000000000
39.000000000000000,40.000000000000000,0.0000000000000000
40.000000000000000,40.000000000000000,0.0000000000000000
41.000000000000000,40.000000000000000,0.0000000000000000
42.000000000000000,40.000000000000000,0.0000000000000000
43.000000000000000,40.000000000000000,0.0000000000000000
44.000000000000000,40.000000000000000,0.0000000000000000
45.000000000000000,40.000000000000000,0.0000000000000000
46.000000000000000,40.000000000000000,0.0000000000000000
47.000000000000000,40.000000000000000,0.0000000000000000
48.000000000000000,40.000000000000000,0.0000000000000000
49.000000000000000,40.000000000000000,0.0000000000000000
50.000000000000000,40.000000000000000,0.0000000000000000
51.000000000000000,40.000000000000000,0.0000000000000000
52.000000000000000,40.000000000000000,0.0000000000000000
53.000000000000000,40.000000000000000,0.0000000000000000
54.000000000000000,40.000000000000000,0.0000000000000000
55.000000000000000,40.000000000000000,0.0000000000000000
56.000000000000000,40.000000000000000,0.0000000000000000
57.000000000000000,40.000000000000000,0.0000000000000000
58.000000000000000,40.000000000000000,0.0000000000000000
59.000000000000000,40.000000000000000,0.0000000000000000
60.000000000000000,40.000000000000000,0.0000000000000000
61.000000000000000,40.000000000000000,0.0000000000000000
62.000000000000000,40.000000000000000,0.0000000000000000
63.000000000000000,40.000000000000000,0.0000000000000000
64.000000000000000,40.000000000000000,0.0000000000000000
65.000000000000000,40.000000000000000,0.0000000000000000
66.000000000000000,40.000000000000000,0.0000000000000000
67.000000000000000,40.000000000000000,0.0000000000000000
68.000000000000000,40.000000000000000,0.0000000000000000
69.000000000000000,40.000000000000000,0.0000000000000000
70.000000000000000,40.000000000000000,0.0000000000000000
71.000000000000000,40.000000000000000,0.0000000000000000
72.000000000000000,40.000000000000000,0.0000000000000000
73.000000000000000,40.000000000000000,0.0000000000000000
74.000000000000000,40.000000000000000,0.0000000000000000
75.000000000000000,40.000000000000000,0.0000000000000000
76.000000000000000,40.000000000000000,0.0000000000000000
77.000000000000000,40.000000000000000,0.0000000000000000
78.000000000000000,40.000000000000000,0.0000000000000000
79.000000000000000,40.000000000000000,0.0000000000000000
80.000000000000000,40.000000000000000,0.0000000000000000
81.000000000000000,40.000000000000000,0.0000000000000000
82.000000000000000,40.000000000000000,0.0000000000000000
83.000000000000000,40.000000000000000,0.0000000000000000
84.000000000000000,40.000000000000000,0.0000000000000000
85.000000000000000,40.000000000000000,0.0000000000000000
86.000000000000000,40.000000000000000,0.0000000000000000
87.000000000000000,40.000000000000000,0.0000000000000000
88.000000000000000,40.000000000000000,0.0000000000000000
89.000000000000000,40.000000000000000,0.0000000000000000
90.000000000000000,40.000000000000000,97.199996948242188
91.000000000000000,40.000000000000000,97.199996948242188
92.000000000000000,40.000000000000000,0.0000000000000000
93.000000000000000,40.000000000000000,0.0000000000000000
94.000000000000000,40.000000000000000,0.0000000000000000
95.000000000000000,40.000000000000000,0.0000000000000000
96.000000000000000,40.000000000000000,0.0000000000000000
97.000000000000000,40.000000000000000,0.0000000000000000
98.000000000000000,40.000000000000000,0.0000000000000000
99.000000000000000,40.000000000000000,0.0000000000000000
100.00000000000000,40.000000000000000,0.0000000000000000
101.00000000000000,40.000000000000000,0.0000000000000000
102.00000000000000,40.000000000000000,0.0000000000000000
103.00000000000000,40.000000000000000,0.0000000000000000
104.00000000000000,40.000000000000000,0.0000000000000000
105.00000000000000,40.000000000000000,0.0000000000000000
106.00000000000000,40.000000000000000,0.0000000000000000
107.00000000000000,40.000000000000000,0.0000000000000000
108.00000000000000,40.000000000000000,0.0000000000000000
109.00000000000000,40.000000000000000,0.0000000000000000
110.00000000000000,40.000000000000000,0.0000000000000000
111.00000000000000,40.000000000000000,0.0000000000000000
112.00000000000000,40.000000000000000,0.0000000000000000
113.00000000000000,40.000000000000000,0.0000000000000000
1.0000000000000000,41.000000000000000,0.0000000000000000
2.0000000000000000,41.000000000000000,0.0000000000000000
3.0000000000000000,41.000000000000000,0.0000000000000000
4.0000000000000000,41.000000000000000,0.0000000000000000
5.0000000000000000,41.000000000000000,0.0000000000000000
6.0000000000000000,41.000000000000000,0.0000000000000000
7.0000000000000000,41.000000000000000,0.0000000000000000
8.0000000000000000,41.000000000000000,0.0000000000000000
9.0000000000000000,41.000000000000000,0.0000000000000000
10.000000000000000,41.000000000000000,0.0000000000000000
11.000000000000000,41.000000000000000,0.0000000000000000
12.000000000000000,41.000000000000000,0.0000000000000000
13.000000000000000,41.000000000000000,0.0000000000000000
14.000000000000000,41.000000000000000,0.0000000000000000
15.000000000000000,41.000000000000000,0.0000000000000000
16.000000000000000,41.000000000000000,0.0000000000000000
17.000000000000000,41.000000000000000,0.0000000000000000
18.000000000000000,41.000000000000000,0.0000000000000000
19.000000000000000,41.000000000000000,0.0000000000000000
20.000000000000000,41.000000000000000,0.0000000000000000
21.000000000000000,41.000000000000000,0.0000000000000000
22.000000000000000,41.000000000000000,0.0000000000000000
23.000000000000000,41.000000000000000,0.0000000000000000
24.000000000000000,41.000000000000000,0.0000000000000000
25.000000000000000,41.000000000000000,0.0000000000000000
26.000000000000000,41.000000000000000,0.0000000000000000
27.000000000000000,41.000000000000000,0.0000000000000000
28.000000000000000,41.000000000000000,0.0000000000000000
29.000000000000000,41.000000000000000,0.0000000000000000
30.000000000000000,41.000000000000000,0.0000000000000000
31.000000000000000,41.000000000000000,0.0000000000000000
32.000000000000000,41.000000000000000,0.0000000000000000
33.000000000000000,41.000000000000000,0.0000000000000000
34.000000000000000,41.000000000000000,0.0000000000000000
35.000000000000000,41.000000000000000,0.0000000000000000
36.000000000000000,41.000000000000000,0.0000000000000000
37.000000000000000,41.000000000000000,0.0000000000000000
38.000000000000000,41.000000000000000,0.0000000000000000
39.000000000000000,41.000000000000000,0.0000000000000000
40.000000000000000,41.000000000000000,0.0000000000000000
41.000000000000000,41.000000000000000,0.0000000000000000
42.000000000000000,41.000000000000000,0.0000000000000000
43.000000000000000,41.000000000000000,0.0000000000000000
44.000000000000000,41.000000000000000,0.0000000000000000
45.000000000000000,41.000000000000000,0.0000000000000000
46.000000000000000,41.000000000000000,0.0000000000000000
47.000000000000000,41.000000000000000,0.0000000000000000
48.000000000000000,41.000000000000000,0.0000000000000000
49.000000000000000,41.000000000000000,0.0000000000000000
50.000000000000000,41.000000000000000,0.0000000000000000
51.000000000000000,41.000000000000000,0.0000000000000000
52.000000000000000,41.000000000000000,0.0000000000000000
53.000000000000000,41.000000000000000,0.0000000000000000
54.000000000000000,41.000000000000000,0.0000000000000000
55.000000000000000,41.000000000000000,0.0000000000000000
56.000000000000000,41.000000000000000,0.0000000000000000
57.000000000000000,41.000000000000000,0.0000000000000000
58.000000000000000,41.000000000000000,0.0000000000000000
59.000000000000000,41.000000000000000,0.0000000000000000
60.000000000000000,41.000000000000000,0.0000000000000000
61.000000000000000,41.000000000000000,0.0000000000000000
62.000000000000000,41.000000000000000,0.0000000000000000
63.000000000000000,41.000000000000000,0.0000000000000000
64.000000000000000,41.000000000000000,0.0000000000000000
65.000000000000000,41.000000000000000,0.0000000000000000
66.000000000000000,41.000000000000000,0.0000000000000000
67.000000000000000,41.000000000000000,0.0000000000000000
68.000000000000000,41.000000000000000,0.0000000000000000
69.000000000000000,41.000000000000000,0.0000000000000000
70.000000000000000,41.000000000000000,0.0000000000000000
71.000000000000000,41.000000000000000,0.0000000000000000
72.000000000000000,41.000000000000000,0.0000000000000000
73.000000000000000,41.000000000000000,0.0000000000000000
74.000000000000000,41.000000000000000,0.0000000000000000
75.000000000000000,41.000000000000000,0.0000000000000000
76.000000000000000,41.000000000000000,0.0000000000000000
77.000000000000000,41.000000000000000,0.0000000000000000
78.000000000000000,41.000000000000000,0.0000000000000000
79.000000000000000,41.000000000000000,0.0000000000000000
80.000000000000000,41.000000000000000,0.0000000000000000
81.000000000000000,41.000000000000000,0.0000000000000000
82.000000000000000,41.000000000000000,0.0000000000000000
83.000000000000000,41.000000000000000,0.0000000000000000
84.000000000000000,41.000000000000000,0.0000000000000000
85.000000000000000,41.000000000000000,0.0000000000000000
86.000000000000000,41.000000000000000,0.0000000000000000
87.000000000000000,41.000000000000000,0.0000000000000000
88.000000000000000,41.000000000000000,0.0000000000000000
89.000000000000000,41.000000000000000,0.0000000000000000
90.000000000000000,41.000000000000000,97.199996948242188
91.000000000000000,41.000000000000000,97.199996948242188
92.000000000000000,41.000000000000000,0.0000000000000000
93.000000000000000,41.000000000000000,0.0000000000000000
94.000000000000000,41.000000000000000,0.0000000000000000
95.000000000000000,41.000000000000000,0.0000000000000000
96.000000000000000,41.000000000000000,0.0000000000000000
97.000000000000000,41.000000000000000,0.0000000000000000
98.000000000000000,41.000000000000000,0.0000000000000000
99.000000000000000,41.000000000000000,0.0000000000000000
100.00000000000000,41.000000000000000,0.0000000000000000
101.00000000000000,41.000000000000000,0.0000000000000000
102.00000000000000,41.000000000000000,0.0000000000000000
103.00000000000000,41.000000000000000,0.0000000000000000
104.00000000000000,41.000000000000000,0.0000000000000000
105.00000000000000,41.000000000000000,0.0000000000000000
106.00000000000000,41.000000000000000,0.0000000000000000
107.00000000000000,41.000000000000000,0.0000000000000000
108.00000000000000,41.000000000000000,0.0000000000000000
109.00000000000000,41.000000000000000,0.0000000000000000
110.00000000000000,41.000000000000000,0.0000000000000000
111.00000000000000,41.000000000000000,0.0000000000000000
112.00000000000000,41.000000000000000,0.0000000000000000
113.00000000000000,41.000000000000000,0.0000000000000000
1.0000000000000000,42.000000000000000,0.0000000000000000
2.0000000000000000,42.000000000000000,0.0000000000000000
3.0000000000000000,42.000000000000000,0.0000000000000000
4.0000000000000000,42.000000000000000,0.0000000000000000
5.0000000000000000,42.000000000000000,0.0000000000000000
6.0000000000000000,42.000000000000000,0.0000000000000000
7.0000000000000000,42.000000000000000,0.0000000000000000
8.0000000000000000,42.000000000000000,0.0000000000000000
9.0000000000000000,42.000000000000000,0.0000000000000000
10.000000000000000,42.000000000000000,0.0000000000000000
11.000000000000000,42.000000000000000,0.0000000000000000
12.000000000000000,42.000000000000000,0.0000000000000000
13.000000000000000,42.000000000000000,0.0000000000000000
14.000000000000000,42.000000000000000,0.0000000000000000
15.000000000000000,42.000000000000000,0.0000000000000000
16.000000000000000,42.000000000000000,0.0000000000000000
17.000000000000000,42.000000000000000,0.0000000000000000
18.000000000000000,42.000000000000000,0.0000000000000000
19.000000000000000,42.000000000000000,0.0000000000000000
20.000000000000000,42.000000000000000,0.0000000000000000
21.000000000000000,42.000000000000000,0.0000000000000000
22.000000000000000,42.000000000000000,0.0000000000000000
23.000000000000000,42.000000000000000,0.0000000000000000
24.000000000000000,42.000000000000000,0.0000000000000000
25.000000000000000,42.000000000000000,0.0000000000000000
26.000000000000000,42.000000000000000,0.0000000000000000
27.000000000000000,42.000000000000000,0.0000000000000000
28.000000000000000,42.000000000000000,0.0000000000000000
29.000000000000000,42.000000000000000,0.0000000000000000
30.000000000000000,42.000000000000000,0.0000000000000000
31.000000000000000,42.000000000000000,0.0000000000000000
32.000000000000000,42.000000000000000,0.0000000000000000
33.000000000000000,42.000000000000000,0.0000000000000000
34.000000000000000,42.000000000000000,0.0000000000000000
35.000000000000000,42.000000000000000,0.0000000000000000
36.000000000000000,42.000000000000000,0.0000000000000000
37.000000000000000,42.000000000000000,0.0000000000000000
38.000000000000000,42.000000000000000,0.0000000000000000
39.000000000000000,42.000000000000000,0.0000000000000000
40.000000000000000,42.000000000000000,0.0000000000000000
41.000000000000000,42.000000000000000,0.0000000000000000
42.000000000000000,42.000000000000000,0.0000000000000000
43.000000000000000,42.000000000000000,0.0000000000000000
44.000000000000000,42.000000000000000,0.0000000000000000
45.000000000000000,42.000000000000000,0.0000000000000000
46.000000000000000,42.000000000000000,0.0000000000000000
47.000000000000000,42.000000000000000,0.0000000000000000
48.000000000000000,42.000000000000000,0.0000000000000000
49.000000000000000,42.000000000000000,0.0000000000000000
50.000000000000000,42.000000000000000,0.0000000000000000
51.000000000000000,42.000000000000000,0.0000000000000000
52.000000000000000,42.000000000000000,0.0000000000000000
53.000000000000000,42.000000000000000,0.0000000000000000
54.000000000000000,42.000000000000000,0.0000000000000000
55.000000000000000,42.000000000000000,0.0000000000000000
56.000000000000000,42.000000000000000,0.0000000000000000
57.000000000000000,42.000000000000000,0.0000000000000000
58.000000000000000,42.000000000000000,0.0000000000000000
59.000000000000000,42.000000000000000,0.0000000000000000
60.000000000000000,42.000000000000000,0.0000000000000000
61.000000000000000,42.000000000000000,0.0000000000000000
62.000000000000000,42.000000000000000,0.0000000000000000
63.000000000000000,42.000000000000000,0.0000000000000000
64.000000000000000,42.000000000000000,0.0000000000000000
65.000000000000000,42.000000000000000,0.0000000000000000
66.000000000000000,42.000000000000000,0.0000000000000000
67.000000000000000,42.000000000000000,0.0000000000000000
68.000000000000000,42.000000000000000,0.0000000000000000
69.000000000000000,42.000000000000000,0.0000000000000000
70.000000000000000,42.000000000000000,0.0000000000000000
71.000000000000000,42.000000000000000,0.0000000000000000
72.000000000000000,42.000000000000000,0.0000000000000000
73.000000000000000,42.000000000000000,0.0000000000000000
74.000000000000000,42.000000000000000,0.0000000000000000
75.000000000000000,42.000000000000000,0.0000000000000000
76.000000000000000,42.000000000000000,0.0000000000000000
77.000000000000000,42.000000000000000,0.0000000000000000
78.000000000000000,42.000000000000000,0.0000000000000000
79.000000000000000,42.000000000000000,0.0000000000000000
80.000000000000000,42.000000000000000,0.0000000000000000
81.000000000000000,42.000000000000000,0.0000000000000000
82.000000000000000,42.000000000000000,0.0000000000000000
83.000000000000000,42.000000000000000,0.0000000000000000
84.000000000000000,42.000000000000000,0.0000000000000000
85.000000000000000,42.000000000000000,0.0000000000000000
86.000000000000000,42.000000000000000,0.0000000000000000
87.000000000000000,42.000000000000000,0.0000000000000000
88.000000000000000,42.000000000000000,0.0000000000000000
89.000000000000000,42.000000000000000,0.0000000000000000
90.000000000000000,42.000000000000000,97.199996948242188
91.000000000000000,42.000000000000000,97.199996948242188
92.000000000000000,42.000000000000000,0.0000000000000000
93.000000000000000,42.000000000000000,0.0000000000000000
94.000000000000000,42.000000000000000,0.0000000000000000
95.000000000000000,42.000000000000000,0.0000000000000000
96.000000000000000,42.000000000000000,0.0000000000000000
97.000000000000000,42.000000000000000,0.0000000000000000
98.000000000000000,42.000000000000000,0.0000000000000000
99.000000000000000,42.000000000000000,0.0000000000000000
100.00000000000000,42.000000000000000,0.0000000000000000
101.00000000000000,42.000000000000000,0.0000000000000000
102.00000000000000,42.000000000000000,0.0000000000000000
103.00000000000000,42.000000000000000,0.0000000000000000
104.00000000000000,42.000000000000000,0.0000000000000000
105.00000000000000,42.000000000000000,0.0000000000000000
106.00000000000000,42.000000000000000,0.0000000000000000
107.00000000000000,42.000000000000000,0.0000000000000000
108.00000000000000,42.000000000000000,0.0000000000000000
109.00000000000000,42.000000000000000,0.0000000000000000
110.00000000000000,42.000000000000000,0.0000000000000000
111.00000000000000,42.000000000000000,0.0000000000000000
112.00000000000000,42.000000000000000,0.0000000000000000
113.00000000000000,42.000000000000000,0.0000000000000000
1.0000000000000000,43.000000000000000,0.0000000000000000
2.0000000000000000,43.000000000000000,0.0000000000000000
3.0000000000000000,43.000000000000000,0.0000000000000000
4.0000000000000000,43.000000000000000,0.0000000000000000
5.0000000000000000,43.000000000000000,0.0000000000000000
6.0000000000000000,43.000000000000000,0.0000000000000000
7.0000000000000000,43.000000000000000,0.0000000000000000
8.0000000000000000,43.000000000000000,0.0000000000000000
9.0000000000000000,43.000000000000000,0.0000000000000000
10.000000000000000,43.000000000000000,0.0000000000000000
11.000000000000000,43.000000000000000,0.0000000000000000
12.000000000000000,43.000000000000000,0.0000000000000000
13.000000000000000,43.000000000000000,0.0000000000000000
14.000000000000000,43.000000000000000,0.0000000000000000
15.000000000000000,43.000000000000000,0.0000000000000000
16.000000000000000,43.000000000000000,0.0000000000000000
17.000000000000000,43.000000000000000,0.0000000000000000
18.000000000000000,43.000000000000000,0.0000000000000000
19.000000000000000,43.000000000000000,0.0000000000000000
20.000000000000000,43.000000000000000,0.0000000000000000
21.000000000000000,43.000000000000000,0.0000000000000000
22.000000000000000,43.000000000000000,0.0000000000000000
23.000000000000000,43.000000000000000,0.0000000000000000
24.000000000000000,43.000000000000000,0.0000000000000000
25.000000000000000,43.000000000000000,0.0000000000000000
26.000000000000000,43.000000000000000,0.0000000000000000
27.000000000000000,43.000000000000000,0.0000000000000000
28.000000000000000,43.000000000000000,0.0000000000000000
29.000000000000000,43.000000000000000,0.0000000000000000
30.000000000000000,43.000000000000000,0.0000000000000000
31.000000000000000,43.000000000000000,0.0000000000000000
32.000000000000000,43.000000000000000,0.0000000000000000
33.000000000000000,43.000000000000000,0.0000000000000000
34.000000000000000,43.000000000000000,0.0000000000000000
35.000000000000000,43.000000000000000,0.0000000000000000
36.000000000000000,43.000000000000000,0.0000000000000000
37.000000000000000,43.000000000000000,0.0000000000000000
38.000000000000000,43.000000000000000,0.0000000000000000
39.000000000000000,43.000000000000000,0.0000000000000000
40.000000000000000,43.000000000000000,0.0000000000000000
41.000000000000000,43.000000000000000,0.0000000000000000
42.000000000000000,43.000000000000000,0.0000000000000000
43.000000000000000,43.000000000000000,0.0000000000000000
44.000000000000000,43.000000000000000,0.0000000000000000
45.000000000000000,43.000000000000000,0.0000000000000000
46.000000000000000,43.000000000000000,0.0000000000000000
47.000000000000000,43.000000000000000,0.0000000000000000
48.000000000000000,43.000000000000000,0.0000000000000000
49.000000000000000,43.000000000000000,0.0000000000000000
50.000000000000000,43.000000000000000,0.0000000000000000
51.000000000000000,43.000000000000000,0.0000000000000000
52.000000000000000,43.000000000000000,0.0000000000000000
53.000000000000000,43.000000000000000,0.0000000000000000
54.000000000000000,43.000000000000000,0.0000000000000000
55.000000000000000,43.000000000000000,0.0000000000000000
56.000000000000000,43.000000000000000,0.0000000000000000
57.000000000000000,43.000000000000000,0.0000000000000000
58.000000000000000,43.000000000000000,0.0000000000000000
59.000000000000000,43.000000000000000,0.0000000000000000
60.000000000000000,43.000000000000000,0.0000000000000000
61.000000000000000,43.000000000000000,0.0000000000000000
62.000000000000000,43.000000000000000,0.0000000000000000
63.000000000000000,43.000000000000000,0.0000000000000000
64.000000000000000,43.000000000000000,0.0000000000000000
65.000000000000000,43.000000000000000,0.0000000000000000
66.000000000000000,43.000000000000000,0.0000000000000000
67.000000000000000,43.000000000000000,0.0000000000000000
68.000000000000000,43.000000000000000,0.0000000000000000
69.000000000000000,43.000000000000000,0.0000000000000000
70.000000000000000,43.000000000000000,0.0000000000000000
71.000000000000000,43.000000000000000,0.0000000000000000
72.000000000000000,43.000000000000000,0.0000000000000000
73.000000000000000,43.000000000000000,0.0000000000000000
74.000000000000000,43.000000000000000,0.0000000000000000
75.000000000000000,43.000000000000000,0.0000000000000000
76.000000000000000,43.000000000000000,0.0000000000000000
77.000000000000000,43.000000000000000,0.0000000000000000
78.000000000000000,43.000000000000000,0.0000000000000000
79.000000000000000,43.000000000000000,0.0000000000000000
80.000000000000000,43.000000000000000,0.0000000000000000
81.000000000000000,43.000000000000000,0.0000000000000000
82.000000000000000,43.000000000000000,0.0000000000000000
83.000000000000000,43.000000000000000,0.0000000000000000
84.000000000000000,43.000000000000000,0.0000000000000000
85.000000000000000,43.000000000000000,0.0000000000000000
86.000000000000000,43.000000000000000,0.0000000000000000
87.000000000000000,43.000000000000000,0.0000000000000000
88.000000000000000,43.000000000000000,0.0000000000000000
89.000000000000000,43.000000000000000,0.0000000000000000
90.000000000000000,43.000000000000000,97.199996948242188
91.000000000000000,43.000000000000000,0.0000000000000000
92.000000000000000,43.000000000000000,0.0000000000000000
93.000000000000000,43.000000000000000,0.0000000000000000
94.000000000000000,43.000000000000000,0.0000000000000000
95.000000000000000,43.000000000000000,0.0000000000000000
96.000000000000000,43.000000000000000,0.0000000000000000
97.000000000000000,43.000000000000000,0.0000000000000000
98.000000000000000,43.000000000000000,0.0000000000000000
99.000000000000000,43.000000000000000,0.0000000000000000
100.00000000000000,43.000000000000000,0.0000000000000000
101.00000000000000,43.000000000000000,0.0000000000000000
102.00000000000000,43.000000000000000,0.0000000000000000
103.00000000000000,43.000000000000000,0.0000000000000000
104.00000000000000,43.000000000000000,0.0000000000000000
105.00000000000000,43.000000000000000,0.0000000000000000
106.00000000000000,43.000000000000000,0.0000000000000000
107.00000000000000,43.000000000000000,0.0000000000000000
108.00000000000000,43.000000000000000,0.0000000000000000
109.00000000000000,43.000000000000000,0.0000000000000000
110.00000000000000,43.000000000000000,0.0000000000000000
111.00000000000000,43.000000000000000,0.0000000000000000
112.00000000000000,43.000000000000000,0.0000000000000000
113.00000000000000,43.000000000000000,0.0000000000000000
1.0000000000000000,44.000000000000000,0.0000000000000000
2.0000000000000000,44.000000000000000,0.0000000000000000
3.0000000000000000,44.000000000000000,0.0000000000000000
4.0000000000000000,44.000000000000000,0.0000000000000000
5.0000000000000000,44.000000000000000,0.0000000000000000
6.0000000000000000,44.000000000000000,0.0000000000000000
7.0000000000000000,44.000000000000000,0.0000000000000000
8.0000000000000000,44.000000000000000,0.0000000000000000
9.0000000000000000,44.000000000000000,0.0000000000000000
10.000000000000000,44.000000000000000,0.0000000000000000
11.000000000000000,44.000000000000000,0.0000000000000000
12.000000000000000,44.000000000000000,0.0000000000000000
13.000000000000000,44.000000000000000,0.0000000000000000
14.000000000000000,44.000000000000000,0.0000000000000000
15.000000000000000,44.000000000000000,0.0000000000000000
16.000000000000000,44.000000000000000,0.0000000000000000
17.000000000000000,44.000000000000000,0.0000000000000000
18.000000000000000,44.000000000000000,0.0000000000000000
19.000000000000000,44.000000000000000,0.0000000000000000
20.000000000000000,44.000000000000000,0.0000000000000000
21.000000000000000,44.000000000000000,0.0000000000000000
22.000000000000000,44.000000000000000,0.0000000000000000
23.000000000000000,44.000000000000000,0.0000000000000000
24.000000000000000,44.000000000000000,0.0000000000000000
25.000000000000000,44.000000000000000,0.0000000000000000
26.000000000000000,44.000000000000000,0.0000000000000000
27.000000000000000,44.000000000000000,0.0000000000000000
28.000000000000000,44.000000000000000,0.0000000000000000
29.000000000000000,44.000000000000000,0.0000000000000000
30.000000000000000,44.000000000000000,0.0000000000000000
31.000000000000000,44.000000000000000,0.0000000000000000
32.000000000000000,44.000000000000000,0.0000000000000000
33.000000000000000,44.000000000000000,0.0000000000000000
34.000000000000000,44.000000000000000,0.0000000000000000
35.000000000000000,44.000000000000000,0.0000000000000000
36.000000000000000,44.000000000000000,0.0000000000000000
37.000000000000000,44.000000000000000,0.0000000000000000
38.000000000000000,44.000000000000000,0.0000000000000000
39.000000000000000,44.000000000000000,0.0000000000000000
40.000000000000000,44.000000000000000,0.0000000000000000
41.000000000000000,44.000000000000000,0.0000000000000000
42.000000000000000,44.000000000000000,0.0000000000000000
43.000000000000000,44.000000000000000,0.0000000000000000
44.000000000000000,44.000000000000000,0.0000000000000000
45.000000000000000,44.000000000000000,0.0000000000000000
46.000000000000000,44.000000000000000,0.0000000000000000
47.000000000000000,44.000000000000000,0.0000000000000000
48.000000000000000,44.000000000000000,0.0000000000000000
49.000000000000000,44.000000000000000,0.0000000000000000
50.000000000000000,44.000000000000000,0.0000000000000000
51.000000000000000,44.000000000000000,0.0000000000000000
52.000000000000000,44.000000000000000,0.0000000000000000
53.000000000000000,44.000000000000000,0.0000000000000000
54.000000000000000,44.000000000000000,0.0000000000000000
55.000000000000000,44.000000000000000,0.0000000000000000
56.000000000000000,44.000000000000000,0.0000000000000000
57.000000000000000,44.000000000000000,0.0000000000000000
58.000000000000000,44.000000000000000,0.0000000000000000
59.000000000000000,44.000000000000000,0.0000000000000000
60.000000000000000,44.000000000000000,0.0000000000000000
61.000000000000000,44.000000000000000,0.0000000000000000
62.000000000000000,44.000000000000000,0.0000000000000000
63.000000000000000,44.000000000000000,0.0000000000000000
64.000000000000000,44.000000000000000,0.0000000000000000
65.000000000000000,44.000000000000000,0.0000000000000000
66.000000000000000,44.000000000000000,0.0000000000000000
67.000000000000000,44.000000000000000,0.0000000000000000
68.000000000000000,44.000000000000000,0.0000000000000000
69.000000000000000,44.000000000000000,0.0000000000000000
70.000000000000000,44.000000000000000,0.0000000000000000
71.000000000000000,44.000000000000000,0.0000000000000000
72.000000000000000,44.000000000000000,0.0000000000000000
73.000000000000000,44.000000000000000,0.0000000000000000
74.000000000000000,44.000000000000000,0.0000000000000000
75.000000000000000,44.000000000000000,0.0000000000000000
76.000000000000000,44.000000000000000,0.0000000000000000
77.000000000000000,44.000000000000000,0.0000000000000000
78.000000000000000,44.000000000000000,0.0000000000000000
79.000000000000000,44.000000000000000,0.0000000000000000
80.000000000000000,44.000000000000000,0.0000000000000000
81.000000000000000,44.000000000000000,0.0000000000000000
82.000000000000000,44.000000000000000,0.0000000000000000
83.000000000000000,44.000000000000000,0.0000000000000000
84.000000000000000,44.000000000000000,0.0000000000000000
85.000000000000000,44.000000000000000,0.0000000000000000
86.000000000000000,44.000000000000000,0.0000000000000000
87.000000000000000,44.000000000000000,0.0000000000000000
88.000000000000000,44.000000000000000,0.0000000000000000
89.000000000000000,44.000000000000000,0.0000000000000000
90.000000000000000,44.000000000000000,97.099998474121094
91.000000000000000,44.000000000000000,0.0000000000000000
92.000000000000000,44.000000000000000,0.0000000000000000
93.000000000000000,44.000000000000000,0.0000000000000000
94.000000000000000,44.000000000000000,0.0000000000000000
95.000000000000000,44.000000000000000,0.0000000000000000
96.000000000000000,44.000000000000000,0.0000000000000000
97.000000000000000,44.000000000000000,0.0000000000000000
98.000000000000000,44.000000000000000,0.0000000000000000
99.000000000000000,44.000000000000000,0.0000000000000000
100.00000000000000,44.000000000000000,0.0000000000000000
101.00000000000000,44.000000000000000,0.0000000000000000
102.00000000000000,44.000000000000000,0.0000000000000000
103.00000000000000,44.000000000000000,0.0000000000000000
104.00000000000000,44.000000000000000,0.0000000000000000
105.00000000000000,44.000000000000000,0.0000000000000000
106.00000000000000,44.000000000000000,0.0000000000000000
107.00000000000000,44.000000000000000,0.0000000000000000
108.00000000000000,44.000000000000000,0.0000000000000000
109.00000000000000,44.000000000000000,0.0000000000000000
110.00000000000000,44.000000000000000,0.0000000000000000
111.00000000000000,44.000000000000000,0.0000000000000000
112.00000000000000,44.000000000000000,0.0000000000000000
113.00000000000000,44.000000000000000,0.0000000000000000
1.0000000000000000,45.000000000000000,0.0000000000000000
2.0000000000000000,45.000000000000000,0.0000000000000000
3.0000000000000000,45.000000000000000,0.0000000000000000
4.0000000000000000,45.000000000000000,0.0000000000000000
5.0000000000000000,45.000000000000000,0.0000000000000000
6.0000000000000000,45.000000000000000,0.0000000000000000
7.0000000000000000,45.000000000000000,0.0000000000000000
8.0000000000000000,45.000000000000000,0.0000000000000000
9.0000000000000000,45.000000000000000,0.0000000000000000
10.000000000000000,45.000000000000000,0.0000000000000000
11.000000000000000,45.000000000000000,0.0000000000000000
12.000000000000000,45.000000000000000,0.0000000000000000
13.000000000000000,45.000000000000000,0.0000000000000000
14.000000000000000,45.000000000000000,0.0000000000000000
15.000000000000000,45.000000000000000,0.0000000000000000
16.000000000000000,45.000000000000000,0.0000000000000000
17.000000000000000,45.000000000000000,0.0000000000000000
18.000000000000000,45.000000000000000,0.0000000000000000
19.000000000000000,45.000000000000000,0.0000000000000000
20.000000000000000,45.000000000000000,0.0000000000000000
21.000000000000000,45.000000000000000,0.0000000000000000
22.000000000000000,45.000000000000000,0.0000000000000000
23.000000000000000,45.000000000000000,0.0000000000000000
24.000000000000000,45.000000000000000,0.0000000000000000
25.000000000000000,45.000000000000000,0.0000000000000000
26.000000000000000,45.000000000000000,0.0000000000000000
27.000000000000000,45.000000000000000,0.0000000000000000
28.000000000000000,45.000000000000000,0.0000000000000000
29.000000000000000,45.000000000000000,0.0000000000000000
30.000000000000000,45.000000000000000,0.0000000000000000
31.000000000000000,45.000000000000000,0.0000000000000000
32.000000000000000,45.000000000000000,0.0000000000000000
33.000000000000000,45.000000000000000,0.0000000000000000
34.000000000000000,45.000000000000000,0.0000000000000000
35.000000000000000,45.000000000000000,0.0000000000000000
36.000000000000000,45.000000000000000,0.0000000000000000
37.000000000000000,45.000000000000000,0.0000000000000000
38.000000000000000,45.000000000000000,0.0000000000000000
39.000000000000000,45.000000000000000,0.0000000000000000
40.000000000000000,45.000000000000000,0.0000000000000000
41.000000000000000,45.000000000000000,0.0000000000000000
42.000000000000000,45.000000000000000,0.0000000000000000
43.000000000000000,45.000000000000000,0.0000000000000000
44.000000000000000,45.000000000000000,0.0000000000000000
45.000000000000000,45.000000000000000,0.0000000000000000
46.000000000000000,45.000000000000000,0.0000000000000000
47.000000000000000,45.000000000000000,0.0000000000000000
48.000000000000000,45.000000000000000,0.0000000000000000
49.000000000000000,45.000000000000000,0.0000000000000000
50.000000000000000,45.000000000000000,0.0000000000000000
51.000000000000000,45.000000000000000,0.0000000000000000
52.000000000000000,45.000000000000000,0.0000000000000000
53.000000000000000,45.000000000000000,0.0000000000000000
54.000000000000000,45.000000000000000,0.0000000000000000
55.000000000000000,45.000000000000000,0.0000000000000000
56.000000000000000,45.000000000000000,0.0000000000000000
57.000000000000000,45.000000000000000,0.0000000000000000
58.000000000000000,45.000000000000000,0.0000000000000000
59.000000000000000,45.000000000000000,0.0000000000000000
60.000000000000000,45.000000000000000,0.0000000000000000
61.000000000000000,45.000000000000000,0.0000000000000000
62.000000000000000,45.000000000000000,0.0000000000000000
63.000000000000000,45.000000000000000,0.0000000000000000
64.000000000000000,45.000000000000000,0.0000000000000000
65.000000000000000,45.000000000000000,0.0000000000000000
66.000000000000000,45.000000000000000,0.0000000000000000
67.000000000000000,45.000000000000000,0.0000000000000000
68.000000000000000,45.000000000000000,0.0000000000000000
69.000000000000000,45.000000000000000,0.0000000000000000
70.000000000000000,45.000000000000000,0.0000000000000000
71.000000000000000,45.000000000000000,0.0000000000000000
72.000000000000000,45.000000000000000,0.0000000000000000
73.000000000000000,45.000000000000000,0.0000000000000000
74.000000000000000,45.000000000000000,0.0000000000000000
75.000000000000000,45.000000000000000,0.0000000000000000
76.000000000000000,45.000000000000000,0.0000000000000000
77.000000000000000,45.000000000000000,0.0000000000000000
78.000000000000000,45.000000000000000,0.0000000000000000
79.000000000000000,45.000000000000000,0.0000000000000000
80.000000000000000,45.000000000000000,0.0000000000000000
81.000000000000000,45.000000000000000,0.0000000000000000
82.000000000000000,45.000000000000000,0.0000000000000000
83.000000000000000,45.000000000000000,0.0000000000000000
84.000000000000000,45.000000000000000,0.0000000000000000
85.000000000000000,45.000000000000000,0.0000000000000000
86.000000000000000,45.000000000000000,0.0000000000000000
87.000000000000000,45.000000000000000,0.0000000000000000
88.000000000000000,45.000000000000000,0.0000000000000000
89.000000000000000,45.000000000000000,0.0000000000000000
90.000000000000000,45.000000000000000,97.099998474121094
91.000000000000000,45.000000000000000,0.0000000000000000
92.000000000000000,45.000000000000000,0.0000000000000000
93.000000000000000,45.000000000000000,0.0000000000000000
94.000000000000000,45.000000000000000,0.0000000000000000
95.000000000000000,45.000000000000000,0.0000000000000000
96.000000000000000,45.000000000000000,0.0000000000000000
97.000000000000000,45.000000000000000,0.0000000000000000
98.000000000000000,45.000000000000000,0.0000000000000000
99.000000000000000,45.000000000000000,0.0000000000000000
100.00000000000000,45.000000000000000,0.0000000000000000
101.00000000000000,45.000000000000000,0.0000000000000000
102.00000000000000,45.000000000000000,0.0000000000000000
103.00000000000000,45.000000000000000,0.0000000000000000
104.00000000000000,45.000000000000000,0.0000000000000000
105.00000000000000,45.000000000000000,0.0000000000000000
106.00000000000000,45.000000000000000,0.0000000000000000
107.00000000000000,45.000000000000000,0.0000000000000000
108.00000000000000,45.000000000000000,0.0000000000000000
109.00000000000000,45.000000000000000,0.0000000000000000
110.00000000000000,45.000000000000000,0.0000000000000000
111.00000000000000,45.000000000000000,0.0000000000000000
112.00000000000000,45.000000000000000,0.0000000000000000
113.00000000000000,45.000000000000000,0.0000000000000000
1.0000000000000000,46.000000000000000,0.0000000000000000
2.0000000000000000,46.000000000000000,0.0000000000000000
3.0000000000000000,46.000000000000000,0.0000000000000000
4.0000000000000000,46.000000000000000,0.0000000000000000
5.0000000000000000,46.000000000000000,0.0000000000000000
6.0000000000000000,46.000000000000000,0.0000000000000000
7.0000000000000000,46.000000000000000,0.0000000000000000
8.0000000000000000,46.000000000000000,0.0000000000000000
9.0000000000000000,46.000000000000000,0.0000000000000000
10.000000000000000,46.000000000000000,0.0000000000000000
11.000000000000000,46.000000000000000,0.0000000000000000
12.000000000000000,46.000000000000000,0.0000000000000000
13.000000000000000,46.000000000000000,0.0000000000000000
14.000000000000000,46.000000000000000,0.0000000000000000
15.000000000000000,46.000000000000000,0.0000000000000000
16.000000000000000,46.000000000000000,0.0000000000000000
17.000000000000000,46.000000000000000,0.0000000000000000
18.000000000000000,46.000000000000000,0.0000000000000000
19.000000000000000,46.000000000000000,0.0000000000000000
20.000000000000000,46.000000000000000,0.0000000000000000
21.000000000000000,46.000000000000000,0.0000000000000000
22.000000000000000,46.000000000000000,0.0000000000000000
23.000000000000000,46.000000000000000,0.0000000000000000
24.000000000000000,46.000000000000000,0.0000000000000000
25.000000000000000,46.000000000000000,0.0000000000000000
26.000000000000000,46.000000000000000,0.0000000000000000
27.000000000000000,46.000000000000000,0.0000000000000000
28.000000000000000,46.000000000000000,0.0000000000000000
29.000000000000000,46.000000000000000,0.0000000000000000
30.000000000000000,46.000000000000000,0.0000000000000000
31.000000000000000,46.000000000000000,0.0000000000000000
32.000000000000000,46.000000000000000,0.0000000000000000
33.000000000000000,46.000000000000000,0.0000000000000000
34.000000000000000,46.000000000000000,0.0000000000000000
35.000000000000000,46.000000000000000,0.0000000000000000
36.000000000000000,46.000000000000000,0.0000000000000000
37.000000000000000,46.000000000000000,0.0000000000000000
38.000000000000000,46.000000000000000,0.0000000000000000
39.000000000000000,46.000000000000000,0.0000000000000000
40.000000000000000,46.000000000000000,0.0000000000000000
41.000000000000000,46.000000000000000,0.0000000000000000
42.000000000000000,46.000000000000000,0.0000000000000000
43.000000000000000,46.000000000000000,0.0000000000000000
44.000000000000000,46.000000000000000,0.0000000000000000
45.000000000000000,46.000000000000000,0.0000000000000000
46.000000000000000,46.000000000000000,0.0000000000000000
47.000000000000000,46.000000000000000,0.0000000000000000
48.000000000000000,46.000000000000000,0.0000000000000000
49.000000000000000,46.000000000000000,0.0000000000000000
50.000000000000000,46.000000000000000,0.0000000000000000
51.000000000000000,46.000000000000000,0.0000000000000000
52.000000000000000,46.000000000000000,0.0000000000000000
53.000000000000000,46.000000000000000,0.0000000000000000
54.000000000000000,46.000000000000000,0.0000000000000000
55.000000000000000,46.000000000000000,0.0000000000000000
56.000000000000000,46.000000000000000,0.0000000000000000
57.000000000000000,46.000000000000000,0.0000000000000000
58.000000000000000,46.000000000000000,0.0000000000000000
59.000000000000000,46.000000000000000,0.0000000000000000
60.000000000000000,46.000000000000000,0.0000000000000000
61.000000000000000,46.000000000000000,0.0000000000000000
62.000000000000000,46.000000000000000,0.0000000000000000
63.000000000000000,46.000000000000000,0.0000000000000000
64.000000000000000,46.000000000000000,0.0000000000000000
65.000000000000000,46.000000000000000,0.0000000000000000
66.000000000000000,46.000000000000000,0.0000000000000000
67.000000000000000,46.000000000000000,0.0000000000000000
68.000000000000000,46.000000000000000,0.0000000000000000
69.000000000000000,46.000000000000000,0.0000000000000000
70.000000000000000,46.000000000000000,0.0000000000000000
71.000000000000000,46.000000000000000,0.0000000000000000
72.000000000000000,46.000000000000000,0.0000000000000000
73.000000000000000,46.000000000000000,0.0000000000000000
74.000000000000000,46.000000000000000,0.0000000000000000
75.000000000000000,46.000000000000000,0.0000000000000000
76.000000000000000,46.000000000000000,0.0000000000000000
77.000000000000000,46.000000000000000,0.0000000000000000
78.000000000000000,46.000000000000000,0.0000000000000000
79.000000000000000,46.000000000000000,0.0000000000000000
80.000000000000000,46.000000000000000,0.0000000000000000
81.000000000000000,46.000000000000000,0.0000000000000000
82.000000000000000,46.000000000000000,0.0000000000000000
83.000000000000000,46.000000000000000,0.0000000000000000
84.000000000000000,46.000000000000000,0.0000000000000000
85.000000000000000,46.000000000000000,0.0000000000000000
86.000000000000000,46.000000000000000,0.0000000000000000
87.000000000000000,46.000000000000000,0.0000000000000000
88.000000000000000,46.000000000000000,0.0000000000000000
89.000000000000000,46.000000000000000,0.0000000000000000
90.000000000000000,46.000000000000000,97.099998474121094
91.000000000000000,46.000000000000000,0.0000000000000000
92.000000000000000,46.000000000000000,0.0000000000000000
93.000000000000000,46.000000000000000,0.0000000000000000
94.000000000000000,46.000000000000000,0.0000000000000000
95.000000000000000,46.000000000000000,0.0000000000000000
96.000000000000000,46.000000000000000,0.0000000000000000
97.000000000000000,46.000000000000000,0.0000000000000000
98.000000000000000,46.000000000000000,0.0000000000000000
99.000000000000000,46.000000000000000,0.0000000000000000
100.00000000000000,46.000000000000000,0.0000000000000000
101.00000000000000,46.000000000000000,0.0000000000000000
102.00000000000000,46.000000000000000,0.0000000000000000
103.00000000000000,46.000000000000000,0.0000000000000000
104.00000000000000,46.000000000000000,0.0000000000000000
105.00000000000000,46.000000000000000,0.0000000000000000
106.00000000000000,46.000000000000000,0.0000000000000000
107.00000000000000,46.000000000000000,0.0000000000000000
108.00000000000000,46.000000000000000,0.0000000000000000
109.00000000000000,46.000000000000000,0.0000000000000000
110.00000000000000,46.000000000000000,0.0000000000000000
111.00000000000000,46.000000000000000,0.0000000000000000
112.00000000000000,46.000000000000000,0.0000000000000000
113.00000000000000,46.000000000000000,0.0000000000000000
1.0000000000000000,47.000000000000000,0.0000000000000000
2.0000000000000000,47.000000000000000,0.0000000000000000
3.0000000000000000,47.000000000000000,0.0000000000000000
4.0000000000000000,47.000000000000000,0.0000000000000000
5.0000000000000000,47.000000000000000,0.0000000000000000
6.0000000000000000,47.000000000000000,0.0000000000000000
7.0000000000000000,47.000000000000000,0.0000000000000000
8.0000000000000000,47.000000000000000,0.0000000000000000
9.0000000000000000,47.000000000000000,0.0000000000000000
10.000000000000000,47.000000000000000,0.0000000000000000
11.000000000000000,47.000000000000000,0.0000000000000000
12.000000000000000,47.000000000000000,0.0000000000000000
13.000000000000000,47.000000000000000,0.0000000000000000
14.000000000000000,47.000000000000000,0.0000000000000000
15.000000000000000,47.000000000000000,0.0000000000000000
16.000000000000000,47.000000000000000,0.0000000000000000
17.000000000000000,47.000000000000000,0.0000000000000000
18.000000000000000,47.000000000000000,0.0000000000000000
19.000000000000000,47.000000000000000,0.0000000000000000
20.000000000000000,47.000000000000000,0.0000000000000000
21.000000000000000,47.000000000000000,0.0000000000000000
22.000000000000000,47.000000000000000,0.0000000000000000
23.000000000000000,47.000000000000000,0.0000000000000000
24.000000000000000,47.000000000000000,0.0000000000000000
25.000000000000000,47.000000000000000,0.0000000000000000
26.000000000000000,47.000000000000000,0.0000000000000000
27.000000000000000,47.000000000000000,0.0000000000000000
28.000000000000000,47.000000000000000,0.0000000000000000
29.000000000000000,47.000000000000000,0.0000000000000000
30.000000000000000,47.000000000000000,0.0000000000000000
31.000000000000000,47.000000000000000,0.0000000000000000
32.000000000000000,47.000000000000000,0.0000000000000000
33.000000000000000,47.000000000000000,0.0000000000000000
34.000000000000000,47.000000000000000,0.0000000000000000
35.000000000000000,47.000000000000000,0.0000000000000000
36.000000000000000,47.000000000000000,0.0000000000000000
37.000000000000000,47.000000000000000,0.0000000000000000
38.000000000000000,47.000000000000000,0.0000000000000000
39.000000000000000,47.000000000000000,0.0000000000000000
40.000000000000000,47.000000000000000,0.0000000000000000
41.000000000000000,47.000000000000000,0.0000000000000000
42.000000000000000,47.000000000000000,0.0000000000000000
43.000000000000000,47.000000000000000,0.0000000000000000
44.000000000000000,47.000000000000000,0.0000000000000000
45.000000000000000,47.000000000000000,0.0000000000000000
46.000000000000000,47.000000000000000,0.0000000000000000
47.000000000000000,47.000000000000000,0.0000000000000000
48.000000000000000,47.000000000000000,0.0000000000000000
49.000000000000000,47.000000000000000,0.0000000000000000
50.000000000000000,47.000000000000000,0.0000000000000000
51.000000000000000,47.000000000000000,0.0000000000000000
52.000000000000000,47.000000000000000,0.0000000000000000
53.000000000000000,47.000000000000000,0.0000000000000000
54.000000000000000,47.000000000000000,0.0000000000000000
55.000000000000000,47.000000000000000,0.0000000000000000
56.000000000000000,47.000000000000000,0.0000000000000000
57.000000000000000,47.000000000000000,0.0000000000000000
58.000000000000000,47.000000000000000,0.0000000000000000
59.000000000000000,47.000000000000000,0.0000000000000000
60.000000000000000,47.000000000000000,0.0000000000000000
61.000000000000000,47.000000000000000,0.0000000000000000
62.000000000000000,47.000000000000000,0.0000000000000000
63.000000000000000,47.000000000000000,0.0000000000000000
64.000000000000000,47.000000000000000,0.0000000000000000
65.000000000000000,47.000000000000000,0.0000000000000000
66.000000000000000,47.000000000000000,0.0000000000000000
67.000000000000000,47.000000000000000,0.0000000000000000
68.000000000000000,47.000000000000000,0.0000000000000000
69.000000000000000,47.000000000000000,0.0000000000000000
70.000000000000000,47.000000000000000,0.0000000000000000
71.000000000000000,47.000000000000000,0.0000000000000000
72.000000000000000,47.000000000000000,0.0000000000000000
73.000000000000000,47.000000000000000,0.0000000000000000
74.000000000000000,47.000000000000000,0.0000000000000000
75.000000000000000,47.000000000000000,0.0000000000000000
76.000000000000000,47.000000000000000,0.0000000000000000
77.000000000000000,47.000000000000000,0.0000000000000000
78.000000000000000,47.000000000000000,0.0000000000000000
79.000000000000000,47.000000000000000,0.0000000000000000
80.000000000000000,47.000000000000000,0.0000000000000000
81.000000000000000,47.000000000000000,0.0000000000000000
82.000000000000000,47.000000000000000,0.0000000000000000
83.000000000000000,47.000000000000000,0.0000000000000000
84.000000000000000,47.000000000000000,0.0000000000000000
85.000000000000000,47.000000000000000,0.0000000000000000
86.000000000000000,47.000000000000000,0.0000000000000000
87.000000000000000,47.000000000000000,0.0000000000000000
88.000000000000000,47.000000000000000,0.0000000000000000
89.000000000000000,47.000000000000000,0.0000000000000000
90.000000000000000,47.000000000000000,97.099998474121094
91.000000000000000,47.000000000000000,0.0000000000000000
92.000000000000000,47.000000000000000,0.0000000000000000
93.000000000000000,47.000000000000000,0.0000000000000000
94.000000000000000,47.000000000000000,0.0000000000000000
95.000000000000000,47.000000000000000,0.0000000000000000
96.000000000000000,47.000000000000000,0.0000000000000000
97.000000000000000,47.000000000000000,0.0000000000000000
98.000000000000000,47.000000000000000,0.0000000000000000
99.000000000000000,47.000000000000000,0.0000000000000000
100.00000000000000,47.000000000000000,0.0000000000000000
101.00000000000000,47.000000000000000,0.0000000000000000
102.00000000000000,47.000000000000000,0.0000000000000000
103.00000000000000,47.000000000000000,0.0000000000000000
104.00000000000000,47.000000000000000,0.0000000000000000
105.00000000000000,47.000000000000000,0.0000000000000000
106.00000000000000,47.000000000000000,0.0000000000000000
107.00000000000000,47.000000000000000,0.0000000000000000
108.00000000000000,47.000000000000000,0.0000000000000000
109.00000000000000,47.000000000000000,0.0000000000000000
110.00000000000000,47.000000000000000,0.0000000000000000
111.00000000000000,47.000000000000000,0.0000000000000000
112.00000000000000,47.000000000000000,0.0000000000000000
113.00000000000000,47.000000000000000,0.0000000000000000
1.0000000000000000,48.000000000000000,0.0000000000000000
2.0000000000000000,48.000000000000000,0.0000000000000000
3.0000000000000000,48.000000000000000,0.0000000000000000
4.0000000000000000,48.000000000000000,0.0000000000000000
5.0000000000000000,48.000000000000000,0.0000000000000000
6.0000000000000000,48.000000000000000,0.0000000000000000
7.0000000000000000,48.000000000000000,0.0000000000000000
8.0000000000000000,48.000000000000000,0.0000000000000000
9.0000000000000000,48.000000000000000,0.0000000000000000
10.000000000000000,48.000000000000000,0.0000000000000000
11.000000000000000,48.000000000000000,0.0000000000000000
12.000000000000000,48.000000000000000,0.0000000000000000
13.000000000000000,48.000000000000000,0.0000000000000000
14.000000000000000,48.000000000000000,0.0000000000000000
15.000000000000000,48.000000000000000,0.0000000000000000
16.000000000000000,48.000000000000000,0.0000000000000000
17.000000000000000,48.000000000000000,0.0000000000000000
18.000000000000000,48.000000000000000,0.0000000000000000
19.000000000000000,48.000000000000000,0.0000000000000000
20.000000000000000,48.000000000000000,0.0000000000000000
21.000000000000000,48.000000000000000,0.0000000000000000
22.000000000000000,48.000000000000000,0.0000000000000000
23.000000000000000,48.000000000000000,0.0000000000000000
24.000000000000000,48.000000000000000,0.0000000000000000
25.000000000000000,48.000000000000000,0.0000000000000000
26.000000000000000,48.000000000000000,0.0000000000000000
27.000000000000000,48.000000000000000,0.0000000000000000
28.000000000000000,48.000000000000000,0.0000000000000000
29.000000000000000,48.000000000000000,0.0000000000000000
30.000000000000000,48.000000000000000,0.0000000000000000
31.000000000000000,48.000000000000000,0.0000000000000000
32.000000000000000,48.000000000000000,0.0000000000000000
33.000000000000000,48.000000000000000,0.0000000000000000
34.000000000000000,48.000000000000000,0.0000000000000000
35.000000000000000,48.000000000000000,0.0000000000000000
36.000000000000000,48.000000000000000,0.0000000000000000
37.000000000000000,48.000000000000000,0.0000000000000000
38.000000000000000,48.000000000000000,0.0000000000000000
39.000000000000000,48.000000000000000,0.0000000000000000
40.000000000000000,48.000000000000000,0.0000000000000000
41.000000000000000,48.000000000000000,0.0000000000000000
42.000000000000000,48.000000000000000,0.0000000000000000
43.000000000000000,48.000000000000000,0.0000000000000000
44.000000000000000,48.000000000000000,0.0000000000000000
45.000000000000000,48.000000000000000,0.0000000000000000
46.000000000000000,48.000000000000000,0.0000000000000000
47.000000000000000,48.000000000000000,0.0000000000000000
48.000000000000000,48.000000000000000,0.0000000000000000
49.000000000000000,48.000000000000000,0.0000000000000000
50.000000000000000,48.000000000000000,0.0000000000000000
51.000000000000000,48.000000000000000,0.0000000000000000
52.000000000000000,48.000000000000000,0.0000000000000000
53.000000000000000,48.000000000000000,0.0000000000000000
54.000000000000000,48.000000000000000,0.0000000000000000
55.000000000000000,48.000000000000000,0.0000000000000000
56.000000000000000,48.000000000000000,0.0000000000000000
57.000000000000000,48.000000000000000,0.0000000000000000
58.000000000000000,48.000000000000000,0.0000000000000000
59.000000000000000,48.000000000000000,0.0000000000000000
60.000000000000000,48.000000000000000,0.0000000000000000
61.000000000000000,48.000000000000000,0.0000000000000000
62.000000000000000,48.000000000000000,0.0000000000000000
63.000000000000000,48.000000000000000,0.0000000000000000
64.000000000000000,48.000000000000000,0.0000000000000000
65.000000000000000,48.000000000000000,0.0000000000000000
66.000000000000000,48.000000000000000,0.0000000000000000
67.000000000000000,48.000000000000000,0.0000000000000000
68.000000000000000,48.000000000000000,0.0000000000000000
69.000000000000000,48.000000000000000,0.0000000000000000
70.000000000000000,48.000000000000000,0.0000000000000000
71.000000000000000,48.000000000000000,0.0000000000000000
72.000000000000000,48.000000000000000,0.0000000000000000
73.000000000000000,48.000000000000000,0.0000000000000000
74.000000000000000,48.000000000000000,0.0000000000000000
75.000000000000000,48.000000000000000,0.0000000000000000
76.000000000000000,48.000000000000000,0.0000000000000000
77.000000000000000,48.000000000000000,0.0000000000000000
78.000000000000000,48.000000000000000,0.0000000000000000
79.000000000000000,48.000000000000000,0.0000000000000000
80.000000000000000,48.000000000000000,0.0000000000000000
81.000000000000000,48.000000000000000,0.0000000000000000
82.000000000000000,48.000000000000000,0.0000000000000000
83.000000000000000,48.000000000000000,0.0000000000000000
84.000000000000000,48.000000000000000,0.0000000000000000
85.000000000000000,48.000000000000000,0.0000000000000000
86.000000000000000,48.000000000000000,0.0000000000000000
87.000000000000000,48.000000000000000,0.0000000000000000
88.000000000000000,48.000000000000000,0.0000000000000000
89.000000000000000,48.000000000000000,0.0000000000000000
90.000000000000000,48.000000000000000,97.099998474121094
91.000000000000000,48.000000000000000,0.0000000000000000
92.000000000000000,48.000000000000000,0.0000000000000000
93.000000000000000,48.000000000000000,0.0000000000000000
94.000000000000000,48.000000000000000,0.0000000000000000
95.000000000000000,48.000000000000000,0.0000000000000000
96.000000000000000,48.000000000000000,0.0000000000000000
97.000000000000000,48.000000000000000,0.0000000000000000
98.000000000000000,48.000000000000000,0.0000000000000000
99.000000000000000,48.000000000000000,0.0000000000000000
100.00000000000000,48.000000000000000,0.0000000000000000
101.00000000000000,48.000000000000000,0.0000000000000000
102.00000000000000,48.000000000000000,0.0000000000000000
103.00000000000000,48.000000000000000,0.0000000000000000
104.00000000000000,48.000000000000000,0.0000000000000000
105.00000000000000,48.000000000000000,0.0000000000000000
106.00000000000000,48.000000000000000,0.0000000000000000
107.00000000000000,48.000000000000000,0.0000000000000000
108.00000000000000,48.000000000000000,0.0000000000000000
109.00000000000000,48.000000000000000,0.0000000000000000
110.00000000000000,48.000000000000000,0.0000000000000000
111.00000000000000,48.000000000000000,0.0000000000000000
112.00000000000000,48.000000000000000,0.0000000000000000
113.00000000000000,48.000000000000000,0.0000000000000000
1.0000000000000000,49.000000000000000,0.0000000000000000
2.0000000000000000,49.000000000000000,0.0000000000000000
3.0000000000000000,49.000000000000000,0.0000000000000000
4.0000000000000000,49.000000000000000,0.0000000000000000
5.0000000000000000,49.000000000000000,0.0000000000000000
6.0000000000000000,49.000000000000000,0.0000000000000000
7.0000000000000000,49.000000000000000,0.0000000000000000
8.0000000000000000,49.000000000000000,0.0000000000000000
9.0000000000000000,49.000000000000000,0.0000000000000000
10.000000000000000,49.000000000000000,0.0000000000000000
11.000000000000000,49.000000000000000,0.0000000000000000
12.000000000000000,49.000000000000000,0.0000000000000000
13.000000000000000,49.000000000000000,0.0000000000000000
14.000000000000000,49.000000000000000,0.0000000000000000
15.000000000000000,49.000000000000000,0.0000000000000000
16.000000000000000,49.000000000000000,0.0000000000000000
17.000000000000000,49.000000000000000,0.0000000000000000
18.000000000000000,49.000000000000000,0.0000000000000000
19.000000000000000,49.000000000000000,0.0000000000000000
20.000000000000000,49.000000000000000,0.0000000000000000
21.000000000000000,49.000000000000000,0.0000000000000000
22.000000000000000,49.000000000000000,0.0000000000000000
23.000000000000000,49.000000000000000,0.0000000000000000
24.000000000000000,49.000000000000000,0.0000000000000000
25.000000000000000,49.000000000000000,0.0000000000000000
26.000000000000000,49.000000000000000,0.0000000000000000
27.000000000000000,49.000000000000000,0.0000000000000000
28.000000000000000,49.000000000000000,0.0000000000000000
29.000000000000000,49.000000000000000,0.0000000000000000
30.000000000000000,49.000000000000000,0.0000000000000000
31.000000000000000,49.000000000000000,0.0000000000000000
32.000000000000000,49.000000000000000,0.0000000000000000
33.000000000000000,49.000000000000000,0.0000000000000000
34.000000000000000,49.000000000000000,0.0000000000000000
35.000000000000000,49.000000000000000,0.0000000000000000
36.000000000000000,49.000000000000000,0.0000000000000000
37.000000000000000,49.000000000000000,0.0000000000000000
38.000000000000000,49.000000000000000,0.0000000000000000
39.000000000000000,49.000000000000000,0.0000000000000000
40.000000000000000,49.000000000000000,0.0000000000000000
41.000000000000000,49.000000000000000,0.0000000000000000
42.000000000000000,49.000000000000000,0.0000000000000000
43.000000000000000,49.000000000000000,0.0000000000000000
44.000000000000000,49.000000000000000,0.0000000000000000
45.000000000000000,49.000000000000000,0.0000000000000000
46.000000000000000,49.000000000000000,0.0000000000000000
47.000000000000000,49.000000000000000,0.0000000000000000
48.000000000000000,49.000000000000000,0.0000000000000000
49.000000000000000,49.000000000000000,0.0000000000000000
50.000000000000000,49.000000000000000,0.0000000000000000
51.000000000000000,49.000000000000000,0.0000000000000000
52.000000000000000,49.000000000000000,0.0000000000000000
53.000000000000000,49.000000000000000,0.0000000000000000
54.000000000000000,49.000000000000000,0.0000000000000000
55.000000000000000,49.000000000000000,0.0000000000000000
56.000000000000000,49.000000000000000,0.0000000000000000
57.000000000000000,49.000000000000000,0.0000000000000000
58.000000000000000,49.000000000000000,0.0000000000000000
59.000000000000000,49.000000000000000,0.0000000000000000
60.000000000000000,49.000000000000000,0.0000000000000000
61.000000000000000,49.000000000000000,0.0000000000000000
62.000000000000000,49.000000000000000,0.0000000000000000
63.000000000000000,49.000000000000000,0.0000000000000000
64.000000000000000,49.000000000000000,0.0000000000000000
65.000000000000000,49.000000000000000,0.0000000000000000
66.000000000000000,49.000000000000000,0.0000000000000000
67.000000000000000,49.000000000000000,0.0000000000000000
68.000000000000000,49.000000000000000,0.0000000000000000
69.000000000000000,49.000000000000000,0.0000000000000000
70.000000000000000,49.000000000000000,0.0000000000000000
71.000000000000000,49.000000000000000,0.0000000000000000
72.000000000000000,49.000000000000000,0.0000000000000000
73.000000000000000,49.000000000000000,0.0000000000000000
74.000000000000000,49.000000000000000,0.0000000000000000
75.000000000000000,49.000000000000000,0.0000000000000000
76.000000000000000,49.000000000000000,0.0000000000000000
77.000000000000000,49.000000000000000,0.0000000000000000
78.000000000000000,49.000000000000000,0.0000000000000000
79.000000000000000,49.000000000000000,0.0000000000000000
80.000000000000000,49.000000000000000,0.0000000000000000
81.000000000000000,49.000000000000000,0.0000000000000000
82.000000000000000,49.000000000000000,0.0000000000000000
83.000000000000000,49.000000000000000,0.0000000000000000
84.000000000000000,49.000000000000000,0.0000000000000000
85.000000000000000,49.000000000000000,0.0000000000000000
86.000000000000000,49.000000000000000,0.0000000000000000
87.000000000000000,49.000000000000000,0.0000000000000000
88.000000000000000,49.000000000000000,0.0000000000000000
89.000000000000000,49.000000000000000,0.0000000000000000
90.000000000000000,49.000000000000000,97.099998474121094
91.000000000000000,49.000000000000000,97.099998474121094
92.000000000000000,49.000000000000000,0.0000000000000000
93.000000000000000,49.000000000000000,0.0000000000000000
94.000000000000000,49.000000000000000,0.0000000000000000
95.000000000000000,49.000000000000000,0.0000000000000000
96.000000000000000,49.000000000000000,0.0000000000000000
97.000000000000000,49.000000000000000,0.0000000000000000
98.000000000000000,49.000000000000000,0.0000000000000000
99.000000000000000,49.000000000000000,0.0000000000000000
100.00000000000000,49.000000000000000,0.0000000000000000
101.00000000000000,49.000000000000000,0.0000000000000000
102.00000000000000,49.000000000000000,0.0000000000000000
103.00000000000000,49.000000000000000,0.0000000000000000
104.00000000000000,49.000000000000000,0.0000000000000000
105.00000000000000,49.000000000000000,0.0000000000000000
106.00000000000000,49.000000000000000,0.0000000000000000
107.00000000000000,49.000000000000000,0.0000000000000000
108.00000000000000,49.000000000000000,0.0000000000000000
109.00000000000000,49.000000000000000,0.0000000000000000
110.00000000000000,49.000000000000000,0.0000000000000000
111.00000000000000,49.000000000000000,0.0000000000000000
112.00000000000000,49.000000000000000,0.0000000000000000
113.00000000000000,49.000000000000000,0.0000000000000000
1.0000000000000000,50.000000000000000,0.0000000000000000
2.0000000000000000,50.000000000000000,0.0000000000000000
3.0000000000000000,50.000000000000000,0.0000000000000000
4.0000000000000000,50.000000000000000,0.0000000000000000
5.0000000000000000,50.000000000000000,0.0000000000000000
6.0000000000000000,50.000000000000000,0.0000000000000000
7.0000000000000000,50.000000000000000,0.0000000000000000
8.0000000000000000,50.000000000000000,0.0000000000000000
9.0000000000000000,50.000000000000000,0.0000000000000000
10.000000000000000,50.000000000000000,0.0000000000000000
11.000000000000000,50.000000000000000,0.0000000000000000
12.000000000000000,50.000000000000000,0.0000000000000000
13.000000000000000,50.000000000000000,0.0000000000000000
14.000000000000000,50.000000000000000,0.0000000000000000
15.000000000000000,50.000000000000000,0.0000000000000000
16.000000000000000,50.000000000000000,0.0000000000000000
17.000000000000000,50.000000000000000,0.0000000000000000
18.000000000000000,50.000000000000000,0.0000000000000000
19.000000000000000,50.000000000000000,0.0000000000000000
20.000000000000000,50.000000000000000,0.0000000000000000
21.000000000000000,50.000000000000000,0.0000000000000000
22.000000000000000,50.000000000000000,0.0000000000000000
23.000000000000000,50.000000000000000,0.0000000000000000
24.000000000000000,50.000000000000000,0.0000000000000000
25.000000000000000,50.000000000000000,0.0000000000000000
26.000000000000000,50.000000000000000,0.0000000000000000
27.000000000000000,50.000000000000000,0.0000000000000000
28.000000000000000,50.000000000000000,0.0000000000000000
29.000000000000000,50.000000000000000,0.0000000000000000
30.000000000000000,50.000000000000000,0.0000000000000000
31.000000000000000,50.000000000000000,0.0000000000000000
32.000000000000000,50.000000000000000,0.0000000000000000
33.000000000000000,50.000000000000000,0.0000000000000000
34.000000000000000,50.000000000000000,0.0000000000000000
35.000000000000000,50.000000000000000,0.0000000000000000
36.000000000000000,50.000000000000000,0.0000000000000000
37.000000000000000,50.000000000000000,0.0000000000000000
38.000000000000000,50.000000000000000,0.0000000000000000
39.000000000000000,50.000000000000000,0.0000000000000000
40.000000000000000,50.000000000000000,0.0000000000000000
41.000000000000000,50.000000000000000,0.0000000000000000
42.000000000000000,50.000000000000000,0.0000000000000000
43.000000000000000,50.000000000000000,0.0000000000000000
44.000000000000000,50.000000000000000,0.0000000000000000
45.000000000000000,50.000000000000000,0.0000000000000000
46.000000000000000,50.000000000000000,0.0000000000000000
47.000000000000000,50.000000000000000,0.0000000000000000
48.000000000000000,50.000000000000000,0.0000000000000000
49.000000000000000,50.000000000000000,0.0000000000000000
50.000000000000000,50.000000000000000,0.0000000000000000
51.000000000000000,50.000000000000000,0.0000000000000000
52.000000000000000,50.000000000000000,0.0000000000000000
53.000000000000000,50.000000000000000,0.0000000000000000
54.000000000000000,50.000000000000000,0.0000000000000000
55.000000000000000,50.000000000000000,0.0000000000000000
56.000000000000000,50.000000000000000,0.0000000000000000
57.000000000000000,50.000000000000000,0.0000000000000000
58.000000000000000,50.000000000000000,0.0000000000000000
59.000000000000000,50.000000000000000,0.0000000000000000
60.000000000000000,50.000000000000000,0.0000000000000000
61.000000000000000,50.000000000000000,0.0000000000000000
62.000000000000000,50.000000000000000,0.0000000000000000
63.000000000000000,50.000000000000000,0.0000000000000000
64.000000000000000,50.000000000000000,0.0000000000000000
65.000000000000000,50.000000000000000,0.0000000000000000
66.000000000000000,50.000000000000000,0.0000000000000000
67.000000000000000,50.000000000000000,0.0000000000000000
68.000000000000000,50.000000000000000,0.0000000000000000
69.000000000000000,50.000000000000000,0.0000000000000000
70.000000000000000,50.000000000000000,0.0000000000000000
71.000000000000000,50.000000000000000,0.0000000000000000
72.000000000000000,50.000000000000000,0.0000000000000000
73.000000000000000,50.000000000000000,0.0000000000000000
74.000000000000000,50.000000000000000,0.0000000000000000
75.000000000000000,50.000000000000000,0.0000000000000000
76.000000000000000,50.000000000000000,0.0000000000000000
77.000000000000000,50.000000000000000,0.0000000000000000
78.000000000000000,50.000000000000000,0.0000000000000000
79.000000000000000,50.000000000000000,0.0000000000000000
80.000000000000000,50.000000000000000,0.0000000000000000
81.000000000000000,50.000000000000000,0.0000000000000000
82.000000000000000,50.000000000000000,0.0000000000000000
83.000000000000000,50.000000000000000,0.0000000000000000
84.000000000000000,50.000000000000000,0.0000000000000000
85.000000000000000,50.000000000000000,0.0000000000000000
86.000000000000000,50.000000000000000,0.0000000000000000
87.000000000000000,50.000000000000000,0.0000000000000000
88.000000000000000,50.000000000000000,0.0000000000000000
89.000000000000000,50.000000000000000,0.0000000000000000
90.000000000000000,50.000000000000000,0.0000000000000000
91.000000000000000,50.000000000000000,0.0000000000000000
92.000000000000000,50.000000000000000,0.0000000000000000
93.000000000000000,50.000000000000000,0.0000000000000000
94.000000000000000,50.000000000000000,0.0000000000000000
95.000000000000000,50.000000000000000,0.0000000000000000
96.000000000000000,50.000000000000000,0.0000000000000000
97.000000000000000,50.000000000000000,0.0000000000000000
98.000000000000000,50.000000000000000,0.0000000000000000
99.000000000000000,50.000000000000000,0.0000000000000000
100.00000000000000,50.000000000000000,0.0000000000000000
101.00000000000000,50.000000000000000,0.0000000000000000
102.00000000000000,50.000000000000000,0.0000000000000000
103.00000000000000,50.000000000000000,0.0000000000000000
104.00000000000000,50.000000000000000,0.0000000000000000
105.00000000000000,50.000000000000000,0.0000000000000000
106.00000000000000,50.000000000000000,0.0000000000000000
107.00000000000000,50.000000000000000,0.0000000000000000
108.00000000000000,50.000000000000000,0.0000000000000000
109.00000000000000,50.000000000000000,0.0000000000000000
110.00000000000000,50.000000000000000,0.0000000000000000
111.00000000000000,50.000000000000000,0.0000000000000000
112.00000000000000,50.000000000000000,0.0000000000000000
113.00000000000000,50.000000000000000,0.0000000000000000
1.0000000000000000,51.000000000000000,0.0000000000000000
2.0000000000000000,51.000000000000000,0.0000000000000000
3.0000000000000000,51.000000000000000,0.0000000000000000
4.0000000000000000,51.000000000000000,0.0000000000000000
5.0000000000000000,51.000000000000000,0.0000000000000000
6.0000000000000000,51.000000000000000,0.0000000000000000
7.0000000000000000,51.000000000000000,0.0000000000000000
8.0000000000000000,51.000000000000000,0.0000000000000000
9.0000000000000000,51.000000000000000,0.0000000000000000
10.000000000000000,51.000000000000000,0.0000000000000000
11.000000000000000,51.000000000000000,0.0000000000000000
12.000000000000000,51.000000000000000,0.0000000000000000
13.000000000000000,51.000000000000000,0.0000000000000000
14.000000000000000,51.000000000000000,0.0000000000000000
15.000000000000000,51.000000000000000,0.0000000000000000
16.000000000000000,51.000000000000000,0.0000000000000000
17.000000000000000,51.000000000000000,0.0000000000000000
18.000000000000000,51.000000000000000,0.0000000000000000
19.000000000000000,51.000000000000000,0.0000000000000000
20.000000000000000,51.000000000000000,0.0000000000000000
21.000000000000000,51.000000000000000,0.0000000000000000
22.000000000000000,51.000000000000000,0.0000000000000000
23.000000000000000,51.000000000000000,0.0000000000000000
24.000000000000000,51.000000000000000,0.0000000000000000
25.000000000000000,51.000000000000000,0.0000000000000000
26.000000000000000,51.000000000000000,0.0000000000000000
27.000000000000000,51.000000000000000,0.0000000000000000
28.000000000000000,51.000000000000000,0.0000000000000000
29.000000000000000,51.000000000000000,0.0000000000000000
30.000000000000000,51.000000000000000,0.0000000000000000
31.000000000000000,51.000000000000000,0.0000000000000000
32.000000000000000,51.000000000000000,0.0000000000000000
33.000000000000000,51.000000000000000,0.0000000000000000
34.000000000000000,51.000000000000000,0.0000000000000000
35.000000000000000,51.000000000000000,0.0000000000000000
36.000000000000000,51.000000000000000,0.0000000000000000
37.000000000000000,51.000000000000000,0.0000000000000000
38.000000000000000,51.000000000000000,0.0000000000000000
39.000000000000000,51.000000000000000,0.0000000000000000
40.000000000000000,51.000000000000000,0.0000000000000000
41.000000000000000,51.000000000000000,0.0000000000000000
42.000000000000000,51.000000000000000,0.0000000000000000
43.000000000000000,51.000000000000000,0.0000000000000000
44.000000000000000,51.000000000000000,0.0000000000000000
45.000000000000000,51.000000000000000,0.0000000000000000
46.000000000000000,51.000000000000000,0.0000000000000000
47.000000000000000,51.000000000000000,0.0000000000000000
48.000000000000000,51.000000000000000,0.0000000000000000
49.000000000000000,51.000000000000000,0.0000000000000000
50.000000000000000,51.000000000000000,0.0000000000000000
51.000000000000000,51.000000000000000,0.0000000000000000
52.000000000000000,51.000000000000000,0.0000000000000000
53.000000000000000,51.000000000000000,0.0000000000000000
54.000000000000000,51.000000000000000,0.0000000000000000
55.000000000000000,51.000000000000000,0.0000000000000000
56.000000000000000,51.000000000000000,0.0000000000000000
57.000000000000000,51.000000000000000,0.0000000000000000
58.000000000000000,51.000000000000000,0.0000000000000000
59.000000000000000,51.000000000000000,0.0000000000000000
60.000000000000000,51.000000000000000,0.0000000000000000
61.000000000000000,51.000000000000000,0.0000000000000000
62.000000000000000,51.000000000000000,0.0000000000000000
63.000000000000000,51.000000000000000,0.0000000000000000
64.000000000000000,51.000000000000000,0.0000000000000000
65.000000000000000,51.000000000000000,0.0000000000000000
66.000000000000000,51.000000000000000,0.0000000000000000
67.000000000000000,51.000000000000000,0.0000000000000000
68.000000000000000,51.000000000000000,0.0000000000000000
69.000000000000000,51.000000000000000,0.0000000000000000
70.000000000000000,51.000000000000000,0.0000000000000000
71.000000000000000,51.000000000000000,0.0000000000000000
72.000000000000000,51.000000000000000,0.0000000000000000
73.000000000000000,51.000000000000000,0.0000000000000000
74.000000000000000,51.000000000000000,0.0000000000000000
75.000000000000000,51.000000000000000,0.0000000000000000
76.000000000000000,51.000000000000000,0.0000000000000000
77.000000000000000,51.000000000000000,0.0000000000000000
78.000000000000000,51.000000000000000,0.0000000000000000
79.000000000000000,51.000000000000000,0.0000000000000000
80.000000000000000,51.000000000000000,0.0000000000000000
81.000000000000000,51.000000000000000,0.0000000000000000
82.000000000000000,51.000000000000000,0.0000000000000000
83.000000000000000,51.000000000000000,0.0000000000000000
84.000000000000000,51.000000000000000,0.0000000000000000
85.000000000000000,51.000000000000000,0.0000000000000000
86.000000000000000,51.000000000000000,0.0000000000000000
87.000000000000000,51.000000000000000,0.0000000000000000
88.000000000000000,51.000000000000000,0.0000000000000000
89.000000000000000,51.000000000000000,0.0000000000000000
90.000000000000000,51.000000000000000,0.0000000000000000
91.000000000000000,51.000000000000000,0.0000000000000000
92.000000000000000,51.000000000000000,0.0000000000000000
93.000000000000000,51.000000000000000,0.0000000000000000
94.000000000000000,51.000000000000000,0.0000000000000000
95.000000000000000,51.000000000000000,0.0000000000000000
96.000000000000000,51.000000000000000,0.0000000000000000
97.000000000000000,51.000000000000000,0.0000000000000000
98.000000000000000,51.000000000000000,0.0000000000000000
99.000000000000000,51.000000000000000,0.0000000000000000
100.00000000000000,51.000000000000000,0.0000000000000000
101.00000000000000,51.000000000000000,0.0000000000000000
102.00000000000000,51.000000000000000,0.0000000000000000
103.00000000000000,51.000000000000000,0.0000000000000000
104.00000000000000,51.000000000000000,0.0000000000000000
105.00000000000000,51.000000000000000,0.0000000000000000
106.00000000000000,51.000000000000000,0.0000000000000000
107.00000000000000,51.000000000000000,0.0000000000000000
108.00000000000000,51.000000000000000,0.0000000000000000
109.00000000000000,51.000000000000000,0.0000000000000000
110.00000000000000,51.000000000000000,0.0000000000000000
111.00000000000000,51.000000000000000,0.0000000000000000
112.00000000000000,51.000000000000000,0.0000000000000000
113.00000000000000,51.000000000000000,0.0000000000000000
1.0000000000000000,52.000000000000000,0.0000000000000000
2.0000000000000000,52.000000000000000,0.0000000000000000
3.0000000000000000,52.000000000000000,0.0000000000000000
4.0000000000000000,52.000000000000000,0.0000000000000000
5.0000000000000000,52.000000000000000,0.0000000000000000
6.0000000000000000,52.000000000000000,0.0000000000000000
7.0000000000000000,52.000000000000000,0.0000000000000000
8.0000000000000000,52.000000000000000,0.0000000000000000
9.0000000000000000,52.000000000000000,0.0000000000000000
10.000000000000000,52.000000000000000,0.0000000000000000
11.000000000000000,52.000000000000000,0.0000000000000000
12.000000000000000,52.000000000000000,0.0000000000000000
13.000000000000000,52.000000000000000,0.0000000000000000
14.000000000000000,52.000000000000000,0.0000000000000000
15.000000000000000,52.000000000000000,0.0000000000000000
16.000000000000000,52.000000000000000,0.0000000000000000
17.000000000000000,52.000000000000000,0.0000000000000000
18.000000000000000,52.000000000000000,0.0000000000000000
19.000000000000000,52.000000000000000,0.0000000000000000
20.000000000000000,52.000000000000000,0.0000000000000000
21.000000000000000,52.000000000000000,0.0000000000000000
22.000000000000000,52.000000000000000,0.0000000000000000
23.000000000000000,52.000000000000000,0.0000000000000000
24.000000000000000,52.000000000000000,0.0000000000000000
25.000000000000000,52.000000000000000,0.0000000000000000
26.000000000000000,52.000000000000000,0.0000000000000000
27.000000000000000,52.000000000000000,0.0000000000000000
28.000000000000000,52.000000000000000,0.0000000000000000
29.000000000000000,52.000000000000000,0.0000000000000000
30.000000000000000,52.000000000000000,0.0000000000000000
31.000000000000000,52.000000000000000,0.0000000000000000
32.000000000000000,52.000000000000000,0.0000000000000000
33.000000000000000,52.000000000000000,0.0000000000000000
34.000000000000000,52.000000000000000,0.0000000000000000
35.000000000000000,52.000000000000000,0.0000000000000000
36.000000000000000,52.000000000000000,0.0000000000000000
37.000000000000000,52.000000000000000,0.0000000000000000
38.000000000000000,52.000000000000000,0.0000000000000000
39.000000000000000,52.000000000000000,0.0000000000000000
40.000000000000000,52.000000000000000,0.0000000000000000
41.000000000000000,52.000000000000000,0.0000000000000000
42.000000000000000,52.000000000000000,0.0000000000000000
43.000000000000000,52.000000000000000,0.0000000000000000
44.000000000000000,52.000000000000000,0.0000000000000000
45.000000000000000,52.000000000000000,0.0000000000000000
46.000000000000000,52.000000000000000,0.0000000000000000
47.000000000000000,52.000000000000000,0.0000000000000000
48.000000000000000,52.000000000000000,0.0000000000000000
49.000000000000000,52.000000000000000,0.0000000000000000
50.000000000000000,52.000000000000000,0.0000000000000000
51.000000000000000,52.000000000000000,0.0000000000000000
52.000000000000000,52.000000000000000,0.0000000000000000
53.000000000000000,52.000000000000000,0.0000000000000000
54.000000000000000,52.000000000000000,0.0000000000000000
55.000000000000000,52.000000000000000,0.0000000000000000
56.000000000000000,52.000000000000000,0.0000000000000000
57.000000000000000,52.000000000000000,0.0000000000000000
58.000000000000000,52.000000000000000,0.0000000000000000
59.000000000000000,52.000000000000000,0.0000000000000000
60.000000000000000,52.000000000000000,0.0000000000000000
61.000000000000000,52.000000000000000,0.0000000000000000
62.000000000000000,52.000000000000000,0.0000000000000000
63.000000000000000,52.000000000000000,0.0000000000000000
64.000000000000000,52.000000000000000,0.0000000000000000
65.000000000000000,52.000000000000000,0.0000000000000000
66.000000000000000,52.000000000000000,0.0000000000000000
67.000000000000000,52.000000000000000,0.0000000000000000
68.000000000000000,52.000000000000000,0.0000000000000000
69.000000000000000,52.000000000000000,0.0000000000000000
70.000000000000000,52.000000000000000,0.0000000000000000
71.000000000000000,52.000000000000000,0.0000000000000000
72.000000000000000,52.000000000000000,0.0000000000000000
73.000000000000000,52.000000000000000,0.0000000000000000
74.000000000000000,52.000000000000000,0.0000000000000000
75.000000000000000,52.000000000000000,0.0000000000000000
76.000000000000000,52.000000000000000,0.0000000000000000
77.000000000000000,52.000000000000000,0.0000000000000000
78.000000000000000,52.000000000000000,0.0000000000000000
79.000000000000000,52.000000000000000,0.0000000000000000
80.000000000000000,52.000000000000000,0.0000000000000000
81.000000000000000,52.000000000000000,0.0000000000000000
82.000000000000000,52.000000000000000,0.0000000000000000
83.000000000000000,52.000000000000000,0.0000000000000000
84.000000000000000,52.000000000000000,0.0000000000000000
85.000000000000000,52.000000000000000,0.0000000000000000
86.000000000000000,52.000000000000000,0.0000000000000000
87.000000000000000,52.000000000000000,0.0000000000000000
88.000000000000000,52.000000000000000,0.0000000000000000
89.000000000000000,52.000000000000000,0.0000000000000000
90.000000000000000,52.000000000000000,0.0000000000000000
91.000000000000000,52.000000000000000,0.0000000000000000
92.000000000000000,52.000000000000000,0.0000000000000000
93.000000000000000,52.000000000000000,97.000000000000000
94.000000000000000,52.000000000000000,0.0000000000000000
95.000000000000000,52.000000000000000,0.0000000000000000
96.000000000000000,52.000000000000000,0.0000000000000000
97.000000000000000,52.000000000000000,0.0000000000000000
98.000000000000000,52.000000000000000,0.0000000000000000
99.000000000000000,52.000000000000000,0.0000000000000000
100.00000000000000,52.000000000000000,0.0000000000000000
101.00000000000000,52.000000000000000,0.0000000000000000
102.00000000000000,52.000000000000000,0.0000000000000000
103.00000000000000,52.000000000000000,0.0000000000000000
104.00000000000000,52.000000000000000,0.0000000000000000
105.00000000000000,52.000000000000000,0.0000000000000000
106.00000000000000,52.000000000000000,0.0000000000000000
107.00000000000000,52.000000000000000,0.0000000000000000
108.00000000000000,52.000000000000000,0.0000000000000000
109.00000000000000,52.000000000000000,0.0000000000000000
110.00000000000000,52.000000000000000,0.0000000000000000
111.00000000000000,52.000000000000000,0.0000000000000000
112.00000000000000,52.000000000000000,0.0000000000000000
113.00000000000000,52.000000000000000,0.0000000000000000
1.0000000000000000,53.000000000000000,0.0000000000000000
2.0000000000000000,53.000000000000000,0.0000000000000000
3.0000000000000000,53.000000000000000,0.0000000000000000
4.0000000000000000,53.000000000000000,0.0000000000000000
5.0000000000000000,53.000000000000000,0.0000000000000000
6.0000000000000000,53.000000000000000,0.0000000000000000
7.0000000000000000,53.000000000000000,0.0000000000000000
8.0000000000000000,53.000000000000000,0.0000000000000000
9.0000000000000000,53.000000000000000,0.0000000000000000
10.000000000000000,53.000000000000000,0.0000000000000000
11.000000000000000,53.000000000000000,0.0000000000000000
12.000000000000000,53.000000000000000,0.0000000000000000
13.000000000000000,53.000000000000000,0.0000000000000000
14.000000000000000,53.000000000000000,0.0000000000000000
15.000000000000000,53.000000000000000,0.0000000000000000
16.000000000000000,53.000000000000000,0.0000000000000000
17.000000000000000,53.000000000000000,0.0000000000000000
18.000000000000000,53.000000000000000,0.0000000000000000
19.000000000000000,53.000000000000000,0.0000000000000000
20.000000000000000,53.000000000000000,0.0000000000000000
21.000000000000000,53.000000000000000,0.0000000000000000
22.000000000000000,53.000000000000000,0.0000000000000000
23.000000000000000,53.000000000000000,0.0000000000000000
24.000000000000000,53.000000000000000,0.0000000000000000
25.000000000000000,53.000000000000000,0.0000000000000000
26.000000000000000,53.000000000000000,0.0000000000000000
27.000000000000000,53.000000000000000,0.0000000000000000
28.000000000000000,53.000000000000000,0.0000000000000000
29.000000000000000,53.000000000000000,0.0000000000000000
30.000000000000000,53.000000000000000,0.0000000000000000
31.000000000000000,53.000000000000000,0.0000000000000000
32.000000000000000,53.000000000000000,0.0000000000000000
33.000000000000000,53.000000000000000,0.0000000000000000
34.000000000000000,53.000000000000000,0.0000000000000000
35.000000000000000,53.000000000000000,0.0000000000000000
36.000000000000000,53.000000000000000,0.0000000000000000
37.000000000000000,53.000000000000000,0.0000000000000000
38.000000000000000,53.000000000000000,0.0000000000000000
39.000000000000000,53.000000000000000,0.0000000000000000
40.000000000000000,53.000000000000000,0.0000000000000000
41.000000000000000,53.000000000000000,0.0000000000000000
42.000000000000000,53.000000000000000,0.0000000000000000
43.000000000000000,53.000000000000000,0.0000000000000000
44.000000000000000,53.000000000000000,0.0000000000000000
45.000000000000000,53.000000000000000,0.0000000000000000
46.000000000000000,53.000000000000000,0.0000000000000000
47.000000000000000,53.000000000000000,0.0000000000000000
48.000000000000000,53.000000000000000,0.0000000000000000
49.000000000000000,53.000000000000000,0.0000000000000000
50.000000000000000,53.000000000000000,0.0000000000000000
51.000000000000000,53.000000000000000,0.0000000000000000
52.000000000000000,53.000000000000000,0.0000000000000000
53.000000000000000,53.000000000000000,0.0000000000000000
54.000000000000000,53.000000000000000,0.0000000000000000
55.000000000000000,53.000000000000000,0.0000000000000000
56.000000000000000,53.000000000000000,0.0000000000000000
57.000000000000000,53.000000000000000,0.0000000000000000
58.000000000000000,53.000000000000000,0.0000000000000000
59.000000000000000,53.000000000000000,0.0000000000000000
60.000000000000000,53.000000000000000,0.0000000000000000
61.000000000000000,53.000000000000000,0.0000000000000000
62.000000000000000,53.000000000000000,0.0000000000000000
63.000000000000000,53.000000000000000,0.0000000000000000
64.000000000000000,53.000000000000000,0.0000000000000000
65.000000000000000,53.000000000000000,0.0000000000000000
66.000000000000000,53.000000000000000,0.0000000000000000
67.000000000000000,53.000000000000000,0.0000000000000000
68.000000000000000,53.000000000000000,0.0000000000000000
69.000000000000000,53.000000000000000,0.0000000000000000
70.000000000000000,53.000000000000000,0.0000000000000000
71.000000000000000,53.000000000000000,0.0000000000000000
72.000000000000000,53.000000000000000,0.0000000000000000
73.000000000000000,53.000000000000000,0.0000000000000000
74.000000000000000,53.000000000000000,0.0000000000000000
75.000000000000000,53.000000000000000,0.0000000000000000
76.000000000000000,53.000000000000000,0.0000000000000000
77.000000000000000,53.000000000000000,0.0000000000000000
78.000000000000000,53.000000000000000,0.0000000000000000
79.000000000000000,53.000000000000000,0.0000000000000000
80.000000000000000,53.000000000000000,0.0000000000000000
81.000000000000000,53.000000000000000,0.0000000000000000
82.000000000000000,53.000000000000000,0.0000000000000000
83.000000000000000,53.000000000000000,0.0000000000000000
84.000000000000000,53.000000000000000,0.0000000000000000
85.000000000000000,53.000000000000000,0.0000000000000000
86.000000000000000,53.000000000000000,0.0000000000000000
87.000000000000000,53.000000000000000,0.0000000000000000
88.000000000000000,53.000000000000000,0.0000000000000000
89.000000000000000,53.000000000000000,0.0000000000000000
90.000000000000000,53.000000000000000,0.0000000000000000
91.000000000000000,53.000000000000000,0.0000000000000000
92.000000000000000,53.000000000000000,0.0000000000000000
93.000000000000000,53.000000000000000,97.099998474121094
94.000000000000000,53.000000000000000,97.099998474121094
95.000000000000000,53.000000000000000,0.0000000000000000
96.000000000000000,53.000000000000000,0.0000000000000000
97.000000000000000,53.000000000000000,0.0000000000000000
98.000000000000000,53.000000000000000,0.0000000000000000
99.000000000000000,53.000000000000000,0.0000000000000000
100.00000000000000,53.000000000000000,0.0000000000000000
101.00000000000000,53.000000000000000,0.0000000000000000
102.00000000000000,53.000000000000000,0.0000000000000000
103.00000000000000,53.000000000000000,0.0000000000000000
104.00000000000000,53.000000000000000,0.0000000000000000
105.00000000000000,53.000000000000000,0.0000000000000000
106.00000000000000,53.000000000000000,0.0000000000000000
107.00000000000000,53.000000000000000,0.0000000000000000
108.00000000000000,53.000000000000000,0.0000000000000000
109.00000000000000,53.000000000000000,0.0000000000000000
110.00000000000000,53.000000000000000,0.0000000000000000
111.00000000000000,53.000000000000000,0.0000000000000000
112.00000000000000,53.000000000000000,0.0000000000000000
113.00000000000000,53.000000000000000,0.0000000000000000
1.0000000000000000,54.000000000000000,0.0000000000000000
2.0000000000000000,54.000000000000000,0.0000000000000000
3.0000000000000000,54.000000000000000,0.0000000000000000
4.0000000000000000,54.000000000000000,0.0000000000000000
5.0000000000000000,54.000000000000000,0.0000000000000000
6.0000000000000000,54.000000000000000,0.0000000000000000
7.0000000000000000,54.000000000000000,0.0000000000000000
8.0000000000000000,54.000000000000000,0.0000000000000000
9.0000000000000000,54.000000000000000,0.0000000000000000
10.000000000000000,54.000000000000000,0.0000000000000000
11.000000000000000,54.000000000000000,0.0000000000000000
12.000000000000000,54.000000000000000,0.0000000000000000
13.000000000000000,54.000000000000000,0.0000000000000000
14.000000000000000,54.000000000000000,0.0000000000000000
15.000000000000000,54.000000000000000,0.0000000000000000
16.000000000000000,54.000000000000000,0.0000000000000000
17.000000000000000,54.000000000000000,0.0000000000000000
18.000000000000000,54.000000000000000,0.0000000000000000
19.000000000000000,54.000000000000000,0.0000000000000000
20.000000000000000,54.000000000000000,0.0000000000000000
21.000000000000000,54.000000000000000,0.0000000000000000
22.000000000000000,54.000000000000000,0.0000000000000000
23.000000000000000,54.000000000000000,0.0000000000000000
24.000000000000000,54.000000000000000,0.0000000000000000
25.000000000000000,54.000000000000000,0.0000000000000000
26.000000000000000,54.000000000000000,0.0000000000000000
27.000000000000000,54.000000000000000,0.0000000000000000
28.000000000000000,54.000000000000000,0.0000000000000000
29.000000000000000,54.000000000000000,0.0000000000000000
30.000000000000000,54.000000000000000,0.0000000000000000
31.000000000000000,54.000000000000000,0.0000000000000000
32.000000000000000,54.000000000000000,0.0000000000000000
33.000000000000000,54.000000000000000,0.0000000000000000
34.000000000000000,54.000000000000000,0.0000000000000000
35.000000000000000,54.000000000000000,0.0000000000000000
36.000000000000000,54.000000000000000,0.0000000000000000
37.000000000000000,54.000000000000000,0.0000000000000000
38.000000000000000,54.000000000000000,0.0000000000000000
39.000000000000000,54.000000000000000,0.0000000000000000
40.000000000000000,54.000000000000000,0.0000000000000000
41.000000000000000,54.000000000000000,0.0000000000000000
42.000000000000000,54.000000000000000,0.0000000000000000
43.000000000000000,54.000000000000000,0.0000000000000000
44.000000000000000,54.000000000000000,0.0000000000000000
45.000000000000000,54.000000000000000,0.0000000000000000
46.000000000000000,54.000000000000000,0.0000000000000000
47.000000000000000,54.000000000000000,0.0000000000000000
48.000000000000000,54.000000000000000,0.0000000000000000
49.000000000000000,54.000000000000000,0.0000000000000000
50.000000000000000,54.000000000000000,0.0000000000000000
51.000000000000000,54.000000000000000,0.0000000000000000
52.000000000000000,54.000000000000000,0.0000000000000000
53.000000000000000,54.000000000000000,0.0000000000000000
54.000000000000000,54.000000000000000,0.0000000000000000
55.000000000000000,54.000000000000000,0.0000000000000000
56.000000000000000,54.000000000000000,0.0000000000000000
57.000000000000000,54.000000000000000,0.0000000000000000
58.000000000000000,54.000000000000000,0.0000000000000000
59.000000000000000,54.000000000000000,0.0000000000000000
60.000000000000000,54.000000000000000,0.0000000000000000
61.000000000000000,54.000000000000000,0.0000000000000000
62.000000000000000,54.000000000000000,0.0000000000000000
63.000000000000000,54.000000000000000,0.0000000000000000
64.000000000000000,54.000000000000000,0.0000000000000000
65.000000000000000,54.000000000000000,0.0000000000000000
66.000000000000000,54.000000000000000,0.0000000000000000
67.000000000000000,54.000000000000000,0.0000000000000000
68.000000000000000,54.000000000000000,0.0000000000000000
69.000000000000000,54.000000000000000,0.0000000000000000
70.000000000000000,54.000000000000000,0.0000000000000000
71.000000000000000,54.000000000000000,0.0000000000000000
72.000000000000000,54.000000000000000,0.0000000000000000
73.000000000000000,54.000000000000000,0.0000000000000000
74.000000000000000,54.000000000000000,0.0000000000000000
75.000000000000000,54.000000000000000,0.0000000000000000
76.000000000000000,54.000000000000000,0.0000000000000000
77.000000000000000,54.000000000000000,0.0000000000000000
78.000000000000000,54.000000000000000,0.0000000000000000
79.000000000000000,54.000000000000000,0.0000000000000000
80.000000000000000,54.000000000000000,0.0000000000000000
81.000000000000000,54.000000000000000,0.0000000000000000
82.000000000000000,54.000000000000000,0.0000000000000000
83.000000000000000,54.000000000000000,0.0000000000000000
84.000000000000000,54.000000000000000,0.0000000000000000
85.000000000000000,54.000000000000000,0.0000000000000000
86.000000000000000,54.000000000000000,0.0000000000000000
87.000000000000000,54.000000000000000,0.0000000000000000
88.000000000000000,54.000000000000000,0.0000000000000000
89.000000000000000,54.000000000000000,0.0000000000000000
90.000000000000000,54.000000000000000,0.0000000000000000
91.000000000000000,54.000000000000000,0.0000000000000000
92.000000000000000,54.000000000000000,0.0000000000000000
93.000000000000000,54.000000000000000,97.099998474121094
94.000000000000000,54.000000000000000,0.0000000000000000
95.000000000000000,54.000000000000000,0.0000000000000000
96.000000000000000,54.000000000000000,0.0000000000000000
97.000000000000000,54.000000000000000,0.0000000000000000
98.000000000000000,54.000000000000000,0.0000000000000000
99.000000000000000,54.000000000000000,0.0000000000000000
100.00000000000000,54.000000000000000,0.0000000000000000
101.00000000000000,54.000000000000000,0.0000000000000000
102.00000000000000,54.000000000000000,0.0000000000000000
103.00000000000000,54.000000000000000,0.0000000000000000
104.00000000000000,54.000000000000000,0.0000000000000000
105.00000000000000,54.000000000000000,0.0000000000000000
106.00000000000000,54.000000000000000,0.0000000000000000
107.00000000000000,54.000000000000000,0.0000000000000000
108.00000000000000,54.000000000000000,0.0000000000000000
109.00000000000000,54.000000000000000,0.0000000000000000
110.00000000000000,54.000000000000000,0.0000000000000000
111.00000000000000,54.000000000000000,0.0000000000000000
112.00000000000000,54.000000000000000,0.0000000000000000
113.00000000000000,54.000000000000000,0.0000000000000000
1.0000000000000000,55.000000000000000,0.0000000000000000
2.0000000000000000,55.000000000000000,0.0000000000000000
3.0000000000000000,55.000000000000000,0.0000000000000000
4.0000000000000000,55.000000000000000,0.0000000000000000
5.0000000000000000,55.000000000000000,0.0000000000000000
6.0000000000000000,55.000000000000000,0.0000000000000000
7.0000000000000000,55.000000000000000,0.0000000000000000
8.0000000000000000,55.000000000000000,0.0000000000000000
9.0000000000000000,55.000000000000000,0.0000000000000000
10.000000000000000,55.000000000000000,0.0000000000000000
11.000000000000000,55.000000000000000,0.0000000000000000
12.000000000000000,55.000000000000000,0.0000000000000000
13.000000000000000,55.000000000000000,0.0000000000000000
14.000000000000000,55.000000000000000,0.0000000000000000
15.000000000000000,55.000000000000000,0.0000000000000000
16.000000000000000,55.000000000000000,0.0000000000000000
17.000000000000000,55.000000000000000,0.0000000000000000
18.000000000000000,55.000000000000000,0.0000000000000000
19.000000000000000,55.000000000000000,0.0000000000000000
20.000000000000000,55.000000000000000,0.0000000000000000
21.000000000000000,55.000000000000000,0.0000000000000000
22.000000000000000,55.000000000000000,0.0000000000000000
23.000000000000000,55.000000000000000,0.0000000000000000
24.000000000000000,55.000000000000000,0.0000000000000000
25.000000000000000,55.000000000000000,0.0000000000000000
26.000000000000000,55.000000000000000,0.0000000000000000
27.000000000000000,55.000000000000000,0.0000000000000000
28.000000000000000,55.000000000000000,0.0000000000000000
29.000000000000000,55.000000000000000,0.0000000000000000
30.000000000000000,55.000000000000000,0.0000000000000000
31.000000000000000,55.000000000000000,0.0000000000000000
32.000000000000000,55.000000000000000,0.0000000000000000
33.000000000000000,55.000000000000000,0.0000000000000000
34.000000000000000,55.000000000000000,0.0000000000000000
35.000000000000000,55.000000000000000,0.0000000000000000
36.000000000000000,55.000000000000000,0.0000000000000000
37.000000000000000,55.000000000000000,0.0000000000000000
38.000000000000000,55.000000000000000,0.0000000000000000
39.000000000000000,55.000000000000000,0.0000000000000000
40.000000000000000,55.000000000000000,0.0000000000000000
41.000000000000000,55.000000000000000,0.0000000000000000
42.000000000000000,55.000000000000000,0.0000000000000000
43.000000000000000,55.000000000000000,0.0000000000000000
44.000000000000000,55.000000000000000,0.0000000000000000
45.000000000000000,55.000000000000000,0.0000000000000000
46.000000000000000,55.000000000000000,0.0000000000000000
47.000000000000000,55.000000000000000,0.0000000000000000
48.000000000000000,55.000000000000000,0.0000000000000000
49.000000000000000,55.000000000000000,0.0000000000000000
50.000000000000000,55.000000000000000,0.0000000000000000
51.000000000000000,55.000000000000000,0.0000000000000000
52.000000000000000,55.000000000000000,0.0000000000000000
53.000000000000000,55.000000000000000,0.0000000000000000
54.000000000000000,55.000000000000000,0.0000000000000000
55.000000000000000,55.000000000000000,0.0000000000000000
56.000000000000000,55.000000000000000,0.0000000000000000
57.000000000000000,55.000000000000000,0.0000000000000000
58.000000000000000,55.000000000000000,0.0000000000000000
59.000000000000000,55.000000000000000,0.0000000000000000
60.000000000000000,55.000000000000000,0.0000000000000000
61.000000000000000,55.000000000000000,0.0000000000000000
62.000000000000000,55.000000000000000,0.0000000000000000
63.000000000000000,55.000000000000000,0.0000000000000000
64.000000000000000,55.000000000000000,0.0000000000000000
65.000000000000000,55.000000000000000,0.0000000000000000
66.000000000000000,55.000000000000000,0.0000000000000000
67.000000000000000,55.000000000000000,0.0000000000000000
68.000000000000000,55.000000000000000,0.0000000000000000
69.000000000000000,55.000000000000000,0.0000000000000000
70.000000000000000,55.000000000000000,0.0000000000000000
71.000000000000000,55.000000000000000,0.0000000000000000
72.000000000000000,55.000000000000000,0.0000000000000000
73.000000000000000,55.000000000000000,0.0000000000000000
74.000000000000000,55.000000000000000,0.0000000000000000
75.000000000000000,55.000000000000000,0.0000000000000000
76.000000000000000,55.000000000000000,0.0000000000000000
77.000000000000000,55.000000000000000,0.0000000000000000
78.000000000000000,55.000000000000000,0.0000000000000000
79.000000000000000,55.000000000000000,0.0000000000000000
80.000000000000000,55.000000000000000,0.0000000000000000
81.000000000000000,55.000000000000000,0.0000000000000000
82.000000000000000,55.000000000000000,0.0000000000000000
83.000000000000000,55.000000000000000,0.0000000000000000
84.000000000000000,55.000000000000000,0.0000000000000000
85.000000000000000,55.000000000000000,0.0000000000000000
86.000000000000000,55.000000000000000,0.0000000000000000
87.000000000000000,55.000000000000000,0.0000000000000000
88.000000000000000,55.000000000000000,0.0000000000000000
89.000000000000000,55.000000000000000,0.0000000000000000
90.000000000000000,55.000000000000000,0.0000000000000000
91.000000000000000,55.000000000000000,0.0000000000000000
92.000000000000000,55.000000000000000,0.0000000000000000
93.000000000000000,55.000000000000000,97.099998474121094
94.000000000000000,55.000000000000000,0.0000000000000000
95.000000000000000,55.000000000000000,0.0000000000000000
96.000000000000000,55.000000000000000,0.0000000000000000
97.000000000000000,55.000000000000000,0.0000000000000000
98.000000000000000,55.000000000000000,0.0000000000000000
99.000000000000000,55.000000000000000,0.0000000000000000
100.00000000000000,55.000000000000000,0.0000000000000000
101.00000000000000,55.000000000000000,0.0000000000000000
102.00000000000000,55.000000000000000,0.0000000000000000
103.00000000000000,55.000000000000000,0.0000000000000000
104.00000000000000,55.000000000000000,0.0000000000000000
105.00000000000000,55.000000000000000,0.0000000000000000
106.00000000000000,55.000000000000000,0.0000000000000000
107.00000000000000,55.000000000000000,0.0000000000000000
108.00000000000000,55.000000000000000,0.0000000000000000
109.00000000000000,55.000000000000000,0.0000000000000000
110.00000000000000,55.000000000000000,0.0000000000000000
111.00000000000000,55.000000000000000,0.0000000000000000
112.00000000000000,55.000000000000000,0.0000000000000000
113.00000000000000,55.000000000000000,0.0000000000000000
1.0000000000000000,56.000000000000000,0.0000000000000000
2.0000000000000000,56.000000000000000,0.0000000000000000
3.0000000000000000,56.000000000000000,0.0000000000000000
4.0000000000000000,56.000000000000000,0.0000000000000000
5.0000000000000000,56.000000000000000,0.0000000000000000
6.0000000000000000,56.000000000000000,0.0000000000000000
7.0000000000000000,56.000000000000000,0.0000000000000000
8.0000000000000000,56.000000000000000,0.0000000000000000
9.0000000000000000,56.000000000000000,0.0000000000000000
10.000000000000000,56.000000000000000,0.0000000000000000
11.000000000000000,56.000000000000000,0.0000000000000000
12.000000000000000,56.000000000000000,0.0000000000000000
13.000000000000000,56.000000000000000,0.0000000000000000
14.000000000000000,56.000000000000000,0.0000000000000000
15.000000000000000,56.000000000000000,0.0000000000000000
16.000000000000000,56.000000000000000,0.0000000000000000
17.000000000000000,56.000000000000000,0.0000000000000000
18.000000000000000,56.000000000000000,0.0000000000000000
19.000000000000000,56.000000000000000,0.0000000000000000
20.000000000000000,56.000000000000000,0.0000000000000000
21.000000000000000,56.000000000000000,0.0000000000000000
22.000000000000000,56.000000000000000,0.0000000000000000
23.000000000000000,56.000000000000000,0.0000000000000000
24.000000000000000,56.000000000000000,0.0000000000000000
25.000000000000000,56.000000000000000,0.0000000000000000
26.000000000000000,56.000000000000000,0.0000000000000000
27.000000000000000,56.000000000000000,0.0000000000000000
28.000000000000000,56.000000000000000,0.0000000000000000
29.000000000000000,56.000000000000000,0.0000000000000000
30.000000000000000,56.000000000000000,0.0000000000000000
31.000000000000000,56.000000000000000,0.0000000000000000
32.000000000000000,56.000000000000000,0.0000000000000000
33.000000000000000,56.000000000000000,0.0000000000000000
34.000000000000000,56.000000000000000,0.0000000000000000
35.000000000000000,56.000000000000000,0.0000000000000000
36.000000000000000,56.000000000000000,0.0000000000000000
37.000000000000000,56.000000000000000,0.0000000000000000
38.000000000000000,56.000000000000000,0.0000000000000000
39.000000000000000,56.000000000000000,0.0000000000000000
40.000000000000000,56.000000000000000,0.0000000000000000
41.000000000000000,56.000000000000000,0.0000000000000000
42.000000000000000,56.000000000000000,0.0000000000000000
43.000000000000000,56.000000000000000,0.0000000000000000
44.000000000000000,56.000000000000000,0.0000000000000000
45.000000000000000,56.000000000000000,0.0000000000000000
46.000000000000000,56.000000000000000,0.0000000000000000
47.000000000000000,56.000000000000000,0.0000000000000000
48.000000000000000,56.000000000000000,0.0000000000000000
49.000000000000000,56.000000000000000,0.0000000000000000
50.000000000000000,56.000000000000000,0.0000000000000000
51.000000000000000,56.000000000000000,0.0000000000000000
52.000000000000000,56.000000000000000,0.0000000000000000
53.000000000000000,56.000000000000000,0.0000000000000000
54.000000000000000,56.000000000000000,0.0000000000000000
55.000000000000000,56.000000000000000,0.0000000000000000
56.000000000000000,56.000000000000000,0.0000000000000000
57.000000000000000,56.000000000000000,0.0000000000000000
58.000000000000000,56.000000000000000,0.0000000000000000
59.000000000000000,56.000000000000000,0.0000000000000000
60.000000000000000,56.000000000000000,0.0000000000000000
61.000000000000000,56.000000000000000,0.0000000000000000
62.000000000000000,56.000000000000000,0.0000000000000000
63.000000000000000,56.000000000000000,0.0000000000000000
64.000000000000000,56.000000000000000,0.0000000000000000
65.000000000000000,56.000000000000000,0.0000000000000000
66.000000000000000,56.000000000000000,0.0000000000000000
67.000000000000000,56.000000000000000,0.0000000000000000
68.000000000000000,56.000000000000000,0.0000000000000000
69.000000000000000,56.000000000000000,0.0000000000000000
70.000000000000000,56.000000000000000,0.0000000000000000
71.000000000000000,56.000000000000000,0.0000000000000000
72.000000000000000,56.000000000000000,0.0000000000000000
73.000000000000000,56.000000000000000,0.0000000000000000
74.000000000000000,56.000000000000000,0.0000000000000000
75.000000000000000,56.000000000000000,0.0000000000000000
76.000000000000000,56.000000000000000,0.0000000000000000
77.000000000000000,56.000000000000000,0.0000000000000000
78.000000000000000,56.000000000000000,0.0000000000000000
79.000000000000000,56.000000000000000,0.0000000000000000
80.000000000000000,56.000000000000000,0.0000000000000000
81.000000000000000,56.000000000000000,0.0000000000000000
82.000000000000000,56.000000000000000,0.0000000000000000
83.000000000000000,56.000000000000000,0.0000000000000000
84.000000000000000,56.000000000000000,0.0000000000000000
85.000000000000000,56.000000000000000,0.0000000000000000
86.000000000000000,56.000000000000000,0.0000000000000000
87.000000000000000,56.000000000000000,0.0000000000000000
88.000000000000000,56.000000000000000,0.0000000000000000
89.000000000000000,56.000000000000000,0.0000000000000000
90.000000000000000,56.000000000000000,0.0000000000000000
91.000000000000000,56.000000000000000,0.0000000000000000
92.000000000000000,56.000000000000000,0.0000000000000000
93.000000000000000,56.000000000000000,97.099998474121094
94.000000000000000,56.000000000000000,0.0000000000000000
95.000000000000000,56.000000000000000,0.0000000000000000
96.000000000000000,56.000000000000000,0.0000000000000000
97.000000000000000,56.000000000000000,0.0000000000000000
98.000000000000000,56.000000000000000,0.0000000000000000
99.000000000000000,56.000000000000000,0.0000000000000000
100.00000000000000,56.000000000000000,0.0000000000000000
101.00000000000000,56.000000000000000,0.0000000000000000
102.00000000000000,56.000000000000000,0.0000000000000000
103.00000000000000,56.000000000000000,0.0000000000000000
104.00000000000000,56.000000000000000,0.0000000000000000
105.00000000000000,56.000000000000000,0.0000000000000000
106.00000000000000,56.000000000000000,0.0000000000000000
107.00000000000000,56.000000000000000,0.0000000000000000
108.00000000000000,56.000000000000000,0.0000000000000000
109.00000000000000,56.000000000000000,0.0000000000000000
110.00000000000000,56.000000000000000,0.0000000000000000
111.00000000000000,56.000000000000000,0.0000000000000000
112.00000000000000,56.000000000000000,0.0000000000000000
113.00000000000000,56.000000000000000,0.0000000000000000
1.0000000000000000,57.000000000000000,0.0000000000000000
2.0000000000000000,57.000000000000000,0.0000000000000000
3.0000000000000000,57.000000000000000,0.0000000000000000
4.0000000000000000,57.000000000000000,0.0000000000000000
5.0000000000000000,57.000000000000000,0.0000000000000000
6.0000000000000000,57.000000000000000,0.0000000000000000
7.0000000000000000,57.000000000000000,0.0000000000000000
8.0000000000000000,57.000000000000000,0.0000000000000000
9.0000000000000000,57.000000000000000,0.0000000000000000
10.000000000000000,57.000000000000000,0.0000000000000000
11.000000000000000,57.000000000000000,0.0000000000000000
12.000000000000000,57.000000000000000,0.0000000000000000
13.000000000000000,57.000000000000000,0.0000000000000000
14.000000000000000,57.000000000000000,0.0000000000000000
15.000000000000000,57.000000000000000,0.0000000000000000
16.000000000000000,57.000000000000000,0.0000000000000000
17.000000000000000,57.000000000000000,0.0000000000000000
18.000000000000000,57.000000000000000,0.0000000000000000
19.000000000000000,57.000000000000000,0.0000000000000000
20.000000000000000,57.000000000000000,0.0000000000000000
21.000000000000000,57.000000000000000,0.0000000000000000
22.000000000000000,57.000000000000000,0.0000000000000000
23.000000000000000,57.000000000000000,0.0000000000000000
24.000000000000000,57.000000000000000,0.0000000000000000
25.000000000000000,57.000000000000000,0.0000000000000000
26.000000000000000,57.000000000000000,0.0000000000000000
27.000000000000000,57.000000000000000,0.0000000000000000
28.000000000000000,57.000000000000000,0.0000000000000000
29.000000000000000,57.000000000000000,0.0000000000000000
30.000000000000000,57.000000000000000,0.0000000000000000
31.000000000000000,57.000000000000000,0.0000000000000000
32.000000000000000,57.000000000000000,0.0000000000000000
33.000000000000000,57.000000000000000,0.0000000000000000
34.000000000000000,57.000000000000000,0.0000000000000000
35.000000000000000,57.000000000000000,0.0000000000000000
36.000000000000000,57.000000000000000,0.0000000000000000
37.000000000000000,57.000000000000000,0.0000000000000000
38.000000000000000,57.000000000000000,0.0000000000000000
39.000000000000000,57.000000000000000,0.0000000000000000
40.000000000000000,57.000000000000000,0.0000000000000000
41.000000000000000,57.000000000000000,0.0000000000000000
42.000000000000000,57.000000000000000,0.0000000000000000
43.000000000000000,57.000000000000000,0.0000000000000000
44.000000000000000,57.000000000000000,0.0000000000000000
45.000000000000000,57.000000000000000,0.0000000000000000
46.000000000000000,57.000000000000000,0.0000000000000000
47.000000000000000,57.000000000000000,0.0000000000000000
48.000000000000000,57.000000000000000,0.0000000000000000
49.000000000000000,57.000000000000000,0.0000000000000000
50.000000000000000,57.000000000000000,0.0000000000000000
51.000000000000000,57.000000000000000,0.0000000000000000
52.000000000000000,57.000000000000000,0.0000000000000000
53.000000000000000,57.000000000000000,0.0000000000000000
54.000000000000000,57.000000000000000,0.0000000000000000
55.000000000000000,57.000000000000000,0.0000000000000000
56.000000000000000,57.000000000000000,0.0000000000000000
57.000000000000000,57.000000000000000,0.0000000000000000
58.000000000000000,57.000000000000000,0.0000000000000000
59.000000000000000,57.000000000000000,0.0000000000000000
60.000000000000000,57.000000000000000,0.0000000000000000
61.000000000000000,57.000000000000000,0.0000000000000000
62.000000000000000,57.000000000000000,0.0000000000000000
63.000000000000000,57.000000000000000,0.0000000000000000
64.000000000000000,57.000000000000000,0.0000000000000000
65.000000000000000,57.000000000000000,0.0000000000000000
66.000000000000000,57.000000000000000,0.0000000000000000
67.000000000000000,57.000000000000000,0.0000000000000000
68.000000000000000,57.000000000000000,0.0000000000000000
69.000000000000000,57.000000000000000,0.0000000000000000
70.000000000000000,57.000000000000000,0.0000000000000000
71.000000000000000,57.000000000000000,0.0000000000000000
72.000000000000000,57.000000000000000,0.0000000000000000
73.000000000000000,57.000000000000000,0.0000000000000000
74.000000000000000,57.000000000000000,0.0000000000000000
75.000000000000000,57.000000000000000,0.0000000000000000
76.000000000000000,57.000000000000000,0.0000000000000000
77.000000000000000,57.000000000000000,0.0000000000000000
78.000000000000000,57.000000000000000,0.0000000000000000
79.000000000000000,57.000000000000000,0.0000000000000000
80.000000000000000,57.000000000000000,0.0000000000000000
81.000000000000000,57.000000000000000,0.0000000000000000
82.000000000000000,57.000000000000000,0.0000000000000000
83.000000000000000,57.000000000000000,0.0000000000000000
84.000000000000000,57.000000000000000,0.0000000000000000
85.000000000000000,57.000000000000000,0.0000000000000000
86.000000000000000,57.000000000000000,0.0000000000000000
87.000000000000000,57.000000000000000,0.0000000000000000
88.000000000000000,57.000000000000000,0.0000000000000000
89.000000000000000,57.000000000000000,0.0000000000000000
90.000000000000000,57.000000000000000,0.0000000000000000
91.000000000000000,57.000000000000000,0.0000000000000000
92.000000000000000,57.000000000000000,0.0000000000000000
93.000000000000000,57.000000000000000,97.099998474121094
94.000000000000000,57.000000000000000,0.0000000000000000
95.000000000000000,57.000000000000000,0.0000000000000000
96.000000000000000,57.000000000000000,0.0000000000000000
97.000000000000000,57.000000000000000,0.0000000000000000
98.000000000000000,57.000000000000000,0.0000000000000000
99.000000000000000,57.000000000000000,0.0000000000000000
100.00000000000000,57.000000000000000,0.0000000000000000
101.00000000000000,57.000000000000000,0.0000000000000000
102.00000000000000,57.000000000000000,0.0000000000000000
103.00000000000000,57.000000000000000,0.0000000000000000
104.00000000000000,57.000000000000000,0.0000000000000000
105.00000000000000,57.000000000000000,0.0000000000000000
106.00000000000000,57.000000000000000,0.0000000000000000
107.00000000000000,57.000000000000000,0.0000000000000000
108.00000000000000,57.000000000000000,0.0000000000000000
109.00000000000000,57.000000000000000,0.0000000000000000
110.00000000000000,57.000000000000000,0.0000000000000000
111.00000000000000,57.000000000000000,0.0000000000000000
112.00000000000000,57.000000000000000,0.0000000000000000
113.00000000000000,57.000000000000000,0.0000000000000000
1.0000000000000000,58.000000000000000,0.0000000000000000
2.0000000000000000,58.000000000000000,0.0000000000000000
3.0000000000000000,58.000000000000000,0.0000000000000000
4.0000000000000000,58.000000000000000,0.0000000000000000
5.0000000000000000,58.000000000000000,0.0000000000000000
6.0000000000000000,58.000000000000000,0.0000000000000000
7.0000000000000000,58.000000000000000,0.0000000000000000
8.0000000000000000,58.000000000000000,0.0000000000000000
9.0000000000000000,58.000000000000000,0.0000000000000000
10.000000000000000,58.000000000000000,0.0000000000000000
11.000000000000000,58.000000000000000,0.0000000000000000
12.000000000000000,58.000000000000000,0.0000000000000000
13.000000000000000,58.000000000000000,0.0000000000000000
14.000000000000000,58.000000000000000,0.0000000000000000
15.000000000000000,58.000000000000000,0.0000000000000000
16.000000000000000,58.000000000000000,0.0000000000000000
17.000000000000000,58.000000000000000,0.0000000000000000
18.000000000000000,58.000000000000000,0.0000000000000000
19.000000000000000,58.000000000000000,0.0000000000000000
20.000000000000000,58.000000000000000,0.0000000000000000
21.000000000000000,58.000000000000000,0.0000000000000000
22.000000000000000,58.000000000000000,0.0000000000000000
23.000000000000000,58.000000000000000,0.0000000000000000
24.000000000000000,58.000000000000000,0.0000000000000000
25.000000000000000,58.000000000000000,0.0000000000000000
26.000000000000000,58.000000000000000,0.0000000000000000
27.000000000000000,58.000000000000000,0.0000000000000000
28.000000000000000,58.000000000000000,0.0000000000000000
29.000000000000000,58.000000000000000,0.0000000000000000
30.000000000000000,58.000000000000000,0.0000000000000000
31.000000000000000,58.000000000000000,0.0000000000000000
32.000000000000000,58.000000000000000,0.0000000000000000
33.000000000000000,58.000000000000000,0.0000000000000000
34.000000000000000,58.000000000000000,0.0000000000000000
35.000000000000000,58.000000000000000,0.0000000000000000
36.000000000000000,58.000000000000000,0.0000000000000000
37.000000000000000,58.000000000000000,0.0000000000000000
38.000000000000000,58.000000000000000,0.0000000000000000
39.000000000000000,58.000000000000000,0.0000000000000000
40.000000000000000,58.000000000000000,0.0000000000000000
41.000000000000000,58.000000000000000,0.0000000000000000
42.000000000000000,58.000000000000000,0.0000000000000000
43.000000000000000,58.000000000000000,0.0000000000000000
44.000000000000000,58.000000000000000,0.0000000000000000
45.000000000000000,58.000000000000000,0.0000000000000000
46.000000000000000,58.000000000000000,0.0000000000000000
47.000000000000000,58.000000000000000,0.0000000000000000
48.000000000000000,58.000000000000000,0.0000000000000000
49.000000000000000,58.000000000000000,0.0000000000000000
50.000000000000000,58.000000000000000,0.0000000000000000
51.000000000000000,58.000000000000000,0.0000000000000000
52.000000000000000,58.000000000000000,0.0000000000000000
53.000000000000000,58.000000000000000,0.0000000000000000
54.000000000000000,58.000000000000000,0.0000000000000000
55.000000000000000,58.000000000000000,0.0000000000000000
56.000000000000000,58.000000000000000,0.0000000000000000
57.000000000000000,58.000000000000000,0.0000000000000000
58.000000000000000,58.000000000000000,0.0000000000000000
59.000000000000000,58.000000000000000,0.0000000000000000
60.000000000000000,58.000000000000000,0.0000000000000000
61.000000000000000,58.000000000000000,0.0000000000000000
62.000000000000000,58.000000000000000,0.0000000000000000
63.000000000000000,58.000000000000000,0.0000000000000000
64.000000000000000,58.000000000000000,0.0000000000000000
65.000000000000000,58.000000000000000,0.0000000000000000
66.000000000000000,58.000000000000000,0.0000000000000000
67.000000000000000,58.000000000000000,0.0000000000000000
68.000000000000000,58.000000000000000,0.0000000000000000
69.000000000000000,58.000000000000000,0.0000000000000000
70.000000000000000,58.000000000000000,0.0000000000000000
71.000000000000000,58.000000000000000,0.0000000000000000
72.000000000000000,58.000000000000000,0.0000000000000000
73.000000000000000,58.000000000000000,0.0000000000000000
74.000000000000000,58.000000000000000,0.0000000000000000
75.000000000000000,58.000000000000000,0.0000000000000000
76.000000000000000,58.000000000000000,0.0000000000000000
77.000000000000000,58.000000000000000,0.0000000000000000
78.000000000000000,58.000000000000000,0.0000000000000000
79.000000000000000,58.000000000000000,0.0000000000000000
80.000000000000000,58.000000000000000,0.0000000000000000
81.000000000000000,58.000000000000000,0.0000000000000000
82.000000000000000,58.000000000000000,0.0000000000000000
83.000000000000000,58.000000000000000,0.0000000000000000
84.000000000000000,58.000000000000000,0.0000000000000000
85.000000000000000,58.000000000000000,0.0000000000000000
86.000000000000000,58.000000000000000,0.0000000000000000
87.000000000000000,58.000000000000000,0.0000000000000000
88.000000000000000,58.000000000000000,0.0000000000000000
89.000000000000000,58.000000000000000,0.0000000000000000
90.000000000000000,58.000000000000000,0.0000000000000000
91.000000000000000,58.000000000000000,0.0000000000000000
92.000000000000000,58.000000000000000,0.0000000000000000
93.000000000000000,58.000000000000000,97.099998474121094
94.000000000000000,58.000000000000000,97.099998474121094
95.000000000000000,58.000000000000000,0.0000000000000000
96.000000000000000,58.000000000000000,0.0000000000000000
97.000000000000000,58.000000000000000,0.0000000000000000
98.000000000000000,58.000000000000000,0.0000000000000000
99.000000000000000,58.000000000000000,0.0000000000000000
100.00000000000000,58.000000000000000,0.0000000000000000
101.00000000000000,58.000000000000000,0.0000000000000000
102.00000000000000,58.000000000000000,0.0000000000000000
103.00000000000000,58.000000000000000,0.0000000000000000
104.00000000000000,58.000000000000000,0.0000000000000000
105.00000000000000,58.000000000000000,0.0000000000000000
106.00000000000000,58.000000000000000,0.0000000000000000
107.00000000000000,58.000000000000000,0.0000000000000000
108.00000000000000,58.000000000000000,0.0000000000000000
109.00000000000000,58.000000000000000,0.0000000000000000
110.00000000000000,58.000000000000000,0.0000000000000000
111.00000000000000,58.000000000000000,0.0000000000000000
112.00000000000000,58.000000000000000,0.0000000000000000
113.00000000000000,58.000000000000000,0.0000000000000000
1.0000000000000000,59.000000000000000,0.0000000000000000
2.0000000000000000,59.000000000000000,0.0000000000000000
3.0000000000000000,59.000000000000000,0.0000000000000000
4.0000000000000000,59.000000000000000,0.0000000000000000
5.0000000000000000,59.000000000000000,0.0000000000000000
6.0000000000000000,59.000000000000000,0.0000000000000000
7.0000000000000000,59.000000000000000,0.0000000000000000
8.0000000000000000,59.000000000000000,0.0000000000000000
9.0000000000000000,59.000000000000000,0.0000000000000000
10.000000000000000,59.000000000000000,0.0000000000000000
11.000000000000000,59.000000000000000,0.0000000000000000
12.000000000000000,59.000000000000000,0.0000000000000000
13.000000000000000,59.000000000000000,0.0000000000000000
14.000000000000000,59.000000000000000,0.0000000000000000
15.000000000000000,59.000000000000000,0.0000000000000000
16.000000000000000,59.000000000000000,0.0000000000000000
17.000000000000000,59.000000000000000,0.0000000000000000
18.000000000000000,59.000000000000000,0.0000000000000000
19.000000000000000,59.000000000000000,0.0000000000000000
20.000000000000000,59.000000000000000,0.0000000000000000
21.000000000000000,59.000000000000000,0.0000000000000000
22.000000000000000,59.000000000000000,0.0000000000000000
23.000000000000000,59.000000000000000,0.0000000000000000
24.000000000000000,59.000000000000000,0.0000000000000000
25.000000000000000,59.000000000000000,0.0000000000000000
26.000000000000000,59.000000000000000,0.0000000000000000
27.000000000000000,59.000000000000000,0.0000000000000000
28.000000000000000,59.000000000000000,0.0000000000000000
29.000000000000000,59.000000000000000,0.0000000000000000
30.000000000000000,59.000000000000000,0.0000000000000000
31.000000000000000,59.000000000000000,0.0000000000000000
32.000000000000000,59.000000000000000,0.0000000000000000
33.000000000000000,59.000000000000000,0.0000000000000000
34.000000000000000,59.000000000000000,0.0000000000000000
35.000000000000000,59.000000000000000,0.0000000000000000
36.000000000000000,59.000000000000000,0.0000000000000000
37.000000000000000,59.000000000000000,0.0000000000000000
38.000000000000000,59.000000000000000,0.0000000000000000
39.000000000000000,59.000000000000000,0.0000000000000000
40.000000000000000,59.000000000000000,0.0000000000000000
41.000000000000000,59.000000000000000,0.0000000000000000
42.000000000000000,59.000000000000000,0.0000000000000000
43.000000000000000,59.000000000000000,0.0000000000000000
44.000000000000000,59.000000000000000,0.0000000000000000
45.000000000000000,59.000000000000000,0.0000000000000000
46.000000000000000,59.000000000000000,0.0000000000000000
47.000000000000000,59.000000000000000,0.0000000000000000
48.000000000000000,59.000000000000000,0.0000000000000000
49.000000000000000,59.000000000000000,0.0000000000000000
50.000000000000000,59.000000000000000,0.0000000000000000
51.000000000000000,59.000000000000000,0.0000000000000000
52.000000000000000,59.000000000000000,0.0000000000000000
53.000000000000000,59.000000000000000,0.0000000000000000
54.000000000000000,59.000000000000000,0.0000000000000000
55.000000000000000,59.000000000000000,0.0000000000000000
56.000000000000000,59.000000000000000,0.0000000000000000
57.000000000000000,59.000000000000000,0.0000000000000000
58.000000000000000,59.000000000000000,0.0000000000000000
59.000000000000000,59.000000000000000,0.0000000000000000
60.000000000000000,59.000000000000000,0.0000000000000000
61.000000000000000,59.000000000000000,0.0000000000000000
62.000000000000000,59.000000000000000,0.0000000000000000
63.000000000000000,59.000000000000000,0.0000000000000000
64.000000000000000,59.000000000000000,0.0000000000000000
65.000000000000000,59.000000000000000,0.0000000000000000
66.000000000000000,59.000000000000000,0.0000000000000000
67.000000000000000,59.000000000000000,0.0000000000000000
68.000000000000000,59.000000000000000,0.0000000000000000
69.000000000000000,59.000000000000000,0.0000000000000000
70.000000000000000,59.000000000000000,0.0000000000000000
71.000000000000000,59.000000000000000,0.0000000000000000
72.000000000000000,59.000000000000000,0.0000000000000000
73.000000000000000,59.000000000000000,0.0000000000000000
74.000000000000000,59.000000000000000,0.0000000000000000
75.000000000000000,59.000000000000000,0.0000000000000000
76.000000000000000,59.000000000000000,0.0000000000000000
77.000000000000000,59.000000000000000,0.0000000000000000
78.000000000000000,59.000000000000000,0.0000000000000000
79.000000000000000,59.000000000000000,0.0000000000000000
80.000000000000000,59.000000000000000,0.0000000000000000
81.000000000000000,59.000000000000000,0.0000000000000000
82.000000000000000,59.000000000000000,0.0000000000000000
83.000000000000000,59.000000000000000,0.0000000000000000
84.000000000000000,59.000000000000000,0.0000000000000000
85.000000000000000,59.000000000000000,0.0000000000000000
86.000000000000000,59.000000000000000,0.0000000000000000
87.000000000000000,59.000000000000000,0.0000000000000000
88.000000000000000,59.000000000000000,0.0000000000000000
89.000000000000000,59.000000000000000,0.0000000000000000
90.000000000000000,59.000000000000000,0.0000000000000000
91.000000000000000,59.000000000000000,0.0000000000000000
92.000000000000000,59.000000000000000,0.0000000000000000
93.000000000000000,59.000000000000000,97.099998474121094
94.000000000000000,59.000000000000000,97.099998474121094
95.000000000000000,59.000000000000000,0.0000000000000000
96.000000000000000,59.000000000000000,0.0000000000000000
97.000000000000000,59.000000000000000,0.0000000000000000
98.000000000000000,59.000000000000000,0.0000000000000000
99.000000000000000,59.000000000000000,0.0000000000000000
100.00000000000000,59.000000000000000,0.0000000000000000
101.00000000000000,59.000000000000000,0.0000000000000000
102.00000000000000,59.000000000000000,0.0000000000000000
103.00000000000000,59.000000000000000,0.0000000000000000
104.00000000000000,59.000000000000000,0.0000000000000000
105.00000000000000,59.000000000000000,0.0000000000000000
106.00000000000000,59.000000000000000,0.0000000000000000
107.00000000000000,59.000000000000000,0.0000000000000000
108.00000000000000,59.000000000000000,0.0000000000000000
109.00000000000000,59.000000000000000,0.0000000000000000
110.00000000000000,59.000000000000000,0.0000000000000000
111.00000000000000,59.000000000000000,0.0000000000000000
112.00000000000000,59.000000000000000,0.0000000000000000
113.00000000000000,59.000000000000000,0.0000000000000000
1.0000000000000000,60.000000000000000,0.0000000000000000
2.0000000000000000,60.000000000000000,0.0000000000000000
3.0000000000000000,60.000000000000000,0.0000000000000000
4.0000000000000000,60.000000000000000,0.0000000000000000
5.0000000000000000,60.000000000000000,0.0000000000000000
6.0000000000000000,60.000000000000000,0.0000000000000000
7.0000000000000000,60.000000000000000,0.0000000000000000
8.0000000000000000,60.000000000000000,0.0000000000000000
9.0000000000000000,60.000000000000000,0.0000000000000000
10.000000000000000,60.000000000000000,0.0000000000000000
11.000000000000000,60.000000000000000,0.0000000000000000
12.000000000000000,60.000000000000000,0.0000000000000000
13.000000000000000,60.000000000000000,0.0000000000000000
14.000000000000000,60.000000000000000,0.0000000000000000
15.000000000000000,60.000000000000000,0.0000000000000000
16.000000000000000,60.000000000000000,0.0000000000000000
17.000000000000000,60.000000000000000,0.0000000000000000
18.000000000000000,60.000000000000000,0.0000000000000000
19.000000000000000,60.000000000000000,0.0000000000000000
20.000000000000000,60.000000000000000,0.0000000000000000
21.000000000000000,60.000000000000000,0.0000000000000000
22.000000000000000,60.000000000000000,0.0000000000000000
23.000000000000000,60.000000000000000,0.0000000000000000
24.000000000000000,60.000000000000000,0.0000000000000000
25.000000000000000,60.000000000000000,0.0000000000000000
26.000000000000000,60.000000000000000,0.0000000000000000
27.000000000000000,60.000000000000000,0.0000000000000000
28.000000000000000,60.000000000000000,0.0000000000000000
29.000000000000000,60.000000000000000,0.0000000000000000
30.000000000000000,60.000000000000000,0.0000000000000000
31.000000000000000,60.000000000000000,0.0000000000000000
32.000000000000000,60.000000000000000,0.0000000000000000
33.000000000000000,60.000000000000000,0.0000000000000000
34.000000000000000,60.000000000000000,0.0000000000000000
35.000000000000000,60.000000000000000,0.0000000000000000
36.000000000000000,60.000000000000000,0.0000000000000000
37.000000000000000,60.000000000000000,0.0000000000000000
38.000000000000000,60.000000000000000,0.0000000000000000
39.000000000000000,60.000000000000000,0.0000000000000000
40.000000000000000,60.000000000000000,0.0000000000000000
41.000000000000000,60.000000000000000,0.0000000000000000
42.000000000000000,60.000000000000000,0.0000000000000000
43.000000000000000,60.000000000000000,0.0000000000000000
44.000000000000000,60.000000000000000,0.0000000000000000
45.000000000000000,60.000000000000000,0.0000000000000000
46.000000000000000,60.000000000000000,0.0000000000000000
47.000000000000000,60.000000000000000,0.0000000000000000
48.000000000000000,60.000000000000000,0.0000000000000000
49.000000000000000,60.000000000000000,0.0000000000000000
50.000000000000000,60.000000000000000,0.0000000000000000
51.000000000000000,60.000000000000000,0.0000000000000000
52.000000000000000,60.000000000000000,0.0000000000000000
53.000000000000000,60.000000000000000,0.0000000000000000
54.000000000000000,60.000000000000000,0.0000000000000000
55.000000000000000,60.000000000000000,0.0000000000000000
56.000000000000000,60.000000000000000,0.0000000000000000
57.000000000000000,60.000000000000000,0.0000000000000000
58.000000000000000,60.000000000000000,0.0000000000000000
59.000000000000000,60.000000000000000,0.0000000000000000
60.000000000000000,60.000000000000000,0.0000000000000000
61.000000000000000,60.000000000000000,0.0000000000000000
62.000000000000000,60.000000000000000,0.0000000000000000
63.000000000000000,60.000000000000000,0.0000000000000000
64.000000000000000,60.000000000000000,0.0000000000000000
65.000000000000000,60.000000000000000,0.0000000000000000
66.000000000000000,60.000000000000000,0.0000000000000000
67.000000000000000,60.000000000000000,0.0000000000000000
68.000000000000000,60.000000000000000,0.0000000000000000
69.000000000000000,60.000000000000000,0.0000000000000000
70.000000000000000,60.000000000000000,0.0000000000000000
71.000000000000000,60.000000000000000,0.0000000000000000
72.000000000000000,60.000000000000000,0.0000000000000000
73.000000000000000,60.000000000000000,0.0000000000000000
74.000000000000000,60.000000000000000,0.0000000000000000
75.000000000000000,60.000000000000000,0.0000000000000000
76.000000000000000,60.000000000000000,0.0000000000000000
77.000000000000000,60.000000000000000,0.0000000000000000
78.000000000000000,60.000000000000000,0.0000000000000000
79.000000000000000,60.000000000000000,0.0000000000000000
80.000000000000000,60.000000000000000,0.0000000000000000
81.000000000000000,60.000000000000000,0.0000000000000000
82.000000000000000,60.000000000000000,0.0000000000000000
83.000000000000000,60.000000000000000,0.0000000000000000
84.000000000000000,60.000000000000000,0.0000000000000000
85.000000000000000,60.000000000000000,0.0000000000000000
86.000000000000000,60.000000000000000,0.0000000000000000
87.000000000000000,60.000000000000000,0.0000000000000000
88.000000000000000,60.000000000000000,0.0000000000000000
89.000000000000000,60.000000000000000,0.0000000000000000
90.000000000000000,60.000000000000000,0.0000000000000000
91.000000000000000,60.000000000000000,0.0000000000000000
92.000000000000000,60.000000000000000,0.0000000000000000
93.000000000000000,60.000000000000000,97.099998474121094
94.000000000000000,60.000000000000000,97.099998474121094
95.000000000000000,60.000000000000000,0.0000000000000000
96.000000000000000,60.000000000000000,0.0000000000000000
97.000000000000000,60.000000000000000,0.0000000000000000
98.000000000000000,60.000000000000000,0.0000000000000000
99.000000000000000,60.000000000000000,0.0000000000000000
100.00000000000000,60.000000000000000,0.0000000000000000
101.00000000000000,60.000000000000000,0.0000000000000000
102.00000000000000,60.000000000000000,0.0000000000000000
103.00000000000000,60.000000000000000,0.0000000000000000
104.00000000000000,60.000000000000000,0.0000000000000000
105.00000000000000,60.000000000000000,0.0000000000000000
106.00000000000000,60.000000000000000,0.0000000000000000
107.00000000000000,60.000000000000000,0.0000000000000000
108.00000000000000,60.000000000000000,0.0000000000000000
109.00000000000000,60.000000000000000,0.0000000000000000
110.00000000000000,60.000000000000000,0.0000000000000000
111.00000000000000,60.000000000000000,0.0000000000000000
112.00000000000000,60.000000000000000,0.0000000000000000
113.00000000000000,60.000000000000000,0.0000000000000000
1.0000000000000000,61.000000000000000,0.0000000000000000
2.0000000000000000,61.000000000000000,0.0000000000000000
3.0000000000000000,61.000000000000000,0.0000000000000000
4.0000000000000000,61.000000000000000,0.0000000000000000
5.0000000000000000,61.000000000000000,0.0000000000000000
6.0000000000000000,61.000000000000000,0.0000000000000000
7.0000000000000000,61.000000000000000,0.0000000000000000
8.0000000000000000,61.000000000000000,0.0000000000000000
9.0000000000000000,61.000000000000000,0.0000000000000000
10.000000000000000,61.000000000000000,0.0000000000000000
11.000000000000000,61.000000000000000,0.0000000000000000
12.000000000000000,61.000000000000000,0.0000000000000000
13.000000000000000,61.000000000000000,0.0000000000000000
14.000000000000000,61.000000000000000,0.0000000000000000
15.000000000000000,61.000000000000000,0.0000000000000000
16.000000000000000,61.000000000000000,0.0000000000000000
17.000000000000000,61.000000000000000,0.0000000000000000
18.000000000000000,61.000000000000000,0.0000000000000000
19.000000000000000,61.000000000000000,0.0000000000000000
20.000000000000000,61.000000000000000,0.0000000000000000
21.000000000000000,61.000000000000000,0.0000000000000000
22.000000000000000,61.000000000000000,0.0000000000000000
23.000000000000000,61.000000000000000,0.0000000000000000
24.000000000000000,61.000000000000000,0.0000000000000000
25.000000000000000,61.000000000000000,0.0000000000000000
26.000000000000000,61.000000000000000,0.0000000000000000
27.000000000000000,61.000000000000000,0.0000000000000000
28.000000000000000,61.000000000000000,0.0000000000000000
29.000000000000000,61.000000000000000,0.0000000000000000
30.000000000000000,61.000000000000000,0.0000000000000000
31.000000000000000,61.000000000000000,0.0000000000000000
32.000000000000000,61.000000000000000,0.0000000000000000
33.000000000000000,61.000000000000000,0.0000000000000000
34.000000000000000,61.000000000000000,0.0000000000000000
35.000000000000000,61.000000000000000,0.0000000000000000
36.000000000000000,61.000000000000000,0.0000000000000000
37.000000000000000,61.000000000000000,0.0000000000000000
38.000000000000000,61.000000000000000,0.0000000000000000
39.000000000000000,61.000000000000000,0.0000000000000000
40.000000000000000,61.000000000000000,0.0000000000000000
41.000000000000000,61.000000000000000,0.0000000000000000
42.000000000000000,61.000000000000000,0.0000000000000000
43.000000000000000,61.000000000000000,0.0000000000000000
44.000000000000000,61.000000000000000,0.0000000000000000
45.000000000000000,61.000000000000000,0.0000000000000000
46.000000000000000,61.000000000000000,0.0000000000000000
47.000000000000000,61.000000000000000,0.0000000000000000
48.000000000000000,61.000000000000000,0.0000000000000000
49.000000000000000,61.000000000000000,0.0000000000000000
50.000000000000000,61.000000000000000,0.0000000000000000
51.000000000000000,61.000000000000000,0.0000000000000000
52.000000000000000,61.000000000000000,0.0000000000000000
53.000000000000000,61.000000000000000,0.0000000000000000
54.000000000000000,61.000000000000000,0.0000000000000000
55.000000000000000,61.000000000000000,0.0000000000000000
56.000000000000000,61.000000000000000,0.0000000000000000
57.000000000000000,61.000000000000000,0.0000000000000000
58.000000000000000,61.000000000000000,0.0000000000000000
59.000000000000000,61.000000000000000,0.0000000000000000
60.000000000000000,61.000000000000000,0.0000000000000000
61.000000000000000,61.000000000000000,0.0000000000000000
62.000000000000000,61.000000000000000,0.0000000000000000
63.000000000000000,61.000000000000000,0.0000000000000000
64.000000000000000,61.000000000000000,0.0000000000000000
65.000000000000000,61.000000000000000,0.0000000000000000
66.000000000000000,61.000000000000000,0.0000000000000000
67.000000000000000,61.000000000000000,0.0000000000000000
68.000000000000000,61.000000000000000,0.0000000000000000
69.000000000000000,61.000000000000000,0.0000000000000000
70.000000000000000,61.000000000000000,0.0000000000000000
71.000000000000000,61.000000000000000,0.0000000000000000
72.000000000000000,61.000000000000000,0.0000000000000000
73.000000000000000,61.000000000000000,0.0000000000000000
74.000000000000000,61.000000000000000,0.0000000000000000
75.000000000000000,61.000000000000000,0.0000000000000000
76.000000000000000,61.000000000000000,0.0000000000000000
77.000000000000000,61.000000000000000,0.0000000000000000
78.000000000000000,61.000000000000000,0.0000000000000000
79.000000000000000,61.000000000000000,0.0000000000000000
80.000000000000000,61.000000000000000,0.0000000000000000
81.000000000000000,61.000000000000000,0.0000000000000000
82.000000000000000,61.000000000000000,0.0000000000000000
83.000000000000000,61.000000000000000,0.0000000000000000
84.000000000000000,61.000000000000000,0.0000000000000000
85.000000000000000,61.000000000000000,0.0000000000000000
86.000000000000000,61.000000000000000,0.0000000000000000
87.000000000000000,61.000000000000000,0.0000000000000000
88.000000000000000,61.000000000000000,0.0000000000000000
89.000000000000000,61.000000000000000,0.0000000000000000
90.000000000000000,61.000000000000000,0.0000000000000000
91.000000000000000,61.000000000000000,0.0000000000000000
92.000000000000000,61.000000000000000,0.0000000000000000
93.000000000000000,61.000000000000000,97.099998474121094
94.000000000000000,61.000000000000000,97.099998474121094
95.000000000000000,61.000000000000000,0.0000000000000000
96.000000000000000,61.000000000000000,0.0000000000000000
97.000000000000000,61.000000000000000,0.0000000000000000
98.000000000000000,61.000000000000000,0.0000000000000000
99.000000000000000,61.000000000000000,0.0000000000000000
100.00000000000000,61.000000000000000,0.0000000000000000
101.00000000000000,61.000000000000000,0.0000000000000000
102.00000000000000,61.000000000000000,0.0000000000000000
103.00000000000000,61.000000000000000,0.0000000000000000
104.00000000000000,61.000000000000000,0.0000000000000000
105.00000000000000,61.000000000000000,0.0000000000000000
106.00000000000000,61.000000000000000,0.0000000000000000
107.00000000000000,61.000000000000000,0.0000000000000000
108.00000000000000,61.000000000000000,0.0000000000000000
109.00000000000000,61.000000000000000,0.0000000000000000
110.00000000000000,61.000000000000000,0.0000000000000000
111.00000000000000,61.000000000000000,0.0000000000000000
112.00000000000000,61.000000000000000,0.0000000000000000
113.00000000000000,61.000000000000000,0.0000000000000000
1.0000000000000000,62.000000000000000,0.0000000000000000
2.0000000000000000,62.000000000000000,0.0000000000000000
3.0000000000000000,62.000000000000000,0.0000000000000000
4.0000000000000000,62.000000000000000,0.0000000000000000
5.0000000000000000,62.000000000000000,0.0000000000000000
6.0000000000000000,62.000000000000000,0.0000000000000000
7.0000000000000000,62.000000000000000,0.0000000000000000
8.0000000000000000,62.000000000000000,0.0000000000000000
9.0000000000000000,62.000000000000000,0.0000000000000000
10.000000000000000,62.000000000000000,0.0000000000000000
11.000000000000000,62.000000000000000,0.0000000000000000
12.000000000000000,62.000000000000000,0.0000000000000000
13.000000000000000,62.000000000000000,0.0000000000000000
14.000000000000000,62.000000000000000,0.0000000000000000
15.000000000000000,62.000000000000000,0.0000000000000000
16.000000000000000,62.000000000000000,0.0000000000000000
17.000000000000000,62.000000000000000,0.0000000000000000
18.000000000000000,62.000000000000000,0.0000000000000000
19.000000000000000,62.000000000000000,0.0000000000000000
20.000000000000000,62.000000000000000,0.0000000000000000
21.000000000000000,62.000000000000000,0.0000000000000000
22.000000000000000,62.000000000000000,0.0000000000000000
23.000000000000000,62.000000000000000,0.0000000000000000
24.000000000000000,62.000000000000000,0.0000000000000000
25.000000000000000,62.000000000000000,0.0000000000000000
26.000000000000000,62.000000000000000,0.0000000000000000
27.000000000000000,62.000000000000000,0.0000000000000000
28.000000000000000,62.000000000000000,0.0000000000000000
29.000000000000000,62.000000000000000,0.0000000000000000
30.000000000000000,62.000000000000000,0.0000000000000000
31.000000000000000,62.000000000000000,0.0000000000000000
32.000000000000000,62.000000000000000,0.0000000000000000
33.000000000000000,62.000000000000000,0.0000000000000000
34.000000000000000,62.000000000000000,0.0000000000000000
35.000000000000000,62.000000000000000,0.0000000000000000
36.000000000000000,62.000000000000000,0.0000000000000000
37.000000000000000,62.000000000000000,0.0000000000000000
38.000000000000000,62.000000000000000,0.0000000000000000
39.000000000000000,62.000000000000000,0.0000000000000000
40.000000000000000,62.000000000000000,0.0000000000000000
41.000000000000000,62.000000000000000,0.0000000000000000
42.000000000000000,62.000000000000000,0.0000000000000000
43.000000000000000,62.000000000000000,0.0000000000000000
44.000000000000000,62.000000000000000,0.0000000000000000
45.000000000000000,62.000000000000000,0.0000000000000000
46.000000000000000,62.000000000000000,0.0000000000000000
47.000000000000000,62.000000000000000,0.0000000000000000
48.000000000000000,62.000000000000000,0.0000000000000000
49.000000000000000,62.000000000000000,0.0000000000000000
50.000000000000000,62.000000000000000,0.0000000000000000
51.000000000000000,62.000000000000000,0.0000000000000000
52.000000000000000,62.000000000000000,0.0000000000000000
53.000000000000000,62.000000000000000,0.0000000000000000
54.000000000000000,62.000000000000000,0.0000000000000000
55.000000000000000,62.000000000000000,0.0000000000000000
56.000000000000000,62.000000000000000,0.0000000000000000
57.000000000000000,62.000000000000000,0.0000000000000000
58.000000000000000,62.000000000000000,0.0000000000000000
59.000000000000000,62.000000000000000,0.0000000000000000
60.000000000000000,62.000000000000000,0.0000000000000000
61.000000000000000,62.000000000000000,0.0000000000000000
62.000000000000000,62.000000000000000,0.0000000000000000
63.000000000000000,62.000000000000000,0.0000000000000000
64.000000000000000,62.000000000000000,0.0000000000000000
65.000000000000000,62.000000000000000,0.0000000000000000
66.000000000000000,62.000000000000000,0.0000000000000000
67.000000000000000,62.000000000000000,0.0000000000000000
68.000000000000000,62.000000000000000,0.0000000000000000
69.000000000000000,62.000000000000000,0.0000000000000000
70.000000000000000,62.000000000000000,0.0000000000000000
71.000000000000000,62.000000000000000,0.0000000000000000
72.000000000000000,62.000000000000000,0.0000000000000000
73.000000000000000,62.000000000000000,0.0000000000000000
74.000000000000000,62.000000000000000,0.0000000000000000
75.000000000000000,62.000000000000000,0.0000000000000000
76.000000000000000,62.000000000000000,0.0000000000000000
77.000000000000000,62.000000000000000,0.0000000000000000
78.000000000000000,62.000000000000000,0.0000000000000000
79.000000000000000,62.000000000000000,0.0000000000000000
80.000000000000000,62.000000000000000,0.0000000000000000
81.000000000000000,62.000000000000000,0.0000000000000000
82.000000000000000,62.000000000000000,0.0000000000000000
83.000000000000000,62.000000000000000,0.0000000000000000
84.000000000000000,62.000000000000000,0.0000000000000000
85.000000000000000,62.000000000000000,0.0000000000000000
86.000000000000000,62.000000000000000,0.0000000000000000
87.000000000000000,62.000000000000000,0.0000000000000000
88.000000000000000,62.000000000000000,0.0000000000000000
89.000000000000000,62.000000000000000,0.0000000000000000
90.000000000000000,62.000000000000000,0.0000000000000000
91.000000000000000,62.000000000000000,0.0000000000000000
92.000000000000000,62.000000000000000,0.0000000000000000
93.000000000000000,62.000000000000000,0.0000000000000000
94.000000000000000,62.000000000000000,0.0000000000000000
95.000000000000000,62.000000000000000,0.0000000000000000
96.000000000000000,62.000000000000000,0.0000000000000000
97.000000000000000,62.000000000000000,0.0000000000000000
98.000000000000000,62.000000000000000,0.0000000000000000
99.000000000000000,62.000000000000000,0.0000000000000000
100.00000000000000,62.000000000000000,0.0000000000000000
101.00000000000000,62.000000000000000,0.0000000000000000
102.00000000000000,62.000000000000000,0.0000000000000000
103.00000000000000,62.000000000000000,0.0000000000000000
104.00000000000000,62.000000000000000,0.0000000000000000
105.00000000000000,62.000000000000000,0.0000000000000000
106.00000000000000,62.000000000000000,0.0000000000000000
107.00000000000000,62.000000000000000,0.0000000000000000
108.00000000000000,62.000000000000000,0.0000000000000000
109.00000000000000,62.000000000000000,0.0000000000000000
110.00000000000000,62.000000000000000,0.0000000000000000
111.00000000000000,62.000000000000000,0.0000000000000000
112.00000000000000,62.000000000000000,0.0000000000000000
113.00000000000000,62.000000000000000,0.0000000000000000
1.0000000000000000,63.000000000000000,0.0000000000000000
2.0000000000000000,63.000000000000000,0.0000000000000000
3.0000000000000000,63.000000000000000,0.0000000000000000
4.0000000000000000,63.000000000000000,0.0000000000000000
5.0000000000000000,63.000000000000000,0.0000000000000000
6.0000000000000000,63.000000000000000,0.0000000000000000
7.0000000000000000,63.000000000000000,0.0000000000000000
8.0000000000000000,63.000000000000000,0.0000000000000000
9.0000000000000000,63.000000000000000,0.0000000000000000
10.000000000000000,63.000000000000000,0.0000000000000000
11.000000000000000,63.000000000000000,0.0000000000000000
12.000000000000000,63.000000000000000,0.0000000000000000
13.000000000000000,63.000000000000000,0.0000000000000000
14.000000000000000,63.000000000000000,0.0000000000000000
15.000000000000000,63.000000000000000,0.0000000000000000
16.000000000000000,63.000000000000000,0.0000000000000000
17.000000000000000,63.000000000000000,0.0000000000000000
18.000000000000000,63.000000000000000,0.0000000000000000
19.000000000000000,63.000000000000000,0.0000000000000000
20.000000000000000,63.000000000000000,0.0000000000000000
21.000000000000000,63.000000000000000,0.0000000000000000
22.000000000000000,63.000000000000000,0.0000000000000000
23.000000000000000,63.000000000000000,0.0000000000000000
24.000000000000000,63.000000000000000,0.0000000000000000
25.000000000000000,63.000000000000000,0.0000000000000000
26.000000000000000,63.000000000000000,0.0000000000000000
27.000000000000000,63.000000000000000,0.0000000000000000
28.000000000000000,63.000000000000000,0.0000000000000000
29.000000000000000,63.000000000000000,0.0000000000000000
30.000000000000000,63.000000000000000,0.0000000000000000
31.000000000000000,63.000000000000000,0.0000000000000000
32.000000000000000,63.000000000000000,0.0000000000000000
33.000000000000000,63.000000000000000,0.0000000000000000
34.000000000000000,63.000000000000000,0.0000000000000000
35.000000000000000,63.000000000000000,0.0000000000000000
36.000000000000000,63.000000000000000,0.0000000000000000
37.000000000000000,63.000000000000000,0.0000000000000000
38.000000000000000,63.000000000000000,0.0000000000000000
39.000000000000000,63.000000000000000,0.0000000000000000
40.000000000000000,63.000000000000000,0.0000000000000000
41.000000000000000,63.000000000000000,0.0000000000000000
42.000000000000000,63.000000000000000,0.0000000000000000
43.000000000000000,63.000000000000000,0.0000000000000000
44.000000000000000,63.000000000000000,0.0000000000000000
45.000000000000000,63.000000000000000,0.0000000000000000
46.000000000000000,63.000000000000000,0.0000000000000000
47.000000000000000,63.000000000000000,0.0000000000000000
48.000000000000000,63.000000000000000,0.0000000000000000
49.000000000000000,63.000000000000000,0.0000000000000000
50.000000000000000,63.000000000000000,0.0000000000000000
51.000000000000000,63.000000000000000,0.0000000000000000
52.000000000000000,63.000000000000000,0.0000000000000000
53.000000000000000,63.000000000000000,0.0000000000000000
54.000000000000000,63.000000000000000,0.0000000000000000
55.000000000000000,63.000000000000000,0.0000000000000000
56.000000000000000,63.000000000000000,0.0000000000000000
57.000000000000000,63.000000000000000,0.0000000000000000
58.000000000000000,63.000000000000000,0.0000000000000000
59.000000000000000,63.000000000000000,0.0000000000000000
60.000000000000000,63.000000000000000,0.0000000000000000
61.000000000000000,63.000000000000000,0.0000000000000000
62.000000000000000,63.000000000000000,0.0000000000000000
63.000000000000000,63.000000000000000,0.0000000000000000
64.000000000000000,63.000000000000000,0.0000000000000000
65.000000000000000,63.000000000000000,0.0000000000000000
66.000000000000000,63.000000000000000,0.0000000000000000
67.000000000000000,63.000000000000000,0.0000000000000000
68.000000000000000,63.000000000000000,0.0000000000000000
69.000000000000000,63.000000000000000,0.0000000000000000
70.000000000000000,63.000000000000000,0.0000000000000000
71.000000000000000,63.000000000000000,0.0000000000000000
72.000000000000000,63.000000000000000,0.0000000000000000
73.000000000000000,63.000000000000000,0.0000000000000000
74.000000000000000,63.000000000000000,0.0000000000000000
75.000000000000000,63.000000000000000,0.0000000000000000
76.000000000000000,63.000000000000000,0.0000000000000000
77.000000000000000,63.000000000000000,0.0000000000000000
78.000000000000000,63.000000000000000,0.0000000000000000
79.000000000000000,63.000000000000000,0.0000000000000000
80.000000000000000,63.000000000000000,0.0000000000000000
81.000000000000000,63.000000000000000,0.0000000000000000
82.000000000000000,63.000000000000000,0.0000000000000000
83.000000000000000,63.000000000000000,0.0000000000000000
84.000000000000000,63.000000000000000,0.0000000000000000
85.000000000000000,63.000000000000000,0.0000000000000000
86.000000000000000,63.000000000000000,0.0000000000000000
87.000000000000000,63.000000000000000,0.0000000000000000
88.000000000000000,63.000000000000000,0.0000000000000000
89.000000000000000,63.000000000000000,0.0000000000000000
90.000000000000000,63.000000000000000,0.0000000000000000
91.000000000000000,63.000000000000000,0.0000000000000000
92.000000000000000,63.000000000000000,0.0000000000000000
93.000000000000000,63.000000000000000,0.0000000000000000
94.000000000000000,63.000000000000000,0.0000000000000000
95.000000000000000,63.000000000000000,0.0000000000000000
96.000000000000000,63.000000000000000,0.0000000000000000
97.000000000000000,63.000000000000000,0.0000000000000000
98.000000000000000,63.000000000000000,0.0000000000000000
99.000000000000000,63.000000000000000,0.0000000000000000
100.00000000000000,63.000000000000000,0.0000000000000000
101.00000000000000,63.000000000000000,0.0000000000000000
102.00000000000000,63.000000000000000,0.0000000000000000
103.00000000000000,63.000000000000000,0.0000000000000000
104.00000000000000,63.000000000000000,0.0000000000000000
105.00000000000000,63.000000000000000,0.0000000000000000
106.00000000000000,63.000000000000000,0.0000000000000000
107.00000000000000,63.000000000000000,0.0000000000000000
108.00000000000000,63.000000000000000,0.0000000000000000
109.00000000000000,63.000000000000000,0.0000000000000000
110.00000000000000,63.000000000000000,0.0000000000000000
111.00000000000000,63.000000000000000,0.0000000000000000
112.00000000000000,63.000000000000000,0.0000000000000000
113.00000000000000,63.000000000000000,0.0000000000000000
1.0000000000000000,64.000000000000000,0.0000000000000000
2.0000000000000000,64.000000000000000,0.0000000000000000
3.0000000000000000,64.000000000000000,0.0000000000000000
4.0000000000000000,64.000000000000000,0.0000000000000000
5.0000000000000000,64.000000000000000,0.0000000000000000
6.0000000000000000,64.000000000000000,0.0000000000000000
7.0000000000000000,64.000000000000000,0.0000000000000000
8.0000000000000000,64.000000000000000,0.0000000000000000
9.0000000000000000,64.000000000000000,0.0000000000000000
10.000000000000000,64.000000000000000,0.0000000000000000
11.000000000000000,64.000000000000000,0.0000000000000000
12.000000000000000,64.000000000000000,0.0000000000000000
13.000000000000000,64.000000000000000,0.0000000000000000
14.000000000000000,64.000000000000000,0.0000000000000000
15.000000000000000,64.000000000000000,0.0000000000000000
16.000000000000000,64.000000000000000,0.0000000000000000
17.000000000000000,64.000000000000000,0.0000000000000000
18.000000000000000,64.000000000000000,0.0000000000000000
19.000000000000000,64.000000000000000,0.0000000000000000
20.000000000000000,64.000000000000000,0.0000000000000000
21.000000000000000,64.000000000000000,0.0000000000000000
22.000000000000000,64.000000000000000,0.0000000000000000
23.000000000000000,64.000000000000000,0.0000000000000000
24.000000000000000,64.000000000000000,0.0000000000000000
25.000000000000000,64.000000000000000,0.0000000000000000
26.000000000000000,64.000000000000000,0.0000000000000000
27.000000000000000,64.000000000000000,0.0000000000000000
28.000000000000000,64.000000000000000,0.0000000000000000
29.000000000000000,64.000000000000000,0.0000000000000000
30.000000000000000,64.000000000000000,0.0000000000000000
31.000000000000000,64.000000000000000,0.0000000000000000
32.000000000000000,64.000000000000000,0.0000000000000000
33.000000000000000,64.000000000000000,0.0000000000000000
34.000000000000000,64.000000000000000,0.0000000000000000
35.000000000000000,64.000000000000000,0.0000000000000000
36.000000000000000,64.000000000000000,0.0000000000000000
37.000000000000000,64.000000000000000,0.0000000000000000
38.000000000000000,64.000000000000000,0.0000000000000000
39.000000000000000,64.000000000000000,0.0000000000000000
40.000000000000000,64.000000000000000,0.0000000000000000
41.000000000000000,64.000000000000000,0.0000000000000000
42.000000000000000,64.000000000000000,0.0000000000000000
43.000000000000000,64.000000000000000,0.0000000000000000
44.000000000000000,64.000000000000000,0.0000000000000000
45.000000000000000,64.000000000000000,0.0000000000000000
46.000000000000000,64.000000000000000,0.0000000000000000
47.000000000000000,64.000000000000000,0.0000000000000000
48.000000000000000,64.000000000000000,0.0000000000000000
49.000000000000000,64.000000000000000,0.0000000000000000
50.000000000000000,64.000000000000000,0.0000000000000000
51.000000000000000,64.000000000000000,0.0000000000000000
52.000000000000000,64.000000000000000,0.0000000000000000
53.000000000000000,64.000000000000000,0.0000000000000000
54.000000000000000,64.000000000000000,0.0000000000000000
55.000000000000000,64.000000000000000,0.0000000000000000
56.000000000000000,64.000000000000000,0.0000000000000000
57.000000000000000,64.000000000000000,0.0000000000000000
58.000000000000000,64.000000000000000,0.0000000000000000
59.000000000000000,64.000000000000000,0.0000000000000000
60.000000000000000,64.000000000000000,0.0000000000000000
61.000000000000000,64.000000000000000,0.0000000000000000
62.000000000000000,64.000000000000000,0.0000000000000000
63.000000000000000,64.000000000000000,0.0000000000000000
64.000000000000000,64.000000000000000,0.0000000000000000
65.000000000000000,64.000000000000000,0.0000000000000000
66.000000000000000,64.000000000000000,0.0000000000000000
67.000000000000000,64.000000000000000,0.0000000000000000
68.000000000000000,64.000000000000000,0.0000000000000000
69.000000000000000,64.000000000000000,0.0000000000000000
70.000000000000000,64.000000000000000,0.0000000000000000
71.000000000000000,64.000000000000000,0.0000000000000000
72.000000000000000,64.000000000000000,0.0000000000000000
73.000000000000000,64.000000000000000,0.0000000000000000
74.000000000000000,64.000000000000000,0.0000000000000000
75.000000000000000,64.000000000000000,0.0000000000000000
76.000000000000000,64.000000000000000,0.0000000000000000
77.000000000000000,64.000000000000000,0.0000000000000000
78.000000000000000,64.000000000000000,0.0000000000000000
79.000000000000000,64.000000000000000,0.0000000000000000
80.000000000000000,64.000000000000000,0.0000000000000000
81.000000000000000,64.000000000000000,0.0000000000000000
82.000000000000000,64.000000000000000,0.0000000000000000
83.000000000000000,64.000000000000000,0.0000000000000000
84.000000000000000,64.000000000000000,0.0000000000000000
85.000000000000000,64.000000000000000,0.0000000000000000
86.000000000000000,64.000000000000000,0.0000000000000000
87.000000000000000,64.000000000000000,0.0000000000000000
88.000000000000000,64.000000000000000,0.0000000000000000
89.000000000000000,64.000000000000000,0.0000000000000000
90.000000000000000,64.000000000000000,0.0000000000000000
91.000000000000000,64.000000000000000,0.0000000000000000
92.000000000000000,64.000000000000000,0.0000000000000000
93.000000000000000,64.000000000000000,0.0000000000000000
94.000000000000000,64.000000000000000,0.0000000000000000
95.000000000000000,64.000000000000000,0.0000000000000000
96.000000000000000,64.000000000000000,0.0000000000000000
97.000000000000000,64.000000000000000,0.0000000000000000
98.000000000000000,64.000000000000000,0.0000000000000000
99.000000000000000,64.000000000000000,0.0000000000000000
100.00000000000000,64.000000000000000,0.0000000000000000
101.00000000000000,64.000000000000000,0.0000000000000000
102.00000000000000,64.000000000000000,0.0000000000000000
103.00000000000000,64.000000000000000,0.0000000000000000
104.00000000000000,64.000000000000000,0.0000000000000000
105.00000000000000,64.000000000000000,0.0000000000000000
106.00000000000000,64.000000000000000,0.0000000000000000
107.00000000000000,64.000000000000000,0.0000000000000000
108.00000000000000,64.000000000000000,0.0000000000000000
109.00000000000000,64.000000000000000,0.0000000000000000
110.00000000000000,64.000000000000000,0.0000000000000000
111.00000000000000,64.000000000000000,0.0000000000000000
112.00000000000000,64.000000000000000,0.0000000000000000
113.00000000000000,64.000000000000000,0.0000000000000000
1.0000000000000000,65.000000000000000,0.0000000000000000
2.0000000000000000,65.000000000000000,0.0000000000000000
3.0000000000000000,65.000000000000000,0.0000000000000000
4.0000000000000000,65.000000000000000,0.0000000000000000
5.0000000000000000,65.000000000000000,0.0000000000000000
6.0000000000000000,65.000000000000000,0.0000000000000000
7.0000000000000000,65.000000000000000,0.0000000000000000
8.0000000000000000,65.000000000000000,0.0000000000000000
9.0000000000000000,65.000000000000000,0.0000000000000000
10.000000000000000,65.000000000000000,0.0000000000000000
11.000000000000000,65.000000000000000,0.0000000000000000
12.000000000000000,65.000000000000000,0.0000000000000000
13.000000000000000,65.000000000000000,0.0000000000000000
14.000000000000000,65.000000000000000,0.0000000000000000
15.000000000000000,65.000000000000000,0.0000000000000000
16.000000000000000,65.000000000000000,0.0000000000000000
17.000000000000000,65.000000000000000,0.0000000000000000
18.000000000000000,65.000000000000000,0.0000000000000000
19.000000000000000,65.000000000000000,0.0000000000000000
20.000000000000000,65.000000000000000,0.0000000000000000
21.000000000000000,65.000000000000000,0.0000000000000000
22.000000000000000,65.000000000000000,0.0000000000000000
23.000000000000000,65.000000000000000,0.0000000000000000
24.000000000000000,65.000000000000000,0.0000000000000000
25.000000000000000,65.000000000000000,0.0000000000000000
26.000000000000000,65.000000000000000,0.0000000000000000
27.000000000000000,65.000000000000000,0.0000000000000000
28.000000000000000,65.000000000000000,0.0000000000000000
29.000000000000000,65.000000000000000,0.0000000000000000
30.000000000000000,65.000000000000000,0.0000000000000000
31.000000000000000,65.000000000000000,0.0000000000000000
32.000000000000000,65.000000000000000,0.0000000000000000
33.000000000000000,65.000000000000000,0.0000000000000000
34.000000000000000,65.000000000000000,0.0000000000000000
35.000000000000000,65.000000000000000,0.0000000000000000
36.000000000000000,65.000000000000000,0.0000000000000000
37.000000000000000,65.000000000000000,0.0000000000000000
38.000000000000000,65.000000000000000,0.0000000000000000
39.000000000000000,65.000000000000000,0.0000000000000000
40.000000000000000,65.000000000000000,0.0000000000000000
41.000000000000000,65.000000000000000,0.0000000000000000
42.000000000000000,65.000000000000000,0.0000000000000000
43.000000000000000,65.000000000000000,0.0000000000000000
44.000000000000000,65.000000000000000,0.0000000000000000
45.000000000000000,65.000000000000000,0.0000000000000000
46.000000000000000,65.000000000000000,0.0000000000000000
47.000000000000000,65.000000000000000,0.0000000000000000
48.000000000000000,65.000000000000000,0.0000000000000000
49.000000000000000,65.000000000000000,0.0000000000000000
50.000000000000000,65.000000000000000,0.0000000000000000
51.000000000000000,65.000000000000000,0.0000000000000000
52.000000000000000,65.000000000000000,0.0000000000000000
53.000000000000000,65.000000000000000,0.0000000000000000
54.000000000000000,65.000000000000000,0.0000000000000000
55.000000000000000,65.000000000000000,0.0000000000000000
56.000000000000000,65.000000000000000,0.0000000000000000
57.000000000000000,65.000000000000000,0.0000000000000000
58.000000000000000,65.000000000000000,0.0000000000000000
59.000000000000000,65.000000000000000,0.0000000000000000
60.000000000000000,65.000000000000000,0.0000000000000000
61.000000000000000,65.000000000000000,0.0000000000000000
62.000000000000000,65.000000000000000,0.0000000000000000
63.000000000000000,65.000000000000000,0.0000000000000000
64.000000000000000,65.000000000000000,0.0000000000000000
65.000000000000000,65.000000000000000,0.0000000000000000
66.000000000000000,65.000000000000000,0.0000000000000000
67.000000000000000,65.000000000000000,0.0000000000000000
68.000000000000000,65.000000000000000,0.0000000000000000
69.000000000000000,65.000000000000000,0.0000000000000000
70.000000000000000,65.000000000000000,0.0000000000000000
71.000000000000000,65.000000000000000,0.0000000000000000
72.000000000000000,65.000000000000000,0.0000000000000000
73.000000000000000,65.000000000000000,0.0000000000000000
74.000000000000000,65.000000000000000,0.0000000000000000
75.000000000000000,65.000000000000000,0.0000000000000000
76.000000000000000,65.000000000000000,0.0000000000000000
77.000000000000000,65.000000000000000,0.0000000000000000
78.000000000000000,65.000000000000000,0.0000000000000000
79.000000000000000,65.000000000000000,0.0000000000000000
80.000000000000000,65.000000000000000,0.0000000000000000
81.000000000000000,65.000000000000000,0.0000000000000000
82.000000000000000,65.000000000000000,0.0000000000000000
83.000000000000000,65.000000000000000,0.0000000000000000
84.000000000000000,65.000000000000000,0.0000000000000000
85.000000000000000,65.000000000000000,0.0000000000000000
86.000000000000000,65.000000000000000,0.0000000000000000
87.000000000000000,65.000000000000000,0.0000000000000000
88.000000000000000,65.000000000000000,0.0000000000000000
89.000000000000000,65.000000000000000,0.0000000000000000
90.000000000000000,65.000000000000000,0.0000000000000000
91.000000000000000,65.000000000000000,0.0000000000000000
92.000000000000000,65.000000000000000,0.0000000000000000
93.000000000000000,65.000000000000000,0.0000000000000000
94.000000000000000,65.000000000000000,0.0000000000000000
95.000000000000000,65.000000000000000,0.0000000000000000
96.000000000000000,65.000000000000000,97.199996948242188
97.000000000000000,65.000000000000000,0.0000000000000000
98.000000000000000,65.000000000000000,0.0000000000000000
99.000000000000000,65.000000000000000,0.0000000000000000
100.00000000000000,65.000000000000000,0.0000000000000000
101.00000000000000,65.000000000000000,0.0000000000000000
102.00000000000000,65.000000000000000,0.0000000000000000
103.00000000000000,65.000000000000000,0.0000000000000000
104.00000000000000,65.000000000000000,0.0000000000000000
105.00000000000000,65.000000000000000,0.0000000000000000
106.00000000000000,65.000000000000000,0.0000000000000000
107.00000000000000,65.000000000000000,0.0000000000000000
108.00000000000000,65.000000000000000,0.0000000000000000
109.00000000000000,65.000000000000000,0.0000000000000000
110.00000000000000,65.000000000000000,0.0000000000000000
111.00000000000000,65.000000000000000,0.0000000000000000
112.00000000000000,65.000000000000000,0.0000000000000000
113.00000000000000,65.000000000000000,0.0000000000000000
1.0000000000000000,66.000000000000000,0.0000000000000000
2.0000000000000000,66.000000000000000,0.0000000000000000
3.0000000000000000,66.000000000000000,0.0000000000000000
4.0000000000000000,66.000000000000000,0.0000000000000000
5.0000000000000000,66.000000000000000,0.0000000000000000
6.0000000000000000,66.000000000000000,0.0000000000000000
7.0000000000000000,66.000000000000000,0.0000000000000000
8.0000000000000000,66.000000000000000,0.0000000000000000
9.0000000000000000,66.000000000000000,0.0000000000000000
10.000000000000000,66.000000000000000,0.0000000000000000
11.000000000000000,66.000000000000000,0.0000000000000000
12.000000000000000,66.000000000000000,0.0000000000000000
13.000000000000000,66.000000000000000,0.0000000000000000
14.000000000000000,66.000000000000000,0.0000000000000000
15.000000000000000,66.000000000000000,0.0000000000000000
16.000000000000000,66.000000000000000,0.0000000000000000
17.000000000000000,66.000000000000000,0.0000000000000000
18.000000000000000,66.000000000000000,0.0000000000000000
19.000000000000000,66.000000000000000,0.0000000000000000
20.000000000000000,66.000000000000000,0.0000000000000000
21.000000000000000,66.000000000000000,0.0000000000000000
22.000000000000000,66.000000000000000,0.0000000000000000
23.000000000000000,66.000000000000000,0.0000000000000000
24.000000000000000,66.000000000000000,0.0000000000000000
25.000000000000000,66.000000000000000,0.0000000000000000
26.000000000000000,66.000000000000000,0.0000000000000000
27.000000000000000,66.000000000000000,0.0000000000000000
28.000000000000000,66.000000000000000,0.0000000000000000
29.000000000000000,66.000000000000000,0.0000000000000000
30.000000000000000,66.000000000000000,0.0000000000000000
31.000000000000000,66.000000000000000,0.0000000000000000
32.000000000000000,66.000000000000000,0.0000000000000000
33.000000000000000,66.000000000000000,0.0000000000000000
34.000000000000000,66.000000000000000,0.0000000000000000
35.000000000000000,66.000000000000000,0.0000000000000000
36.000000000000000,66.000000000000000,0.0000000000000000
37.000000000000000,66.000000000000000,0.0000000000000000
38.000000000000000,66.000000000000000,0.0000000000000000
39.000000000000000,66.000000000000000,0.0000000000000000
40.000000000000000,66.000000000000000,0.0000000000000000
41.000000000000000,66.000000000000000,0.0000000000000000
42.000000000000000,66.000000000000000,0.0000000000000000
43.000000000000000,66.000000000000000,0.0000000000000000
44.000000000000000,66.000000000000000,0.0000000000000000
45.000000000000000,66.000000000000000,0.0000000000000000
46.000000000000000,66.000000000000000,0.0000000000000000
47.000000000000000,66.000000000000000,0.0000000000000000
48.000000000000000,66.000000000000000,0.0000000000000000
49.000000000000000,66.000000000000000,0.0000000000000000
50.000000000000000,66.000000000000000,0.0000000000000000
51.000000000000000,66.000000000000000,0.0000000000000000
52.000000000000000,66.000000000000000,0.0000000000000000
53.000000000000000,66.000000000000000,0.0000000000000000
54.000000000000000,66.000000000000000,0.0000000000000000
55.000000000000000,66.000000000000000,0.0000000000000000
56.000000000000000,66.000000000000000,0.0000000000000000
57.000000000000000,66.000000000000000,0.0000000000000000
58.000000000000000,66.000000000000000,0.0000000000000000
59.000000000000000,66.000000000000000,0.0000000000000000
60.000000000000000,66.000000000000000,0.0000000000000000
61.000000000000000,66.000000000000000,0.0000000000000000
62.000000000000000,66.000000000000000,0.0000000000000000
63.000000000000000,66.000000000000000,0.0000000000000000
64.000000000000000,66.000000000000000,0.0000000000000000
65.000000000000000,66.000000000000000,0.0000000000000000
66.000000000000000,66.000000000000000,0.0000000000000000
67.000000000000000,66.000000000000000,0.0000000000000000
68.000000000000000,66.000000000000000,0.0000000000000000
69.000000000000000,66.000000000000000,0.0000000000000000
70.000000000000000,66.000000000000000,0.0000000000000000
71.000000000000000,66.000000000000000,0.0000000000000000
72.000000000000000,66.000000000000000,0.0000000000000000
73.000000000000000,66.000000000000000,0.0000000000000000
74.000000000000000,66.000000000000000,0.0000000000000000
75.000000000000000,66.000000000000000,0.0000000000000000
76.000000000000000,66.000000000000000,0.0000000000000000
77.000000000000000,66.000000000000000,0.0000000000000000
78.000000000000000,66.000000000000000,0.0000000000000000
79.000000000000000,66.000000000000000,0.0000000000000000
80.000000000000000,66.000000000000000,0.0000000000000000
81.000000000000000,66.000000000000000,0.0000000000000000
82.000000000000000,66.000000000000000,0.0000000000000000
83.000000000000000,66.000000000000000,0.0000000000000000
84.000000000000000,66.000000000000000,0.0000000000000000
85.000000000000000,66.000000000000000,0.0000000000000000
86.000000000000000,66.000000000000000,0.0000000000000000
87.000000000000000,66.000000000000000,0.0000000000000000
88.000000000000000,66.000000000000000,0.0000000000000000
89.000000000000000,66.000000000000000,0.0000000000000000
90.000000000000000,66.000000000000000,0.0000000000000000
91.000000000000000,66.000000000000000,0.0000000000000000
92.000000000000000,66.000000000000000,0.0000000000000000
93.000000000000000,66.000000000000000,0.0000000000000000
94.000000000000000,66.000000000000000,0.0000000000000000
95.000000000000000,66.000000000000000,0.0000000000000000
96.000000000000000,66.000000000000000,97.199996948242188
97.000000000000000,66.000000000000000,0.0000000000000000
98.000000000000000,66.000000000000000,0.0000000000000000
99.000000000000000,66.000000000000000,0.0000000000000000
100.00000000000000,66.000000000000000,0.0000000000000000
101.00000000000000,66.000000000000000,0.0000000000000000
102.00000000000000,66.000000000000000,0.0000000000000000
103.00000000000000,66.000000000000000,0.0000000000000000
104.00000000000000,66.000000000000000,0.0000000000000000
105.00000000000000,66.000000000000000,0.0000000000000000
106.00000000000000,66.000000000000000,0.0000000000000000
107.00000000000000,66.000000000000000,0.0000000000000000
108.00000000000000,66.000000000000000,0.0000000000000000
109.00000000000000,66.000000000000000,0.0000000000000000
110.00000000000000,66.000000000000000,0.0000000000000000
111.00000000000000,66.000000000000000,0.0000000000000000
112.00000000000000,66.000000000000000,0.0000000000000000
113.00000000000000,66.000000000000000,0.0000000000000000
1.0000000000000000,67.000000000000000,0.0000000000000000
2.0000000000000000,67.000000000000000,0.0000000000000000
3.0000000000000000,67.000000000000000,0.0000000000000000
4.0000000000000000,67.000000000000000,0.0000000000000000
5.0000000000000000,67.000000000000000,0.0000000000000000
6.0000000000000000,67.000000000000000,0.0000000000000000
7.0000000000000000,67.000000000000000,0.0000000000000000
8.0000000000000000,67.000000000000000,0.0000000000000000
9.0000000000000000,67.000000000000000,0.0000000000000000
10.000000000000000,67.000000000000000,0.0000000000000000
11.000000000000000,67.000000000000000,0.0000000000000000
12.000000000000000,67.000000000000000,0.0000000000000000
13.000000000000000,67.000000000000000,0.0000000000000000
14.000000000000000,67.000000000000000,0.0000000000000000
15.000000000000000,67.000000000000000,0.0000000000000000
16.000000000000000,67.000000000000000,0.0000000000000000
17.000000000000000,67.000000000000000,0.0000000000000000
18.000000000000000,67.000000000000000,0.0000000000000000
19.000000000000000,67.000000000000000,0.0000000000000000
20.000000000000000,67.000000000000000,0.0000000000000000
21.000000000000000,67.000000000000000,0.0000000000000000
22.000000000000000,67.000000000000000,0.0000000000000000
23.000000000000000,67.000000000000000,0.0000000000000000
24.000000000000000,67.000000000000000,0.0000000000000000
25.000000000000000,67.000000000000000,0.0000000000000000
26.000000000000000,67.000000000000000,0.0000000000000000
27.000000000000000,67.000000000000000,0.0000000000000000
28.000000000000000,67.000000000000000,0.0000000000000000
29.000000000000000,67.000000000000000,0.0000000000000000
30.000000000000000,67.000000000000000,0.0000000000000000
31.000000000000000,67.000000000000000,0.0000000000000000
32.000000000000000,67.000000000000000,0.0000000000000000
33.000000000000000,67.000000000000000,0.0000000000000000
34.000000000000000,67.000000000000000,0.0000000000000000
35.000000000000000,67.000000000000000,0.0000000000000000
36.000000000000000,67.000000000000000,0.0000000000000000
37.000000000000000,67.000000000000000,0.0000000000000000
38.000000000000000,67.000000000000000,0.0000000000000000
39.000000000000000,67.000000000000000,0.0000000000000000
40.000000000000000,67.000000000000000,0.0000000000000000
41.000000000000000,67.000000000000000,0.0000000000000000
42.000000000000000,67.000000000000000,0.0000000000000000
43.000000000000000,67.000000000000000,0.0000000000000000
44.000000000000000,67.000000000000000,0.0000000000000000
45.000000000000000,67.000000000000000,0.0000000000000000
46.000000000000000,67.000000000000000,0.0000000000000000
47.000000000000000,67.000000000000000,0.0000000000000000
48.000000000000000,67.000000000000000,0.0000000000000000
49.000000000000000,67.000000000000000,0.0000000000000000
50.000000000000000,67.000000000000000,0.0000000000000000
51.000000000000000,67.000000000000000,0.0000000000000000
52.000000000000000,67.000000000000000,0.0000000000000000
53.000000000000000,67.000000000000000,0.0000000000000000
54.000000000000000,67.000000000000000,0.0000000000000000
55.000000000000000,67.000000000000000,0.0000000000000000
56.000000000000000,67.000000000000000,0.0000000000000000
57.000000000000000,67.000000000000000,0.0000000000000000
58.000000000000000,67.000000000000000,0.0000000000000000
59.000000000000000,67.000000000000000,0.0000000000000000
60.000000000000000,67.000000000000000,0.0000000000000000
61.000000000000000,67.000000000000000,0.0000000000000000
62.000000000000000,67.000000000000000,0.0000000000000000
63.000000000000000,67.000000000000000,0.0000000000000000
64.000000000000000,67.000000000000000,0.0000000000000000
65.000000000000000,67.000000000000000,0.0000000000000000
66.000000000000000,67.000000000000000,0.0000000000000000
67.000000000000000,67.000000000000000,0.0000000000000000
68.000000000000000,67.000000000000000,0.0000000000000000
69.000000000000000,67.000000000000000,0.0000000000000000
70.000000000000000,67.000000000000000,0.0000000000000000
71.000000000000000,67.000000000000000,0.0000000000000000
72.000000000000000,67.000000000000000,0.0000000000000000
73.000000000000000,67.000000000000000,0.0000000000000000
74.000000000000000,67.000000000000000,0.0000000000000000
75.000000000000000,67.000000000000000,0.0000000000000000
76.000000000000000,67.000000000000000,0.0000000000000000
77.000000000000000,67.000000000000000,0.0000000000000000
78.000000000000000,67.000000000000000,0.0000000000000000
79.000000000000000,67.000000000000000,0.0000000000000000
80.000000000000000,67.000000000000000,0.0000000000000000
81.000000000000000,67.000000000000000,0.0000000000000000
82.000000000000000,67.000000000000000,0.0000000000000000
83.000000000000000,67.000000000000000,0.0000000000000000
84.000000000000000,67.000000000000000,0.0000000000000000
85.000000000000000,67.000000000000000,0.0000000000000000
86.000000000000000,67.000000000000000,0.0000000000000000
87.000000000000000,67.000000000000000,0.0000000000000000
88.000000000000000,67.000000000000000,0.0000000000000000
89.000000000000000,67.000000000000000,0.0000000000000000
90.000000000000000,67.000000000000000,0.0000000000000000
91.000000000000000,67.000000000000000,0.0000000000000000
92.000000000000000,67.000000000000000,0.0000000000000000
93.000000000000000,67.000000000000000,0.0000000000000000
94.000000000000000,67.000000000000000,0.0000000000000000
95.000000000000000,67.000000000000000,0.0000000000000000
96.000000000000000,67.000000000000000,97.199996948242188
97.000000000000000,67.000000000000000,0.0000000000000000
98.000000000000000,67.000000000000000,0.0000000000000000
99.000000000000000,67.000000000000000,0.0000000000000000
100.00000000000000,67.000000000000000,0.0000000000000000
101.00000000000000,67.000000000000000,0.0000000000000000
102.00000000000000,67.000000000000000,0.0000000000000000
103.00000000000000,67.000000000000000,0.0000000000000000
104.00000000000000,67.000000000000000,0.0000000000000000
105.00000000000000,67.000000000000000,0.0000000000000000
106.00000000000000,67.000000000000000,0.0000000000000000
107.00000000000000,67.000000000000000,0.0000000000000000
108.00000000000000,67.000000000000000,0.0000000000000000
109.00000000000000,67.000000000000000,0.0000000000000000
110.00000000000000,67.000000000000000,0.0000000000000000
111.00000000000000,67.000000000000000,0.0000000000000000
112.00000000000000,67.000000000000000,0.0000000000000000
113.00000000000000,67.000000000000000,0.0000000000000000
1.0000000000000000,68.000000000000000,0.0000000000000000
2.0000000000000000,68.000000000000000,0.0000000000000000
3.0000000000000000,68.000000000000000,0.0000000000000000
4.0000000000000000,68.000000000000000,0.0000000000000000
5.0000000000000000,68.000000000000000,0.0000000000000000
6.0000000000000000,68.000000000000000,0.0000000000000000
7.0000000000000000,68.000000000000000,0.0000000000000000
8.0000000000000000,68.000000000000000,0.0000000000000000
9.0000000000000000,68.000000000000000,0.0000000000000000
10.000000000000000,68.000000000000000,0.0000000000000000
11.000000000000000,68.000000000000000,0.0000000000000000
12.000000000000000,68.000000000000000,0.0000000000000000
13.000000000000000,68.000000000000000,0.0000000000000000
14.000000000000000,68.000000000000000,0.0000000000000000
15.000000000000000,68.000000000000000,0.0000000000000000
16.000000000000000,68.000000000000000,0.0000000000000000
17.000000000000000,68.000000000000000,0.0000000000000000
18.000000000000000,68.000000000000000,0.0000000000000000
19.000000000000000,68.000000000000000,0.0000000000000000
20.000000000000000,68.000000000000000,0.0000000000000000
21.000000000000000,68.000000000000000,0.0000000000000000
22.000000000000000,68.000000000000000,0.0000000000000000
23.000000000000000,68.000000000000000,0.0000000000000000
24.000000000000000,68.000000000000000,0.0000000000000000
25.000000000000000,68.000000000000000,0.0000000000000000
26.000000000000000,68.000000000000000,0.0000000000000000
27.000000000000000,68.000000000000000,0.0000000000000000
28.000000000000000,68.000000000000000,0.0000000000000000
29.000000000000000,68.000000000000000,0.0000000000000000
30.000000000000000,68.000000000000000,0.0000000000000000
31.000000000000000,68.000000000000000,0.0000000000000000
32.000000000000000,68.000000000000000,0.0000000000000000
33.000000000000000,68.000000000000000,0.0000000000000000
34.000000000000000,68.000000000000000,0.0000000000000000
35.000000000000000,68.000000000000000,0.0000000000000000
36.000000000000000,68.000000000000000,0.0000000000000000
37.000000000000000,68.000000000000000,0.0000000000000000
38.000000000000000,68.000000000000000,0.0000000000000000
39.000000000000000,68.000000000000000,0.0000000000000000
40.000000000000000,68.000000000000000,0.0000000000000000
41.000000000000000,68.000000000000000,0.0000000000000000
42.000000000000000,68.000000000000000,0.0000000000000000
43.000000000000000,68.000000000000000,0.0000000000000000
44.000000000000000,68.000000000000000,0.0000000000000000
45.000000000000000,68.000000000000000,0.0000000000000000
46.000000000000000,68.000000000000000,0.0000000000000000
47.000000000000000,68.000000000000000,0.0000000000000000
48.000000000000000,68.000000000000000,0.0000000000000000
49.000000000000000,68.000000000000000,0.0000000000000000
50.000000000000000,68.000000000000000,0.0000000000000000
51.000000000000000,68.000000000000000,0.0000000000000000
52.000000000000000,68.000000000000000,0.0000000000000000
53.000000000000000,68.000000000000000,0.0000000000000000
54.000000000000000,68.000000000000000,0.0000000000000000
55.000000000000000,68.000000000000000,0.0000000000000000
56.000000000000000,68.000000000000000,0.0000000000000000
57.000000000000000,68.000000000000000,0.0000000000000000
58.000000000000000,68.000000000000000,0.0000000000000000
59.000000000000000,68.000000000000000,0.0000000000000000
60.000000000000000,68.000000000000000,0.0000000000000000
61.000000000000000,68.000000000000000,0.0000000000000000
62.000000000000000,68.000000000000000,0.0000000000000000
63.000000000000000,68.000000000000000,0.0000000000000000
64.000000000000000,68.000000000000000,0.0000000000000000
65.000000000000000,68.000000000000000,0.0000000000000000
66.000000000000000,68.000000000000000,0.0000000000000000
67.000000000000000,68.000000000000000,0.0000000000000000
68.000000000000000,68.000000000000000,0.0000000000000000
69.000000000000000,68.000000000000000,0.0000000000000000
70.000000000000000,68.000000000000000,0.0000000000000000
71.000000000000000,68.000000000000000,0.0000000000000000
72.000000000000000,68.000000000000000,0.0000000000000000
73.000000000000000,68.000000000000000,0.0000000000000000
74.000000000000000,68.000000000000000,0.0000000000000000
75.000000000000000,68.000000000000000,0.0000000000000000
76.000000000000000,68.000000000000000,0.0000000000000000
77.000000000000000,68.000000000000000,0.0000000000000000
78.000000000000000,68.000000000000000,0.0000000000000000
79.000000000000000,68.000000000000000,0.0000000000000000
80.000000000000000,68.000000000000000,0.0000000000000000
81.000000000000000,68.000000000000000,0.0000000000000000
82.000000000000000,68.000000000000000,0.0000000000000000
83.000000000000000,68.000000000000000,0.0000000000000000
84.000000000000000,68.000000000000000,0.0000000000000000
85.000000000000000,68.000000000000000,0.0000000000000000
86.000000000000000,68.000000000000000,0.0000000000000000
87.000000000000000,68.000000000000000,0.0000000000000000
88.000000000000000,68.000000000000000,0.0000000000000000
89.000000000000000,68.000000000000000,0.0000000000000000
90.000000000000000,68.000000000000000,0.0000000000000000
91.000000000000000,68.000000000000000,0.0000000000000000
92.000000000000000,68.000000000000000,0.0000000000000000
93.000000000000000,68.000000000000000,0.0000000000000000
94.000000000000000,68.000000000000000,0.0000000000000000
95.000000000000000,68.000000000000000,0.0000000000000000
96.000000000000000,68.000000000000000,97.199996948242188
97.000000000000000,68.000000000000000,0.0000000000000000
98.000000000000000,68.000000000000000,0.0000000000000000
99.000000000000000,68.000000000000000,0.0000000000000000
100.00000000000000,68.000000000000000,0.0000000000000000
101.00000000000000,68.000000000000000,0.0000000000000000
102.00000000000000,68.000000000000000,0.0000000000000000
103.00000000000000,68.000000000000000,0.0000000000000000
104.00000000000000,68.000000000000000,0.0000000000000000
105.00000000000000,68.000000000000000,0.0000000000000000
106.00000000000000,68.000000000000000,0.0000000000000000
107.00000000000000,68.000000000000000,0.0000000000000000
108.00000000000000,68.000000000000000,0.0000000000000000
109.00000000000000,68.000000000000000,0.0000000000000000
110.00000000000000,68.000000000000000,0.0000000000000000
111.00000000000000,68.000000000000000,0.0000000000000000
112.00000000000000,68.000000000000000,0.0000000000000000
113.00000000000000,68.000000000000000,0.0000000000000000
1.0000000000000000,69.000000000000000,0.0000000000000000
2.0000000000000000,69.000000000000000,0.0000000000000000
3.0000000000000000,69.000000000000000,0.0000000000000000
4.0000000000000000,69.000000000000000,0.0000000000000000
5.0000000000000000,69.000000000000000,0.0000000000000000
6.0000000000000000,69.000000000000000,0.0000000000000000
7.0000000000000000,69.000000000000000,0.0000000000000000
8.0000000000000000,69.000000000000000,0.0000000000000000
9.0000000000000000,69.000000000000000,0.0000000000000000
10.000000000000000,69.000000000000000,0.0000000000000000
11.000000000000000,69.000000000000000,0.0000000000000000
12.000000000000000,69.000000000000000,0.0000000000000000
13.000000000000000,69.000000000000000,0.0000000000000000
14.000000000000000,69.000000000000000,0.0000000000000000
15.000000000000000,69.000000000000000,0.0000000000000000
16.000000000000000,69.000000000000000,0.0000000000000000
17.000000000000000,69.000000000000000,0.0000000000000000
18.000000000000000,69.000000000000000,0.0000000000000000
19.000000000000000,69.000000000000000,0.0000000000000000
20.000000000000000,69.000000000000000,0.0000000000000000
21.000000000000000,69.000000000000000,0.0000000000000000
22.000000000000000,69.000000000000000,0.0000000000000000
23.000000000000000,69.000000000000000,0.0000000000000000
24.000000000000000,69.000000000000000,0.0000000000000000
25.000000000000000,69.000000000000000,0.0000000000000000
26.000000000000000,69.000000000000000,0.0000000000000000
27.000000000000000,69.000000000000000,0.0000000000000000
28.000000000000000,69.000000000000000,0.0000000000000000
29.000000000000000,69.000000000000000,0.0000000000000000
30.000000000000000,69.000000000000000,0.0000000000000000
31.000000000000000,69.000000000000000,0.0000000000000000
32.000000000000000,69.000000000000000,0.0000000000000000
33.000000000000000,69.000000000000000,0.0000000000000000
34.000000000000000,69.000000000000000,0.0000000000000000
35.000000000000000,69.000000000000000,0.0000000000000000
36.000000000000000,69.000000000000000,0.0000000000000000
37.000000000000000,69.000000000000000,0.0000000000000000
38.000000000000000,69.000000000000000,0.0000000000000000
39.000000000000000,69.000000000000000,0.0000000000000000
40.000000000000000,69.000000000000000,0.0000000000000000
41.000000000000000,69.000000000000000,0.0000000000000000
42.000000000000000,69.000000000000000,0.0000000000000000
43.000000000000000,69.000000000000000,0.0000000000000000
44.000000000000000,69.000000000000000,0.0000000000000000
45.000000000000000,69.000000000000000,0.0000000000000000
46.000000000000000,69.000000000000000,0.0000000000000000
47.000000000000000,69.000000000000000,0.0000000000000000
48.000000000000000,69.000000000000000,0.0000000000000000
49.000000000000000,69.000000000000000,0.0000000000000000
50.000000000000000,69.000000000000000,0.0000000000000000
51.000000000000000,69.000000000000000,0.0000000000000000
52.000000000000000,69.000000000000000,0.0000000000000000
53.000000000000000,69.000000000000000,0.0000000000000000
54.000000000000000,69.000000000000000,0.0000000000000000
55.000000000000000,69.000000000000000,0.0000000000000000
56.000000000000000,69.000000000000000,0.0000000000000000
57.000000000000000,69.000000000000000,0.0000000000000000
58.000000000000000,69.000000000000000,0.0000000000000000
59.000000000000000,69.000000000000000,0.0000000000000000
60.000000000000000,69.000000000000000,0.0000000000000000
61.000000000000000,69.000000000000000,0.0000000000000000
62.000000000000000,69.000000000000000,0.0000000000000000
63.000000000000000,69.000000000000000,0.0000000000000000
64.000000000000000,69.000000000000000,0.0000000000000000
65.000000000000000,69.000000000000000,0.0000000000000000
66.000000000000000,69.000000000000000,0.0000000000000000
67.000000000000000,69.000000000000000,0.0000000000000000
68.000000000000000,69.000000000000000,0.0000000000000000
69.000000000000000,69.000000000000000,0.0000000000000000
70.000000000000000,69.000000000000000,0.0000000000000000
71.000000000000000,69.000000000000000,0.0000000000000000
72.000000000000000,69.000000000000000,0.0000000000000000
73.000000000000000,69.000000000000000,0.0000000000000000
74.000000000000000,69.000000000000000,0.0000000000000000
75.000000000000000,69.000000000000000,0.0000000000000000
76.000000000000000,69.000000000000000,0.0000000000000000
77.000000000000000,69.000000000000000,0.0000000000000000
78.000000000000000,69.000000000000000,0.0000000000000000
79.000000000000000,69.000000000000000,0.0000000000000000
80.000000000000000,69.000000000000000,0.0000000000000000
81.000000000000000,69.000000000000000,0.0000000000000000
82.000000000000000,69.000000000000000,0.0000000000000000
83.000000000000000,69.000000000000000,0.0000000000000000
84.000000000000000,69.000000000000000,0.0000000000000000
85.000000000000000,69.000000000000000,0.0000000000000000
86.000000000000000,69.000000000000000,0.0000000000000000
87.000000000000000,69.000000000000000,0.0000000000000000
88.000000000000000,69.000000000000000,0.0000000000000000
89.000000000000000,69.000000000000000,0.0000000000000000
90.000000000000000,69.000000000000000,0.0000000000000000
91.000000000000000,69.000000000000000,0.0000000000000000
92.000000000000000,69.000000000000000,0.0000000000000000
93.000000000000000,69.000000000000000,0.0000000000000000
94.000000000000000,69.000000000000000,0.0000000000000000
95.000000000000000,69.000000000000000,0.0000000000000000
96.000000000000000,69.000000000000000,97.199996948242188
97.000000000000000,69.000000000000000,0.0000000000000000
98.000000000000000,69.000000000000000,0.0000000000000000
99.000000000000000,69.000000000000000,0.0000000000000000
100.00000000000000,69.000000000000000,0.0000000000000000
101.00000000000000,69.000000000000000,0.0000000000000000
102.00000000000000,69.000000000000000,0.0000000000000000
103.00000000000000,69.000000000000000,0.0000000000000000
104.00000000000000,69.000000000000000,0.0000000000000000
105.00000000000000,69.000000000000000,0.0000000000000000
106.00000000000000,69.000000000000000,0.0000000000000000
107.00000000000000,69.000000000000000,0.0000000000000000
108.00000000000000,69.000000000000000,0.0000000000000000
109.00000000000000,69.000000000000000,0.0000000000000000
110.00000000000000,69.000000000000000,0.0000000000000000
111.00000000000000,69.000000000000000,0.0000000000000000
112.00000000000000,69.000000000000000,0.0000000000000000
113.00000000000000,69.000000000000000,0.0000000000000000
1.0000000000000000,70.000000000000000,0.0000000000000000
2.0000000000000000,70.000000000000000,0.0000000000000000
3.0000000000000000,70.000000000000000,0.0000000000000000
4.0000000000000000,70.000000000000000,0.0000000000000000
5.0000000000000000,70.000000000000000,0.0000000000000000
6.0000000000000000,70.000000000000000,0.0000000000000000
7.0000000000000000,70.000000000000000,0.0000000000000000
8.0000000000000000,70.000000000000000,0.0000000000000000
9.0000000000000000,70.000000000000000,0.0000000000000000
10.000000000000000,70.000000000000000,0.0000000000000000
11.000000000000000,70.000000000000000,0.0000000000000000
12.000000000000000,70.000000000000000,0.0000000000000000
13.000000000000000,70.000000000000000,0.0000000000000000
14.000000000000000,70.000000000000000,0.0000000000000000
15.000000000000000,70.000000000000000,0.0000000000000000
16.000000000000000,70.000000000000000,0.0000000000000000
17.000000000000000,70.000000000000000,0.0000000000000000
18.000000000000000,70.000000000000000,0.0000000000000000
19.000000000000000,70.000000000000000,0.0000000000000000
20.000000000000000,70.000000000000000,0.0000000000000000
21.000000000000000,70.000000000000000,0.0000000000000000
22.000000000000000,70.000000000000000,0.0000000000000000
23.000000000000000,70.000000000000000,0.0000000000000000
24.000000000000000,70.000000000000000,0.0000000000000000
25.000000000000000,70.000000000000000,0.0000000000000000
26.000000000000000,70.000000000000000,0.0000000000000000
27.000000000000000,70.000000000000000,0.0000000000000000
28.000000000000000,70.000000000000000,0.0000000000000000
29.000000000000000,70.000000000000000,0.0000000000000000
30.000000000000000,70.000000000000000,0.0000000000000000
31.000000000000000,70.000000000000000,0.0000000000000000
32.000000000000000,70.000000000000000,0.0000000000000000
33.000000000000000,70.000000000000000,0.0000000000000000
34.000000000000000,70.000000000000000,0.0000000000000000
35.000000000000000,70.000000000000000,0.0000000000000000
36.000000000000000,70.000000000000000,0.0000000000000000
37.000000000000000,70.000000000000000,0.0000000000000000
38.000000000000000,70.000000000000000,0.0000000000000000
39.000000000000000,70.000000000000000,0.0000000000000000
40.000000000000000,70.000000000000000,0.0000000000000000
41.000000000000000,70.000000000000000,0.0000000000000000
42.000000000000000,70.000000000000000,0.0000000000000000
43.000000000000000,70.000000000000000,0.0000000000000000
44.000000000000000,70.000000000000000,0.0000000000000000
45.000000000000000,70.000000000000000,0.0000000000000000
46.000000000000000,70.000000000000000,0.0000000000000000
47.000000000000000,70.000000000000000,0.0000000000000000
48.000000000000000,70.000000000000000,0.0000000000000000
49.000000000000000,70.000000000000000,0.0000000000000000
50.000000000000000,70.000000000000000,0.0000000000000000
51.000000000000000,70.000000000000000,0.0000000000000000
52.000000000000000,70.000000000000000,0.0000000000000000
53.000000000000000,70.000000000000000,0.0000000000000000
54.000000000000000,70.000000000000000,0.0000000000000000
55.000000000000000,70.000000000000000,0.0000000000000000
56.000000000000000,70.000000000000000,0.0000000000000000
57.000000000000000,70.000000000000000,0.0000000000000000
58.000000000000000,70.000000000000000,0.0000000000000000
59.000000000000000,70.000000000000000,0.0000000000000000
60.000000000000000,70.000000000000000,0.0000000000000000
61.000000000000000,70.000000000000000,0.0000000000000000
62.000000000000000,70.000000000000000,0.0000000000000000
63.000000000000000,70.000000000000000,0.0000000000000000
64.000000000000000,70.000000000000000,0.0000000000000000
65.000000000000000,70.000000000000000,0.0000000000000000
66.000000000000000,70.000000000000000,0.0000000000000000
67.000000000000000,70.000000000000000,0.0000000000000000
68.000000000000000,70.000000000000000,0.0000000000000000
69.000000000000000,70.000000000000000,0.0000000000000000
70.000000000000000,70.000000000000000,0.0000000000000000
71.000000000000000,70.000000000000000,0.0000000000000000
72.000000000000000,70.000000000000000,0.0000000000000000
73.000000000000000,70.000000000000000,0.0000000000000000
74.000000000000000,70.000000000000000,0.0000000000000000
75.000000000000000,70.000000000000000,0.0000000000000000
76.000000000000000,70.000000000000000,0.0000000000000000
77.000000000000000,70.000000000000000,0.0000000000000000
78.000000000000000,70.000000000000000,0.0000000000000000
79.000000000000000,70.000000000000000,0.0000000000000000
80.000000000000000,70.000000000000000,0.0000000000000000
81.000000000000000,70.000000000000000,0.0000000000000000
82.000000000000000,70.000000000000000,0.0000000000000000
83.000000000000000,70.000000000000000,0.0000000000000000
84.000000000000000,70.000000000000000,0.0000000000000000
85.000000000000000,70.000000000000000,0.0000000000000000
86.000000000000000,70.000000000000000,0.0000000000000000
87.000000000000000,70.000000000000000,0.0000000000000000
88.000000000000000,70.000000000000000,0.0000000000000000
89.000000000000000,70.000000000000000,0.0000000000000000
90.000000000000000,70.000000000000000,0.0000000000000000
91.000000000000000,70.000000000000000,0.0000000000000000
92.000000000000000,70.000000000000000,0.0000000000000000
93.000000000000000,70.000000000000000,0.0000000000000000
94.000000000000000,70.000000000000000,0.0000000000000000
95.000000000000000,70.000000000000000,0.0000000000000000
96.000000000000000,70.000000000000000,97.199996948242188
97.000000000000000,70.000000000000000,0.0000000000000000
98.000000000000000,70.000000000000000,0.0000000000000000
99.000000000000000,70.000000000000000,0.0000000000000000
100.00000000000000,70.000000000000000,0.0000000000000000
101.00000000000000,70.000000000000000,0.0000000000000000
102.00000000000000,70.000000000000000,0.0000000000000000
103.00000000000000,70.000000000000000,0.0000000000000000
104.00000000000000,70.000000000000000,0.0000000000000000
105.00000000000000,70.000000000000000,0.0000000000000000
106.00000000000000,70.000000000000000,0.0000000000000000
107.00000000000000,70.000000000000000,0.0000000000000000
108.00000000000000,70.000000000000000,0.0000000000000000
109.00000000000000,70.000000000000000,0.0000000000000000
110.00000000000000,70.000000000000000,0.0000000000000000
111.00000000000000,70.000000000000000,0.0000000000000000
112.00000000000000,70.000000000000000,0.0000000000000000
113.00000000000000,70.000000000000000,0.0000000000000000
1.0000000000000000,71.000000000000000,0.0000000000000000
2.0000000000000000,71.000000000000000,0.0000000000000000
3.0000000000000000,71.000000000000000,0.0000000000000000
4.0000000000000000,71.000000000000000,0.0000000000000000
5.0000000000000000,71.000000000000000,0.0000000000000000
6.0000000000000000,71.000000000000000,0.0000000000000000
7.0000000000000000,71.000000000000000,0.0000000000000000
8.0000000000000000,71.000000000000000,0.0000000000000000
9.0000000000000000,71.000000000000000,0.0000000000000000
10.000000000000000,71.000000000000000,0.0000000000000000
11.000000000000000,71.000000000000000,0.0000000000000000
12.000000000000000,71.000000000000000,0.0000000000000000
13.000000000000000,71.000000000000000,0.0000000000000000
14.000000000000000,71.000000000000000,0.0000000000000000
15.000000000000000,71.000000000000000,0.0000000000000000
16.000000000000000,71.000000000000000,0.0000000000000000
17.000000000000000,71.000000000000000,0.0000000000000000
18.000000000000000,71.000000000000000,0.0000000000000000
19.000000000000000,71.000000000000000,0.0000000000000000
20.000000000000000,71.000000000000000,0.0000000000000000
21.000000000000000,71.000000000000000,0.0000000000000000
22.000000000000000,71.000000000000000,0.0000000000000000
23.000000000000000,71.000000000000000,0.0000000000000000
24.000000000000000,71.000000000000000,0.0000000000000000
25.000000000000000,71.000000000000000,0.0000000000000000
26.000000000000000,71.000000000000000,0.0000000000000000
27.000000000000000,71.000000000000000,0.0000000000000000
28.000000000000000,71.000000000000000,0.0000000000000000
29.000000000000000,71.000000000000000,0.0000000000000000
30.000000000000000,71.000000000000000,0.0000000000000000
31.000000000000000,71.000000000000000,0.0000000000000000
32.000000000000000,71.000000000000000,0.0000000000000000
33.000000000000000,71.000000000000000,0.0000000000000000
34.000000000000000,71.000000000000000,0.0000000000000000
35.000000000000000,71.000000000000000,0.0000000000000000
36.000000000000000,71.000000000000000,0.0000000000000000
37.000000000000000,71.000000000000000,0.0000000000000000
38.000000000000000,71.000000000000000,0.0000000000000000
39.000000000000000,71.000000000000000,0.0000000000000000
40.000000000000000,71.000000000000000,0.0000000000000000
41.000000000000000,71.000000000000000,0.0000000000000000
42.000000000000000,71.000000000000000,0.0000000000000000
43.000000000000000,71.000000000000000,0.0000000000000000
44.000000000000000,71.000000000000000,0.0000000000000000
45.000000000000000,71.000000000000000,0.0000000000000000
46.000000000000000,71.000000000000000,0.0000000000000000
47.000000000000000,71.000000000000000,0.0000000000000000
48.000000000000000,71.000000000000000,0.0000000000000000
49.000000000000000,71.000000000000000,0.0000000000000000
50.000000000000000,71.000000000000000,0.0000000000000000
51.000000000000000,71.000000000000000,0.0000000000000000
52.000000000000000,71.000000000000000,0.0000000000000000
53.000000000000000,71.000000000000000,0.0000000000000000
54.000000000000000,71.000000000000000,0.0000000000000000
55.000000000000000,71.000000000000000,0.0000000000000000
56.000000000000000,71.000000000000000,0.0000000000000000
57.000000000000000,71.000000000000000,0.0000000000000000
58.000000000000000,71.000000000000000,0.0000000000000000
59.000000000000000,71.000000000000000,0.0000000000000000
60.000000000000000,71.000000000000000,0.0000000000000000
61.000000000000000,71.000000000000000,0.0000000000000000
62.000000000000000,71.000000000000000,0.0000000000000000
63.000000000000000,71.000000000000000,0.0000000000000000
64.000000000000000,71.000000000000000,0.0000000000000000
65.000000000000000,71.000000000000000,0.0000000000000000
66.000000000000000,71.000000000000000,0.0000000000000000
67.000000000000000,71.000000000000000,0.0000000000000000
68.000000000000000,71.000000000000000,0.0000000000000000
69.000000000000000,71.000000000000000,0.0000000000000000
70.000000000000000,71.000000000000000,0.0000000000000000
71.000000000000000,71.000000000000000,0.0000000000000000
72.000000000000000,71.000000000000000,0.0000000000000000
73.000000000000000,71.000000000000000,0.0000000000000000
74.000000000000000,71.000000000000000,0.0000000000000000
75.000000000000000,71.000000000000000,0.0000000000000000
76.000000000000000,71.000000000000000,0.0000000000000000
77.000000000000000,71.000000000000000,0.0000000000000000
78.000000000000000,71.000000000000000,0.0000000000000000
79.000000000000000,71.000000000000000,0.0000000000000000
80.000000000000000,71.000000000000000,0.0000000000000000
81.000000000000000,71.000000000000000,0.0000000000000000
82.000000000000000,71.000000000000000,0.0000000000000000
83.000000000000000,71.000000000000000,0.0000000000000000
84.000000000000000,71.000000000000000,0.0000000000000000
85.000000000000000,71.000000000000000,0.0000000000000000
86.000000000000000,71.000000000000000,0.0000000000000000
87.000000000000000,71.000000000000000,0.0000000000000000
88.000000000000000,71.000000000000000,0.0000000000000000
89.000000000000000,71.000000000000000,0.0000000000000000
90.000000000000000,71.000000000000000,0.0000000000000000
91.000000000000000,71.000000000000000,0.0000000000000000
92.000000000000000,71.000000000000000,0.0000000000000000
93.000000000000000,71.000000000000000,0.0000000000000000
94.000000000000000,71.000000000000000,0.0000000000000000
95.000000000000000,71.000000000000000,0.0000000000000000
96.000000000000000,71.000000000000000,97.300003051757812
97.000000000000000,71.000000000000000,97.300003051757812
98.000000000000000,71.000000000000000,0.0000000000000000
99.000000000000000,71.000000000000000,0.0000000000000000
100.00000000000000,71.000000000000000,0.0000000000000000
101.00000000000000,71.000000000000000,0.0000000000000000
102.00000000000000,71.000000000000000,0.0000000000000000
103.00000000000000,71.000000000000000,0.0000000000000000
104.00000000000000,71.000000000000000,0.0000000000000000
105.00000000000000,71.000000000000000,0.0000000000000000
106.00000000000000,71.000000000000000,0.0000000000000000
107.00000000000000,71.000000000000000,0.0000000000000000
108.00000000000000,71.000000000000000,0.0000000000000000
109.00000000000000,71.000000000000000,0.0000000000000000
110.00000000000000,71.000000000000000,0.0000000000000000
111.00000000000000,71.000000000000000,0.0000000000000000
112.00000000000000,71.000000000000000,0.0000000000000000
113.00000000000000,71.000000000000000,0.0000000000000000
1.0000000000000000,72.000000000000000,0.0000000000000000
2.0000000000000000,72.000000000000000,0.0000000000000000
3.0000000000000000,72.000000000000000,0.0000000000000000
4.0000000000000000,72.000000000000000,0.0000000000000000
5.0000000000000000,72.000000000000000,0.0000000000000000
6.0000000000000000,72.000000000000000,0.0000000000000000
7.0000000000000000,72.000000000000000,0.0000000000000000
8.0000000000000000,72.000000000000000,0.0000000000000000
9.0000000000000000,72.000000000000000,0.0000000000000000
10.000000000000000,72.000000000000000,0.0000000000000000
11.000000000000000,72.000000000000000,0.0000000000000000
12.000000000000000,72.000000000000000,0.0000000000000000
13.000000000000000,72.000000000000000,0.0000000000000000
14.000000000000000,72.000000000000000,0.0000000000000000
15.000000000000000,72.000000000000000,0.0000000000000000
16.000000000000000,72.000000000000000,0.0000000000000000
17.000000000000000,72.000000000000000,0.0000000000000000
18.000000000000000,72.000000000000000,0.0000000000000000
19.000000000000000,72.000000000000000,0.0000000000000000
20.000000000000000,72.000000000000000,0.0000000000000000
21.000000000000000,72.000000000000000,0.0000000000000000
22.000000000000000,72.000000000000000,0.0000000000000000
23.000000000000000,72.000000000000000,0.0000000000000000
24.000000000000000,72.000000000000000,0.0000000000000000
25.000000000000000,72.000000000000000,0.0000000000000000
26.000000000000000,72.000000000000000,0.0000000000000000
27.000000000000000,72.000000000000000,0.0000000000000000
28.000000000000000,72.000000000000000,0.0000000000000000
29.000000000000000,72.000000000000000,0.0000000000000000
30.000000000000000,72.000000000000000,0.0000000000000000
31.000000000000000,72.000000000000000,0.0000000000000000
32.000000000000000,72.000000000000000,0.0000000000000000
33.000000000000000,72.000000000000000,0.0000000000000000
34.000000000000000,72.000000000000000,0.0000000000000000
35.000000000000000,72.000000000000000,0.0000000000000000
36.000000000000000,72.000000000000000,0.0000000000000000
37.000000000000000,72.000000000000000,0.0000000000000000
38.000000000000000,72.000000000000000,0.0000000000000000
39.000000000000000,72.000000000000000,0.0000000000000000
40.000000000000000,72.000000000000000,0.0000000000000000
41.000000000000000,72.000000000000000,0.0000000000000000
42.000000000000000,72.000000000000000,0.0000000000000000
43.000000000000000,72.000000000000000,0.0000000000000000
44.000000000000000,72.000000000000000,0.0000000000000000
45.000000000000000,72.000000000000000,0.0000000000000000
46.000000000000000,72.000000000000000,0.0000000000000000
47.000000000000000,72.000000000000000,0.0000000000000000
48.000000000000000,72.000000000000000,0.0000000000000000
49.000000000000000,72.000000000000000,0.0000000000000000
50.000000000000000,72.000000000000000,0.0000000000000000
51.000000000000000,72.000000000000000,0.0000000000000000
52.000000000000000,72.000000000000000,0.0000000000000000
53.000000000000000,72.000000000000000,0.0000000000000000
54.000000000000000,72.000000000000000,0.0000000000000000
55.000000000000000,72.000000000000000,0.0000000000000000
56.000000000000000,72.000000000000000,0.0000000000000000
57.000000000000000,72.000000000000000,0.0000000000000000
58.000000000000000,72.000000000000000,0.0000000000000000
59.000000000000000,72.000000000000000,0.0000000000000000
60.000000000000000,72.000000000000000,0.0000000000000000
61.000000000000000,72.000000000000000,0.0000000000000000
62.000000000000000,72.000000000000000,0.0000000000000000
63.000000000000000,72.000000000000000,0.0000000000000000
64.000000000000000,72.000000000000000,0.0000000000000000
65.000000000000000,72.000000000000000,0.0000000000000000
66.000000000000000,72.000000000000000,0.0000000000000000
67.000000000000000,72.000000000000000,0.0000000000000000
68.000000000000000,72.000000000000000,0.0000000000000000
69.000000000000000,72.000000000000000,0.0000000000000000
70.000000000000000,72.000000000000000,0.0000000000000000
71.000000000000000,72.000000000000000,0.0000000000000000
72.000000000000000,72.000000000000000,0.0000000000000000
73.000000000000000,72.000000000000000,0.0000000000000000
74.000000000000000,72.000000000000000,0.0000000000000000
75.000000000000000,72.000000000000000,0.0000000000000000
76.000000000000000,72.000000000000000,0.0000000000000000
77.000000000000000,72.000000000000000,0.0000000000000000
78.000000000000000,72.000000000000000,0.0000000000000000
79.000000000000000,72.000000000000000,0.0000000000000000
80.000000000000000,72.000000000000000,0.0000000000000000
81.000000000000000,72.000000000000000,0.0000000000000000
82.000000000000000,72.000000000000000,0.0000000000000000
83.000000000000000,72.000000000000000,0.0000000000000000
84.000000000000000,72.000000000000000,0.0000000000000000
85.000000000000000,72.000000000000000,0.0000000000000000
86.000000000000000,72.000000000000000,0.0000000000000000
87.000000000000000,72.000000000000000,0.0000000000000000
88.000000000000000,72.000000000000000,0.0000000000000000
89.000000000000000,72.000000000000000,0.0000000000000000
90.000000000000000,72.000000000000000,0.0000000000000000
91.000000000000000,72.000000000000000,0.0000000000000000
92.000000000000000,72.000000000000000,0.0000000000000000
93.000000000000000,72.000000000000000,0.0000000000000000
94.000000000000000,72.000000000000000,0.0000000000000000
95.000000000000000,72.000000000000000,0.0000000000000000
96.000000000000000,72.000000000000000,97.300003051757812
97.000000000000000,72.000000000000000,97.300003051757812
98.000000000000000,72.000000000000000,0.0000000000000000
99.000000000000000,72.000000000000000,0.0000000000000000
100.00000000000000,72.000000000000000,0.0000000000000000
101.00000000000000,72.000000000000000,0.0000000000000000
102.00000000000000,72.000000000000000,0.0000000000000000
103.00000000000000,72.000000000000000,0.0000000000000000
104.00000000000000,72.000000000000000,0.0000000000000000
105.00000000000000,72.000000000000000,0.0000000000000000
106.00000000000000,72.000000000000000,0.0000000000000000
107.00000000000000,72.000000000000000,0.0000000000000000
108.00000000000000,72.000000000000000,0.0000000000000000
109.00000000000000,72.000000000000000,0.0000000000000000
110.00000000000000,72.000000000000000,0.0000000000000000
111.00000000000000,72.000000000000000,0.0000000000000000
112.00000000000000,72.000000000000000,0.0000000000000000
113.00000000000000,72.000000000000000,0.0000000000000000
1.0000000000000000,73.000000000000000,0.0000000000000000
2.0000000000000000,73.000000000000000,0.0000000000000000
3.0000000000000000,73.000000000000000,0.0000000000000000
4.0000000000000000,73.000000000000000,0.0000000000000000
5.0000000000000000,73.000000000000000,0.0000000000000000
6.0000000000000000,73.000000000000000,0.0000000000000000
7.0000000000000000,73.000000000000000,0.0000000000000000
8.0000000000000000,73.000000000000000,0.0000000000000000
9.0000000000000000,73.000000000000000,0.0000000000000000
10.000000000000000,73.000000000000000,0.0000000000000000
11.000000000000000,73.000000000000000,0.0000000000000000
12.000000000000000,73.000000000000000,0.0000000000000000
13.000000000000000,73.000000000000000,0.0000000000000000
14.000000000000000,73.000000000000000,0.0000000000000000
15.000000000000000,73.000000000000000,0.0000000000000000
16.000000000000000,73.000000000000000,0.0000000000000000
17.000000000000000,73.000000000000000,0.0000000000000000
18.000000000000000,73.000000000000000,0.0000000000000000
19.000000000000000,73.000000000000000,0.0000000000000000
20.000000000000000,73.000000000000000,0.0000000000000000
21.000000000000000,73.000000000000000,0.0000000000000000
22.000000000000000,73.000000000000000,0.0000000000000000
23.000000000000000,73.000000000000000,0.0000000000000000
24.000000000000000,73.000000000000000,0.0000000000000000
25.000000000000000,73.000000000000000,0.0000000000000000
26.000000000000000,73.000000000000000,0.0000000000000000
27.000000000000000,73.000000000000000,0.0000000000000000
28.000000000000000,73.000000000000000,0.0000000000000000
29.000000000000000,73.000000000000000,0.0000000000000000
30.000000000000000,73.000000000000000,0.0000000000000000
31.000000000000000,73.000000000000000,0.0000000000000000
32.000000000000000,73.000000000000000,0.0000000000000000
33.000000000000000,73.000000000000000,0.0000000000000000
34.000000000000000,73.000000000000000,0.0000000000000000
35.000000000000000,73.000000000000000,0.0000000000000000
36.000000000000000,73.000000000000000,0.0000000000000000
37.000000000000000,73.000000000000000,0.0000000000000000
38.000000000000000,73.000000000000000,0.0000000000000000
39.000000000000000,73.000000000000000,0.0000000000000000
40.000000000000000,73.000000000000000,0.0000000000000000
41.000000000000000,73.000000000000000,0.0000000000000000
42.000000000000000,73.000000000000000,0.0000000000000000
43.000000000000000,73.000000000000000,0.0000000000000000
44.000000000000000,73.000000000000000,0.0000000000000000
45.000000000000000,73.000000000000000,0.0000000000000000
46.000000000000000,73.000000000000000,0.0000000000000000
47.000000000000000,73.000000000000000,0.0000000000000000
48.000000000000000,73.000000000000000,0.0000000000000000
49.000000000000000,73.000000000000000,0.0000000000000000
50.000000000000000,73.000000000000000,0.0000000000000000
51.000000000000000,73.000000000000000,0.0000000000000000
52.000000000000000,73.000000000000000,0.0000000000000000
53.000000000000000,73.000000000000000,0.0000000000000000
54.000000000000000,73.000000000000000,0.0000000000000000
55.000000000000000,73.000000000000000,0.0000000000000000
56.000000000000000,73.000000000000000,0.0000000000000000
57.000000000000000,73.000000000000000,0.0000000000000000
58.000000000000000,73.000000000000000,0.0000000000000000
59.000000000000000,73.000000000000000,0.0000000000000000
60.000000000000000,73.000000000000000,0.0000000000000000
61.000000000000000,73.000000000000000,0.0000000000000000
62.000000000000000,73.000000000000000,0.0000000000000000
63.000000000000000,73.000000000000000,0.0000000000000000
64.000000000000000,73.000000000000000,0.0000000000000000
65.000000000000000,73.000000000000000,0.0000000000000000
66.000000000000000,73.000000000000000,0.0000000000000000
67.000000000000000,73.000000000000000,0.0000000000000000
68.000000000000000,73.000000000000000,0.0000000000000000
69.000000000000000,73.000000000000000,0.0000000000000000
70.000000000000000,73.000000000000000,0.0000000000000000
71.000000000000000,73.000000000000000,0.0000000000000000
72.000000000000000,73.000000000000000,0.0000000000000000
73.000000000000000,73.000000000000000,0.0000000000000000
74.000000000000000,73.000000000000000,0.0000000000000000
75.000000000000000,73.000000000000000,0.0000000000000000
76.000000000000000,73.000000000000000,0.0000000000000000
77.000000000000000,73.000000000000000,0.0000000000000000
78.000000000000000,73.000000000000000,0.0000000000000000
79.000000000000000,73.000000000000000,0.0000000000000000
80.000000000000000,73.000000000000000,0.0000000000000000
81.000000000000000,73.000000000000000,0.0000000000000000
82.000000000000000,73.000000000000000,0.0000000000000000
83.000000000000000,73.000000000000000,0.0000000000000000
84.000000000000000,73.000000000000000,0.0000000000000000
85.000000000000000,73.000000000000000,0.0000000000000000
86.000000000000000,73.000000000000000,0.0000000000000000
87.000000000000000,73.000000000000000,0.0000000000000000
88.000000000000000,73.000000000000000,0.0000000000000000
89.000000000000000,73.000000000000000,0.0000000000000000
90.000000000000000,73.000000000000000,0.0000000000000000
91.000000000000000,73.000000000000000,0.0000000000000000
92.000000000000000,73.000000000000000,0.0000000000000000
93.000000000000000,73.000000000000000,0.0000000000000000
94.000000000000000,73.000000000000000,0.0000000000000000
95.000000000000000,73.000000000000000,0.0000000000000000
96.000000000000000,73.000000000000000,97.300003051757812
97.000000000000000,73.000000000000000,97.300003051757812
98.000000000000000,73.000000000000000,0.0000000000000000
99.000000000000000,73.000000000000000,0.0000000000000000
100.00000000000000,73.000000000000000,0.0000000000000000
101.00000000000000,73.000000000000000,0.0000000000000000
102.00000000000000,73.000000000000000,0.0000000000000000
103.00000000000000,73.000000000000000,0.0000000000000000
104.00000000000000,73.000000000000000,0.0000000000000000
105.00000000000000,73.000000000000000,0.0000000000000000
106.00000000000000,73.000000000000000,0.0000000000000000
107.00000000000000,73.000000000000000,0.0000000000000000
108.00000000000000,73.000000000000000,0.0000000000000000
109.00000000000000,73.000000000000000,0.0000000000000000
110.00000000000000,73.000000000000000,0.0000000000000000
111.00000000000000,73.000000000000000,0.0000000000000000
112.00000000000000,73.000000000000000,0.0000000000000000
113.00000000000000,73.000000000000000,0.0000000000000000
1.0000000000000000,74.000000000000000,0.0000000000000000
2.0000000000000000,74.000000000000000,0.0000000000000000
3.0000000000000000,74.000000000000000,0.0000000000000000
4.0000000000000000,74.000000000000000,0.0000000000000000
5.0000000000000000,74.000000000000000,0.0000000000000000
6.0000000000000000,74.000000000000000,0.0000000000000000
7.0000000000000000,74.000000000000000,0.0000000000000000
8.0000000000000000,74.000000000000000,0.0000000000000000
9.0000000000000000,74.000000000000000,0.0000000000000000
10.000000000000000,74.000000000000000,0.0000000000000000
11.000000000000000,74.000000000000000,0.0000000000000000
12.000000000000000,74.000000000000000,0.0000000000000000
13.000000000000000,74.000000000000000,0.0000000000000000
14.000000000000000,74.000000000000000,0.0000000000000000
15.000000000000000,74.000000000000000,0.0000000000000000
16.000000000000000,74.000000000000000,0.0000000000000000
17.000000000000000,74.000000000000000,0.0000000000000000
18.000000000000000,74.000000000000000,0.0000000000000000
19.000000000000000,74.000000000000000,0.0000000000000000
20.000000000000000,74.000000000000000,0.0000000000000000
21.000000000000000,74.000000000000000,0.0000000000000000
22.000000000000000,74.000000000000000,0.0000000000000000
23.000000000000000,74.000000000000000,0.0000000000000000
24.000000000000000,74.000000000000000,0.0000000000000000
25.000000000000000,74.000000000000000,0.0000000000000000
26.000000000000000,74.000000000000000,0.0000000000000000
27.000000000000000,74.000000000000000,0.0000000000000000
28.000000000000000,74.000000000000000,0.0000000000000000
29.000000000000000,74.000000000000000,0.0000000000000000
30.000000000000000,74.000000000000000,0.0000000000000000
31.000000000000000,74.000000000000000,0.0000000000000000
32.000000000000000,74.000000000000000,0.0000000000000000
33.000000000000000,74.000000000000000,0.0000000000000000
34.000000000000000,74.000000000000000,0.0000000000000000
35.000000000000000,74.000000000000000,0.0000000000000000
36.000000000000000,74.000000000000000,0.0000000000000000
37.000000000000000,74.000000000000000,0.0000000000000000
38.000000000000000,74.000000000000000,0.0000000000000000
39.000000000000000,74.000000000000000,0.0000000000000000
40.000000000000000,74.000000000000000,0.0000000000000000
41.000000000000000,74.000000000000000,0.0000000000000000
42.000000000000000,74.000000000000000,0.0000000000000000
43.000000000000000,74.000000000000000,0.0000000000000000
44.000000000000000,74.000000000000000,0.0000000000000000
45.000000000000000,74.000000000000000,0.0000000000000000
46.000000000000000,74.000000000000000,0.0000000000000000
47.000000000000000,74.000000000000000,0.0000000000000000
48.000000000000000,74.000000000000000,0.0000000000000000
49.000000000000000,74.000000000000000,0.0000000000000000
50.000000000000000,74.000000000000000,0.0000000000000000
51.000000000000000,74.000000000000000,0.0000000000000000
52.000000000000000,74.000000000000000,0.0000000000000000
53.000000000000000,74.000000000000000,0.0000000000000000
54.000000000000000,74.000000000000000,0.0000000000000000
55.000000000000000,74.000000000000000,0.0000000000000000
56.000000000000000,74.000000000000000,0.0000000000000000
57.000000000000000,74.000000000000000,0.0000000000000000
58.000000000000000,74.000000000000000,0.0000000000000000
59.000000000000000,74.000000000000000,0.0000000000000000
60.000000000000000,74.000000000000000,0.0000000000000000
61.000000000000000,74.000000000000000,0.0000000000000000
62.000000000000000,74.000000000000000,0.0000000000000000
63.000000000000000,74.000000000000000,0.0000000000000000
64.000000000000000,74.000000000000000,0.0000000000000000
65.000000000000000,74.000000000000000,0.0000000000000000
66.000000000000000,74.000000000000000,0.0000000000000000
67.000000000000000,74.000000000000000,0.0000000000000000
68.000000000000000,74.000000000000000,0.0000000000000000
69.000000000000000,74.000000000000000,0.0000000000000000
70.000000000000000,74.000000000000000,0.0000000000000000
71.000000000000000,74.000000000000000,0.0000000000000000
72.000000000000000,74.000000000000000,0.0000000000000000
73.000000000000000,74.000000000000000,0.0000000000000000
74.000000000000000,74.000000000000000,0.0000000000000000
75.000000000000000,74.000000000000000,0.0000000000000000
76.000000000000000,74.000000000000000,0.0000000000000000
77.000000000000000,74.000000000000000,0.0000000000000000
78.000000000000000,74.000000000000000,0.0000000000000000
79.000000000000000,74.000000000000000,0.0000000000000000
80.000000000000000,74.000000000000000,0.0000000000000000
81.000000000000000,74.000000000000000,0.0000000000000000
82.000000000000000,74.000000000000000,0.0000000000000000
83.000000000000000,74.000000000000000,0.0000000000000000
84.000000000000000,74.000000000000000,0.0000000000000000
85.000000000000000,74.000000000000000,0.0000000000000000
86.000000000000000,74.000000000000000,0.0000000000000000
87.000000000000000,74.000000000000000,0.0000000000000000
88.000000000000000,74.000000000000000,0.0000000000000000
89.000000000000000,74.000000000000000,0.0000000000000000
90.000000000000000,74.000000000000000,0.0000000000000000
91.000000000000000,74.000000000000000,0.0000000000000000
92.000000000000000,74.000000000000000,0.0000000000000000
93.000000000000000,74.000000000000000,0.0000000000000000
94.000000000000000,74.000000000000000,0.0000000000000000
95.000000000000000,74.000000000000000,0.0000000000000000
96.000000000000000,74.000000000000000,97.400001525878906
97.000000000000000,74.000000000000000,97.400001525878906
98.000000000000000,74.000000000000000,0.0000000000000000
99.000000000000000,74.000000000000000,0.0000000000000000
100.00000000000000,74.000000000000000,0.0000000000000000
101.00000000000000,74.000000000000000,0.0000000000000000
102.00000000000000,74.000000000000000,0.0000000000000000
103.00000000000000,74.000000000000000,0.0000000000000000
104.00000000000000,74.000000000000000,0.0000000000000000
105.00000000000000,74.000000000000000,0.0000000000000000
106.00000000000000,74.000000000000000,0.0000000000000000
107.00000000000000,74.000000000000000,0.0000000000000000
108.00000000000000,74.000000000000000,0.0000000000000000
109.00000000000000,74.000000000000000,0.0000000000000000
110.00000000000000,74.000000000000000,0.0000000000000000
111.00000000000000,74.000000000000000,0.0000000000000000
112.00000000000000,74.000000000000000,0.0000000000000000
113.00000000000000,74.000000000000000,0.0000000000000000
1.0000000000000000,75.000000000000000,0.0000000000000000
2.0000000000000000,75.000000000000000,0.0000000000000000
3.0000000000000000,75.000000000000000,0.0000000000000000
4.0000000000000000,75.000000000000000,0.0000000000000000
5.0000000000000000,75.000000000000000,0.0000000000000000
6.0000000000000000,75.000000000000000,0.0000000000000000
7.0000000000000000,75.000000000000000,0.0000000000000000
8.0000000000000000,75.000000000000000,0.0000000000000000
9.0000000000000000,75.000000000000000,0.0000000000000000
10.000000000000000,75.000000000000000,0.0000000000000000
11.000000000000000,75.000000000000000,0.0000000000000000
12.000000000000000,75.000000000000000,0.0000000000000000
13.000000000000000,75.000000000000000,0.0000000000000000
14.000000000000000,75.000000000000000,0.0000000000000000
15.000000000000000,75.000000000000000,0.0000000000000000
16.000000000000000,75.000000000000000,0.0000000000000000
17.000000000000000,75.000000000000000,0.0000000000000000
18.000000000000000,75.000000000000000,0.0000000000000000
19.000000000000000,75.000000000000000,0.0000000000000000
20.000000000000000,75.000000000000000,0.0000000000000000
21.000000000000000,75.000000000000000,0.0000000000000000
22.000000000000000,75.000000000000000,0.0000000000000000
23.000000000000000,75.000000000000000,0.0000000000000000
24.000000000000000,75.000000000000000,0.0000000000000000
25.000000000000000,75.000000000000000,0.0000000000000000
26.000000000000000,75.000000000000000,0.0000000000000000
27.000000000000000,75.000000000000000,0.0000000000000000
28.000000000000000,75.000000000000000,0.0000000000000000
29.000000000000000,75.000000000000000,0.0000000000000000
30.000000000000000,75.000000000000000,0.0000000000000000
31.000000000000000,75.000000000000000,0.0000000000000000
32.000000000000000,75.000000000000000,0.0000000000000000
33.000000000000000,75.000000000000000,0.0000000000000000
34.000000000000000,75.000000000000000,0.0000000000000000
35.000000000000000,75.000000000000000,0.0000000000000000
36.000000000000000,75.000000000000000,0.0000000000000000
37.000000000000000,75.000000000000000,0.0000000000000000
38.000000000000000,75.000000000000000,0.0000000000000000
39.000000000000000,75.000000000000000,0.0000000000000000
40.000000000000000,75.000000000000000,0.0000000000000000
41.000000000000000,75.000000000000000,0.0000000000000000
42.000000000000000,75.000000000000000,0.0000000000000000
43.000000000000000,75.000000000000000,0.0000000000000000
44.000000000000000,75.000000000000000,0.0000000000000000
45.000000000000000,75.000000000000000,0.0000000000000000
46.000000000000000,75.000000000000000,0.0000000000000000
47.000000000000000,75.000000000000000,0.0000000000000000
48.000000000000000,75.000000000000000,0.0000000000000000
49.000000000000000,75.000000000000000,0.0000000000000000
50.000000000000000,75.000000000000000,0.0000000000000000
51.000000000000000,75.000000000000000,0.0000000000000000
52.000000000000000,75.000000000000000,0.0000000000000000
53.000000000000000,75.000000000000000,0.0000000000000000
54.000000000000000,75.000000000000000,0.0000000000000000
55.000000000000000,75.000000000000000,0.0000000000000000
56.000000000000000,75.000000000000000,0.0000000000000000
57.000000000000000,75.000000000000000,0.0000000000000000
58.000000000000000,75.000000000000000,0.0000000000000000
59.000000000000000,75.000000000000000,0.0000000000000000
60.000000000000000,75.000000000000000,0.0000000000000000
61.000000000000000,75.000000000000000,0.0000000000000000
62.000000000000000,75.000000000000000,0.0000000000000000
63.000000000000000,75.000000000000000,0.0000000000000000
64.000000000000000,75.000000000000000,0.0000000000000000
65.000000000000000,75.000000000000000,0.0000000000000000
66.000000000000000,75.000000000000000,0.0000000000000000
67.000000000000000,75.000000000000000,0.0000000000000000
68.000000000000000,75.000000000000000,0.0000000000000000
69.000000000000000,75.000000000000000,0.0000000000000000
70.000000000000000,75.000000000000000,0.0000000000000000
71.000000000000000,75.000000000000000,0.0000000000000000
72.000000000000000,75.000000000000000,0.0000000000000000
73.000000000000000,75.000000000000000,0.0000000000000000
74.000000000000000,75.000000000000000,0.0000000000000000
75.000000000000000,75.000000000000000,0.0000000000000000
76.000000000000000,75.000000000000000,0.0000000000000000
77.000000000000000,75.000000000000000,0.0000000000000000
78.000000000000000,75.000000000000000,0.0000000000000000
79.000000000000000,75.000000000000000,0.0000000000000000
80.000000000000000,75.000000000000000,0.0000000000000000
81.000000000000000,75.000000000000000,0.0000000000000000
82.000000000000000,75.000000000000000,0.0000000000000000
83.000000000000000,75.000000000000000,0.0000000000000000
84.000000000000000,75.000000000000000,0.0000000000000000
85.000000000000000,75.000000000000000,0.0000000000000000
86.000000000000000,75.000000000000000,0.0000000000000000
87.000000000000000,75.000000000000000,0.0000000000000000
88.000000000000000,75.000000000000000,0.0000000000000000
89.000000000000000,75.000000000000000,0.0000000000000000
90.000000000000000,75.000000000000000,0.0000000000000000
91.000000000000000,75.000000000000000,0.0000000000000000
92.000000000000000,75.000000000000000,0.0000000000000000
93.000000000000000,75.000000000000000,0.0000000000000000
94.000000000000000,75.000000000000000,0.0000000000000000
95.000000000000000,75.000000000000000,0.0000000000000000
96.000000000000000,75.000000000000000,97.400001525878906
97.000000000000000,75.000000000000000,97.400001525878906
98.000000000000000,75.000000000000000,0.0000000000000000
99.000000000000000,75.000000000000000,0.0000000000000000
100.00000000000000,75.000000000000000,0.0000000000000000
101.00000000000000,75.000000000000000,0.0000000000000000
102.00000000000000,75.000000000000000,0.0000000000000000
103.00000000000000,75.000000000000000,0.0000000000000000
104.00000000000000,75.000000000000000,0.0000000000000000
105.00000000000000,75.000000000000000,0.0000000000000000
106.00000000000000,75.000000000000000,0.0000000000000000
107.00000000000000,75.000000000000000,0.0000000000000000
108.00000000000000,75.000000000000000,0.0000000000000000
109.00000000000000,75.000000000000000,0.0000000000000000
110.00000000000000,75.000000000000000,0.0000000000000000
111.00000000000000,75.000000000000000,0.0000000000000000
112.00000000000000,75.000000000000000,0.0000000000000000
113.00000000000000,75.000000000000000,0.0000000000000000
1.0000000000000000,76.000000000000000,0.0000000000000000
2.0000000000000000,76.000000000000000,0.0000000000000000
3.0000000000000000,76.000000000000000,0.0000000000000000
4.0000000000000000,76.000000000000000,0.0000000000000000
5.0000000000000000,76.000000000000000,0.0000000000000000
6.0000000000000000,76.000000000000000,0.0000000000000000
7.0000000000000000,76.000000000000000,0.0000000000000000
8.0000000000000000,76.000000000000000,0.0000000000000000
9.0000000000000000,76.000000000000000,0.0000000000000000
10.000000000000000,76.000000000000000,0.0000000000000000
11.000000000000000,76.000000000000000,0.0000000000000000
12.000000000000000,76.000000000000000,0.0000000000000000
13.000000000000000,76.000000000000000,0.0000000000000000
14.000000000000000,76.000000000000000,0.0000000000000000
15.000000000000000,76.000000000000000,0.0000000000000000
16.000000000000000,76.000000000000000,0.0000000000000000
17.000000000000000,76.000000000000000,0.0000000000000000
18.000000000000000,76.000000000000000,0.0000000000000000
19.000000000000000,76.000000000000000,0.0000000000000000
20.000000000000000,76.000000000000000,0.0000000000000000
21.000000000000000,76.000000000000000,0.0000000000000000
22.000000000000000,76.000000000000000,0.0000000000000000
23.000000000000000,76.000000000000000,0.0000000000000000
24.000000000000000,76.000000000000000,0.0000000000000000
25.000000000000000,76.000000000000000,0.0000000000000000
26.000000000000000,76.000000000000000,0.0000000000000000
27.000000000000000,76.000000000000000,0.0000000000000000
28.000000000000000,76.000000000000000,0.0000000000000000
29.000000000000000,76.000000000000000,0.0000000000000000
30.000000000000000,76.000000000000000,0.0000000000000000
31.000000000000000,76.000000000000000,0.0000000000000000
32.000000000000000,76.000000000000000,0.0000000000000000
33.000000000000000,76.000000000000000,0.0000000000000000
34.000000000000000,76.000000000000000,0.0000000000000000
35.000000000000000,76.000000000000000,0.0000000000000000
36.000000000000000,76.000000000000000,0.0000000000000000
37.000000000000000,76.000000000000000,0.0000000000000000
38.000000000000000,76.000000000000000,0.0000000000000000
39.000000000000000,76.000000000000000,0.0000000000000000
40.000000000000000,76.000000000000000,0.0000000000000000
41.000000000000000,76.000000000000000,0.0000000000000000
42.000000000000000,76.000000000000000,0.0000000000000000
43.000000000000000,76.000000000000000,0.0000000000000000
44.000000000000000,76.000000000000000,0.0000000000000000
45.000000000000000,76.000000000000000,0.0000000000000000
46.000000000000000,76.000000000000000,0.0000000000000000
47.000000000000000,76.000000000000000,0.0000000000000000
48.000000000000000,76.000000000000000,0.0000000000000000
49.000000000000000,76.000000000000000,0.0000000000000000
50.000000000000000,76.000000000000000,0.0000000000000000
51.000000000000000,76.000000000000000,0.0000000000000000
52.000000000000000,76.000000000000000,0.0000000000000000
53.000000000000000,76.000000000000000,0.0000000000000000
54.000000000000000,76.000000000000000,0.0000000000000000
55.000000000000000,76.000000000000000,0.0000000000000000
56.000000000000000,76.000000000000000,0.0000000000000000
57.000000000000000,76.000000000000000,0.0000000000000000
58.000000000000000,76.000000000000000,0.0000000000000000
59.000000000000000,76.000000000000000,0.0000000000000000
60.000000000000000,76.000000000000000,0.0000000000000000
61.000000000000000,76.000000000000000,0.0000000000000000
62.000000000000000,76.000000000000000,0.0000000000000000
63.000000000000000,76.000000000000000,0.0000000000000000
64.000000000000000,76.000000000000000,0.0000000000000000
65.000000000000000,76.000000000000000,0.0000000000000000
66.000000000000000,76.000000000000000,0.0000000000000000
67.000000000000000,76.000000000000000,0.0000000000000000
68.000000000000000,76.000000000000000,0.0000000000000000
69.000000000000000,76.000000000000000,0.0000000000000000
70.000000000000000,76.000000000000000,0.0000000000000000
71.000000000000000,76.000000000000000,0.0000000000000000
72.000000000000000,76.000000000000000,0.0000000000000000
73.000000000000000,76.000000000000000,0.0000000000000000
74.000000000000000,76.000000000000000,0.0000000000000000
75.000000000000000,76.000000000000000,0.0000000000000000
76.000000000000000,76.000000000000000,0.0000000000000000
77.000000000000000,76.000000000000000,0.0000000000000000
78.000000000000000,76.000000000000000,0.0000000000000000
79.000000000000000,76.000000000000000,0.0000000000000000
80.000000000000000,76.000000000000000,0.0000000000000000
81.000000000000000,76.000000000000000,0.0000000000000000
82.000000000000000,76.000000000000000,0.0000000000000000
83.000000000000000,76.000000000000000,0.0000000000000000
84.000000000000000,76.000000000000000,0.0000000000000000
85.000000000000000,76.000000000000000,0.0000000000000000
86.000000000000000,76.000000000000000,0.0000000000000000
87.000000000000000,76.000000000000000,0.0000000000000000
88.000000000000000,76.000000000000000,0.0000000000000000
89.000000000000000,76.000000000000000,0.0000000000000000
90.000000000000000,76.000000000000000,0.0000000000000000
91.000000000000000,76.000000000000000,0.0000000000000000
92.000000000000000,76.000000000000000,0.0000000000000000
93.000000000000000,76.000000000000000,0.0000000000000000
94.000000000000000,76.000000000000000,0.0000000000000000
95.000000000000000,76.000000000000000,0.0000000000000000
96.000000000000000,76.000000000000000,97.400001525878906
97.000000000000000,76.000000000000000,0.0000000000000000
98.000000000000000,76.000000000000000,0.0000000000000000
99.000000000000000,76.000000000000000,0.0000000000000000
100.00000000000000,76.000000000000000,0.0000000000000000
101.00000000000000,76.000000000000000,0.0000000000000000
102.00000000000000,76.000000000000000,0.0000000000000000
103.00000000000000,76.000000000000000,0.0000000000000000
104.00000000000000,76.000000000000000,0.0000000000000000
105.00000000000000,76.000000000000000,0.0000000000000000
106.00000000000000,76.000000000000000,0.0000000000000000
107.00000000000000,76.000000000000000,0.0000000000000000
108.00000000000000,76.000000000000000,0.0000000000000000
109.00000000000000,76.000000000000000,0.0000000000000000
110.00000000000000,76.000000000000000,0.0000000000000000
111.00000000000000,76.000000000000000,0.0000000000000000
112.00000000000000,76.000000000000000,0.0000000000000000
113.00000000000000,76.000000000000000,0.0000000000000000
1.0000000000000000,77.000000000000000,0.0000000000000000
2.0000000000000000,77.000000000000000,0.0000000000000000
3.0000000000000000,77.000000000000000,0.0000000000000000
4.0000000000000000,77.000000000000000,0.0000000000000000
5.0000000000000000,77.000000000000000,0.0000000000000000
6.0000000000000000,77.000000000000000,0.0000000000000000
7.0000000000000000,77.000000000000000,0.0000000000000000
8.0000000000000000,77.000000000000000,0.0000000000000000
9.0000000000000000,77.000000000000000,0.0000000000000000
10.000000000000000,77.000000000000000,0.0000000000000000
11.000000000000000,77.000000000000000,0.0000000000000000
12.000000000000000,77.000000000000000,0.0000000000000000
13.000000000000000,77.000000000000000,0.0000000000000000
14.000000000000000,77.000000000000000,0.0000000000000000
15.000000000000000,77.000000000000000,0.0000000000000000
16.000000000000000,77.000000000000000,0.0000000000000000
17.000000000000000,77.000000000000000,0.0000000000000000
18.000000000000000,77.000000000000000,0.0000000000000000
19.000000000000000,77.000000000000000,0.0000000000000000
20.000000000000000,77.000000000000000,0.0000000000000000
21.000000000000000,77.000000000000000,0.0000000000000000
22.000000000000000,77.000000000000000,0.0000000000000000
23.000000000000000,77.000000000000000,0.0000000000000000
24.000000000000000,77.000000000000000,0.0000000000000000
25.000000000000000,77.000000000000000,0.0000000000000000
26.000000000000000,77.000000000000000,0.0000000000000000
27.000000000000000,77.000000000000000,0.0000000000000000
28.000000000000000,77.000000000000000,0.0000000000000000
29.000000000000000,77.000000000000000,0.0000000000000000
30.000000000000000,77.000000000000000,0.0000000000000000
31.000000000000000,77.000000000000000,0.0000000000000000
32.000000000000000,77.000000000000000,0.0000000000000000
33.000000000000000,77.000000000000000,0.0000000000000000
34.000000000000000,77.000000000000000,0.0000000000000000
35.000000000000000,77.000000000000000,0.0000000000000000
36.000000000000000,77.000000000000000,0.0000000000000000
37.000000000000000,77.000000000000000,0.0000000000000000
38.000000000000000,77.000000000000000,0.0000000000000000
39.000000000000000,77.000000000000000,0.0000000000000000
40.000000000000000,77.000000000000000,0.0000000000000000
41.000000000000000,77.000000000000000,0.0000000000000000
42.000000000000000,77.000000000000000,0.0000000000000000
43.000000000000000,77.000000000000000,0.0000000000000000
44.000000000000000,77.000000000000000,0.0000000000000000
45.000000000000000,77.000000000000000,0.0000000000000000
46.000000000000000,77.000000000000000,0.0000000000000000
47.000000000000000,77.000000000000000,0.0000000000000000
48.000000000000000,77.000000000000000,0.0000000000000000
49.000000000000000,77.000000000000000,0.0000000000000000
50.000000000000000,77.000000000000000,0.0000000000000000
51.000000000000000,77.000000000000000,0.0000000000000000
52.000000000000000,77.000000000000000,0.0000000000000000
53.000000000000000,77.000000000000000,0.0000000000000000
54.000000000000000,77.000000000000000,0.0000000000000000
55.000000000000000,77.000000000000000,0.0000000000000000
56.000000000000000,77.000000000000000,0.0000000000000000
57.000000000000000,77.000000000000000,0.0000000000000000
58.000000000000000,77.000000000000000,0.0000000000000000
59.000000000000000,77.000000000000000,0.0000000000000000
60.000000000000000,77.000000000000000,0.0000000000000000
61.000000000000000,77.000000000000000,0.0000000000000000
62.000000000000000,77.000000000000000,0.0000000000000000
63.000000000000000,77.000000000000000,0.0000000000000000
64.000000000000000,77.000000000000000,0.0000000000000000
65.000000000000000,77.000000000000000,0.0000000000000000
66.000000000000000,77.000000000000000,0.0000000000000000
67.000000000000000,77.000000000000000,0.0000000000000000
68.000000000000000,77.000000000000000,0.0000000000000000
69.000000000000000,77.000000000000000,0.0000000000000000
70.000000000000000,77.000000000000000,0.0000000000000000
71.000000000000000,77.000000000000000,0.0000000000000000
72.000000000000000,77.000000000000000,0.0000000000000000
73.000000000000000,77.000000000000000,0.0000000000000000
74.000000000000000,77.000000000000000,0.0000000000000000
75.000000000000000,77.000000000000000,0.0000000000000000
76.000000000000000,77.000000000000000,0.0000000000000000
77.000000000000000,77.000000000000000,0.0000000000000000
78.000000000000000,77.000000000000000,0.0000000000000000
79.000000000000000,77.000000000000000,0.0000000000000000
80.000000000000000,77.000000000000000,0.0000000000000000
81.000000000000000,77.000000000000000,0.0000000000000000
82.000000000000000,77.000000000000000,0.0000000000000000
83.000000000000000,77.000000000000000,0.0000000000000000
84.000000000000000,77.000000000000000,0.0000000000000000
85.000000000000000,77.000000000000000,0.0000000000000000
86.000000000000000,77.000000000000000,0.0000000000000000
87.000000000000000,77.000000000000000,0.0000000000000000
88.000000000000000,77.000000000000000,0.0000000000000000
89.000000000000000,77.000000000000000,0.0000000000000000
90.000000000000000,77.000000000000000,0.0000000000000000
91.000000000000000,77.000000000000000,0.0000000000000000
92.000000000000000,77.000000000000000,0.0000000000000000
93.000000000000000,77.000000000000000,0.0000000000000000
94.000000000000000,77.000000000000000,0.0000000000000000
95.000000000000000,77.000000000000000,0.0000000000000000
96.000000000000000,77.000000000000000,97.400001525878906
97.000000000000000,77.000000000000000,0.0000000000000000
98.000000000000000,77.000000000000000,0.0000000000000000
99.000000000000000,77.000000000000000,0.0000000000000000
100.00000000000000,77.000000000000000,0.0000000000000000
101.00000000000000,77.000000000000000,0.0000000000000000
102.00000000000000,77.000000000000000,0.0000000000000000
103.00000000000000,77.000000000000000,0.0000000000000000
104.00000000000000,77.000000000000000,0.0000000000000000
105.00000000000000,77.000000000000000,0.0000000000000000
106.00000000000000,77.000000000000000,0.0000000000000000
107.00000000000000,77.000000000000000,0.0000000000000000
108.00000000000000,77.000000000000000,0.0000000000000000
109.00000000000000,77.000000000000000,0.0000000000000000
110.00000000000000,77.000000000000000,0.0000000000000000
111.00000000000000,77.000000000000000,0.0000000000000000
112.00000000000000,77.000000000000000,0.0000000000000000
113.00000000000000,77.000000000000000,0.0000000000000000
1.0000000000000000,78.000000000000000,0.0000000000000000
2.0000000000000000,78.000000000000000,0.0000000000000000
3.0000000000000000,78.000000000000000,0.0000000000000000
4.0000000000000000,78.000000000000000,0.0000000000000000
5.0000000000000000,78.000000000000000,0.0000000000000000
6.0000000000000000,78.000000000000000,0.0000000000000000
7.0000000000000000,78.000000000000000,0.0000000000000000
8.0000000000000000,78.000000000000000,0.0000000000000000
9.0000000000000000,78.000000000000000,0.0000000000000000
10.000000000000000,78.000000000000000,0.0000000000000000
11.000000000000000,78.000000000000000,0.0000000000000000
12.000000000000000,78.000000000000000,0.0000000000000000
13.000000000000000,78.000000000000000,0.0000000000000000
14.000000000000000,78.000000000000000,0.0000000000000000
15.000000000000000,78.000000000000000,0.0000000000000000
16.000000000000000,78.000000000000000,0.0000000000000000
17.000000000000000,78.000000000000000,0.0000000000000000
18.000000000000000,78.000000000000000,0.0000000000000000
19.000000000000000,78.000000000000000,0.0000000000000000
20.000000000000000,78.000000000000000,0.0000000000000000
21.000000000000000,78.000000000000000,0.0000000000000000
22.000000000000000,78.000000000000000,0.0000000000000000
23.000000000000000,78.000000000000000,0.0000000000000000
24.000000000000000,78.000000000000000,0.0000000000000000
25.000000000000000,78.000000000000000,0.0000000000000000
26.000000000000000,78.000000000000000,0.0000000000000000
27.000000000000000,78.000000000000000,0.0000000000000000
28.000000000000000,78.000000000000000,0.0000000000000000
29.000000000000000,78.000000000000000,0.0000000000000000
30.000000000000000,78.000000000000000,0.0000000000000000
31.000000000000000,78.000000000000000,0.0000000000000000
32.000000000000000,78.000000000000000,0.0000000000000000
33.000000000000000,78.000000000000000,0.0000000000000000
34.000000000000000,78.000000000000000,0.0000000000000000
35.000000000000000,78.000000000000000,0.0000000000000000
36.000000000000000,78.000000000000000,0.0000000000000000
37.000000000000000,78.000000000000000,0.0000000000000000
38.000000000000000,78.000000000000000,0.0000000000000000
39.000000000000000,78.000000000000000,0.0000000000000000
40.000000000000000,78.000000000000000,0.0000000000000000
41.000000000000000,78.000000000000000,0.0000000000000000
42.000000000000000,78.000000000000000,0.0000000000000000
43.000000000000000,78.000000000000000,0.0000000000000000
44.000000000000000,78.000000000000000,0.0000000000000000
45.000000000000000,78.000000000000000,0.0000000000000000
46.000000000000000,78.000000000000000,0.0000000000000000
47.000000000000000,78.000000000000000,0.0000000000000000
48.000000000000000,78.000000000000000,0.0000000000000000
49.000000000000000,78.000000000000000,0.0000000000000000
50.000000000000000,78.000000000000000,0.0000000000000000
51.000000000000000,78.000000000000000,0.0000000000000000
52.000000000000000,78.000000000000000,0.0000000000000000
53.000000000000000,78.000000000000000,0.0000000000000000
54.000000000000000,78.000000000000000,0.0000000000000000
55.000000000000000,78.000000000000000,0.0000000000000000
56.000000000000000,78.000000000000000,0.0000000000000000
57.000000000000000,78.000000000000000,0.0000000000000000
58.000000000000000,78.000000000000000,0.0000000000000000
59.000000000000000,78.000000000000000,0.0000000000000000
60.000000000000000,78.000000000000000,0.0000000000000000
61.000000000000000,78.000000000000000,0.0000000000000000
62.000000000000000,78.000000000000000,0.0000000000000000
63.000000000000000,78.000000000000000,0.0000000000000000
64.000000000000000,78.000000000000000,0.0000000000000000
65.000000000000000,78.000000000000000,0.0000000000000000
66.000000000000000,78.000000000000000,0.0000000000000000
67.000000000000000,78.000000000000000,0.0000000000000000
68.000000000000000,78.000000000000000,0.0000000000000000
69.000000000000000,78.000000000000000,0.0000000000000000
70.000000000000000,78.000000000000000,0.0000000000000000
71.000000000000000,78.000000000000000,0.0000000000000000
72.000000000000000,78.000000000000000,0.0000000000000000
73.000000000000000,78.000000000000000,0.0000000000000000
74.000000000000000,78.000000000000000,0.0000000000000000
75.000000000000000,78.000000000000000,0.0000000000000000
76.000000000000000,78.000000000000000,0.0000000000000000
77.000000000000000,78.000000000000000,0.0000000000000000
78.000000000000000,78.000000000000000,0.0000000000000000
79.000000000000000,78.000000000000000,0.0000000000000000
80.000000000000000,78.000000000000000,0.0000000000000000
81.000000000000000,78.000000000000000,0.0000000000000000
82.000000000000000,78.000000000000000,0.0000000000000000
83.000000000000000,78.000000000000000,0.0000000000000000
84.000000000000000,78.000000000000000,0.0000000000000000
85.000000000000000,78.000000000000000,0.0000000000000000
86.000000000000000,78.000000000000000,0.0000000000000000
87.000000000000000,78.000000000000000,0.0000000000000000
88.000000000000000,78.000000000000000,0.0000000000000000
89.000000000000000,78.000000000000000,0.0000000000000000
90.000000000000000,78.000000000000000,0.0000000000000000
91.000000000000000,78.000000000000000,0.0000000000000000
92.000000000000000,78.000000000000000,0.0000000000000000
93.000000000000000,78.000000000000000,0.0000000000000000
94.000000000000000,78.000000000000000,0.0000000000000000
95.000000000000000,78.000000000000000,0.0000000000000000
96.000000000000000,78.000000000000000,97.400001525878906
97.000000000000000,78.000000000000000,97.400001525878906
98.000000000000000,78.000000000000000,0.0000000000000000
99.000000000000000,78.000000000000000,0.0000000000000000
100.00000000000000,78.000000000000000,0.0000000000000000
101.00000000000000,78.000000000000000,0.0000000000000000
102.00000000000000,78.000000000000000,0.0000000000000000
103.00000000000000,78.000000000000000,0.0000000000000000
104.00000000000000,78.000000000000000,0.0000000000000000
105.00000000000000,78.000000000000000,0.0000000000000000
106.00000000000000,78.000000000000000,0.0000000000000000
107.00000000000000,78.000000000000000,0.0000000000000000
108.00000000000000,78.000000000000000,0.0000000000000000
109.00000000000000,78.000000000000000,0.0000000000000000
110.00000000000000,78.000000000000000,0.0000000000000000
111.00000000000000,78.000000000000000,0.0000000000000000
112.00000000000000,78.000000000000000,0.0000000000000000
113.00000000000000,78.000000000000000,0.0000000000000000
1.0000000000000000,79.000000000000000,0.0000000000000000
2.0000000000000000,79.000000000000000,0.0000000000000000
3.0000000000000000,79.000000000000000,0.0000000000000000
4.0000000000000000,79.000000000000000,0.0000000000000000
5.0000000000000000,79.000000000000000,0.0000000000000000
6.0000000000000000,79.000000000000000,0.0000000000000000
7.0000000000000000,79.000000000000000,0.0000000000000000
8.0000000000000000,79.000000000000000,0.0000000000000000
9.0000000000000000,79.000000000000000,0.0000000000000000
10.000000000000000,79.000000000000000,0.0000000000000000
11.000000000000000,79.000000000000000,0.0000000000000000
12.000000000000000,79.000000000000000,0.0000000000000000
13.000000000000000,79.000000000000000,0.0000000000000000
14.000000000000000,79.000000000000000,0.0000000000000000
15.000000000000000,79.000000000000000,0.0000000000000000
16.000000000000000,79.000000000000000,0.0000000000000000
17.000000000000000,79.000000000000000,0.0000000000000000
18.000000000000000,79.000000000000000,0.0000000000000000
19.000000000000000,79.000000000000000,0.0000000000000000
20.000000000000000,79.000000000000000,0.0000000000000000
21.000000000000000,79.000000000000000,0.0000000000000000
22.000000000000000,79.000000000000000,0.0000000000000000
23.000000000000000,79.000000000000000,0.0000000000000000
24.000000000000000,79.000000000000000,0.0000000000000000
25.000000000000000,79.000000000000000,0.0000000000000000
26.000000000000000,79.000000000000000,0.0000000000000000
27.000000000000000,79.000000000000000,0.0000000000000000
28.000000000000000,79.000000000000000,0.0000000000000000
29.000000000000000,79.000000000000000,0.0000000000000000
30.000000000000000,79.000000000000000,0.0000000000000000
31.000000000000000,79.000000000000000,0.0000000000000000
32.000000000000000,79.000000000000000,0.0000000000000000
33.000000000000000,79.000000000000000,0.0000000000000000
34.000000000000000,79.000000000000000,0.0000000000000000
35.000000000000000,79.000000000000000,0.0000000000000000
36.000000000000000,79.000000000000000,0.0000000000000000
37.000000000000000,79.000000000000000,0.0000000000000000
38.000000000000000,79.000000000000000,0.0000000000000000
39.000000000000000,79.000000000000000,0.0000000000000000
40.000000000000000,79.000000000000000,0.0000000000000000
41.000000000000000,79.000000000000000,0.0000000000000000
42.000000000000000,79.000000000000000,0.0000000000000000
43.000000000000000,79.000000000000000,0.0000000000000000
44.000000000000000,79.000000000000000,0.0000000000000000
45.000000000000000,79.000000000000000,0.0000000000000000
46.000000000000000,79.000000000000000,0.0000000000000000
47.000000000000000,79.000000000000000,0.0000000000000000
48.000000000000000,79.000000000000000,0.0000000000000000
49.000000000000000,79.000000000000000,0.0000000000000000
50.000000000000000,79.000000000000000,0.0000000000000000
51.000000000000000,79.000000000000000,0.0000000000000000
52.000000000000000,79.000000000000000,0.0000000000000000
53.000000000000000,79.000000000000000,0.0000000000000000
54.000000000000000,79.000000000000000,0.0000000000000000
55.000000000000000,79.000000000000000,0.0000000000000000
56.000000000000000,79.000000000000000,0.0000000000000000
57.000000000000000,79.000000000000000,0.0000000000000000
58.000000000000000,79.000000000000000,0.0000000000000000
59.000000000000000,79.000000000000000,0.0000000000000000
60.000000000000000,79.000000000000000,0.0000000000000000
61.000000000000000,79.000000000000000,0.0000000000000000
62.000000000000000,79.000000000000000,0.0000000000000000
63.000000000000000,79.000000000000000,0.0000000000000000
64.000000000000000,79.000000000000000,0.0000000000000000
65.000000000000000,79.000000000000000,0.0000000000000000
66.000000000000000,79.000000000000000,0.0000000000000000
67.000000000000000,79.000000000000000,0.0000000000000000
68.000000000000000,79.000000000000000,0.0000000000000000
69.000000000000000,79.000000000000000,0.0000000000000000
70.000000000000000,79.000000000000000,0.0000000000000000
71.000000000000000,79.000000000000000,0.0000000000000000
72.000000000000000,79.000000000000000,0.0000000000000000
73.000000000000000,79.000000000000000,0.0000000000000000
74.000000000000000,79.000000000000000,0.0000000000000000
75.000000000000000,79.000000000000000,0.0000000000000000
76.000000000000000,79.000000000000000,0.0000000000000000
77.000000000000000,79.000000000000000,0.0000000000000000
78.000000000000000,79.000000000000000,0.0000000000000000
79.000000000000000,79.000000000000000,0.0000000000000000
80.000000000000000,79.000000000000000,0.0000000000000000
81.000000000000000,79.000000000000000,0.0000000000000000
82.000000000000000,79.000000000000000,0.0000000000000000
83.000000000000000,79.000000000000000,0.0000000000000000
84.000000000000000,79.000000000000000,0.0000000000000000
85.000000000000000,79.000000000000000,0.0000000000000000
86.000000000000000,79.000000000000000,0.0000000000000000
87.000000000000000,79.000000000000000,0.0000000000000000
88.000000000000000,79.000000000000000,0.0000000000000000
89.000000000000000,79.000000000000000,0.0000000000000000
90.000000000000000,79.000000000000000,0.0000000000000000
91.000000000000000,79.000000000000000,0.0000000000000000
92.000000000000000,79.000000000000000,0.0000000000000000
93.000000000000000,79.000000000000000,0.0000000000000000
94.000000000000000,79.000000000000000,0.0000000000000000
95.000000000000000,79.000000000000000,0.0000000000000000
96.000000000000000,79.000000000000000,97.400001525878906
97.000000000000000,79.000000000000000,97.400001525878906
98.000000000000000,79.000000000000000,0.0000000000000000
99.000000000000000,79.000000000000000,0.0000000000000000
100.00000000000000,79.000000000000000,0.0000000000000000
101.00000000000000,79.000000000000000,0.0000000000000000
102.00000000000000,79.000000000000000,0.0000000000000000
103.00000000000000,79.000000000000000,0.0000000000000000
104.00000000000000,79.000000000000000,0.0000000000000000
105.00000000000000,79.000000000000000,0.0000000000000000
106.00000000000000,79.000000000000000,0.0000000000000000
107.00000000000000,79.000000000000000,0.0000000000000000
108.00000000000000,79.000000000000000,0.0000000000000000
109.00000000000000,79.000000000000000,0.0000000000000000
110.00000000000000,79.000000000000000,0.0000000000000000
111.00000000000000,79.000000000000000,0.0000000000000000
112.00000000000000,79.000000000000000,0.0000000000000000
113.00000000000000,79.000000000000000,0.0000000000000000
1.0000000000000000,80.000000000000000,0.0000000000000000
2.0000000000000000,80.000000000000000,0.0000000000000000
3.0000000000000000,80.000000000000000,0.0000000000000000
4.0000000000000000,80.000000000000000,0.0000000000000000
5.0000000000000000,80.000000000000000,0.0000000000000000
6.0000000000000000,80.000000000000000,0.0000000000000000
7.0000000000000000,80.000000000000000,0.0000000000000000
8.0000000000000000,80.000000000000000,0.0000000000000000
9.0000000000000000,80.000000000000000,0.0000000000000000
10.000000000000000,80.000000000000000,0.0000000000000000
11.000000000000000,80.000000000000000,0.0000000000000000
12.000000000000000,80.000000000000000,0.0000000000000000
13.000000000000000,80.000000000000000,0.0000000000000000
14.000000000000000,80.000000000000000,0.0000000000000000
15.000000000000000,80.000000000000000,0.0000000000000000
16.000000000000000,80.000000000000000,0.0000000000000000
17.000000000000000,80.000000000000000,0.0000000000000000
18.000000000000000,80.000000000000000,0.0000000000000000
19.000000000000000,80.000000000000000,0.0000000000000000
20.000000000000000,80.000000000000000,0.0000000000000000
21.000000000000000,80.000000000000000,0.0000000000000000
22.000000000000000,80.000000000000000,0.0000000000000000
23.000000000000000,80.000000000000000,0.0000000000000000
24.000000000000000,80.000000000000000,0.0000000000000000
25.000000000000000,80.000000000000000,0.0000000000000000
26.000000000000000,80.000000000000000,0.0000000000000000
27.000000000000000,80.000000000000000,0.0000000000000000
28.000000000000000,80.000000000000000,0.0000000000000000
29.000000000000000,80.000000000000000,0.0000000000000000
30.000000000000000,80.000000000000000,0.0000000000000000
31.000000000000000,80.000000000000000,0.0000000000000000
32.000000000000000,80.000000000000000,0.0000000000000000
33.000000000000000,80.000000000000000,0.0000000000000000
34.000000000000000,80.000000000000000,0.0000000000000000
35.000000000000000,80.000000000000000,0.0000000000000000
36.000000000000000,80.000000000000000,0.0000000000000000
37.000000000000000,80.000000000000000,0.0000000000000000
38.000000000000000,80.000000000000000,0.0000000000000000
39.000000000000000,80.000000000000000,0.0000000000000000
40.000000000000000,80.000000000000000,0.0000000000000000
41.000000000000000,80.000000000000000,0.0000000000000000
42.000000000000000,80.000000000000000,0.0000000000000000
43.000000000000000,80.000000000000000,0.0000000000000000
44.000000000000000,80.000000000000000,0.0000000000000000
45.000000000000000,80.000000000000000,0.0000000000000000
46.000000000000000,80.000000000000000,0.0000000000000000
47.000000000000000,80.000000000000000,0.0000000000000000
48.000000000000000,80.000000000000000,0.0000000000000000
49.000000000000000,80.000000000000000,0.0000000000000000
50.000000000000000,80.000000000000000,0.0000000000000000
51.000000000000000,80.000000000000000,0.0000000000000000
52.000000000000000,80.000000000000000,0.0000000000000000
53.000000000000000,80.000000000000000,0.0000000000000000
54.000000000000000,80.000000000000000,0.0000000000000000
55.000000000000000,80.000000000000000,0.0000000000000000
56.000000000000000,80.000000000000000,0.0000000000000000
57.000000000000000,80.000000000000000,0.0000000000000000
58.000000000000000,80.000000000000000,0.0000000000000000
59.000000000000000,80.000000000000000,0.0000000000000000
60.000000000000000,80.000000000000000,0.0000000000000000
61.000000000000000,80.000000000000000,0.0000000000000000
62.000000000000000,80.000000000000000,0.0000000000000000
63.000000000000000,80.000000000000000,0.0000000000000000
64.000000000000000,80.000000000000000,0.0000000000000000
65.000000000000000,80.000000000000000,0.0000000000000000
66.000000000000000,80.000000000000000,0.0000000000000000
67.000000000000000,80.000000000000000,0.0000000000000000
68.000000000000000,80.000000000000000,0.0000000000000000
69.000000000000000,80.000000000000000,0.0000000000000000
70.000000000000000,80.000000000000000,0.0000000000000000
71.000000000000000,80.000000000000000,0.0000000000000000
72.000000000000000,80.000000000000000,0.0000000000000000
73.000000000000000,80.000000000000000,0.0000000000000000
74.000000000000000,80.000000000000000,0.0000000000000000
75.000000000000000,80.000000000000000,0.0000000000000000
76.000000000000000,80.000000000000000,0.0000000000000000
77.000000000000000,80.000000000000000,0.0000000000000000
78.000000000000000,80.000000000000000,0.0000000000000000
79.000000000000000,80.000000000000000,0.0000000000000000
80.000000000000000,80.000000000000000,0.0000000000000000
81.000000000000000,80.000000000000000,0.0000000000000000
82.000000000000000,80.000000000000000,0.0000000000000000
83.000000000000000,80.000000000000000,0.0000000000000000
84.000000000000000,80.000000000000000,0.0000000000000000
85.000000000000000,80.000000000000000,0.0000000000000000
86.000000000000000,80.000000000000000,0.0000000000000000
87.000000000000000,80.000000000000000,0.0000000000000000
88.000000000000000,80.000000000000000,0.0000000000000000
89.000000000000000,80.000000000000000,0.0000000000000000
90.000000000000000,80.000000000000000,0.0000000000000000
91.000000000000000,80.000000000000000,0.0000000000000000
92.000000000000000,80.000000000000000,0.0000000000000000
93.000000000000000,80.000000000000000,0.0000000000000000
94.000000000000000,80.000000000000000,0.0000000000000000
95.000000000000000,80.000000000000000,0.0000000000000000
96.000000000000000,80.000000000000000,97.500000000000000
97.000000000000000,80.000000000000000,97.500000000000000
98.000000000000000,80.000000000000000,0.0000000000000000
99.000000000000000,80.000000000000000,0.0000000000000000
100.00000000000000,80.000000000000000,0.0000000000000000
101.00000000000000,80.000000000000000,0.0000000000000000
102.00000000000000,80.000000000000000,0.0000000000000000
103.00000000000000,80.000000000000000,0.0000000000000000
104.00000000000000,80.000000000000000,0.0000000000000000
105.00000000000000,80.000000000000000,0.0000000000000000
106.00000000000000,80.000000000000000,0.0000000000000000
107.00000000000000,80.000000000000000,0.0000000000000000
108.00000000000000,80.000000000000000,0.0000000000000000
109.00000000000000,80.000000000000000,0.0000000000000000
110.00000000000000,80.000000000000000,0.0000000000000000
111.00000000000000,80.000000000000000,0.0000000000000000
112.00000000000000,80.000000000000000,0.0000000000000000
113.00000000000000,80.000000000000000,0.0000000000000000
1.0000000000000000,81.000000000000000,0.0000000000000000
2.0000000000000000,81.000000000000000,0.0000000000000000
3.0000000000000000,81.000000000000000,0.0000000000000000
4.0000000000000000,81.000000000000000,0.0000000000000000
5.0000000000000000,81.000000000000000,0.0000000000000000
6.0000000000000000,81.000000000000000,0.0000000000000000
7.0000000000000000,81.000000000000000,0.0000000000000000
8.0000000000000000,81.000000000000000,0.0000000000000000
9.0000000000000000,81.000000000000000,0.0000000000000000
10.000000000000000,81.000000000000000,0.0000000000000000
11.000000000000000,81.000000000000000,0.0000000000000000
12.000000000000000,81.000000000000000,0.0000000000000000
13.000000000000000,81.000000000000000,0.0000000000000000
14.000000000000000,81.000000000000000,0.0000000000000000
15.000000000000000,81.000000000000000,0.0000000000000000
16.000000000000000,81.000000000000000,0.0000000000000000
17.000000000000000,81.000000000000000,0.0000000000000000
18.000000000000000,81.000000000000000,0.0000000000000000
19.000000000000000,81.000000000000000,0.0000000000000000
20.000000000000000,81.000000000000000,0.0000000000000000
21.000000000000000,81.000000000000000,0.0000000000000000
22.000000000000000,81.000000000000000,0.0000000000000000
23.000000000000000,81.000000000000000,0.0000000000000000
24.000000000000000,81.000000000000000,0.0000000000000000
25.000000000000000,81.000000000000000,0.0000000000000000
26.000000000000000,81.000000000000000,0.0000000000000000
27.000000000000000,81.000000000000000,0.0000000000000000
28.000000000000000,81.000000000000000,0.0000000000000000
29.000000000000000,81.000000000000000,0.0000000000000000
30.000000000000000,81.000000000000000,0.0000000000000000
31.000000000000000,81.000000000000000,0.0000000000000000
32.000000000000000,81.000000000000000,0.0000000000000000
33.000000000000000,81.000000000000000,0.0000000000000000
34.000000000000000,81.000000000000000,0.0000000000000000
35.000000000000000,81.000000000000000,0.0000000000000000
36.000000000000000,81.000000000000000,0.0000000000000000
37.000000000000000,81.000000000000000,0.0000000000000000
38.000000000000000,81.000000000000000,0.0000000000000000
39.000000000000000,81.000000000000000,0.0000000000000000
40.000000000000000,81.000000000000000,0.0000000000000000
41.000000000000000,81.000000000000000,0.0000000000000000
42.000000000000000,81.000000000000000,0.0000000000000000
43.000000000000000,81.000000000000000,0.0000000000000000
44.000000000000000,81.000000000000000,0.0000000000000000
45.000000000000000,81.000000000000000,0.0000000000000000
46.000000000000000,81.000000000000000,0.0000000000000000
47.000000000000000,81.000000000000000,0.0000000000000000
48.000000000000000,81.000000000000000,0.0000000000000000
49.000000000000000,81.000000000000000,0.0000000000000000
50.000000000000000,81.000000000000000,0.0000000000000000
51.000000000000000,81.000000000000000,0.0000000000000000
52.000000000000000,81.000000000000000,0.0000000000000000
53.000000000000000,81.000000000000000,0.0000000000000000
54.000000000000000,81.000000000000000,0.0000000000000000
55.000000000000000,81.000000000000000,0.0000000000000000
56.000000000000000,81.000000000000000,0.0000000000000000
57.000000000000000,81.000000000000000,0.0000000000000000
58.000000000000000,81.000000000000000,0.0000000000000000
59.000000000000000,81.000000000000000,0.0000000000000000
60.000000000000000,81.000000000000000,0.0000000000000000
61.000000000000000,81.000000000000000,0.0000000000000000
62.000000000000000,81.000000000000000,0.0000000000000000
63.000000000000000,81.000000000000000,0.0000000000000000
64.000000000000000,81.000000000000000,0.0000000000000000
65.000000000000000,81.000000000000000,0.0000000000000000
66.000000000000000,81.000000000000000,0.0000000000000000
67.000000000000000,81.000000000000000,0.0000000000000000
68.000000000000000,81.000000000000000,0.0000000000000000
69.000000000000000,81.000000000000000,0.0000000000000000
70.000000000000000,81.000000000000000,0.0000000000000000
71.000000000000000,81.000000000000000,0.0000000000000000
72.000000000000000,81.000000000000000,0.0000000000000000
73.000000000000000,81.000000000000000,0.0000000000000000
74.000000000000000,81.000000000000000,0.0000000000000000
75.000000000000000,81.000000000000000,0.0000000000000000
76.000000000000000,81.000000000000000,0.0000000000000000
77.000000000000000,81.000000000000000,0.0000000000000000
78.000000000000000,81.000000000000000,0.0000000000000000
79.000000000000000,81.000000000000000,0.0000000000000000
80.000000000000000,81.000000000000000,0.0000000000000000
81.000000000000000,81.000000000000000,0.0000000000000000
82.000000000000000,81.000000000000000,0.0000000000000000
83.000000000000000,81.000000000000000,0.0000000000000000
84.000000000000000,81.000000000000000,0.0000000000000000
85.000000000000000,81.000000000000000,0.0000000000000000
86.000000000000000,81.000000000000000,0.0000000000000000
87.000000000000000,81.000000000000000,0.0000000000000000
88.000000000000000,81.000000000000000,0.0000000000000000
89.000000000000000,81.000000000000000,0.0000000000000000
90.000000000000000,81.000000000000000,0.0000000000000000
91.000000000000000,81.000000000000000,0.0000000000000000
92.000000000000000,81.000000000000000,0.0000000000000000
93.000000000000000,81.000000000000000,0.0000000000000000
94.000000000000000,81.000000000000000,0.0000000000000000
95.000000000000000,81.000000000000000,0.0000000000000000
96.000000000000000,81.000000000000000,97.500000000000000
97.000000000000000,81.000000000000000,0.0000000000000000
98.000000000000000,81.000000000000000,0.0000000000000000
99.000000000000000,81.000000000000000,0.0000000000000000
100.00000000000000,81.000000000000000,0.0000000000000000
101.00000000000000,81.000000000000000,0.0000000000000000
102.00000000000000,81.000000000000000,0.0000000000000000
103.00000000000000,81.000000000000000,0.0000000000000000
104.00000000000000,81.000000000000000,0.0000000000000000
105.00000000000000,81.000000000000000,0.0000000000000000
106.00000000000000,81.000000000000000,0.0000000000000000
107.00000000000000,81.000000000000000,0.0000000000000000
108.00000000000000,81.000000000000000,0.0000000000000000
109.00000000000000,81.000000000000000,0.0000000000000000
110.00000000000000,81.000000000000000,0.0000000000000000
111.00000000000000,81.000000000000000,0.0000000000000000
112.00000000000000,81.000000000000000,0.0000000000000000
113.00000000000000,81.000000000000000,0.0000000000000000
1.0000000000000000,82.000000000000000,0.0000000000000000
2.0000000000000000,82.000000000000000,0.0000000000000000
3.0000000000000000,82.000000000000000,0.0000000000000000
4.0000000000000000,82.000000000000000,0.0000000000000000
5.0000000000000000,82.000000000000000,0.0000000000000000
6.0000000000000000,82.000000000000000,0.0000000000000000
7.0000000000000000,82.000000000000000,0.0000000000000000
8.0000000000000000,82.000000000000000,0.0000000000000000
9.0000000000000000,82.000000000000000,0.0000000000000000
10.000000000000000,82.000000000000000,0.0000000000000000
11.000000000000000,82.000000000000000,0.0000000000000000
12.000000000000000,82.000000000000000,0.0000000000000000
13.000000000000000,82.000000000000000,0.0000000000000000
14.000000000000000,82.000000000000000,0.0000000000000000
15.000000000000000,82.000000000000000,0.0000000000000000
16.000000000000000,82.000000000000000,0.0000000000000000
17.000000000000000,82.000000000000000,0.0000000000000000
18.000000000000000,82.000000000000000,0.0000000000000000
19.000000000000000,82.000000000000000,0.0000000000000000
20.000000000000000,82.000000000000000,0.0000000000000000
21.000000000000000,82.000000000000000,0.0000000000000000
22.000000000000000,82.000000000000000,0.0000000000000000
23.000000000000000,82.000000000000000,0.0000000000000000
24.000000000000000,82.000000000000000,0.0000000000000000
25.000000000000000,82.000000000000000,0.0000000000000000
26.000000000000000,82.000000000000000,0.0000000000000000
27.000000000000000,82.000000000000000,0.0000000000000000
28.000000000000000,82.000000000000000,0.0000000000000000
29.000000000000000,82.000000000000000,0.0000000000000000
30.000000000000000,82.000000000000000,0.0000000000000000
31.000000000000000,82.000000000000000,0.0000000000000000
32.000000000000000,82.000000000000000,0.0000000000000000
33.000000000000000,82.000000000000000,0.0000000000000000
34.000000000000000,82.000000000000000,0.0000000000000000
35.000000000000000,82.000000000000000,0.0000000000000000
36.000000000000000,82.000000000000000,0.0000000000000000
37.000000000000000,82.000000000000000,0.0000000000000000
38.000000000000000,82.000000000000000,0.0000000000000000
39.000000000000000,82.000000000000000,0.0000000000000000
40.000000000000000,82.000000000000000,0.0000000000000000
41.000000000000000,82.000000000000000,0.0000000000000000
42.000000000000000,82.000000000000000,0.0000000000000000
43.000000000000000,82.000000000000000,0.0000000000000000
44.000000000000000,82.000000000000000,0.0000000000000000
45.000000000000000,82.000000000000000,0.0000000000000000
46.000000000000000,82.000000000000000,0.0000000000000000
47.000000000000000,82.000000000000000,0.0000000000000000
48.000000000000000,82.000000000000000,0.0000000000000000
49.000000000000000,82.000000000000000,0.0000000000000000
50.000000000000000,82.000000000000000,0.0000000000000000
51.000000000000000,82.000000000000000,0.0000000000000000
52.000000000000000,82.000000000000000,0.0000000000000000
53.000000000000000,82.000000000000000,0.0000000000000000
54.000000000000000,82.000000000000000,0.0000000000000000
55.000000000000000,82.000000000000000,0.0000000000000000
56.000000000000000,82.000000000000000,0.0000000000000000
57.000000000000000,82.000000000000000,0.0000000000000000
58.000000000000000,82.000000000000000,0.0000000000000000
59.000000000000000,82.000000000000000,0.0000000000000000
60.000000000000000,82.000000000000000,0.0000000000000000
61.000000000000000,82.000000000000000,0.0000000000000000
62.000000000000000,82.000000000000000,0.0000000000000000
63.000000000000000,82.000000000000000,0.0000000000000000
64.000000000000000,82.000000000000000,0.0000000000000000
65.000000000000000,82.000000000000000,0.0000000000000000
66.000000000000000,82.000000000000000,0.0000000000000000
67.000000000000000,82.000000000000000,0.0000000000000000
68.000000000000000,82.000000000000000,0.0000000000000000
69.000000000000000,82.000000000000000,0.0000000000000000
70.000000000000000,82.000000000000000,0.0000000000000000
71.000000000000000,82.000000000000000,0.0000000000000000
72.000000000000000,82.000000000000000,0.0000000000000000
73.000000000000000,82.000000000000000,0.0000000000000000
74.000000000000000,82.000000000000000,0.0000000000000000
75.000000000000000,82.000000000000000,0.0000000000000000
76.000000000000000,82.000000000000000,0.0000000000000000
77.000000000000000,82.000000000000000,0.0000000000000000
78.000000000000000,82.000000000000000,0.0000000000000000
79.000000000000000,82.000000000000000,0.0000000000000000
80.000000000000000,82.000000000000000,0.0000000000000000
81.000000000000000,82.000000000000000,0.0000000000000000
82.000000000000000,82.000000000000000,0.0000000000000000
83.000000000000000,82.000000000000000,0.0000000000000000
84.000000000000000,82.000000000000000,0.0000000000000000
85.000000000000000,82.000000000000000,0.0000000000000000
86.000000000000000,82.000000000000000,0.0000000000000000
87.000000000000000,82.000000000000000,0.0000000000000000
88.000000000000000,82.000000000000000,0.0000000000000000
89.000000000000000,82.000000000000000,0.0000000000000000
90.000000000000000,82.000000000000000,0.0000000000000000
91.000000000000000,82.000000000000000,0.0000000000000000
92.000000000000000,82.000000000000000,0.0000000000000000
93.000000000000000,82.000000000000000,0.0000000000000000
94.000000000000000,82.000000000000000,0.0000000000000000
95.000000000000000,82.000000000000000,0.0000000000000000
96.000000000000000,82.000000000000000,0.0000000000000000
97.000000000000000,82.000000000000000,0.0000000000000000
98.000000000000000,82.000000000000000,0.0000000000000000
99.000000000000000,82.000000000000000,0.0000000000000000
100.00000000000000,82.000000000000000,0.0000000000000000
101.00000000000000,82.000000000000000,0.0000000000000000
102.00000000000000,82.000000000000000,0.0000000000000000
103.00000000000000,82.000000000000000,0.0000000000000000
104.00000000000000,82.000000000000000,0.0000000000000000
105.00000000000000,82.000000000000000,0.0000000000000000
106.00000000000000,82.000000000000000,0.0000000000000000
107.00000000000000,82.000000000000000,0.0000000000000000
108.00000000000000,82.000000000000000,0.0000000000000000
109.00000000000000,82.000000000000000,0.0000000000000000
110.00000000000000,82.000000000000000,0.0000000000000000
111.00000000000000,82.000000000000000,0.0000000000000000
112.00000000000000,82.000000000000000,0.0000000000000000
113.00000000000000,82.000000000000000,0.0000000000000000
1.0000000000000000,83.000000000000000,0.0000000000000000
2.0000000000000000,83.000000000000000,0.0000000000000000
3.0000000000000000,83.000000000000000,0.0000000000000000
4.0000000000000000,83.000000000000000,0.0000000000000000
5.0000000000000000,83.000000000000000,0.0000000000000000
6.0000000000000000,83.000000000000000,0.0000000000000000
7.0000000000000000,83.000000000000000,0.0000000000000000
8.0000000000000000,83.000000000000000,0.0000000000000000
9.0000000000000000,83.000000000000000,0.0000000000000000
10.000000000000000,83.000000000000000,0.0000000000000000
11.000000000000000,83.000000000000000,0.0000000000000000
12.000000000000000,83.000000000000000,0.0000000000000000
13.000000000000000,83.000000000000000,0.0000000000000000
14.000000000000000,83.000000000000000,0.0000000000000000
15.000000000000000,83.000000000000000,0.0000000000000000
16.000000000000000,83.000000000000000,0.0000000000000000
17.000000000000000,83.000000000000000,0.0000000000000000
18.000000000000000,83.000000000000000,0.0000000000000000
19.000000000000000,83.000000000000000,0.0000000000000000
20.000000000000000,83.000000000000000,0.0000000000000000
21.000000000000000,83.000000000000000,0.0000000000000000
22.000000000000000,83.000000000000000,0.0000000000000000
23.000000000000000,83.000000000000000,0.0000000000000000
24.000000000000000,83.000000000000000,0.0000000000000000
25.000000000000000,83.000000000000000,0.0000000000000000
26.000000000000000,83.000000000000000,0.0000000000000000
27.000000000000000,83.000000000000000,0.0000000000000000
28.000000000000000,83.000000000000000,0.0000000000000000
29.000000000000000,83.000000000000000,0.0000000000000000
30.000000000000000,83.000000000000000,0.0000000000000000
31.000000000000000,83.000000000000000,0.0000000000000000
32.000000000000000,83.000000000000000,0.0000000000000000
33.000000000000000,83.000000000000000,0.0000000000000000
34.000000000000000,83.000000000000000,0.0000000000000000
35.000000000000000,83.000000000000000,0.0000000000000000
36.000000000000000,83.000000000000000,0.0000000000000000
37.000000000000000,83.000000000000000,0.0000000000000000
38.000000000000000,83.000000000000000,0.0000000000000000
39.000000000000000,83.000000000000000,0.0000000000000000
40.000000000000000,83.000000000000000,0.0000000000000000
41.000000000000000,83.000000000000000,0.0000000000000000
42.000000000000000,83.000000000000000,0.0000000000000000
43.000000000000000,83.000000000000000,0.0000000000000000
44.000000000000000,83.000000000000000,0.0000000000000000
45.000000000000000,83.000000000000000,0.0000000000000000
46.000000000000000,83.000000000000000,0.0000000000000000
47.000000000000000,83.000000000000000,0.0000000000000000
48.000000000000000,83.000000000000000,0.0000000000000000
49.000000000000000,83.000000000000000,0.0000000000000000
50.000000000000000,83.000000000000000,0.0000000000000000
51.000000000000000,83.000000000000000,0.0000000000000000
52.000000000000000,83.000000000000000,0.0000000000000000
53.000000000000000,83.000000000000000,0.0000000000000000
54.000000000000000,83.000000000000000,0.0000000000000000
55.000000000000000,83.000000000000000,0.0000000000000000
56.000000000000000,83.000000000000000,0.0000000000000000
57.000000000000000,83.000000000000000,0.0000000000000000
58.000000000000000,83.000000000000000,0.0000000000000000
59.000000000000000,83.000000000000000,0.0000000000000000
60.000000000000000,83.000000000000000,0.0000000000000000
61.000000000000000,83.000000000000000,0.0000000000000000
62.000000000000000,83.000000000000000,0.0000000000000000
63.000000000000000,83.000000000000000,0.0000000000000000
64.000000000000000,83.000000000000000,0.0000000000000000
65.000000000000000,83.000000000000000,0.0000000000000000
66.000000000000000,83.000000000000000,0.0000000000000000
67.000000000000000,83.000000000000000,0.0000000000000000
68.000000000000000,83.000000000000000,0.0000000000000000
69.000000000000000,83.000000000000000,0.0000000000000000
70.000000000000000,83.000000000000000,0.0000000000000000
71.000000000000000,83.000000000000000,0.0000000000000000
72.000000000000000,83.000000000000000,0.0000000000000000
73.000000000000000,83.000000000000000,0.0000000000000000
74.000000000000000,83.000000000000000,0.0000000000000000
75.000000000000000,83.000000000000000,0.0000000000000000
76.000000000000000,83.000000000000000,0.0000000000000000
77.000000000000000,83.000000000000000,0.0000000000000000
78.000000000000000,83.000000000000000,0.0000000000000000
79.000000000000000,83.000000000000000,0.0000000000000000
80.000000000000000,83.000000000000000,0.0000000000000000
81.000000000000000,83.000000000000000,0.0000000000000000
82.000000000000000,83.000000000000000,0.0000000000000000
83.000000000000000,83.000000000000000,0.0000000000000000
84.000000000000000,83.000000000000000,0.0000000000000000
85.000000000000000,83.000000000000000,0.0000000000000000
86.000000000000000,83.000000000000000,0.0000000000000000
87.000000000000000,83.000000000000000,0.0000000000000000
88.000000000000000,83.000000000000000,0.0000000000000000
89.000000000000000,83.000000000000000,0.0000000000000000
90.000000000000000,83.000000000000000,97.599998474121094
91.000000000000000,83.000000000000000,97.599998474121094
92.000000000000000,83.000000000000000,97.599998474121094
93.000000000000000,83.000000000000000,97.599998474121094
94.000000000000000,83.000000000000000,97.599998474121094
95.000000000000000,83.000000000000000,0.0000000000000000
96.000000000000000,83.000000000000000,0.0000000000000000
97.000000000000000,83.000000000000000,0.0000000000000000
98.000000000000000,83.000000000000000,0.0000000000000000
99.000000000000000,83.000000000000000,0.0000000000000000
100.00000000000000,83.000000000000000,0.0000000000000000
101.00000000000000,83.000000000000000,0.0000000000000000
102.00000000000000,83.000000000000000,0.0000000000000000
103.00000000000000,83.000000000000000,0.0000000000000000
104.00000000000000,83.000000000000000,0.0000000000000000
105.00000000000000,83.000000000000000,0.0000000000000000
106.00000000000000,83.000000000000000,0.0000000000000000
107.00000000000000,83.000000000000000,0.0000000000000000
108.00000000000000,83.000000000000000,0.0000000000000000
109.00000000000000,83.000000000000000,0.0000000000000000
110.00000000000000,83.000000000000000,0.0000000000000000
111.00000000000000,83.000000000000000,0.0000000000000000
112.00000000000000,83.000000000000000,0.0000000000000000
113.00000000000000,83.000000000000000,0.0000000000000000
1.0000000000000000,84.000000000000000,0.0000000000000000
2.0000000000000000,84.000000000000000,0.0000000000000000
3.0000000000000000,84.000000000000000,0.0000000000000000
4.0000000000000000,84.000000000000000,0.0000000000000000
5.0000000000000000,84.000000000000000,0.0000000000000000
6.0000000000000000,84.000000000000000,0.0000000000000000
7.0000000000000000,84.000000000000000,0.0000000000000000
8.0000000000000000,84.000000000000000,0.0000000000000000
9.0000000000000000,84.000000000000000,0.0000000000000000
10.000000000000000,84.000000000000000,0.0000000000000000
11.000000000000000,84.000000000000000,0.0000000000000000
12.000000000000000,84.000000000000000,0.0000000000000000
13.000000000000000,84.000000000000000,0.0000000000000000
14.000000000000000,84.000000000000000,0.0000000000000000
15.000000000000000,84.000000000000000,0.0000000000000000
16.000000000000000,84.000000000000000,0.0000000000000000
17.000000000000000,84.000000000000000,0.0000000000000000
18.000000000000000,84.000000000000000,0.0000000000000000
19.000000000000000,84.000000000000000,0.0000000000000000
20.000000000000000,84.000000000000000,0.0000000000000000
21.000000000000000,84.000000000000000,0.0000000000000000
22.000000000000000,84.000000000000000,0.0000000000000000
23.000000000000000,84.000000000000000,0.0000000000000000
24.000000000000000,84.000000000000000,0.0000000000000000
25.000000000000000,84.000000000000000,0.0000000000000000
26.000000000000000,84.000000000000000,0.0000000000000000
27.000000000000000,84.000000000000000,0.0000000000000000
28.000000000000000,84.000000000000000,0.0000000000000000
29.000000000000000,84.000000000000000,0.0000000000000000
30.000000000000000,84.000000000000000,0.0000000000000000
31.000000000000000,84.000000000000000,0.0000000000000000
32.000000000000000,84.000000000000000,0.0000000000000000
33.000000000000000,84.000000000000000,0.0000000000000000
34.000000000000000,84.000000000000000,0.0000000000000000
35.000000000000000,84.000000000000000,0.0000000000000000
36.000000000000000,84.000000000000000,0.0000000000000000
37.000000000000000,84.000000000000000,0.0000000000000000
38.000000000000000,84.000000000000000,0.0000000000000000
39.000000000000000,84.000000000000000,0.0000000000000000
40.000000000000000,84.000000000000000,0.0000000000000000
41.000000000000000,84.000000000000000,0.0000000000000000
42.000000000000000,84.000000000000000,0.0000000000000000
43.000000000000000,84.000000000000000,0.0000000000000000
44.000000000000000,84.000000000000000,0.0000000000000000
45.000000000000000,84.000000000000000,0.0000000000000000
46.000000000000000,84.000000000000000,0.0000000000000000
47.000000000000000,84.000000000000000,0.0000000000000000
48.000000000000000,84.000000000000000,0.0000000000000000
49.000000000000000,84.000000000000000,0.0000000000000000
50.000000000000000,84.000000000000000,0.0000000000000000
51.000000000000000,84.000000000000000,0.0000000000000000
52.000000000000000,84.000000000000000,0.0000000000000000
53.000000000000000,84.000000000000000,0.0000000000000000
54.000000000000000,84.000000000000000,0.0000000000000000
55.000000000000000,84.000000000000000,0.0000000000000000
56.000000000000000,84.000000000000000,0.0000000000000000
57.000000000000000,84.000000000000000,0.0000000000000000
58.000000000000000,84.000000000000000,0.0000000000000000
59.000000000000000,84.000000000000000,0.0000000000000000
60.000000000000000,84.000000000000000,0.0000000000000000
61.000000000000000,84.000000000000000,0.0000000000000000
62.000000000000000,84.000000000000000,0.0000000000000000
63.000000000000000,84.000000000000000,0.0000000000000000
64.000000000000000,84.000000000000000,0.0000000000000000
65.000000000000000,84.000000000000000,0.0000000000000000
66.000000000000000,84.000000000000000,0.0000000000000000
67.000000000000000,84.000000000000000,0.0000000000000000
68.000000000000000,84.000000000000000,0.0000000000000000
69.000000000000000,84.000000000000000,0.0000000000000000
70.000000000000000,84.000000000000000,0.0000000000000000
71.000000000000000,84.000000000000000,0.0000000000000000
72.000000000000000,84.000000000000000,0.0000000000000000
73.000000000000000,84.000000000000000,0.0000000000000000
74.000000000000000,84.000000000000000,0.0000000000000000
75.000000000000000,84.000000000000000,0.0000000000000000
76.000000000000000,84.000000000000000,0.0000000000000000
77.000000000000000,84.000000000000000,0.0000000000000000
78.000000000000000,84.000000000000000,0.0000000000000000
79.000000000000000,84.000000000000000,0.0000000000000000
80.000000000000000,84.000000000000000,0.0000000000000000
81.000000000000000,84.000000000000000,0.0000000000000000
82.000000000000000,84.000000000000000,0.0000000000000000
83.000000000000000,84.000000000000000,0.0000000000000000
84.000000000000000,84.000000000000000,0.0000000000000000
85.000000000000000,84.000000000000000,0.0000000000000000
86.000000000000000,84.000000000000000,0.0000000000000000
87.000000000000000,84.000000000000000,0.0000000000000000
88.000000000000000,84.000000000000000,0.0000000000000000
89.000000000000000,84.000000000000000,0.0000000000000000
90.000000000000000,84.000000000000000,97.599998474121094
91.000000000000000,84.000000000000000,97.599998474121094
92.000000000000000,84.000000000000000,97.599998474121094
93.000000000000000,84.000000000000000,0.0000000000000000
94.000000000000000,84.000000000000000,0.0000000000000000
95.000000000000000,84.000000000000000,0.0000000000000000
96.000000000000000,84.000000000000000,0.0000000000000000
97.000000000000000,84.000000000000000,0.0000000000000000
98.000000000000000,84.000000000000000,0.0000000000000000
99.000000000000000,84.000000000000000,0.0000000000000000
100.00000000000000,84.000000000000000,0.0000000000000000
101.00000000000000,84.000000000000000,0.0000000000000000
102.00000000000000,84.000000000000000,0.0000000000000000
103.00000000000000,84.000000000000000,0.0000000000000000
104.00000000000000,84.000000000000000,0.0000000000000000
105.00000000000000,84.000000000000000,0.0000000000000000
106.00000000000000,84.000000000000000,0.0000000000000000
107.00000000000000,84.000000000000000,0.0000000000000000
108.00000000000000,84.000000000000000,0.0000000000000000
109.00000000000000,84.000000000000000,0.0000000000000000
110.00000000000000,84.000000000000000,0.0000000000000000
111.00000000000000,84.000000000000000,0.0000000000000000
112.00000000000000,84.000000000000000,0.0000000000000000
113.00000000000000,84.000000000000000,0.0000000000000000
1.0000000000000000,85.000000000000000,0.0000000000000000
2.0000000000000000,85.000000000000000,0.0000000000000000
3.0000000000000000,85.000000000000000,0.0000000000000000
4.0000000000000000,85.000000000000000,0.0000000000000000
5.0000000000000000,85.000000000000000,0.0000000000000000
6.0000000000000000,85.000000000000000,0.0000000000000000
7.0000000000000000,85.000000000000000,0.0000000000000000
8.0000000000000000,85.000000000000000,0.0000000000000000
9.0000000000000000,85.000000000000000,0.0000000000000000
10.000000000000000,85.000000000000000,0.0000000000000000
11.000000000000000,85.000000000000000,0.0000000000000000
12.000000000000000,85.000000000000000,0.0000000000000000
13.000000000000000,85.000000000000000,0.0000000000000000
14.000000000000000,85.000000000000000,0.0000000000000000
15.000000000000000,85.000000000000000,0.0000000000000000
16.000000000000000,85.000000000000000,0.0000000000000000
17.000000000000000,85.000000000000000,0.0000000000000000
18.000000000000000,85.000000000000000,0.0000000000000000
19.000000000000000,85.000000000000000,0.0000000000000000
20.000000000000000,85.000000000000000,0.0000000000000000
21.000000000000000,85.000000000000000,0.0000000000000000
22.000000000000000,85.000000000000000,0.0000000000000000
23.000000000000000,85.000000000000000,0.0000000000000000
24.000000000000000,85.000000000000000,0.0000000000000000
25.000000000000000,85.000000000000000,0.0000000000000000
26.000000000000000,85.000000000000000,0.0000000000000000
27.000000000000000,85.000000000000000,0.0000000000000000
28.000000000000000,85.000000000000000,0.0000000000000000
29.000000000000000,85.000000000000000,0.0000000000000000
30.000000000000000,85.000000000000000,0.0000000000000000
31.000000000000000,85.000000000000000,0.0000000000000000
32.000000000000000,85.000000000000000,0.0000000000000000
33.000000000000000,85.000000000000000,0.0000000000000000
34.000000000000000,85.000000000000000,0.0000000000000000
35.000000000000000,85.000000000000000,0.0000000000000000
36.000000000000000,85.000000000000000,0.0000000000000000
37.000000000000000,85.000000000000000,0.0000000000000000
38.000000000000000,85.000000000000000,0.0000000000000000
39.000000000000000,85.000000000000000,0.0000000000000000
40.000000000000000,85.000000000000000,0.0000000000000000
41.000000000000000,85.000000000000000,0.0000000000000000
42.000000000000000,85.000000000000000,0.0000000000000000
43.000000000000000,85.000000000000000,0.0000000000000000
44.000000000000000,85.000000000000000,0.0000000000000000
45.000000000000000,85.000000000000000,0.0000000000000000
46.000000000000000,85.000000000000000,0.0000000000000000
47.000000000000000,85.000000000000000,0.0000000000000000
48.000000000000000,85.000000000000000,0.0000000000000000
49.000000000000000,85.000000000000000,0.0000000000000000
50.000000000000000,85.000000000000000,0.0000000000000000
51.000000000000000,85.000000000000000,0.0000000000000000
52.000000000000000,85.000000000000000,0.0000000000000000
53.000000000000000,85.000000000000000,0.0000000000000000
54.000000000000000,85.000000000000000,0.0000000000000000
55.000000000000000,85.000000000000000,0.0000000000000000
56.000000000000000,85.000000000000000,0.0000000000000000
57.000000000000000,85.000000000000000,0.0000000000000000
58.000000000000000,85.000000000000000,0.0000000000000000
59.000000000000000,85.000000000000000,0.0000000000000000
60.000000000000000,85.000000000000000,0.0000000000000000
61.000000000000000,85.000000000000000,0.0000000000000000
62.000000000000000,85.000000000000000,0.0000000000000000
63.000000000000000,85.000000000000000,0.0000000000000000
64.000000000000000,85.000000000000000,0.0000000000000000
65.000000000000000,85.000000000000000,0.0000000000000000
66.000000000000000,85.000000000000000,0.0000000000000000
67.000000000000000,85.000000000000000,0.0000000000000000
68.000000000000000,85.000000000000000,0.0000000000000000
69.000000000000000,85.000000000000000,0.0000000000000000
70.000000000000000,85.000000000000000,0.0000000000000000
71.000000000000000,85.000000000000000,0.0000000000000000
72.000000000000000,85.000000000000000,0.0000000000000000
73.000000000000000,85.000000000000000,0.0000000000000000
74.000000000000000,85.000000000000000,0.0000000000000000
75.000000000000000,85.000000000000000,0.0000000000000000
76.000000000000000,85.000000000000000,0.0000000000000000
77.000000000000000,85.000000000000000,0.0000000000000000
78.000000000000000,85.000000000000000,0.0000000000000000
79.000000000000000,85.000000000000000,0.0000000000000000
80.000000000000000,85.000000000000000,0.0000000000000000
81.000000000000000,85.000000000000000,0.0000000000000000
82.000000000000000,85.000000000000000,0.0000000000000000
83.000000000000000,85.000000000000000,0.0000000000000000
84.000000000000000,85.000000000000000,0.0000000000000000
85.000000000000000,85.000000000000000,0.0000000000000000
86.000000000000000,85.000000000000000,0.0000000000000000
87.000000000000000,85.000000000000000,0.0000000000000000
88.000000000000000,85.000000000000000,0.0000000000000000
89.000000000000000,85.000000000000000,0.0000000000000000
90.000000000000000,85.000000000000000,97.599998474121094
91.000000000000000,85.000000000000000,97.599998474121094
92.000000000000000,85.000000000000000,0.0000000000000000
93.000000000000000,85.000000000000000,0.0000000000000000
94.000000000000000,85.000000000000000,0.0000000000000000
95.000000000000000,85.000000000000000,0.0000000000000000
96.000000000000000,85.000000000000000,0.0000000000000000
97.000000000000000,85.000000000000000,0.0000000000000000
98.000000000000000,85.000000000000000,0.0000000000000000
99.000000000000000,85.000000000000000,0.0000000000000000
100.00000000000000,85.000000000000000,0.0000000000000000
101.00000000000000,85.000000000000000,0.0000000000000000
102.00000000000000,85.000000000000000,0.0000000000000000
103.00000000000000,85.000000000000000,0.0000000000000000
104.00000000000000,85.000000000000000,0.0000000000000000
105.00000000000000,85.000000000000000,0.0000000000000000
106.00000000000000,85.000000000000000,0.0000000000000000
107.00000000000000,85.000000000000000,0.0000000000000000
108.00000000000000,85.000000000000000,0.0000000000000000
109.00000000000000,85.000000000000000,0.0000000000000000
110.00000000000000,85.000000000000000,0.0000000000000000
111.00000000000000,85.000000000000000,0.0000000000000000
112.00000000000000,85.000000000000000,0.0000000000000000
113.00000000000000,85.000000000000000,0.0000000000000000
1.0000000000000000,86.000000000000000,0.0000000000000000
2.0000000000000000,86.000000000000000,98.400001525878906
3.0000000000000000,86.000000000000000,0.0000000000000000
4.0000000000000000,86.000000000000000,0.0000000000000000
5.0000000000000000,86.000000000000000,0.0000000000000000
6.0000000000000000,86.000000000000000,0.0000000000000000
7.0000000000000000,86.000000000000000,0.0000000000000000
8.0000000000000000,86.000000000000000,0.0000000000000000
9.0000000000000000,86.000000000000000,0.0000000000000000
10.000000000000000,86.000000000000000,0.0000000000000000
11.000000000000000,86.000000000000000,0.0000000000000000
12.000000000000000,86.000000000000000,0.0000000000000000
13.000000000000000,86.000000000000000,0.0000000000000000
14.000000000000000,86.000000000000000,0.0000000000000000
15.000000000000000,86.000000000000000,0.0000000000000000
16.000000000000000,86.000000000000000,0.0000000000000000
17.000000000000000,86.000000000000000,0.0000000000000000
18.000000000000000,86.000000000000000,0.0000000000000000
19.000000000000000,86.000000000000000,0.0000000000000000
20.000000000000000,86.000000000000000,0.0000000000000000
21.000000000000000,86.000000000000000,0.0000000000000000
22.000000000000000,86.000000000000000,0.0000000000000000
23.000000000000000,86.000000000000000,0.0000000000000000
24.000000000000000,86.000000000000000,0.0000000000000000
25.000000000000000,86.000000000000000,0.0000000000000000
26.000000000000000,86.000000000000000,0.0000000000000000
27.000000000000000,86.000000000000000,0.0000000000000000
28.000000000000000,86.000000000000000,0.0000000000000000
29.000000000000000,86.000000000000000,0.0000000000000000
30.000000000000000,86.000000000000000,0.0000000000000000
31.000000000000000,86.000000000000000,0.0000000000000000
32.000000000000000,86.000000000000000,0.0000000000000000
33.000000000000000,86.000000000000000,0.0000000000000000
34.000000000000000,86.000000000000000,0.0000000000000000
35.000000000000000,86.000000000000000,0.0000000000000000
36.000000000000000,86.000000000000000,0.0000000000000000
37.000000000000000,86.000000000000000,0.0000000000000000
38.000000000000000,86.000000000000000,0.0000000000000000
39.000000000000000,86.000000000000000,0.0000000000000000
40.000000000000000,86.000000000000000,0.0000000000000000
41.000000000000000,86.000000000000000,0.0000000000000000
42.000000000000000,86.000000000000000,0.0000000000000000
43.000000000000000,86.000000000000000,0.0000000000000000
44.000000000000000,86.000000000000000,0.0000000000000000
45.000000000000000,86.000000000000000,0.0000000000000000
46.000000000000000,86.000000000000000,0.0000000000000000
47.000000000000000,86.000000000000000,0.0000000000000000
48.000000000000000,86.000000000000000,0.0000000000000000
49.000000000000000,86.000000000000000,0.0000000000000000
50.000000000000000,86.000000000000000,0.0000000000000000
51.000000000000000,86.000000000000000,0.0000000000000000
52.000000000000000,86.000000000000000,0.0000000000000000
53.000000000000000,86.000000000000000,0.0000000000000000
54.000000000000000,86.000000000000000,0.0000000000000000
55.000000000000000,86.000000000000000,0.0000000000000000
56.000000000000000,86.000000000000000,0.0000000000000000
57.000000000000000,86.000000000000000,0.0000000000000000
58.000000000000000,86.000000000000000,0.0000000000000000
59.000000000000000,86.000000000000000,0.0000000000000000
60.000000000000000,86.000000000000000,0.0000000000000000
61.000000000000000,86.000000000000000,0.0000000000000000
62.000000000000000,86.000000000000000,0.0000000000000000
63.000000000000000,86.000000000000000,0.0000000000000000
64.000000000000000,86.000000000000000,0.0000000000000000
65.000000000000000,86.000000000000000,0.0000000000000000
66.000000000000000,86.000000000000000,0.0000000000000000
67.000000000000000,86.000000000000000,0.0000000000000000
68.000000000000000,86.000000000000000,0.0000000000000000
69.000000000000000,86.000000000000000,0.0000000000000000
70.000000000000000,86.000000000000000,0.0000000000000000
71.000000000000000,86.000000000000000,0.0000000000000000
72.000000000000000,86.000000000000000,0.0000000000000000
73.000000000000000,86.000000000000000,0.0000000000000000
74.000000000000000,86.000000000000000,0.0000000000000000
75.000000000000000,86.000000000000000,0.0000000000000000
76.000000000000000,86.000000000000000,0.0000000000000000
77.000000000000000,86.000000000000000,0.0000000000000000
78.000000000000000,86.000000000000000,0.0000000000000000
79.000000000000000,86.000000000000000,0.0000000000000000
80.000000000000000,86.000000000000000,0.0000000000000000
81.000000000000000,86.000000000000000,0.0000000000000000
82.000000000000000,86.000000000000000,0.0000000000000000
83.000000000000000,86.000000000000000,0.0000000000000000
84.000000000000000,86.000000000000000,0.0000000000000000
85.000000000000000,86.000000000000000,0.0000000000000000
86.000000000000000,86.000000000000000,0.0000000000000000
87.000000000000000,86.000000000000000,0.0000000000000000
88.000000000000000,86.000000000000000,0.0000000000000000
89.000000000000000,86.000000000000000,0.0000000000000000
90.000000000000000,86.000000000000000,97.599998474121094
91.000000000000000,86.000000000000000,0.0000000000000000
92.000000000000000,86.000000000000000,0.0000000000000000
93.000000000000000,86.000000000000000,0.0000000000000000
94.000000000000000,86.000000000000000,0.0000000000000000
95.000000000000000,86.000000000000000,0.0000000000000000
96.000000000000000,86.000000000000000,0.0000000000000000
97.000000000000000,86.000000000000000,0.0000000000000000
98.000000000000000,86.000000000000000,0.0000000000000000
99.000000000000000,86.000000000000000,0.0000000000000000
100.00000000000000,86.000000000000000,0.0000000000000000
101.00000000000000,86.000000000000000,0.0000000000000000
102.00000000000000,86.000000000000000,0.0000000000000000
103.00000000000000,86.000000000000000,0.0000000000000000
104.00000000000000,86.000000000000000,0.0000000000000000
105.00000000000000,86.000000000000000,0.0000000000000000
106.00000000000000,86.000000000000000,0.0000000000000000
107.00000000000000,86.000000000000000,0.0000000000000000
108.00000000000000,86.000000000000000,0.0000000000000000
109.00000000000000,86.000000000000000,0.0000000000000000
110.00000000000000,86.000000000000000,0.0000000000000000
111.00000000000000,86.000000000000000,0.0000000000000000
112.00000000000000,86.000000000000000,0.0000000000000000
113.00000000000000,86.000000000000000,0.0000000000000000
1.0000000000000000,87.000000000000000,0.0000000000000000
2.0000000000000000,87.000000000000000,98.400001525878906
3.0000000000000000,87.000000000000000,0.0000000000000000
4.0000000000000000,87.000000000000000,0.0000000000000000
5.0000000000000000,87.000000000000000,0.0000000000000000
6.0000000000000000,87.000000000000000,0.0000000000000000
7.0000000000000000,87.000000000000000,0.0000000000000000
8.0000000000000000,87.000000000000000,0.0000000000000000
9.0000000000000000,87.000000000000000,0.0000000000000000
10.000000000000000,87.000000000000000,0.0000000000000000
11.000000000000000,87.000000000000000,0.0000000000000000
12.000000000000000,87.000000000000000,0.0000000000000000
13.000000000000000,87.000000000000000,0.0000000000000000
14.000000000000000,87.000000000000000,0.0000000000000000
15.000000000000000,87.000000000000000,0.0000000000000000
16.000000000000000,87.000000000000000,0.0000000000000000
17.000000000000000,87.000000000000000,0.0000000000000000
18.000000000000000,87.000000000000000,0.0000000000000000
19.000000000000000,87.000000000000000,0.0000000000000000
20.000000000000000,87.000000000000000,0.0000000000000000
21.000000000000000,87.000000000000000,0.0000000000000000
22.000000000000000,87.000000000000000,0.0000000000000000
23.000000000000000,87.000000000000000,0.0000000000000000
24.000000000000000,87.000000000000000,0.0000000000000000
25.000000000000000,87.000000000000000,0.0000000000000000
26.000000000000000,87.000000000000000,0.0000000000000000
27.000000000000000,87.000000000000000,0.0000000000000000
28.000000000000000,87.000000000000000,0.0000000000000000
29.000000000000000,87.000000000000000,0.0000000000000000
30.000000000000000,87.000000000000000,0.0000000000000000
31.000000000000000,87.000000000000000,0.0000000000000000
32.000000000000000,87.000000000000000,0.0000000000000000
33.000000000000000,87.000000000000000,0.0000000000000000
34.000000000000000,87.000000000000000,0.0000000000000000
35.000000000000000,87.000000000000000,0.0000000000000000
36.000000000000000,87.000000000000000,0.0000000000000000
37.000000000000000,87.000000000000000,0.0000000000000000
38.000000000000000,87.000000000000000,0.0000000000000000
39.000000000000000,87.000000000000000,0.0000000000000000
40.000000000000000,87.000000000000000,0.0000000000000000
41.000000000000000,87.000000000000000,0.0000000000000000
42.000000000000000,87.000000000000000,0.0000000000000000
43.000000000000000,87.000000000000000,0.0000000000000000
44.000000000000000,87.000000000000000,0.0000000000000000
45.000000000000000,87.000000000000000,0.0000000000000000
46.000000000000000,87.000000000000000,0.0000000000000000
47.000000000000000,87.000000000000000,0.0000000000000000
48.000000000000000,87.000000000000000,0.0000000000000000
49.000000000000000,87.000000000000000,0.0000000000000000
50.000000000000000,87.000000000000000,0.0000000000000000
51.000000000000000,87.000000000000000,0.0000000000000000
52.000000000000000,87.000000000000000,0.0000000000000000
53.000000000000000,87.000000000000000,0.0000000000000000
54.000000000000000,87.000000000000000,0.0000000000000000
55.000000000000000,87.000000000000000,0.0000000000000000
56.000000000000000,87.000000000000000,0.0000000000000000
57.000000000000000,87.000000000000000,0.0000000000000000
58.000000000000000,87.000000000000000,0.0000000000000000
59.000000000000000,87.000000000000000,0.0000000000000000
60.000000000000000,87.000000000000000,0.0000000000000000
61.000000000000000,87.000000000000000,0.0000000000000000
62.000000000000000,87.000000000000000,0.0000000000000000
63.000000000000000,87.000000000000000,0.0000000000000000
64.000000000000000,87.000000000000000,0.0000000000000000
65.000000000000000,87.000000000000000,0.0000000000000000
66.000000000000000,87.000000000000000,0.0000000000000000
67.000000000000000,87.000000000000000,0.0000000000000000
68.000000000000000,87.000000000000000,0.0000000000000000
69.000000000000000,87.000000000000000,0.0000000000000000
70.000000000000000,87.000000000000000,0.0000000000000000
71.000000000000000,87.000000000000000,0.0000000000000000
72.000000000000000,87.000000000000000,0.0000000000000000
73.000000000000000,87.000000000000000,0.0000000000000000
74.000000000000000,87.000000000000000,0.0000000000000000
75.000000000000000,87.000000000000000,0.0000000000000000
76.000000000000000,87.000000000000000,0.0000000000000000
77.000000000000000,87.000000000000000,0.0000000000000000
78.000000000000000,87.000000000000000,0.0000000000000000
79.000000000000000,87.000000000000000,0.0000000000000000
80.000000000000000,87.000000000000000,0.0000000000000000
81.000000000000000,87.000000000000000,0.0000000000000000
82.000000000000000,87.000000000000000,0.0000000000000000
83.000000000000000,87.000000000000000,0.0000000000000000
84.000000000000000,87.000000000000000,0.0000000000000000
85.000000000000000,87.000000000000000,0.0000000000000000
86.000000000000000,87.000000000000000,0.0000000000000000
87.000000000000000,87.000000000000000,0.0000000000000000
88.000000000000000,87.000000000000000,0.0000000000000000
89.000000000000000,87.000000000000000,0.0000000000000000
90.000000000000000,87.000000000000000,97.599998474121094
91.000000000000000,87.000000000000000,0.0000000000000000
92.000000000000000,87.000000000000000,0.0000000000000000
93.000000000000000,87.000000000000000,0.0000000000000000
94.000000000000000,87.000000000000000,0.0000000000000000
95.000000000000000,87.000000000000000,0.0000000000000000
96.000000000000000,87.000000000000000,0.0000000000000000
97.000000000000000,87.000000000000000,0.0000000000000000
98.000000000000000,87.000000000000000,0.0000000000000000
99.000000000000000,87.000000000000000,0.0000000000000000
100.00000000000000,87.000000000000000,0.0000000000000000
101.00000000000000,87.000000000000000,0.0000000000000000
102.00000000000000,87.000000000000000,0.0000000000000000
103.00000000000000,87.000000000000000,0.0000000000000000
104.00000000000000,87.000000000000000,0.0000000000000000
105.00000000000000,87.000000000000000,0.0000000000000000
106.00000000000000,87.000000000000000,0.0000000000000000
107.00000000000000,87.000000000000000,0.0000000000000000
108.00000000000000,87.000000000000000,0.0000000000000000
109.00000000000000,87.000000000000000,0.0000000000000000
110.00000000000000,87.000000000000000,0.0000000000000000
111.00000000000000,87.000000000000000,0.0000000000000000
112.00000000000000,87.000000000000000,0.0000000000000000
113.00000000000000,87.000000000000000,0.0000000000000000
1.0000000000000000,88.000000000000000,0.0000000000000000
2.0000000000000000,88.000000000000000,0.0000000000000000
3.0000000000000000,88.000000000000000,0.0000000000000000
4.0000000000000000,88.000000000000000,0.0000000000000000
5.0000000000000000,88.000000000000000,0.0000000000000000
6.0000000000000000,88.000000000000000,0.0000000000000000
7.0000000000000000,88.000000000000000,0.0000000000000000
8.0000000000000000,88.000000000000000,0.0000000000000000
9.0000000000000000,88.000000000000000,0.0000000000000000
10.000000000000000,88.000000000000000,0.0000000000000000
11.000000000000000,88.000000000000000,0.0000000000000000
12.000000000000000,88.000000000000000,0.0000000000000000
13.000000000000000,88.000000000000000,0.0000000000000000
14.000000000000000,88.000000000000000,0.0000000000000000
15.000000000000000,88.000000000000000,0.0000000000000000
16.000000000000000,88.000000000000000,0.0000000000000000
17.000000000000000,88.000000000000000,0.0000000000000000
18.000000000000000,88.000000000000000,0.0000000000000000
19.000000000000000,88.000000000000000,0.0000000000000000
20.000000000000000,88.000000000000000,0.0000000000000000
21.000000000000000,88.000000000000000,0.0000000000000000
22.000000000000000,88.000000000000000,0.0000000000000000
23.000000000000000,88.000000000000000,0.0000000000000000
24.000000000000000,88.000000000000000,0.0000000000000000
25.000000000000000,88.000000000000000,0.0000000000000000
26.000000000000000,88.000000000000000,0.0000000000000000
27.000000000000000,88.000000000000000,0.0000000000000000
28.000000000000000,88.000000000000000,0.0000000000000000
29.000000000000000,88.000000000000000,0.0000000000000000
30.000000000000000,88.000000000000000,0.0000000000000000
31.000000000000000,88.000000000000000,0.0000000000000000
32.000000000000000,88.000000000000000,0.0000000000000000
33.000000000000000,88.000000000000000,0.0000000000000000
34.000000000000000,88.000000000000000,0.0000000000000000
35.000000000000000,88.000000000000000,0.0000000000000000
36.000000000000000,88.000000000000000,0.0000000000000000
37.000000000000000,88.000000000000000,0.0000000000000000
38.000000000000000,88.000000000000000,0.0000000000000000
39.000000000000000,88.000000000000000,0.0000000000000000
40.000000000000000,88.000000000000000,0.0000000000000000
41.000000000000000,88.000000000000000,0.0000000000000000
42.000000000000000,88.000000000000000,0.0000000000000000
43.000000000000000,88.000000000000000,0.0000000000000000
44.000000000000000,88.000000000000000,0.0000000000000000
45.000000000000000,88.000000000000000,0.0000000000000000
46.000000000000000,88.000000000000000,0.0000000000000000
47.000000000000000,88.000000000000000,0.0000000000000000
48.000000000000000,88.000000000000000,0.0000000000000000
49.000000000000000,88.000000000000000,0.0000000000000000
50.000000000000000,88.000000000000000,0.0000000000000000
51.000000000000000,88.000000000000000,0.0000000000000000
52.000000000000000,88.000000000000000,0.0000000000000000
53.000000000000000,88.000000000000000,0.0000000000000000
54.000000000000000,88.000000000000000,0.0000000000000000
55.000000000000000,88.000000000000000,0.0000000000000000
56.000000000000000,88.000000000000000,0.0000000000000000
57.000000000000000,88.000000000000000,0.0000000000000000
58.000000000000000,88.000000000000000,0.0000000000000000
59.000000000000000,88.000000000000000,0.0000000000000000
60.000000000000000,88.000000000000000,0.0000000000000000
61.000000000000000,88.000000000000000,0.0000000000000000
62.000000000000000,88.000000000000000,0.0000000000000000
63.000000000000000,88.000000000000000,0.0000000000000000
64.000000000000000,88.000000000000000,0.0000000000000000
65.000000000000000,88.000000000000000,0.0000000000000000
66.000000000000000,88.000000000000000,0.0000000000000000
67.000000000000000,88.000000000000000,0.0000000000000000
68.000000000000000,88.000000000000000,0.0000000000000000
69.000000000000000,88.000000000000000,0.0000000000000000
70.000000000000000,88.000000000000000,0.0000000000000000
71.000000000000000,88.000000000000000,0.0000000000000000
72.000000000000000,88.000000000000000,0.0000000000000000
73.000000000000000,88.000000000000000,0.0000000000000000
74.000000000000000,88.000000000000000,0.0000000000000000
75.000000000000000,88.000000000000000,0.0000000000000000
76.000000000000000,88.000000000000000,0.0000000000000000
77.000000000000000,88.000000000000000,0.0000000000000000
78.000000000000000,88.000000000000000,0.0000000000000000
79.000000000000000,88.000000000000000,0.0000000000000000
80.000000000000000,88.000000000000000,0.0000000000000000
81.000000000000000,88.000000000000000,0.0000000000000000
82.000000000000000,88.000000000000000,0.0000000000000000
83.000000000000000,88.000000000000000,0.0000000000000000
84.000000000000000,88.000000000000000,0.0000000000000000
85.000000000000000,88.000000000000000,0.0000000000000000
86.000000000000000,88.000000000000000,0.0000000000000000
87.000000000000000,88.000000000000000,0.0000000000000000
88.000000000000000,88.000000000000000,0.0000000000000000
89.000000000000000,88.000000000000000,0.0000000000000000
90.000000000000000,88.000000000000000,97.599998474121094
91.000000000000000,88.000000000000000,0.0000000000000000
92.000000000000000,88.000000000000000,0.0000000000000000
93.000000000000000,88.000000000000000,0.0000000000000000
94.000000000000000,88.000000000000000,0.0000000000000000
95.000000000000000,88.000000000000000,0.0000000000000000
96.000000000000000,88.000000000000000,0.0000000000000000
97.000000000000000,88.000000000000000,0.0000000000000000
98.000000000000000,88.000000000000000,0.0000000000000000
99.000000000000000,88.000000000000000,0.0000000000000000
100.00000000000000,88.000000000000000,0.0000000000000000
101.00000000000000,88.000000000000000,0.0000000000000000
102.00000000000000,88.000000000000000,0.0000000000000000
103.00000000000000,88.000000000000000,0.0000000000000000
104.00000000000000,88.000000000000000,0.0000000000000000
105.00000000000000,88.000000000000000,0.0000000000000000
106.00000000000000,88.000000000000000,0.0000000000000000
107.00000000000000,88.000000000000000,0.0000000000000000
108.00000000000000,88.000000000000000,0.0000000000000000
109.00000000000000,88.000000000000000,0.0000000000000000
110.00000000000000,88.000000000000000,0.0000000000000000
111.00000000000000,88.000000000000000,0.0000000000000000
112.00000000000000,88.000000000000000,0.0000000000000000
113.00000000000000,88.000000000000000,0.0000000000000000
1.0000000000000000,89.000000000000000,0.0000000000000000
2.0000000000000000,89.000000000000000,0.0000000000000000
3.0000000000000000,89.000000000000000,0.0000000000000000
4.0000000000000000,89.000000000000000,98.300003051757812
5.0000000000000000,89.000000000000000,98.300003051757812
6.0000000000000000,89.000000000000000,0.0000000000000000
7.0000000000000000,89.000000000000000,0.0000000000000000
8.0000000000000000,89.000000000000000,0.0000000000000000
9.0000000000000000,89.000000000000000,0.0000000000000000
10.000000000000000,89.000000000000000,0.0000000000000000
11.000000000000000,89.000000000000000,0.0000000000000000
12.000000000000000,89.000000000000000,0.0000000000000000
13.000000000000000,89.000000000000000,0.0000000000000000
14.000000000000000,89.000000000000000,0.0000000000000000
15.000000000000000,89.000000000000000,0.0000000000000000
16.000000000000000,89.000000000000000,0.0000000000000000
17.000000000000000,89.000000000000000,0.0000000000000000
18.000000000000000,89.000000000000000,0.0000000000000000
19.000000000000000,89.000000000000000,0.0000000000000000
20.000000000000000,89.000000000000000,0.0000000000000000
21.000000000000000,89.000000000000000,0.0000000000000000
22.000000000000000,89.000000000000000,0.0000000000000000
23.000000000000000,89.000000000000000,0.0000000000000000
24.000000000000000,89.000000000000000,0.0000000000000000
25.000000000000000,89.000000000000000,0.0000000000000000
26.000000000000000,89.000000000000000,0.0000000000000000
27.000000000000000,89.000000000000000,0.0000000000000000
28.000000000000000,89.000000000000000,0.0000000000000000
29.000000000000000,89.000000000000000,0.0000000000000000
30.000000000000000,89.000000000000000,0.0000000000000000
31.000000000000000,89.000000000000000,0.0000000000000000
32.000000000000000,89.000000000000000,0.0000000000000000
33.000000000000000,89.000000000000000,0.0000000000000000
34.000000000000000,89.000000000000000,0.0000000000000000
35.000000000000000,89.000000000000000,0.0000000000000000
36.000000000000000,89.000000000000000,0.0000000000000000
37.000000000000000,89.000000000000000,0.0000000000000000
38.000000000000000,89.000000000000000,0.0000000000000000
39.000000000000000,89.000000000000000,0.0000000000000000
40.000000000000000,89.000000000000000,0.0000000000000000
41.000000000000000,89.000000000000000,0.0000000000000000
42.000000000000000,89.000000000000000,0.0000000000000000
43.000000000000000,89.000000000000000,0.0000000000000000
44.000000000000000,89.000000000000000,0.0000000000000000
45.000000000000000,89.000000000000000,0.0000000000000000
46.000000000000000,89.000000000000000,0.0000000000000000
47.000000000000000,89.000000000000000,0.0000000000000000
48.000000000000000,89.000000000000000,0.0000000000000000
49.000000000000000,89.000000000000000,0.0000000000000000
50.000000000000000,89.000000000000000,0.0000000000000000
51.000000000000000,89.000000000000000,0.0000000000000000
52.000000000000000,89.000000000000000,0.0000000000000000
53.000000000000000,89.000000000000000,0.0000000000000000
54.000000000000000,89.000000000000000,0.0000000000000000
55.000000000000000,89.000000000000000,0.0000000000000000
56.000000000000000,89.000000000000000,0.0000000000000000
57.000000000000000,89.000000000000000,0.0000000000000000
58.000000000000000,89.000000000000000,0.0000000000000000
59.000000000000000,89.000000000000000,0.0000000000000000
60.000000000000000,89.000000000000000,0.0000000000000000
61.000000000000000,89.000000000000000,0.0000000000000000
62.000000000000000,89.000000000000000,0.0000000000000000
63.000000000000000,89.000000000000000,0.0000000000000000
64.000000000000000,89.000000000000000,0.0000000000000000
65.000000000000000,89.000000000000000,0.0000000000000000
66.000000000000000,89.000000000000000,0.0000000000000000
67.000000000000000,89.000000000000000,0.0000000000000000
68.000000000000000,89.000000000000000,0.0000000000000000
69.000000000000000,89.000000000000000,0.0000000000000000
70.000000000000000,89.000000000000000,0.0000000000000000
71.000000000000000,89.000000000000000,0.0000000000000000
72.000000000000000,89.000000000000000,0.0000000000000000
73.000000000000000,89.000000000000000,0.0000000000000000
74.000000000000000,89.000000000000000,0.0000000000000000
75.000000000000000,89.000000000000000,0.0000000000000000
76.000000000000000,89.000000000000000,0.0000000000000000
77.000000000000000,89.000000000000000,0.0000000000000000
78.000000000000000,89.000000000000000,0.0000000000000000
79.000000000000000,89.000000000000000,0.0000000000000000
80.000000000000000,89.000000000000000,0.0000000000000000
81.000000000000000,89.000000000000000,0.0000000000000000
82.000000000000000,89.000000000000000,0.0000000000000000
83.000000000000000,89.000000000000000,0.0000000000000000
84.000000000000000,89.000000000000000,0.0000000000000000
85.000000000000000,89.000000000000000,0.0000000000000000
86.000000000000000,89.000000000000000,0.0000000000000000
87.000000000000000,89.000000000000000,0.0000000000000000
88.000000000000000,89.000000000000000,0.0000000000000000
89.000000000000000,89.000000000000000,0.0000000000000000
90.000000000000000,89.000000000000000,97.699996948242188
91.000000000000000,89.000000000000000,0.0000000000000000
92.000000000000000,89.000000000000000,0.0000000000000000
93.000000000000000,89.000000000000000,0.0000000000000000
94.000000000000000,89.000000000000000,0.0000000000000000
95.000000000000000,89.000000000000000,0.0000000000000000
96.000000000000000,89.000000000000000,0.0000000000000000
97.000000000000000,89.000000000000000,0.0000000000000000
98.000000000000000,89.000000000000000,0.0000000000000000
99.000000000000000,89.000000000000000,0.0000000000000000
100.00000000000000,89.000000000000000,0.0000000000000000
101.00000000000000,89.000000000000000,0.0000000000000000
102.00000000000000,89.000000000000000,0.0000000000000000
103.00000000000000,89.000000000000000,0.0000000000000000
104.00000000000000,89.000000000000000,0.0000000000000000
105.00000000000000,89.000000000000000,0.0000000000000000
106.00000000000000,89.000000000000000,0.0000000000000000
107.00000000000000,89.000000000000000,0.0000000000000000
108.00000000000000,89.000000000000000,0.0000000000000000
109.00000000000000,89.000000000000000,0.0000000000000000
110.00000000000000,89.000000000000000,0.0000000000000000
111.00000000000000,89.000000000000000,0.0000000000000000
112.00000000000000,89.000000000000000,0.0000000000000000
113.00000000000000,89.000000000000000,0.0000000000000000
1.0000000000000000,90.000000000000000,0.0000000000000000
2.0000000000000000,90.000000000000000,0.0000000000000000
3.0000000000000000,90.000000000000000,0.0000000000000000
4.0000000000000000,90.000000000000000,0.0000000000000000
5.0000000000000000,90.000000000000000,98.300003051757812
6.0000000000000000,90.000000000000000,0.0000000000000000
7.0000000000000000,90.000000000000000,0.0000000000000000
8.0000000000000000,90.000000000000000,0.0000000000000000
9.0000000000000000,90.000000000000000,0.0000000000000000
10.000000000000000,90.000000000000000,0.0000000000000000
11.000000000000000,90.000000000000000,0.0000000000000000
12.000000000000000,90.000000000000000,0.0000000000000000
13.000000000000000,90.000000000000000,0.0000000000000000
14.000000000000000,90.000000000000000,0.0000000000000000
15.000000000000000,90.000000000000000,0.0000000000000000
16.000000000000000,90.000000000000000,0.0000000000000000
17.000000000000000,90.000000000000000,0.0000000000000000
18.000000000000000,90.000000000000000,0.0000000000000000
19.000000000000000,90.000000000000000,0.0000000000000000
20.000000000000000,90.000000000000000,0.0000000000000000
21.000000000000000,90.000000000000000,0.0000000000000000
22.000000000000000,90.000000000000000,0.0000000000000000
23.000000000000000,90.000000000000000,0.0000000000000000
24.000000000000000,90.000000000000000,0.0000000000000000
25.000000000000000,90.000000000000000,0.0000000000000000
26.000000000000000,90.000000000000000,0.0000000000000000
27.000000000000000,90.000000000000000,0.0000000000000000
28.000000000000000,90.000000000000000,0.0000000000000000
29.000000000000000,90.000000000000000,0.0000000000000000
30.000000000000000,90.000000000000000,0.0000000000000000
31.000000000000000,90.000000000000000,0.0000000000000000
32.000000000000000,90.000000000000000,0.0000000000000000
33.000000000000000,90.000000000000000,0.0000000000000000
34.000000000000000,90.000000000000000,0.0000000000000000
35.000000000000000,90.000000000000000,0.0000000000000000
36.000000000000000,90.000000000000000,0.0000000000000000
37.000000000000000,90.000000000000000,0.0000000000000000
38.000000000000000,90.000000000000000,0.0000000000000000
39.000000000000000,90.000000000000000,0.0000000000000000
40.000000000000000,90.000000000000000,0.0000000000000000
41.000000000000000,90.000000000000000,0.0000000000000000
42.000000000000000,90.000000000000000,0.0000000000000000
43.000000000000000,90.000000000000000,0.0000000000000000
44.000000000000000,90.000000000000000,0.0000000000000000
45.000000000000000,90.000000000000000,0.0000000000000000
46.000000000000000,90.000000000000000,0.0000000000000000
47.000000000000000,90.000000000000000,0.0000000000000000
48.000000000000000,90.000000000000000,0.0000000000000000
49.000000000000000,90.000000000000000,0.0000000000000000
50.000000000000000,90.000000000000000,0.0000000000000000
51.000000000000000,90.000000000000000,0.0000000000000000
52.000000000000000,90.000000000000000,0.0000000000000000
53.000000000000000,90.000000000000000,0.0000000000000000
54.000000000000000,90.000000000000000,0.0000000000000000
55.000000000000000,90.000000000000000,0.0000000000000000
56.000000000000000,90.000000000000000,0.0000000000000000
57.000000000000000,90.000000000000000,0.0000000000000000
58.000000000000000,90.000000000000000,0.0000000000000000
59.000000000000000,90.000000000000000,0.0000000000000000
60.000000000000000,90.000000000000000,0.0000000000000000
61.000000000000000,90.000000000000000,0.0000000000000000
62.000000000000000,90.000000000000000,0.0000000000000000
63.000000000000000,90.000000000000000,0.0000000000000000
64.000000000000000,90.000000000000000,0.0000000000000000
65.000000000000000,90.000000000000000,0.0000000000000000
66.000000000000000,90.000000000000000,0.0000000000000000
67.000000000000000,90.000000000000000,0.0000000000000000
68.000000000000000,90.000000000000000,0.0000000000000000
69.000000000000000,90.000000000000000,0.0000000000000000
70.000000000000000,90.000000000000000,0.0000000000000000
71.000000000000000,90.000000000000000,0.0000000000000000
72.000000000000000,90.000000000000000,0.0000000000000000
73.000000000000000,90.000000000000000,0.0000000000000000
74.000000000000000,90.000000000000000,0.0000000000000000
75.000000000000000,90.000000000000000,0.0000000000000000
76.000000000000000,90.000000000000000,0.0000000000000000
77.000000000000000,90.000000000000000,0.0000000000000000
78.000000000000000,90.000000000000000,0.0000000000000000
79.000000000000000,90.000000000000000,0.0000000000000000
80.000000000000000,90.000000000000000,0.0000000000000000
81.000000000000000,90.000000000000000,0.0000000000000000
82.000000000000000,90.000000000000000,0.0000000000000000
83.000000000000000,90.000000000000000,0.0000000000000000
84.000000000000000,90.000000000000000,0.0000000000000000
85.000000000000000,90.000000000000000,0.0000000000000000
86.000000000000000,90.000000000000000,0.0000000000000000
87.000000000000000,90.000000000000000,0.0000000000000000
88.000000000000000,90.000000000000000,0.0000000000000000
89.000000000000000,90.000000000000000,0.0000000000000000
90.000000000000000,90.000000000000000,97.699996948242188
91.000000000000000,90.000000000000000,0.0000000000000000
92.000000000000000,90.000000000000000,0.0000000000000000
93.000000000000000,90.000000000000000,0.0000000000000000
94.000000000000000,90.000000000000000,0.0000000000000000
95.000000000000000,90.000000000000000,0.0000000000000000
96.000000000000000,90.000000000000000,0.0000000000000000
97.000000000000000,90.000000000000000,0.0000000000000000
98.000000000000000,90.000000000000000,0.0000000000000000
99.000000000000000,90.000000000000000,0.0000000000000000
100.00000000000000,90.000000000000000,0.0000000000000000
101.00000000000000,90.000000000000000,0.0000000000000000
102.00000000000000,90.000000000000000,0.0000000000000000
103.00000000000000,90.000000000000000,0.0000000000000000
104.00000000000000,90.000000000000000,0.0000000000000000
105.00000000000000,90.000000000000000,0.0000000000000000
106.00000000000000,90.000000000000000,0.0000000000000000
107.00000000000000,90.000000000000000,0.0000000000000000
108.00000000000000,90.000000000000000,0.0000000000000000
109.00000000000000,90.000000000000000,0.0000000000000000
110.00000000000000,90.000000000000000,0.0000000000000000
111.00000000000000,90.000000000000000,0.0000000000000000
112.00000000000000,90.000000000000000,0.0000000000000000
113.00000000000000,90.000000000000000,0.0000000000000000
1.0000000000000000,91.000000000000000,0.0000000000000000
2.0000000000000000,91.000000000000000,0.0000000000000000
3.0000000000000000,91.000000000000000,0.0000000000000000
4.0000000000000000,91.000000000000000,0.0000000000000000
5.0000000000000000,91.000000000000000,0.0000000000000000
6.0000000000000000,91.000000000000000,0.0000000000000000
7.0000000000000000,91.000000000000000,0.0000000000000000
8.0000000000000000,91.000000000000000,0.0000000000000000
9.0000000000000000,91.000000000000000,0.0000000000000000
10.000000000000000,91.000000000000000,0.0000000000000000
11.000000000000000,91.000000000000000,0.0000000000000000
12.000000000000000,91.000000000000000,0.0000000000000000
13.000000000000000,91.000000000000000,0.0000000000000000
14.000000000000000,91.000000000000000,0.0000000000000000
15.000000000000000,91.000000000000000,0.0000000000000000
16.000000000000000,91.000000000000000,0.0000000000000000
17.000000000000000,91.000000000000000,0.0000000000000000
18.000000000000000,91.000000000000000,0.0000000000000000
19.000000000000000,91.000000000000000,0.0000000000000000
20.000000000000000,91.000000000000000,0.0000000000000000
21.000000000000000,91.000000000000000,0.0000000000000000
22.000000000000000,91.000000000000000,0.0000000000000000
23.000000000000000,91.000000000000000,0.0000000000000000
24.000000000000000,91.000000000000000,0.0000000000000000
25.000000000000000,91.000000000000000,0.0000000000000000
26.000000000000000,91.000000000000000,0.0000000000000000
27.000000000000000,91.000000000000000,0.0000000000000000
28.000000000000000,91.000000000000000,0.0000000000000000
29.000000000000000,91.000000000000000,0.0000000000000000
30.000000000000000,91.000000000000000,0.0000000000000000
31.000000000000000,91.000000000000000,0.0000000000000000
32.000000000000000,91.000000000000000,0.0000000000000000
33.000000000000000,91.000000000000000,0.0000000000000000
34.000000000000000,91.000000000000000,0.0000000000000000
35.000000000000000,91.000000000000000,0.0000000000000000
36.000000000000000,91.000000000000000,0.0000000000000000
37.000000000000000,91.000000000000000,0.0000000000000000
38.000000000000000,91.000000000000000,0.0000000000000000
39.000000000000000,91.000000000000000,0.0000000000000000
40.000000000000000,91.000000000000000,0.0000000000000000
41.000000000000000,91.000000000000000,0.0000000000000000
42.000000000000000,91.000000000000000,0.0000000000000000
43.000000000000000,91.000000000000000,0.0000000000000000
44.000000000000000,91.000000000000000,0.0000000000000000
45.000000000000000,91.000000000000000,0.0000000000000000
46.000000000000000,91.000000000000000,0.0000000000000000
47.000000000000000,91.000000000000000,0.0000000000000000
48.000000000000000,91.000000000000000,0.0000000000000000
49.000000000000000,91.000000000000000,0.0000000000000000
50.000000000000000,91.000000000000000,0.0000000000000000
51.000000000000000,91.000000000000000,0.0000000000000000
52.000000000000000,91.000000000000000,0.0000000000000000
53.000000000000000,91.000000000000000,0.0000000000000000
54.000000000000000,91.000000000000000,0.0000000000000000
55.000000000000000,91.000000000000000,0.0000000000000000
56.000000000000000,91.000000000000000,0.0000000000000000
57.000000000000000,91.000000000000000,0.0000000000000000
58.000000000000000,91.000000000000000,0.0000000000000000
59.000000000000000,91.000000000000000,0.0000000000000000
60.000000000000000,91.000000000000000,0.0000000000000000
61.000000000000000,91.000000000000000,0.0000000000000000
62.000000000000000,91.000000000000000,0.0000000000000000
63.000000000000000,91.000000000000000,0.0000000000000000
64.000000000000000,91.000000000000000,0.0000000000000000
65.000000000000000,91.000000000000000,0.0000000000000000
66.000000000000000,91.000000000000000,0.0000000000000000
67.000000000000000,91.000000000000000,0.0000000000000000
68.000000000000000,91.000000000000000,0.0000000000000000
69.000000000000000,91.000000000000000,0.0000000000000000
70.000000000000000,91.000000000000000,0.0000000000000000
71.000000000000000,91.000000000000000,0.0000000000000000
72.000000000000000,91.000000000000000,0.0000000000000000
73.000000000000000,91.000000000000000,0.0000000000000000
74.000000000000000,91.000000000000000,0.0000000000000000
75.000000000000000,91.000000000000000,0.0000000000000000
76.000000000000000,91.000000000000000,0.0000000000000000
77.000000000000000,91.000000000000000,0.0000000000000000
78.000000000000000,91.000000000000000,0.0000000000000000
79.000000000000000,91.000000000000000,0.0000000000000000
80.000000000000000,91.000000000000000,0.0000000000000000
81.000000000000000,91.000000000000000,0.0000000000000000
82.000000000000000,91.000000000000000,0.0000000000000000
83.000000000000000,91.000000000000000,0.0000000000000000
84.000000000000000,91.000000000000000,0.0000000000000000
85.000000000000000,91.000000000000000,0.0000000000000000
86.000000000000000,91.000000000000000,0.0000000000000000
87.000000000000000,91.000000000000000,0.0000000000000000
88.000000000000000,91.000000000000000,0.0000000000000000
89.000000000000000,91.000000000000000,0.0000000000000000
90.000000000000000,91.000000000000000,97.699996948242188
91.000000000000000,91.000000000000000,0.0000000000000000
92.000000000000000,91.000000000000000,0.0000000000000000
93.000000000000000,91.000000000000000,0.0000000000000000
94.000000000000000,91.000000000000000,0.0000000000000000
95.000000000000000,91.000000000000000,0.0000000000000000
96.000000000000000,91.000000000000000,0.0000000000000000
97.000000000000000,91.000000000000000,0.0000000000000000
98.000000000000000,91.000000000000000,0.0000000000000000
99.000000000000000,91.000000000000000,0.0000000000000000
100.00000000000000,91.000000000000000,0.0000000000000000
101.00000000000000,91.000000000000000,0.0000000000000000
102.00000000000000,91.000000000000000,0.0000000000000000
103.00000000000000,91.000000000000000,0.0000000000000000
104.00000000000000,91.000000000000000,0.0000000000000000
105.00000000000000,91.000000000000000,0.0000000000000000
106.00000000000000,91.000000000000000,0.0000000000000000
107.00000000000000,91.000000000000000,0.0000000000000000
108.00000000000000,91.000000000000000,0.0000000000000000
109.00000000000000,91.000000000000000,0.0000000000000000
110.00000000000000,91.000000000000000,0.0000000000000000
111.00000000000000,91.000000000000000,0.0000000000000000
112.00000000000000,91.000000000000000,0.0000000000000000
113.00000000000000,91.000000000000000,0.0000000000000000
1.0000000000000000,92.000000000000000,0.0000000000000000
2.0000000000000000,92.000000000000000,0.0000000000000000
3.0000000000000000,92.000000000000000,0.0000000000000000
4.0000000000000000,92.000000000000000,0.0000000000000000
5.0000000000000000,92.000000000000000,0.0000000000000000
6.0000000000000000,92.000000000000000,0.0000000000000000
7.0000000000000000,92.000000000000000,0.0000000000000000
8.0000000000000000,92.000000000000000,0.0000000000000000
9.0000000000000000,92.000000000000000,98.000000000000000
10.000000000000000,92.000000000000000,98.000000000000000
11.000000000000000,92.000000000000000,98.000000000000000
12.000000000000000,92.000000000000000,0.0000000000000000
13.000000000000000,92.000000000000000,0.0000000000000000
14.000000000000000,92.000000000000000,0.0000000000000000
15.000000000000000,92.000000000000000,0.0000000000000000
16.000000000000000,92.000000000000000,0.0000000000000000
17.000000000000000,92.000000000000000,0.0000000000000000
18.000000000000000,92.000000000000000,0.0000000000000000
19.000000000000000,92.000000000000000,0.0000000000000000
20.000000000000000,92.000000000000000,0.0000000000000000
21.000000000000000,92.000000000000000,0.0000000000000000
22.000000000000000,92.000000000000000,0.0000000000000000
23.000000000000000,92.000000000000000,0.0000000000000000
24.000000000000000,92.000000000000000,0.0000000000000000
25.000000000000000,92.000000000000000,0.0000000000000000
26.000000000000000,92.000000000000000,0.0000000000000000
27.000000000000000,92.000000000000000,0.0000000000000000
28.000000000000000,92.000000000000000,0.0000000000000000
29.000000000000000,92.000000000000000,0.0000000000000000
30.000000000000000,92.000000000000000,0.0000000000000000
31.000000000000000,92.000000000000000,0.0000000000000000
32.000000000000000,92.000000000000000,0.0000000000000000
33.000000000000000,92.000000000000000,0.0000000000000000
34.000000000000000,92.000000000000000,0.0000000000000000
35.000000000000000,92.000000000000000,0.0000000000000000
36.000000000000000,92.000000000000000,0.0000000000000000
37.000000000000000,92.000000000000000,0.0000000000000000
38.000000000000000,92.000000000000000,0.0000000000000000
39.000000000000000,92.000000000000000,0.0000000000000000
40.000000000000000,92.000000000000000,0.0000000000000000
41.000000000000000,92.000000000000000,0.0000000000000000
42.000000000000000,92.000000000000000,0.0000000000000000
43.000000000000000,92.000000000000000,0.0000000000000000
44.000000000000000,92.000000000000000,0.0000000000000000
45.000000000000000,92.000000000000000,0.0000000000000000
46.000000000000000,92.000000000000000,0.0000000000000000
47.000000000000000,92.000000000000000,0.0000000000000000
48.000000000000000,92.000000000000000,0.0000000000000000
49.000000000000000,92.000000000000000,0.0000000000000000
50.000000000000000,92.000000000000000,0.0000000000000000
51.000000000000000,92.000000000000000,0.0000000000000000
52.000000000000000,92.000000000000000,0.0000000000000000
53.000000000000000,92.000000000000000,0.0000000000000000
54.000000000000000,92.000000000000000,0.0000000000000000
55.000000000000000,92.000000000000000,0.0000000000000000
56.000000000000000,92.000000000000000,0.0000000000000000
57.000000000000000,92.000000000000000,0.0000000000000000
58.000000000000000,92.000000000000000,0.0000000000000000
59.000000000000000,92.000000000000000,0.0000000000000000
60.000000000000000,92.000000000000000,0.0000000000000000
61.000000000000000,92.000000000000000,0.0000000000000000
62.000000000000000,92.000000000000000,0.0000000000000000
63.000000000000000,92.000000000000000,0.0000000000000000
64.000000000000000,92.000000000000000,0.0000000000000000
65.000000000000000,92.000000000000000,0.0000000000000000
66.000000000000000,92.000000000000000,0.0000000000000000
67.000000000000000,92.000000000000000,0.0000000000000000
68.000000000000000,92.000000000000000,0.0000000000000000
69.000000000000000,92.000000000000000,0.0000000000000000
70.000000000000000,92.000000000000000,0.0000000000000000
71.000000000000000,92.000000000000000,0.0000000000000000
72.000000000000000,92.000000000000000,0.0000000000000000
73.000000000000000,92.000000000000000,0.0000000000000000
74.000000000000000,92.000000000000000,0.0000000000000000
75.000000000000000,92.000000000000000,0.0000000000000000
76.000000000000000,92.000000000000000,0.0000000000000000
77.000000000000000,92.000000000000000,0.0000000000000000
78.000000000000000,92.000000000000000,0.0000000000000000
79.000000000000000,92.000000000000000,0.0000000000000000
80.000000000000000,92.000000000000000,0.0000000000000000
81.000000000000000,92.000000000000000,0.0000000000000000
82.000000000000000,92.000000000000000,0.0000000000000000
83.000000000000000,92.000000000000000,0.0000000000000000
84.000000000000000,92.000000000000000,0.0000000000000000
85.000000000000000,92.000000000000000,0.0000000000000000
86.000000000000000,92.000000000000000,0.0000000000000000
87.000000000000000,92.000000000000000,0.0000000000000000
88.000000000000000,92.000000000000000,0.0000000000000000
89.000000000000000,92.000000000000000,0.0000000000000000
90.000000000000000,92.000000000000000,97.699996948242188
91.000000000000000,92.000000000000000,97.699996948242188
92.000000000000000,92.000000000000000,0.0000000000000000
93.000000000000000,92.000000000000000,0.0000000000000000
94.000000000000000,92.000000000000000,0.0000000000000000
95.000000000000000,92.000000000000000,0.0000000000000000
96.000000000000000,92.000000000000000,0.0000000000000000
97.000000000000000,92.000000000000000,0.0000000000000000
98.000000000000000,92.000000000000000,0.0000000000000000
99.000000000000000,92.000000000000000,0.0000000000000000
100.00000000000000,92.000000000000000,0.0000000000000000
101.00000000000000,92.000000000000000,0.0000000000000000
102.00000000000000,92.000000000000000,0.0000000000000000
103.00000000000000,92.000000000000000,0.0000000000000000
104.00000000000000,92.000000000000000,0.0000000000000000
105.00000000000000,92.000000000000000,0.0000000000000000
106.00000000000000,92.000000000000000,0.0000000000000000
107.00000000000000,92.000000000000000,0.0000000000000000
108.00000000000000,92.000000000000000,0.0000000000000000
109.00000000000000,92.000000000000000,0.0000000000000000
110.00000000000000,92.000000000000000,0.0000000000000000
111.00000000000000,92.000000000000000,0.0000000000000000
112.00000000000000,92.000000000000000,0.0000000000000000
113.00000000000000,92.000000000000000,0.0000000000000000
1.0000000000000000,93.000000000000000,0.0000000000000000
2.0000000000000000,93.000000000000000,0.0000000000000000
3.0000000000000000,93.000000000000000,0.0000000000000000
4.0000000000000000,93.000000000000000,0.0000000000000000
5.0000000000000000,93.000000000000000,0.0000000000000000
6.0000000000000000,93.000000000000000,0.0000000000000000
7.0000000000000000,93.000000000000000,0.0000000000000000
8.0000000000000000,93.000000000000000,0.0000000000000000
9.0000000000000000,93.000000000000000,98.000000000000000
10.000000000000000,93.000000000000000,98.000000000000000
11.000000000000000,93.000000000000000,98.000000000000000
12.000000000000000,93.000000000000000,0.0000000000000000
13.000000000000000,93.000000000000000,0.0000000000000000
14.000000000000000,93.000000000000000,0.0000000000000000
15.000000000000000,93.000000000000000,0.0000000000000000
16.000000000000000,93.000000000000000,0.0000000000000000
17.000000000000000,93.000000000000000,0.0000000000000000
18.000000000000000,93.000000000000000,0.0000000000000000
19.000000000000000,93.000000000000000,0.0000000000000000
20.000000000000000,93.000000000000000,0.0000000000000000
21.000000000000000,93.000000000000000,0.0000000000000000
22.000000000000000,93.000000000000000,0.0000000000000000
23.000000000000000,93.000000000000000,0.0000000000000000
24.000000000000000,93.000000000000000,0.0000000000000000
25.000000000000000,93.000000000000000,0.0000000000000000
26.000000000000000,93.000000000000000,0.0000000000000000
27.000000000000000,93.000000000000000,0.0000000000000000
28.000000000000000,93.000000000000000,0.0000000000000000
29.000000000000000,93.000000000000000,0.0000000000000000
30.000000000000000,93.000000000000000,0.0000000000000000
31.000000000000000,93.000000000000000,0.0000000000000000
32.000000000000000,93.000000000000000,0.0000000000000000
33.000000000000000,93.000000000000000,0.0000000000000000
34.000000000000000,93.000000000000000,0.0000000000000000
35.000000000000000,93.000000000000000,0.0000000000000000
36.000000000000000,93.000000000000000,0.0000000000000000
37.000000000000000,93.000000000000000,0.0000000000000000
38.000000000000000,93.000000000000000,0.0000000000000000
39.000000000000000,93.000000000000000,0.0000000000000000
40.000000000000000,93.000000000000000,0.0000000000000000
41.000000000000000,93.000000000000000,0.0000000000000000
42.000000000000000,93.000000000000000,0.0000000000000000
43.000000000000000,93.000000000000000,0.0000000000000000
44.000000000000000,93.000000000000000,0.0000000000000000
45.000000000000000,93.000000000000000,0.0000000000000000
46.000000000000000,93.000000000000000,0.0000000000000000
47.000000000000000,93.000000000000000,0.0000000000000000
48.000000000000000,93.000000000000000,0.0000000000000000
49.000000000000000,93.000000000000000,0.0000000000000000
50.000000000000000,93.000000000000000,0.0000000000000000
51.000000000000000,93.000000000000000,0.0000000000000000
52.000000000000000,93.000000000000000,0.0000000000000000
53.000000000000000,93.000000000000000,0.0000000000000000
54.000000000000000,93.000000000000000,0.0000000000000000
55.000000000000000,93.000000000000000,0.0000000000000000
56.000000000000000,93.000000000000000,0.0000000000000000
57.000000000000000,93.000000000000000,0.0000000000000000
58.000000000000000,93.000000000000000,0.0000000000000000
59.000000000000000,93.000000000000000,0.0000000000000000
60.000000000000000,93.000000000000000,0.0000000000000000
61.000000000000000,93.000000000000000,0.0000000000000000
62.000000000000000,93.000000000000000,0.0000000000000000
63.000000000000000,93.000000000000000,0.0000000000000000
64.000000000000000,93.000000000000000,0.0000000000000000
65.000000000000000,93.000000000000000,0.0000000000000000
66.000000000000000,93.000000000000000,0.0000000000000000
67.000000000000000,93.000000000000000,0.0000000000000000
68.000000000000000,93.000000000000000,0.0000000000000000
69.000000000000000,93.000000000000000,0.0000000000000000
70.000000000000000,93.000000000000000,0.0000000000000000
71.000000000000000,93.000000000000000,0.0000000000000000
72.000000000000000,93.000000000000000,0.0000000000000000
73.000000000000000,93.000000000000000,0.0000000000000000
74.000000000000000,93.000000000000000,0.0000000000000000
75.000000000000000,93.000000000000000,0.0000000000000000
76.000000000000000,93.000000000000000,0.0000000000000000
77.000000000000000,93.000000000000000,0.0000000000000000
78.000000000000000,93.000000000000000,0.0000000000000000
79.000000000000000,93.000000000000000,0.0000000000000000
80.000000000000000,93.000000000000000,0.0000000000000000
81.000000000000000,93.000000000000000,0.0000000000000000
82.000000000000000,93.000000000000000,0.0000000000000000
83.000000000000000,93.000000000000000,0.0000000000000000
84.000000000000000,93.000000000000000,0.0000000000000000
85.000000000000000,93.000000000000000,0.0000000000000000
86.000000000000000,93.000000000000000,0.0000000000000000
87.000000000000000,93.000000000000000,0.0000000000000000
88.000000000000000,93.000000000000000,0.0000000000000000
89.000000000000000,93.000000000000000,0.0000000000000000
90.000000000000000,93.000000000000000,97.699996948242188
91.000000000000000,93.000000000000000,97.699996948242188
92.000000000000000,93.000000000000000,0.0000000000000000
93.000000000000000,93.000000000000000,0.0000000000000000
94.000000000000000,93.000000000000000,0.0000000000000000
95.000000000000000,93.000000000000000,0.0000000000000000
96.000000000000000,93.000000000000000,0.0000000000000000
97.000000000000000,93.000000000000000,0.0000000000000000
98.000000000000000,93.000000000000000,0.0000000000000000
99.000000000000000,93.000000000000000,0.0000000000000000
100.00000000000000,93.000000000000000,0.0000000000000000
101.00000000000000,93.000000000000000,0.0000000000000000
102.00000000000000,93.000000000000000,0.0000000000000000
103.00000000000000,93.000000000000000,0.0000000000000000
104.00000000000000,93.000000000000000,0.0000000000000000
105.00000000000000,93.000000000000000,0.0000000000000000
106.00000000000000,93.000000000000000,0.0000000000000000
107.00000000000000,93.000000000000000,0.0000000000000000
108.00000000000000,93.000000000000000,0.0000000000000000
109.00000000000000,93.000000000000000,0.0000000000000000
110.00000000000000,93.000000000000000,0.0000000000000000
111.00000000000000,93.000000000000000,0.0000000000000000
112.00000000000000,93.000000000000000,0.0000000000000000
113.00000000000000,93.000000000000000,0.0000000000000000
1.0000000000000000,94.000000000000000,0.0000000000000000
2.0000000000000000,94.000000000000000,0.0000000000000000
3.0000000000000000,94.000000000000000,0.0000000000000000
4.0000000000000000,94.000000000000000,0.0000000000000000
5.0000000000000000,94.000000000000000,0.0000000000000000
6.0000000000000000,94.000000000000000,0.0000000000000000
7.0000000000000000,94.000000000000000,0.0000000000000000
8.0000000000000000,94.000000000000000,0.0000000000000000
9.0000000000000000,94.000000000000000,0.0000000000000000
10.000000000000000,94.000000000000000,0.0000000000000000
11.000000000000000,94.000000000000000,0.0000000000000000
12.000000000000000,94.000000000000000,0.0000000000000000
13.000000000000000,94.000000000000000,0.0000000000000000
14.000000000000000,94.000000000000000,0.0000000000000000
15.000000000000000,94.000000000000000,0.0000000000000000
16.000000000000000,94.000000000000000,0.0000000000000000
17.000000000000000,94.000000000000000,0.0000000000000000
18.000000000000000,94.000000000000000,0.0000000000000000
19.000000000000000,94.000000000000000,0.0000000000000000
20.000000000000000,94.000000000000000,0.0000000000000000
21.000000000000000,94.000000000000000,0.0000000000000000
22.000000000000000,94.000000000000000,0.0000000000000000
23.000000000000000,94.000000000000000,0.0000000000000000
24.000000000000000,94.000000000000000,0.0000000000000000
25.000000000000000,94.000000000000000,0.0000000000000000
26.000000000000000,94.000000000000000,0.0000000000000000
27.000000000000000,94.000000000000000,0.0000000000000000
28.000000000000000,94.000000000000000,0.0000000000000000
29.000000000000000,94.000000000000000,0.0000000000000000
30.000000000000000,94.000000000000000,0.0000000000000000
31.000000000000000,94.000000000000000,0.0000000000000000
32.000000000000000,94.000000000000000,0.0000000000000000
33.000000000000000,94.000000000000000,0.0000000000000000
34.000000000000000,94.000000000000000,0.0000000000000000
35.000000000000000,94.000000000000000,0.0000000000000000
36.000000000000000,94.000000000000000,0.0000000000000000
37.000000000000000,94.000000000000000,0.0000000000000000
38.000000000000000,94.000000000000000,0.0000000000000000
39.000000000000000,94.000000000000000,0.0000000000000000
40.000000000000000,94.000000000000000,0.0000000000000000
41.000000000000000,94.000000000000000,0.0000000000000000
42.000000000000000,94.000000000000000,0.0000000000000000
43.000000000000000,94.000000000000000,0.0000000000000000
44.000000000000000,94.000000000000000,0.0000000000000000
45.000000000000000,94.000000000000000,0.0000000000000000
46.000000000000000,94.000000000000000,0.0000000000000000
47.000000000000000,94.000000000000000,0.0000000000000000
48.000000000000000,94.000000000000000,0.0000000000000000
49.000000000000000,94.000000000000000,0.0000000000000000
50.000000000000000,94.000000000000000,0.0000000000000000
51.000000000000000,94.000000000000000,0.0000000000000000
52.000000000000000,94.000000000000000,0.0000000000000000
53.000000000000000,94.000000000000000,0.0000000000000000
54.000000000000000,94.000000000000000,0.0000000000000000
55.000000000000000,94.000000000000000,0.0000000000000000
56.000000000000000,94.000000000000000,0.0000000000000000
57.000000000000000,94.000000000000000,0.0000000000000000
58.000000000000000,94.000000000000000,0.0000000000000000
59.000000000000000,94.000000000000000,0.0000000000000000
60.000000000000000,94.000000000000000,0.0000000000000000
61.000000000000000,94.000000000000000,0.0000000000000000
62.000000000000000,94.000000000000000,0.0000000000000000
63.000000000000000,94.000000000000000,0.0000000000000000
64.000000000000000,94.000000000000000,0.0000000000000000
65.000000000000000,94.000000000000000,0.0000000000000000
66.000000000000000,94.000000000000000,0.0000000000000000
67.000000000000000,94.000000000000000,0.0000000000000000
68.000000000000000,94.000000000000000,0.0000000000000000
69.000000000000000,94.000000000000000,0.0000000000000000
70.000000000000000,94.000000000000000,0.0000000000000000
71.000000000000000,94.000000000000000,0.0000000000000000
72.000000000000000,94.000000000000000,0.0000000000000000
73.000000000000000,94.000000000000000,0.0000000000000000
74.000000000000000,94.000000000000000,0.0000000000000000
75.000000000000000,94.000000000000000,0.0000000000000000
76.000000000000000,94.000000000000000,0.0000000000000000
77.000000000000000,94.000000000000000,0.0000000000000000
78.000000000000000,94.000000000000000,0.0000000000000000
79.000000000000000,94.000000000000000,0.0000000000000000
80.000000000000000,94.000000000000000,0.0000000000000000
81.000000000000000,94.000000000000000,0.0000000000000000
82.000000000000000,94.000000000000000,0.0000000000000000
83.000000000000000,94.000000000000000,0.0000000000000000
84.000000000000000,94.000000000000000,0.0000000000000000
85.000000000000000,94.000000000000000,0.0000000000000000
86.000000000000000,94.000000000000000,0.0000000000000000
87.000000000000000,94.000000000000000,0.0000000000000000
88.000000000000000,94.000000000000000,0.0000000000000000
89.000000000000000,94.000000000000000,0.0000000000000000
90.000000000000000,94.000000000000000,97.699996948242188
91.000000000000000,94.000000000000000,97.699996948242188
92.000000000000000,94.000000000000000,0.0000000000000000
93.000000000000000,94.000000000000000,0.0000000000000000
94.000000000000000,94.000000000000000,0.0000000000000000
95.000000000000000,94.000000000000000,0.0000000000000000
96.000000000000000,94.000000000000000,0.0000000000000000
97.000000000000000,94.000000000000000,0.0000000000000000
98.000000000000000,94.000000000000000,0.0000000000000000
99.000000000000000,94.000000000000000,0.0000000000000000
100.00000000000000,94.000000000000000,0.0000000000000000
101.00000000000000,94.000000000000000,0.0000000000000000
102.00000000000000,94.000000000000000,0.0000000000000000
103.00000000000000,94.000000000000000,0.0000000000000000
104.00000000000000,94.000000000000000,0.0000000000000000
105.00000000000000,94.000000000000000,0.0000000000000000
106.00000000000000,94.000000000000000,0.0000000000000000
107.00000000000000,94.000000000000000,0.0000000000000000
108.00000000000000,94.000000000000000,0.0000000000000000
109.00000000000000,94.000000000000000,0.0000000000000000
110.00000000000000,94.000000000000000,0.0000000000000000
111.00000000000000,94.000000000000000,0.0000000000000000
112.00000000000000,94.000000000000000,0.0000000000000000
113.00000000000000,94.000000000000000,0.0000000000000000
1.0000000000000000,95.000000000000000,0.0000000000000000
2.0000000000000000,95.000000000000000,0.0000000000000000
3.0000000000000000,95.000000000000000,0.0000000000000000
4.0000000000000000,95.000000000000000,0.0000000000000000
5.0000000000000000,95.000000000000000,0.0000000000000000
6.0000000000000000,95.000000000000000,0.0000000000000000
7.0000000000000000,95.000000000000000,0.0000000000000000
8.0000000000000000,95.000000000000000,0.0000000000000000
9.0000000000000000,95.000000000000000,0.0000000000000000
10.000000000000000,95.000000000000000,0.0000000000000000
11.000000000000000,95.000000000000000,0.0000000000000000
12.000000000000000,95.000000000000000,0.0000000000000000
13.000000000000000,95.000000000000000,0.0000000000000000
14.000000000000000,95.000000000000000,0.0000000000000000
15.000000000000000,95.000000000000000,0.0000000000000000
16.000000000000000,95.000000000000000,0.0000000000000000
17.000000000000000,95.000000000000000,0.0000000000000000
18.000000000000000,95.000000000000000,0.0000000000000000
19.000000000000000,95.000000000000000,0.0000000000000000
20.000000000000000,95.000000000000000,0.0000000000000000
21.000000000000000,95.000000000000000,0.0000000000000000
22.000000000000000,95.000000000000000,0.0000000000000000
23.000000000000000,95.000000000000000,0.0000000000000000
24.000000000000000,95.000000000000000,0.0000000000000000
25.000000000000000,95.000000000000000,0.0000000000000000
26.000000000000000,95.000000000000000,0.0000000000000000
27.000000000000000,95.000000000000000,0.0000000000000000
28.000000000000000,95.000000000000000,0.0000000000000000
29.000000000000000,95.000000000000000,0.0000000000000000
30.000000000000000,95.000000000000000,0.0000000000000000
31.000000000000000,95.000000000000000,0.0000000000000000
32.000000000000000,95.000000000000000,0.0000000000000000
33.000000000000000,95.000000000000000,0.0000000000000000
34.000000000000000,95.000000000000000,0.0000000000000000
35.000000000000000,95.000000000000000,0.0000000000000000
36.000000000000000,95.000000000000000,0.0000000000000000
37.000000000000000,95.000000000000000,0.0000000000000000
38.000000000000000,95.000000000000000,0.0000000000000000
39.000000000000000,95.000000000000000,0.0000000000000000
40.000000000000000,95.000000000000000,0.0000000000000000
41.000000000000000,95.000000000000000,0.0000000000000000
42.000000000000000,95.000000000000000,0.0000000000000000
43.000000000000000,95.000000000000000,0.0000000000000000
44.000000000000000,95.000000000000000,0.0000000000000000
45.000000000000000,95.000000000000000,0.0000000000000000
46.000000000000000,95.000000000000000,0.0000000000000000
47.000000000000000,95.000000000000000,0.0000000000000000
48.000000000000000,95.000000000000000,0.0000000000000000
49.000000000000000,95.000000000000000,0.0000000000000000
50.000000000000000,95.000000000000000,0.0000000000000000
51.000000000000000,95.000000000000000,0.0000000000000000
52.000000000000000,95.000000000000000,0.0000000000000000
53.000000000000000,95.000000000000000,0.0000000000000000
54.000000000000000,95.000000000000000,0.0000000000000000
55.000000000000000,95.000000000000000,0.0000000000000000
56.000000000000000,95.000000000000000,0.0000000000000000
57.000000000000000,95.000000000000000,0.0000000000000000
58.000000000000000,95.000000000000000,0.0000000000000000
59.000000000000000,95.000000000000000,0.0000000000000000
60.000000000000000,95.000000000000000,0.0000000000000000
61.000000000000000,95.000000000000000,0.0000000000000000
62.000000000000000,95.000000000000000,0.0000000000000000
63.000000000000000,95.000000000000000,0.0000000000000000
64.000000000000000,95.000000000000000,0.0000000000000000
65.000000000000000,95.000000000000000,0.0000000000000000
66.000000000000000,95.000000000000000,0.0000000000000000
67.000000000000000,95.000000000000000,0.0000000000000000
68.000000000000000,95.000000000000000,0.0000000000000000
69.000000000000000,95.000000000000000,0.0000000000000000
70.000000000000000,95.000000000000000,0.0000000000000000
71.000000000000000,95.000000000000000,0.0000000000000000
72.000000000000000,95.000000000000000,0.0000000000000000
73.000000000000000,95.000000000000000,0.0000000000000000
74.000000000000000,95.000000000000000,0.0000000000000000
75.000000000000000,95.000000000000000,0.0000000000000000
76.000000000000000,95.000000000000000,0.0000000000000000
77.000000000000000,95.000000000000000,0.0000000000000000
78.000000000000000,95.000000000000000,0.0000000000000000
79.000000000000000,95.000000000000000,0.0000000000000000
80.000000000000000,95.000000000000000,0.0000000000000000
81.000000000000000,95.000000000000000,0.0000000000000000
82.000000000000000,95.000000000000000,0.0000000000000000
83.000000000000000,95.000000000000000,0.0000000000000000
84.000000000000000,95.000000000000000,97.699996948242188
85.000000000000000,95.000000000000000,97.699996948242188
86.000000000000000,95.000000000000000,97.699996948242188
87.000000000000000,95.000000000000000,97.699996948242188
88.000000000000000,95.000000000000000,97.699996948242188
89.000000000000000,95.000000000000000,97.699996948242188
90.000000000000000,95.000000000000000,97.699996948242188
91.000000000000000,95.000000000000000,0.0000000000000000
92.000000000000000,95.000000000000000,0.0000000000000000
93.000000000000000,95.000000000000000,0.0000000000000000
94.000000000000000,95.000000000000000,0.0000000000000000
95.000000000000000,95.000000000000000,0.0000000000000000
96.000000000000000,95.000000000000000,0.0000000000000000
97.000000000000000,95.000000000000000,0.0000000000000000
98.000000000000000,95.000000000000000,0.0000000000000000
99.000000000000000,95.000000000000000,0.0000000000000000
100.00000000000000,95.000000000000000,0.0000000000000000
101.00000000000000,95.000000000000000,0.0000000000000000
102.00000000000000,95.000000000000000,0.0000000000000000
103.00000000000000,95.000000000000000,0.0000000000000000
104.00000000000000,95.000000000000000,0.0000000000000000
105.00000000000000,95.000000000000000,0.0000000000000000
106.00000000000000,95.000000000000000,0.0000000000000000
107.00000000000000,95.000000000000000,0.0000000000000000
108.00000000000000,95.000000000000000,0.0000000000000000
109.00000000000000,95.000000000000000,0.0000000000000000
110.00000000000000,95.000000000000000,0.0000000000000000
111.00000000000000,95.000000000000000,0.0000000000000000
112.00000000000000,95.000000000000000,0.0000000000000000
113.00000000000000,95.000000000000000,0.0000000000000000
1.0000000000000000,96.000000000000000,0.0000000000000000
2.0000000000000000,96.000000000000000,0.0000000000000000
3.0000000000000000,96.000000000000000,0.0000000000000000
4.0000000000000000,96.000000000000000,0.0000000000000000
5.0000000000000000,96.000000000000000,0.0000000000000000
6.0000000000000000,96.000000000000000,0.0000000000000000
7.0000000000000000,96.000000000000000,0.0000000000000000
8.0000000000000000,96.000000000000000,0.0000000000000000
9.0000000000000000,96.000000000000000,0.0000000000000000
10.000000000000000,96.000000000000000,0.0000000000000000
11.000000000000000,96.000000000000000,0.0000000000000000
12.000000000000000,96.000000000000000,0.0000000000000000
13.000000000000000,96.000000000000000,0.0000000000000000
14.000000000000000,96.000000000000000,0.0000000000000000
15.000000000000000,96.000000000000000,0.0000000000000000
16.000000000000000,96.000000000000000,0.0000000000000000
17.000000000000000,96.000000000000000,0.0000000000000000
18.000000000000000,96.000000000000000,0.0000000000000000
19.000000000000000,96.000000000000000,0.0000000000000000
20.000000000000000,96.000000000000000,0.0000000000000000
21.000000000000000,96.000000000000000,0.0000000000000000
22.000000000000000,96.000000000000000,0.0000000000000000
23.000000000000000,96.000000000000000,0.0000000000000000
24.000000000000000,96.000000000000000,0.0000000000000000
25.000000000000000,96.000000000000000,0.0000000000000000
26.000000000000000,96.000000000000000,0.0000000000000000
27.000000000000000,96.000000000000000,0.0000000000000000
28.000000000000000,96.000000000000000,0.0000000000000000
29.000000000000000,96.000000000000000,0.0000000000000000
30.000000000000000,96.000000000000000,0.0000000000000000
31.000000000000000,96.000000000000000,0.0000000000000000
32.000000000000000,96.000000000000000,0.0000000000000000
33.000000000000000,96.000000000000000,0.0000000000000000
34.000000000000000,96.000000000000000,0.0000000000000000
35.000000000000000,96.000000000000000,0.0000000000000000
36.000000000000000,96.000000000000000,0.0000000000000000
37.000000000000000,96.000000000000000,0.0000000000000000
38.000000000000000,96.000000000000000,0.0000000000000000
39.000000000000000,96.000000000000000,0.0000000000000000
40.000000000000000,96.000000000000000,0.0000000000000000
41.000000000000000,96.000000000000000,0.0000000000000000
42.000000000000000,96.000000000000000,0.0000000000000000
43.000000000000000,96.000000000000000,0.0000000000000000
44.000000000000000,96.000000000000000,0.0000000000000000
45.000000000000000,96.000000000000000,0.0000000000000000
46.000000000000000,96.000000000000000,0.0000000000000000
47.000000000000000,96.000000000000000,0.0000000000000000
48.000000000000000,96.000000000000000,0.0000000000000000
49.000000000000000,96.000000000000000,0.0000000000000000
50.000000000000000,96.000000000000000,0.0000000000000000
51.000000000000000,96.000000000000000,0.0000000000000000
52.000000000000000,96.000000000000000,0.0000000000000000
53.000000000000000,96.000000000000000,0.0000000000000000
54.000000000000000,96.000000000000000,0.0000000000000000
55.000000000000000,96.000000000000000,0.0000000000000000
56.000000000000000,96.000000000000000,0.0000000000000000
57.000000000000000,96.000000000000000,0.0000000000000000
58.000000000000000,96.000000000000000,0.0000000000000000
59.000000000000000,96.000000000000000,0.0000000000000000
60.000000000000000,96.000000000000000,0.0000000000000000
61.000000000000000,96.000000000000000,0.0000000000000000
62.000000000000000,96.000000000000000,0.0000000000000000
63.000000000000000,96.000000000000000,0.0000000000000000
64.000000000000000,96.000000000000000,0.0000000000000000
65.000000000000000,96.000000000000000,0.0000000000000000
66.000000000000000,96.000000000000000,0.0000000000000000
67.000000000000000,96.000000000000000,0.0000000000000000
68.000000000000000,96.000000000000000,0.0000000000000000
69.000000000000000,96.000000000000000,0.0000000000000000
70.000000000000000,96.000000000000000,0.0000000000000000
71.000000000000000,96.000000000000000,0.0000000000000000
72.000000000000000,96.000000000000000,0.0000000000000000
73.000000000000000,96.000000000000000,0.0000000000000000
74.000000000000000,96.000000000000000,0.0000000000000000
75.000000000000000,96.000000000000000,0.0000000000000000
76.000000000000000,96.000000000000000,0.0000000000000000
77.000000000000000,96.000000000000000,0.0000000000000000
78.000000000000000,96.000000000000000,0.0000000000000000
79.000000000000000,96.000000000000000,0.0000000000000000
80.000000000000000,96.000000000000000,0.0000000000000000
81.000000000000000,96.000000000000000,0.0000000000000000
82.000000000000000,96.000000000000000,0.0000000000000000
83.000000000000000,96.000000000000000,0.0000000000000000
84.000000000000000,96.000000000000000,97.699996948242188
85.000000000000000,96.000000000000000,0.0000000000000000
86.000000000000000,96.000000000000000,0.0000000000000000
87.000000000000000,96.000000000000000,97.699996948242188
88.000000000000000,96.000000000000000,0.0000000000000000
89.000000000000000,96.000000000000000,0.0000000000000000
90.000000000000000,96.000000000000000,0.0000000000000000
91.000000000000000,96.000000000000000,0.0000000000000000
92.000000000000000,96.000000000000000,0.0000000000000000
93.000000000000000,96.000000000000000,0.0000000000000000
94.000000000000000,96.000000000000000,0.0000000000000000
95.000000000000000,96.000000000000000,0.0000000000000000
96.000000000000000,96.000000000000000,0.0000000000000000
97.000000000000000,96.000000000000000,0.0000000000000000
98.000000000000000,96.000000000000000,0.0000000000000000
99.000000000000000,96.000000000000000,0.0000000000000000
100.00000000000000,96.000000000000000,0.0000000000000000
101.00000000000000,96.000000000000000,0.0000000000000000
102.00000000000000,96.000000000000000,0.0000000000000000
103.00000000000000,96.000000000000000,0.0000000000000000
104.00000000000000,96.000000000000000,0.0000000000000000
105.00000000000000,96.000000000000000,0.0000000000000000
106.00000000000000,96.000000000000000,0.0000000000000000
107.00000000000000,96.000000000000000,0.0000000000000000
108.00000000000000,96.000000000000000,0.0000000000000000
109.00000000000000,96.000000000000000,0.0000000000000000
110.00000000000000,96.000000000000000,0.0000000000000000
111.00000000000000,96.000000000000000,0.0000000000000000
112.00000000000000,96.000000000000000,0.0000000000000000
113.00000000000000,96.000000000000000,0.0000000000000000
1.0000000000000000,97.000000000000000,0.0000000000000000
2.0000000000000000,97.000000000000000,0.0000000000000000
3.0000000000000000,97.000000000000000,0.0000000000000000
4.0000000000000000,97.000000000000000,0.0000000000000000
5.0000000000000000,97.000000000000000,0.0000000000000000
6.0000000000000000,97.000000000000000,0.0000000000000000
7.0000000000000000,97.000000000000000,0.0000000000000000
8.0000000000000000,97.000000000000000,0.0000000000000000
9.0000000000000000,97.000000000000000,0.0000000000000000
10.000000000000000,97.000000000000000,0.0000000000000000
11.000000000000000,97.000000000000000,0.0000000000000000
12.000000000000000,97.000000000000000,0.0000000000000000
13.000000000000000,97.000000000000000,0.0000000000000000
14.000000000000000,97.000000000000000,0.0000000000000000
15.000000000000000,97.000000000000000,0.0000000000000000
16.000000000000000,97.000000000000000,0.0000000000000000
17.000000000000000,97.000000000000000,0.0000000000000000
18.000000000000000,97.000000000000000,0.0000000000000000
19.000000000000000,97.000000000000000,0.0000000000000000
20.000000000000000,97.000000000000000,0.0000000000000000
21.000000000000000,97.000000000000000,0.0000000000000000
22.000000000000000,97.000000000000000,0.0000000000000000
23.000000000000000,97.000000000000000,0.0000000000000000
24.000000000000000,97.000000000000000,0.0000000000000000
25.000000000000000,97.000000000000000,0.0000000000000000
26.000000000000000,97.000000000000000,0.0000000000000000
27.000000000000000,97.000000000000000,0.0000000000000000
28.000000000000000,97.000000000000000,0.0000000000000000
29.000000000000000,97.000000000000000,0.0000000000000000
30.000000000000000,97.000000000000000,0.0000000000000000
31.000000000000000,97.000000000000000,0.0000000000000000
32.000000000000000,97.000000000000000,0.0000000000000000
33.000000000000000,97.000000000000000,0.0000000000000000
34.000000000000000,97.000000000000000,0.0000000000000000
35.000000000000000,97.000000000000000,0.0000000000000000
36.000000000000000,97.000000000000000,0.0000000000000000
37.000000000000000,97.000000000000000,0.0000000000000000
38.000000000000000,97.000000000000000,0.0000000000000000
39.000000000000000,97.000000000000000,0.0000000000000000
40.000000000000000,97.000000000000000,0.0000000000000000
41.000000000000000,97.000000000000000,0.0000000000000000
42.000000000000000,97.000000000000000,0.0000000000000000
43.000000000000000,97.000000000000000,0.0000000000000000
44.000000000000000,97.000000000000000,0.0000000000000000
45.000000000000000,97.000000000000000,0.0000000000000000
46.000000000000000,97.000000000000000,0.0000000000000000
47.000000000000000,97.000000000000000,0.0000000000000000
48.000000000000000,97.000000000000000,0.0000000000000000
49.000000000000000,97.000000000000000,0.0000000000000000
50.000000000000000,97.000000000000000,0.0000000000000000
51.000000000000000,97.000000000000000,0.0000000000000000
52.000000000000000,97.000000000000000,0.0000000000000000
53.000000000000000,97.000000000000000,0.0000000000000000
54.000000000000000,97.000000000000000,0.0000000000000000
55.000000000000000,97.000000000000000,0.0000000000000000
56.000000000000000,97.000000000000000,0.0000000000000000
57.000000000000000,97.000000000000000,0.0000000000000000
58.000000000000000,97.000000000000000,0.0000000000000000
59.000000000000000,97.000000000000000,0.0000000000000000
60.000000000000000,97.000000000000000,0.0000000000000000
61.000000000000000,97.000000000000000,0.0000000000000000
62.000000000000000,97.000000000000000,0.0000000000000000
63.000000000000000,97.000000000000000,0.0000000000000000
64.000000000000000,97.000000000000000,0.0000000000000000
65.000000000000000,97.000000000000000,0.0000000000000000
66.000000000000000,97.000000000000000,0.0000000000000000
67.000000000000000,97.000000000000000,0.0000000000000000
68.000000000000000,97.000000000000000,0.0000000000000000
69.000000000000000,97.000000000000000,0.0000000000000000
70.000000000000000,97.000000000000000,0.0000000000000000
71.000000000000000,97.000000000000000,0.0000000000000000
72.000000000000000,97.000000000000000,0.0000000000000000
73.000000000000000,97.000000000000000,0.0000000000000000
74.000000000000000,97.000000000000000,0.0000000000000000
75.000000000000000,97.000000000000000,0.0000000000000000
76.000000000000000,97.000000000000000,0.0000000000000000
77.000000000000000,97.000000000000000,0.0000000000000000
78.000000000000000,97.000000000000000,0.0000000000000000
79.000000000000000,97.000000000000000,0.0000000000000000
80.000000000000000,97.000000000000000,0.0000000000000000
81.000000000000000,97.000000000000000,0.0000000000000000
82.000000000000000,97.000000000000000,0.0000000000000000
83.000000000000000,97.000000000000000,0.0000000000000000
84.000000000000000,97.000000000000000,0.0000000000000000
85.000000000000000,97.000000000000000,0.0000000000000000
86.000000000000000,97.000000000000000,0.0000000000000000
87.000000000000000,97.000000000000000,0.0000000000000000
88.000000000000000,97.000000000000000,0.0000000000000000
89.000000000000000,97.000000000000000,0.0000000000000000
90.000000000000000,97.000000000000000,0.0000000000000000
91.000000000000000,97.000000000000000,0.0000000000000000
92.000000000000000,97.000000000000000,0.0000000000000000
93.000000000000000,97.000000000000000,0.0000000000000000
94.000000000000000,97.000000000000000,0.0000000000000000
95.000000000000000,97.000000000000000,0.0000000000000000
96.000000000000000,97.000000000000000,0.0000000000000000
97.000000000000000,97.000000000000000,0.0000000000000000
98.000000000000000,97.000000000000000,0.0000000000000000
99.000000000000000,97.000000000000000,0.0000000000000000
100.00000000000000,97.000000000000000,0.0000000000000000
101.00000000000000,97.000000000000000,0.0000000000000000
102.00000000000000,97.000000000000000,0.0000000000000000
103.00000000000000,97.000000000000000,0.0000000000000000
104.00000000000000,97.000000000000000,0.0000000000000000
105.00000000000000,97.000000000000000,0.0000000000000000
106.00000000000000,97.000000000000000,0.0000000000000000
107.00000000000000,97.000000000000000,0.0000000000000000
108.00000000000000,97.000000000000000,0.0000000000000000
109.00000000000000,97.000000000000000,0.0000000000000000
110.00000000000000,97.000000000000000,0.0000000000000000
111.00000000000000,97.000000000000000,0.0000000000000000
112.00000000000000,97.000000000000000,0.0000000000000000
113.00000000000000,97.000000000000000,0.0000000000000000
1.0000000000000000,98.000000000000000,0.0000000000000000
2.0000000000000000,98.000000000000000,0.0000000000000000
3.0000000000000000,98.000000000000000,0.0000000000000000
4.0000000000000000,98.000000000000000,0.0000000000000000
5.0000000000000000,98.000000000000000,0.0000000000000000
6.0000000000000000,98.000000000000000,0.0000000000000000
7.0000000000000000,98.000000000000000,0.0000000000000000
8.0000000000000000,98.000000000000000,0.0000000000000000
9.0000000000000000,98.000000000000000,0.0000000000000000
10.000000000000000,98.000000000000000,0.0000000000000000
11.000000000000000,98.000000000000000,0.0000000000000000
12.000000000000000,98.000000000000000,0.0000000000000000
13.000000000000000,98.000000000000000,0.0000000000000000
14.000000000000000,98.000000000000000,0.0000000000000000
15.000000000000000,98.000000000000000,0.0000000000000000
16.000000000000000,98.000000000000000,0.0000000000000000
17.000000000000000,98.000000000000000,0.0000000000000000
18.000000000000000,98.000000000000000,0.0000000000000000
19.000000000000000,98.000000000000000,0.0000000000000000
20.000000000000000,98.000000000000000,0.0000000000000000
21.000000000000000,98.000000000000000,0.0000000000000000
22.000000000000000,98.000000000000000,0.0000000000000000
23.000000000000000,98.000000000000000,0.0000000000000000
24.000000000000000,98.000000000000000,0.0000000000000000
25.000000000000000,98.000000000000000,0.0000000000000000
26.000000000000000,98.000000000000000,0.0000000000000000
27.000000000000000,98.000000000000000,0.0000000000000000
28.000000000000000,98.000000000000000,0.0000000000000000
29.000000000000000,98.000000000000000,0.0000000000000000
30.000000000000000,98.000000000000000,0.0000000000000000
31.000000000000000,98.000000000000000,0.0000000000000000
32.000000000000000,98.000000000000000,0.0000000000000000
33.000000000000000,98.000000000000000,0.0000000000000000
34.000000000000000,98.000000000000000,0.0000000000000000
35.000000000000000,98.000000000000000,0.0000000000000000
36.000000000000000,98.000000000000000,0.0000000000000000
37.000000000000000,98.000000000000000,0.0000000000000000
38.000000000000000,98.000000000000000,0.0000000000000000
39.000000000000000,98.000000000000000,0.0000000000000000
40.000000000000000,98.000000000000000,0.0000000000000000
41.000000000000000,98.000000000000000,0.0000000000000000
42.000000000000000,98.000000000000000,0.0000000000000000
43.000000000000000,98.000000000000000,0.0000000000000000
44.000000000000000,98.000000000000000,0.0000000000000000
45.000000000000000,98.000000000000000,0.0000000000000000
46.000000000000000,98.000000000000000,0.0000000000000000
47.000000000000000,98.000000000000000,0.0000000000000000
48.000000000000000,98.000000000000000,0.0000000000000000
49.000000000000000,98.000000000000000,0.0000000000000000
50.000000000000000,98.000000000000000,0.0000000000000000
51.000000000000000,98.000000000000000,0.0000000000000000
52.000000000000000,98.000000000000000,0.0000000000000000
53.000000000000000,98.000000000000000,0.0000000000000000
54.000000000000000,98.000000000000000,0.0000000000000000
55.000000000000000,98.000000000000000,0.0000000000000000
56.000000000000000,98.000000000000000,0.0000000000000000
57.000000000000000,98.000000000000000,0.0000000000000000
58.000000000000000,98.000000000000000,0.0000000000000000
59.000000000000000,98.000000000000000,0.0000000000000000
60.000000000000000,98.000000000000000,0.0000000000000000
61.000000000000000,98.000000000000000,0.0000000000000000
62.000000000000000,98.000000000000000,0.0000000000000000
63.000000000000000,98.000000000000000,0.0000000000000000
64.000000000000000,98.000000000000000,0.0000000000000000
65.000000000000000,98.000000000000000,0.0000000000000000
66.000000000000000,98.000000000000000,0.0000000000000000
67.000000000000000,98.000000000000000,0.0000000000000000
68.000000000000000,98.000000000000000,0.0000000000000000
69.000000000000000,98.000000000000000,0.0000000000000000
70.000000000000000,98.000000000000000,0.0000000000000000
71.000000000000000,98.000000000000000,0.0000000000000000
72.000000000000000,98.000000000000000,0.0000000000000000
73.000000000000000,98.000000000000000,0.0000000000000000
74.000000000000000,98.000000000000000,0.0000000000000000
75.000000000000000,98.000000000000000,0.0000000000000000
76.000000000000000,98.000000000000000,0.0000000000000000
77.000000000000000,98.000000000000000,0.0000000000000000
78.000000000000000,98.000000000000000,0.0000000000000000
79.000000000000000,98.000000000000000,0.0000000000000000
80.000000000000000,98.000000000000000,0.0000000000000000
81.000000000000000,98.000000000000000,0.0000000000000000
82.000000000000000,98.000000000000000,0.0000000000000000
83.000000000000000,98.000000000000000,0.0000000000000000
84.000000000000000,98.000000000000000,97.800003051757812
85.000000000000000,98.000000000000000,0.0000000000000000
86.000000000000000,98.000000000000000,0.0000000000000000
87.000000000000000,98.000000000000000,0.0000000000000000
88.000000000000000,98.000000000000000,0.0000000000000000
89.000000000000000,98.000000000000000,0.0000000000000000
90.000000000000000,98.000000000000000,0.0000000000000000
91.000000000000000,98.000000000000000,0.0000000000000000
92.000000000000000,98.000000000000000,0.0000000000000000
93.000000000000000,98.000000000000000,0.0000000000000000
94.000000000000000,98.000000000000000,0.0000000000000000
95.000000000000000,98.000000000000000,0.0000000000000000
96.000000000000000,98.000000000000000,0.0000000000000000
97.000000000000000,98.000000000000000,0.0000000000000000
98.000000000000000,98.000000000000000,0.0000000000000000
99.000000000000000,98.000000000000000,0.0000000000000000
100.00000000000000,98.000000000000000,0.0000000000000000
101.00000000000000,98.000000000000000,0.0000000000000000
102.00000000000000,98.000000000000000,0.0000000000000000
103.00000000000000,98.000000000000000,0.0000000000000000
104.00000000000000,98.000000000000000,0.0000000000000000
105.00000000000000,98.000000000000000,0.0000000000000000
106.00000000000000,98.000000000000000,0.0000000000000000
107.00000000000000,98.000000000000000,0.0000000000000000
108.00000000000000,98.000000000000000,0.0000000000000000
109.00000000000000,98.000000000000000,0.0000000000000000
110.00000000000000,98.000000000000000,0.0000000000000000
111.00000000000000,98.000000000000000,0.0000000000000000
112.00000000000000,98.000000000000000,0.0000000000000000
113.00000000000000,98.000000000000000,0.0000000000000000
1.0000000000000000,99.000000000000000,0.0000000000000000
2.0000000000000000,99.000000000000000,0.0000000000000000
3.0000000000000000,99.000000000000000,0.0000000000000000
4.0000000000000000,99.000000000000000,0.0000000000000000
5.0000000000000000,99.000000000000000,0.0000000000000000
6.0000000000000000,99.000000000000000,0.0000000000000000
7.0000000000000000,99.000000000000000,0.0000000000000000
8.0000000000000000,99.000000000000000,0.0000000000000000
9.0000000000000000,99.000000000000000,0.0000000000000000
10.000000000000000,99.000000000000000,0.0000000000000000
11.000000000000000,99.000000000000000,0.0000000000000000
12.000000000000000,99.000000000000000,0.0000000000000000
13.000000000000000,99.000000000000000,0.0000000000000000
14.000000000000000,99.000000000000000,0.0000000000000000
15.000000000000000,99.000000000000000,0.0000000000000000
16.000000000000000,99.000000000000000,0.0000000000000000
17.000000000000000,99.000000000000000,0.0000000000000000
18.000000000000000,99.000000000000000,0.0000000000000000
19.000000000000000,99.000000000000000,0.0000000000000000
20.000000000000000,99.000000000000000,0.0000000000000000
21.000000000000000,99.000000000000000,0.0000000000000000
22.000000000000000,99.000000000000000,0.0000000000000000
23.000000000000000,99.000000000000000,0.0000000000000000
24.000000000000000,99.000000000000000,0.0000000000000000
25.000000000000000,99.000000000000000,0.0000000000000000
26.000000000000000,99.000000000000000,0.0000000000000000
27.000000000000000,99.000000000000000,0.0000000000000000
28.000000000000000,99.000000000000000,0.0000000000000000
29.000000000000000,99.000000000000000,0.0000000000000000
30.000000000000000,99.000000000000000,0.0000000000000000
31.000000000000000,99.000000000000000,0.0000000000000000
32.000000000000000,99.000000000000000,0.0000000000000000
33.000000000000000,99.000000000000000,0.0000000000000000
34.000000000000000,99.000000000000000,0.0000000000000000
35.000000000000000,99.000000000000000,0.0000000000000000
36.000000000000000,99.000000000000000,0.0000000000000000
37.000000000000000,99.000000000000000,0.0000000000000000
38.000000000000000,99.000000000000000,0.0000000000000000
39.000000000000000,99.000000000000000,0.0000000000000000
40.000000000000000,99.000000000000000,0.0000000000000000
41.000000000000000,99.000000000000000,0.0000000000000000
42.000000000000000,99.000000000000000,0.0000000000000000
43.000000000000000,99.000000000000000,0.0000000000000000
44.000000000000000,99.000000000000000,0.0000000000000000
45.000000000000000,99.000000000000000,0.0000000000000000
46.000000000000000,99.000000000000000,0.0000000000000000
47.000000000000000,99.000000000000000,0.0000000000000000
48.000000000000000,99.000000000000000,0.0000000000000000
49.000000000000000,99.000000000000000,0.0000000000000000
50.000000000000000,99.000000000000000,0.0000000000000000
51.000000000000000,99.000000000000000,0.0000000000000000
52.000000000000000,99.000000000000000,0.0000000000000000
53.000000000000000,99.000000000000000,0.0000000000000000
54.000000000000000,99.000000000000000,0.0000000000000000
55.000000000000000,99.000000000000000,0.0000000000000000
56.000000000000000,99.000000000000000,0.0000000000000000
57.000000000000000,99.000000000000000,0.0000000000000000
58.000000000000000,99.000000000000000,0.0000000000000000
59.000000000000000,99.000000000000000,0.0000000000000000
60.000000000000000,99.000000000000000,0.0000000000000000
61.000000000000000,99.000000000000000,0.0000000000000000
62.000000000000000,99.000000000000000,0.0000000000000000
63.000000000000000,99.000000000000000,0.0000000000000000
64.000000000000000,99.000000000000000,0.0000000000000000
65.000000000000000,99.000000000000000,0.0000000000000000
66.000000000000000,99.000000000000000,0.0000000000000000
67.000000000000000,99.000000000000000,0.0000000000000000
68.000000000000000,99.000000000000000,0.0000000000000000
69.000000000000000,99.000000000000000,0.0000000000000000
70.000000000000000,99.000000000000000,0.0000000000000000
71.000000000000000,99.000000000000000,0.0000000000000000
72.000000000000000,99.000000000000000,0.0000000000000000
73.000000000000000,99.000000000000000,0.0000000000000000
74.000000000000000,99.000000000000000,0.0000000000000000
75.000000000000000,99.000000000000000,0.0000000000000000
76.000000000000000,99.000000000000000,0.0000000000000000
77.000000000000000,99.000000000000000,0.0000000000000000
78.000000000000000,99.000000000000000,0.0000000000000000
79.000000000000000,99.000000000000000,0.0000000000000000
80.000000000000000,99.000000000000000,0.0000000000000000
81.000000000000000,99.000000000000000,0.0000000000000000
82.000000000000000,99.000000000000000,0.0000000000000000
83.000000000000000,99.000000000000000,0.0000000000000000
84.000000000000000,99.000000000000000,97.800003051757812
85.000000000000000,99.000000000000000,97.800003051757812
86.000000000000000,99.000000000000000,0.0000000000000000
87.000000000000000,99.000000000000000,0.0000000000000000
88.000000000000000,99.000000000000000,0.0000000000000000
89.000000000000000,99.000000000000000,0.0000000000000000
90.000000000000000,99.000000000000000,0.0000000000000000
91.000000000000000,99.000000000000000,0.0000000000000000
92.000000000000000,99.000000000000000,0.0000000000000000
93.000000000000000,99.000000000000000,0.0000000000000000
94.000000000000000,99.000000000000000,0.0000000000000000
95.000000000000000,99.000000000000000,0.0000000000000000
96.000000000000000,99.000000000000000,0.0000000000000000
97.000000000000000,99.000000000000000,0.0000000000000000
98.000000000000000,99.000000000000000,0.0000000000000000
99.000000000000000,99.000000000000000,0.0000000000000000
100.00000000000000,99.000000000000000,0.0000000000000000
101.00000000000000,99.000000000000000,0.0000000000000000
102.00000000000000,99.000000000000000,0.0000000000000000
103.00000000000000,99.000000000000000,0.0000000000000000
104.00000000000000,99.000000000000000,0.0000000000000000
105.00000000000000,99.000000000000000,0.0000000000000000
106.00000000000000,99.000000000000000,0.0000000000000000
107.00000000000000,99.000000000000000,0.0000000000000000
108.00000000000000,99.000000000000000,0.0000000000000000
109.00000000000000,99.000000000000000,0.0000000000000000
110.00000000000000,99.000000000000000,0.0000000000000000
111.00000000000000,99.000000000000000,0.0000000000000000
112.00000000000000,99.000000000000000,0.0000000000000000
113.00000000000000,99.000000000000000,0.0000000000000000
1.0000000000000000,100.00000000000000,0.0000000000000000
2.0000000000000000,100.00000000000000,0.0000000000000000
3.0000000000000000,100.00000000000000,0.0000000000000000
4.0000000000000000,100.00000000000000,0.0000000000000000
5.0000000000000000,100.00000000000000,0.0000000000000000
6.0000000000000000,100.00000000000000,0.0000000000000000
7.0000000000000000,100.00000000000000,0.0000000000000000
8.0000000000000000,100.00000000000000,0.0000000000000000
9.0000000000000000,100.00000000000000,0.0000000000000000
10.000000000000000,100.00000000000000,0.0000000000000000
11.000000000000000,100.00000000000000,0.0000000000000000
12.000000000000000,100.00000000000000,0.0000000000000000
13.000000000000000,100.00000000000000,0.0000000000000000
14.000000000000000,100.00000000000000,0.0000000000000000
15.000000000000000,100.00000000000000,0.0000000000000000
16.000000000000000,100.00000000000000,0.0000000000000000
17.000000000000000,100.00000000000000,0.0000000000000000
18.000000000000000,100.00000000000000,0.0000000000000000
19.000000000000000,100.00000000000000,0.0000000000000000
20.000000000000000,100.00000000000000,0.0000000000000000
21.000000000000000,100.00000000000000,0.0000000000000000
22.000000000000000,100.00000000000000,0.0000000000000000
23.000000000000000,100.00000000000000,0.0000000000000000
24.000000000000000,100.00000000000000,0.0000000000000000
25.000000000000000,100.00000000000000,0.0000000000000000
26.000000000000000,100.00000000000000,0.0000000000000000
27.000000000000000,100.00000000000000,0.0000000000000000
28.000000000000000,100.00000000000000,0.0000000000000000
29.000000000000000,100.00000000000000,0.0000000000000000
30.000000000000000,100.00000000000000,0.0000000000000000
31.000000000000000,100.00000000000000,0.0000000000000000
32.000000000000000,100.00000000000000,0.0000000000000000
33.000000000000000,100.00000000000000,0.0000000000000000
34.000000000000000,100.00000000000000,0.0000000000000000
35.000000000000000,100.00000000000000,0.0000000000000000
36.000000000000000,100.00000000000000,0.0000000000000000
37.000000000000000,100.00000000000000,0.0000000000000000
38.000000000000000,100.00000000000000,0.0000000000000000
39.000000000000000,100.00000000000000,0.0000000000000000
40.000000000000000,100.00000000000000,0.0000000000000000
41.000000000000000,100.00000000000000,0.0000000000000000
42.000000000000000,100.00000000000000,0.0000000000000000
43.000000000000000,100.00000000000000,0.0000000000000000
44.000000000000000,100.00000000000000,0.0000000000000000
45.000000000000000,100.00000000000000,0.0000000000000000
46.000000000000000,100.00000000000000,0.0000000000000000
47.000000000000000,100.00000000000000,0.0000000000000000
48.000000000000000,100.00000000000000,0.0000000000000000
49.000000000000000,100.00000000000000,0.0000000000000000
50.000000000000000,100.00000000000000,0.0000000000000000
51.000000000000000,100.00000000000000,0.0000000000000000
52.000000000000000,100.00000000000000,0.0000000000000000
53.000000000000000,100.00000000000000,0.0000000000000000
54.000000000000000,100.00000000000000,0.0000000000000000
55.000000000000000,100.00000000000000,0.0000000000000000
56.000000000000000,100.00000000000000,0.0000000000000000
57.000000000000000,100.00000000000000,0.0000000000000000
58.000000000000000,100.00000000000000,0.0000000000000000
59.000000000000000,100.00000000000000,0.0000000000000000
60.000000000000000,100.00000000000000,0.0000000000000000
61.000000000000000,100.00000000000000,0.0000000000000000
62.000000000000000,100.00000000000000,0.0000000000000000
63.000000000000000,100.00000000000000,0.0000000000000000
64.000000000000000,100.00000000000000,0.0000000000000000
65.000000000000000,100.00000000000000,0.0000000000000000
66.000000000000000,100.00000000000000,0.0000000000000000
67.000000000000000,100.00000000000000,0.0000000000000000
68.000000000000000,100.00000000000000,0.0000000000000000
69.000000000000000,100.00000000000000,0.0000000000000000
70.000000000000000,100.00000000000000,0.0000000000000000
71.000000000000000,100.00000000000000,0.0000000000000000
72.000000000000000,100.00000000000000,0.0000000000000000
73.000000000000000,100.00000000000000,0.0000000000000000
74.000000000000000,100.00000000000000,0.0000000000000000
75.000000000000000,100.00000000000000,0.0000000000000000
76.000000000000000,100.00000000000000,0.0000000000000000
77.000000000000000,100.00000000000000,0.0000000000000000
78.000000000000000,100.00000000000000,0.0000000000000000
79.000000000000000,100.00000000000000,0.0000000000000000
80.000000000000000,100.00000000000000,0.0000000000000000
81.000000000000000,100.00000000000000,0.0000000000000000
82.000000000000000,100.00000000000000,0.0000000000000000
83.000000000000000,100.00000000000000,0.0000000000000000
84.000000000000000,100.00000000000000,97.800003051757812
85.000000000000000,100.00000000000000,97.800003051757812
86.000000000000000,100.00000000000000,0.0000000000000000
87.000000000000000,100.00000000000000,0.0000000000000000
88.000000000000000,100.00000000000000,0.0000000000000000
89.000000000000000,100.00000000000000,0.0000000000000000
90.000000000000000,100.00000000000000,0.0000000000000000
91.000000000000000,100.00000000000000,0.0000000000000000
92.000000000000000,100.00000000000000,0.0000000000000000
93.000000000000000,100.00000000000000,0.0000000000000000
94.000000000000000,100.00000000000000,0.0000000000000000
95.000000000000000,100.00000000000000,0.0000000000000000
96.000000000000000,100.00000000000000,0.0000000000000000
97.000000000000000,100.00000000000000,0.0000000000000000
98.000000000000000,100.00000000000000,0.0000000000000000
99.000000000000000,100.00000000000000,0.0000000000000000
100.00000000000000,100.00000000000000,0.0000000000000000
101.00000000000000,100.00000000000000,0.0000000000000000
102.00000000000000,100.00000000000000,0.0000000000000000
103.00000000000000,100.00000000000000,0.0000000000000000
104.00000000000000,100.00000000000000,0.0000000000000000
105.00000000000000,100.00000000000000,0.0000000000000000
106.00000000000000,100.00000000000000,0.0000000000000000
107.00000000000000,100.00000000000000,0.0000000000000000
108.00000000000000,100.00000000000000,0.0000000000000000
109.00000000000000,100.00000000000000,0.0000000000000000
110.00000000000000,100.00000000000000,0.0000000000000000
111.00000000000000,100.00000000000000,0.0000000000000000
112.00000000000000,100.00000000000000,0.0000000000000000
113.00000000000000,100.00000000000000,0.0000000000000000
1.0000000000000000,101.00000000000000,0.0000000000000000
2.0000000000000000,101.00000000000000,0.0000000000000000
3.0000000000000000,101.00000000000000,0.0000000000000000
4.0000000000000000,101.00000000000000,0.0000000000000000
5.0000000000000000,101.00000000000000,0.0000000000000000
6.0000000000000000,101.00000000000000,0.0000000000000000
7.0000000000000000,101.00000000000000,0.0000000000000000
8.0000000000000000,101.00000000000000,0.0000000000000000
9.0000000000000000,101.00000000000000,0.0000000000000000
10.000000000000000,101.00000000000000,0.0000000000000000
11.000000000000000,101.00000000000000,0.0000000000000000
12.000000000000000,101.00000000000000,0.0000000000000000
13.000000000000000,101.00000000000000,0.0000000000000000
14.000000000000000,101.00000000000000,0.0000000000000000
15.000000000000000,101.00000000000000,0.0000000000000000
16.000000000000000,101.00000000000000,0.0000000000000000
17.000000000000000,101.00000000000000,0.0000000000000000
18.000000000000000,101.00000000000000,0.0000000000000000
19.000000000000000,101.00000000000000,0.0000000000000000
20.000000000000000,101.00000000000000,0.0000000000000000
21.000000000000000,101.00000000000000,0.0000000000000000
22.000000000000000,101.00000000000000,0.0000000000000000
23.000000000000000,101.00000000000000,0.0000000000000000
24.000000000000000,101.00000000000000,0.0000000000000000
25.000000000000000,101.00000000000000,98.000000000000000
26.000000000000000,101.00000000000000,98.000000000000000
27.000000000000000,101.00000000000000,0.0000000000000000
28.000000000000000,101.00000000000000,0.0000000000000000
29.000000000000000,101.00000000000000,0.0000000000000000
30.000000000000000,101.00000000000000,0.0000000000000000
31.000000000000000,101.00000000000000,0.0000000000000000
32.000000000000000,101.00000000000000,0.0000000000000000
33.000000000000000,101.00000000000000,0.0000000000000000
34.000000000000000,101.00000000000000,0.0000000000000000
35.000000000000000,101.00000000000000,0.0000000000000000
36.000000000000000,101.00000000000000,0.0000000000000000
37.000000000000000,101.00000000000000,0.0000000000000000
38.000000000000000,101.00000000000000,0.0000000000000000
39.000000000000000,101.00000000000000,0.0000000000000000
40.000000000000000,101.00000000000000,0.0000000000000000
41.000000000000000,101.00000000000000,0.0000000000000000
42.000000000000000,101.00000000000000,0.0000000000000000
43.000000000000000,101.00000000000000,0.0000000000000000
44.000000000000000,101.00000000000000,0.0000000000000000
45.000000000000000,101.00000000000000,0.0000000000000000
46.000000000000000,101.00000000000000,0.0000000000000000
47.000000000000000,101.00000000000000,0.0000000000000000
48.000000000000000,101.00000000000000,0.0000000000000000
49.000000000000000,101.00000000000000,0.0000000000000000
50.000000000000000,101.00000000000000,0.0000000000000000
51.000000000000000,101.00000000000000,0.0000000000000000
52.000000000000000,101.00000000000000,0.0000000000000000
53.000000000000000,101.00000000000000,0.0000000000000000
54.000000000000000,101.00000000000000,0.0000000000000000
55.000000000000000,101.00000000000000,0.0000000000000000
56.000000000000000,101.00000000000000,0.0000000000000000
57.000000000000000,101.00000000000000,0.0000000000000000
58.000000000000000,101.00000000000000,0.0000000000000000
59.000000000000000,101.00000000000000,0.0000000000000000
60.000000000000000,101.00000000000000,0.0000000000000000
61.000000000000000,101.00000000000000,0.0000000000000000
62.000000000000000,101.00000000000000,0.0000000000000000
63.000000000000000,101.00000000000000,0.0000000000000000
64.000000000000000,101.00000000000000,0.0000000000000000
65.000000000000000,101.00000000000000,0.0000000000000000
66.000000000000000,101.00000000000000,0.0000000000000000
67.000000000000000,101.00000000000000,0.0000000000000000
68.000000000000000,101.00000000000000,0.0000000000000000
69.000000000000000,101.00000000000000,0.0000000000000000
70.000000000000000,101.00000000000000,0.0000000000000000
71.000000000000000,101.00000000000000,0.0000000000000000
72.000000000000000,101.00000000000000,0.0000000000000000
73.000000000000000,101.00000000000000,0.0000000000000000
74.000000000000000,101.00000000000000,0.0000000000000000
75.000000000000000,101.00000000000000,0.0000000000000000
76.000000000000000,101.00000000000000,0.0000000000000000
77.000000000000000,101.00000000000000,0.0000000000000000
78.000000000000000,101.00000000000000,0.0000000000000000
79.000000000000000,101.00000000000000,0.0000000000000000
80.000000000000000,101.00000000000000,0.0000000000000000
81.000000000000000,101.00000000000000,0.0000000000000000
82.000000000000000,101.00000000000000,0.0000000000000000
83.000000000000000,101.00000000000000,0.0000000000000000
84.000000000000000,101.00000000000000,97.800003051757812
85.000000000000000,101.00000000000000,97.800003051757812
86.000000000000000,101.00000000000000,0.0000000000000000
87.000000000000000,101.00000000000000,0.0000000000000000
88.000000000000000,101.00000000000000,0.0000000000000000
89.000000000000000,101.00000000000000,0.0000000000000000
90.000000000000000,101.00000000000000,0.0000000000000000
91.000000000000000,101.00000000000000,0.0000000000000000
92.000000000000000,101.00000000000000,0.0000000000000000
93.000000000000000,101.00000000000000,0.0000000000000000
94.000000000000000,101.00000000000000,0.0000000000000000
95.000000000000000,101.00000000000000,0.0000000000000000
96.000000000000000,101.00000000000000,0.0000000000000000
97.000000000000000,101.00000000000000,0.0000000000000000
98.000000000000000,101.00000000000000,0.0000000000000000
99.000000000000000,101.00000000000000,0.0000000000000000
100.00000000000000,101.00000000000000,0.0000000000000000
101.00000000000000,101.00000000000000,0.0000000000000000
102.00000000000000,101.00000000000000,0.0000000000000000
103.00000000000000,101.00000000000000,0.0000000000000000
104.00000000000000,101.00000000000000,0.0000000000000000
105.00000000000000,101.00000000000000,0.0000000000000000
106.00000000000000,101.00000000000000,0.0000000000000000
107.00000000000000,101.00000000000000,0.0000000000000000
108.00000000000000,101.00000000000000,0.0000000000000000
109.00000000000000,101.00000000000000,0.0000000000000000
110.00000000000000,101.00000000000000,0.0000000000000000
111.00000000000000,101.00000000000000,0.0000000000000000
112.00000000000000,101.00000000000000,0.0000000000000000
113.00000000000000,101.00000000000000,0.0000000000000000
1.0000000000000000,102.00000000000000,0.0000000000000000
2.0000000000000000,102.00000000000000,0.0000000000000000
3.0000000000000000,102.00000000000000,0.0000000000000000
4.0000000000000000,102.00000000000000,0.0000000000000000
5.0000000000000000,102.00000000000000,0.0000000000000000
6.0000000000000000,102.00000000000000,0.0000000000000000
7.0000000000000000,102.00000000000000,0.0000000000000000
8.0000000000000000,102.00000000000000,0.0000000000000000
9.0000000000000000,102.00000000000000,0.0000000000000000
10.000000000000000,102.00000000000000,0.0000000000000000
11.000000000000000,102.00000000000000,0.0000000000000000
12.000000000000000,102.00000000000000,0.0000000000000000
13.000000000000000,102.00000000000000,0.0000000000000000
14.000000000000000,102.00000000000000,0.0000000000000000
15.000000000000000,102.00000000000000,0.0000000000000000
16.000000000000000,102.00000000000000,0.0000000000000000
17.000000000000000,102.00000000000000,0.0000000000000000
18.000000000000000,102.00000000000000,0.0000000000000000
19.000000000000000,102.00000000000000,0.0000000000000000
20.000000000000000,102.00000000000000,0.0000000000000000
21.000000000000000,102.00000000000000,0.0000000000000000
22.000000000000000,102.00000000000000,0.0000000000000000
23.000000000000000,102.00000000000000,0.0000000000000000
24.000000000000000,102.00000000000000,0.0000000000000000
25.000000000000000,102.00000000000000,0.0000000000000000
26.000000000000000,102.00000000000000,98.000000000000000
27.000000000000000,102.00000000000000,0.0000000000000000
28.000000000000000,102.00000000000000,0.0000000000000000
29.000000000000000,102.00000000000000,0.0000000000000000
30.000000000000000,102.00000000000000,0.0000000000000000
31.000000000000000,102.00000000000000,0.0000000000000000
32.000000000000000,102.00000000000000,0.0000000000000000
33.000000000000000,102.00000000000000,0.0000000000000000
34.000000000000000,102.00000000000000,0.0000000000000000
35.000000000000000,102.00000000000000,0.0000000000000000
36.000000000000000,102.00000000000000,0.0000000000000000
37.000000000000000,102.00000000000000,0.0000000000000000
38.000000000000000,102.00000000000000,0.0000000000000000
39.000000000000000,102.00000000000000,0.0000000000000000
40.000000000000000,102.00000000000000,0.0000000000000000
41.000000000000000,102.00000000000000,0.0000000000000000
42.000000000000000,102.00000000000000,0.0000000000000000
43.000000000000000,102.00000000000000,0.0000000000000000
44.000000000000000,102.00000000000000,0.0000000000000000
45.000000000000000,102.00000000000000,0.0000000000000000
46.000000000000000,102.00000000000000,0.0000000000000000
47.000000000000000,102.00000000000000,0.0000000000000000
48.000000000000000,102.00000000000000,0.0000000000000000
49.000000000000000,102.00000000000000,0.0000000000000000
50.000000000000000,102.00000000000000,0.0000000000000000
51.000000000000000,102.00000000000000,0.0000000000000000
52.000000000000000,102.00000000000000,0.0000000000000000
53.000000000000000,102.00000000000000,0.0000000000000000
54.000000000000000,102.00000000000000,0.0000000000000000
55.000000000000000,102.00000000000000,0.0000000000000000
56.000000000000000,102.00000000000000,0.0000000000000000
57.000000000000000,102.00000000000000,0.0000000000000000
58.000000000000000,102.00000000000000,0.0000000000000000
59.000000000000000,102.00000000000000,0.0000000000000000
60.000000000000000,102.00000000000000,0.0000000000000000
61.000000000000000,102.00000000000000,0.0000000000000000
62.000000000000000,102.00000000000000,0.0000000000000000
63.000000000000000,102.00000000000000,0.0000000000000000
64.000000000000000,102.00000000000000,0.0000000000000000
65.000000000000000,102.00000000000000,0.0000000000000000
66.000000000000000,102.00000000000000,0.0000000000000000
67.000000000000000,102.00000000000000,0.0000000000000000
68.000000000000000,102.00000000000000,0.0000000000000000
69.000000000000000,102.00000000000000,0.0000000000000000
70.000000000000000,102.00000000000000,0.0000000000000000
71.000000000000000,102.00000000000000,0.0000000000000000
72.000000000000000,102.00000000000000,0.0000000000000000
73.000000000000000,102.00000000000000,0.0000000000000000
74.000000000000000,102.00000000000000,0.0000000000000000
75.000000000000000,102.00000000000000,0.0000000000000000
76.000000000000000,102.00000000000000,0.0000000000000000
77.000000000000000,102.00000000000000,0.0000000000000000
78.000000000000000,102.00000000000000,0.0000000000000000
79.000000000000000,102.00000000000000,0.0000000000000000
80.000000000000000,102.00000000000000,0.0000000000000000
81.000000000000000,102.00000000000000,0.0000000000000000
82.000000000000000,102.00000000000000,0.0000000000000000
83.000000000000000,102.00000000000000,0.0000000000000000
84.000000000000000,102.00000000000000,97.800003051757812
85.000000000000000,102.00000000000000,0.0000000000000000
86.000000000000000,102.00000000000000,0.0000000000000000
87.000000000000000,102.00000000000000,0.0000000000000000
88.000000000000000,102.00000000000000,0.0000000000000000
89.000000000000000,102.00000000000000,0.0000000000000000
90.000000000000000,102.00000000000000,0.0000000000000000
91.000000000000000,102.00000000000000,0.0000000000000000
92.000000000000000,102.00000000000000,0.0000000000000000
93.000000000000000,102.00000000000000,0.0000000000000000
94.000000000000000,102.00000000000000,0.0000000000000000
95.000000000000000,102.00000000000000,0.0000000000000000
96.000000000000000,102.00000000000000,0.0000000000000000
97.000000000000000,102.00000000000000,0.0000000000000000
98.000000000000000,102.00000000000000,0.0000000000000000
99.000000000000000,102.00000000000000,0.0000000000000000
100.00000000000000,102.00000000000000,0.0000000000000000
101.00000000000000,102.00000000000000,0.0000000000000000
102.00000000000000,102.00000000000000,0.0000000000000000
103.00000000000000,102.00000000000000,0.0000000000000000
104.00000000000000,102.00000000000000,0.0000000000000000
105.00000000000000,102.00000000000000,0.0000000000000000
106.00000000000000,102.00000000000000,0.0000000000000000
107.00000000000000,102.00000000000000,0.0000000000000000
108.00000000000000,102.00000000000000,0.0000000000000000
109.00000000000000,102.00000000000000,0.0000000000000000
110.00000000000000,102.00000000000000,0.0000000000000000
111.00000000000000,102.00000000000000,0.0000000000000000
112.00000000000000,102.00000000000000,0.0000000000000000
113.00000000000000,102.00000000000000,0.0000000000000000
1.0000000000000000,103.00000000000000,0.0000000000000000
2.0000000000000000,103.00000000000000,0.0000000000000000
3.0000000000000000,103.00000000000000,0.0000000000000000
4.0000000000000000,103.00000000000000,0.0000000000000000
5.0000000000000000,103.00000000000000,0.0000000000000000
6.0000000000000000,103.00000000000000,0.0000000000000000
7.0000000000000000,103.00000000000000,0.0000000000000000
8.0000000000000000,103.00000000000000,0.0000000000000000
9.0000000000000000,103.00000000000000,0.0000000000000000
10.000000000000000,103.00000000000000,0.0000000000000000
11.000000000000000,103.00000000000000,0.0000000000000000
12.000000000000000,103.00000000000000,0.0000000000000000
13.000000000000000,103.00000000000000,0.0000000000000000
14.000000000000000,103.00000000000000,0.0000000000000000
15.000000000000000,103.00000000000000,0.0000000000000000
16.000000000000000,103.00000000000000,0.0000000000000000
17.000000000000000,103.00000000000000,0.0000000000000000
18.000000000000000,103.00000000000000,0.0000000000000000
19.000000000000000,103.00000000000000,0.0000000000000000
20.000000000000000,103.00000000000000,0.0000000000000000
21.000000000000000,103.00000000000000,0.0000000000000000
22.000000000000000,103.00000000000000,0.0000000000000000
23.000000000000000,103.00000000000000,0.0000000000000000
24.000000000000000,103.00000000000000,0.0000000000000000
25.000000000000000,103.00000000000000,0.0000000000000000
26.000000000000000,103.00000000000000,0.0000000000000000
27.000000000000000,103.00000000000000,0.0000000000000000
28.000000000000000,103.00000000000000,0.0000000000000000
29.000000000000000,103.00000000000000,0.0000000000000000
30.000000000000000,103.00000000000000,0.0000000000000000
31.000000000000000,103.00000000000000,0.0000000000000000
32.000000000000000,103.00000000000000,0.0000000000000000
33.000000000000000,103.00000000000000,0.0000000000000000
34.000000000000000,103.00000000000000,0.0000000000000000
35.000000000000000,103.00000000000000,0.0000000000000000
36.000000000000000,103.00000000000000,0.0000000000000000
37.000000000000000,103.00000000000000,0.0000000000000000
38.000000000000000,103.00000000000000,0.0000000000000000
39.000000000000000,103.00000000000000,0.0000000000000000
40.000000000000000,103.00000000000000,0.0000000000000000
41.000000000000000,103.00000000000000,0.0000000000000000
42.000000000000000,103.00000000000000,0.0000000000000000
43.000000000000000,103.00000000000000,0.0000000000000000
44.000000000000000,103.00000000000000,0.0000000000000000
45.000000000000000,103.00000000000000,0.0000000000000000
46.000000000000000,103.00000000000000,0.0000000000000000
47.000000000000000,103.00000000000000,0.0000000000000000
48.000000000000000,103.00000000000000,0.0000000000000000
49.000000000000000,103.00000000000000,0.0000000000000000
50.000000000000000,103.00000000000000,0.0000000000000000
51.000000000000000,103.00000000000000,0.0000000000000000
52.000000000000000,103.00000000000000,0.0000000000000000
53.000000000000000,103.00000000000000,0.0000000000000000
54.000000000000000,103.00000000000000,0.0000000000000000
55.000000000000000,103.00000000000000,0.0000000000000000
56.000000000000000,103.00000000000000,0.0000000000000000
57.000000000000000,103.00000000000000,0.0000000000000000
58.000000000000000,103.00000000000000,0.0000000000000000
59.000000000000000,103.00000000000000,0.0000000000000000
60.000000000000000,103.00000000000000,0.0000000000000000
61.000000000000000,103.00000000000000,0.0000000000000000
62.000000000000000,103.00000000000000,0.0000000000000000
63.000000000000000,103.00000000000000,0.0000000000000000
64.000000000000000,103.00000000000000,0.0000000000000000
65.000000000000000,103.00000000000000,0.0000000000000000
66.000000000000000,103.00000000000000,0.0000000000000000
67.000000000000000,103.00000000000000,0.0000000000000000
68.000000000000000,103.00000000000000,0.0000000000000000
69.000000000000000,103.00000000000000,0.0000000000000000
70.000000000000000,103.00000000000000,0.0000000000000000
71.000000000000000,103.00000000000000,0.0000000000000000
72.000000000000000,103.00000000000000,0.0000000000000000
73.000000000000000,103.00000000000000,0.0000000000000000
74.000000000000000,103.00000000000000,0.0000000000000000
75.000000000000000,103.00000000000000,0.0000000000000000
76.000000000000000,103.00000000000000,0.0000000000000000
77.000000000000000,103.00000000000000,0.0000000000000000
78.000000000000000,103.00000000000000,0.0000000000000000
79.000000000000000,103.00000000000000,0.0000000000000000
80.000000000000000,103.00000000000000,0.0000000000000000
81.000000000000000,103.00000000000000,0.0000000000000000
82.000000000000000,103.00000000000000,0.0000000000000000
83.000000000000000,103.00000000000000,0.0000000000000000
84.000000000000000,103.00000000000000,0.0000000000000000
85.000000000000000,103.00000000000000,0.0000000000000000
86.000000000000000,103.00000000000000,0.0000000000000000
87.000000000000000,103.00000000000000,0.0000000000000000
88.000000000000000,103.00000000000000,0.0000000000000000
89.000000000000000,103.00000000000000,0.0000000000000000
90.000000000000000,103.00000000000000,0.0000000000000000
91.000000000000000,103.00000000000000,0.0000000000000000
92.000000000000000,103.00000000000000,0.0000000000000000
93.000000000000000,103.00000000000000,0.0000000000000000
94.000000000000000,103.00000000000000,0.0000000000000000
95.000000000000000,103.00000000000000,0.0000000000000000
96.000000000000000,103.00000000000000,0.0000000000000000
97.000000000000000,103.00000000000000,0.0000000000000000
98.000000000000000,103.00000000000000,0.0000000000000000
99.000000000000000,103.00000000000000,0.0000000000000000
100.00000000000000,103.00000000000000,0.0000000000000000
101.00000000000000,103.00000000000000,0.0000000000000000
102.00000000000000,103.00000000000000,0.0000000000000000
103.00000000000000,103.00000000000000,0.0000000000000000
104.00000000000000,103.00000000000000,0.0000000000000000
105.00000000000000,103.00000000000000,0.0000000000000000
106.00000000000000,103.00000000000000,0.0000000000000000
107.00000000000000,103.00000000000000,0.0000000000000000
108.00000000000000,103.00000000000000,0.0000000000000000
109.00000000000000,103.00000000000000,0.0000000000000000
110.00000000000000,103.00000000000000,0.0000000000000000
111.00000000000000,103.00000000000000,0.0000000000000000
112.00000000000000,103.00000000000000,0.0000000000000000
113.00000000000000,103.00000000000000,0.0000000000000000
1.0000000000000000,104.00000000000000,0.0000000000000000
2.0000000000000000,104.00000000000000,0.0000000000000000
3.0000000000000000,104.00000000000000,0.0000000000000000
4.0000000000000000,104.00000000000000,0.0000000000000000
5.0000000000000000,104.00000000000000,0.0000000000000000
6.0000000000000000,104.00000000000000,0.0000000000000000
7.0000000000000000,104.00000000000000,0.0000000000000000
8.0000000000000000,104.00000000000000,0.0000000000000000
9.0000000000000000,104.00000000000000,0.0000000000000000
10.000000000000000,104.00000000000000,0.0000000000000000
11.000000000000000,104.00000000000000,0.0000000000000000
12.000000000000000,104.00000000000000,0.0000000000000000
13.000000000000000,104.00000000000000,0.0000000000000000
14.000000000000000,104.00000000000000,0.0000000000000000
15.000000000000000,104.00000000000000,0.0000000000000000
16.000000000000000,104.00000000000000,0.0000000000000000
17.000000000000000,104.00000000000000,0.0000000000000000
18.000000000000000,104.00000000000000,0.0000000000000000
19.000000000000000,104.00000000000000,0.0000000000000000
20.000000000000000,104.00000000000000,0.0000000000000000
21.000000000000000,104.00000000000000,0.0000000000000000
22.000000000000000,104.00000000000000,0.0000000000000000
23.000000000000000,104.00000000000000,0.0000000000000000
24.000000000000000,104.00000000000000,0.0000000000000000
25.000000000000000,104.00000000000000,0.0000000000000000
26.000000000000000,104.00000000000000,0.0000000000000000
27.000000000000000,104.00000000000000,0.0000000000000000
28.000000000000000,104.00000000000000,97.900001525878906
29.000000000000000,104.00000000000000,97.900001525878906
30.000000000000000,104.00000000000000,0.0000000000000000
31.000000000000000,104.00000000000000,0.0000000000000000
32.000000000000000,104.00000000000000,0.0000000000000000
33.000000000000000,104.00000000000000,0.0000000000000000
34.000000000000000,104.00000000000000,0.0000000000000000
35.000000000000000,104.00000000000000,0.0000000000000000
36.000000000000000,104.00000000000000,0.0000000000000000
37.000000000000000,104.00000000000000,0.0000000000000000
38.000000000000000,104.00000000000000,0.0000000000000000
39.000000000000000,104.00000000000000,0.0000000000000000
40.000000000000000,104.00000000000000,0.0000000000000000
41.000000000000000,104.00000000000000,0.0000000000000000
42.000000000000000,104.00000000000000,0.0000000000000000
43.000000000000000,104.00000000000000,0.0000000000000000
44.000000000000000,104.00000000000000,0.0000000000000000
45.000000000000000,104.00000000000000,0.0000000000000000
46.000000000000000,104.00000000000000,0.0000000000000000
47.000000000000000,104.00000000000000,0.0000000000000000
48.000000000000000,104.00000000000000,0.0000000000000000
49.000000000000000,104.00000000000000,0.0000000000000000
50.000000000000000,104.00000000000000,0.0000000000000000
51.000000000000000,104.00000000000000,0.0000000000000000
52.000000000000000,104.00000000000000,0.0000000000000000
53.000000000000000,104.00000000000000,0.0000000000000000
54.000000000000000,104.00000000000000,0.0000000000000000
55.000000000000000,104.00000000000000,0.0000000000000000
56.000000000000000,104.00000000000000,0.0000000000000000
57.000000000000000,104.00000000000000,0.0000000000000000
58.000000000000000,104.00000000000000,0.0000000000000000
59.000000000000000,104.00000000000000,0.0000000000000000
60.000000000000000,104.00000000000000,0.0000000000000000
61.000000000000000,104.00000000000000,0.0000000000000000
62.000000000000000,104.00000000000000,0.0000000000000000
63.000000000000000,104.00000000000000,0.0000000000000000
64.000000000000000,104.00000000000000,0.0000000000000000
65.000000000000000,104.00000000000000,0.0000000000000000
66.000000000000000,104.00000000000000,0.0000000000000000
67.000000000000000,104.00000000000000,0.0000000000000000
68.000000000000000,104.00000000000000,0.0000000000000000
69.000000000000000,104.00000000000000,0.0000000000000000
70.000000000000000,104.00000000000000,0.0000000000000000
71.000000000000000,104.00000000000000,0.0000000000000000
72.000000000000000,104.00000000000000,0.0000000000000000
73.000000000000000,104.00000000000000,0.0000000000000000
74.000000000000000,104.00000000000000,0.0000000000000000
75.000000000000000,104.00000000000000,0.0000000000000000
76.000000000000000,104.00000000000000,0.0000000000000000
77.000000000000000,104.00000000000000,0.0000000000000000
78.000000000000000,104.00000000000000,0.0000000000000000
79.000000000000000,104.00000000000000,0.0000000000000000
80.000000000000000,104.00000000000000,0.0000000000000000
81.000000000000000,104.00000000000000,97.800003051757812
82.000000000000000,104.00000000000000,97.800003051757812
83.000000000000000,104.00000000000000,0.0000000000000000
84.000000000000000,104.00000000000000,0.0000000000000000
85.000000000000000,104.00000000000000,0.0000000000000000
86.000000000000000,104.00000000000000,0.0000000000000000
87.000000000000000,104.00000000000000,0.0000000000000000
88.000000000000000,104.00000000000000,0.0000000000000000
89.000000000000000,104.00000000000000,0.0000000000000000
90.000000000000000,104.00000000000000,0.0000000000000000
91.000000000000000,104.00000000000000,0.0000000000000000
92.000000000000000,104.00000000000000,0.0000000000000000
93.000000000000000,104.00000000000000,0.0000000000000000
94.000000000000000,104.00000000000000,0.0000000000000000
95.000000000000000,104.00000000000000,0.0000000000000000
96.000000000000000,104.00000000000000,0.0000000000000000
97.000000000000000,104.00000000000000,0.0000000000000000
98.000000000000000,104.00000000000000,0.0000000000000000
99.000000000000000,104.00000000000000,0.0000000000000000
100.00000000000000,104.00000000000000,0.0000000000000000
101.00000000000000,104.00000000000000,0.0000000000000000
102.00000000000000,104.00000000000000,0.0000000000000000
103.00000000000000,104.00000000000000,0.0000000000000000
104.00000000000000,104.00000000000000,0.0000000000000000
105.00000000000000,104.00000000000000,0.0000000000000000
106.00000000000000,104.00000000000000,0.0000000000000000
107.00000000000000,104.00000000000000,0.0000000000000000
108.00000000000000,104.00000000000000,0.0000000000000000
109.00000000000000,104.00000000000000,0.0000000000000000
110.00000000000000,104.00000000000000,0.0000000000000000
111.00000000000000,104.00000000000000,0.0000000000000000
112.00000000000000,104.00000000000000,0.0000000000000000
113.00000000000000,104.00000000000000,0.0000000000000000
1.0000000000000000,105.00000000000000,0.0000000000000000
2.0000000000000000,105.00000000000000,0.0000000000000000
3.0000000000000000,105.00000000000000,0.0000000000000000
4.0000000000000000,105.00000000000000,0.0000000000000000
5.0000000000000000,105.00000000000000,0.0000000000000000
6.0000000000000000,105.00000000000000,0.0000000000000000
7.0000000000000000,105.00000000000000,0.0000000000000000
8.0000000000000000,105.00000000000000,0.0000000000000000
9.0000000000000000,105.00000000000000,0.0000000000000000
10.000000000000000,105.00000000000000,0.0000000000000000
11.000000000000000,105.00000000000000,0.0000000000000000
12.000000000000000,105.00000000000000,0.0000000000000000
13.000000000000000,105.00000000000000,0.0000000000000000
14.000000000000000,105.00000000000000,0.0000000000000000
15.000000000000000,105.00000000000000,0.0000000000000000
16.000000000000000,105.00000000000000,0.0000000000000000
17.000000000000000,105.00000000000000,0.0000000000000000
18.000000000000000,105.00000000000000,0.0000000000000000
19.000000000000000,105.00000000000000,0.0000000000000000
20.000000000000000,105.00000000000000,0.0000000000000000
21.000000000000000,105.00000000000000,0.0000000000000000
22.000000000000000,105.00000000000000,0.0000000000000000
23.000000000000000,105.00000000000000,0.0000000000000000
24.000000000000000,105.00000000000000,0.0000000000000000
25.000000000000000,105.00000000000000,0.0000000000000000
26.000000000000000,105.00000000000000,0.0000000000000000
27.000000000000000,105.00000000000000,0.0000000000000000
28.000000000000000,105.00000000000000,0.0000000000000000
29.000000000000000,105.00000000000000,97.900001525878906
30.000000000000000,105.00000000000000,0.0000000000000000
31.000000000000000,105.00000000000000,0.0000000000000000
32.000000000000000,105.00000000000000,0.0000000000000000
33.000000000000000,105.00000000000000,0.0000000000000000
34.000000000000000,105.00000000000000,0.0000000000000000
35.000000000000000,105.00000000000000,0.0000000000000000
36.000000000000000,105.00000000000000,0.0000000000000000
37.000000000000000,105.00000000000000,0.0000000000000000
38.000000000000000,105.00000000000000,0.0000000000000000
39.000000000000000,105.00000000000000,0.0000000000000000
40.000000000000000,105.00000000000000,0.0000000000000000
41.000000000000000,105.00000000000000,0.0000000000000000
42.000000000000000,105.00000000000000,0.0000000000000000
43.000000000000000,105.00000000000000,0.0000000000000000
44.000000000000000,105.00000000000000,0.0000000000000000
45.000000000000000,105.00000000000000,0.0000000000000000
46.000000000000000,105.00000000000000,0.0000000000000000
47.000000000000000,105.00000000000000,0.0000000000000000
48.000000000000000,105.00000000000000,0.0000000000000000
49.000000000000000,105.00000000000000,0.0000000000000000
50.000000000000000,105.00000000000000,0.0000000000000000
51.000000000000000,105.00000000000000,0.0000000000000000
52.000000000000000,105.00000000000000,0.0000000000000000
53.000000000000000,105.00000000000000,0.0000000000000000
54.000000000000000,105.00000000000000,0.0000000000000000
55.000000000000000,105.00000000000000,0.0000000000000000
56.000000000000000,105.00000000000000,0.0000000000000000
57.000000000000000,105.00000000000000,0.0000000000000000
58.000000000000000,105.00000000000000,0.0000000000000000
59.000000000000000,105.00000000000000,0.0000000000000000
60.000000000000000,105.00000000000000,0.0000000000000000
61.000000000000000,105.00000000000000,0.0000000000000000
62.000000000000000,105.00000000000000,0.0000000000000000
63.000000000000000,105.00000000000000,0.0000000000000000
64.000000000000000,105.00000000000000,0.0000000000000000
65.000000000000000,105.00000000000000,0.0000000000000000
66.000000000000000,105.00000000000000,0.0000000000000000
67.000000000000000,105.00000000000000,0.0000000000000000
68.000000000000000,105.00000000000000,0.0000000000000000
69.000000000000000,105.00000000000000,0.0000000000000000
70.000000000000000,105.00000000000000,0.0000000000000000
71.000000000000000,105.00000000000000,0.0000000000000000
72.000000000000000,105.00000000000000,0.0000000000000000
73.000000000000000,105.00000000000000,0.0000000000000000
74.000000000000000,105.00000000000000,0.0000000000000000
75.000000000000000,105.00000000000000,0.0000000000000000
76.000000000000000,105.00000000000000,0.0000000000000000
77.000000000000000,105.00000000000000,0.0000000000000000
78.000000000000000,105.00000000000000,0.0000000000000000
79.000000000000000,105.00000000000000,0.0000000000000000
80.000000000000000,105.00000000000000,0.0000000000000000
81.000000000000000,105.00000000000000,97.800003051757812
82.000000000000000,105.00000000000000,0.0000000000000000
83.000000000000000,105.00000000000000,0.0000000000000000
84.000000000000000,105.00000000000000,0.0000000000000000
85.000000000000000,105.00000000000000,0.0000000000000000
86.000000000000000,105.00000000000000,0.0000000000000000
87.000000000000000,105.00000000000000,0.0000000000000000
88.000000000000000,105.00000000000000,0.0000000000000000
89.000000000000000,105.00000000000000,0.0000000000000000
90.000000000000000,105.00000000000000,0.0000000000000000
91.000000000000000,105.00000000000000,0.0000000000000000
92.000000000000000,105.00000000000000,0.0000000000000000
93.000000000000000,105.00000000000000,0.0000000000000000
94.000000000000000,105.00000000000000,0.0000000000000000
95.000000000000000,105.00000000000000,0.0000000000000000
96.000000000000000,105.00000000000000,0.0000000000000000
97.000000000000000,105.00000000000000,0.0000000000000000
98.000000000000000,105.00000000000000,0.0000000000000000
99.000000000000000,105.00000000000000,0.0000000000000000
100.00000000000000,105.00000000000000,0.0000000000000000
101.00000000000000,105.00000000000000,0.0000000000000000
102.00000000000000,105.00000000000000,0.0000000000000000
103.00000000000000,105.00000000000000,0.0000000000000000
104.00000000000000,105.00000000000000,0.0000000000000000
105.00000000000000,105.00000000000000,0.0000000000000000
106.00000000000000,105.00000000000000,0.0000000000000000
107.00000000000000,105.00000000000000,0.0000000000000000
108.00000000000000,105.00000000000000,0.0000000000000000
109.00000000000000,105.00000000000000,0.0000000000000000
110.00000000000000,105.00000000000000,0.0000000000000000
111.00000000000000,105.00000000000000,0.0000000000000000
112.00000000000000,105.00000000000000,0.0000000000000000
113.00000000000000,105.00000000000000,0.0000000000000000
1.0000000000000000,106.00000000000000,0.0000000000000000
2.0000000000000000,106.00000000000000,0.0000000000000000
3.0000000000000000,106.00000000000000,0.0000000000000000
4.0000000000000000,106.00000000000000,0.0000000000000000
5.0000000000000000,106.00000000000000,0.0000000000000000
6.0000000000000000,106.00000000000000,0.0000000000000000
7.0000000000000000,106.00000000000000,0.0000000000000000
8.0000000000000000,106.00000000000000,0.0000000000000000
9.0000000000000000,106.00000000000000,0.0000000000000000
10.000000000000000,106.00000000000000,0.0000000000000000
11.000000000000000,106.00000000000000,0.0000000000000000
12.000000000000000,106.00000000000000,0.0000000000000000
13.000000000000000,106.00000000000000,0.0000000000000000
14.000000000000000,106.00000000000000,0.0000000000000000
15.000000000000000,106.00000000000000,0.0000000000000000
16.000000000000000,106.00000000000000,0.0000000000000000
17.000000000000000,106.00000000000000,0.0000000000000000
18.000000000000000,106.00000000000000,0.0000000000000000
19.000000000000000,106.00000000000000,0.0000000000000000
20.000000000000000,106.00000000000000,0.0000000000000000
21.000000000000000,106.00000000000000,0.0000000000000000
22.000000000000000,106.00000000000000,0.0000000000000000
23.000000000000000,106.00000000000000,0.0000000000000000
24.000000000000000,106.00000000000000,0.0000000000000000
25.000000000000000,106.00000000000000,0.0000000000000000
26.000000000000000,106.00000000000000,0.0000000000000000
27.000000000000000,106.00000000000000,0.0000000000000000
28.000000000000000,106.00000000000000,0.0000000000000000
29.000000000000000,106.00000000000000,0.0000000000000000
30.000000000000000,106.00000000000000,0.0000000000000000
31.000000000000000,106.00000000000000,0.0000000000000000
32.000000000000000,106.00000000000000,0.0000000000000000
33.000000000000000,106.00000000000000,0.0000000000000000
34.000000000000000,106.00000000000000,0.0000000000000000
35.000000000000000,106.00000000000000,0.0000000000000000
36.000000000000000,106.00000000000000,0.0000000000000000
37.000000000000000,106.00000000000000,0.0000000000000000
38.000000000000000,106.00000000000000,0.0000000000000000
39.000000000000000,106.00000000000000,0.0000000000000000
40.000000000000000,106.00000000000000,0.0000000000000000
41.000000000000000,106.00000000000000,0.0000000000000000
42.000000000000000,106.00000000000000,0.0000000000000000
43.000000000000000,106.00000000000000,0.0000000000000000
44.000000000000000,106.00000000000000,0.0000000000000000
45.000000000000000,106.00000000000000,0.0000000000000000
46.000000000000000,106.00000000000000,0.0000000000000000
47.000000000000000,106.00000000000000,0.0000000000000000
48.000000000000000,106.00000000000000,0.0000000000000000
49.000000000000000,106.00000000000000,0.0000000000000000
50.000000000000000,106.00000000000000,0.0000000000000000
51.000000000000000,106.00000000000000,0.0000000000000000
52.000000000000000,106.00000000000000,0.0000000000000000
53.000000000000000,106.00000000000000,0.0000000000000000
54.000000000000000,106.00000000000000,0.0000000000000000
55.000000000000000,106.00000000000000,0.0000000000000000
56.000000000000000,106.00000000000000,0.0000000000000000
57.000000000000000,106.00000000000000,0.0000000000000000
58.000000000000000,106.00000000000000,0.0000000000000000
59.000000000000000,106.00000000000000,0.0000000000000000
60.000000000000000,106.00000000000000,0.0000000000000000
61.000000000000000,106.00000000000000,0.0000000000000000
62.000000000000000,106.00000000000000,0.0000000000000000
63.000000000000000,106.00000000000000,0.0000000000000000
64.000000000000000,106.00000000000000,0.0000000000000000
65.000000000000000,106.00000000000000,0.0000000000000000
66.000000000000000,106.00000000000000,0.0000000000000000
67.000000000000000,106.00000000000000,0.0000000000000000
68.000000000000000,106.00000000000000,0.0000000000000000
69.000000000000000,106.00000000000000,0.0000000000000000
70.000000000000000,106.00000000000000,0.0000000000000000
71.000000000000000,106.00000000000000,0.0000000000000000
72.000000000000000,106.00000000000000,0.0000000000000000
73.000000000000000,106.00000000000000,0.0000000000000000
74.000000000000000,106.00000000000000,0.0000000000000000
75.000000000000000,106.00000000000000,0.0000000000000000
76.000000000000000,106.00000000000000,0.0000000000000000
77.000000000000000,106.00000000000000,0.0000000000000000
78.000000000000000,106.00000000000000,0.0000000000000000
79.000000000000000,106.00000000000000,0.0000000000000000
80.000000000000000,106.00000000000000,0.0000000000000000
81.000000000000000,106.00000000000000,97.800003051757812
82.000000000000000,106.00000000000000,97.800003051757812
83.000000000000000,106.00000000000000,0.0000000000000000
84.000000000000000,106.00000000000000,0.0000000000000000
85.000000000000000,106.00000000000000,0.0000000000000000
86.000000000000000,106.00000000000000,0.0000000000000000
87.000000000000000,106.00000000000000,0.0000000000000000
88.000000000000000,106.00000000000000,0.0000000000000000
89.000000000000000,106.00000000000000,0.0000000000000000
90.000000000000000,106.00000000000000,0.0000000000000000
91.000000000000000,106.00000000000000,0.0000000000000000
92.000000000000000,106.00000000000000,0.0000000000000000
93.000000000000000,106.00000000000000,0.0000000000000000
94.000000000000000,106.00000000000000,0.0000000000000000
95.000000000000000,106.00000000000000,0.0000000000000000
96.000000000000000,106.00000000000000,0.0000000000000000
97.000000000000000,106.00000000000000,0.0000000000000000
98.000000000000000,106.00000000000000,0.0000000000000000
99.000000000000000,106.00000000000000,0.0000000000000000
100.00000000000000,106.00000000000000,0.0000000000000000
101.00000000000000,106.00000000000000,0.0000000000000000
102.00000000000000,106.00000000000000,0.0000000000000000
103.00000000000000,106.00000000000000,0.0000000000000000
104.00000000000000,106.00000000000000,0.0000000000000000
105.00000000000000,106.00000000000000,0.0000000000000000
106.00000000000000,106.00000000000000,0.0000000000000000
107.00000000000000,106.00000000000000,0.0000000000000000
108.00000000000000,106.00000000000000,0.0000000000000000
109.00000000000000,106.00000000000000,0.0000000000000000
110.00000000000000,106.00000000000000,0.0000000000000000
111.00000000000000,106.00000000000000,0.0000000000000000
112.00000000000000,106.00000000000000,0.0000000000000000
113.00000000000000,106.00000000000000,0.0000000000000000
1.0000000000000000,107.00000000000000,0.0000000000000000
2.0000000000000000,107.00000000000000,0.0000000000000000
3.0000000000000000,107.00000000000000,0.0000000000000000
4.0000000000000000,107.00000000000000,0.0000000000000000
5.0000000000000000,107.00000000000000,0.0000000000000000
6.0000000000000000,107.00000000000000,0.0000000000000000
7.0000000000000000,107.00000000000000,0.0000000000000000
8.0000000000000000,107.00000000000000,0.0000000000000000
9.0000000000000000,107.00000000000000,0.0000000000000000
10.000000000000000,107.00000000000000,0.0000000000000000
11.000000000000000,107.00000000000000,0.0000000000000000
12.000000000000000,107.00000000000000,0.0000000000000000
13.000000000000000,107.00000000000000,0.0000000000000000
14.000000000000000,107.00000000000000,0.0000000000000000
15.000000000000000,107.00000000000000,0.0000000000000000
16.000000000000000,107.00000000000000,0.0000000000000000
17.000000000000000,107.00000000000000,0.0000000000000000
18.000000000000000,107.00000000000000,0.0000000000000000
19.000000000000000,107.00000000000000,0.0000000000000000
20.000000000000000,107.00000000000000,0.0000000000000000
21.000000000000000,107.00000000000000,0.0000000000000000
22.000000000000000,107.00000000000000,0.0000000000000000
23.000000000000000,107.00000000000000,0.0000000000000000
24.000000000000000,107.00000000000000,0.0000000000000000
25.000000000000000,107.00000000000000,0.0000000000000000
26.000000000000000,107.00000000000000,0.0000000000000000
27.000000000000000,107.00000000000000,0.0000000000000000
28.000000000000000,107.00000000000000,0.0000000000000000
29.000000000000000,107.00000000000000,0.0000000000000000
30.000000000000000,107.00000000000000,0.0000000000000000
31.000000000000000,107.00000000000000,0.0000000000000000
32.000000000000000,107.00000000000000,0.0000000000000000
33.000000000000000,107.00000000000000,0.0000000000000000
34.000000000000000,107.00000000000000,0.0000000000000000
35.000000000000000,107.00000000000000,0.0000000000000000
36.000000000000000,107.00000000000000,0.0000000000000000
37.000000000000000,107.00000000000000,0.0000000000000000
38.000000000000000,107.00000000000000,0.0000000000000000
39.000000000000000,107.00000000000000,0.0000000000000000
40.000000000000000,107.00000000000000,0.0000000000000000
41.000000000000000,107.00000000000000,0.0000000000000000
42.000000000000000,107.00000000000000,0.0000000000000000
43.000000000000000,107.00000000000000,0.0000000000000000
44.000000000000000,107.00000000000000,0.0000000000000000
45.000000000000000,107.00000000000000,0.0000000000000000
46.000000000000000,107.00000000000000,0.0000000000000000
47.000000000000000,107.00000000000000,0.0000000000000000
48.000000000000000,107.00000000000000,0.0000000000000000
49.000000000000000,107.00000000000000,0.0000000000000000
50.000000000000000,107.00000000000000,0.0000000000000000
51.000000000000000,107.00000000000000,0.0000000000000000
52.000000000000000,107.00000000000000,0.0000000000000000
53.000000000000000,107.00000000000000,0.0000000000000000
54.000000000000000,107.00000000000000,0.0000000000000000
55.000000000000000,107.00000000000000,0.0000000000000000
56.000000000000000,107.00000000000000,0.0000000000000000
57.000000000000000,107.00000000000000,0.0000000000000000
58.000000000000000,107.00000000000000,0.0000000000000000
59.000000000000000,107.00000000000000,0.0000000000000000
60.000000000000000,107.00000000000000,0.0000000000000000
61.000000000000000,107.00000000000000,0.0000000000000000
62.000000000000000,107.00000000000000,0.0000000000000000
63.000000000000000,107.00000000000000,0.0000000000000000
64.000000000000000,107.00000000000000,0.0000000000000000
65.000000000000000,107.00000000000000,0.0000000000000000
66.000000000000000,107.00000000000000,0.0000000000000000
67.000000000000000,107.00000000000000,0.0000000000000000
68.000000000000000,107.00000000000000,0.0000000000000000
69.000000000000000,107.00000000000000,0.0000000000000000
70.000000000000000,107.00000000000000,0.0000000000000000
71.000000000000000,107.00000000000000,0.0000000000000000
72.000000000000000,107.00000000000000,0.0000000000000000
73.000000000000000,107.00000000000000,0.0000000000000000
74.000000000000000,107.00000000000000,0.0000000000000000
75.000000000000000,107.00000000000000,0.0000000000000000
76.000000000000000,107.00000000000000,0.0000000000000000
77.000000000000000,107.00000000000000,0.0000000000000000
78.000000000000000,107.00000000000000,0.0000000000000000
79.000000000000000,107.00000000000000,0.0000000000000000
80.000000000000000,107.00000000000000,0.0000000000000000
81.000000000000000,107.00000000000000,97.800003051757812
82.000000000000000,107.00000000000000,97.800003051757812
83.000000000000000,107.00000000000000,0.0000000000000000
84.000000000000000,107.00000000000000,0.0000000000000000
85.000000000000000,107.00000000000000,0.0000000000000000
86.000000000000000,107.00000000000000,0.0000000000000000
87.000000000000000,107.00000000000000,0.0000000000000000
88.000000000000000,107.00000000000000,0.0000000000000000
89.000000000000000,107.00000000000000,0.0000000000000000
90.000000000000000,107.00000000000000,0.0000000000000000
91.000000000000000,107.00000000000000,0.0000000000000000
92.000000000000000,107.00000000000000,0.0000000000000000
93.000000000000000,107.00000000000000,0.0000000000000000
94.000000000000000,107.00000000000000,0.0000000000000000
95.000000000000000,107.00000000000000,0.0000000000000000
96.000000000000000,107.00000000000000,0.0000000000000000
97.000000000000000,107.00000000000000,0.0000000000000000
98.000000000000000,107.00000000000000,0.0000000000000000
99.000000000000000,107.00000000000000,0.0000000000000000
100.00000000000000,107.00000000000000,0.0000000000000000
101.00000000000000,107.00000000000000,0.0000000000000000
102.00000000000000,107.00000000000000,0.0000000000000000
103.00000000000000,107.00000000000000,0.0000000000000000
104.00000000000000,107.00000000000000,0.0000000000000000
105.00000000000000,107.00000000000000,0.0000000000000000
106.00000000000000,107.00000000000000,0.0000000000000000
107.00000000000000,107.00000000000000,0.0000000000000000
108.00000000000000,107.00000000000000,0.0000000000000000
109.00000000000000,107.00000000000000,0.0000000000000000
110.00000000000000,107.00000000000000,0.0000000000000000
111.00000000000000,107.00000000000000,0.0000000000000000
112.00000000000000,107.00000000000000,0.0000000000000000
113.00000000000000,107.00000000000000,0.0000000000000000
1.0000000000000000,108.00000000000000,0.0000000000000000
2.0000000000000000,108.00000000000000,0.0000000000000000
3.0000000000000000,108.00000000000000,0.0000000000000000
4.0000000000000000,108.00000000000000,0.0000000000000000
5.0000000000000000,108.00000000000000,0.0000000000000000
6.0000000000000000,108.00000000000000,0.0000000000000000
7.0000000000000000,108.00000000000000,0.0000000000000000
8.0000000000000000,108.00000000000000,0.0000000000000000
9.0000000000000000,108.00000000000000,0.0000000000000000
10.000000000000000,108.00000000000000,0.0000000000000000
11.000000000000000,108.00000000000000,0.0000000000000000
12.000000000000000,108.00000000000000,0.0000000000000000
13.000000000000000,108.00000000000000,0.0000000000000000
14.000000000000000,108.00000000000000,0.0000000000000000
15.000000000000000,108.00000000000000,0.0000000000000000
16.000000000000000,108.00000000000000,0.0000000000000000
17.000000000000000,108.00000000000000,0.0000000000000000
18.000000000000000,108.00000000000000,0.0000000000000000
19.000000000000000,108.00000000000000,0.0000000000000000
20.000000000000000,108.00000000000000,0.0000000000000000
21.000000000000000,108.00000000000000,0.0000000000000000
22.000000000000000,108.00000000000000,0.0000000000000000
23.000000000000000,108.00000000000000,0.0000000000000000
24.000000000000000,108.00000000000000,0.0000000000000000
25.000000000000000,108.00000000000000,0.0000000000000000
26.000000000000000,108.00000000000000,0.0000000000000000
27.000000000000000,108.00000000000000,0.0000000000000000
28.000000000000000,108.00000000000000,0.0000000000000000
29.000000000000000,108.00000000000000,0.0000000000000000
30.000000000000000,108.00000000000000,0.0000000000000000
31.000000000000000,108.00000000000000,0.0000000000000000
32.000000000000000,108.00000000000000,0.0000000000000000
33.000000000000000,108.00000000000000,0.0000000000000000
34.000000000000000,108.00000000000000,0.0000000000000000
35.000000000000000,108.00000000000000,0.0000000000000000
36.000000000000000,108.00000000000000,0.0000000000000000
37.000000000000000,108.00000000000000,0.0000000000000000
38.000000000000000,108.00000000000000,0.0000000000000000
39.000000000000000,108.00000000000000,0.0000000000000000
40.000000000000000,108.00000000000000,0.0000000000000000
41.000000000000000,108.00000000000000,0.0000000000000000
42.000000000000000,108.00000000000000,0.0000000000000000
43.000000000000000,108.00000000000000,0.0000000000000000
44.000000000000000,108.00000000000000,0.0000000000000000
45.000000000000000,108.00000000000000,0.0000000000000000
46.000000000000000,108.00000000000000,0.0000000000000000
47.000000000000000,108.00000000000000,0.0000000000000000
48.000000000000000,108.00000000000000,0.0000000000000000
49.000000000000000,108.00000000000000,0.0000000000000000
50.000000000000000,108.00000000000000,0.0000000000000000
51.000000000000000,108.00000000000000,0.0000000000000000
52.000000000000000,108.00000000000000,0.0000000000000000
53.000000000000000,108.00000000000000,0.0000000000000000
54.000000000000000,108.00000000000000,0.0000000000000000
55.000000000000000,108.00000000000000,0.0000000000000000
56.000000000000000,108.00000000000000,0.0000000000000000
57.000000000000000,108.00000000000000,0.0000000000000000
58.000000000000000,108.00000000000000,0.0000000000000000
59.000000000000000,108.00000000000000,0.0000000000000000
60.000000000000000,108.00000000000000,0.0000000000000000
61.000000000000000,108.00000000000000,0.0000000000000000
62.000000000000000,108.00000000000000,0.0000000000000000
63.000000000000000,108.00000000000000,0.0000000000000000
64.000000000000000,108.00000000000000,0.0000000000000000
65.000000000000000,108.00000000000000,0.0000000000000000
66.000000000000000,108.00000000000000,0.0000000000000000
67.000000000000000,108.00000000000000,0.0000000000000000
68.000000000000000,108.00000000000000,0.0000000000000000
69.000000000000000,108.00000000000000,0.0000000000000000
70.000000000000000,108.00000000000000,0.0000000000000000
71.000000000000000,108.00000000000000,0.0000000000000000
72.000000000000000,108.00000000000000,0.0000000000000000
73.000000000000000,108.00000000000000,0.0000000000000000
74.000000000000000,108.00000000000000,0.0000000000000000
75.000000000000000,108.00000000000000,0.0000000000000000
76.000000000000000,108.00000000000000,0.0000000000000000
77.000000000000000,108.00000000000000,0.0000000000000000
78.000000000000000,108.00000000000000,0.0000000000000000
79.000000000000000,108.00000000000000,0.0000000000000000
80.000000000000000,108.00000000000000,0.0000000000000000
81.000000000000000,108.00000000000000,97.800003051757812
82.000000000000000,108.00000000000000,97.800003051757812
83.000000000000000,108.00000000000000,0.0000000000000000
84.000000000000000,108.00000000000000,0.0000000000000000
85.000000000000000,108.00000000000000,0.0000000000000000
86.000000000000000,108.00000000000000,0.0000000000000000
87.000000000000000,108.00000000000000,0.0000000000000000
88.000000000000000,108.00000000000000,0.0000000000000000
89.000000000000000,108.00000000000000,0.0000000000000000
90.000000000000000,108.00000000000000,0.0000000000000000
91.000000000000000,108.00000000000000,0.0000000000000000
92.000000000000000,108.00000000000000,0.0000000000000000
93.000000000000000,108.00000000000000,0.0000000000000000
94.000000000000000,108.00000000000000,0.0000000000000000
95.000000000000000,108.00000000000000,0.0000000000000000
96.000000000000000,108.00000000000000,0.0000000000000000
97.000000000000000,108.00000000000000,0.0000000000000000
98.000000000000000,108.00000000000000,0.0000000000000000
99.000000000000000,108.00000000000000,0.0000000000000000
100.00000000000000,108.00000000000000,0.0000000000000000
101.00000000000000,108.00000000000000,0.0000000000000000
102.00000000000000,108.00000000000000,0.0000000000000000
103.00000000000000,108.00000000000000,0.0000000000000000
104.00000000000000,108.00000000000000,0.0000000000000000
105.00000000000000,108.00000000000000,0.0000000000000000
106.00000000000000,108.00000000000000,0.0000000000000000
107.00000000000000,108.00000000000000,0.0000000000000000
108.00000000000000,108.00000000000000,0.0000000000000000
109.00000000000000,108.00000000000000,0.0000000000000000
110.00000000000000,108.00000000000000,0.0000000000000000
111.00000000000000,108.00000000000000,0.0000000000000000
112.00000000000000,108.00000000000000,0.0000000000000000
113.00000000000000,108.00000000000000,0.0000000000000000
1.0000000000000000,109.00000000000000,0.0000000000000000
2.0000000000000000,109.00000000000000,0.0000000000000000
3.0000000000000000,109.00000000000000,0.0000000000000000
4.0000000000000000,109.00000000000000,0.0000000000000000
5.0000000000000000,109.00000000000000,0.0000000000000000
6.0000000000000000,109.00000000000000,0.0000000000000000
7.0000000000000000,109.00000000000000,0.0000000000000000
8.0000000000000000,109.00000000000000,0.0000000000000000
9.0000000000000000,109.00000000000000,0.0000000000000000
10.000000000000000,109.00000000000000,0.0000000000000000
11.000000000000000,109.00000000000000,0.0000000000000000
12.000000000000000,109.00000000000000,0.0000000000000000
13.000000000000000,109.00000000000000,0.0000000000000000
14.000000000000000,109.00000000000000,0.0000000000000000
15.000000000000000,109.00000000000000,0.0000000000000000
16.000000000000000,109.00000000000000,0.0000000000000000
17.000000000000000,109.00000000000000,0.0000000000000000
18.000000000000000,109.00000000000000,0.0000000000000000
19.000000000000000,109.00000000000000,0.0000000000000000
20.000000000000000,109.00000000000000,0.0000000000000000
21.000000000000000,109.00000000000000,0.0000000000000000
22.000000000000000,109.00000000000000,0.0000000000000000
23.000000000000000,109.00000000000000,0.0000000000000000
24.000000000000000,109.00000000000000,0.0000000000000000
25.000000000000000,109.00000000000000,0.0000000000000000
26.000000000000000,109.00000000000000,0.0000000000000000
27.000000000000000,109.00000000000000,0.0000000000000000
28.000000000000000,109.00000000000000,0.0000000000000000
29.000000000000000,109.00000000000000,0.0000000000000000
30.000000000000000,109.00000000000000,0.0000000000000000
31.000000000000000,109.00000000000000,0.0000000000000000
32.000000000000000,109.00000000000000,0.0000000000000000
33.000000000000000,109.00000000000000,0.0000000000000000
34.000000000000000,109.00000000000000,0.0000000000000000
35.000000000000000,109.00000000000000,0.0000000000000000
36.000000000000000,109.00000000000000,0.0000000000000000
37.000000000000000,109.00000000000000,0.0000000000000000
38.000000000000000,109.00000000000000,0.0000000000000000
39.000000000000000,109.00000000000000,0.0000000000000000
40.000000000000000,109.00000000000000,0.0000000000000000
41.000000000000000,109.00000000000000,0.0000000000000000
42.000000000000000,109.00000000000000,0.0000000000000000
43.000000000000000,109.00000000000000,0.0000000000000000
44.000000000000000,109.00000000000000,0.0000000000000000
45.000000000000000,109.00000000000000,0.0000000000000000
46.000000000000000,109.00000000000000,0.0000000000000000
47.000000000000000,109.00000000000000,0.0000000000000000
48.000000000000000,109.00000000000000,0.0000000000000000
49.000000000000000,109.00000000000000,0.0000000000000000
50.000000000000000,109.00000000000000,0.0000000000000000
51.000000000000000,109.00000000000000,0.0000000000000000
52.000000000000000,109.00000000000000,0.0000000000000000
53.000000000000000,109.00000000000000,0.0000000000000000
54.000000000000000,109.00000000000000,0.0000000000000000
55.000000000000000,109.00000000000000,0.0000000000000000
56.000000000000000,109.00000000000000,0.0000000000000000
57.000000000000000,109.00000000000000,0.0000000000000000
58.000000000000000,109.00000000000000,0.0000000000000000
59.000000000000000,109.00000000000000,0.0000000000000000
60.000000000000000,109.00000000000000,0.0000000000000000
61.000000000000000,109.00000000000000,0.0000000000000000
62.000000000000000,109.00000000000000,0.0000000000000000
63.000000000000000,109.00000000000000,0.0000000000000000
64.000000000000000,109.00000000000000,0.0000000000000000
65.000000000000000,109.00000000000000,0.0000000000000000
66.000000000000000,109.00000000000000,0.0000000000000000
67.000000000000000,109.00000000000000,0.0000000000000000
68.000000000000000,109.00000000000000,0.0000000000000000
69.000000000000000,109.00000000000000,0.0000000000000000
70.000000000000000,109.00000000000000,0.0000000000000000
71.000000000000000,109.00000000000000,0.0000000000000000
72.000000000000000,109.00000000000000,0.0000000000000000
73.000000000000000,109.00000000000000,0.0000000000000000
74.000000000000000,109.00000000000000,0.0000000000000000
75.000000000000000,109.00000000000000,0.0000000000000000
76.000000000000000,109.00000000000000,0.0000000000000000
77.000000000000000,109.00000000000000,0.0000000000000000
78.000000000000000,109.00000000000000,0.0000000000000000
79.000000000000000,109.00000000000000,0.0000000000000000
80.000000000000000,109.00000000000000,0.0000000000000000
81.000000000000000,109.00000000000000,97.800003051757812
82.000000000000000,109.00000000000000,97.800003051757812
83.000000000000000,109.00000000000000,0.0000000000000000
84.000000000000000,109.00000000000000,0.0000000000000000
85.000000000000000,109.00000000000000,0.0000000000000000
86.000000000000000,109.00000000000000,0.0000000000000000
87.000000000000000,109.00000000000000,0.0000000000000000
88.000000000000000,109.00000000000000,0.0000000000000000
89.000000000000000,109.00000000000000,0.0000000000000000
90.000000000000000,109.00000000000000,0.0000000000000000
91.000000000000000,109.00000000000000,0.0000000000000000
92.000000000000000,109.00000000000000,0.0000000000000000
93.000000000000000,109.00000000000000,0.0000000000000000
94.000000000000000,109.00000000000000,0.0000000000000000
95.000000000000000,109.00000000000000,0.0000000000000000
96.000000000000000,109.00000000000000,0.0000000000000000
97.000000000000000,109.00000000000000,0.0000000000000000
98.000000000000000,109.00000000000000,0.0000000000000000
99.000000000000000,109.00000000000000,0.0000000000000000
100.00000000000000,109.00000000000000,0.0000000000000000
101.00000000000000,109.00000000000000,0.0000000000000000
102.00000000000000,109.00000000000000,0.0000000000000000
103.00000000000000,109.00000000000000,0.0000000000000000
104.00000000000000,109.00000000000000,0.0000000000000000
105.00000000000000,109.00000000000000,0.0000000000000000
106.00000000000000,109.00000000000000,0.0000000000000000
107.00000000000000,109.00000000000000,0.0000000000000000
108.00000000000000,109.00000000000000,0.0000000000000000
109.00000000000000,109.00000000000000,0.0000000000000000
110.00000000000000,109.00000000000000,0.0000000000000000
111.00000000000000,109.00000000000000,0.0000000000000000
112.00000000000000,109.00000000000000,0.0000000000000000
113.00000000000000,109.00000000000000,0.0000000000000000
1.0000000000000000,110.00000000000000,0.0000000000000000
2.0000000000000000,110.00000000000000,0.0000000000000000
3.0000000000000000,110.00000000000000,0.0000000000000000
4.0000000000000000,110.00000000000000,0.0000000000000000
5.0000000000000000,110.00000000000000,0.0000000000000000
6.0000000000000000,110.00000000000000,0.0000000000000000
7.0000000000000000,110.00000000000000,0.0000000000000000
8.0000000000000000,110.00000000000000,0.0000000000000000
9.0000000000000000,110.00000000000000,0.0000000000000000
10.000000000000000,110.00000000000000,0.0000000000000000
11.000000000000000,110.00000000000000,0.0000000000000000
12.000000000000000,110.00000000000000,0.0000000000000000
13.000000000000000,110.00000000000000,0.0000000000000000
14.000000000000000,110.00000000000000,0.0000000000000000
15.000000000000000,110.00000000000000,0.0000000000000000
16.000000000000000,110.00000000000000,0.0000000000000000
17.000000000000000,110.00000000000000,0.0000000000000000
18.000000000000000,110.00000000000000,0.0000000000000000
19.000000000000000,110.00000000000000,0.0000000000000000
20.000000000000000,110.00000000000000,0.0000000000000000
21.000000000000000,110.00000000000000,0.0000000000000000
22.000000000000000,110.00000000000000,0.0000000000000000
23.000000000000000,110.00000000000000,0.0000000000000000
24.000000000000000,110.00000000000000,0.0000000000000000
25.000000000000000,110.00000000000000,0.0000000000000000
26.000000000000000,110.00000000000000,0.0000000000000000
27.000000000000000,110.00000000000000,0.0000000000000000
28.000000000000000,110.00000000000000,0.0000000000000000
29.000000000000000,110.00000000000000,0.0000000000000000
30.000000000000000,110.00000000000000,0.0000000000000000
31.000000000000000,110.00000000000000,0.0000000000000000
32.000000000000000,110.00000000000000,0.0000000000000000
33.000000000000000,110.00000000000000,0.0000000000000000
34.000000000000000,110.00000000000000,0.0000000000000000
35.000000000000000,110.00000000000000,0.0000000000000000
36.000000000000000,110.00000000000000,0.0000000000000000
37.000000000000000,110.00000000000000,0.0000000000000000
38.000000000000000,110.00000000000000,0.0000000000000000
39.000000000000000,110.00000000000000,0.0000000000000000
40.000000000000000,110.00000000000000,0.0000000000000000
41.000000000000000,110.00000000000000,0.0000000000000000
42.000000000000000,110.00000000000000,0.0000000000000000
43.000000000000000,110.00000000000000,0.0000000000000000
44.000000000000000,110.00000000000000,0.0000000000000000
45.000000000000000,110.00000000000000,0.0000000000000000
46.000000000000000,110.00000000000000,0.0000000000000000
47.000000000000000,110.00000000000000,0.0000000000000000
48.000000000000000,110.00000000000000,0.0000000000000000
49.000000000000000,110.00000000000000,0.0000000000000000
50.000000000000000,110.00000000000000,0.0000000000000000
51.000000000000000,110.00000000000000,0.0000000000000000
52.000000000000000,110.00000000000000,0.0000000000000000
53.000000000000000,110.00000000000000,0.0000000000000000
54.000000000000000,110.00000000000000,0.0000000000000000
55.000000000000000,110.00000000000000,0.0000000000000000
56.000000000000000,110.00000000000000,0.0000000000000000
57.000000000000000,110.00000000000000,0.0000000000000000
58.000000000000000,110.00000000000000,0.0000000000000000
59.000000000000000,110.00000000000000,0.0000000000000000
60.000000000000000,110.00000000000000,0.0000000000000000
61.000000000000000,110.00000000000000,0.0000000000000000
62.000000000000000,110.00000000000000,0.0000000000000000
63.000000000000000,110.00000000000000,0.0000000000000000
64.000000000000000,110.00000000000000,0.0000000000000000
65.000000000000000,110.00000000000000,0.0000000000000000
66.000000000000000,110.00000000000000,0.0000000000000000
67.000000000000000,110.00000000000000,0.0000000000000000
68.000000000000000,110.00000000000000,0.0000000000000000
69.000000000000000,110.00000000000000,0.0000000000000000
70.000000000000000,110.00000000000000,0.0000000000000000
71.000000000000000,110.00000000000000,0.0000000000000000
72.000000000000000,110.00000000000000,0.0000000000000000
73.000000000000000,110.00000000000000,0.0000000000000000
74.000000000000000,110.00000000000000,0.0000000000000000
75.000000000000000,110.00000000000000,0.0000000000000000
76.000000000000000,110.00000000000000,0.0000000000000000
77.000000000000000,110.00000000000000,0.0000000000000000
78.000000000000000,110.00000000000000,0.0000000000000000
79.000000000000000,110.00000000000000,0.0000000000000000
80.000000000000000,110.00000000000000,0.0000000000000000
81.000000000000000,110.00000000000000,97.900001525878906
82.000000000000000,110.00000000000000,0.0000000000000000
83.000000000000000,110.00000000000000,0.0000000000000000
84.000000000000000,110.00000000000000,0.0000000000000000
85.000000000000000,110.00000000000000,0.0000000000000000
86.000000000000000,110.00000000000000,0.0000000000000000
87.000000000000000,110.00000000000000,0.0000000000000000
88.000000000000000,110.00000000000000,0.0000000000000000
89.000000000000000,110.00000000000000,0.0000000000000000
90.000000000000000,110.00000000000000,0.0000000000000000
91.000000000000000,110.00000000000000,0.0000000000000000
92.000000000000000,110.00000000000000,0.0000000000000000
93.000000000000000,110.00000000000000,0.0000000000000000
94.000000000000000,110.00000000000000,0.0000000000000000
95.000000000000000,110.00000000000000,0.0000000000000000
96.000000000000000,110.00000000000000,0.0000000000000000
97.000000000000000,110.00000000000000,0.0000000000000000
98.000000000000000,110.00000000000000,0.0000000000000000
99.000000000000000,110.00000000000000,0.0000000000000000
100.00000000000000,110.00000000000000,0.0000000000000000
101.00000000000000,110.00000000000000,0.0000000000000000
102.00000000000000,110.00000000000000,0.0000000000000000
103.00000000000000,110.00000000000000,0.0000000000000000
104.00000000000000,110.00000000000000,0.0000000000000000
105.00000000000000,110.00000000000000,0.0000000000000000
106.00000000000000,110.00000000000000,0.0000000000000000
107.00000000000000,110.00000000000000,0.0000000000000000
108.00000000000000,110.00000000000000,0.0000000000000000
109.00000000000000,110.00000000000000,0.0000000000000000
110.00000000000000,110.00000000000000,0.0000000000000000
111.00000000000000,110.00000000000000,0.0000000000000000
112.00000000000000,110.00000000000000,0.0000000000000000
113.00000000000000,110.00000000000000,0.0000000000000000
1.0000000000000000,111.00000000000000,0.0000000000000000
2.0000000000000000,111.00000000000000,0.0000000000000000
3.0000000000000000,111.00000000000000,0.0000000000000000
4.0000000000000000,111.00000000000000,0.0000000000000000
5.0000000000000000,111.00000000000000,0.0000000000000000
6.0000000000000000,111.00000000000000,0.0000000000000000
7.0000000000000000,111.00000000000000,0.0000000000000000
8.0000000000000000,111.00000000000000,0.0000000000000000
9.0000000000000000,111.00000000000000,0.0000000000000000
10.000000000000000,111.00000000000000,0.0000000000000000
11.000000000000000,111.00000000000000,0.0000000000000000
12.000000000000000,111.00000000000000,0.0000000000000000
13.000000000000000,111.00000000000000,0.0000000000000000
14.000000000000000,111.00000000000000,0.0000000000000000
15.000000000000000,111.00000000000000,0.0000000000000000
16.000000000000000,111.00000000000000,0.0000000000000000
17.000000000000000,111.00000000000000,0.0000000000000000
18.000000000000000,111.00000000000000,0.0000000000000000
19.000000000000000,111.00000000000000,0.0000000000000000
20.000000000000000,111.00000000000000,0.0000000000000000
21.000000000000000,111.00000000000000,0.0000000000000000
22.000000000000000,111.00000000000000,0.0000000000000000
23.000000000000000,111.00000000000000,0.0000000000000000
24.000000000000000,111.00000000000000,0.0000000000000000
25.000000000000000,111.00000000000000,0.0000000000000000
26.000000000000000,111.00000000000000,0.0000000000000000
27.000000000000000,111.00000000000000,0.0000000000000000
28.000000000000000,111.00000000000000,0.0000000000000000
29.000000000000000,111.00000000000000,0.0000000000000000
30.000000000000000,111.00000000000000,0.0000000000000000
31.000000000000000,111.00000000000000,0.0000000000000000
32.000000000000000,111.00000000000000,0.0000000000000000
33.000000000000000,111.00000000000000,0.0000000000000000
34.000000000000000,111.00000000000000,0.0000000000000000
35.000000000000000,111.00000000000000,0.0000000000000000
36.000000000000000,111.00000000000000,0.0000000000000000
37.000000000000000,111.00000000000000,0.0000000000000000
38.000000000000000,111.00000000000000,0.0000000000000000
39.000000000000000,111.00000000000000,0.0000000000000000
40.000000000000000,111.00000000000000,0.0000000000000000
41.000000000000000,111.00000000000000,0.0000000000000000
42.000000000000000,111.00000000000000,0.0000000000000000
43.000000000000000,111.00000000000000,0.0000000000000000
44.000000000000000,111.00000000000000,0.0000000000000000
45.000000000000000,111.00000000000000,0.0000000000000000
46.000000000000000,111.00000000000000,0.0000000000000000
47.000000000000000,111.00000000000000,0.0000000000000000
48.000000000000000,111.00000000000000,0.0000000000000000
49.000000000000000,111.00000000000000,0.0000000000000000
50.000000000000000,111.00000000000000,0.0000000000000000
51.000000000000000,111.00000000000000,0.0000000000000000
52.000000000000000,111.00000000000000,0.0000000000000000
53.000000000000000,111.00000000000000,0.0000000000000000
54.000000000000000,111.00000000000000,0.0000000000000000
55.000000000000000,111.00000000000000,0.0000000000000000
56.000000000000000,111.00000000000000,0.0000000000000000
57.000000000000000,111.00000000000000,0.0000000000000000
58.000000000000000,111.00000000000000,0.0000000000000000
59.000000000000000,111.00000000000000,0.0000000000000000
60.000000000000000,111.00000000000000,0.0000000000000000
61.000000000000000,111.00000000000000,0.0000000000000000
62.000000000000000,111.00000000000000,0.0000000000000000
63.000000000000000,111.00000000000000,0.0000000000000000
64.000000000000000,111.00000000000000,0.0000000000000000
65.000000000000000,111.00000000000000,0.0000000000000000
66.000000000000000,111.00000000000000,0.0000000000000000
67.000000000000000,111.00000000000000,0.0000000000000000
68.000000000000000,111.00000000000000,0.0000000000000000
69.000000000000000,111.00000000000000,0.0000000000000000
70.000000000000000,111.00000000000000,0.0000000000000000
71.000000000000000,111.00000000000000,0.0000000000000000
72.000000000000000,111.00000000000000,0.0000000000000000
73.000000000000000,111.00000000000000,0.0000000000000000
74.000000000000000,111.00000000000000,0.0000000000000000
75.000000000000000,111.00000000000000,0.0000000000000000
76.000000000000000,111.00000000000000,0.0000000000000000
77.000000000000000,111.00000000000000,0.0000000000000000
78.000000000000000,111.00000000000000,0.0000000000000000
79.000000000000000,111.00000000000000,0.0000000000000000
80.000000000000000,111.00000000000000,0.0000000000000000
81.000000000000000,111.00000000000000,97.900001525878906
82.000000000000000,111.00000000000000,0.0000000000000000
83.000000000000000,111.00000000000000,0.0000000000000000
84.000000000000000,111.00000000000000,0.0000000000000000
85.000000000000000,111.00000000000000,0.0000000000000000
86.000000000000000,111.00000000000000,0.0000000000000000
87.000000000000000,111.00000000000000,0.0000000000000000
88.000000000000000,111.00000000000000,0.0000000000000000
89.000000000000000,111.00000000000000,0.0000000000000000
90.000000000000000,111.00000000000000,0.0000000000000000
91.000000000000000,111.00000000000000,0.0000000000000000
92.000000000000000,111.00000000000000,0.0000000000000000
93.000000000000000,111.00000000000000,0.0000000000000000
94.000000000000000,111.00000000000000,0.0000000000000000
95.000000000000000,111.00000000000000,0.0000000000000000
96.000000000000000,111.00000000000000,0.0000000000000000
97.000000000000000,111.00000000000000,0.0000000000000000
98.000000000000000,111.00000000000000,0.0000000000000000
99.000000000000000,111.00000000000000,0.0000000000000000
100.00000000000000,111.00000000000000,0.0000000000000000
101.00000000000000,111.00000000000000,0.0000000000000000
102.00000000000000,111.00000000000000,0.0000000000000000
103.00000000000000,111.00000000000000,0.0000000000000000
104.00000000000000,111.00000000000000,0.0000000000000000
105.00000000000000,111.00000000000000,0.0000000000000000
106.00000000000000,111.00000000000000,0.0000000000000000
107.00000000000000,111.00000000000000,0.0000000000000000
108.00000000000000,111.00000000000000,0.0000000000000000
109.00000000000000,111.00000000000000,0.0000000000000000
110.00000000000000,111.00000000000000,0.0000000000000000
111.00000000000000,111.00000000000000,0.0000000000000000
112.00000000000000,111.00000000000000,0.0000000000000000
113.00000000000000,111.00000000000000,0.0000000000000000
1.0000000000000000,112.00000000000000,0.0000000000000000
2.0000000000000000,112.00000000000000,0.0000000000000000
3.0000000000000000,112.00000000000000,0.0000000000000000
4.0000000000000000,112.00000000000000,0.0000000000000000
5.0000000000000000,112.00000000000000,0.0000000000000000
6.0000000000000000,112.00000000000000,0.0000000000000000
7.0000000000000000,112.00000000000000,0.0000000000000000
8.0000000000000000,112.00000000000000,0.0000000000000000
9.0000000000000000,112.00000000000000,0.0000000000000000
10.000000000000000,112.00000000000000,0.0000000000000000
11.000000000000000,112.00000000000000,0.0000000000000000
12.000000000000000,112.00000000000000,0.0000000000000000
13.000000000000000,112.00000000000000,0.0000000000000000
14.000000000000000,112.00000000000000,0.0000000000000000
15.000000000000000,112.00000000000000,0.0000000000000000
16.000000000000000,112.00000000000000,0.0000000000000000
17.000000000000000,112.00000000000000,0.0000000000000000
18.000000000000000,112.00000000000000,0.0000000000000000
19.000000000000000,112.00000000000000,0.0000000000000000
20.000000000000000,112.00000000000000,0.0000000000000000
21.000000000000000,112.00000000000000,0.0000000000000000
22.000000000000000,112.00000000000000,0.0000000000000000
23.000000000000000,112.00000000000000,0.0000000000000000
24.000000000000000,112.00000000000000,0.0000000000000000
25.000000000000000,112.00000000000000,0.0000000000000000
26.000000000000000,112.00000000000000,0.0000000000000000
27.000000000000000,112.00000000000000,0.0000000000000000
28.000000000000000,112.00000000000000,0.0000000000000000
29.000000000000000,112.00000000000000,0.0000000000000000
30.000000000000000,112.00000000000000,0.0000000000000000
31.000000000000000,112.00000000000000,0.0000000000000000
32.000000000000000,112.00000000000000,0.0000000000000000
33.000000000000000,112.00000000000000,0.0000000000000000
34.000000000000000,112.00000000000000,0.0000000000000000
35.000000000000000,112.00000000000000,0.0000000000000000
36.000000000000000,112.00000000000000,0.0000000000000000
37.000000000000000,112.00000000000000,0.0000000000000000
38.000000000000000,112.00000000000000,0.0000000000000000
39.000000000000000,112.00000000000000,0.0000000000000000
40.000000000000000,112.00000000000000,0.0000000000000000
41.000000000000000,112.00000000000000,0.0000000000000000
42.000000000000000,112.00000000000000,0.0000000000000000
43.000000000000000,112.00000000000000,0.0000000000000000
44.000000000000000,112.00000000000000,0.0000000000000000
45.000000000000000,112.00000000000000,0.0000000000000000
46.000000000000000,112.00000000000000,0.0000000000000000
47.000000000000000,112.00000000000000,0.0000000000000000
48.000000000000000,112.00000000000000,0.0000000000000000
49.000000000000000,112.00000000000000,0.0000000000000000
50.000000000000000,112.00000000000000,0.0000000000000000
51.000000000000000,112.00000000000000,0.0000000000000000
52.000000000000000,112.00000000000000,0.0000000000000000
53.000000000000000,112.00000000000000,0.0000000000000000
54.000000000000000,112.00000000000000,0.0000000000000000
55.000000000000000,112.00000000000000,0.0000000000000000
56.000000000000000,112.00000000000000,0.0000000000000000
57.000000000000000,112.00000000000000,0.0000000000000000
58.000000000000000,112.00000000000000,0.0000000000000000
59.000000000000000,112.00000000000000,0.0000000000000000
60.000000000000000,112.00000000000000,0.0000000000000000
61.000000000000000,112.00000000000000,0.0000000000000000
62.000000000000000,112.00000000000000,0.0000000000000000
63.000000000000000,112.00000000000000,0.0000000000000000
64.000000000000000,112.00000000000000,0.0000000000000000
65.000000000000000,112.00000000000000,0.0000000000000000
66.000000000000000,112.00000000000000,0.0000000000000000
67.000000000000000,112.00000000000000,0.0000000000000000
68.000000000000000,112.00000000000000,0.0000000000000000
69.000000000000000,112.00000000000000,0.0000000000000000
70.000000000000000,112.00000000000000,0.0000000000000000
71.000000000000000,112.00000000000000,0.0000000000000000
72.000000000000000,112.00000000000000,0.0000000000000000
73.000000000000000,112.00000000000000,0.0000000000000000
74.000000000000000,112.00000000000000,0.0000000000000000
75.000000000000000,112.00000000000000,0.0000000000000000
76.000000000000000,112.00000000000000,0.0000000000000000
77.000000000000000,112.00000000000000,0.0000000000000000
78.000000000000000,112.00000000000000,0.0000000000000000
79.000000000000000,112.00000000000000,0.0000000000000000
80.000000000000000,112.00000000000000,0.0000000000000000
81.000000000000000,112.00000000000000,97.900001525878906
82.000000000000000,112.00000000000000,97.900001525878906
83.000000000000000,112.00000000000000,0.0000000000000000
84.000000000000000,112.00000000000000,0.0000000000000000
85.000000000000000,112.00000000000000,0.0000000000000000
86.000000000000000,112.00000000000000,0.0000000000000000
87.000000000000000,112.00000000000000,0.0000000000000000
88.000000000000000,112.00000000000000,0.0000000000000000
89.000000000000000,112.00000000000000,0.0000000000000000
90.000000000000000,112.00000000000000,0.0000000000000000
91.000000000000000,112.00000000000000,0.0000000000000000
92.000000000000000,112.00000000000000,0.0000000000000000
93.000000000000000,112.00000000000000,0.0000000000000000
94.000000000000000,112.00000000000000,0.0000000000000000
95.000000000000000,112.00000000000000,0.0000000000000000
96.000000000000000,112.00000000000000,0.0000000000000000
97.000000000000000,112.00000000000000,0.0000000000000000
98.000000000000000,112.00000000000000,0.0000000000000000
99.000000000000000,112.00000000000000,0.0000000000000000
100.00000000000000,112.00000000000000,0.0000000000000000
101.00000000000000,112.00000000000000,0.0000000000000000
102.00000000000000,112.00000000000000,0.0000000000000000
103.00000000000000,112.00000000000000,0.0000000000000000
104.00000000000000,112.00000000000000,0.0000000000000000
105.00000000000000,112.00000000000000,0.0000000000000000
106.00000000000000,112.00000000000000,0.0000000000000000
107.00000000000000,112.00000000000000,0.0000000000000000
108.00000000000000,112.00000000000000,0.0000000000000000
109.00000000000000,112.00000000000000,0.0000000000000000
110.00000000000000,112.00000000000000,0.0000000000000000
111.00000000000000,112.00000000000000,0.0000000000000000
112.00000000000000,112.00000000000000,0.0000000000000000
113.00000000000000,112.00000000000000,0.0000000000000000
1.0000000000000000,113.00000000000000,0.0000000000000000
2.0000000000000000,113.00000000000000,0.0000000000000000
3.0000000000000000,113.00000000000000,0.0000000000000000
4.0000000000000000,113.00000000000000,0.0000000000000000
5.0000000000000000,113.00000000000000,0.0000000000000000
6.0000000000000000,113.00000000000000,0.0000000000000000
7.0000000000000000,113.00000000000000,0.0000000000000000
8.0000000000000000,113.00000000000000,0.0000000000000000
9.0000000000000000,113.00000000000000,0.0000000000000000
10.000000000000000,113.00000000000000,0.0000000000000000
11.000000000000000,113.00000000000000,0.0000000000000000
12.000000000000000,113.00000000000000,0.0000000000000000
13.000000000000000,113.00000000000000,0.0000000000000000
14.000000000000000,113.00000000000000,0.0000000000000000
15.000000000000000,113.00000000000000,0.0000000000000000
16.000000000000000,113.00000000000000,0.0000000000000000
17.000000000000000,113.00000000000000,0.0000000000000000
18.000000000000000,113.00000000000000,0.0000000000000000
19.000000000000000,113.00000000000000,0.0000000000000000
20.000000000000000,113.00000000000000,0.0000000000000000
21.000000000000000,113.00000000000000,0.0000000000000000
22.000000000000000,113.00000000000000,0.0000000000000000
23.000000000000000,113.00000000000000,0.0000000000000000
24.000000000000000,113.00000000000000,0.0000000000000000
25.000000000000000,113.00000000000000,0.0000000000000000
26.000000000000000,113.00000000000000,0.0000000000000000
27.000000000000000,113.00000000000000,0.0000000000000000
28.000000000000000,113.00000000000000,0.0000000000000000
29.000000000000000,113.00000000000000,0.0000000000000000
30.000000000000000,113.00000000000000,0.0000000000000000
31.000000000000000,113.00000000000000,0.0000000000000000
32.000000000000000,113.00000000000000,0.0000000000000000
33.000000000000000,113.00000000000000,0.0000000000000000
34.000000000000000,113.00000000000000,0.0000000000000000
35.000000000000000,113.00000000000000,0.0000000000000000
36.000000000000000,113.00000000000000,0.0000000000000000
37.000000000000000,113.00000000000000,0.0000000000000000
38.000000000000000,113.00000000000000,0.0000000000000000
39.000000000000000,113.00000000000000,0.0000000000000000
40.000000000000000,113.00000000000000,0.0000000000000000
41.000000000000000,113.00000000000000,0.0000000000000000
42.000000000000000,113.00000000000000,0.0000000000000000
43.000000000000000,113.00000000000000,0.0000000000000000
44.000000000000000,113.00000000000000,0.0000000000000000
45.000000000000000,113.00000000000000,0.0000000000000000
46.000000000000000,113.00000000000000,0.0000000000000000
47.000000000000000,113.00000000000000,0.0000000000000000
48.000000000000000,113.00000000000000,0.0000000000000000
49.000000000000000,113.00000000000000,0.0000000000000000
50.000000000000000,113.00000000000000,0.0000000000000000
51.000000000000000,113.00000000000000,0.0000000000000000
52.000000000000000,113.00000000000000,0.0000000000000000
53.000000000000000,113.00000000000000,0.0000000000000000
54.000000000000000,113.00000000000000,0.0000000000000000
55.000000000000000,113.00000000000000,0.0000000000000000
56.000000000000000,113.00000000000000,0.0000000000000000
57.000000000000000,113.00000000000000,0.0000000000000000
58.000000000000000,113.00000000000000,0.0000000000000000
59.000000000000000,113.00000000000000,0.0000000000000000
60.000000000000000,113.00000000000000,0.0000000000000000
61.000000000000000,113.00000000000000,0.0000000000000000
62.000000000000000,113.00000000000000,0.0000000000000000
63.000000000000000,113.00000000000000,0.0000000000000000
64.000000000000000,113.00000000000000,0.0000000000000000
65.000000000000000,113.00000000000000,0.0000000000000000
66.000000000000000,113.00000000000000,0.0000000000000000
67.000000000000000,113.00000000000000,0.0000000000000000
68.000000000000000,113.00000000000000,0.0000000000000000
69.000000000000000,113.00000000000000,0.0000000000000000
70.000000000000000,113.00000000000000,0.0000000000000000
71.000000000000000,113.00000000000000,0.0000000000000000
72.000000000000000,113.00000000000000,0.0000000000000000
73.000000000000000,113.00000000000000,0.0000000000000000
74.000000000000000,113.00000000000000,0.0000000000000000
75.000000000000000,113.00000000000000,0.0000000000000000
76.000000000000000,113.00000000000000,0.0000000000000000
77.000000000000000,113.00000000000000,0.0000000000000000
78.000000000000000,113.00000000000000,0.0000000000000000
79.000000000000000,113.00000000000000,0.0000000000000000
80.000000000000000,113.00000000000000,0.0000000000000000
81.000000000000000,113.00000000000000,0.0000000000000000
82.000000000000000,113.00000000000000,0.0000000000000000
83.000000000000000,113.00000000000000,0.0000000000000000
84.000000000000000,113.00000000000000,0.0000000000000000
85.000000000000000,113.00000000000000,0.0000000000000000
86.000000000000000,113.00000000000000,0.0000000000000000
87.000000000000000,113.00000000000000,0.0000000000000000
88.000000000000000,113.00000000000000,0.0000000000000000
89.000000000000000,113.00000000000000,0.0000000000000000
90.000000000000000,113.00000000000000,0.0000000000000000
91.000000000000000,113.00000000000000,0.0000000000000000
92.000000000000000,113.00000000000000,0.0000000000000000
93.000000000000000,113.00000000000000,0.0000000000000000
94.000000000000000,113.00000000000000,0.0000000000000000
95.000000000000000,113.00000000000000,0.0000000000000000
96.000000000000000,113.00000000000000,0.0000000000000000
97.000000000000000,113.00000000000000,0.0000000000000000
98.000000000000000,113.00000000000000,0.0000000000000000
99.000000000000000,113.00000000000000,0.0000000000000000
100.00000000000000,113.00000000000000,0.0000000000000000
101.00000000000000,113.00000000000000,0.0000000000000000
102.00000000000000,113.00000000000000,0.0000000000000000
103.00000000000000,113.00000000000000,0.0000000000000000
104.00000000000000,113.00000000000000,0.0000000000000000
105.00000000000000,113.00000000000000,0.0000000000000000
106.00000000000000,113.00000000000000,0.0000000000000000
107.00000000000000,113.00000000000000,0.0000000000000000
108.00000000000000,113.00000000000000,0.0000000000000000
109.00000000000000,113.00000000000000,0.0000000000000000
110.00000000000000,113.00000000000000,0.0000000000000000
111.00000000000000,113.00000000000000,0.0000000000000000
112.00000000000000,113.00000000000000,0.0000000000000000
113.00000000000000,113.00000000000000,0.0000000000000000
1.0000000000000000,114.00000000000000,0.0000000000000000
2.0000000000000000,114.00000000000000,0.0000000000000000
3.0000000000000000,114.00000000000000,0.0000000000000000
4.0000000000000000,114.00000000000000,0.0000000000000000
5.0000000000000000,114.00000000000000,0.0000000000000000
6.0000000000000000,114.00000000000000,0.0000000000000000
7.0000000000000000,114.00000000000000,0.0000000000000000
8.0000000000000000,114.00000000000000,0.0000000000000000
9.0000000000000000,114.00000000000000,0.0000000000000000
10.000000000000000,114.00000000000000,0.0000000000000000
11.000000000000000,114.00000000000000,0.0000000000000000
12.000000000000000,114.00000000000000,0.0000000000000000
13.000000000000000,114.00000000000000,0.0000000000000000
14.000000000000000,114.00000000000000,0.0000000000000000
15.000000000000000,114.00000000000000,0.0000000000000000
16.000000000000000,114.00000000000000,0.0000000000000000
17.000000000000000,114.00000000000000,0.0000000000000000
18.000000000000000,114.00000000000000,0.0000000000000000
19.000000000000000,114.00000000000000,0.0000000000000000
20.000000000000000,114.00000000000000,0.0000000000000000
21.000000000000000,114.00000000000000,0.0000000000000000
22.000000000000000,114.00000000000000,0.0000000000000000
23.000000000000000,114.00000000000000,0.0000000000000000
24.000000000000000,114.00000000000000,0.0000000000000000
25.000000000000000,114.00000000000000,0.0000000000000000
26.000000000000000,114.00000000000000,0.0000000000000000
27.000000000000000,114.00000000000000,0.0000000000000000
28.000000000000000,114.00000000000000,0.0000000000000000
29.000000000000000,114.00000000000000,0.0000000000000000
30.000000000000000,114.00000000000000,0.0000000000000000
31.000000000000000,114.00000000000000,0.0000000000000000
32.000000000000000,114.00000000000000,0.0000000000000000
33.000000000000000,114.00000000000000,0.0000000000000000
34.000000000000000,114.00000000000000,0.0000000000000000
35.000000000000000,114.00000000000000,0.0000000000000000
36.000000000000000,114.00000000000000,0.0000000000000000
37.000000000000000,114.00000000000000,0.0000000000000000
38.000000000000000,114.00000000000000,0.0000000000000000
39.000000000000000,114.00000000000000,0.0000000000000000
40.000000000000000,114.00000000000000,0.0000000000000000
41.000000000000000,114.00000000000000,0.0000000000000000
42.000000000000000,114.00000000000000,0.0000000000000000
43.000000000000000,114.00000000000000,0.0000000000000000
44.000000000000000,114.00000000000000,0.0000000000000000
45.000000000000000,114.00000000000000,0.0000000000000000
46.000000000000000,114.00000000000000,0.0000000000000000
47.000000000000000,114.00000000000000,0.0000000000000000
48.000000000000000,114.00000000000000,0.0000000000000000
49.000000000000000,114.00000000000000,0.0000000000000000
50.000000000000000,114.00000000000000,0.0000000000000000
51.000000000000000,114.00000000000000,0.0000000000000000
52.000000000000000,114.00000000000000,0.0000000000000000
53.000000000000000,114.00000000000000,0.0000000000000000
54.000000000000000,114.00000000000000,0.0000000000000000
55.000000000000000,114.00000000000000,0.0000000000000000
56.000000000000000,114.00000000000000,0.0000000000000000
57.000000000000000,114.00000000000000,0.0000000000000000
58.000000000000000,114.00000000000000,0.0000000000000000
59.000000000000000,114.00000000000000,0.0000000000000000
60.000000000000000,114.00000000000000,0.0000000000000000
61.000000000000000,114.00000000000000,0.0000000000000000
62.000000000000000,114.00000000000000,0.0000000000000000
63.000000000000000,114.00000000000000,0.0000000000000000
64.000000000000000,114.00000000000000,0.0000000000000000
65.000000000000000,114.00000000000000,0.0000000000000000
66.000000000000000,114.00000000000000,0.0000000000000000
67.000000000000000,114.00000000000000,0.0000000000000000
68.000000000000000,114.00000000000000,0.0000000000000000
69.000000000000000,114.00000000000000,0.0000000000000000
70.000000000000000,114.00000000000000,0.0000000000000000
71.000000000000000,114.00000000000000,0.0000000000000000
72.000000000000000,114.00000000000000,0.0000000000000000
73.000000000000000,114.00000000000000,0.0000000000000000
74.000000000000000,114.00000000000000,0.0000000000000000
75.000000000000000,114.00000000000000,0.0000000000000000
76.000000000000000,114.00000000000000,0.0000000000000000
77.000000000000000,114.00000000000000,0.0000000000000000
78.000000000000000,114.00000000000000,0.0000000000000000
79.000000000000000,114.00000000000000,0.0000000000000000
80.000000000000000,114.00000000000000,0.0000000000000000
81.000000000000000,114.00000000000000,0.0000000000000000
82.000000000000000,114.00000000000000,0.0000000000000000
83.000000000000000,114.00000000000000,0.0000000000000000
84.000000000000000,114.00000000000000,0.0000000000000000
85.000000000000000,114.00000000000000,0.0000000000000000
86.000000000000000,114.00000000000000,0.0000000000000000
87.000000000000000,114.00000000000000,0.0000000000000000
88.000000000000000,114.00000000000000,0.0000000000000000
89.000000000000000,114.00000000000000,0.0000000000000000
90.000000000000000,114.00000000000000,0.0000000000000000
91.000000000000000,114.00000000000000,0.0000000000000000
92.000000000000000,114.00000000000000,0.0000000000000000
93.000000000000000,114.00000000000000,0.0000000000000000
94.000000000000000,114.00000000000000,0.0000000000000000
95.000000000000000,114.00000000000000,0.0000000000000000
96.000000000000000,114.00000000000000,0.0000000000000000
97.000000000000000,114.00000000000000,0.0000000000000000
98.000000000000000,114.00000000000000,0.0000000000000000
99.000000000000000,114.00000000000000,0.0000000000000000
100.00000000000000,114.00000000000000,0.0000000000000000
101.00000000000000,114.00000000000000,0.0000000000000000
102.00000000000000,114.00000000000000,0.0000000000000000
103.00000000000000,114.00000000000000,0.0000000000000000
104.00000000000000,114.00000000000000,0.0000000000000000
105.00000000000000,114.00000000000000,0.0000000000000000
106.00000000000000,114.00000000000000,0.0000000000000000
107.00000000000000,114.00000000000000,0.0000000000000000
108.00000000000000,114.00000000000000,0.0000000000000000
109.00000000000000,114.00000000000000,0.0000000000000000
110.00000000000000,114.00000000000000,0.0000000000000000
111.00000000000000,114.00000000000000,0.0000000000000000
112.00000000000000,114.00000000000000,0.0000000000000000
113.00000000000000,114.00000000000000,0.0000000000000000
1.0000000000000000,115.00000000000000,0.0000000000000000
2.0000000000000000,115.00000000000000,0.0000000000000000
3.0000000000000000,115.00000000000000,0.0000000000000000
4.0000000000000000,115.00000000000000,0.0000000000000000
5.0000000000000000,115.00000000000000,0.0000000000000000
6.0000000000000000,115.00000000000000,0.0000000000000000
7.0000000000000000,115.00000000000000,0.0000000000000000
8.0000000000000000,115.00000000000000,0.0000000000000000
9.0000000000000000,115.00000000000000,0.0000000000000000
10.000000000000000,115.00000000000000,0.0000000000000000
11.000000000000000,115.00000000000000,0.0000000000000000
12.000000000000000,115.00000000000000,0.0000000000000000
13.000000000000000,115.00000000000000,0.0000000000000000
14.000000000000000,115.00000000000000,0.0000000000000000
15.000000000000000,115.00000000000000,0.0000000000000000
16.000000000000000,115.00000000000000,0.0000000000000000
17.000000000000000,115.00000000000000,0.0000000000000000
18.000000000000000,115.00000000000000,0.0000000000000000
19.000000000000000,115.00000000000000,0.0000000000000000
20.000000000000000,115.00000000000000,0.0000000000000000
21.000000000000000,115.00000000000000,0.0000000000000000
22.000000000000000,115.00000000000000,0.0000000000000000
23.000000000000000,115.00000000000000,0.0000000000000000
24.000000000000000,115.00000000000000,0.0000000000000000
25.000000000000000,115.00000000000000,0.0000000000000000
26.000000000000000,115.00000000000000,0.0000000000000000
27.000000000000000,115.00000000000000,0.0000000000000000
28.000000000000000,115.00000000000000,0.0000000000000000
29.000000000000000,115.00000000000000,0.0000000000000000
30.000000000000000,115.00000000000000,0.0000000000000000
31.000000000000000,115.00000000000000,0.0000000000000000
32.000000000000000,115.00000000000000,0.0000000000000000
33.000000000000000,115.00000000000000,0.0000000000000000
34.000000000000000,115.00000000000000,0.0000000000000000
35.000000000000000,115.00000000000000,0.0000000000000000
36.000000000000000,115.00000000000000,0.0000000000000000
37.000000000000000,115.00000000000000,0.0000000000000000
38.000000000000000,115.00000000000000,0.0000000000000000
39.000000000000000,115.00000000000000,0.0000000000000000
40.000000000000000,115.00000000000000,0.0000000000000000
41.000000000000000,115.00000000000000,0.0000000000000000
42.000000000000000,115.00000000000000,0.0000000000000000
43.000000000000000,115.00000000000000,0.0000000000000000
44.000000000000000,115.00000000000000,0.0000000000000000
45.000000000000000,115.00000000000000,0.0000000000000000
46.000000000000000,115.00000000000000,0.0000000000000000
47.000000000000000,115.00000000000000,0.0000000000000000
48.000000000000000,115.00000000000000,0.0000000000000000
49.000000000000000,115.00000000000000,0.0000000000000000
50.000000000000000,115.00000000000000,0.0000000000000000
51.000000000000000,115.00000000000000,0.0000000000000000
52.000000000000000,115.00000000000000,0.0000000000000000
53.000000000000000,115.00000000000000,0.0000000000000000
54.000000000000000,115.00000000000000,0.0000000000000000
55.000000000000000,115.00000000000000,0.0000000000000000
56.000000000000000,115.00000000000000,0.0000000000000000
57.000000000000000,115.00000000000000,0.0000000000000000
58.000000000000000,115.00000000000000,0.0000000000000000
59.000000000000000,115.00000000000000,0.0000000000000000
60.000000000000000,115.00000000000000,0.0000000000000000
61.000000000000000,115.00000000000000,0.0000000000000000
62.000000000000000,115.00000000000000,0.0000000000000000
63.000000000000000,115.00000000000000,0.0000000000000000
64.000000000000000,115.00000000000000,0.0000000000000000
65.000000000000000,115.00000000000000,0.0000000000000000
66.000000000000000,115.00000000000000,0.0000000000000000
67.000000000000000,115.00000000000000,0.0000000000000000
68.000000000000000,115.00000000000000,0.0000000000000000
69.000000000000000,115.00000000000000,0.0000000000000000
70.000000000000000,115.00000000000000,0.0000000000000000
71.000000000000000,115.00000000000000,0.0000000000000000
72.000000000000000,115.00000000000000,0.0000000000000000
73.000000000000000,115.00000000000000,0.0000000000000000
74.000000000000000,115.00000000000000,0.0000000000000000
75.000000000000000,115.00000000000000,0.0000000000000000
76.000000000000000,115.00000000000000,0.0000000000000000
77.000000000000000,115.00000000000000,0.0000000000000000
78.000000000000000,115.00000000000000,0.0000000000000000
79.000000000000000,115.00000000000000,0.0000000000000000
80.000000000000000,115.00000000000000,0.0000000000000000
81.000000000000000,115.00000000000000,0.0000000000000000
82.000000000000000,115.00000000000000,0.0000000000000000
83.000000000000000,115.00000000000000,0.0000000000000000
84.000000000000000,115.00000000000000,0.0000000000000000
85.000000000000000,115.00000000000000,0.0000000000000000
86.000000000000000,115.00000000000000,0.0000000000000000
87.000000000000000,115.00000000000000,0.0000000000000000
88.000000000000000,115.00000000000000,0.0000000000000000
89.000000000000000,115.00000000000000,0.0000000000000000
90.000000000000000,115.00000000000000,0.0000000000000000
91.000000000000000,115.00000000000000,0.0000000000000000
92.000000000000000,115.00000000000000,0.0000000000000000
93.000000000000000,115.00000000000000,0.0000000000000000
94.000000000000000,115.00000000000000,0.0000000000000000
95.000000000000000,115.00000000000000,0.0000000000000000
96.000000000000000,115.00000000000000,0.0000000000000000
97.000000000000000,115.00000000000000,0.0000000000000000
98.000000000000000,115.00000000000000,0.0000000000000000
99.000000000000000,115.00000000000000,0.0000000000000000
100.00000000000000,115.00000000000000,0.0000000000000000
101.00000000000000,115.00000000000000,0.0000000000000000
102.00000000000000,115.00000000000000,0.0000000000000000
103.00000000000000,115.00000000000000,0.0000000000000000
104.00000000000000,115.00000000000000,0.0000000000000000
105.00000000000000,115.00000000000000,0.0000000000000000
106.00000000000000,115.00000000000000,0.0000000000000000
107.00000000000000,115.00000000000000,0.0000000000000000
108.00000000000000,115.00000000000000,0.0000000000000000
109.00000000000000,115.00000000000000,0.0000000000000000
110.00000000000000,115.00000000000000,0.0000000000000000
111.00000000000000,115.00000000000000,0.0000000000000000
112.00000000000000,115.00000000000000,0.0000000000000000
113.00000000000000,115.00000000000000,0.0000000000000000
1.0000000000000000,116.00000000000000,0.0000000000000000
2.0000000000000000,116.00000000000000,0.0000000000000000
3.0000000000000000,116.00000000000000,0.0000000000000000
4.0000000000000000,116.00000000000000,0.0000000000000000
5.0000000000000000,116.00000000000000,0.0000000000000000
6.0000000000000000,116.00000000000000,0.0000000000000000
7.0000000000000000,116.00000000000000,0.0000000000000000
8.0000000000000000,116.00000000000000,0.0000000000000000
9.0000000000000000,116.00000000000000,0.0000000000000000
10.000000000000000,116.00000000000000,0.0000000000000000
11.000000000000000,116.00000000000000,0.0000000000000000
12.000000000000000,116.00000000000000,0.0000000000000000
13.000000000000000,116.00000000000000,0.0000000000000000
14.000000000000000,116.00000000000000,0.0000000000000000
15.000000000000000,116.00000000000000,0.0000000000000000
16.000000000000000,116.00000000000000,0.0000000000000000
17.000000000000000,116.00000000000000,0.0000000000000000
18.000000000000000,116.00000000000000,0.0000000000000000
19.000000000000000,116.00000000000000,0.0000000000000000
20.000000000000000,116.00000000000000,0.0000000000000000
21.000000000000000,116.00000000000000,0.0000000000000000
22.000000000000000,116.00000000000000,0.0000000000000000
23.000000000000000,116.00000000000000,0.0000000000000000
24.000000000000000,116.00000000000000,0.0000000000000000
25.000000000000000,116.00000000000000,0.0000000000000000
26.000000000000000,116.00000000000000,0.0000000000000000
27.000000000000000,116.00000000000000,0.0000000000000000
28.000000000000000,116.00000000000000,0.0000000000000000
29.000000000000000,116.00000000000000,0.0000000000000000
30.000000000000000,116.00000000000000,0.0000000000000000
31.000000000000000,116.00000000000000,0.0000000000000000
32.000000000000000,116.00000000000000,0.0000000000000000
33.000000000000000,116.00000000000000,0.0000000000000000
34.000000000000000,116.00000000000000,0.0000000000000000
35.000000000000000,116.00000000000000,0.0000000000000000
36.000000000000000,116.00000000000000,0.0000000000000000
37.000000000000000,116.00000000000000,0.0000000000000000
38.000000000000000,116.00000000000000,0.0000000000000000
39.000000000000000,116.00000000000000,0.0000000000000000
40.000000000000000,116.00000000000000,0.0000000000000000
41.000000000000000,116.00000000000000,0.0000000000000000
42.000000000000000,116.00000000000000,0.0000000000000000
43.000000000000000,116.00000000000000,0.0000000000000000
44.000000000000000,116.00000000000000,0.0000000000000000
45.000000000000000,116.00000000000000,0.0000000000000000
46.000000000000000,116.00000000000000,0.0000000000000000
47.000000000000000,116.00000000000000,0.0000000000000000
48.000000000000000,116.00000000000000,0.0000000000000000
49.000000000000000,116.00000000000000,0.0000000000000000
50.000000000000000,116.00000000000000,0.0000000000000000
51.000000000000000,116.00000000000000,0.0000000000000000
52.000000000000000,116.00000000000000,0.0000000000000000
53.000000000000000,116.00000000000000,0.0000000000000000
54.000000000000000,116.00000000000000,0.0000000000000000
55.000000000000000,116.00000000000000,0.0000000000000000
56.000000000000000,116.00000000000000,0.0000000000000000
57.000000000000000,116.00000000000000,0.0000000000000000
58.000000000000000,116.00000000000000,0.0000000000000000
59.000000000000000,116.00000000000000,0.0000000000000000
60.000000000000000,116.00000000000000,0.0000000000000000
61.000000000000000,116.00000000000000,0.0000000000000000
62.000000000000000,116.00000000000000,0.0000000000000000
63.000000000000000,116.00000000000000,0.0000000000000000
64.000000000000000,116.00000000000000,0.0000000000000000
65.000000000000000,116.00000000000000,0.0000000000000000
66.000000000000000,116.00000000000000,0.0000000000000000
67.000000000000000,116.00000000000000,0.0000000000000000
68.000000000000000,116.00000000000000,0.0000000000000000
69.000000000000000,116.00000000000000,97.900001525878906
70.000000000000000,116.00000000000000,97.900001525878906
71.000000000000000,116.00000000000000,97.900001525878906
72.000000000000000,116.00000000000000,0.0000000000000000
73.000000000000000,116.00000000000000,0.0000000000000000
74.000000000000000,116.00000000000000,0.0000000000000000
75.000000000000000,116.00000000000000,0.0000000000000000
76.000000000000000,116.00000000000000,0.0000000000000000
77.000000000000000,116.00000000000000,0.0000000000000000
78.000000000000000,116.00000000000000,0.0000000000000000
79.000000000000000,116.00000000000000,0.0000000000000000
80.000000000000000,116.00000000000000,0.0000000000000000
81.000000000000000,116.00000000000000,97.900001525878906
82.000000000000000,116.00000000000000,97.900001525878906
83.000000000000000,116.00000000000000,97.900001525878906
84.000000000000000,116.00000000000000,0.0000000000000000
85.000000000000000,116.00000000000000,0.0000000000000000
86.000000000000000,116.00000000000000,0.0000000000000000
87.000000000000000,116.00000000000000,0.0000000000000000
88.000000000000000,116.00000000000000,0.0000000000000000
89.000000000000000,116.00000000000000,0.0000000000000000
90.000000000000000,116.00000000000000,0.0000000000000000
91.000000000000000,116.00000000000000,0.0000000000000000
92.000000000000000,116.00000000000000,0.0000000000000000
93.000000000000000,116.00000000000000,0.0000000000000000
94.000000000000000,116.00000000000000,0.0000000000000000
95.000000000000000,116.00000000000000,0.0000000000000000
96.000000000000000,116.00000000000000,0.0000000000000000
97.000000000000000,116.00000000000000,0.0000000000000000
98.000000000000000,116.00000000000000,0.0000000000000000
99.000000000000000,116.00000000000000,0.0000000000000000
100.00000000000000,116.00000000000000,0.0000000000000000
101.00000000000000,116.00000000000000,0.0000000000000000
102.00000000000000,116.00000000000000,0.0000000000000000
103.00000000000000,116.00000000000000,0.0000000000000000
104.00000000000000,116.00000000000000,0.0000000000000000
105.00000000000000,116.00000000000000,0.0000000000000000
106.00000000000000,116.00000000000000,0.0000000000000000
107.00000000000000,116.00000000000000,0.0000000000000000
108.00000000000000,116.00000000000000,0.0000000000000000
109.00000000000000,116.00000000000000,0.0000000000000000
110.00000000000000,116.00000000000000,0.0000000000000000
111.00000000000000,116.00000000000000,0.0000000000000000
112.00000000000000,116.00000000000000,0.0000000000000000
113.00000000000000,116.00000000000000,0.0000000000000000
1.0000000000000000,117.00000000000000,0.0000000000000000
2.0000000000000000,117.00000000000000,0.0000000000000000
3.0000000000000000,117.00000000000000,0.0000000000000000
4.0000000000000000,117.00000000000000,0.0000000000000000
5.0000000000000000,117.00000000000000,0.0000000000000000
6.0000000000000000,117.00000000000000,0.0000000000000000
7.0000000000000000,117.00000000000000,0.0000000000000000
8.0000000000000000,117.00000000000000,0.0000000000000000
9.0000000000000000,117.00000000000000,0.0000000000000000
10.000000000000000,117.00000000000000,0.0000000000000000
11.000000000000000,117.00000000000000,0.0000000000000000
12.000000000000000,117.00000000000000,0.0000000000000000
13.000000000000000,117.00000000000000,0.0000000000000000
14.000000000000000,117.00000000000000,0.0000000000000000
15.000000000000000,117.00000000000000,0.0000000000000000
16.000000000000000,117.00000000000000,0.0000000000000000
17.000000000000000,117.00000000000000,0.0000000000000000
18.000000000000000,117.00000000000000,0.0000000000000000
19.000000000000000,117.00000000000000,0.0000000000000000
20.000000000000000,117.00000000000000,0.0000000000000000
21.000000000000000,117.00000000000000,0.0000000000000000
22.000000000000000,117.00000000000000,0.0000000000000000
23.000000000000000,117.00000000000000,0.0000000000000000
24.000000000000000,117.00000000000000,0.0000000000000000
25.000000000000000,117.00000000000000,0.0000000000000000
26.000000000000000,117.00000000000000,0.0000000000000000
27.000000000000000,117.00000000000000,0.0000000000000000
28.000000000000000,117.00000000000000,0.0000000000000000
29.000000000000000,117.00000000000000,0.0000000000000000
30.000000000000000,117.00000000000000,0.0000000000000000
31.000000000000000,117.00000000000000,0.0000000000000000
32.000000000000000,117.00000000000000,0.0000000000000000
33.000000000000000,117.00000000000000,0.0000000000000000
34.000000000000000,117.00000000000000,0.0000000000000000
35.000000000000000,117.00000000000000,0.0000000000000000
36.000000000000000,117.00000000000000,0.0000000000000000
37.000000000000000,117.00000000000000,0.0000000000000000
38.000000000000000,117.00000000000000,0.0000000000000000
39.000000000000000,117.00000000000000,0.0000000000000000
40.000000000000000,117.00000000000000,0.0000000000000000
41.000000000000000,117.00000000000000,0.0000000000000000
42.000000000000000,117.00000000000000,0.0000000000000000
43.000000000000000,117.00000000000000,0.0000000000000000
44.000000000000000,117.00000000000000,0.0000000000000000
45.000000000000000,117.00000000000000,0.0000000000000000
46.000000000000000,117.00000000000000,0.0000000000000000
47.000000000000000,117.00000000000000,0.0000000000000000
48.000000000000000,117.00000000000000,0.0000000000000000
49.000000000000000,117.00000000000000,0.0000000000000000
50.000000000000000,117.00000000000000,0.0000000000000000
51.000000000000000,117.00000000000000,0.0000000000000000
52.000000000000000,117.00000000000000,0.0000000000000000
53.000000000000000,117.00000000000000,0.0000000000000000
54.000000000000000,117.00000000000000,0.0000000000000000
55.000000000000000,117.00000000000000,0.0000000000000000
56.000000000000000,117.00000000000000,0.0000000000000000
57.000000000000000,117.00000000000000,0.0000000000000000
58.000000000000000,117.00000000000000,0.0000000000000000
59.000000000000000,117.00000000000000,0.0000000000000000
60.000000000000000,117.00000000000000,0.0000000000000000
61.000000000000000,117.00000000000000,0.0000000000000000
62.000000000000000,117.00000000000000,0.0000000000000000
63.000000000000000,117.00000000000000,0.0000000000000000
64.000000000000000,117.00000000000000,0.0000000000000000
65.000000000000000,117.00000000000000,0.0000000000000000
66.000000000000000,117.00000000000000,0.0000000000000000
67.000000000000000,117.00000000000000,0.0000000000000000
68.000000000000000,117.00000000000000,0.0000000000000000
69.000000000000000,117.00000000000000,97.900001525878906
70.000000000000000,117.00000000000000,97.900001525878906
71.000000000000000,117.00000000000000,97.900001525878906
72.000000000000000,117.00000000000000,0.0000000000000000
73.000000000000000,117.00000000000000,0.0000000000000000
74.000000000000000,117.00000000000000,0.0000000000000000
75.000000000000000,117.00000000000000,0.0000000000000000
76.000000000000000,117.00000000000000,0.0000000000000000
77.000000000000000,117.00000000000000,0.0000000000000000
78.000000000000000,117.00000000000000,0.0000000000000000
79.000000000000000,117.00000000000000,0.0000000000000000
80.000000000000000,117.00000000000000,0.0000000000000000
81.000000000000000,117.00000000000000,97.900001525878906
82.000000000000000,117.00000000000000,97.900001525878906
83.000000000000000,117.00000000000000,97.900001525878906
84.000000000000000,117.00000000000000,0.0000000000000000
85.000000000000000,117.00000000000000,0.0000000000000000
86.000000000000000,117.00000000000000,0.0000000000000000
87.000000000000000,117.00000000000000,0.0000000000000000
88.000000000000000,117.00000000000000,0.0000000000000000
89.000000000000000,117.00000000000000,0.0000000000000000
90.000000000000000,117.00000000000000,0.0000000000000000
91.000000000000000,117.00000000000000,0.0000000000000000
92.000000000000000,117.00000000000000,0.0000000000000000
93.000000000000000,117.00000000000000,0.0000000000000000
94.000000000000000,117.00000000000000,0.0000000000000000
95.000000000000000,117.00000000000000,0.0000000000000000
96.000000000000000,117.00000000000000,0.0000000000000000
97.000000000000000,117.00000000000000,0.0000000000000000
98.000000000000000,117.00000000000000,0.0000000000000000
99.000000000000000,117.00000000000000,0.0000000000000000
100.00000000000000,117.00000000000000,0.0000000000000000
101.00000000000000,117.00000000000000,0.0000000000000000
102.00000000000000,117.00000000000000,0.0000000000000000
103.00000000000000,117.00000000000000,0.0000000000000000
104.00000000000000,117.00000000000000,0.0000000000000000
105.00000000000000,117.00000000000000,0.0000000000000000
106.00000000000000,117.00000000000000,0.0000000000000000
107.00000000000000,117.00000000000000,0.0000000000000000
108.00000000000000,117.00000000000000,0.0000000000000000
109.00000000000000,117.00000000000000,0.0000000000000000
110.00000000000000,117.00000000000000,0.0000000000000000
111.00000000000000,117.00000000000000,0.0000000000000000
112.00000000000000,117.00000000000000,0.0000000000000000
113.00000000000000,117.00000000000000,0.0000000000000000
1.0000000000000000,118.00000000000000,0.0000000000000000
2.0000000000000000,118.00000000000000,0.0000000000000000
3.0000000000000000,118.00000000000000,0.0000000000000000
4.0000000000000000,118.00000000000000,0.0000000000000000
5.0000000000000000,118.00000000000000,0.0000000000000000
6.0000000000000000,118.00000000000000,0.0000000000000000
7.0000000000000000,118.00000000000000,0.0000000000000000
8.0000000000000000,118.00000000000000,0.0000000000000000
9.0000000000000000,118.00000000000000,0.0000000000000000
10.000000000000000,118.00000000000000,0.0000000000000000
11.000000000000000,118.00000000000000,0.0000000000000000
12.000000000000000,118.00000000000000,0.0000000000000000
13.000000000000000,118.00000000000000,0.0000000000000000
14.000000000000000,118.00000000000000,0.0000000000000000
15.000000000000000,118.00000000000000,0.0000000000000000
16.000000000000000,118.00000000000000,0.0000000000000000
17.000000000000000,118.00000000000000,0.0000000000000000
18.000000000000000,118.00000000000000,0.0000000000000000
19.000000000000000,118.00000000000000,0.0000000000000000
20.000000000000000,118.00000000000000,0.0000000000000000
21.000000000000000,118.00000000000000,0.0000000000000000
22.000000000000000,118.00000000000000,0.0000000000000000
23.000000000000000,118.00000000000000,0.0000000000000000
24.000000000000000,118.00000000000000,0.0000000000000000
25.000000000000000,118.00000000000000,0.0000000000000000
26.000000000000000,118.00000000000000,0.0000000000000000
27.000000000000000,118.00000000000000,0.0000000000000000
28.000000000000000,118.00000000000000,0.0000000000000000
29.000000000000000,118.00000000000000,0.0000000000000000
30.000000000000000,118.00000000000000,0.0000000000000000
31.000000000000000,118.00000000000000,0.0000000000000000
32.000000000000000,118.00000000000000,0.0000000000000000
33.000000000000000,118.00000000000000,0.0000000000000000
34.000000000000000,118.00000000000000,0.0000000000000000
35.000000000000000,118.00000000000000,0.0000000000000000
36.000000000000000,118.00000000000000,0.0000000000000000
37.000000000000000,118.00000000000000,0.0000000000000000
38.000000000000000,118.00000000000000,0.0000000000000000
39.000000000000000,118.00000000000000,0.0000000000000000
40.000000000000000,118.00000000000000,0.0000000000000000
41.000000000000000,118.00000000000000,0.0000000000000000
42.000000000000000,118.00000000000000,0.0000000000000000
43.000000000000000,118.00000000000000,0.0000000000000000
44.000000000000000,118.00000000000000,0.0000000000000000
45.000000000000000,118.00000000000000,0.0000000000000000
46.000000000000000,118.00000000000000,0.0000000000000000
47.000000000000000,118.00000000000000,0.0000000000000000
48.000000000000000,118.00000000000000,0.0000000000000000
49.000000000000000,118.00000000000000,0.0000000000000000
50.000000000000000,118.00000000000000,0.0000000000000000
51.000000000000000,118.00000000000000,0.0000000000000000
52.000000000000000,118.00000000000000,0.0000000000000000
53.000000000000000,118.00000000000000,0.0000000000000000
54.000000000000000,118.00000000000000,0.0000000000000000
55.000000000000000,118.00000000000000,0.0000000000000000
56.000000000000000,118.00000000000000,0.0000000000000000
57.000000000000000,118.00000000000000,0.0000000000000000
58.000000000000000,118.00000000000000,0.0000000000000000
59.000000000000000,118.00000000000000,0.0000000000000000
60.000000000000000,118.00000000000000,0.0000000000000000
61.000000000000000,118.00000000000000,0.0000000000000000
62.000000000000000,118.00000000000000,0.0000000000000000
63.000000000000000,118.00000000000000,0.0000000000000000
64.000000000000000,118.00000000000000,0.0000000000000000
65.000000000000000,118.00000000000000,0.0000000000000000
66.000000000000000,118.00000000000000,0.0000000000000000
67.000000000000000,118.00000000000000,0.0000000000000000
68.000000000000000,118.00000000000000,0.0000000000000000
69.000000000000000,118.00000000000000,97.900001525878906
70.000000000000000,118.00000000000000,97.900001525878906
71.000000000000000,118.00000000000000,0.0000000000000000
72.000000000000000,118.00000000000000,0.0000000000000000
73.000000000000000,118.00000000000000,0.0000000000000000
74.000000000000000,118.00000000000000,0.0000000000000000
75.000000000000000,118.00000000000000,0.0000000000000000
76.000000000000000,118.00000000000000,0.0000000000000000
77.000000000000000,118.00000000000000,0.0000000000000000
78.000000000000000,118.00000000000000,0.0000000000000000
79.000000000000000,118.00000000000000,0.0000000000000000
80.000000000000000,118.00000000000000,0.0000000000000000
81.000000000000000,118.00000000000000,97.900001525878906
82.000000000000000,118.00000000000000,0.0000000000000000
83.000000000000000,118.00000000000000,0.0000000000000000
84.000000000000000,118.00000000000000,0.0000000000000000
85.000000000000000,118.00000000000000,0.0000000000000000
86.000000000000000,118.00000000000000,0.0000000000000000
87.000000000000000,118.00000000000000,0.0000000000000000
88.000000000000000,118.00000000000000,0.0000000000000000
89.000000000000000,118.00000000000000,0.0000000000000000
90.000000000000000,118.00000000000000,0.0000000000000000
91.000000000000000,118.00000000000000,0.0000000000000000
92.000000000000000,118.00000000000000,0.0000000000000000
93.000000000000000,118.00000000000000,0.0000000000000000
94.000000000000000,118.00000000000000,0.0000000000000000
95.000000000000000,118.00000000000000,0.0000000000000000
96.000000000000000,118.00000000000000,0.0000000000000000
97.000000000000000,118.00000000000000,0.0000000000000000
98.000000000000000,118.00000000000000,0.0000000000000000
99.000000000000000,118.00000000000000,0.0000000000000000
100.00000000000000,118.00000000000000,0.0000000000000000
101.00000000000000,118.00000000000000,0.0000000000000000
102.00000000000000,118.00000000000000,0.0000000000000000
103.00000000000000,118.00000000000000,0.0000000000000000
104.00000000000000,118.00000000000000,0.0000000000000000
105.00000000000000,118.00000000000000,0.0000000000000000
106.00000000000000,118.00000000000000,0.0000000000000000
107.00000000000000,118.00000000000000,0.0000000000000000
108.00000000000000,118.00000000000000,0.0000000000000000
109.00000000000000,118.00000000000000,0.0000000000000000
110.00000000000000,118.00000000000000,0.0000000000000000
111.00000000000000,118.00000000000000,0.0000000000000000
112.00000000000000,118.00000000000000,0.0000000000000000
113.00000000000000,118.00000000000000,0.0000000000000000
1.0000000000000000,119.00000000000000,0.0000000000000000
2.0000000000000000,119.00000000000000,0.0000000000000000
3.0000000000000000,119.00000000000000,0.0000000000000000
4.0000000000000000,119.00000000000000,0.0000000000000000
5.0000000000000000,119.00000000000000,0.0000000000000000
6.0000000000000000,119.00000000000000,0.0000000000000000
7.0000000000000000,119.00000000000000,0.0000000000000000
8.0000000000000000,119.00000000000000,0.0000000000000000
9.0000000000000000,119.00000000000000,0.0000000000000000
10.000000000000000,119.00000000000000,0.0000000000000000
11.000000000000000,119.00000000000000,0.0000000000000000
12.000000000000000,119.00000000000000,0.0000000000000000
13.000000000000000,119.00000000000000,0.0000000000000000
14.000000000000000,119.00000000000000,0.0000000000000000
15.000000000000000,119.00000000000000,0.0000000000000000
16.000000000000000,119.00000000000000,0.0000000000000000
17.000000000000000,119.00000000000000,0.0000000000000000
18.000000000000000,119.00000000000000,0.0000000000000000
19.000000000000000,119.00000000000000,0.0000000000000000
20.000000000000000,119.00000000000000,0.0000000000000000
21.000000000000000,119.00000000000000,0.0000000000000000
22.000000000000000,119.00000000000000,0.0000000000000000
23.000000000000000,119.00000000000000,0.0000000000000000
24.000000000000000,119.00000000000000,0.0000000000000000
25.000000000000000,119.00000000000000,0.0000000000000000
26.000000000000000,119.00000000000000,0.0000000000000000
27.000000000000000,119.00000000000000,0.0000000000000000
28.000000000000000,119.00000000000000,0.0000000000000000
29.000000000000000,119.00000000000000,0.0000000000000000
30.000000000000000,119.00000000000000,0.0000000000000000
31.000000000000000,119.00000000000000,0.0000000000000000
32.000000000000000,119.00000000000000,0.0000000000000000
33.000000000000000,119.00000000000000,0.0000000000000000
34.000000000000000,119.00000000000000,0.0000000000000000
35.000000000000000,119.00000000000000,0.0000000000000000
36.000000000000000,119.00000000000000,0.0000000000000000
37.000000000000000,119.00000000000000,0.0000000000000000
38.000000000000000,119.00000000000000,0.0000000000000000
39.000000000000000,119.00000000000000,0.0000000000000000
40.000000000000000,119.00000000000000,0.0000000000000000
41.000000000000000,119.00000000000000,97.900001525878906
42.000000000000000,119.00000000000000,0.0000000000000000
43.000000000000000,119.00000000000000,0.0000000000000000
44.000000000000000,119.00000000000000,0.0000000000000000
45.000000000000000,119.00000000000000,97.900001525878906
46.000000000000000,119.00000000000000,97.900001525878906
47.000000000000000,119.00000000000000,97.900001525878906
48.000000000000000,119.00000000000000,97.900001525878906
49.000000000000000,119.00000000000000,97.900001525878906
50.000000000000000,119.00000000000000,97.900001525878906
51.000000000000000,119.00000000000000,97.900001525878906
52.000000000000000,119.00000000000000,97.900001525878906
53.000000000000000,119.00000000000000,97.900001525878906
54.000000000000000,119.00000000000000,97.900001525878906
55.000000000000000,119.00000000000000,97.900001525878906
56.000000000000000,119.00000000000000,97.900001525878906
57.000000000000000,119.00000000000000,0.0000000000000000
58.000000000000000,119.00000000000000,0.0000000000000000
59.000000000000000,119.00000000000000,0.0000000000000000
60.000000000000000,119.00000000000000,0.0000000000000000
61.000000000000000,119.00000000000000,0.0000000000000000
62.000000000000000,119.00000000000000,0.0000000000000000
63.000000000000000,119.00000000000000,0.0000000000000000
64.000000000000000,119.00000000000000,0.0000000000000000
65.000000000000000,119.00000000000000,0.0000000000000000
66.000000000000000,119.00000000000000,97.900001525878906
67.000000000000000,119.00000000000000,97.900001525878906
68.000000000000000,119.00000000000000,97.900001525878906
69.000000000000000,119.00000000000000,97.900001525878906
70.000000000000000,119.00000000000000,0.0000000000000000
71.000000000000000,119.00000000000000,0.0000000000000000
72.000000000000000,119.00000000000000,0.0000000000000000
73.000000000000000,119.00000000000000,0.0000000000000000
74.000000000000000,119.00000000000000,97.900001525878906
75.000000000000000,119.00000000000000,0.0000000000000000
76.000000000000000,119.00000000000000,0.0000000000000000
77.000000000000000,119.00000000000000,0.0000000000000000
78.000000000000000,119.00000000000000,97.900001525878906
79.000000000000000,119.00000000000000,97.900001525878906
80.000000000000000,119.00000000000000,97.900001525878906
81.000000000000000,119.00000000000000,0.0000000000000000
82.000000000000000,119.00000000000000,0.0000000000000000
83.000000000000000,119.00000000000000,0.0000000000000000
84.000000000000000,119.00000000000000,0.0000000000000000
85.000000000000000,119.00000000000000,0.0000000000000000
86.000000000000000,119.00000000000000,0.0000000000000000
87.000000000000000,119.00000000000000,0.0000000000000000
88.000000000000000,119.00000000000000,0.0000000000000000
89.000000000000000,119.00000000000000,0.0000000000000000
90.000000000000000,119.00000000000000,0.0000000000000000
91.000000000000000,119.00000000000000,0.0000000000000000
92.000000000000000,119.00000000000000,0.0000000000000000
93.000000000000000,119.00000000000000,0.0000000000000000
94.000000000000000,119.00000000000000,0.0000000000000000
95.000000000000000,119.00000000000000,0.0000000000000000
96.000000000000000,119.00000000000000,0.0000000000000000
97.000000000000000,119.00000000000000,0.0000000000000000
98.000000000000000,119.00000000000000,0.0000000000000000
99.000000000000000,119.00000000000000,0.0000000000000000
100.00000000000000,119.00000000000000,0.0000000000000000
101.00000000000000,119.00000000000000,0.0000000000000000
102.00000000000000,119.00000000000000,0.0000000000000000
103.00000000000000,119.00000000000000,0.0000000000000000
104.00000000000000,119.00000000000000,0.0000000000000000
105.00000000000000,119.00000000000000,0.0000000000000000
106.00000000000000,119.00000000000000,0.0000000000000000
107.00000000000000,119.00000000000000,0.0000000000000000
108.00000000000000,119.00000000000000,0.0000000000000000
109.00000000000000,119.00000000000000,0.0000000000000000
110.00000000000000,119.00000000000000,0.0000000000000000
111.00000000000000,119.00000000000000,0.0000000000000000
112.00000000000000,119.00000000000000,0.0000000000000000
113.00000000000000,119.00000000000000,0.0000000000000000
1.0000000000000000,120.00000000000000,0.0000000000000000
2.0000000000000000,120.00000000000000,0.0000000000000000
3.0000000000000000,120.00000000000000,0.0000000000000000
4.0000000000000000,120.00000000000000,0.0000000000000000
5.0000000000000000,120.00000000000000,0.0000000000000000
6.0000000000000000,120.00000000000000,0.0000000000000000
7.0000000000000000,120.00000000000000,0.0000000000000000
8.0000000000000000,120.00000000000000,0.0000000000000000
9.0000000000000000,120.00000000000000,0.0000000000000000
10.000000000000000,120.00000000000000,0.0000000000000000
11.000000000000000,120.00000000000000,0.0000000000000000
12.000000000000000,120.00000000000000,0.0000000000000000
13.000000000000000,120.00000000000000,0.0000000000000000
14.000000000000000,120.00000000000000,0.0000000000000000
15.000000000000000,120.00000000000000,0.0000000000000000
16.000000000000000,120.00000000000000,0.0000000000000000
17.000000000000000,120.00000000000000,0.0000000000000000
18.000000000000000,120.00000000000000,0.0000000000000000
19.000000000000000,120.00000000000000,0.0000000000000000
20.000000000000000,120.00000000000000,0.0000000000000000
21.000000000000000,120.00000000000000,0.0000000000000000
22.000000000000000,120.00000000000000,0.0000000000000000
23.000000000000000,120.00000000000000,0.0000000000000000
24.000000000000000,120.00000000000000,0.0000000000000000
25.000000000000000,120.00000000000000,0.0000000000000000
26.000000000000000,120.00000000000000,0.0000000000000000
27.000000000000000,120.00000000000000,0.0000000000000000
28.000000000000000,120.00000000000000,0.0000000000000000
29.000000000000000,120.00000000000000,0.0000000000000000
30.000000000000000,120.00000000000000,0.0000000000000000
31.000000000000000,120.00000000000000,0.0000000000000000
32.000000000000000,120.00000000000000,0.0000000000000000
33.000000000000000,120.00000000000000,0.0000000000000000
34.000000000000000,120.00000000000000,0.0000000000000000
35.000000000000000,120.00000000000000,0.0000000000000000
36.000000000000000,120.00000000000000,0.0000000000000000
37.000000000000000,120.00000000000000,0.0000000000000000
38.000000000000000,120.00000000000000,0.0000000000000000
39.000000000000000,120.00000000000000,0.0000000000000000
40.000000000000000,120.00000000000000,0.0000000000000000
41.000000000000000,120.00000000000000,0.0000000000000000
42.000000000000000,120.00000000000000,0.0000000000000000
43.000000000000000,120.00000000000000,0.0000000000000000
44.000000000000000,120.00000000000000,0.0000000000000000
45.000000000000000,120.00000000000000,97.900001525878906
46.000000000000000,120.00000000000000,97.900001525878906
47.000000000000000,120.00000000000000,97.900001525878906
48.000000000000000,120.00000000000000,97.900001525878906
49.000000000000000,120.00000000000000,97.900001525878906
50.000000000000000,120.00000000000000,97.900001525878906
51.000000000000000,120.00000000000000,97.900001525878906
52.000000000000000,120.00000000000000,97.900001525878906
53.000000000000000,120.00000000000000,97.900001525878906
54.000000000000000,120.00000000000000,0.0000000000000000
55.000000000000000,120.00000000000000,0.0000000000000000
56.000000000000000,120.00000000000000,0.0000000000000000
57.000000000000000,120.00000000000000,0.0000000000000000
58.000000000000000,120.00000000000000,0.0000000000000000
59.000000000000000,120.00000000000000,0.0000000000000000
60.000000000000000,120.00000000000000,0.0000000000000000
61.000000000000000,120.00000000000000,0.0000000000000000
62.000000000000000,120.00000000000000,0.0000000000000000
63.000000000000000,120.00000000000000,0.0000000000000000
64.000000000000000,120.00000000000000,0.0000000000000000
65.000000000000000,120.00000000000000,0.0000000000000000
66.000000000000000,120.00000000000000,97.900001525878906
67.000000000000000,120.00000000000000,97.900001525878906
68.000000000000000,120.00000000000000,97.900001525878906
69.000000000000000,120.00000000000000,0.0000000000000000
70.000000000000000,120.00000000000000,0.0000000000000000
71.000000000000000,120.00000000000000,0.0000000000000000
72.000000000000000,120.00000000000000,0.0000000000000000
73.000000000000000,120.00000000000000,0.0000000000000000
74.000000000000000,120.00000000000000,0.0000000000000000
75.000000000000000,120.00000000000000,0.0000000000000000
76.000000000000000,120.00000000000000,0.0000000000000000
77.000000000000000,120.00000000000000,0.0000000000000000
78.000000000000000,120.00000000000000,97.900001525878906
79.000000000000000,120.00000000000000,97.900001525878906
80.000000000000000,120.00000000000000,0.0000000000000000
81.000000000000000,120.00000000000000,0.0000000000000000
82.000000000000000,120.00000000000000,0.0000000000000000
83.000000000000000,120.00000000000000,0.0000000000000000
84.000000000000000,120.00000000000000,0.0000000000000000
85.000000000000000,120.00000000000000,0.0000000000000000
86.000000000000000,120.00000000000000,0.0000000000000000
87.000000000000000,120.00000000000000,0.0000000000000000
88.000000000000000,120.00000000000000,0.0000000000000000
89.000000000000000,120.00000000000000,0.0000000000000000
90.000000000000000,120.00000000000000,0.0000000000000000
91.000000000000000,120.00000000000000,0.0000000000000000
92.000000000000000,120.00000000000000,0.0000000000000000
93.000000000000000,120.00000000000000,0.0000000000000000
94.000000000000000,120.00000000000000,0.0000000000000000
95.000000000000000,120.00000000000000,0.0000000000000000
96.000000000000000,120.00000000000000,0.0000000000000000
97.000000000000000,120.00000000000000,0.0000000000000000
98.000000000000000,120.00000000000000,0.0000000000000000
99.000000000000000,120.00000000000000,0.0000000000000000
100.00000000000000,120.00000000000000,0.0000000000000000
101.00000000000000,120.00000000000000,0.0000000000000000
102.00000000000000,120.00000000000000,0.0000000000000000
103.00000000000000,120.00000000000000,0.0000000000000000
104.00000000000000,120.00000000000000,0.0000000000000000
105.00000000000000,120.00000000000000,0.0000000000000000
106.00000000000000,120.00000000000000,0.0000000000000000
107.00000000000000,120.00000000000000,0.0000000000000000
108.00000000000000,120.00000000000000,0.0000000000000000
109.00000000000000,120.00000000000000,0.0000000000000000
110.00000000000000,120.00000000000000,0.0000000000000000
111.00000000000000,120.00000000000000,0.0000000000000000
112.00000000000000,120.00000000000000,0.0000000000000000
113.00000000000000,120.00000000000000,0.0000000000000000
1.0000000000000000,121.00000000000000,0.0000000000000000
2.0000000000000000,121.00000000000000,0.0000000000000000
3.0000000000000000,121.00000000000000,0.0000000000000000
4.0000000000000000,121.00000000000000,0.0000000000000000
5.0000000000000000,121.00000000000000,0.0000000000000000
6.0000000000000000,121.00000000000000,0.0000000000000000
7.0000000000000000,121.00000000000000,0.0000000000000000
8.0000000000000000,121.00000000000000,0.0000000000000000
9.0000000000000000,121.00000000000000,0.0000000000000000
10.000000000000000,121.00000000000000,0.0000000000000000
11.000000000000000,121.00000000000000,0.0000000000000000
12.000000000000000,121.00000000000000,0.0000000000000000
13.000000000000000,121.00000000000000,0.0000000000000000
14.000000000000000,121.00000000000000,0.0000000000000000
15.000000000000000,121.00000000000000,0.0000000000000000
16.000000000000000,121.00000000000000,0.0000000000000000
17.000000000000000,121.00000000000000,0.0000000000000000
18.000000000000000,121.00000000000000,0.0000000000000000
19.000000000000000,121.00000000000000,0.0000000000000000
20.000000000000000,121.00000000000000,0.0000000000000000
21.000000000000000,121.00000000000000,0.0000000000000000
22.000000000000000,121.00000000000000,0.0000000000000000
23.000000000000000,121.00000000000000,0.0000000000000000
24.000000000000000,121.00000000000000,0.0000000000000000
25.000000000000000,121.00000000000000,0.0000000000000000
26.000000000000000,121.00000000000000,0.0000000000000000
27.000000000000000,121.00000000000000,0.0000000000000000
28.000000000000000,121.00000000000000,0.0000000000000000
29.000000000000000,121.00000000000000,0.0000000000000000
30.000000000000000,121.00000000000000,0.0000000000000000
31.000000000000000,121.00000000000000,0.0000000000000000
32.000000000000000,121.00000000000000,0.0000000000000000
33.000000000000000,121.00000000000000,0.0000000000000000
34.000000000000000,121.00000000000000,0.0000000000000000
35.000000000000000,121.00000000000000,0.0000000000000000
36.000000000000000,121.00000000000000,0.0000000000000000
37.000000000000000,121.00000000000000,0.0000000000000000
38.000000000000000,121.00000000000000,0.0000000000000000
39.000000000000000,121.00000000000000,0.0000000000000000
40.000000000000000,121.00000000000000,0.0000000000000000
41.000000000000000,121.00000000000000,0.0000000000000000
42.000000000000000,121.00000000000000,0.0000000000000000
43.000000000000000,121.00000000000000,0.0000000000000000
44.000000000000000,121.00000000000000,0.0000000000000000
45.000000000000000,121.00000000000000,97.900001525878906
46.000000000000000,121.00000000000000,97.900001525878906
47.000000000000000,121.00000000000000,0.0000000000000000
48.000000000000000,121.00000000000000,0.0000000000000000
49.000000000000000,121.00000000000000,0.0000000000000000
50.000000000000000,121.00000000000000,0.0000000000000000
51.000000000000000,121.00000000000000,0.0000000000000000
52.000000000000000,121.00000000000000,0.0000000000000000
53.000000000000000,121.00000000000000,0.0000000000000000
54.000000000000000,121.00000000000000,0.0000000000000000
55.000000000000000,121.00000000000000,0.0000000000000000
56.000000000000000,121.00000000000000,0.0000000000000000
57.000000000000000,121.00000000000000,0.0000000000000000
58.000000000000000,121.00000000000000,0.0000000000000000
59.000000000000000,121.00000000000000,0.0000000000000000
60.000000000000000,121.00000000000000,0.0000000000000000
61.000000000000000,121.00000000000000,0.0000000000000000
62.000000000000000,121.00000000000000,0.0000000000000000
63.000000000000000,121.00000000000000,0.0000000000000000
64.000000000000000,121.00000000000000,0.0000000000000000
65.000000000000000,121.00000000000000,0.0000000000000000
66.000000000000000,121.00000000000000,97.900001525878906
67.000000000000000,121.00000000000000,0.0000000000000000
68.000000000000000,121.00000000000000,0.0000000000000000
69.000000000000000,121.00000000000000,0.0000000000000000
70.000000000000000,121.00000000000000,0.0000000000000000
71.000000000000000,121.00000000000000,0.0000000000000000
72.000000000000000,121.00000000000000,0.0000000000000000
73.000000000000000,121.00000000000000,0.0000000000000000
74.000000000000000,121.00000000000000,0.0000000000000000
75.000000000000000,121.00000000000000,0.0000000000000000
76.000000000000000,121.00000000000000,0.0000000000000000
77.000000000000000,121.00000000000000,0.0000000000000000
78.000000000000000,121.00000000000000,97.900001525878906
79.000000000000000,121.00000000000000,0.0000000000000000
80.000000000000000,121.00000000000000,0.0000000000000000
81.000000000000000,121.00000000000000,0.0000000000000000
82.000000000000000,121.00000000000000,0.0000000000000000
83.000000000000000,121.00000000000000,0.0000000000000000
84.000000000000000,121.00000000000000,0.0000000000000000
85.000000000000000,121.00000000000000,0.0000000000000000
86.000000000000000,121.00000000000000,0.0000000000000000
87.000000000000000,121.00000000000000,0.0000000000000000
88.000000000000000,121.00000000000000,0.0000000000000000
89.000000000000000,121.00000000000000,0.0000000000000000
90.000000000000000,121.00000000000000,0.0000000000000000
91.000000000000000,121.00000000000000,0.0000000000000000
92.000000000000000,121.00000000000000,0.0000000000000000
93.000000000000000,121.00000000000000,0.0000000000000000
94.000000000000000,121.00000000000000,0.0000000000000000
95.000000000000000,121.00000000000000,0.0000000000000000
96.000000000000000,121.00000000000000,0.0000000000000000
97.000000000000000,121.00000000000000,0.0000000000000000
98.000000000000000,121.00000000000000,0.0000000000000000
99.000000000000000,121.00000000000000,0.0000000000000000
100.00000000000000,121.00000000000000,0.0000000000000000
101.00000000000000,121.00000000000000,0.0000000000000000
102.00000000000000,121.00000000000000,0.0000000000000000
103.00000000000000,121.00000000000000,0.0000000000000000
104.00000000000000,121.00000000000000,0.0000000000000000
105.00000000000000,121.00000000000000,0.0000000000000000
106.00000000000000,121.00000000000000,0.0000000000000000
107.00000000000000,121.00000000000000,0.0000000000000000
108.00000000000000,121.00000000000000,0.0000000000000000
109.00000000000000,121.00000000000000,0.0000000000000000
110.00000000000000,121.00000000000000,0.0000000000000000
111.00000000000000,121.00000000000000,0.0000000000000000
112.00000000000000,121.00000000000000,0.0000000000000000
113.00000000000000,121.00000000000000,0.0000000000000000
1.0000000000000000,122.00000000000000,0.0000000000000000
2.0000000000000000,122.00000000000000,0.0000000000000000
3.0000000000000000,122.00000000000000,0.0000000000000000
4.0000000000000000,122.00000000000000,0.0000000000000000
5.0000000000000000,122.00000000000000,0.0000000000000000
6.0000000000000000,122.00000000000000,0.0000000000000000
7.0000000000000000,122.00000000000000,0.0000000000000000
8.0000000000000000,122.00000000000000,0.0000000000000000
9.0000000000000000,122.00000000000000,0.0000000000000000
10.000000000000000,122.00000000000000,0.0000000000000000
11.000000000000000,122.00000000000000,0.0000000000000000
12.000000000000000,122.00000000000000,0.0000000000000000
13.000000000000000,122.00000000000000,0.0000000000000000
14.000000000000000,122.00000000000000,0.0000000000000000
15.000000000000000,122.00000000000000,0.0000000000000000
16.000000000000000,122.00000000000000,0.0000000000000000
17.000000000000000,122.00000000000000,0.0000000000000000
18.000000000000000,122.00000000000000,0.0000000000000000
19.000000000000000,122.00000000000000,0.0000000000000000
20.000000000000000,122.00000000000000,0.0000000000000000
21.000000000000000,122.00000000000000,0.0000000000000000
22.000000000000000,122.00000000000000,0.0000000000000000
23.000000000000000,122.00000000000000,0.0000000000000000
24.000000000000000,122.00000000000000,0.0000000000000000
25.000000000000000,122.00000000000000,0.0000000000000000
26.000000000000000,122.00000000000000,0.0000000000000000
27.000000000000000,122.00000000000000,0.0000000000000000
28.000000000000000,122.00000000000000,0.0000000000000000
29.000000000000000,122.00000000000000,0.0000000000000000
30.000000000000000,122.00000000000000,0.0000000000000000
31.000000000000000,122.00000000000000,0.0000000000000000
32.000000000000000,122.00000000000000,0.0000000000000000
33.000000000000000,122.00000000000000,0.0000000000000000
34.000000000000000,122.00000000000000,0.0000000000000000
35.000000000000000,122.00000000000000,0.0000000000000000
36.000000000000000,122.00000000000000,0.0000000000000000
37.000000000000000,122.00000000000000,0.0000000000000000
38.000000000000000,122.00000000000000,0.0000000000000000
39.000000000000000,122.00000000000000,0.0000000000000000
40.000000000000000,122.00000000000000,0.0000000000000000
41.000000000000000,122.00000000000000,0.0000000000000000
42.000000000000000,122.00000000000000,0.0000000000000000
43.000000000000000,122.00000000000000,0.0000000000000000
44.000000000000000,122.00000000000000,0.0000000000000000
45.000000000000000,122.00000000000000,0.0000000000000000
46.000000000000000,122.00000000000000,0.0000000000000000
47.000000000000000,122.00000000000000,0.0000000000000000
48.000000000000000,122.00000000000000,0.0000000000000000
49.000000000000000,122.00000000000000,0.0000000000000000
50.000000000000000,122.00000000000000,0.0000000000000000
51.000000000000000,122.00000000000000,0.0000000000000000
52.000000000000000,122.00000000000000,0.0000000000000000
53.000000000000000,122.00000000000000,0.0000000000000000
54.000000000000000,122.00000000000000,0.0000000000000000
55.000000000000000,122.00000000000000,0.0000000000000000
56.000000000000000,122.00000000000000,0.0000000000000000
57.000000000000000,122.00000000000000,0.0000000000000000
58.000000000000000,122.00000000000000,0.0000000000000000
59.000000000000000,122.00000000000000,97.900001525878906
60.000000000000000,122.00000000000000,97.900001525878906
61.000000000000000,122.00000000000000,97.900001525878906
62.000000000000000,122.00000000000000,97.900001525878906
63.000000000000000,122.00000000000000,97.900001525878906
64.000000000000000,122.00000000000000,0.0000000000000000
65.000000000000000,122.00000000000000,0.0000000000000000
66.000000000000000,122.00000000000000,0.0000000000000000
67.000000000000000,122.00000000000000,0.0000000000000000
68.000000000000000,122.00000000000000,0.0000000000000000
69.000000000000000,122.00000000000000,0.0000000000000000
70.000000000000000,122.00000000000000,0.0000000000000000
71.000000000000000,122.00000000000000,0.0000000000000000
72.000000000000000,122.00000000000000,0.0000000000000000
73.000000000000000,122.00000000000000,0.0000000000000000
74.000000000000000,122.00000000000000,0.0000000000000000
75.000000000000000,122.00000000000000,0.0000000000000000
76.000000000000000,122.00000000000000,97.900001525878906
77.000000000000000,122.00000000000000,97.900001525878906
78.000000000000000,122.00000000000000,0.0000000000000000
79.000000000000000,122.00000000000000,0.0000000000000000
80.000000000000000,122.00000000000000,0.0000000000000000
81.000000000000000,122.00000000000000,0.0000000000000000
82.000000000000000,122.00000000000000,0.0000000000000000
83.000000000000000,122.00000000000000,0.0000000000000000
84.000000000000000,122.00000000000000,0.0000000000000000
85.000000000000000,122.00000000000000,0.0000000000000000
86.000000000000000,122.00000000000000,0.0000000000000000
87.000000000000000,122.00000000000000,0.0000000000000000
88.000000000000000,122.00000000000000,0.0000000000000000
89.000000000000000,122.00000000000000,0.0000000000000000
90.000000000000000,122.00000000000000,0.0000000000000000
91.000000000000000,122.00000000000000,0.0000000000000000
92.000000000000000,122.00000000000000,0.0000000000000000
93.000000000000000,122.00000000000000,0.0000000000000000
94.000000000000000,122.00000000000000,0.0000000000000000
95.000000000000000,122.00000000000000,0.0000000000000000
96.000000000000000,122.00000000000000,0.0000000000000000
97.000000000000000,122.00000000000000,0.0000000000000000
98.000000000000000,122.00000000000000,0.0000000000000000
99.000000000000000,122.00000000000000,0.0000000000000000
100.00000000000000,122.00000000000000,0.0000000000000000
101.00000000000000,122.00000000000000,0.0000000000000000
102.00000000000000,122.00000000000000,0.0000000000000000
103.00000000000000,122.00000000000000,0.0000000000000000
104.00000000000000,122.00000000000000,0.0000000000000000
105.00000000000000,122.00000000000000,0.0000000000000000
106.00000000000000,122.00000000000000,0.0000000000000000
107.00000000000000,122.00000000000000,0.0000000000000000
108.00000000000000,122.00000000000000,0.0000000000000000
109.00000000000000,122.00000000000000,0.0000000000000000
110.00000000000000,122.00000000000000,0.0000000000000000
111.00000000000000,122.00000000000000,0.0000000000000000
112.00000000000000,122.00000000000000,0.0000000000000000
113.00000000000000,122.00000000000000,0.0000000000000000
1.0000000000000000,123.00000000000000,0.0000000000000000
2.0000000000000000,123.00000000000000,0.0000000000000000
3.0000000000000000,123.00000000000000,0.0000000000000000
4.0000000000000000,123.00000000000000,0.0000000000000000
5.0000000000000000,123.00000000000000,0.0000000000000000
6.0000000000000000,123.00000000000000,0.0000000000000000
7.0000000000000000,123.00000000000000,0.0000000000000000
8.0000000000000000,123.00000000000000,0.0000000000000000
9.0000000000000000,123.00000000000000,0.0000000000000000
10.000000000000000,123.00000000000000,0.0000000000000000
11.000000000000000,123.00000000000000,0.0000000000000000
12.000000000000000,123.00000000000000,0.0000000000000000
13.000000000000000,123.00000000000000,0.0000000000000000
14.000000000000000,123.00000000000000,0.0000000000000000
15.000000000000000,123.00000000000000,0.0000000000000000
16.000000000000000,123.00000000000000,0.0000000000000000
17.000000000000000,123.00000000000000,0.0000000000000000
18.000000000000000,123.00000000000000,0.0000000000000000
19.000000000000000,123.00000000000000,0.0000000000000000
20.000000000000000,123.00000000000000,0.0000000000000000
21.000000000000000,123.00000000000000,0.0000000000000000
22.000000000000000,123.00000000000000,0.0000000000000000
23.000000000000000,123.00000000000000,0.0000000000000000
24.000000000000000,123.00000000000000,0.0000000000000000
25.000000000000000,123.00000000000000,0.0000000000000000
26.000000000000000,123.00000000000000,0.0000000000000000
27.000000000000000,123.00000000000000,0.0000000000000000
28.000000000000000,123.00000000000000,0.0000000000000000
29.000000000000000,123.00000000000000,0.0000000000000000
30.000000000000000,123.00000000000000,0.0000000000000000
31.000000000000000,123.00000000000000,0.0000000000000000
32.000000000000000,123.00000000000000,0.0000000000000000
33.000000000000000,123.00000000000000,0.0000000000000000
34.000000000000000,123.00000000000000,0.0000000000000000
35.000000000000000,123.00000000000000,0.0000000000000000
36.000000000000000,123.00000000000000,0.0000000000000000
37.000000000000000,123.00000000000000,0.0000000000000000
38.000000000000000,123.00000000000000,0.0000000000000000
39.000000000000000,123.00000000000000,0.0000000000000000
40.000000000000000,123.00000000000000,0.0000000000000000
41.000000000000000,123.00000000000000,0.0000000000000000
42.000000000000000,123.00000000000000,0.0000000000000000
43.000000000000000,123.00000000000000,0.0000000000000000
44.000000000000000,123.00000000000000,0.0000000000000000
45.000000000000000,123.00000000000000,0.0000000000000000
46.000000000000000,123.00000000000000,0.0000000000000000
47.000000000000000,123.00000000000000,0.0000000000000000
48.000000000000000,123.00000000000000,0.0000000000000000
49.000000000000000,123.00000000000000,0.0000000000000000
50.000000000000000,123.00000000000000,0.0000000000000000
51.000000000000000,123.00000000000000,0.0000000000000000
52.000000000000000,123.00000000000000,0.0000000000000000
53.000000000000000,123.00000000000000,0.0000000000000000
54.000000000000000,123.00000000000000,0.0000000000000000
55.000000000000000,123.00000000000000,0.0000000000000000
56.000000000000000,123.00000000000000,0.0000000000000000
57.000000000000000,123.00000000000000,0.0000000000000000
58.000000000000000,123.00000000000000,0.0000000000000000
59.000000000000000,123.00000000000000,0.0000000000000000
60.000000000000000,123.00000000000000,97.900001525878906
61.000000000000000,123.00000000000000,97.900001525878906
62.000000000000000,123.00000000000000,0.0000000000000000
63.000000000000000,123.00000000000000,0.0000000000000000
64.000000000000000,123.00000000000000,0.0000000000000000
65.000000000000000,123.00000000000000,0.0000000000000000
66.000000000000000,123.00000000000000,0.0000000000000000
67.000000000000000,123.00000000000000,0.0000000000000000
68.000000000000000,123.00000000000000,0.0000000000000000
69.000000000000000,123.00000000000000,0.0000000000000000
70.000000000000000,123.00000000000000,0.0000000000000000
71.000000000000000,123.00000000000000,0.0000000000000000
72.000000000000000,123.00000000000000,0.0000000000000000
73.000000000000000,123.00000000000000,0.0000000000000000
74.000000000000000,123.00000000000000,0.0000000000000000
75.000000000000000,123.00000000000000,0.0000000000000000
76.000000000000000,123.00000000000000,0.0000000000000000
77.000000000000000,123.00000000000000,0.0000000000000000
78.000000000000000,123.00000000000000,0.0000000000000000
79.000000000000000,123.00000000000000,0.0000000000000000
80.000000000000000,123.00000000000000,0.0000000000000000
81.000000000000000,123.00000000000000,0.0000000000000000
82.000000000000000,123.00000000000000,0.0000000000000000
83.000000000000000,123.00000000000000,0.0000000000000000
84.000000000000000,123.00000000000000,0.0000000000000000
85.000000000000000,123.00000000000000,0.0000000000000000
86.000000000000000,123.00000000000000,0.0000000000000000
87.000000000000000,123.00000000000000,0.0000000000000000
88.000000000000000,123.00000000000000,0.0000000000000000
89.000000000000000,123.00000000000000,0.0000000000000000
90.000000000000000,123.00000000000000,0.0000000000000000
91.000000000000000,123.00000000000000,0.0000000000000000
92.000000000000000,123.00000000000000,0.0000000000000000
93.000000000000000,123.00000000000000,0.0000000000000000
94.000000000000000,123.00000000000000,0.0000000000000000
95.000000000000000,123.00000000000000,0.0000000000000000
96.000000000000000,123.00000000000000,0.0000000000000000
97.000000000000000,123.00000000000000,0.0000000000000000
98.000000000000000,123.00000000000000,0.0000000000000000
99.000000000000000,123.00000000000000,0.0000000000000000
100.00000000000000,123.00000000000000,0.0000000000000000
101.00000000000000,123.00000000000000,0.0000000000000000
102.00000000000000,123.00000000000000,0.0000000000000000
103.00000000000000,123.00000000000000,0.0000000000000000
104.00000000000000,123.00000000000000,0.0000000000000000
105.00000000000000,123.00000000000000,0.0000000000000000
106.00000000000000,123.00000000000000,0.0000000000000000
107.00000000000000,123.00000000000000,0.0000000000000000
108.00000000000000,123.00000000000000,0.0000000000000000
109.00000000000000,123.00000000000000,0.0000000000000000
110.00000000000000,123.00000000000000,0.0000000000000000
111.00000000000000,123.00000000000000,0.0000000000000000
112.00000000000000,123.00000000000000,0.0000000000000000
113.00000000000000,123.00000000000000,0.0000000000000000
1.0000000000000000,124.00000000000000,0.0000000000000000
2.0000000000000000,124.00000000000000,0.0000000000000000
3.0000000000000000,124.00000000000000,0.0000000000000000
4.0000000000000000,124.00000000000000,0.0000000000000000
5.0000000000000000,124.00000000000000,0.0000000000000000
6.0000000000000000,124.00000000000000,0.0000000000000000
7.0000000000000000,124.00000000000000,0.0000000000000000
8.0000000000000000,124.00000000000000,0.0000000000000000
9.0000000000000000,124.00000000000000,0.0000000000000000
10.000000000000000,124.00000000000000,0.0000000000000000
11.000000000000000,124.00000000000000,0.0000000000000000
12.000000000000000,124.00000000000000,0.0000000000000000
13.000000000000000,124.00000000000000,0.0000000000000000
14.000000000000000,124.00000000000000,0.0000000000000000
15.000000000000000,124.00000000000000,0.0000000000000000
16.000000000000000,124.00000000000000,0.0000000000000000
17.000000000000000,124.00000000000000,0.0000000000000000
18.000000000000000,124.00000000000000,0.0000000000000000
19.000000000000000,124.00000000000000,0.0000000000000000
20.000000000000000,124.00000000000000,0.0000000000000000
21.000000000000000,124.00000000000000,0.0000000000000000
22.000000000000000,124.00000000000000,0.0000000000000000
23.000000000000000,124.00000000000000,0.0000000000000000
24.000000000000000,124.00000000000000,0.0000000000000000
25.000000000000000,124.00000000000000,0.0000000000000000
26.000000000000000,124.00000000000000,0.0000000000000000
27.000000000000000,124.00000000000000,0.0000000000000000
28.000000000000000,124.00000000000000,0.0000000000000000
29.000000000000000,124.00000000000000,0.0000000000000000
30.000000000000000,124.00000000000000,0.0000000000000000
31.000000000000000,124.00000000000000,0.0000000000000000
32.000000000000000,124.00000000000000,0.0000000000000000
33.000000000000000,124.00000000000000,0.0000000000000000
34.000000000000000,124.00000000000000,0.0000000000000000
35.000000000000000,124.00000000000000,0.0000000000000000
36.000000000000000,124.00000000000000,0.0000000000000000
37.000000000000000,124.00000000000000,0.0000000000000000
38.000000000000000,124.00000000000000,0.0000000000000000
39.000000000000000,124.00000000000000,0.0000000000000000
40.000000000000000,124.00000000000000,0.0000000000000000
41.000000000000000,124.00000000000000,0.0000000000000000
42.000000000000000,124.00000000000000,0.0000000000000000
43.000000000000000,124.00000000000000,0.0000000000000000
44.000000000000000,124.00000000000000,0.0000000000000000
45.000000000000000,124.00000000000000,0.0000000000000000
46.000000000000000,124.00000000000000,0.0000000000000000
47.000000000000000,124.00000000000000,0.0000000000000000
48.000000000000000,124.00000000000000,0.0000000000000000
49.000000000000000,124.00000000000000,0.0000000000000000
50.000000000000000,124.00000000000000,0.0000000000000000
51.000000000000000,124.00000000000000,0.0000000000000000
52.000000000000000,124.00000000000000,0.0000000000000000
53.000000000000000,124.00000000000000,0.0000000000000000
54.000000000000000,124.00000000000000,0.0000000000000000
55.000000000000000,124.00000000000000,0.0000000000000000
56.000000000000000,124.00000000000000,0.0000000000000000
57.000000000000000,124.00000000000000,0.0000000000000000
58.000000000000000,124.00000000000000,0.0000000000000000
59.000000000000000,124.00000000000000,0.0000000000000000
60.000000000000000,124.00000000000000,0.0000000000000000
61.000000000000000,124.00000000000000,0.0000000000000000
62.000000000000000,124.00000000000000,0.0000000000000000
63.000000000000000,124.00000000000000,0.0000000000000000
64.000000000000000,124.00000000000000,0.0000000000000000
65.000000000000000,124.00000000000000,0.0000000000000000
66.000000000000000,124.00000000000000,0.0000000000000000
67.000000000000000,124.00000000000000,0.0000000000000000
68.000000000000000,124.00000000000000,0.0000000000000000
69.000000000000000,124.00000000000000,0.0000000000000000
70.000000000000000,124.00000000000000,0.0000000000000000
71.000000000000000,124.00000000000000,0.0000000000000000
72.000000000000000,124.00000000000000,0.0000000000000000
73.000000000000000,124.00000000000000,0.0000000000000000
74.000000000000000,124.00000000000000,0.0000000000000000
75.000000000000000,124.00000000000000,0.0000000000000000
76.000000000000000,124.00000000000000,0.0000000000000000
77.000000000000000,124.00000000000000,0.0000000000000000
78.000000000000000,124.00000000000000,0.0000000000000000
79.000000000000000,124.00000000000000,0.0000000000000000
80.000000000000000,124.00000000000000,0.0000000000000000
81.000000000000000,124.00000000000000,0.0000000000000000
82.000000000000000,124.00000000000000,0.0000000000000000
83.000000000000000,124.00000000000000,0.0000000000000000
84.000000000000000,124.00000000000000,0.0000000000000000
85.000000000000000,124.00000000000000,0.0000000000000000
86.000000000000000,124.00000000000000,0.0000000000000000
87.000000000000000,124.00000000000000,0.0000000000000000
88.000000000000000,124.00000000000000,0.0000000000000000
89.000000000000000,124.00000000000000,0.0000000000000000
90.000000000000000,124.00000000000000,0.0000000000000000
91.000000000000000,124.00000000000000,0.0000000000000000
92.000000000000000,124.00000000000000,0.0000000000000000
93.000000000000000,124.00000000000000,0.0000000000000000
94.000000000000000,124.00000000000000,0.0000000000000000
95.000000000000000,124.00000000000000,0.0000000000000000
96.000000000000000,124.00000000000000,0.0000000000000000
97.000000000000000,124.00000000000000,0.0000000000000000
98.000000000000000,124.00000000000000,0.0000000000000000
99.000000000000000,124.00000000000000,0.0000000000000000
100.00000000000000,124.00000000000000,0.0000000000000000
101.00000000000000,124.00000000000000,0.0000000000000000
102.00000000000000,124.00000000000000,0.0000000000000000
103.00000000000000,124.00000000000000,0.0000000000000000
104.00000000000000,124.00000000000000,0.0000000000000000
105.00000000000000,124.00000000000000,0.0000000000000000
106.00000000000000,124.00000000000000,0.0000000000000000
107.00000000000000,124.00000000000000,0.0000000000000000
108.00000000000000,124.00000000000000,0.0000000000000000
109.00000000000000,124.00000000000000,0.0000000000000000
110.00000000000000,124.00000000000000,0.0000000000000000
111.00000000000000,124.00000000000000,0.0000000000000000
112.00000000000000,124.00000000000000,0.0000000000000000
113.00000000000000,124.00000000000000,0.0000000000000000
1.0000000000000000,125.00000000000000,0.0000000000000000
2.0000000000000000,125.00000000000000,0.0000000000000000
3.0000000000000000,125.00000000000000,0.0000000000000000
4.0000000000000000,125.00000000000000,0.0000000000000000
5.0000000000000000,125.00000000000000,0.0000000000000000
6.0000000000000000,125.00000000000000,0.0000000000000000
7.0000000000000000,125.00000000000000,0.0000000000000000
8.0000000000000000,125.00000000000000,0.0000000000000000
9.0000000000000000,125.00000000000000,0.0000000000000000
10.000000000000000,125.00000000000000,0.0000000000000000
11.000000000000000,125.00000000000000,0.0000000000000000
12.000000000000000,125.00000000000000,0.0000000000000000
13.000000000000000,125.00000000000000,0.0000000000000000
14.000000000000000,125.00000000000000,0.0000000000000000
15.000000000000000,125.00000000000000,0.0000000000000000
16.000000000000000,125.00000000000000,0.0000000000000000
17.000000000000000,125.00000000000000,0.0000000000000000
18.000000000000000,125.00000000000000,0.0000000000000000
19.000000000000000,125.00000000000000,0.0000000000000000
20.000000000000000,125.00000000000000,0.0000000000000000
21.000000000000000,125.00000000000000,0.0000000000000000
22.000000000000000,125.00000000000000,0.0000000000000000
23.000000000000000,125.00000000000000,0.0000000000000000
24.000000000000000,125.00000000000000,0.0000000000000000
25.000000000000000,125.00000000000000,0.0000000000000000
26.000000000000000,125.00000000000000,0.0000000000000000
27.000000000000000,125.00000000000000,0.0000000000000000
28.000000000000000,125.00000000000000,0.0000000000000000
29.000000000000000,125.00000000000000,0.0000000000000000
30.000000000000000,125.00000000000000,0.0000000000000000
31.000000000000000,125.00000000000000,0.0000000000000000
32.000000000000000,125.00000000000000,0.0000000000000000
33.000000000000000,125.00000000000000,0.0000000000000000
34.000000000000000,125.00000000000000,0.0000000000000000
35.000000000000000,125.00000000000000,0.0000000000000000
36.000000000000000,125.00000000000000,0.0000000000000000
37.000000000000000,125.00000000000000,0.0000000000000000
38.000000000000000,125.00000000000000,0.0000000000000000
39.000000000000000,125.00000000000000,0.0000000000000000
40.000000000000000,125.00000000000000,0.0000000000000000
41.000000000000000,125.00000000000000,0.0000000000000000
42.000000000000000,125.00000000000000,0.0000000000000000
43.000000000000000,125.00000000000000,0.0000000000000000
44.000000000000000,125.00000000000000,0.0000000000000000
45.000000000000000,125.00000000000000,0.0000000000000000
46.000000000000000,125.00000000000000,0.0000000000000000
47.000000000000000,125.00000000000000,0.0000000000000000
48.000000000000000,125.00000000000000,0.0000000000000000
49.000000000000000,125.00000000000000,0.0000000000000000
50.000000000000000,125.00000000000000,0.0000000000000000
51.000000000000000,125.00000000000000,0.0000000000000000
52.000000000000000,125.00000000000000,0.0000000000000000
53.000000000000000,125.00000000000000,0.0000000000000000
54.000000000000000,125.00000000000000,0.0000000000000000
55.000000000000000,125.00000000000000,0.0000000000000000
56.000000000000000,125.00000000000000,0.0000000000000000
57.000000000000000,125.00000000000000,0.0000000000000000
58.000000000000000,125.00000000000000,0.0000000000000000
59.000000000000000,125.00000000000000,0.0000000000000000
60.000000000000000,125.00000000000000,0.0000000000000000
61.000000000000000,125.00000000000000,0.0000000000000000
62.000000000000000,125.00000000000000,0.0000000000000000
63.000000000000000,125.00000000000000,0.0000000000000000
64.000000000000000,125.00000000000000,0.0000000000000000
65.000000000000000,125.00000000000000,0.0000000000000000
66.000000000000000,125.00000000000000,0.0000000000000000
67.000000000000000,125.00000000000000,0.0000000000000000
68.000000000000000,125.00000000000000,0.0000000000000000
69.000000000000000,125.00000000000000,0.0000000000000000
70.000000000000000,125.00000000000000,0.0000000000000000
71.000000000000000,125.00000000000000,0.0000000000000000
72.000000000000000,125.00000000000000,0.0000000000000000
73.000000000000000,125.00000000000000,0.0000000000000000
74.000000000000000,125.00000000000000,0.0000000000000000
75.000000000000000,125.00000000000000,0.0000000000000000
76.000000000000000,125.00000000000000,0.0000000000000000
77.000000000000000,125.00000000000000,0.0000000000000000
78.000000000000000,125.00000000000000,0.0000000000000000
79.000000000000000,125.00000000000000,0.0000000000000000
80.000000000000000,125.00000000000000,0.0000000000000000
81.000000000000000,125.00000000000000,0.0000000000000000
82.000000000000000,125.00000000000000,0.0000000000000000
83.000000000000000,125.00000000000000,0.0000000000000000
84.000000000000000,125.00000000000000,0.0000000000000000
85.000000000000000,125.00000000000000,0.0000000000000000
86.000000000000000,125.00000000000000,0.0000000000000000
87.000000000000000,125.00000000000000,0.0000000000000000
88.000000000000000,125.00000000000000,0.0000000000000000
89.000000000000000,125.00000000000000,0.0000000000000000
90.000000000000000,125.00000000000000,0.0000000000000000
91.000000000000000,125.00000000000000,0.0000000000000000
92.000000000000000,125.00000000000000,0.0000000000000000
93.000000000000000,125.00000000000000,0.0000000000000000
94.000000000000000,125.00000000000000,0.0000000000000000
95.000000000000000,125.00000000000000,0.0000000000000000
96.000000000000000,125.00000000000000,0.0000000000000000
97.000000000000000,125.00000000000000,0.0000000000000000
98.000000000000000,125.00000000000000,0.0000000000000000
99.000000000000000,125.00000000000000,0.0000000000000000
100.00000000000000,125.00000000000000,0.0000000000000000
101.00000000000000,125.00000000000000,0.0000000000000000
102.00000000000000,125.00000000000000,0.0000000000000000
103.00000000000000,125.00000000000000,0.0000000000000000
104.00000000000000,125.00000000000000,0.0000000000000000
105.00000000000000,125.00000000000000,0.0000000000000000
106.00000000000000,125.00000000000000,0.0000000000000000
107.00000000000000,125.00000000000000,0.0000000000000000
108.00000000000000,125.00000000000000,0.0000000000000000
109.00000000000000,125.00000000000000,0.0000000000000000
110.00000000000000,125.00000000000000,0.0000000000000000
111.00000000000000,125.00000000000000,0.0000000000000000
112.00000000000000,125.00000000000000,0.0000000000000000
113.00000000000000,125.00000000000000,0.0000000000000000
1.0000000000000000,126.00000000000000,0.0000000000000000
2.0000000000000000,126.00000000000000,0.0000000000000000
3.0000000000000000,126.00000000000000,0.0000000000000000
4.0000000000000000,126.00000000000000,0.0000000000000000
5.0000000000000000,126.00000000000000,0.0000000000000000
6.0000000000000000,126.00000000000000,0.0000000000000000
7.0000000000000000,126.00000000000000,0.0000000000000000
8.0000000000000000,126.00000000000000,0.0000000000000000
9.0000000000000000,126.00000000000000,0.0000000000000000
10.000000000000000,126.00000000000000,0.0000000000000000
11.000000000000000,126.00000000000000,0.0000000000000000
12.000000000000000,126.00000000000000,0.0000000000000000
13.000000000000000,126.00000000000000,0.0000000000000000
14.000000000000000,126.00000000000000,0.0000000000000000
15.000000000000000,126.00000000000000,0.0000000000000000
16.000000000000000,126.00000000000000,0.0000000000000000
17.000000000000000,126.00000000000000,0.0000000000000000
18.000000000000000,126.00000000000000,0.0000000000000000
19.000000000000000,126.00000000000000,0.0000000000000000
20.000000000000000,126.00000000000000,0.0000000000000000
21.000000000000000,126.00000000000000,0.0000000000000000
22.000000000000000,126.00000000000000,0.0000000000000000
23.000000000000000,126.00000000000000,0.0000000000000000
24.000000000000000,126.00000000000000,0.0000000000000000
25.000000000000000,126.00000000000000,0.0000000000000000
26.000000000000000,126.00000000000000,0.0000000000000000
27.000000000000000,126.00000000000000,0.0000000000000000
28.000000000000000,126.00000000000000,0.0000000000000000
29.000000000000000,126.00000000000000,0.0000000000000000
30.000000000000000,126.00000000000000,0.0000000000000000
31.000000000000000,126.00000000000000,0.0000000000000000
32.000000000000000,126.00000000000000,0.0000000000000000
33.000000000000000,126.00000000000000,0.0000000000000000
34.000000000000000,126.00000000000000,0.0000000000000000
35.000000000000000,126.00000000000000,0.0000000000000000
36.000000000000000,126.00000000000000,0.0000000000000000
37.000000000000000,126.00000000000000,0.0000000000000000
38.000000000000000,126.00000000000000,0.0000000000000000
39.000000000000000,126.00000000000000,0.0000000000000000
40.000000000000000,126.00000000000000,0.0000000000000000
41.000000000000000,126.00000000000000,0.0000000000000000
42.000000000000000,126.00000000000000,0.0000000000000000
43.000000000000000,126.00000000000000,0.0000000000000000
44.000000000000000,126.00000000000000,0.0000000000000000
45.000000000000000,126.00000000000000,0.0000000000000000
46.000000000000000,126.00000000000000,0.0000000000000000
47.000000000000000,126.00000000000000,0.0000000000000000
48.000000000000000,126.00000000000000,0.0000000000000000
49.000000000000000,126.00000000000000,0.0000000000000000
50.000000000000000,126.00000000000000,0.0000000000000000
51.000000000000000,126.00000000000000,0.0000000000000000
52.000000000000000,126.00000000000000,0.0000000000000000
53.000000000000000,126.00000000000000,0.0000000000000000
54.000000000000000,126.00000000000000,0.0000000000000000
55.000000000000000,126.00000000000000,0.0000000000000000
56.000000000000000,126.00000000000000,0.0000000000000000
57.000000000000000,126.00000000000000,0.0000000000000000
58.000000000000000,126.00000000000000,0.0000000000000000
59.000000000000000,126.00000000000000,0.0000000000000000
60.000000000000000,126.00000000000000,0.0000000000000000
61.000000000000000,126.00000000000000,0.0000000000000000
62.000000000000000,126.00000000000000,0.0000000000000000
63.000000000000000,126.00000000000000,0.0000000000000000
64.000000000000000,126.00000000000000,0.0000000000000000
65.000000000000000,126.00000000000000,0.0000000000000000
66.000000000000000,126.00000000000000,0.0000000000000000
67.000000000000000,126.00000000000000,0.0000000000000000
68.000000000000000,126.00000000000000,0.0000000000000000
69.000000000000000,126.00000000000000,0.0000000000000000
70.000000000000000,126.00000000000000,0.0000000000000000
71.000000000000000,126.00000000000000,0.0000000000000000
72.000000000000000,126.00000000000000,0.0000000000000000
73.000000000000000,126.00000000000000,0.0000000000000000
74.000000000000000,126.00000000000000,0.0000000000000000
75.000000000000000,126.00000000000000,0.0000000000000000
76.000000000000000,126.00000000000000,0.0000000000000000
77.000000000000000,126.00000000000000,0.0000000000000000
78.000000000000000,126.00000000000000,0.0000000000000000
79.000000000000000,126.00000000000000,0.0000000000000000
80.000000000000000,126.00000000000000,0.0000000000000000
81.000000000000000,126.00000000000000,0.0000000000000000
82.000000000000000,126.00000000000000,0.0000000000000000
83.000000000000000,126.00000000000000,0.0000000000000000
84.000000000000000,126.00000000000000,0.0000000000000000
85.000000000000000,126.00000000000000,0.0000000000000000
86.000000000000000,126.00000000000000,0.0000000000000000
87.000000000000000,126.00000000000000,0.0000000000000000
88.000000000000000,126.00000000000000,0.0000000000000000
89.000000000000000,126.00000000000000,0.0000000000000000
90.000000000000000,126.00000000000000,0.0000000000000000
91.000000000000000,126.00000000000000,0.0000000000000000
92.000000000000000,126.00000000000000,0.0000000000000000
93.000000000000000,126.00000000000000,0.0000000000000000
94.000000000000000,126.00000000000000,0.0000000000000000
95.000000000000000,126.00000000000000,0.0000000000000000
96.000000000000000,126.00000000000000,0.0000000000000000
97.000000000000000,126.00000000000000,0.0000000000000000
98.000000000000000,126.00000000000000,0.0000000000000000
99.000000000000000,126.00000000000000,0.0000000000000000
100.00000000000000,126.00000000000000,0.0000000000000000
101.00000000000000,126.00000000000000,0.0000000000000000
102.00000000000000,126.00000000000000,0.0000000000000000
103.00000000000000,126.00000000000000,0.0000000000000000
104.00000000000000,126.00000000000000,0.0000000000000000
105.00000000000000,126.00000000000000,0.0000000000000000
106.00000000000000,126.00000000000000,0.0000000000000000
107.00000000000000,126.00000000000000,0.0000000000000000
108.00000000000000,126.00000000000000,0.0000000000000000
109.00000000000000,126.00000000000000,0.0000000000000000
110.00000000000000,126.00000000000000,0.0000000000000000
111.00000000000000,126.00000000000000,0.0000000000000000
112.00000000000000,126.00000000000000,0.0000000000000000
113.00000000000000,126.00000000000000,0.0000000000000000
1.0000000000000000,127.00000000000000,0.0000000000000000
2.0000000000000000,127.00000000000000,0.0000000000000000
3.0000000000000000,127.00000000000000,0.0000000000000000
4.0000000000000000,127.00000000000000,0.0000000000000000
5.0000000000000000,127.00000000000000,0.0000000000000000
6.0000000000000000,127.00000000000000,0.0000000000000000
7.0000000000000000,127.00000000000000,0.0000000000000000
8.0000000000000000,127.00000000000000,0.0000000000000000
9.0000000000000000,127.00000000000000,0.0000000000000000
10.000000000000000,127.00000000000000,0.0000000000000000
11.000000000000000,127.00000000000000,0.0000000000000000
12.000000000000000,127.00000000000000,0.0000000000000000
13.000000000000000,127.00000000000000,0.0000000000000000
14.000000000000000,127.00000000000000,0.0000000000000000
15.000000000000000,127.00000000000000,0.0000000000000000
16.000000000000000,127.00000000000000,0.0000000000000000
17.000000000000000,127.00000000000000,0.0000000000000000
18.000000000000000,127.00000000000000,0.0000000000000000
19.000000000000000,127.00000000000000,0.0000000000000000
20.000000000000000,127.00000000000000,0.0000000000000000
21.000000000000000,127.00000000000000,0.0000000000000000
22.000000000000000,127.00000000000000,0.0000000000000000
23.000000000000000,127.00000000000000,0.0000000000000000
24.000000000000000,127.00000000000000,0.0000000000000000
25.000000000000000,127.00000000000000,0.0000000000000000
26.000000000000000,127.00000000000000,0.0000000000000000
27.000000000000000,127.00000000000000,0.0000000000000000
28.000000000000000,127.00000000000000,0.0000000000000000
29.000000000000000,127.00000000000000,0.0000000000000000
30.000000000000000,127.00000000000000,0.0000000000000000
31.000000000000000,127.00000000000000,0.0000000000000000
32.000000000000000,127.00000000000000,0.0000000000000000
33.000000000000000,127.00000000000000,0.0000000000000000
34.000000000000000,127.00000000000000,0.0000000000000000
35.000000000000000,127.00000000000000,0.0000000000000000
36.000000000000000,127.00000000000000,0.0000000000000000
37.000000000000000,127.00000000000000,0.0000000000000000
38.000000000000000,127.00000000000000,0.0000000000000000
39.000000000000000,127.00000000000000,0.0000000000000000
40.000000000000000,127.00000000000000,0.0000000000000000
41.000000000000000,127.00000000000000,0.0000000000000000
42.000000000000000,127.00000000000000,0.0000000000000000
43.000000000000000,127.00000000000000,0.0000000000000000
44.000000000000000,127.00000000000000,0.0000000000000000
45.000000000000000,127.00000000000000,0.0000000000000000
46.000000000000000,127.00000000000000,0.0000000000000000
47.000000000000000,127.00000000000000,0.0000000000000000
48.000000000000000,127.00000000000000,0.0000000000000000
49.000000000000000,127.00000000000000,0.0000000000000000
50.000000000000000,127.00000000000000,0.0000000000000000
51.000000000000000,127.00000000000000,0.0000000000000000
52.000000000000000,127.00000000000000,0.0000000000000000
53.000000000000000,127.00000000000000,0.0000000000000000
54.000000000000000,127.00000000000000,0.0000000000000000
55.000000000000000,127.00000000000000,0.0000000000000000
56.000000000000000,127.00000000000000,0.0000000000000000
57.000000000000000,127.00000000000000,0.0000000000000000
58.000000000000000,127.00000000000000,0.0000000000000000
59.000000000000000,127.00000000000000,0.0000000000000000
60.000000000000000,127.00000000000000,0.0000000000000000
61.000000000000000,127.00000000000000,0.0000000000000000
62.000000000000000,127.00000000000000,0.0000000000000000
63.000000000000000,127.00000000000000,0.0000000000000000
64.000000000000000,127.00000000000000,0.0000000000000000
65.000000000000000,127.00000000000000,0.0000000000000000
66.000000000000000,127.00000000000000,0.0000000000000000
67.000000000000000,127.00000000000000,0.0000000000000000
68.000000000000000,127.00000000000000,0.0000000000000000
69.000000000000000,127.00000000000000,0.0000000000000000
70.000000000000000,127.00000000000000,0.0000000000000000
71.000000000000000,127.00000000000000,0.0000000000000000
72.000000000000000,127.00000000000000,0.0000000000000000
73.000000000000000,127.00000000000000,0.0000000000000000
74.000000000000000,127.00000000000000,0.0000000000000000
75.000000000000000,127.00000000000000,0.0000000000000000
76.000000000000000,127.00000000000000,0.0000000000000000
77.000000000000000,127.00000000000000,0.0000000000000000
78.000000000000000,127.00000000000000,0.0000000000000000
79.000000000000000,127.00000000000000,0.0000000000000000
80.000000000000000,127.00000000000000,0.0000000000000000
81.000000000000000,127.00000000000000,0.0000000000000000
82.000000000000000,127.00000000000000,0.0000000000000000
83.000000000000000,127.00000000000000,0.0000000000000000
84.000000000000000,127.00000000000000,0.0000000000000000
85.000000000000000,127.00000000000000,0.0000000000000000
86.000000000000000,127.00000000000000,0.0000000000000000
87.000000000000000,127.00000000000000,0.0000000000000000
88.000000000000000,127.00000000000000,0.0000000000000000
89.000000000000000,127.00000000000000,0.0000000000000000
90.000000000000000,127.00000000000000,0.0000000000000000
91.000000000000000,127.00000000000000,0.0000000000000000
92.000000000000000,127.00000000000000,0.0000000000000000
93.000000000000000,127.00000000000000,0.0000000000000000
94.000000000000000,127.00000000000000,0.0000000000000000
95.000000000000000,127.00000000000000,0.0000000000000000
96.000000000000000,127.00000000000000,0.0000000000000000
97.000000000000000,127.00000000000000,0.0000000000000000
98.000000000000000,127.00000000000000,0.0000000000000000
99.000000000000000,127.00000000000000,0.0000000000000000
100.00000000000000,127.00000000000000,0.0000000000000000
101.00000000000000,127.00000000000000,0.0000000000000000
102.00000000000000,127.00000000000000,0.0000000000000000
103.00000000000000,127.00000000000000,0.0000000000000000
104.00000000000000,127.00000000000000,0.0000000000000000
105.00000000000000,127.00000000000000,0.0000000000000000
106.00000000000000,127.00000000000000,0.0000000000000000
107.00000000000000,127.00000000000000,0.0000000000000000
108.00000000000000,127.00000000000000,0.0000000000000000
109.00000000000000,127.00000000000000,0.0000000000000000
110.00000000000000,127.00000000000000,0.0000000000000000
111.00000000000000,127.00000000000000,0.0000000000000000
112.00000000000000,127.00000000000000,0.0000000000000000
113.00000000000000,127.00000000000000,0.0000000000000000
1.0000000000000000,128.00000000000000,0.0000000000000000
2.0000000000000000,128.00000000000000,0.0000000000000000
3.0000000000000000,128.00000000000000,0.0000000000000000
4.0000000000000000,128.00000000000000,0.0000000000000000
5.0000000000000000,128.00000000000000,0.0000000000000000
6.0000000000000000,128.00000000000000,0.0000000000000000
7.0000000000000000,128.00000000000000,0.0000000000000000
8.0000000000000000,128.00000000000000,0.0000000000000000
9.0000000000000000,128.00000000000000,0.0000000000000000
10.000000000000000,128.00000000000000,0.0000000000000000
11.000000000000000,128.00000000000000,0.0000000000000000
12.000000000000000,128.00000000000000,0.0000000000000000
13.000000000000000,128.00000000000000,0.0000000000000000
14.000000000000000,128.00000000000000,0.0000000000000000
15.000000000000000,128.00000000000000,0.0000000000000000
16.000000000000000,128.00000000000000,0.0000000000000000
17.000000000000000,128.00000000000000,0.0000000000000000
18.000000000000000,128.00000000000000,0.0000000000000000
19.000000000000000,128.00000000000000,0.0000000000000000
20.000000000000000,128.00000000000000,0.0000000000000000
21.000000000000000,128.00000000000000,0.0000000000000000
22.000000000000000,128.00000000000000,0.0000000000000000
23.000000000000000,128.00000000000000,0.0000000000000000
24.000000000000000,128.00000000000000,0.0000000000000000
25.000000000000000,128.00000000000000,0.0000000000000000
26.000000000000000,128.00000000000000,0.0000000000000000
27.000000000000000,128.00000000000000,0.0000000000000000
28.000000000000000,128.00000000000000,0.0000000000000000
29.000000000000000,128.00000000000000,0.0000000000000000
30.000000000000000,128.00000000000000,0.0000000000000000
31.000000000000000,128.00000000000000,0.0000000000000000
32.000000000000000,128.00000000000000,0.0000000000000000
33.000000000000000,128.00000000000000,0.0000000000000000
34.000000000000000,128.00000000000000,0.0000000000000000
35.000000000000000,128.00000000000000,0.0000000000000000
36.000000000000000,128.00000000000000,0.0000000000000000
37.000000000000000,128.00000000000000,0.0000000000000000
38.000000000000000,128.00000000000000,0.0000000000000000
39.000000000000000,128.00000000000000,0.0000000000000000
40.000000000000000,128.00000000000000,0.0000000000000000
41.000000000000000,128.00000000000000,0.0000000000000000
42.000000000000000,128.00000000000000,0.0000000000000000
43.000000000000000,128.00000000000000,0.0000000000000000
44.000000000000000,128.00000000000000,0.0000000000000000
45.000000000000000,128.00000000000000,0.0000000000000000
46.000000000000000,128.00000000000000,0.0000000000000000
47.000000000000000,128.00000000000000,0.0000000000000000
48.000000000000000,128.00000000000000,0.0000000000000000
49.000000000000000,128.00000000000000,0.0000000000000000
50.000000000000000,128.00000000000000,0.0000000000000000
51.000000000000000,128.00000000000000,0.0000000000000000
52.000000000000000,128.00000000000000,0.0000000000000000
53.000000000000000,128.00000000000000,0.0000000000000000
54.000000000000000,128.00000000000000,0.0000000000000000
55.000000000000000,128.00000000000000,0.0000000000000000
56.000000000000000,128.00000000000000,0.0000000000000000
57.000000000000000,128.00000000000000,0.0000000000000000
58.000000000000000,128.00000000000000,0.0000000000000000
59.000000000000000,128.00000000000000,0.0000000000000000
60.000000000000000,128.00000000000000,0.0000000000000000
61.000000000000000,128.00000000000000,0.0000000000000000
62.000000000000000,128.00000000000000,0.0000000000000000
63.000000000000000,128.00000000000000,0.0000000000000000
64.000000000000000,128.00000000000000,0.0000000000000000
65.000000000000000,128.00000000000000,0.0000000000000000
66.000000000000000,128.00000000000000,0.0000000000000000
67.000000000000000,128.00000000000000,0.0000000000000000
68.000000000000000,128.00000000000000,0.0000000000000000
69.000000000000000,128.00000000000000,0.0000000000000000
70.000000000000000,128.00000000000000,0.0000000000000000
71.000000000000000,128.00000000000000,0.0000000000000000
72.000000000000000,128.00000000000000,0.0000000000000000
73.000000000000000,128.00000000000000,0.0000000000000000
74.000000000000000,128.00000000000000,0.0000000000000000
75.000000000000000,128.00000000000000,0.0000000000000000
76.000000000000000,128.00000000000000,0.0000000000000000
77.000000000000000,128.00000000000000,0.0000000000000000
78.000000000000000,128.00000000000000,0.0000000000000000
79.000000000000000,128.00000000000000,0.0000000000000000
80.000000000000000,128.00000000000000,0.0000000000000000
81.000000000000000,128.00000000000000,0.0000000000000000
82.000000000000000,128.00000000000000,0.0000000000000000
83.000000000000000,128.00000000000000,0.0000000000000000
84.000000000000000,128.00000000000000,0.0000000000000000
85.000000000000000,128.00000000000000,0.0000000000000000
86.000000000000000,128.00000000000000,0.0000000000000000
87.000000000000000,128.00000000000000,0.0000000000000000
88.000000000000000,128.00000000000000,0.0000000000000000
89.000000000000000,128.00000000000000,0.0000000000000000
90.000000000000000,128.00000000000000,0.0000000000000000
91.000000000000000,128.00000000000000,0.0000000000000000
92.000000000000000,128.00000000000000,0.0000000000000000
93.000000000000000,128.00000000000000,0.0000000000000000
94.000000000000000,128.00000000000000,0.0000000000000000
95.000000000000000,128.00000000000000,0.0000000000000000
96.000000000000000,128.00000000000000,0.0000000000000000
97.000000000000000,128.00000000000000,0.0000000000000000
98.000000000000000,128.00000000000000,0.0000000000000000
99.000000000000000,128.00000000000000,0.0000000000000000
100.00000000000000,128.00000000000000,0.0000000000000000
101.00000000000000,128.00000000000000,0.0000000000000000
102.00000000000000,128.00000000000000,0.0000000000000000
103.00000000000000,128.00000000000000,0.0000000000000000
104.00000000000000,128.00000000000000,0.0000000000000000
105.00000000000000,128.00000000000000,0.0000000000000000
106.00000000000000,128.00000000000000,0.0000000000000000
107.00000000000000,128.00000000000000,0.0000000000000000
108.00000000000000,128.00000000000000,0.0000000000000000
109.00000000000000,128.00000000000000,0.0000000000000000
110.00000000000000,128.00000000000000,0.0000000000000000
111.00000000000000,128.00000000000000,0.0000000000000000
112.00000000000000,128.00000000000000,0.0000000000000000
113.00000000000000,128.00000000000000,0.0000000000000000
1.0000000000000000,129.00000000000000,0.0000000000000000
2.0000000000000000,129.00000000000000,0.0000000000000000
3.0000000000000000,129.00000000000000,0.0000000000000000
4.0000000000000000,129.00000000000000,0.0000000000000000
5.0000000000000000,129.00000000000000,0.0000000000000000
6.0000000000000000,129.00000000000000,0.0000000000000000
7.0000000000000000,129.00000000000000,0.0000000000000000
8.0000000000000000,129.00000000000000,0.0000000000000000
9.0000000000000000,129.00000000000000,0.0000000000000000
10.000000000000000,129.00000000000000,0.0000000000000000
11.000000000000000,129.00000000000000,0.0000000000000000
12.000000000000000,129.00000000000000,0.0000000000000000
13.000000000000000,129.00000000000000,0.0000000000000000
14.000000000000000,129.00000000000000,0.0000000000000000
15.000000000000000,129.00000000000000,0.0000000000000000
16.000000000000000,129.00000000000000,0.0000000000000000
17.000000000000000,129.00000000000000,0.0000000000000000
18.000000000000000,129.00000000000000,0.0000000000000000
19.000000000000000,129.00000000000000,0.0000000000000000
20.000000000000000,129.00000000000000,0.0000000000000000
21.000000000000000,129.00000000000000,0.0000000000000000
22.000000000000000,129.00000000000000,0.0000000000000000
23.000000000000000,129.00000000000000,0.0000000000000000
24.000000000000000,129.00000000000000,0.0000000000000000
25.000000000000000,129.00000000000000,0.0000000000000000
26.000000000000000,129.00000000000000,0.0000000000000000
27.000000000000000,129.00000000000000,0.0000000000000000
28.000000000000000,129.00000000000000,0.0000000000000000
29.000000000000000,129.00000000000000,0.0000000000000000
30.000000000000000,129.00000000000000,0.0000000000000000
31.000000000000000,129.00000000000000,0.0000000000000000
32.000000000000000,129.00000000000000,0.0000000000000000
33.000000000000000,129.00000000000000,0.0000000000000000
34.000000000000000,129.00000000000000,0.0000000000000000
35.000000000000000,129.00000000000000,0.0000000000000000
36.000000000000000,129.00000000000000,0.0000000000000000
37.000000000000000,129.00000000000000,0.0000000000000000
38.000000000000000,129.00000000000000,0.0000000000000000
39.000000000000000,129.00000000000000,0.0000000000000000
40.000000000000000,129.00000000000000,0.0000000000000000
41.000000000000000,129.00000000000000,0.0000000000000000
42.000000000000000,129.00000000000000,0.0000000000000000
43.000000000000000,129.00000000000000,0.0000000000000000
44.000000000000000,129.00000000000000,0.0000000000000000
45.000000000000000,129.00000000000000,0.0000000000000000
46.000000000000000,129.00000000000000,0.0000000000000000
47.000000000000000,129.00000000000000,0.0000000000000000
48.000000000000000,129.00000000000000,0.0000000000000000
49.000000000000000,129.00000000000000,0.0000000000000000
50.000000000000000,129.00000000000000,0.0000000000000000
51.000000000000000,129.00000000000000,0.0000000000000000
52.000000000000000,129.00000000000000,0.0000000000000000
53.000000000000000,129.00000000000000,0.0000000000000000
54.000000000000000,129.00000000000000,0.0000000000000000
55.000000000000000,129.00000000000000,0.0000000000000000
56.000000000000000,129.00000000000000,0.0000000000000000
57.000000000000000,129.00000000000000,0.0000000000000000
58.000000000000000,129.00000000000000,0.0000000000000000
59.000000000000000,129.00000000000000,0.0000000000000000
60.000000000000000,129.00000000000000,0.0000000000000000
61.000000000000000,129.00000000000000,0.0000000000000000
62.000000000000000,129.00000000000000,0.0000000000000000
63.000000000000000,129.00000000000000,0.0000000000000000
64.000000000000000,129.00000000000000,0.0000000000000000
65.000000000000000,129.00000000000000,0.0000000000000000
66.000000000000000,129.00000000000000,0.0000000000000000
67.000000000000000,129.00000000000000,0.0000000000000000
68.000000000000000,129.00000000000000,0.0000000000000000
69.000000000000000,129.00000000000000,0.0000000000000000
70.000000000000000,129.00000000000000,0.0000000000000000
71.000000000000000,129.00000000000000,0.0000000000000000
72.000000000000000,129.00000000000000,0.0000000000000000
73.000000000000000,129.00000000000000,0.0000000000000000
74.000000000000000,129.00000000000000,0.0000000000000000
75.000000000000000,129.00000000000000,0.0000000000000000
76.000000000000000,129.00000000000000,0.0000000000000000
77.000000000000000,129.00000000000000,0.0000000000000000
78.000000000000000,129.00000000000000,0.0000000000000000
79.000000000000000,129.00000000000000,0.0000000000000000
80.000000000000000,129.00000000000000,0.0000000000000000
81.000000000000000,129.00000000000000,0.0000000000000000
82.000000000000000,129.00000000000000,0.0000000000000000
83.000000000000000,129.00000000000000,0.0000000000000000
84.000000000000000,129.00000000000000,0.0000000000000000
85.000000000000000,129.00000000000000,0.0000000000000000
86.000000000000000,129.00000000000000,0.0000000000000000
87.000000000000000,129.00000000000000,0.0000000000000000
88.000000000000000,129.00000000000000,0.0000000000000000
89.000000000000000,129.00000000000000,0.0000000000000000
90.000000000000000,129.00000000000000,0.0000000000000000
91.000000000000000,129.00000000000000,0.0000000000000000
92.000000000000000,129.00000000000000,0.0000000000000000
93.000000000000000,129.00000000000000,0.0000000000000000
94.000000000000000,129.00000000000000,0.0000000000000000
95.000000000000000,129.00000000000000,0.0000000000000000
96.000000000000000,129.00000000000000,0.0000000000000000
97.000000000000000,129.00000000000000,0.0000000000000000
98.000000000000000,129.00000000000000,0.0000000000000000
99.000000000000000,129.00000000000000,0.0000000000000000
100.00000000000000,129.00000000000000,0.0000000000000000
101.00000000000000,129.00000000000000,0.0000000000000000
102.00000000000000,129.00000000000000,0.0000000000000000
103.00000000000000,129.00000000000000,0.0000000000000000
104.00000000000000,129.00000000000000,0.0000000000000000
105.00000000000000,129.00000000000000,0.0000000000000000
106.00000000000000,129.00000000000000,0.0000000000000000
107.00000000000000,129.00000000000000,0.0000000000000000
108.00000000000000,129.00000000000000,0.0000000000000000
109.00000000000000,129.00000000000000,0.0000000000000000
110.00000000000000,129.00000000000000,0.0000000000000000
111.00000000000000,129.00000000000000,0.0000000000000000
112.00000000000000,129.00000000000000,0.0000000000000000
113.00000000000000,129.00000000000000,0.0000000000000000
1.0000000000000000,130.00000000000000,0.0000000000000000
2.0000000000000000,130.00000000000000,0.0000000000000000
3.0000000000000000,130.00000000000000,0.0000000000000000
4.0000000000000000,130.00000000000000,0.0000000000000000
5.0000000000000000,130.00000000000000,0.0000000000000000
6.0000000000000000,130.00000000000000,0.0000000000000000
7.0000000000000000,130.00000000000000,0.0000000000000000
8.0000000000000000,130.00000000000000,0.0000000000000000
9.0000000000000000,130.00000000000000,0.0000000000000000
10.000000000000000,130.00000000000000,0.0000000000000000
11.000000000000000,130.00000000000000,0.0000000000000000
12.000000000000000,130.00000000000000,0.0000000000000000
13.000000000000000,130.00000000000000,0.0000000000000000
14.000000000000000,130.00000000000000,0.0000000000000000
15.000000000000000,130.00000000000000,0.0000000000000000
16.000000000000000,130.00000000000000,0.0000000000000000
17.000000000000000,130.00000000000000,0.0000000000000000
18.000000000000000,130.00000000000000,0.0000000000000000
19.000000000000000,130.00000000000000,0.0000000000000000
20.000000000000000,130.00000000000000,0.0000000000000000
21.000000000000000,130.00000000000000,0.0000000000000000
22.000000000000000,130.00000000000000,0.0000000000000000
23.000000000000000,130.00000000000000,0.0000000000000000
24.000000000000000,130.00000000000000,0.0000000000000000
25.000000000000000,130.00000000000000,0.0000000000000000
26.000000000000000,130.00000000000000,0.0000000000000000
27.000000000000000,130.00000000000000,0.0000000000000000
28.000000000000000,130.00000000000000,0.0000000000000000
29.000000000000000,130.00000000000000,0.0000000000000000
30.000000000000000,130.00000000000000,0.0000000000000000
31.000000000000000,130.00000000000000,0.0000000000000000
32.000000000000000,130.00000000000000,0.0000000000000000
33.000000000000000,130.00000000000000,0.0000000000000000
34.000000000000000,130.00000000000000,0.0000000000000000
35.000000000000000,130.00000000000000,0.0000000000000000
36.000000000000000,130.00000000000000,0.0000000000000000
37.000000000000000,130.00000000000000,0.0000000000000000
38.000000000000000,130.00000000000000,0.0000000000000000
39.000000000000000,130.00000000000000,0.0000000000000000
40.000000000000000,130.00000000000000,0.0000000000000000
41.000000000000000,130.00000000000000,0.0000000000000000
42.000000000000000,130.00000000000000,0.0000000000000000
43.000000000000000,130.00000000000000,0.0000000000000000
44.000000000000000,130.00000000000000,0.0000000000000000
45.000000000000000,130.00000000000000,0.0000000000000000
46.000000000000000,130.00000000000000,0.0000000000000000
47.000000000000000,130.00000000000000,0.0000000000000000
48.000000000000000,130.00000000000000,0.0000000000000000
49.000000000000000,130.00000000000000,0.0000000000000000
50.000000000000000,130.00000000000000,0.0000000000000000
51.000000000000000,130.00000000000000,0.0000000000000000
52.000000000000000,130.00000000000000,0.0000000000000000
53.000000000000000,130.00000000000000,0.0000000000000000
54.000000000000000,130.00000000000000,0.0000000000000000
55.000000000000000,130.00000000000000,0.0000000000000000
56.000000000000000,130.00000000000000,0.0000000000000000
57.000000000000000,130.00000000000000,0.0000000000000000
58.000000000000000,130.00000000000000,0.0000000000000000
59.000000000000000,130.00000000000000,0.0000000000000000
60.000000000000000,130.00000000000000,0.0000000000000000
61.000000000000000,130.00000000000000,0.0000000000000000
62.000000000000000,130.00000000000000,0.0000000000000000
63.000000000000000,130.00000000000000,0.0000000000000000
64.000000000000000,130.00000000000000,0.0000000000000000
65.000000000000000,130.00000000000000,0.0000000000000000
66.000000000000000,130.00000000000000,0.0000000000000000
67.000000000000000,130.00000000000000,0.0000000000000000
68.000000000000000,130.00000000000000,0.0000000000000000
69.000000000000000,130.00000000000000,0.0000000000000000
70.000000000000000,130.00000000000000,0.0000000000000000
71.000000000000000,130.00000000000000,0.0000000000000000
72.000000000000000,130.00000000000000,0.0000000000000000
73.000000000000000,130.00000000000000,0.0000000000000000
74.000000000000000,130.00000000000000,0.0000000000000000
75.000000000000000,130.00000000000000,0.0000000000000000
76.000000000000000,130.00000000000000,0.0000000000000000
77.000000000000000,130.00000000000000,0.0000000000000000
78.000000000000000,130.00000000000000,0.0000000000000000
79.000000000000000,130.00000000000000,0.0000000000000000
80.000000000000000,130.00000000000000,0.0000000000000000
81.000000000000000,130.00000000000000,0.0000000000000000
82.000000000000000,130.00000000000000,0.0000000000000000
83.000000000000000,130.00000000000000,0.0000000000000000
84.000000000000000,130.00000000000000,0.0000000000000000
85.000000000000000,130.00000000000000,0.0000000000000000
86.000000000000000,130.00000000000000,0.0000000000000000
87.000000000000000,130.00000000000000,0.0000000000000000
88.000000000000000,130.00000000000000,0.0000000000000000
89.000000000000000,130.00000000000000,0.0000000000000000
90.000000000000000,130.00000000000000,0.0000000000000000
91.000000000000000,130.00000000000000,0.0000000000000000
92.000000000000000,130.00000000000000,0.0000000000000000
93.000000000000000,130.00000000000000,0.0000000000000000
94.000000000000000,130.00000000000000,0.0000000000000000
95.000000000000000,130.00000000000000,0.0000000000000000
96.000000000000000,130.00000000000000,0.0000000000000000
97.000000000000000,130.00000000000000,0.0000000000000000
98.000000000000000,130.00000000000000,0.0000000000000000
99.000000000000000,130.00000000000000,0.0000000000000000
100.00000000000000,130.00000000000000,0.0000000000000000
101.00000000000000,130.00000000000000,0.0000000000000000
102.00000000000000,130.00000000000000,0.0000000000000000
103.00000000000000,130.00000000000000,0.0000000000000000
104.00000000000000,130.00000000000000,0.0000000000000000
105.00000000000000,130.00000000000000,0.0000000000000000
106.00000000000000,130.00000000000000,0.0000000000000000
107.00000000000000,130.00000000000000,0.0000000000000000
108.00000000000000,130.00000000000000,0.0000000000000000
109.00000000000000,130.00000000000000,0.0000000000000000
110.00000000000000,130.00000000000000,0.0000000000000000
111.00000000000000,130.00000000000000,0.0000000000000000
112.00000000000000,130.00000000000000,0.0000000000000000
113.00000000000000,130.00000000000000,0.0000000000000000
1.0000000000000000,131.00000000000000,0.0000000000000000
2.0000000000000000,131.00000000000000,0.0000000000000000
3.0000000000000000,131.00000000000000,0.0000000000000000
4.0000000000000000,131.00000000000000,0.0000000000000000
5.0000000000000000,131.00000000000000,0.0000000000000000
6.0000000000000000,131.00000000000000,0.0000000000000000
7.0000000000000000,131.00000000000000,0.0000000000000000
8.0000000000000000,131.00000000000000,0.0000000000000000
9.0000000000000000,131.00000000000000,0.0000000000000000
10.000000000000000,131.00000000000000,0.0000000000000000
11.000000000000000,131.00000000000000,0.0000000000000000
12.000000000000000,131.00000000000000,0.0000000000000000
13.000000000000000,131.00000000000000,0.0000000000000000
14.000000000000000,131.00000000000000,0.0000000000000000
15.000000000000000,131.00000000000000,0.0000000000000000
16.000000000000000,131.00000000000000,0.0000000000000000
17.000000000000000,131.00000000000000,0.0000000000000000
18.000000000000000,131.00000000000000,0.0000000000000000
19.000000000000000,131.00000000000000,0.0000000000000000
20.000000000000000,131.00000000000000,0.0000000000000000
21.000000000000000,131.00000000000000,0.0000000000000000
22.000000000000000,131.00000000000000,0.0000000000000000
23.000000000000000,131.00000000000000,0.0000000000000000
24.000000000000000,131.00000000000000,0.0000000000000000
25.000000000000000,131.00000000000000,0.0000000000000000
26.000000000000000,131.00000000000000,0.0000000000000000
27.000000000000000,131.00000000000000,0.0000000000000000
28.000000000000000,131.00000000000000,0.0000000000000000
29.000000000000000,131.00000000000000,0.0000000000000000
30.000000000000000,131.00000000000000,0.0000000000000000
31.000000000000000,131.00000000000000,0.0000000000000000
32.000000000000000,131.00000000000000,0.0000000000000000
33.000000000000000,131.00000000000000,0.0000000000000000
34.000000000000000,131.00000000000000,0.0000000000000000
35.000000000000000,131.00000000000000,0.0000000000000000
36.000000000000000,131.00000000000000,0.0000000000000000
37.000000000000000,131.00000000000000,0.0000000000000000
38.000000000000000,131.00000000000000,0.0000000000000000
39.000000000000000,131.00000000000000,0.0000000000000000
40.000000000000000,131.00000000000000,0.0000000000000000
41.000000000000000,131.00000000000000,0.0000000000000000
42.000000000000000,131.00000000000000,0.0000000000000000
43.000000000000000,131.00000000000000,0.0000000000000000
44.000000000000000,131.00000000000000,0.0000000000000000
45.000000000000000,131.00000000000000,0.0000000000000000
46.000000000000000,131.00000000000000,0.0000000000000000
47.000000000000000,131.00000000000000,0.0000000000000000
48.000000000000000,131.00000000000000,0.0000000000000000
49.000000000000000,131.00000000000000,0.0000000000000000
50.000000000000000,131.00000000000000,0.0000000000000000
51.000000000000000,131.00000000000000,0.0000000000000000
52.000000000000000,131.00000000000000,0.0000000000000000
53.000000000000000,131.00000000000000,0.0000000000000000
54.000000000000000,131.00000000000000,0.0000000000000000
55.000000000000000,131.00000000000000,0.0000000000000000
56.000000000000000,131.00000000000000,0.0000000000000000
57.000000000000000,131.00000000000000,0.0000000000000000
58.000000000000000,131.00000000000000,0.0000000000000000
59.000000000000000,131.00000000000000,0.0000000000000000
60.000000000000000,131.00000000000000,0.0000000000000000
61.000000000000000,131.00000000000000,0.0000000000000000
62.000000000000000,131.00000000000000,0.0000000000000000
63.000000000000000,131.00000000000000,0.0000000000000000
64.000000000000000,131.00000000000000,0.0000000000000000
65.000000000000000,131.00000000000000,0.0000000000000000
66.000000000000000,131.00000000000000,0.0000000000000000
67.000000000000000,131.00000000000000,0.0000000000000000
68.000000000000000,131.00000000000000,0.0000000000000000
69.000000000000000,131.00000000000000,0.0000000000000000
70.000000000000000,131.00000000000000,0.0000000000000000
71.000000000000000,131.00000000000000,0.0000000000000000
72.000000000000000,131.00000000000000,0.0000000000000000
73.000000000000000,131.00000000000000,0.0000000000000000
74.000000000000000,131.00000000000000,0.0000000000000000
75.000000000000000,131.00000000000000,0.0000000000000000
76.000000000000000,131.00000000000000,0.0000000000000000
77.000000000000000,131.00000000000000,0.0000000000000000
78.000000000000000,131.00000000000000,0.0000000000000000
79.000000000000000,131.00000000000000,0.0000000000000000
80.000000000000000,131.00000000000000,0.0000000000000000
81.000000000000000,131.00000000000000,0.0000000000000000
82.000000000000000,131.00000000000000,0.0000000000000000
83.000000000000000,131.00000000000000,0.0000000000000000
84.000000000000000,131.00000000000000,0.0000000000000000
85.000000000000000,131.00000000000000,0.0000000000000000
86.000000000000000,131.00000000000000,0.0000000000000000
87.000000000000000,131.00000000000000,0.0000000000000000
88.000000000000000,131.00000000000000,0.0000000000000000
89.000000000000000,131.00000000000000,0.0000000000000000
90.000000000000000,131.00000000000000,0.0000000000000000
91.000000000000000,131.00000000000000,0.0000000000000000
92.000000000000000,131.00000000000000,0.0000000000000000
93.000000000000000,131.00000000000000,0.0000000000000000
94.000000000000000,131.00000000000000,0.0000000000000000
95.000000000000000,131.00000000000000,0.0000000000000000
96.000000000000000,131.00000000000000,0.0000000000000000
97.000000000000000,131.00000000000000,0.0000000000000000
98.000000000000000,131.00000000000000,0.0000000000000000
99.000000000000000,131.00000000000000,0.0000000000000000
100.00000000000000,131.00000000000000,0.0000000000000000
101.00000000000000,131.00000000000000,0.0000000000000000
102.00000000000000,131.00000000000000,0.0000000000000000
103.00000000000000,131.00000000000000,0.0000000000000000
104.00000000000000,131.00000000000000,0.0000000000000000
105.00000000000000,131.00000000000000,0.0000000000000000
106.00000000000000,131.00000000000000,0.0000000000000000
107.00000000000000,131.00000000000000,0.0000000000000000
108.00000000000000,131.00000000000000,0.0000000000000000
109.00000000000000,131.00000000000000,0.0000000000000000
110.00000000000000,131.00000000000000,0.0000000000000000
111.00000000000000,131.00000000000000,0.0000000000000000
112.00000000000000,131.00000000000000,0.0000000000000000
113.00000000000000,131.00000000000000,0.0000000000000000
1.0000000000000000,132.00000000000000,0.0000000000000000
2.0000000000000000,132.00000000000000,0.0000000000000000
3.0000000000000000,132.00000000000000,0.0000000000000000
4.0000000000000000,132.00000000000000,0.0000000000000000
5.0000000000000000,132.00000000000000,0.0000000000000000
6.0000000000000000,132.00000000000000,0.0000000000000000
7.0000000000000000,132.00000000000000,0.0000000000000000
8.0000000000000000,132.00000000000000,0.0000000000000000
9.0000000000000000,132.00000000000000,0.0000000000000000
10.000000000000000,132.00000000000000,0.0000000000000000
11.000000000000000,132.00000000000000,0.0000000000000000
12.000000000000000,132.00000000000000,0.0000000000000000
13.000000000000000,132.00000000000000,0.0000000000000000
14.000000000000000,132.00000000000000,0.0000000000000000
15.000000000000000,132.00000000000000,0.0000000000000000
16.000000000000000,132.00000000000000,0.0000000000000000
17.000000000000000,132.00000000000000,0.0000000000000000
18.000000000000000,132.00000000000000,0.0000000000000000
19.000000000000000,132.00000000000000,0.0000000000000000
20.000000000000000,132.00000000000000,0.0000000000000000
21.000000000000000,132.00000000000000,0.0000000000000000
22.000000000000000,132.00000000000000,0.0000000000000000
23.000000000000000,132.00000000000000,0.0000000000000000
24.000000000000000,132.00000000000000,0.0000000000000000
25.000000000000000,132.00000000000000,0.0000000000000000
26.000000000000000,132.00000000000000,0.0000000000000000
27.000000000000000,132.00000000000000,0.0000000000000000
28.000000000000000,132.00000000000000,0.0000000000000000
29.000000000000000,132.00000000000000,0.0000000000000000
30.000000000000000,132.00000000000000,0.0000000000000000
31.000000000000000,132.00000000000000,0.0000000000000000
32.000000000000000,132.00000000000000,0.0000000000000000
33.000000000000000,132.00000000000000,0.0000000000000000
34.000000000000000,132.00000000000000,0.0000000000000000
35.000000000000000,132.00000000000000,0.0000000000000000
36.000000000000000,132.00000000000000,0.0000000000000000
37.000000000000000,132.00000000000000,0.0000000000000000
38.000000000000000,132.00000000000000,0.0000000000000000
39.000000000000000,132.00000000000000,0.0000000000000000
40.000000000000000,132.00000000000000,0.0000000000000000
41.000000000000000,132.00000000000000,0.0000000000000000
42.000000000000000,132.00000000000000,0.0000000000000000
43.000000000000000,132.00000000000000,0.0000000000000000
44.000000000000000,132.00000000000000,0.0000000000000000
45.000000000000000,132.00000000000000,0.0000000000000000
46.000000000000000,132.00000000000000,0.0000000000000000
47.000000000000000,132.00000000000000,0.0000000000000000
48.000000000000000,132.00000000000000,0.0000000000000000
49.000000000000000,132.00000000000000,0.0000000000000000
50.000000000000000,132.00000000000000,0.0000000000000000
51.000000000000000,132.00000000000000,0.0000000000000000
52.000000000000000,132.00000000000000,0.0000000000000000
53.000000000000000,132.00000000000000,0.0000000000000000
54.000000000000000,132.00000000000000,0.0000000000000000
55.000000000000000,132.00000000000000,0.0000000000000000
56.000000000000000,132.00000000000000,0.0000000000000000
57.000000000000000,132.00000000000000,0.0000000000000000
58.000000000000000,132.00000000000000,0.0000000000000000
59.000000000000000,132.00000000000000,0.0000000000000000
60.000000000000000,132.00000000000000,0.0000000000000000
61.000000000000000,132.00000000000000,0.0000000000000000
62.000000000000000,132.00000000000000,0.0000000000000000
63.000000000000000,132.00000000000000,0.0000000000000000
64.000000000000000,132.00000000000000,0.0000000000000000
65.000000000000000,132.00000000000000,0.0000000000000000
66.000000000000000,132.00000000000000,0.0000000000000000
67.000000000000000,132.00000000000000,0.0000000000000000
68.000000000000000,132.00000000000000,0.0000000000000000
69.000000000000000,132.00000000000000,0.0000000000000000
70.000000000000000,132.00000000000000,0.0000000000000000
71.000000000000000,132.00000000000000,0.0000000000000000
72.000000000000000,132.00000000000000,0.0000000000000000
73.000000000000000,132.00000000000000,0.0000000000000000
74.000000000000000,132.00000000000000,0.0000000000000000
75.000000000000000,132.00000000000000,0.0000000000000000
76.000000000000000,132.00000000000000,0.0000000000000000
77.000000000000000,132.00000000000000,0.0000000000000000
78.000000000000000,132.00000000000000,0.0000000000000000
79.000000000000000,132.00000000000000,0.0000000000000000
80.000000000000000,132.00000000000000,0.0000000000000000
81.000000000000000,132.00000000000000,0.0000000000000000
82.000000000000000,132.00000000000000,0.0000000000000000
83.000000000000000,132.00000000000000,0.0000000000000000
84.000000000000000,132.00000000000000,0.0000000000000000
85.000000000000000,132.00000000000000,0.0000000000000000
86.000000000000000,132.00000000000000,0.0000000000000000
87.000000000000000,132.00000000000000,0.0000000000000000
88.000000000000000,132.00000000000000,0.0000000000000000
89.000000000000000,132.00000000000000,0.0000000000000000
90.000000000000000,132.00000000000000,0.0000000000000000
91.000000000000000,132.00000000000000,0.0000000000000000
92.000000000000000,132.00000000000000,0.0000000000000000
93.000000000000000,132.00000000000000,0.0000000000000000
94.000000000000000,132.00000000000000,0.0000000000000000
95.000000000000000,132.00000000000000,0.0000000000000000
96.000000000000000,132.00000000000000,0.0000000000000000
97.000000000000000,132.00000000000000,0.0000000000000000
98.000000000000000,132.00000000000000,0.0000000000000000
99.000000000000000,132.00000000000000,0.0000000000000000
100.00000000000000,132.00000000000000,0.0000000000000000
101.00000000000000,132.00000000000000,0.0000000000000000
102.00000000000000,132.00000000000000,0.0000000000000000
103.00000000000000,132.00000000000000,0.0000000000000000
104.00000000000000,132.00000000000000,0.0000000000000000
105.00000000000000,132.00000000000000,0.0000000000000000
106.00000000000000,132.00000000000000,0.0000000000000000
107.00000000000000,132.00000000000000,0.0000000000000000
108.00000000000000,132.00000000000000,0.0000000000000000
109.00000000000000,132.00000000000000,0.0000000000000000
110.00000000000000,132.00000000000000,0.0000000000000000
111.00000000000000,132.00000000000000,0.0000000000000000
112.00000000000000,132.00000000000000,0.0000000000000000
113.00000000000000,132.00000000000000,0.0000000000000000
1.0000000000000000,133.00000000000000,0.0000000000000000
2.0000000000000000,133.00000000000000,0.0000000000000000
3.0000000000000000,133.00000000000000,0.0000000000000000
4.0000000000000000,133.00000000000000,0.0000000000000000
5.0000000000000000,133.00000000000000,0.0000000000000000
6.0000000000000000,133.00000000000000,0.0000000000000000
7.0000000000000000,133.00000000000000,0.0000000000000000
8.0000000000000000,133.00000000000000,0.0000000000000000
9.0000000000000000,133.00000000000000,0.0000000000000000
10.000000000000000,133.00000000000000,0.0000000000000000
11.000000000000000,133.00000000000000,0.0000000000000000
12.000000000000000,133.00000000000000,0.0000000000000000
13.000000000000000,133.00000000000000,0.0000000000000000
14.000000000000000,133.00000000000000,0.0000000000000000
15.000000000000000,133.00000000000000,0.0000000000000000
16.000000000000000,133.00000000000000,0.0000000000000000
17.000000000000000,133.00000000000000,0.0000000000000000
18.000000000000000,133.00000000000000,0.0000000000000000
19.000000000000000,133.00000000000000,0.0000000000000000
20.000000000000000,133.00000000000000,0.0000000000000000
21.000000000000000,133.00000000000000,0.0000000000000000
22.000000000000000,133.00000000000000,0.0000000000000000
23.000000000000000,133.00000000000000,0.0000000000000000
24.000000000000000,133.00000000000000,0.0000000000000000
25.000000000000000,133.00000000000000,0.0000000000000000
26.000000000000000,133.00000000000000,0.0000000000000000
27.000000000000000,133.00000000000000,0.0000000000000000
28.000000000000000,133.00000000000000,0.0000000000000000
29.000000000000000,133.00000000000000,0.0000000000000000
30.000000000000000,133.00000000000000,0.0000000000000000
31.000000000000000,133.00000000000000,0.0000000000000000
32.000000000000000,133.00000000000000,0.0000000000000000
33.000000000000000,133.00000000000000,0.0000000000000000
34.000000000000000,133.00000000000000,0.0000000000000000
35.000000000000000,133.00000000000000,0.0000000000000000
36.000000000000000,133.00000000000000,0.0000000000000000
37.000000000000000,133.00000000000000,0.0000000000000000
38.000000000000000,133.00000000000000,0.0000000000000000
39.000000000000000,133.00000000000000,0.0000000000000000
40.000000000000000,133.00000000000000,0.0000000000000000
41.000000000000000,133.00000000000000,0.0000000000000000
42.000000000000000,133.00000000000000,0.0000000000000000
43.000000000000000,133.00000000000000,0.0000000000000000
44.000000000000000,133.00000000000000,0.0000000000000000
45.000000000000000,133.00000000000000,0.0000000000000000
46.000000000000000,133.00000000000000,0.0000000000000000
47.000000000000000,133.00000000000000,0.0000000000000000
48.000000000000000,133.00000000000000,0.0000000000000000
49.000000000000000,133.00000000000000,0.0000000000000000
50.000000000000000,133.00000000000000,0.0000000000000000
51.000000000000000,133.00000000000000,0.0000000000000000
52.000000000000000,133.00000000000000,0.0000000000000000
53.000000000000000,133.00000000000000,0.0000000000000000
54.000000000000000,133.00000000000000,0.0000000000000000
55.000000000000000,133.00000000000000,0.0000000000000000
56.000000000000000,133.00000000000000,0.0000000000000000
57.000000000000000,133.00000000000000,0.0000000000000000
58.000000000000000,133.00000000000000,0.0000000000000000
59.000000000000000,133.00000000000000,0.0000000000000000
60.000000000000000,133.00000000000000,0.0000000000000000
61.000000000000000,133.00000000000000,0.0000000000000000
62.000000000000000,133.00000000000000,0.0000000000000000
63.000000000000000,133.00000000000000,0.0000000000000000
64.000000000000000,133.00000000000000,0.0000000000000000
65.000000000000000,133.00000000000000,0.0000000000000000
66.000000000000000,133.00000000000000,0.0000000000000000
67.000000000000000,133.00000000000000,0.0000000000000000
68.000000000000000,133.00000000000000,0.0000000000000000
69.000000000000000,133.00000000000000,0.0000000000000000
70.000000000000000,133.00000000000000,0.0000000000000000
71.000000000000000,133.00000000000000,0.0000000000000000
72.000000000000000,133.00000000000000,0.0000000000000000
73.000000000000000,133.00000000000000,0.0000000000000000
74.000000000000000,133.00000000000000,0.0000000000000000
75.000000000000000,133.00000000000000,0.0000000000000000
76.000000000000000,133.00000000000000,0.0000000000000000
77.000000000000000,133.00000000000000,0.0000000000000000
78.000000000000000,133.00000000000000,0.0000000000000000
79.000000000000000,133.00000000000000,0.0000000000000000
80.000000000000000,133.00000000000000,0.0000000000000000
81.000000000000000,133.00000000000000,0.0000000000000000
82.000000000000000,133.00000000000000,0.0000000000000000
83.000000000000000,133.00000000000000,0.0000000000000000
84.000000000000000,133.00000000000000,0.0000000000000000
85.000000000000000,133.00000000000000,0.0000000000000000
86.000000000000000,133.00000000000000,0.0000000000000000
87.000000000000000,133.00000000000000,0.0000000000000000
88.000000000000000,133.00000000000000,0.0000000000000000
89.000000000000000,133.00000000000000,0.0000000000000000
90.000000000000000,133.00000000000000,0.0000000000000000
91.000000000000000,133.00000000000000,0.0000000000000000
92.000000000000000,133.00000000000000,0.0000000000000000
93.000000000000000,133.00000000000000,0.0000000000000000
94.000000000000000,133.00000000000000,0.0000000000000000
95.000000000000000,133.00000000000000,0.0000000000000000
96.000000000000000,133.00000000000000,0.0000000000000000
97.000000000000000,133.00000000000000,0.0000000000000000
98.000000000000000,133.00000000000000,0.0000000000000000
99.000000000000000,133.00000000000000,0.0000000000000000
100.00000000000000,133.00000000000000,0.0000000000000000
101.00000000000000,133.00000000000000,0.0000000000000000
102.00000000000000,133.00000000000000,0.0000000000000000
103.00000000000000,133.00000000000000,0.0000000000000000
104.00000000000000,133.00000000000000,0.0000000000000000
105.00000000000000,133.00000000000000,0.0000000000000000
106.00000000000000,133.00000000000000,0.0000000000000000
107.00000000000000,133.00000000000000,0.0000000000000000
108.00000000000000,133.00000000000000,0.0000000000000000
109.00000000000000,133.00000000000000,0.0000000000000000
110.00000000000000,133.00000000000000,0.0000000000000000
111.00000000000000,133.00000000000000,0.0000000000000000
112.00000000000000,133.00000000000000,0.0000000000000000
113.00000000000000,133.00000000000000,0.0000000000000000
1.0000000000000000,134.00000000000000,0.0000000000000000
2.0000000000000000,134.00000000000000,0.0000000000000000
3.0000000000000000,134.00000000000000,0.0000000000000000
4.0000000000000000,134.00000000000000,0.0000000000000000
5.0000000000000000,134.00000000000000,0.0000000000000000
6.0000000000000000,134.00000000000000,0.0000000000000000
7.0000000000000000,134.00000000000000,0.0000000000000000
8.0000000000000000,134.00000000000000,0.0000000000000000
9.0000000000000000,134.00000000000000,0.0000000000000000
10.000000000000000,134.00000000000000,0.0000000000000000
11.000000000000000,134.00000000000000,0.0000000000000000
12.000000000000000,134.00000000000000,0.0000000000000000
13.000000000000000,134.00000000000000,0.0000000000000000
14.000000000000000,134.00000000000000,0.0000000000000000
15.000000000000000,134.00000000000000,0.0000000000000000
16.000000000000000,134.00000000000000,0.0000000000000000
17.000000000000000,134.00000000000000,0.0000000000000000
18.000000000000000,134.00000000000000,0.0000000000000000
19.000000000000000,134.00000000000000,0.0000000000000000
20.000000000000000,134.00000000000000,0.0000000000000000
21.000000000000000,134.00000000000000,0.0000000000000000
22.000000000000000,134.00000000000000,0.0000000000000000
23.000000000000000,134.00000000000000,0.0000000000000000
24.000000000000000,134.00000000000000,0.0000000000000000
25.000000000000000,134.00000000000000,0.0000000000000000
26.000000000000000,134.00000000000000,0.0000000000000000
27.000000000000000,134.00000000000000,0.0000000000000000
28.000000000000000,134.00000000000000,0.0000000000000000
29.000000000000000,134.00000000000000,0.0000000000000000
30.000000000000000,134.00000000000000,0.0000000000000000
31.000000000000000,134.00000000000000,0.0000000000000000
32.000000000000000,134.00000000000000,0.0000000000000000
33.000000000000000,134.00000000000000,0.0000000000000000
34.000000000000000,134.00000000000000,0.0000000000000000
35.000000000000000,134.00000000000000,0.0000000000000000
36.000000000000000,134.00000000000000,0.0000000000000000
37.000000000000000,134.00000000000000,0.0000000000000000
38.000000000000000,134.00000000000000,0.0000000000000000
39.000000000000000,134.00000000000000,0.0000000000000000
40.000000000000000,134.00000000000000,0.0000000000000000
41.000000000000000,134.00000000000000,0.0000000000000000
42.000000000000000,134.00000000000000,0.0000000000000000
43.000000000000000,134.00000000000000,0.0000000000000000
44.000000000000000,134.00000000000000,0.0000000000000000
45.000000000000000,134.00000000000000,0.0000000000000000
46.000000000000000,134.00000000000000,0.0000000000000000
47.000000000000000,134.00000000000000,0.0000000000000000
48.000000000000000,134.00000000000000,0.0000000000000000
49.000000000000000,134.00000000000000,0.0000000000000000
50.000000000000000,134.00000000000000,0.0000000000000000
51.000000000000000,134.00000000000000,0.0000000000000000
52.000000000000000,134.00000000000000,0.0000000000000000
53.000000000000000,134.00000000000000,0.0000000000000000
54.000000000000000,134.00000000000000,0.0000000000000000
55.000000000000000,134.00000000000000,0.0000000000000000
56.000000000000000,134.00000000000000,0.0000000000000000
57.000000000000000,134.00000000000000,0.0000000000000000
58.000000000000000,134.00000000000000,0.0000000000000000
59.000000000000000,134.00000000000000,0.0000000000000000
60.000000000000000,134.00000000000000,0.0000000000000000
61.000000000000000,134.00000000000000,0.0000000000000000
62.000000000000000,134.00000000000000,0.0000000000000000
63.000000000000000,134.00000000000000,0.0000000000000000
64.000000000000000,134.00000000000000,0.0000000000000000
65.000000000000000,134.00000000000000,0.0000000000000000
66.000000000000000,134.00000000000000,0.0000000000000000
67.000000000000000,134.00000000000000,0.0000000000000000
68.000000000000000,134.00000000000000,0.0000000000000000
69.000000000000000,134.00000000000000,0.0000000000000000
70.000000000000000,134.00000000000000,0.0000000000000000
71.000000000000000,134.00000000000000,0.0000000000000000
72.000000000000000,134.00000000000000,0.0000000000000000
73.000000000000000,134.00000000000000,0.0000000000000000
74.000000000000000,134.00000000000000,0.0000000000000000
75.000000000000000,134.00000000000000,0.0000000000000000
76.000000000000000,134.00000000000000,0.0000000000000000
77.000000000000000,134.00000000000000,0.0000000000000000
78.000000000000000,134.00000000000000,0.0000000000000000
79.000000000000000,134.00000000000000,0.0000000000000000
80.000000000000000,134.00000000000000,0.0000000000000000
81.000000000000000,134.00000000000000,0.0000000000000000
82.000000000000000,134.00000000000000,0.0000000000000000
83.000000000000000,134.00000000000000,0.0000000000000000
84.000000000000000,134.00000000000000,0.0000000000000000
85.000000000000000,134.00000000000000,0.0000000000000000
86.000000000000000,134.00000000000000,0.0000000000000000
87.000000000000000,134.00000000000000,0.0000000000000000
88.000000000000000,134.00000000000000,0.0000000000000000
89.000000000000000,134.00000000000000,0.0000000000000000
90.000000000000000,134.00000000000000,0.0000000000000000
91.000000000000000,134.00000000000000,0.0000000000000000
92.000000000000000,134.00000000000000,0.0000000000000000
93.000000000000000,134.00000000000000,0.0000000000000000
94.000000000000000,134.00000000000000,0.0000000000000000
95.000000000000000,134.00000000000000,0.0000000000000000
96.000000000000000,134.00000000000000,0.0000000000000000
97.000000000000000,134.00000000000000,0.0000000000000000
98.000000000000000,134.00000000000000,0.0000000000000000
99.000000000000000,134.00000000000000,0.0000000000000000
100.00000000000000,134.00000000000000,0.0000000000000000
101.00000000000000,134.00000000000000,0.0000000000000000
102.00000000000000,134.00000000000000,0.0000000000000000
103.00000000000000,134.00000000000000,0.0000000000000000
104.00000000000000,134.00000000000000,0.0000000000000000
105.00000000000000,134.00000000000000,0.0000000000000000
106.00000000000000,134.00000000000000,0.0000000000000000
107.00000000000000,134.00000000000000,0.0000000000000000
108.00000000000000,134.00000000000000,0.0000000000000000
109.00000000000000,134.00000000000000,0.0000000000000000
110.00000000000000,134.00000000000000,0.0000000000000000
111.00000000000000,134.00000000000000,0.0000000000000000
112.00000000000000,134.00000000000000,0.0000000000000000
113.00000000000000,134.00000000000000,0.0000000000000000
1.0000000000000000,135.00000000000000,0.0000000000000000
2.0000000000000000,135.00000000000000,0.0000000000000000
3.0000000000000000,135.00000000000000,0.0000000000000000
4.0000000000000000,135.00000000000000,0.0000000000000000
5.0000000000000000,135.00000000000000,0.0000000000000000
6.0000000000000000,135.00000000000000,0.0000000000000000
7.0000000000000000,135.00000000000000,0.0000000000000000
8.0000000000000000,135.00000000000000,0.0000000000000000
9.0000000000000000,135.00000000000000,0.0000000000000000
10.000000000000000,135.00000000000000,0.0000000000000000
11.000000000000000,135.00000000000000,0.0000000000000000
12.000000000000000,135.00000000000000,0.0000000000000000
13.000000000000000,135.00000000000000,0.0000000000000000
14.000000000000000,135.00000000000000,0.0000000000000000
15.000000000000000,135.00000000000000,0.0000000000000000
16.000000000000000,135.00000000000000,0.0000000000000000
17.000000000000000,135.00000000000000,0.0000000000000000
18.000000000000000,135.00000000000000,0.0000000000000000
19.000000000000000,135.00000000000000,0.0000000000000000
20.000000000000000,135.00000000000000,0.0000000000000000
21.000000000000000,135.00000000000000,0.0000000000000000
22.000000000000000,135.00000000000000,0.0000000000000000
23.000000000000000,135.00000000000000,0.0000000000000000
24.000000000000000,135.00000000000000,0.0000000000000000
25.000000000000000,135.00000000000000,0.0000000000000000
26.000000000000000,135.00000000000000,0.0000000000000000
27.000000000000000,135.00000000000000,0.0000000000000000
28.000000000000000,135.00000000000000,0.0000000000000000
29.000000000000000,135.00000000000000,0.0000000000000000
30.000000000000000,135.00000000000000,0.0000000000000000
31.000000000000000,135.00000000000000,0.0000000000000000
32.000000000000000,135.00000000000000,0.0000000000000000
33.000000000000000,135.00000000000000,0.0000000000000000
34.000000000000000,135.00000000000000,0.0000000000000000
35.000000000000000,135.00000000000000,0.0000000000000000
36.000000000000000,135.00000000000000,0.0000000000000000
37.000000000000000,135.00000000000000,0.0000000000000000
38.000000000000000,135.00000000000000,0.0000000000000000
39.000000000000000,135.00000000000000,0.0000000000000000
40.000000000000000,135.00000000000000,0.0000000000000000
41.000000000000000,135.00000000000000,0.0000000000000000
42.000000000000000,135.00000000000000,0.0000000000000000
43.000000000000000,135.00000000000000,0.0000000000000000
44.000000000000000,135.00000000000000,0.0000000000000000
45.000000000000000,135.00000000000000,0.0000000000000000
46.000000000000000,135.00000000000000,0.0000000000000000
47.000000000000000,135.00000000000000,0.0000000000000000
48.000000000000000,135.00000000000000,0.0000000000000000
49.000000000000000,135.00000000000000,0.0000000000000000
50.000000000000000,135.00000000000000,0.0000000000000000
51.000000000000000,135.00000000000000,0.0000000000000000
52.000000000000000,135.00000000000000,0.0000000000000000
53.000000000000000,135.00000000000000,0.0000000000000000
54.000000000000000,135.00000000000000,0.0000000000000000
55.000000000000000,135.00000000000000,0.0000000000000000
56.000000000000000,135.00000000000000,0.0000000000000000
57.000000000000000,135.00000000000000,0.0000000000000000
58.000000000000000,135.00000000000000,0.0000000000000000
59.000000000000000,135.00000000000000,0.0000000000000000
60.000000000000000,135.00000000000000,0.0000000000000000
61.000000000000000,135.00000000000000,0.0000000000000000
62.000000000000000,135.00000000000000,0.0000000000000000
63.000000000000000,135.00000000000000,0.0000000000000000
64.000000000000000,135.00000000000000,0.0000000000000000
65.000000000000000,135.00000000000000,0.0000000000000000
66.000000000000000,135.00000000000000,0.0000000000000000
67.000000000000000,135.00000000000000,0.0000000000000000
68.000000000000000,135.00000000000000,0.0000000000000000
69.000000000000000,135.00000000000000,0.0000000000000000
70.000000000000000,135.00000000000000,0.0000000000000000
71.000000000000000,135.00000000000000,0.0000000000000000
72.000000000000000,135.00000000000000,0.0000000000000000
73.000000000000000,135.00000000000000,0.0000000000000000
74.000000000000000,135.00000000000000,0.0000000000000000
75.000000000000000,135.00000000000000,0.0000000000000000
76.000000000000000,135.00000000000000,0.0000000000000000
77.000000000000000,135.00000000000000,0.0000000000000000
78.000000000000000,135.00000000000000,0.0000000000000000
79.000000000000000,135.00000000000000,0.0000000000000000
80.000000000000000,135.00000000000000,0.0000000000000000
81.000000000000000,135.00000000000000,0.0000000000000000
82.000000000000000,135.00000000000000,0.0000000000000000
83.000000000000000,135.00000000000000,0.0000000000000000
84.000000000000000,135.00000000000000,0.0000000000000000
85.000000000000000,135.00000000000000,0.0000000000000000
86.000000000000000,135.00000000000000,0.0000000000000000
87.000000000000000,135.00000000000000,0.0000000000000000
88.000000000000000,135.00000000000000,0.0000000000000000
89.000000000000000,135.00000000000000,0.0000000000000000
90.000000000000000,135.00000000000000,0.0000000000000000
91.000000000000000,135.00000000000000,0.0000000000000000
92.000000000000000,135.00000000000000,0.0000000000000000
93.000000000000000,135.00000000000000,0.0000000000000000
94.000000000000000,135.00000000000000,0.0000000000000000
95.000000000000000,135.00000000000000,0.0000000000000000
96.000000000000000,135.00000000000000,0.0000000000000000
97.000000000000000,135.00000000000000,0.0000000000000000
98.000000000000000,135.00000000000000,0.0000000000000000
99.000000000000000,135.00000000000000,0.0000000000000000
100.00000000000000,135.00000000000000,0.0000000000000000
101.00000000000000,135.00000000000000,0.0000000000000000
102.00000000000000,135.00000000000000,0.0000000000000000
103.00000000000000,135.00000000000000,0.0000000000000000
104.00000000000000,135.00000000000000,0.0000000000000000
105.00000000000000,135.00000000000000,0.0000000000000000
106.00000000000000,135.00000000000000,0.0000000000000000
107.00000000000000,135.00000000000000,0.0000000000000000
108.00000000000000,135.00000000000000,0.0000000000000000
109.00000000000000,135.00000000000000,0.0000000000000000
110.00000000000000,135.00000000000000,0.0000000000000000
111.00000000000000,135.00000000000000,0.0000000000000000
112.00000000000000,135.00000000000000,0.0000000000000000
113.00000000000000,135.00000000000000,0.0000000000000000
1.0000000000000000,136.00000000000000,0.0000000000000000
2.0000000000000000,136.00000000000000,0.0000000000000000
3.0000000000000000,136.00000000000000,0.0000000000000000
4.0000000000000000,136.00000000000000,0.0000000000000000
5.0000000000000000,136.00000000000000,0.0000000000000000
6.0000000000000000,136.00000000000000,0.0000000000000000
7.0000000000000000,136.00000000000000,0.0000000000000000
8.0000000000000000,136.00000000000000,0.0000000000000000
9.0000000000000000,136.00000000000000,0.0000000000000000
10.000000000000000,136.00000000000000,0.0000000000000000
11.000000000000000,136.00000000000000,0.0000000000000000
12.000000000000000,136.00000000000000,0.0000000000000000
13.000000000000000,136.00000000000000,0.0000000000000000
14.000000000000000,136.00000000000000,0.0000000000000000
15.000000000000000,136.00000000000000,0.0000000000000000
16.000000000000000,136.00000000000000,0.0000000000000000
17.000000000000000,136.00000000000000,0.0000000000000000
18.000000000000000,136.00000000000000,0.0000000000000000
19.000000000000000,136.00000000000000,0.0000000000000000
20.000000000000000,136.00000000000000,0.0000000000000000
21.000000000000000,136.00000000000000,0.0000000000000000
22.000000000000000,136.00000000000000,0.0000000000000000
23.000000000000000,136.00000000000000,0.0000000000000000
24.000000000000000,136.00000000000000,0.0000000000000000
25.000000000000000,136.00000000000000,0.0000000000000000
26.000000000000000,136.00000000000000,0.0000000000000000
27.000000000000000,136.00000000000000,0.0000000000000000
28.000000000000000,136.00000000000000,0.0000000000000000
29.000000000000000,136.00000000000000,0.0000000000000000
30.000000000000000,136.00000000000000,0.0000000000000000
31.000000000000000,136.00000000000000,0.0000000000000000
32.000000000000000,136.00000000000000,0.0000000000000000
33.000000000000000,136.00000000000000,0.0000000000000000
34.000000000000000,136.00000000000000,0.0000000000000000
35.000000000000000,136.00000000000000,0.0000000000000000
36.000000000000000,136.00000000000000,0.0000000000000000
37.000000000000000,136.00000000000000,0.0000000000000000
38.000000000000000,136.00000000000000,0.0000000000000000
39.000000000000000,136.00000000000000,0.0000000000000000
40.000000000000000,136.00000000000000,0.0000000000000000
41.000000000000000,136.00000000000000,0.0000000000000000
42.000000000000000,136.00000000000000,0.0000000000000000
43.000000000000000,136.00000000000000,0.0000000000000000
44.000000000000000,136.00000000000000,0.0000000000000000
45.000000000000000,136.00000000000000,0.0000000000000000
46.000000000000000,136.00000000000000,0.0000000000000000
47.000000000000000,136.00000000000000,0.0000000000000000
48.000000000000000,136.00000000000000,0.0000000000000000
49.000000000000000,136.00000000000000,0.0000000000000000
50.000000000000000,136.00000000000000,0.0000000000000000
51.000000000000000,136.00000000000000,0.0000000000000000
52.000000000000000,136.00000000000000,0.0000000000000000
53.000000000000000,136.00000000000000,0.0000000000000000
54.000000000000000,136.00000000000000,0.0000000000000000
55.000000000000000,136.00000000000000,0.0000000000000000
56.000000000000000,136.00000000000000,0.0000000000000000
57.000000000000000,136.00000000000000,0.0000000000000000
58.000000000000000,136.00000000000000,0.0000000000000000
59.000000000000000,136.00000000000000,0.0000000000000000
60.000000000000000,136.00000000000000,0.0000000000000000
61.000000000000000,136.00000000000000,0.0000000000000000
62.000000000000000,136.00000000000000,0.0000000000000000
63.000000000000000,136.00000000000000,0.0000000000000000
64.000000000000000,136.00000000000000,0.0000000000000000
65.000000000000000,136.00000000000000,0.0000000000000000
66.000000000000000,136.00000000000000,0.0000000000000000
67.000000000000000,136.00000000000000,0.0000000000000000
68.000000000000000,136.00000000000000,0.0000000000000000
69.000000000000000,136.00000000000000,0.0000000000000000
70.000000000000000,136.00000000000000,0.0000000000000000
71.000000000000000,136.00000000000000,0.0000000000000000
72.000000000000000,136.00000000000000,0.0000000000000000
73.000000000000000,136.00000000000000,0.0000000000000000
74.000000000000000,136.00000000000000,0.0000000000000000
75.000000000000000,136.00000000000000,0.0000000000000000
76.000000000000000,136.00000000000000,0.0000000000000000
77.000000000000000,136.00000000000000,0.0000000000000000
78.000000000000000,136.00000000000000,0.0000000000000000
79.000000000000000,136.00000000000000,0.0000000000000000
80.000000000000000,136.00000000000000,0.0000000000000000
81.000000000000000,136.00000000000000,0.0000000000000000
82.000000000000000,136.00000000000000,0.0000000000000000
83.000000000000000,136.00000000000000,0.0000000000000000
84.000000000000000,136.00000000000000,0.0000000000000000
85.000000000000000,136.00000000000000,0.0000000000000000
86.000000000000000,136.00000000000000,0.0000000000000000
87.000000000000000,136.00000000000000,0.0000000000000000
88.000000000000000,136.00000000000000,0.0000000000000000
89.000000000000000,136.00000000000000,0.0000000000000000
90.000000000000000,136.00000000000000,0.0000000000000000
91.000000000000000,136.00000000000000,0.0000000000000000
92.000000000000000,136.00000000000000,0.0000000000000000
93.000000000000000,136.00000000000000,0.0000000000000000
94.000000000000000,136.00000000000000,0.0000000000000000
95.000000000000000,136.00000000000000,0.0000000000000000
96.000000000000000,136.00000000000000,0.0000000000000000
97.000000000000000,136.00000000000000,0.0000000000000000
98.000000000000000,136.00000000000000,0.0000000000000000
99.000000000000000,136.00000000000000,0.0000000000000000
100.00000000000000,136.00000000000000,0.0000000000000000
101.00000000000000,136.00000000000000,0.0000000000000000
102.00000000000000,136.00000000000000,0.0000000000000000
103.00000000000000,136.00000000000000,0.0000000000000000
104.00000000000000,136.00000000000000,0.0000000000000000
105.00000000000000,136.00000000000000,0.0000000000000000
106.00000000000000,136.00000000000000,0.0000000000000000
107.00000000000000,136.00000000000000,0.0000000000000000
108.00000000000000,136.00000000000000,0.0000000000000000
109.00000000000000,136.00000000000000,0.0000000000000000
110.00000000000000,136.00000000000000,0.0000000000000000
111.00000000000000,136.00000000000000,0.0000000000000000
112.00000000000000,136.00000000000000,0.0000000000000000
113.00000000000000,136.00000000000000,0.0000000000000000
1.0000000000000000,137.00000000000000,0.0000000000000000
2.0000000000000000,137.00000000000000,0.0000000000000000
3.0000000000000000,137.00000000000000,0.0000000000000000
4.0000000000000000,137.00000000000000,0.0000000000000000
5.0000000000000000,137.00000000000000,0.0000000000000000
6.0000000000000000,137.00000000000000,0.0000000000000000
7.0000000000000000,137.00000000000000,0.0000000000000000
8.0000000000000000,137.00000000000000,0.0000000000000000
9.0000000000000000,137.00000000000000,0.0000000000000000
10.000000000000000,137.00000000000000,0.0000000000000000
11.000000000000000,137.00000000000000,0.0000000000000000
12.000000000000000,137.00000000000000,0.0000000000000000
13.000000000000000,137.00000000000000,0.0000000000000000
14.000000000000000,137.00000000000000,0.0000000000000000
15.000000000000000,137.00000000000000,0.0000000000000000
16.000000000000000,137.00000000000000,0.0000000000000000
17.000000000000000,137.00000000000000,0.0000000000000000
18.000000000000000,137.00000000000000,0.0000000000000000
19.000000000000000,137.00000000000000,0.0000000000000000
20.000000000000000,137.00000000000000,0.0000000000000000
21.000000000000000,137.00000000000000,0.0000000000000000
22.000000000000000,137.00000000000000,0.0000000000000000
23.000000000000000,137.00000000000000,0.0000000000000000
24.000000000000000,137.00000000000000,0.0000000000000000
25.000000000000000,137.00000000000000,0.0000000000000000
26.000000000000000,137.00000000000000,0.0000000000000000
27.000000000000000,137.00000000000000,0.0000000000000000
28.000000000000000,137.00000000000000,0.0000000000000000
29.000000000000000,137.00000000000000,0.0000000000000000
30.000000000000000,137.00000000000000,0.0000000000000000
31.000000000000000,137.00000000000000,0.0000000000000000
32.000000000000000,137.00000000000000,0.0000000000000000
33.000000000000000,137.00000000000000,0.0000000000000000
34.000000000000000,137.00000000000000,0.0000000000000000
35.000000000000000,137.00000000000000,0.0000000000000000
36.000000000000000,137.00000000000000,0.0000000000000000
37.000000000000000,137.00000000000000,0.0000000000000000
38.000000000000000,137.00000000000000,0.0000000000000000
39.000000000000000,137.00000000000000,0.0000000000000000
40.000000000000000,137.00000000000000,0.0000000000000000
41.000000000000000,137.00000000000000,0.0000000000000000
42.000000000000000,137.00000000000000,0.0000000000000000
43.000000000000000,137.00000000000000,0.0000000000000000
44.000000000000000,137.00000000000000,0.0000000000000000
45.000000000000000,137.00000000000000,0.0000000000000000
46.000000000000000,137.00000000000000,0.0000000000000000
47.000000000000000,137.00000000000000,0.0000000000000000
48.000000000000000,137.00000000000000,0.0000000000000000
49.000000000000000,137.00000000000000,0.0000000000000000
50.000000000000000,137.00000000000000,0.0000000000000000
51.000000000000000,137.00000000000000,0.0000000000000000
52.000000000000000,137.00000000000000,0.0000000000000000
53.000000000000000,137.00000000000000,0.0000000000000000
54.000000000000000,137.00000000000000,0.0000000000000000
55.000000000000000,137.00000000000000,0.0000000000000000
56.000000000000000,137.00000000000000,0.0000000000000000
57.000000000000000,137.00000000000000,0.0000000000000000
58.000000000000000,137.00000000000000,0.0000000000000000
59.000000000000000,137.00000000000000,0.0000000000000000
60.000000000000000,137.00000000000000,0.0000000000000000
61.000000000000000,137.00000000000000,0.0000000000000000
62.000000000000000,137.00000000000000,0.0000000000000000
63.000000000000000,137.00000000000000,0.0000000000000000
64.000000000000000,137.00000000000000,0.0000000000000000
65.000000000000000,137.00000000000000,0.0000000000000000
66.000000000000000,137.00000000000000,0.0000000000000000
67.000000000000000,137.00000000000000,0.0000000000000000
68.000000000000000,137.00000000000000,0.0000000000000000
69.000000000000000,137.00000000000000,0.0000000000000000
70.000000000000000,137.00000000000000,0.0000000000000000
71.000000000000000,137.00000000000000,0.0000000000000000
72.000000000000000,137.00000000000000,0.0000000000000000
73.000000000000000,137.00000000000000,0.0000000000000000
74.000000000000000,137.00000000000000,0.0000000000000000
75.000000000000000,137.00000000000000,0.0000000000000000
76.000000000000000,137.00000000000000,0.0000000000000000
77.000000000000000,137.00000000000000,0.0000000000000000
78.000000000000000,137.00000000000000,0.0000000000000000
79.000000000000000,137.00000000000000,0.0000000000000000
80.000000000000000,137.00000000000000,0.0000000000000000
81.000000000000000,137.00000000000000,0.0000000000000000
82.000000000000000,137.00000000000000,0.0000000000000000
83.000000000000000,137.00000000000000,0.0000000000000000
84.000000000000000,137.00000000000000,0.0000000000000000
85.000000000000000,137.00000000000000,0.0000000000000000
86.000000000000000,137.00000000000000,0.0000000000000000
87.000000000000000,137.00000000000000,0.0000000000000000
88.000000000000000,137.00000000000000,0.0000000000000000
89.000000000000000,137.00000000000000,0.0000000000000000
90.000000000000000,137.00000000000000,0.0000000000000000
91.000000000000000,137.00000000000000,0.0000000000000000
92.000000000000000,137.00000000000000,0.0000000000000000
93.000000000000000,137.00000000000000,0.0000000000000000
94.000000000000000,137.00000000000000,0.0000000000000000
95.000000000000000,137.00000000000000,0.0000000000000000
96.000000000000000,137.00000000000000,0.0000000000000000
97.000000000000000,137.00000000000000,0.0000000000000000
98.000000000000000,137.00000000000000,0.0000000000000000
99.000000000000000,137.00000000000000,0.0000000000000000
100.00000000000000,137.00000000000000,0.0000000000000000
101.00000000000000,137.00000000000000,0.0000000000000000
102.00000000000000,137.00000000000000,0.0000000000000000
103.00000000000000,137.00000000000000,0.0000000000000000
104.00000000000000,137.00000000000000,0.0000000000000000
105.00000000000000,137.00000000000000,0.0000000000000000
106.00000000000000,137.00000000000000,0.0000000000000000
107.00000000000000,137.00000000000000,0.0000000000000000
108.00000000000000,137.00000000000000,0.0000000000000000
109.00000000000000,137.00000000000000,0.0000000000000000
110.00000000000000,137.00000000000000,0.0000000000000000
111.00000000000000,137.00000000000000,0.0000000000000000
112.00000000000000,137.00000000000000,0.0000000000000000
113.00000000000000,137.00000000000000,0.0000000000000000
1.0000000000000000,138.00000000000000,0.0000000000000000
2.0000000000000000,138.00000000000000,0.0000000000000000
3.0000000000000000,138.00000000000000,0.0000000000000000
4.0000000000000000,138.00000000000000,0.0000000000000000
5.0000000000000000,138.00000000000000,0.0000000000000000
6.0000000000000000,138.00000000000000,0.0000000000000000
7.0000000000000000,138.00000000000000,0.0000000000000000
8.0000000000000000,138.00000000000000,0.0000000000000000
9.0000000000000000,138.00000000000000,0.0000000000000000
10.000000000000000,138.00000000000000,0.0000000000000000
11.000000000000000,138.00000000000000,0.0000000000000000
12.000000000000000,138.00000000000000,0.0000000000000000
13.000000000000000,138.00000000000000,0.0000000000000000
14.000000000000000,138.00000000000000,0.0000000000000000
15.000000000000000,138.00000000000000,0.0000000000000000
16.000000000000000,138.00000000000000,0.0000000000000000
17.000000000000000,138.00000000000000,0.0000000000000000
18.000000000000000,138.00000000000000,0.0000000000000000
19.000000000000000,138.00000000000000,0.0000000000000000
20.000000000000000,138.00000000000000,0.0000000000000000
21.000000000000000,138.00000000000000,0.0000000000000000
22.000000000000000,138.00000000000000,0.0000000000000000
23.000000000000000,138.00000000000000,0.0000000000000000
24.000000000000000,138.00000000000000,0.0000000000000000
25.000000000000000,138.00000000000000,0.0000000000000000
26.000000000000000,138.00000000000000,0.0000000000000000
27.000000000000000,138.00000000000000,0.0000000000000000
28.000000000000000,138.00000000000000,0.0000000000000000
29.000000000000000,138.00000000000000,0.0000000000000000
30.000000000000000,138.00000000000000,0.0000000000000000
31.000000000000000,138.00000000000000,0.0000000000000000
32.000000000000000,138.00000000000000,0.0000000000000000
33.000000000000000,138.00000000000000,0.0000000000000000
34.000000000000000,138.00000000000000,0.0000000000000000
35.000000000000000,138.00000000000000,0.0000000000000000
36.000000000000000,138.00000000000000,0.0000000000000000
37.000000000000000,138.00000000000000,0.0000000000000000
38.000000000000000,138.00000000000000,0.0000000000000000
39.000000000000000,138.00000000000000,0.0000000000000000
40.000000000000000,138.00000000000000,0.0000000000000000
41.000000000000000,138.00000000000000,0.0000000000000000
42.000000000000000,138.00000000000000,0.0000000000000000
43.000000000000000,138.00000000000000,0.0000000000000000
44.000000000000000,138.00000000000000,0.0000000000000000
45.000000000000000,138.00000000000000,0.0000000000000000
46.000000000000000,138.00000000000000,0.0000000000000000
47.000000000000000,138.00000000000000,0.0000000000000000
48.000000000000000,138.00000000000000,0.0000000000000000
49.000000000000000,138.00000000000000,0.0000000000000000
50.000000000000000,138.00000000000000,0.0000000000000000
51.000000000000000,138.00000000000000,0.0000000000000000
52.000000000000000,138.00000000000000,0.0000000000000000
53.000000000000000,138.00000000000000,0.0000000000000000
54.000000000000000,138.00000000000000,0.0000000000000000
55.000000000000000,138.00000000000000,0.0000000000000000
56.000000000000000,138.00000000000000,0.0000000000000000
57.000000000000000,138.00000000000000,0.0000000000000000
58.000000000000000,138.00000000000000,0.0000000000000000
59.000000000000000,138.00000000000000,0.0000000000000000
60.000000000000000,138.00000000000000,0.0000000000000000
61.000000000000000,138.00000000000000,0.0000000000000000
62.000000000000000,138.00000000000000,0.0000000000000000
63.000000000000000,138.00000000000000,0.0000000000000000
64.000000000000000,138.00000000000000,0.0000000000000000
65.000000000000000,138.00000000000000,0.0000000000000000
66.000000000000000,138.00000000000000,0.0000000000000000
67.000000000000000,138.00000000000000,0.0000000000000000
68.000000000000000,138.00000000000000,0.0000000000000000
69.000000000000000,138.00000000000000,0.0000000000000000
70.000000000000000,138.00000000000000,0.0000000000000000
71.000000000000000,138.00000000000000,0.0000000000000000
72.000000000000000,138.00000000000000,0.0000000000000000
73.000000000000000,138.00000000000000,0.0000000000000000
74.000000000000000,138.00000000000000,0.0000000000000000
75.000000000000000,138.00000000000000,0.0000000000000000
76.000000000000000,138.00000000000000,0.0000000000000000
77.000000000000000,138.00000000000000,0.0000000000000000
78.000000000000000,138.00000000000000,0.0000000000000000
79.000000000000000,138.00000000000000,0.0000000000000000
80.000000000000000,138.00000000000000,0.0000000000000000
81.000000000000000,138.00000000000000,0.0000000000000000
82.000000000000000,138.00000000000000,0.0000000000000000
83.000000000000000,138.00000000000000,0.0000000000000000
84.000000000000000,138.00000000000000,0.0000000000000000
85.000000000000000,138.00000000000000,0.0000000000000000
86.000000000000000,138.00000000000000,0.0000000000000000
87.000000000000000,138.00000000000000,0.0000000000000000
88.000000000000000,138.00000000000000,0.0000000000000000
89.000000000000000,138.00000000000000,0.0000000000000000
90.000000000000000,138.00000000000000,0.0000000000000000
91.000000000000000,138.00000000000000,0.0000000000000000
92.000000000000000,138.00000000000000,0.0000000000000000
93.000000000000000,138.00000000000000,0.0000000000000000
94.000000000000000,138.00000000000000,0.0000000000000000
95.000000000000000,138.00000000000000,0.0000000000000000
96.000000000000000,138.00000000000000,0.0000000000000000
97.000000000000000,138.00000000000000,0.0000000000000000
98.000000000000000,138.00000000000000,0.0000000000000000
99.000000000000000,138.00000000000000,0.0000000000000000
100.00000000000000,138.00000000000000,0.0000000000000000
101.00000000000000,138.00000000000000,0.0000000000000000
102.00000000000000,138.00000000000000,0.0000000000000000
103.00000000000000,138.00000000000000,0.0000000000000000
104.00000000000000,138.00000000000000,0.0000000000000000
105.00000000000000,138.00000000000000,0.0000000000000000
106.00000000000000,138.00000000000000,0.0000000000000000
107.00000000000000,138.00000000000000,0.0000000000000000
108.00000000000000,138.00000000000000,0.0000000000000000
109.00000000000000,138.00000000000000,0.0000000000000000
110.00000000000000,138.00000000000000,0.0000000000000000
111.00000000000000,138.00000000000000,0.0000000000000000
112.00000000000000,138.00000000000000,0.0000000000000000
113.00000000000000,138.00000000000000,0.0000000000000000
1.0000000000000000,139.00000000000000,0.0000000000000000
2.0000000000000000,139.00000000000000,0.0000000000000000
3.0000000000000000,139.00000000000000,0.0000000000000000
4.0000000000000000,139.00000000000000,0.0000000000000000
5.0000000000000000,139.00000000000000,0.0000000000000000
6.0000000000000000,139.00000000000000,0.0000000000000000
7.0000000000000000,139.00000000000000,0.0000000000000000
8.0000000000000000,139.00000000000000,0.0000000000000000
9.0000000000000000,139.00000000000000,0.0000000000000000
10.000000000000000,139.00000000000000,0.0000000000000000
11.000000000000000,139.00000000000000,0.0000000000000000
12.000000000000000,139.00000000000000,0.0000000000000000
13.000000000000000,139.00000000000000,0.0000000000000000
14.000000000000000,139.00000000000000,0.0000000000000000
15.000000000000000,139.00000000000000,0.0000000000000000
16.000000000000000,139.00000000000000,0.0000000000000000
17.000000000000000,139.00000000000000,0.0000000000000000
18.000000000000000,139.00000000000000,0.0000000000000000
19.000000000000000,139.00000000000000,0.0000000000000000
20.000000000000000,139.00000000000000,0.0000000000000000
21.000000000000000,139.00000000000000,0.0000000000000000
22.000000000000000,139.00000000000000,0.0000000000000000
23.000000000000000,139.00000000000000,0.0000000000000000
24.000000000000000,139.00000000000000,0.0000000000000000
25.000000000000000,139.00000000000000,0.0000000000000000
26.000000000000000,139.00000000000000,0.0000000000000000
27.000000000000000,139.00000000000000,0.0000000000000000
28.000000000000000,139.00000000000000,0.0000000000000000
29.000000000000000,139.00000000000000,0.0000000000000000
30.000000000000000,139.00000000000000,0.0000000000000000
31.000000000000000,139.00000000000000,0.0000000000000000
32.000000000000000,139.00000000000000,0.0000000000000000
33.000000000000000,139.00000000000000,0.0000000000000000
34.000000000000000,139.00000000000000,0.0000000000000000
35.000000000000000,139.00000000000000,0.0000000000000000
36.000000000000000,139.00000000000000,0.0000000000000000
37.000000000000000,139.00000000000000,0.0000000000000000
38.000000000000000,139.00000000000000,0.0000000000000000
39.000000000000000,139.00000000000000,0.0000000000000000
40.000000000000000,139.00000000000000,0.0000000000000000
41.000000000000000,139.00000000000000,0.0000000000000000
42.000000000000000,139.00000000000000,0.0000000000000000
43.000000000000000,139.00000000000000,0.0000000000000000
44.000000000000000,139.00000000000000,0.0000000000000000
45.000000000000000,139.00000000000000,0.0000000000000000
46.000000000000000,139.00000000000000,0.0000000000000000
47.000000000000000,139.00000000000000,0.0000000000000000
48.000000000000000,139.00000000000000,0.0000000000000000
49.000000000000000,139.00000000000000,0.0000000000000000
50.000000000000000,139.00000000000000,0.0000000000000000
51.000000000000000,139.00000000000000,0.0000000000000000
52.000000000000000,139.00000000000000,0.0000000000000000
53.000000000000000,139.00000000000000,0.0000000000000000
54.000000000000000,139.00000000000000,0.0000000000000000
55.000000000000000,139.00000000000000,0.0000000000000000
56.000000000000000,139.00000000000000,0.0000000000000000
57.000000000000000,139.00000000000000,0.0000000000000000
58.000000000000000,139.00000000000000,0.0000000000000000
59.000000000000000,139.00000000000000,0.0000000000000000
60.000000000000000,139.00000000000000,0.0000000000000000
61.000000000000000,139.00000000000000,0.0000000000000000
62.000000000000000,139.00000000000000,0.0000000000000000
63.000000000000000,139.00000000000000,0.0000000000000000
64.000000000000000,139.00000000000000,0.0000000000000000
65.000000000000000,139.00000000000000,0.0000000000000000
66.000000000000000,139.00000000000000,0.0000000000000000
67.000000000000000,139.00000000000000,0.0000000000000000
68.000000000000000,139.00000000000000,0.0000000000000000
69.000000000000000,139.00000000000000,0.0000000000000000
70.000000000000000,139.00000000000000,0.0000000000000000
71.000000000000000,139.00000000000000,0.0000000000000000
72.000000000000000,139.00000000000000,0.0000000000000000
73.000000000000000,139.00000000000000,0.0000000000000000
74.000000000000000,139.00000000000000,0.0000000000000000
75.000000000000000,139.00000000000000,0.0000000000000000
76.000000000000000,139.00000000000000,0.0000000000000000
77.000000000000000,139.00000000000000,0.0000000000000000
78.000000000000000,139.00000000000000,0.0000000000000000
79.000000000000000,139.00000000000000,0.0000000000000000
80.000000000000000,139.00000000000000,0.0000000000000000
81.000000000000000,139.00000000000000,0.0000000000000000
82.000000000000000,139.00000000000000,0.0000000000000000
83.000000000000000,139.00000000000000,0.0000000000000000
84.000000000000000,139.00000000000000,0.0000000000000000
85.000000000000000,139.00000000000000,0.0000000000000000
86.000000000000000,139.00000000000000,0.0000000000000000
87.000000000000000,139.00000000000000,0.0000000000000000
88.000000000000000,139.00000000000000,0.0000000000000000
89.000000000000000,139.00000000000000,0.0000000000000000
90.000000000000000,139.00000000000000,0.0000000000000000
91.000000000000000,139.00000000000000,0.0000000000000000
92.000000000000000,139.00000000000000,0.0000000000000000
93.000000000000000,139.00000000000000,0.0000000000000000
94.000000000000000,139.00000000000000,0.0000000000000000
95.000000000000000,139.00000000000000,0.0000000000000000
96.000000000000000,139.00000000000000,0.0000000000000000
97.000000000000000,139.00000000000000,0.0000000000000000
98.000000000000000,139.00000000000000,0.0000000000000000
99.000000000000000,139.00000000000000,0.0000000000000000
100.00000000000000,139.00000000000000,0.0000000000000000
101.00000000000000,139.00000000000000,0.0000000000000000
102.00000000000000,139.00000000000000,0.0000000000000000
103.00000000000000,139.00000000000000,0.0000000000000000
104.00000000000000,139.00000000000000,0.0000000000000000
105.00000000000000,139.00000000000000,0.0000000000000000
106.00000000000000,139.00000000000000,0.0000000000000000
107.00000000000000,139.00000000000000,0.0000000000000000
108.00000000000000,139.00000000000000,0.0000000000000000
109.00000000000000,139.00000000000000,0.0000000000000000
110.00000000000000,139.00000000000000,0.0000000000000000
111.00000000000000,139.00000000000000,0.0000000000000000
112.00000000000000,139.00000000000000,0.0000000000000000
113.00000000000000,139.00000000000000,0.0000000000000000
1.0000000000000000,140.00000000000000,0.0000000000000000
2.0000000000000000,140.00000000000000,0.0000000000000000
3.0000000000000000,140.00000000000000,0.0000000000000000
4.0000000000000000,140.00000000000000,0.0000000000000000
5.0000000000000000,140.00000000000000,0.0000000000000000
6.0000000000000000,140.00000000000000,0.0000000000000000
7.0000000000000000,140.00000000000000,0.0000000000000000
8.0000000000000000,140.00000000000000,0.0000000000000000
9.0000000000000000,140.00000000000000,0.0000000000000000
10.000000000000000,140.00000000000000,0.0000000000000000
11.000000000000000,140.00000000000000,0.0000000000000000
12.000000000000000,140.00000000000000,0.0000000000000000
13.000000000000000,140.00000000000000,0.0000000000000000
14.000000000000000,140.00000000000000,0.0000000000000000
15.000000000000000,140.00000000000000,0.0000000000000000
16.000000000000000,140.00000000000000,0.0000000000000000
17.000000000000000,140.00000000000000,0.0000000000000000
18.000000000000000,140.00000000000000,0.0000000000000000
19.000000000000000,140.00000000000000,0.0000000000000000
20.000000000000000,140.00000000000000,0.0000000000000000
21.000000000000000,140.00000000000000,0.0000000000000000
22.000000000000000,140.00000000000000,0.0000000000000000
23.000000000000000,140.00000000000000,0.0000000000000000
24.000000000000000,140.00000000000000,0.0000000000000000
25.000000000000000,140.00000000000000,0.0000000000000000
26.000000000000000,140.00000000000000,0.0000000000000000
27.000000000000000,140.00000000000000,0.0000000000000000
28.000000000000000,140.00000000000000,0.0000000000000000
29.000000000000000,140.00000000000000,0.0000000000000000
30.000000000000000,140.00000000000000,0.0000000000000000
31.000000000000000,140.00000000000000,0.0000000000000000
32.000000000000000,140.00000000000000,0.0000000000000000
33.000000000000000,140.00000000000000,0.0000000000000000
34.000000000000000,140.00000000000000,0.0000000000000000
35.000000000000000,140.00000000000000,0.0000000000000000
36.000000000000000,140.00000000000000,0.0000000000000000
37.000000000000000,140.00000000000000,0.0000000000000000
38.000000000000000,140.00000000000000,0.0000000000000000
39.000000000000000,140.00000000000000,0.0000000000000000
40.000000000000000,140.00000000000000,0.0000000000000000
41.000000000000000,140.00000000000000,0.0000000000000000
42.000000000000000,140.00000000000000,0.0000000000000000
43.000000000000000,140.00000000000000,0.0000000000000000
44.000000000000000,140.00000000000000,0.0000000000000000
45.000000000000000,140.00000000000000,0.0000000000000000
46.000000000000000,140.00000000000000,0.0000000000000000
47.000000000000000,140.00000000000000,0.0000000000000000
48.000000000000000,140.00000000000000,0.0000000000000000
49.000000000000000,140.00000000000000,0.0000000000000000
50.000000000000000,140.00000000000000,0.0000000000000000
51.000000000000000,140.00000000000000,0.0000000000000000
52.000000000000000,140.00000000000000,0.0000000000000000
53.000000000000000,140.00000000000000,0.0000000000000000
54.000000000000000,140.00000000000000,0.0000000000000000
55.000000000000000,140.00000000000000,0.0000000000000000
56.000000000000000,140.00000000000000,0.0000000000000000
57.000000000000000,140.00000000000000,0.0000000000000000
58.000000000000000,140.00000000000000,0.0000000000000000
59.000000000000000,140.00000000000000,0.0000000000000000
60.000000000000000,140.00000000000000,0.0000000000000000
61.000000000000000,140.00000000000000,0.0000000000000000
62.000000000000000,140.00000000000000,0.0000000000000000
63.000000000000000,140.00000000000000,0.0000000000000000
64.000000000000000,140.00000000000000,0.0000000000000000
65.000000000000000,140.00000000000000,0.0000000000000000
66.000000000000000,140.00000000000000,0.0000000000000000
67.000000000000000,140.00000000000000,0.0000000000000000
68.000000000000000,140.00000000000000,0.0000000000000000
69.000000000000000,140.00000000000000,0.0000000000000000
70.000000000000000,140.00000000000000,0.0000000000000000
71.000000000000000,140.00000000000000,0.0000000000000000
72.000000000000000,140.00000000000000,0.0000000000000000
73.000000000000000,140.00000000000000,0.0000000000000000
74.000000000000000,140.00000000000000,0.0000000000000000
75.000000000000000,140.00000000000000,0.0000000000000000
76.000000000000000,140.00000000000000,0.0000000000000000
77.000000000000000,140.00000000000000,0.0000000000000000
78.000000000000000,140.00000000000000,0.0000000000000000
79.000000000000000,140.00000000000000,0.0000000000000000
80.000000000000000,140.00000000000000,0.0000000000000000
81.000000000000000,140.00000000000000,0.0000000000000000
82.000000000000000,140.00000000000000,0.0000000000000000
83.000000000000000,140.00000000000000,0.0000000000000000
84.000000000000000,140.00000000000000,0.0000000000000000
85.000000000000000,140.00000000000000,0.0000000000000000
86.000000000000000,140.00000000000000,0.0000000000000000
87.000000000000000,140.00000000000000,0.0000000000000000
88.000000000000000,140.00000000000000,0.0000000000000000
89.000000000000000,140.00000000000000,0.0000000000000000
90.000000000000000,140.00000000000000,0.0000000000000000
91.000000000000000,140.00000000000000,0.0000000000000000
92.000000000000000,140.00000000000000,0.0000000000000000
93.000000000000000,140.00000000000000,0.0000000000000000
94.000000000000000,140.00000000000000,0.0000000000000000
95.000000000000000,140.00000000000000,0.0000000000000000
96.000000000000000,140.00000000000000,0.0000000000000000
97.000000000000000,140.00000000000000,0.0000000000000000
98.000000000000000,140.00000000000000,0.0000000000000000
99.000000000000000,140.00000000000000,0.0000000000000000
100.00000000000000,140.00000000000000,0.0000000000000000
101.00000000000000,140.00000000000000,0.0000000000000000
102.00000000000000,140.00000000000000,0.0000000000000000
103.00000000000000,140.00000000000000,0.0000000000000000
104.00000000000000,140.00000000000000,0.0000000000000000
105.00000000000000,140.00000000000000,0.0000000000000000
106.00000000000000,140.00000000000000,0.0000000000000000
107.00000000000000,140.00000000000000,0.0000000000000000
108.00000000000000,140.00000000000000,0.0000000000000000
109.00000000000000,140.00000000000000,0.0000000000000000
110.00000000000000,140.00000000000000,0.0000000000000000
111.00000000000000,140.00000000000000,0.0000000000000000
112.00000000000000,140.00000000000000,0.0000000000000000
113.00000000000000,140.00000000000000,0.0000000000000000
