1.0000000000000000,1.0000000000000000,0.0000000000000000
2.0000000000000000,1.0000000000000000,0.0000000000000000
3.0000000000000000,1.0000000000000000,0.0000000000000000
4.0000000000000000,1.0000000000000000,0.0000000000000000
5.0000000000000000,1.0000000000000000,0.0000000000000000
6.0000000000000000,1.0000000000000000,0.0000000000000000
7.0000000000000000,1.0000000000000000,0.0000000000000000
8.0000000000000000,1.0000000000000000,0.0000000000000000
9.0000000000000000,1.0000000000000000,0.0000000000000000
10.000000000000000,1.0000000000000000,0.0000000000000000
11.000000000000000,1.0000000000000000,0.0000000000000000
12.000000000000000,1.0000000000000000,0.0000000000000000
13.000000000000000,1.0000000000000000,0.0000000000000000
14.000000000000000,1.0000000000000000,0.0000000000000000
15.000000000000000,1.0000000000000000,0.0000000000000000
16.000000000000000,1.0000000000000000,0.0000000000000000
17.000000000000000,1.0000000000000000,0.0000000000000000
18.000000000000000,1.0000000000000000,0.0000000000000000
19.000000000000000,1.0000000000000000,0.0000000000000000
20.000000000000000,1.0000000000000000,0.0000000000000000
21.000000000000000,1.0000000000000000,0.0000000000000000
22.000000000000000,1.0000000000000000,0.0000000000000000
23.000000000000000,1.0000000000000000,0.0000000000000000
24.000000000000000,1.0000000000000000,0.0000000000000000
25.000000000000000,1.0000000000000000,0.0000000000000000
26.000000000000000,1.0000000000000000,0.0000000000000000
27.000000000000000,1.0000000000000000,0.0000000000000000
28.000000000000000,1.0000000000000000,0.0000000000000000
29.000000000000000,1.0000000000000000,0.0000000000000000
30.000000000000000,1.0000000000000000,0.0000000000000000
31.000000000000000,1.0000000000000000,0.0000000000000000
32.000000000000000,1.0000000000000000,0.0000000000000000
33.000000000000000,1.0000000000000000,0.0000000000000000
34.000000000000000,1.0000000000000000,0.0000000000000000
35.000000000000000,1.0000000000000000,0.0000000000000000
36.000000000000000,1.0000000000000000,0.0000000000000000
37.000000000000000,1.0000000000000000,0.0000000000000000
38.000000000000000,1.0000000000000000,0.0000000000000000
39.000000000000000,1.0000000000000000,0.0000000000000000
40.000000000000000,1.0000000000000000,0.0000000000000000
41.000000000000000,1.0000000000000000,0.0000000000000000
42.000000000000000,1.0000000000000000,0.0000000000000000
43.000000000000000,1.0000000000000000,0.0000000000000000
44.000000000000000,1.0000000000000000,0.0000000000000000
45.000000000000000,1.0000000000000000,0.0000000000000000
46.000000000000000,1.0000000000000000,0.0000000000000000
47.000000000000000,1.0000000000000000,0.0000000000000000
48.000000000000000,1.0000000000000000,0.0000000000000000
49.000000000000000,1.0000000000000000,0.0000000000000000
50.000000000000000,1.0000000000000000,0.0000000000000000
51.000000000000000,1.0000000000000000,0.0000000000000000
52.000000000000000,1.0000000000000000,0.0000000000000000
53.000000000000000,1.0000000000000000,0.0000000000000000
54.000000000000000,1.0000000000000000,0.0000000000000000
55.000000000000000,1.0000000000000000,0.0000000000000000
56.000000000000000,1.0000000000000000,0.0000000000000000
57.000000000000000,1.0000000000000000,0.0000000000000000
58.000000000000000,1.0000000000000000,0.0000000000000000
59.000000000000000,1.0000000000000000,0.0000000000000000
60.000000000000000,1.0000000000000000,0.0000000000000000
61.000000000000000,1.0000000000000000,0.0000000000000000
62.000000000000000,1.0000000000000000,0.0000000000000000
63.000000000000000,1.0000000000000000,0.0000000000000000
64.000000000000000,1.0000000000000000,0.0000000000000000
65.000000000000000,1.0000000000000000,0.0000000000000000
66.000000000000000,1.0000000000000000,0.0000000000000000
67.000000000000000,1.0000000000000000,0.0000000000000000
68.000000000000000,1.0000000000000000,0.0000000000000000
69.000000000000000,1.0000000000000000,0.0000000000000000
70.000000000000000,1.0000000000000000,0.0000000000000000
71.000000000000000,1.0000000000000000,0.0000000000000000
72.000000000000000,1.0000000000000000,0.0000000000000000
73.000000000000000,1.0000000000000000,0.0000000000000000
74.000000000000000,1.0000000000000000,0.0000000000000000
75.000000000000000,1.0000000000000000,0.0000000000000000
76.000000000000000,1.0000000000000000,0.0000000000000000
77.000000000000000,1.0000000000000000,0.0000000000000000
78.000000000000000,1.0000000000000000,0.0000000000000000
79.000000000000000,1.0000000000000000,0.0000000000000000
80.000000000000000,1.0000000000000000,0.0000000000000000
81.000000000000000,1.0000000000000000,0.0000000000000000
82.000000000000000,1.0000000000000000,0.0000000000000000
83.000000000000000,1.0000000000000000,0.0000000000000000
84.000000000000000,1.0000000000000000,0.0000000000000000
85.000000000000000,1.0000000000000000,0.0000000000000000
86.000000000000000,1.0000000000000000,0.0000000000000000
87.000000000000000,1.0000000000000000,0.0000000000000000
88.000000000000000,1.0000000000000000,0.0000000000000000
89.000000000000000,1.0000000000000000,0.0000000000000000
90.000000000000000,1.0000000000000000,0.0000000000000000
91.000000000000000,1.0000000000000000,0.0000000000000000
92.000000000000000,1.0000000000000000,0.0000000000000000
93.000000000000000,1.0000000000000000,0.0000000000000000
94.000000000000000,1.0000000000000000,0.0000000000000000
95.000000000000000,1.0000000000000000,0.0000000000000000
96.000000000000000,1.0000000000000000,0.0000000000000000
97.000000000000000,1.0000000000000000,0.0000000000000000
98.000000000000000,1.0000000000000000,0.0000000000000000
99.000000000000000,1.0000000000000000,0.0000000000000000
100.00000000000000,1.0000000000000000,0.0000000000000000
101.00000000000000,1.0000000000000000,0.0000000000000000
102.00000000000000,1.0000000000000000,0.0000000000000000
103.00000000000000,1.0000000000000000,0.0000000000000000
104.00000000000000,1.0000000000000000,0.0000000000000000
105.00000000000000,1.0000000000000000,0.0000000000000000
106.00000000000000,1.0000000000000000,0.0000000000000000
107.00000000000000,1.0000000000000000,0.0000000000000000
108.00000000000000,1.0000000000000000,0.0000000000000000
109.00000000000000,1.0000000000000000,0.0000000000000000
110.00000000000000,1.0000000000000000,0.0000000000000000
111.00000000000000,1.0000000000000000,0.0000000000000000
112.00000000000000,1.0000000000000000,0.0000000000000000
113.00000000000000,1.0000000000000000,0.0000000000000000
1.0000000000000000,2.0000000000000000,0.0000000000000000
2.0000000000000000,2.0000000000000000,0.0000000000000000
3.0000000000000000,2.0000000000000000,0.0000000000000000
4.0000000000000000,2.0000000000000000,0.0000000000000000
5.0000000000000000,2.0000000000000000,0.0000000000000000
6.0000000000000000,2.0000000000000000,0.0000000000000000
7.0000000000000000,2.0000000000000000,0.0000000000000000
8.0000000000000000,2.0000000000000000,0.0000000000000000
9.0000000000000000,2.0000000000000000,0.0000000000000000
10.000000000000000,2.0000000000000000,0.0000000000000000
11.000000000000000,2.0000000000000000,0.0000000000000000
12.000000000000000,2.0000000000000000,0.0000000000000000
13.000000000000000,2.0000000000000000,0.0000000000000000
14.000000000000000,2.0000000000000000,0.0000000000000000
15.000000000000000,2.0000000000000000,0.0000000000000000
16.000000000000000,2.0000000000000000,0.0000000000000000
17.000000000000000,2.0000000000000000,0.0000000000000000
18.000000000000000,2.0000000000000000,0.0000000000000000
19.000000000000000,2.0000000000000000,0.0000000000000000
20.000000000000000,2.0000000000000000,0.0000000000000000
21.000000000000000,2.0000000000000000,0.0000000000000000
22.000000000000000,2.0000000000000000,0.0000000000000000
23.000000000000000,2.0000000000000000,0.0000000000000000
24.000000000000000,2.0000000000000000,0.0000000000000000
25.000000000000000,2.0000000000000000,0.0000000000000000
26.000000000000000,2.0000000000000000,0.0000000000000000
27.000000000000000,2.0000000000000000,0.0000000000000000
28.000000000000000,2.0000000000000000,0.0000000000000000
29.000000000000000,2.0000000000000000,0.0000000000000000
30.000000000000000,2.0000000000000000,0.0000000000000000
31.000000000000000,2.0000000000000000,0.0000000000000000
32.000000000000000,2.0000000000000000,0.0000000000000000
33.000000000000000,2.0000000000000000,0.0000000000000000
34.000000000000000,2.0000000000000000,0.0000000000000000
35.000000000000000,2.0000000000000000,0.0000000000000000
36.000000000000000,2.0000000000000000,0.0000000000000000
37.000000000000000,2.0000000000000000,0.0000000000000000
38.000000000000000,2.0000000000000000,0.0000000000000000
39.000000000000000,2.0000000000000000,0.0000000000000000
40.000000000000000,2.0000000000000000,0.0000000000000000
41.000000000000000,2.0000000000000000,0.0000000000000000
42.000000000000000,2.0000000000000000,0.0000000000000000
43.000000000000000,2.0000000000000000,0.0000000000000000
44.000000000000000,2.0000000000000000,0.0000000000000000
45.000000000000000,2.0000000000000000,0.0000000000000000
46.000000000000000,2.0000000000000000,0.0000000000000000
47.000000000000000,2.0000000000000000,0.0000000000000000
48.000000000000000,2.0000000000000000,0.0000000000000000
49.000000000000000,2.0000000000000000,0.0000000000000000
50.000000000000000,2.0000000000000000,0.0000000000000000
51.000000000000000,2.0000000000000000,0.0000000000000000
52.000000000000000,2.0000000000000000,0.0000000000000000
53.000000000000000,2.0000000000000000,0.0000000000000000
54.000000000000000,2.0000000000000000,0.0000000000000000
55.000000000000000,2.0000000000000000,0.0000000000000000
56.000000000000000,2.0000000000000000,0.0000000000000000
57.000000000000000,2.0000000000000000,0.0000000000000000
58.000000000000000,2.0000000000000000,0.0000000000000000
59.000000000000000,2.0000000000000000,0.0000000000000000
60.000000000000000,2.0000000000000000,0.0000000000000000
61.000000000000000,2.0000000000000000,0.0000000000000000
62.000000000000000,2.0000000000000000,0.0000000000000000
63.000000000000000,2.0000000000000000,0.0000000000000000
64.000000000000000,2.0000000000000000,0.0000000000000000
65.000000000000000,2.0000000000000000,0.0000000000000000
66.000000000000000,2.0000000000000000,0.0000000000000000
67.000000000000000,2.0000000000000000,0.0000000000000000
68.000000000000000,2.0000000000000000,0.0000000000000000
69.000000000000000,2.0000000000000000,0.0000000000000000
70.000000000000000,2.0000000000000000,0.0000000000000000
71.000000000000000,2.0000000000000000,0.0000000000000000
72.000000000000000,2.0000000000000000,0.0000000000000000
73.000000000000000,2.0000000000000000,0.0000000000000000
74.000000000000000,2.0000000000000000,0.0000000000000000
75.000000000000000,2.0000000000000000,0.0000000000000000
76.000000000000000,2.0000000000000000,0.0000000000000000
77.000000000000000,2.0000000000000000,0.0000000000000000
78.000000000000000,2.0000000000000000,0.0000000000000000
79.000000000000000,2.0000000000000000,0.0000000000000000
80.000000000000000,2.0000000000000000,0.0000000000000000
81.000000000000000,2.0000000000000000,0.0000000000000000
82.000000000000000,2.0000000000000000,0.0000000000000000
83.000000000000000,2.0000000000000000,0.0000000000000000
84.000000000000000,2.0000000000000000,0.0000000000000000
85.000000000000000,2.0000000000000000,0.0000000000000000
86.000000000000000,2.0000000000000000,0.0000000000000000
87.000000000000000,2.0000000000000000,0.0000000000000000
88.000000000000000,2.0000000000000000,0.0000000000000000
89.000000000000000,2.0000000000000000,0.0000000000000000
90.000000000000000,2.0000000000000000,0.0000000000000000
91.000000000000000,2.0000000000000000,0.0000000000000000
92.000000000000000,2.0000000000000000,0.0000000000000000
93.000000000000000,2.0000000000000000,0.0000000000000000
94.000000000000000,2.0000000000000000,0.0000000000000000
95.000000000000000,2.0000000000000000,0.0000000000000000
96.000000000000000,2.0000000000000000,0.0000000000000000
97.000000000000000,2.0000000000000000,0.0000000000000000
98.000000000000000,2.0000000000000000,0.0000000000000000
99.000000000000000,2.0000000000000000,0.0000000000000000
100.00000000000000,2.0000000000000000,0.0000000000000000
101.00000000000000,2.0000000000000000,0.0000000000000000
102.00000000000000,2.0000000000000000,0.0000000000000000
103.00000000000000,2.0000000000000000,0.0000000000000000
104.00000000000000,2.0000000000000000,0.0000000000000000
105.00000000000000,2.0000000000000000,0.0000000000000000
106.00000000000000,2.0000000000000000,0.0000000000000000
107.00000000000000,2.0000000000000000,0.0000000000000000
108.00000000000000,2.0000000000000000,0.0000000000000000
109.00000000000000,2.0000000000000000,0.0000000000000000
110.00000000000000,2.0000000000000000,0.0000000000000000
111.00000000000000,2.0000000000000000,0.0000000000000000
112.00000000000000,2.0000000000000000,0.0000000000000000
113.00000000000000,2.0000000000000000,0.0000000000000000
1.0000000000000000,3.0000000000000000,0.0000000000000000
2.0000000000000000,3.0000000000000000,0.0000000000000000
3.0000000000000000,3.0000000000000000,0.0000000000000000
4.0000000000000000,3.0000000000000000,0.0000000000000000
5.0000000000000000,3.0000000000000000,0.0000000000000000
6.0000000000000000,3.0000000000000000,0.0000000000000000
7.0000000000000000,3.0000000000000000,0.0000000000000000
8.0000000000000000,3.0000000000000000,0.0000000000000000
9.0000000000000000,3.0000000000000000,0.0000000000000000
10.000000000000000,3.0000000000000000,0.0000000000000000
11.000000000000000,3.0000000000000000,0.0000000000000000
12.000000000000000,3.0000000000000000,0.0000000000000000
13.000000000000000,3.0000000000000000,0.0000000000000000
14.000000000000000,3.0000000000000000,0.0000000000000000
15.000000000000000,3.0000000000000000,0.0000000000000000
16.000000000000000,3.0000000000000000,0.0000000000000000
17.000000000000000,3.0000000000000000,0.0000000000000000
18.000000000000000,3.0000000000000000,0.0000000000000000
19.000000000000000,3.0000000000000000,0.0000000000000000
20.000000000000000,3.0000000000000000,0.0000000000000000
21.000000000000000,3.0000000000000000,0.0000000000000000
22.000000000000000,3.0000000000000000,0.0000000000000000
23.000000000000000,3.0000000000000000,0.0000000000000000
24.000000000000000,3.0000000000000000,0.0000000000000000
25.000000000000000,3.0000000000000000,0.0000000000000000
26.000000000000000,3.0000000000000000,0.0000000000000000
27.000000000000000,3.0000000000000000,0.0000000000000000
28.000000000000000,3.0000000000000000,0.0000000000000000
29.000000000000000,3.0000000000000000,0.0000000000000000
30.000000000000000,3.0000000000000000,0.0000000000000000
31.000000000000000,3.0000000000000000,0.0000000000000000
32.000000000000000,3.0000000000000000,0.0000000000000000
33.000000000000000,3.0000000000000000,0.0000000000000000
34.000000000000000,3.0000000000000000,0.0000000000000000
35.000000000000000,3.0000000000000000,0.0000000000000000
36.000000000000000,3.0000000000000000,0.0000000000000000
37.000000000000000,3.0000000000000000,0.0000000000000000
38.000000000000000,3.0000000000000000,0.0000000000000000
39.000000000000000,3.0000000000000000,0.0000000000000000
40.000000000000000,3.0000000000000000,0.0000000000000000
41.000000000000000,3.0000000000000000,0.0000000000000000
42.000000000000000,3.0000000000000000,0.0000000000000000
43.000000000000000,3.0000000000000000,0.0000000000000000
44.000000000000000,3.0000000000000000,0.0000000000000000
45.000000000000000,3.0000000000000000,0.0000000000000000
46.000000000000000,3.0000000000000000,0.0000000000000000
47.000000000000000,3.0000000000000000,0.0000000000000000
48.000000000000000,3.0000000000000000,0.0000000000000000
49.000000000000000,3.0000000000000000,0.0000000000000000
50.000000000000000,3.0000000000000000,0.0000000000000000
51.000000000000000,3.0000000000000000,0.0000000000000000
52.000000000000000,3.0000000000000000,0.0000000000000000
53.000000000000000,3.0000000000000000,0.0000000000000000
54.000000000000000,3.0000000000000000,0.0000000000000000
55.000000000000000,3.0000000000000000,0.0000000000000000
56.000000000000000,3.0000000000000000,0.0000000000000000
57.000000000000000,3.0000000000000000,0.0000000000000000
58.000000000000000,3.0000000000000000,0.0000000000000000
59.000000000000000,3.0000000000000000,0.0000000000000000
60.000000000000000,3.0000000000000000,0.0000000000000000
61.000000000000000,3.0000000000000000,0.0000000000000000
62.000000000000000,3.0000000000000000,0.0000000000000000
63.000000000000000,3.0000000000000000,0.0000000000000000
64.000000000000000,3.0000000000000000,0.0000000000000000
65.000000000000000,3.0000000000000000,0.0000000000000000
66.000000000000000,3.0000000000000000,0.0000000000000000
67.000000000000000,3.0000000000000000,0.0000000000000000
68.000000000000000,3.0000000000000000,0.0000000000000000
69.000000000000000,3.0000000000000000,0.0000000000000000
70.000000000000000,3.0000000000000000,0.0000000000000000
71.000000000000000,3.0000000000000000,0.0000000000000000
72.000000000000000,3.0000000000000000,0.0000000000000000
73.000000000000000,3.0000000000000000,0.0000000000000000
74.000000000000000,3.0000000000000000,0.0000000000000000
75.000000000000000,3.0000000000000000,0.0000000000000000
76.000000000000000,3.0000000000000000,0.0000000000000000
77.000000000000000,3.0000000000000000,0.0000000000000000
78.000000000000000,3.0000000000000000,0.0000000000000000
79.000000000000000,3.0000000000000000,0.0000000000000000
80.000000000000000,3.0000000000000000,0.0000000000000000
81.000000000000000,3.0000000000000000,0.0000000000000000
82.000000000000000,3.0000000000000000,0.0000000000000000
83.000000000000000,3.0000000000000000,0.0000000000000000
84.000000000000000,3.0000000000000000,0.0000000000000000
85.000000000000000,3.0000000000000000,0.0000000000000000
86.000000000000000,3.0000000000000000,0.0000000000000000
87.000000000000000,3.0000000000000000,0.0000000000000000
88.000000000000000,3.0000000000000000,0.0000000000000000
89.000000000000000,3.0000000000000000,0.0000000000000000
90.000000000000000,3.0000000000000000,0.0000000000000000
91.000000000000000,3.0000000000000000,0.0000000000000000
92.000000000000000,3.0000000000000000,0.0000000000000000
93.000000000000000,3.0000000000000000,0.0000000000000000
94.000000000000000,3.0000000000000000,0.0000000000000000
95.000000000000000,3.0000000000000000,0.0000000000000000
96.000000000000000,3.0000000000000000,0.0000000000000000
97.000000000000000,3.0000000000000000,0.0000000000000000
98.000000000000000,3.0000000000000000,0.0000000000000000
99.000000000000000,3.0000000000000000,0.0000000000000000
100.00000000000000,3.0000000000000000,0.0000000000000000
101.00000000000000,3.0000000000000000,0.0000000000000000
102.00000000000000,3.0000000000000000,0.0000000000000000
103.00000000000000,3.0000000000000000,0.0000000000000000
104.00000000000000,3.0000000000000000,0.0000000000000000
105.00000000000000,3.0000000000000000,0.0000000000000000
106.00000000000000,3.0000000000000000,0.0000000000000000
107.00000000000000,3.0000000000000000,0.0000000000000000
108.00000000000000,3.0000000000000000,0.0000000000000000
109.00000000000000,3.0000000000000000,0.0000000000000000
110.00000000000000,3.0000000000000000,0.0000000000000000
111.00000000000000,3.0000000000000000,0.0000000000000000
112.00000000000000,3.0000000000000000,0.0000000000000000
113.00000000000000,3.0000000000000000,0.0000000000000000
1.0000000000000000,4.0000000000000000,0.0000000000000000
2.0000000000000000,4.0000000000000000,0.0000000000000000
3.0000000000000000,4.0000000000000000,0.0000000000000000
4.0000000000000000,4.0000000000000000,0.0000000000000000
5.0000000000000000,4.0000000000000000,0.0000000000000000
6.0000000000000000,4.0000000000000000,0.0000000000000000
7.0000000000000000,4.0000000000000000,0.0000000000000000
8.0000000000000000,4.0000000000000000,0.0000000000000000
9.0000000000000000,4.0000000000000000,0.0000000000000000
10.000000000000000,4.0000000000000000,0.0000000000000000
11.000000000000000,4.0000000000000000,0.0000000000000000
12.000000000000000,4.0000000000000000,0.0000000000000000
13.000000000000000,4.0000000000000000,0.0000000000000000
14.000000000000000,4.0000000000000000,0.0000000000000000
15.000000000000000,4.0000000000000000,0.0000000000000000
16.000000000000000,4.0000000000000000,0.0000000000000000
17.000000000000000,4.0000000000000000,0.0000000000000000
18.000000000000000,4.0000000000000000,0.0000000000000000
19.000000000000000,4.0000000000000000,0.0000000000000000
20.000000000000000,4.0000000000000000,0.0000000000000000
21.000000000000000,4.0000000000000000,0.0000000000000000
22.000000000000000,4.0000000000000000,0.0000000000000000
23.000000000000000,4.0000000000000000,0.0000000000000000
24.000000000000000,4.0000000000000000,0.0000000000000000
25.000000000000000,4.0000000000000000,0.0000000000000000
26.000000000000000,4.0000000000000000,0.0000000000000000
27.000000000000000,4.0000000000000000,0.0000000000000000
28.000000000000000,4.0000000000000000,0.0000000000000000
29.000000000000000,4.0000000000000000,0.0000000000000000
30.000000000000000,4.0000000000000000,0.0000000000000000
31.000000000000000,4.0000000000000000,0.0000000000000000
32.000000000000000,4.0000000000000000,0.0000000000000000
33.000000000000000,4.0000000000000000,0.0000000000000000
34.000000000000000,4.0000000000000000,0.0000000000000000
35.000000000000000,4.0000000000000000,0.0000000000000000
36.000000000000000,4.0000000000000000,0.0000000000000000
37.000000000000000,4.0000000000000000,0.0000000000000000
38.000000000000000,4.0000000000000000,0.0000000000000000
39.000000000000000,4.0000000000000000,0.0000000000000000
40.000000000000000,4.0000000000000000,0.0000000000000000
41.000000000000000,4.0000000000000000,0.0000000000000000
42.000000000000000,4.0000000000000000,0.0000000000000000
43.000000000000000,4.0000000000000000,0.0000000000000000
44.000000000000000,4.0000000000000000,0.0000000000000000
45.000000000000000,4.0000000000000000,0.0000000000000000
46.000000000000000,4.0000000000000000,0.0000000000000000
47.000000000000000,4.0000000000000000,0.0000000000000000
48.000000000000000,4.0000000000000000,0.0000000000000000
49.000000000000000,4.0000000000000000,0.0000000000000000
50.000000000000000,4.0000000000000000,0.0000000000000000
51.000000000000000,4.0000000000000000,0.0000000000000000
52.000000000000000,4.0000000000000000,0.0000000000000000
53.000000000000000,4.0000000000000000,0.0000000000000000
54.000000000000000,4.0000000000000000,0.0000000000000000
55.000000000000000,4.0000000000000000,0.0000000000000000
56.000000000000000,4.0000000000000000,0.0000000000000000
57.000000000000000,4.0000000000000000,0.0000000000000000
58.000000000000000,4.0000000000000000,0.0000000000000000
59.000000000000000,4.0000000000000000,0.0000000000000000
60.000000000000000,4.0000000000000000,0.0000000000000000
61.000000000000000,4.0000000000000000,0.0000000000000000
62.000000000000000,4.0000000000000000,0.0000000000000000
63.000000000000000,4.0000000000000000,0.0000000000000000
64.000000000000000,4.0000000000000000,0.0000000000000000
65.000000000000000,4.0000000000000000,0.0000000000000000
66.000000000000000,4.0000000000000000,0.0000000000000000
67.000000000000000,4.0000000000000000,0.0000000000000000
68.000000000000000,4.0000000000000000,0.0000000000000000
69.000000000000000,4.0000000000000000,0.0000000000000000
70.000000000000000,4.0000000000000000,0.0000000000000000
71.000000000000000,4.0000000000000000,0.0000000000000000
72.000000000000000,4.0000000000000000,0.0000000000000000
73.000000000000000,4.0000000000000000,0.0000000000000000
74.000000000000000,4.0000000000000000,0.0000000000000000
75.000000000000000,4.0000000000000000,0.0000000000000000
76.000000000000000,4.0000000000000000,0.0000000000000000
77.000000000000000,4.0000000000000000,0.0000000000000000
78.000000000000000,4.0000000000000000,0.0000000000000000
79.000000000000000,4.0000000000000000,0.0000000000000000
80.000000000000000,4.0000000000000000,0.0000000000000000
81.000000000000000,4.0000000000000000,0.0000000000000000
82.000000000000000,4.0000000000000000,0.0000000000000000
83.000000000000000,4.0000000000000000,0.0000000000000000
84.000000000000000,4.0000000000000000,0.0000000000000000
85.000000000000000,4.0000000000000000,0.0000000000000000
86.000000000000000,4.0000000000000000,0.0000000000000000
87.000000000000000,4.0000000000000000,0.0000000000000000
88.000000000000000,4.0000000000000000,0.0000000000000000
89.000000000000000,4.0000000000000000,0.0000000000000000
90.000000000000000,4.0000000000000000,0.0000000000000000
91.000000000000000,4.0000000000000000,0.0000000000000000
92.000000000000000,4.0000000000000000,0.0000000000000000
93.000000000000000,4.0000000000000000,0.0000000000000000
94.000000000000000,4.0000000000000000,0.0000000000000000
95.000000000000000,4.0000000000000000,0.0000000000000000
96.000000000000000,4.0000000000000000,0.0000000000000000
97.000000000000000,4.0000000000000000,0.0000000000000000
98.000000000000000,4.0000000000000000,0.0000000000000000
99.000000000000000,4.0000000000000000,0.0000000000000000
100.00000000000000,4.0000000000000000,0.0000000000000000
101.00000000000000,4.0000000000000000,0.0000000000000000
102.00000000000000,4.0000000000000000,0.0000000000000000
103.00000000000000,4.0000000000000000,0.0000000000000000
104.00000000000000,4.0000000000000000,0.0000000000000000
105.00000000000000,4.0000000000000000,0.0000000000000000
106.00000000000000,4.0000000000000000,0.0000000000000000
107.00000000000000,4.0000000000000000,0.0000000000000000
108.00000000000000,4.0000000000000000,0.0000000000000000
109.00000000000000,4.0000000000000000,0.0000000000000000
110.00000000000000,4.0000000000000000,0.0000000000000000
111.00000000000000,4.0000000000000000,0.0000000000000000
112.00000000000000,4.0000000000000000,0.0000000000000000
113.00000000000000,4.0000000000000000,0.0000000000000000
1.0000000000000000,5.0000000000000000,0.0000000000000000
2.0000000000000000,5.0000000000000000,0.0000000000000000
3.0000000000000000,5.0000000000000000,0.0000000000000000
4.0000000000000000,5.0000000000000000,0.0000000000000000
5.0000000000000000,5.0000000000000000,0.0000000000000000
6.0000000000000000,5.0000000000000000,0.0000000000000000
7.0000000000000000,5.0000000000000000,0.0000000000000000
8.0000000000000000,5.0000000000000000,0.0000000000000000
9.0000000000000000,5.0000000000000000,0.0000000000000000
10.000000000000000,5.0000000000000000,0.0000000000000000
11.000000000000000,5.0000000000000000,0.0000000000000000
12.000000000000000,5.0000000000000000,0.0000000000000000
13.000000000000000,5.0000000000000000,0.0000000000000000
14.000000000000000,5.0000000000000000,0.0000000000000000
15.000000000000000,5.0000000000000000,0.0000000000000000
16.000000000000000,5.0000000000000000,0.0000000000000000
17.000000000000000,5.0000000000000000,0.0000000000000000
18.000000000000000,5.0000000000000000,0.0000000000000000
19.000000000000000,5.0000000000000000,0.0000000000000000
20.000000000000000,5.0000000000000000,0.0000000000000000
21.000000000000000,5.0000000000000000,0.0000000000000000
22.000000000000000,5.0000000000000000,0.0000000000000000
23.000000000000000,5.0000000000000000,0.0000000000000000
24.000000000000000,5.0000000000000000,0.0000000000000000
25.000000000000000,5.0000000000000000,0.0000000000000000
26.000000000000000,5.0000000000000000,0.0000000000000000
27.000000000000000,5.0000000000000000,0.0000000000000000
28.000000000000000,5.0000000000000000,0.0000000000000000
29.000000000000000,5.0000000000000000,0.0000000000000000
30.000000000000000,5.0000000000000000,0.0000000000000000
31.000000000000000,5.0000000000000000,0.0000000000000000
32.000000000000000,5.0000000000000000,0.0000000000000000
33.000000000000000,5.0000000000000000,0.0000000000000000
34.000000000000000,5.0000000000000000,0.0000000000000000
35.000000000000000,5.0000000000000000,0.0000000000000000
36.000000000000000,5.0000000000000000,0.0000000000000000
37.000000000000000,5.0000000000000000,0.0000000000000000
38.000000000000000,5.0000000000000000,0.0000000000000000
39.000000000000000,5.0000000000000000,0.0000000000000000
40.000000000000000,5.0000000000000000,0.0000000000000000
41.000000000000000,5.0000000000000000,0.0000000000000000
42.000000000000000,5.0000000000000000,0.0000000000000000
43.000000000000000,5.0000000000000000,0.0000000000000000
44.000000000000000,5.0000000000000000,0.0000000000000000
45.000000000000000,5.0000000000000000,0.0000000000000000
46.000000000000000,5.0000000000000000,0.0000000000000000
47.000000000000000,5.0000000000000000,0.0000000000000000
48.000000000000000,5.0000000000000000,0.0000000000000000
49.000000000000000,5.0000000000000000,0.0000000000000000
50.000000000000000,5.0000000000000000,0.0000000000000000
51.000000000000000,5.0000000000000000,0.0000000000000000
52.000000000000000,5.0000000000000000,0.0000000000000000
53.000000000000000,5.0000000000000000,0.0000000000000000
54.000000000000000,5.0000000000000000,0.0000000000000000
55.000000000000000,5.0000000000000000,0.0000000000000000
56.000000000000000,5.0000000000000000,0.0000000000000000
57.000000000000000,5.0000000000000000,0.0000000000000000
58.000000000000000,5.0000000000000000,0.0000000000000000
59.000000000000000,5.0000000000000000,0.0000000000000000
60.000000000000000,5.0000000000000000,0.0000000000000000
61.000000000000000,5.0000000000000000,0.0000000000000000
62.000000000000000,5.0000000000000000,0.0000000000000000
63.000000000000000,5.0000000000000000,0.0000000000000000
64.000000000000000,5.0000000000000000,0.0000000000000000
65.000000000000000,5.0000000000000000,0.0000000000000000
66.000000000000000,5.0000000000000000,0.0000000000000000
67.000000000000000,5.0000000000000000,0.0000000000000000
68.000000000000000,5.0000000000000000,0.0000000000000000
69.000000000000000,5.0000000000000000,0.0000000000000000
70.000000000000000,5.0000000000000000,0.0000000000000000
71.000000000000000,5.0000000000000000,0.0000000000000000
72.000000000000000,5.0000000000000000,0.0000000000000000
73.000000000000000,5.0000000000000000,0.0000000000000000
74.000000000000000,5.0000000000000000,0.0000000000000000
75.000000000000000,5.0000000000000000,0.0000000000000000
76.000000000000000,5.0000000000000000,0.0000000000000000
77.000000000000000,5.0000000000000000,0.0000000000000000
78.000000000000000,5.0000000000000000,0.0000000000000000
79.000000000000000,5.0000000000000000,0.0000000000000000
80.000000000000000,5.0000000000000000,0.0000000000000000
81.000000000000000,5.0000000000000000,0.0000000000000000
82.000000000000000,5.0000000000000000,0.0000000000000000
83.000000000000000,5.0000000000000000,0.0000000000000000
84.000000000000000,5.0000000000000000,0.0000000000000000
85.000000000000000,5.0000000000000000,0.0000000000000000
86.000000000000000,5.0000000000000000,0.0000000000000000
87.000000000000000,5.0000000000000000,0.0000000000000000
88.000000000000000,5.0000000000000000,0.0000000000000000
89.000000000000000,5.0000000000000000,0.0000000000000000
90.000000000000000,5.0000000000000000,0.0000000000000000
91.000000000000000,5.0000000000000000,0.0000000000000000
92.000000000000000,5.0000000000000000,0.0000000000000000
93.000000000000000,5.0000000000000000,0.0000000000000000
94.000000000000000,5.0000000000000000,0.0000000000000000
95.000000000000000,5.0000000000000000,0.0000000000000000
96.000000000000000,5.0000000000000000,0.0000000000000000
97.000000000000000,5.0000000000000000,0.0000000000000000
98.000000000000000,5.0000000000000000,0.0000000000000000
99.000000000000000,5.0000000000000000,0.0000000000000000
100.00000000000000,5.0000000000000000,0.0000000000000000
101.00000000000000,5.0000000000000000,0.0000000000000000
102.00000000000000,5.0000000000000000,0.0000000000000000
103.00000000000000,5.0000000000000000,0.0000000000000000
104.00000000000000,5.0000000000000000,0.0000000000000000
105.00000000000000,5.0000000000000000,0.0000000000000000
106.00000000000000,5.0000000000000000,0.0000000000000000
107.00000000000000,5.0000000000000000,0.0000000000000000
108.00000000000000,5.0000000000000000,0.0000000000000000
109.00000000000000,5.0000000000000000,0.0000000000000000
110.00000000000000,5.0000000000000000,0.0000000000000000
111.00000000000000,5.0000000000000000,0.0000000000000000
112.00000000000000,5.0000000000000000,0.0000000000000000
113.00000000000000,5.0000000000000000,0.0000000000000000
1.0000000000000000,6.0000000000000000,0.0000000000000000
2.0000000000000000,6.0000000000000000,0.0000000000000000
3.0000000000000000,6.0000000000000000,0.0000000000000000
4.0000000000000000,6.0000000000000000,0.0000000000000000
5.0000000000000000,6.0000000000000000,0.0000000000000000
6.0000000000000000,6.0000000000000000,0.0000000000000000
7.0000000000000000,6.0000000000000000,0.0000000000000000
8.0000000000000000,6.0000000000000000,0.0000000000000000
9.0000000000000000,6.0000000000000000,0.0000000000000000
10.000000000000000,6.0000000000000000,0.0000000000000000
11.000000000000000,6.0000000000000000,0.0000000000000000
12.000000000000000,6.0000000000000000,0.0000000000000000
13.000000000000000,6.0000000000000000,0.0000000000000000
14.000000000000000,6.0000000000000000,0.0000000000000000
15.000000000000000,6.0000000000000000,0.0000000000000000
16.000000000000000,6.0000000000000000,0.0000000000000000
17.000000000000000,6.0000000000000000,0.0000000000000000
18.000000000000000,6.0000000000000000,0.0000000000000000
19.000000000000000,6.0000000000000000,0.0000000000000000
20.000000000000000,6.0000000000000000,0.0000000000000000
21.000000000000000,6.0000000000000000,0.0000000000000000
22.000000000000000,6.0000000000000000,0.0000000000000000
23.000000000000000,6.0000000000000000,0.0000000000000000
24.000000000000000,6.0000000000000000,0.0000000000000000
25.000000000000000,6.0000000000000000,0.0000000000000000
26.000000000000000,6.0000000000000000,0.0000000000000000
27.000000000000000,6.0000000000000000,0.0000000000000000
28.000000000000000,6.0000000000000000,0.0000000000000000
29.000000000000000,6.0000000000000000,0.0000000000000000
30.000000000000000,6.0000000000000000,0.0000000000000000
31.000000000000000,6.0000000000000000,0.0000000000000000
32.000000000000000,6.0000000000000000,0.0000000000000000
33.000000000000000,6.0000000000000000,0.0000000000000000
34.000000000000000,6.0000000000000000,0.0000000000000000
35.000000000000000,6.0000000000000000,0.0000000000000000
36.000000000000000,6.0000000000000000,0.0000000000000000
37.000000000000000,6.0000000000000000,0.0000000000000000
38.000000000000000,6.0000000000000000,0.0000000000000000
39.000000000000000,6.0000000000000000,0.0000000000000000
40.000000000000000,6.0000000000000000,0.0000000000000000
41.000000000000000,6.0000000000000000,0.0000000000000000
42.000000000000000,6.0000000000000000,0.0000000000000000
43.000000000000000,6.0000000000000000,0.0000000000000000
44.000000000000000,6.0000000000000000,0.0000000000000000
45.000000000000000,6.0000000000000000,0.0000000000000000
46.000000000000000,6.0000000000000000,0.0000000000000000
47.000000000000000,6.0000000000000000,0.0000000000000000
48.000000000000000,6.0000000000000000,0.0000000000000000
49.000000000000000,6.0000000000000000,0.0000000000000000
50.000000000000000,6.0000000000000000,0.0000000000000000
51.000000000000000,6.0000000000000000,0.0000000000000000
52.000000000000000,6.0000000000000000,0.0000000000000000
53.000000000000000,6.0000000000000000,0.0000000000000000
54.000000000000000,6.0000000000000000,0.0000000000000000
55.000000000000000,6.0000000000000000,0.0000000000000000
56.000000000000000,6.0000000000000000,0.0000000000000000
57.000000000000000,6.0000000000000000,0.0000000000000000
58.000000000000000,6.0000000000000000,0.0000000000000000
59.000000000000000,6.0000000000000000,0.0000000000000000
60.000000000000000,6.0000000000000000,0.0000000000000000
61.000000000000000,6.0000000000000000,0.0000000000000000
62.000000000000000,6.0000000000000000,0.0000000000000000
63.000000000000000,6.0000000000000000,0.0000000000000000
64.000000000000000,6.0000000000000000,0.0000000000000000
65.000000000000000,6.0000000000000000,0.0000000000000000
66.000000000000000,6.0000000000000000,0.0000000000000000
67.000000000000000,6.0000000000000000,0.0000000000000000
68.000000000000000,6.0000000000000000,0.0000000000000000
69.000000000000000,6.0000000000000000,0.0000000000000000
70.000000000000000,6.0000000000000000,0.0000000000000000
71.000000000000000,6.0000000000000000,0.0000000000000000
72.000000000000000,6.0000000000000000,0.0000000000000000
73.000000000000000,6.0000000000000000,0.0000000000000000
74.000000000000000,6.0000000000000000,0.0000000000000000
75.000000000000000,6.0000000000000000,0.0000000000000000
76.000000000000000,6.0000000000000000,0.0000000000000000
77.000000000000000,6.0000000000000000,0.0000000000000000
78.000000000000000,6.0000000000000000,0.0000000000000000
79.000000000000000,6.0000000000000000,0.0000000000000000
80.000000000000000,6.0000000000000000,0.0000000000000000
81.000000000000000,6.0000000000000000,0.0000000000000000
82.000000000000000,6.0000000000000000,0.0000000000000000
83.000000000000000,6.0000000000000000,0.0000000000000000
84.000000000000000,6.0000000000000000,0.0000000000000000
85.000000000000000,6.0000000000000000,0.0000000000000000
86.000000000000000,6.0000000000000000,0.0000000000000000
87.000000000000000,6.0000000000000000,0.0000000000000000
88.000000000000000,6.0000000000000000,0.0000000000000000
89.000000000000000,6.0000000000000000,0.0000000000000000
90.000000000000000,6.0000000000000000,0.0000000000000000
91.000000000000000,6.0000000000000000,0.0000000000000000
92.000000000000000,6.0000000000000000,0.0000000000000000
93.000000000000000,6.0000000000000000,0.0000000000000000
94.000000000000000,6.0000000000000000,0.0000000000000000
95.000000000000000,6.0000000000000000,0.0000000000000000
96.000000000000000,6.0000000000000000,0.0000000000000000
97.000000000000000,6.0000000000000000,0.0000000000000000
98.000000000000000,6.0000000000000000,0.0000000000000000
99.000000000000000,6.0000000000000000,0.0000000000000000
100.00000000000000,6.0000000000000000,0.0000000000000000
101.00000000000000,6.0000000000000000,0.0000000000000000
102.00000000000000,6.0000000000000000,0.0000000000000000
103.00000000000000,6.0000000000000000,0.0000000000000000
104.00000000000000,6.0000000000000000,0.0000000000000000
105.00000000000000,6.0000000000000000,0.0000000000000000
106.00000000000000,6.0000000000000000,0.0000000000000000
107.00000000000000,6.0000000000000000,0.0000000000000000
108.00000000000000,6.0000000000000000,0.0000000000000000
109.00000000000000,6.0000000000000000,0.0000000000000000
110.00000000000000,6.0000000000000000,0.0000000000000000
111.00000000000000,6.0000000000000000,0.0000000000000000
112.00000000000000,6.0000000000000000,0.0000000000000000
113.00000000000000,6.0000000000000000,0.0000000000000000
1.0000000000000000,7.0000000000000000,0.0000000000000000
2.0000000000000000,7.0000000000000000,0.0000000000000000
3.0000000000000000,7.0000000000000000,0.0000000000000000
4.0000000000000000,7.0000000000000000,0.0000000000000000
5.0000000000000000,7.0000000000000000,0.0000000000000000
6.0000000000000000,7.0000000000000000,0.0000000000000000
7.0000000000000000,7.0000000000000000,0.0000000000000000
8.0000000000000000,7.0000000000000000,0.0000000000000000
9.0000000000000000,7.0000000000000000,0.0000000000000000
10.000000000000000,7.0000000000000000,0.0000000000000000
11.000000000000000,7.0000000000000000,0.0000000000000000
12.000000000000000,7.0000000000000000,0.0000000000000000
13.000000000000000,7.0000000000000000,0.0000000000000000
14.000000000000000,7.0000000000000000,0.0000000000000000
15.000000000000000,7.0000000000000000,0.0000000000000000
16.000000000000000,7.0000000000000000,0.0000000000000000
17.000000000000000,7.0000000000000000,0.0000000000000000
18.000000000000000,7.0000000000000000,0.0000000000000000
19.000000000000000,7.0000000000000000,0.0000000000000000
20.000000000000000,7.0000000000000000,0.0000000000000000
21.000000000000000,7.0000000000000000,0.0000000000000000
22.000000000000000,7.0000000000000000,0.0000000000000000
23.000000000000000,7.0000000000000000,0.0000000000000000
24.000000000000000,7.0000000000000000,0.0000000000000000
25.000000000000000,7.0000000000000000,0.0000000000000000
26.000000000000000,7.0000000000000000,0.0000000000000000
27.000000000000000,7.0000000000000000,0.0000000000000000
28.000000000000000,7.0000000000000000,0.0000000000000000
29.000000000000000,7.0000000000000000,0.0000000000000000
30.000000000000000,7.0000000000000000,0.0000000000000000
31.000000000000000,7.0000000000000000,0.0000000000000000
32.000000000000000,7.0000000000000000,0.0000000000000000
33.000000000000000,7.0000000000000000,0.0000000000000000
34.000000000000000,7.0000000000000000,0.0000000000000000
35.000000000000000,7.0000000000000000,0.0000000000000000
36.000000000000000,7.0000000000000000,0.0000000000000000
37.000000000000000,7.0000000000000000,0.0000000000000000
38.000000000000000,7.0000000000000000,0.0000000000000000
39.000000000000000,7.0000000000000000,0.0000000000000000
40.000000000000000,7.0000000000000000,0.0000000000000000
41.000000000000000,7.0000000000000000,0.0000000000000000
42.000000000000000,7.0000000000000000,0.0000000000000000
43.000000000000000,7.0000000000000000,0.0000000000000000
44.000000000000000,7.0000000000000000,0.0000000000000000
45.000000000000000,7.0000000000000000,0.0000000000000000
46.000000000000000,7.0000000000000000,0.0000000000000000
47.000000000000000,7.0000000000000000,0.0000000000000000
48.000000000000000,7.0000000000000000,0.0000000000000000
49.000000000000000,7.0000000000000000,0.0000000000000000
50.000000000000000,7.0000000000000000,0.0000000000000000
51.000000000000000,7.0000000000000000,0.0000000000000000
52.000000000000000,7.0000000000000000,0.0000000000000000
53.000000000000000,7.0000000000000000,0.0000000000000000
54.000000000000000,7.0000000000000000,0.0000000000000000
55.000000000000000,7.0000000000000000,0.0000000000000000
56.000000000000000,7.0000000000000000,0.0000000000000000
57.000000000000000,7.0000000000000000,0.0000000000000000
58.000000000000000,7.0000000000000000,0.0000000000000000
59.000000000000000,7.0000000000000000,0.0000000000000000
60.000000000000000,7.0000000000000000,0.0000000000000000
61.000000000000000,7.0000000000000000,0.0000000000000000
62.000000000000000,7.0000000000000000,0.0000000000000000
63.000000000000000,7.0000000000000000,0.0000000000000000
64.000000000000000,7.0000000000000000,0.0000000000000000
65.000000000000000,7.0000000000000000,0.0000000000000000
66.000000000000000,7.0000000000000000,0.0000000000000000
67.000000000000000,7.0000000000000000,0.0000000000000000
68.000000000000000,7.0000000000000000,0.0000000000000000
69.000000000000000,7.0000000000000000,0.0000000000000000
70.000000000000000,7.0000000000000000,0.0000000000000000
71.000000000000000,7.0000000000000000,0.0000000000000000
72.000000000000000,7.0000000000000000,0.0000000000000000
73.000000000000000,7.0000000000000000,0.0000000000000000
74.000000000000000,7.0000000000000000,0.0000000000000000
75.000000000000000,7.0000000000000000,0.0000000000000000
76.000000000000000,7.0000000000000000,0.0000000000000000
77.000000000000000,7.0000000000000000,0.0000000000000000
78.000000000000000,7.0000000000000000,0.0000000000000000
79.000000000000000,7.0000000000000000,0.0000000000000000
80.000000000000000,7.0000000000000000,0.0000000000000000
81.000000000000000,7.0000000000000000,0.0000000000000000
82.000000000000000,7.0000000000000000,0.0000000000000000
83.000000000000000,7.0000000000000000,0.0000000000000000
84.000000000000000,7.0000000000000000,0.0000000000000000
85.000000000000000,7.0000000000000000,0.0000000000000000
86.000000000000000,7.0000000000000000,0.0000000000000000
87.000000000000000,7.0000000000000000,0.0000000000000000
88.000000000000000,7.0000000000000000,0.0000000000000000
89.000000000000000,7.0000000000000000,0.0000000000000000
90.000000000000000,7.0000000000000000,0.0000000000000000
91.000000000000000,7.0000000000000000,0.0000000000000000
92.000000000000000,7.0000000000000000,0.0000000000000000
93.000000000000000,7.0000000000000000,0.0000000000000000
94.000000000000000,7.0000000000000000,0.0000000000000000
95.000000000000000,7.0000000000000000,0.0000000000000000
96.000000000000000,7.0000000000000000,0.0000000000000000
97.000000000000000,7.0000000000000000,0.0000000000000000
98.000000000000000,7.0000000000000000,0.0000000000000000
99.000000000000000,7.0000000000000000,0.0000000000000000
100.00000000000000,7.0000000000000000,0.0000000000000000
101.00000000000000,7.0000000000000000,0.0000000000000000
102.00000000000000,7.0000000000000000,0.0000000000000000
103.00000000000000,7.0000000000000000,0.0000000000000000
104.00000000000000,7.0000000000000000,0.0000000000000000
105.00000000000000,7.0000000000000000,0.0000000000000000
106.00000000000000,7.0000000000000000,0.0000000000000000
107.00000000000000,7.0000000000000000,0.0000000000000000
108.00000000000000,7.0000000000000000,0.0000000000000000
109.00000000000000,7.0000000000000000,0.0000000000000000
110.00000000000000,7.0000000000000000,0.0000000000000000
111.00000000000000,7.0000000000000000,0.0000000000000000
112.00000000000000,7.0000000000000000,0.0000000000000000
113.00000000000000,7.0000000000000000,0.0000000000000000
1.0000000000000000,8.0000000000000000,0.0000000000000000
2.0000000000000000,8.0000000000000000,0.0000000000000000
3.0000000000000000,8.0000000000000000,0.0000000000000000
4.0000000000000000,8.0000000000000000,0.0000000000000000
5.0000000000000000,8.0000000000000000,0.0000000000000000
6.0000000000000000,8.0000000000000000,0.0000000000000000
7.0000000000000000,8.0000000000000000,0.0000000000000000
8.0000000000000000,8.0000000000000000,0.0000000000000000
9.0000000000000000,8.0000000000000000,0.0000000000000000
10.000000000000000,8.0000000000000000,0.0000000000000000
11.000000000000000,8.0000000000000000,0.0000000000000000
12.000000000000000,8.0000000000000000,0.0000000000000000
13.000000000000000,8.0000000000000000,0.0000000000000000
14.000000000000000,8.0000000000000000,0.0000000000000000
15.000000000000000,8.0000000000000000,0.0000000000000000
16.000000000000000,8.0000000000000000,0.0000000000000000
17.000000000000000,8.0000000000000000,0.0000000000000000
18.000000000000000,8.0000000000000000,0.0000000000000000
19.000000000000000,8.0000000000000000,0.0000000000000000
20.000000000000000,8.0000000000000000,0.0000000000000000
21.000000000000000,8.0000000000000000,0.0000000000000000
22.000000000000000,8.0000000000000000,0.0000000000000000
23.000000000000000,8.0000000000000000,0.0000000000000000
24.000000000000000,8.0000000000000000,0.0000000000000000
25.000000000000000,8.0000000000000000,0.0000000000000000
26.000000000000000,8.0000000000000000,0.0000000000000000
27.000000000000000,8.0000000000000000,0.0000000000000000
28.000000000000000,8.0000000000000000,0.0000000000000000
29.000000000000000,8.0000000000000000,0.0000000000000000
30.000000000000000,8.0000000000000000,0.0000000000000000
31.000000000000000,8.0000000000000000,0.0000000000000000
32.000000000000000,8.0000000000000000,0.0000000000000000
33.000000000000000,8.0000000000000000,0.0000000000000000
34.000000000000000,8.0000000000000000,0.0000000000000000
35.000000000000000,8.0000000000000000,0.0000000000000000
36.000000000000000,8.0000000000000000,0.0000000000000000
37.000000000000000,8.0000000000000000,0.0000000000000000
38.000000000000000,8.0000000000000000,0.0000000000000000
39.000000000000000,8.0000000000000000,0.0000000000000000
40.000000000000000,8.0000000000000000,0.0000000000000000
41.000000000000000,8.0000000000000000,0.0000000000000000
42.000000000000000,8.0000000000000000,0.0000000000000000
43.000000000000000,8.0000000000000000,0.0000000000000000
44.000000000000000,8.0000000000000000,0.0000000000000000
45.000000000000000,8.0000000000000000,0.0000000000000000
46.000000000000000,8.0000000000000000,0.0000000000000000
47.000000000000000,8.0000000000000000,0.0000000000000000
48.000000000000000,8.0000000000000000,0.0000000000000000
49.000000000000000,8.0000000000000000,0.0000000000000000
50.000000000000000,8.0000000000000000,0.0000000000000000
51.000000000000000,8.0000000000000000,0.0000000000000000
52.000000000000000,8.0000000000000000,0.0000000000000000
53.000000000000000,8.0000000000000000,0.0000000000000000
54.000000000000000,8.0000000000000000,0.0000000000000000
55.000000000000000,8.0000000000000000,0.0000000000000000
56.000000000000000,8.0000000000000000,0.0000000000000000
57.000000000000000,8.0000000000000000,0.0000000000000000
58.000000000000000,8.0000000000000000,0.0000000000000000
59.000000000000000,8.0000000000000000,0.0000000000000000
60.000000000000000,8.0000000000000000,0.0000000000000000
61.000000000000000,8.0000000000000000,0.0000000000000000
62.000000000000000,8.0000000000000000,0.0000000000000000
63.000000000000000,8.0000000000000000,0.0000000000000000
64.000000000000000,8.0000000000000000,0.0000000000000000
65.000000000000000,8.0000000000000000,0.0000000000000000
66.000000000000000,8.0000000000000000,0.0000000000000000
67.000000000000000,8.0000000000000000,0.0000000000000000
68.000000000000000,8.0000000000000000,0.0000000000000000
69.000000000000000,8.0000000000000000,0.0000000000000000
70.000000000000000,8.0000000000000000,0.0000000000000000
71.000000000000000,8.0000000000000000,0.0000000000000000
72.000000000000000,8.0000000000000000,0.0000000000000000
73.000000000000000,8.0000000000000000,0.0000000000000000
74.000000000000000,8.0000000000000000,0.0000000000000000
75.000000000000000,8.0000000000000000,0.0000000000000000
76.000000000000000,8.0000000000000000,0.0000000000000000
77.000000000000000,8.0000000000000000,0.0000000000000000
78.000000000000000,8.0000000000000000,0.0000000000000000
79.000000000000000,8.0000000000000000,0.0000000000000000
80.000000000000000,8.0000000000000000,0.0000000000000000
81.000000000000000,8.0000000000000000,0.0000000000000000
82.000000000000000,8.0000000000000000,0.0000000000000000
83.000000000000000,8.0000000000000000,0.0000000000000000
84.000000000000000,8.0000000000000000,0.0000000000000000
85.000000000000000,8.0000000000000000,0.0000000000000000
86.000000000000000,8.0000000000000000,0.0000000000000000
87.000000000000000,8.0000000000000000,0.0000000000000000
88.000000000000000,8.0000000000000000,0.0000000000000000
89.000000000000000,8.0000000000000000,0.0000000000000000
90.000000000000000,8.0000000000000000,0.0000000000000000
91.000000000000000,8.0000000000000000,0.0000000000000000
92.000000000000000,8.0000000000000000,0.0000000000000000
93.000000000000000,8.0000000000000000,0.0000000000000000
94.000000000000000,8.0000000000000000,0.0000000000000000
95.000000000000000,8.0000000000000000,0.0000000000000000
96.000000000000000,8.0000000000000000,0.0000000000000000
97.000000000000000,8.0000000000000000,0.0000000000000000
98.000000000000000,8.0000000000000000,0.0000000000000000
99.000000000000000,8.0000000000000000,0.0000000000000000
100.00000000000000,8.0000000000000000,0.0000000000000000
101.00000000000000,8.0000000000000000,0.0000000000000000
102.00000000000000,8.0000000000000000,0.0000000000000000
103.00000000000000,8.0000000000000000,0.0000000000000000
104.00000000000000,8.0000000000000000,0.0000000000000000
105.00000000000000,8.0000000000000000,0.0000000000000000
106.00000000000000,8.0000000000000000,0.0000000000000000
107.00000000000000,8.0000000000000000,0.0000000000000000
108.00000000000000,8.0000000000000000,0.0000000000000000
109.00000000000000,8.0000000000000000,0.0000000000000000
110.00000000000000,8.0000000000000000,0.0000000000000000
111.00000000000000,8.0000000000000000,0.0000000000000000
112.00000000000000,8.0000000000000000,0.0000000000000000
113.00000000000000,8.0000000000000000,0.0000000000000000
1.0000000000000000,9.0000000000000000,0.0000000000000000
2.0000000000000000,9.0000000000000000,0.0000000000000000
3.0000000000000000,9.0000000000000000,0.0000000000000000
4.0000000000000000,9.0000000000000000,0.0000000000000000
5.0000000000000000,9.0000000000000000,0.0000000000000000
6.0000000000000000,9.0000000000000000,0.0000000000000000
7.0000000000000000,9.0000000000000000,0.0000000000000000
8.0000000000000000,9.0000000000000000,0.0000000000000000
9.0000000000000000,9.0000000000000000,0.0000000000000000
10.000000000000000,9.0000000000000000,0.0000000000000000
11.000000000000000,9.0000000000000000,0.0000000000000000
12.000000000000000,9.0000000000000000,0.0000000000000000
13.000000000000000,9.0000000000000000,0.0000000000000000
14.000000000000000,9.0000000000000000,0.0000000000000000
15.000000000000000,9.0000000000000000,0.0000000000000000
16.000000000000000,9.0000000000000000,0.0000000000000000
17.000000000000000,9.0000000000000000,0.0000000000000000
18.000000000000000,9.0000000000000000,0.0000000000000000
19.000000000000000,9.0000000000000000,0.0000000000000000
20.000000000000000,9.0000000000000000,0.0000000000000000
21.000000000000000,9.0000000000000000,0.0000000000000000
22.000000000000000,9.0000000000000000,0.0000000000000000
23.000000000000000,9.0000000000000000,0.0000000000000000
24.000000000000000,9.0000000000000000,0.0000000000000000
25.000000000000000,9.0000000000000000,0.0000000000000000
26.000000000000000,9.0000000000000000,0.0000000000000000
27.000000000000000,9.0000000000000000,0.0000000000000000
28.000000000000000,9.0000000000000000,0.0000000000000000
29.000000000000000,9.0000000000000000,0.0000000000000000
30.000000000000000,9.0000000000000000,0.0000000000000000
31.000000000000000,9.0000000000000000,0.0000000000000000
32.000000000000000,9.0000000000000000,0.0000000000000000
33.000000000000000,9.0000000000000000,0.0000000000000000
34.000000000000000,9.0000000000000000,0.0000000000000000
35.000000000000000,9.0000000000000000,0.0000000000000000
36.000000000000000,9.0000000000000000,0.0000000000000000
37.000000000000000,9.0000000000000000,0.0000000000000000
38.000000000000000,9.0000000000000000,0.0000000000000000
39.000000000000000,9.0000000000000000,0.0000000000000000
40.000000000000000,9.0000000000000000,0.0000000000000000
41.000000000000000,9.0000000000000000,0.0000000000000000
42.000000000000000,9.0000000000000000,0.0000000000000000
43.000000000000000,9.0000000000000000,0.0000000000000000
44.000000000000000,9.0000000000000000,0.0000000000000000
45.000000000000000,9.0000000000000000,0.0000000000000000
46.000000000000000,9.0000000000000000,0.0000000000000000
47.000000000000000,9.0000000000000000,0.0000000000000000
48.000000000000000,9.0000000000000000,0.0000000000000000
49.000000000000000,9.0000000000000000,0.0000000000000000
50.000000000000000,9.0000000000000000,0.0000000000000000
51.000000000000000,9.0000000000000000,0.0000000000000000
52.000000000000000,9.0000000000000000,0.0000000000000000
53.000000000000000,9.0000000000000000,0.0000000000000000
54.000000000000000,9.0000000000000000,0.0000000000000000
55.000000000000000,9.0000000000000000,0.0000000000000000
56.000000000000000,9.0000000000000000,0.0000000000000000
57.000000000000000,9.0000000000000000,0.0000000000000000
58.000000000000000,9.0000000000000000,0.0000000000000000
59.000000000000000,9.0000000000000000,0.0000000000000000
60.000000000000000,9.0000000000000000,0.0000000000000000
61.000000000000000,9.0000000000000000,0.0000000000000000
62.000000000000000,9.0000000000000000,0.0000000000000000
63.000000000000000,9.0000000000000000,0.0000000000000000
64.000000000000000,9.0000000000000000,0.0000000000000000
65.000000000000000,9.0000000000000000,0.0000000000000000
66.000000000000000,9.0000000000000000,0.0000000000000000
67.000000000000000,9.0000000000000000,0.0000000000000000
68.000000000000000,9.0000000000000000,0.0000000000000000
69.000000000000000,9.0000000000000000,0.0000000000000000
70.000000000000000,9.0000000000000000,0.0000000000000000
71.000000000000000,9.0000000000000000,0.0000000000000000
72.000000000000000,9.0000000000000000,0.0000000000000000
73.000000000000000,9.0000000000000000,0.0000000000000000
74.000000000000000,9.0000000000000000,0.0000000000000000
75.000000000000000,9.0000000000000000,0.0000000000000000
76.000000000000000,9.0000000000000000,0.0000000000000000
77.000000000000000,9.0000000000000000,0.0000000000000000
78.000000000000000,9.0000000000000000,0.0000000000000000
79.000000000000000,9.0000000000000000,0.0000000000000000
80.000000000000000,9.0000000000000000,0.0000000000000000
81.000000000000000,9.0000000000000000,0.0000000000000000
82.000000000000000,9.0000000000000000,0.0000000000000000
83.000000000000000,9.0000000000000000,0.0000000000000000
84.000000000000000,9.0000000000000000,0.0000000000000000
85.000000000000000,9.0000000000000000,0.0000000000000000
86.000000000000000,9.0000000000000000,0.0000000000000000
87.000000000000000,9.0000000000000000,0.0000000000000000
88.000000000000000,9.0000000000000000,0.0000000000000000
89.000000000000000,9.0000000000000000,0.0000000000000000
90.000000000000000,9.0000000000000000,0.0000000000000000
91.000000000000000,9.0000000000000000,0.0000000000000000
92.000000000000000,9.0000000000000000,0.0000000000000000
93.000000000000000,9.0000000000000000,0.0000000000000000
94.000000000000000,9.0000000000000000,0.0000000000000000
95.000000000000000,9.0000000000000000,0.0000000000000000
96.000000000000000,9.0000000000000000,0.0000000000000000
97.000000000000000,9.0000000000000000,0.0000000000000000
98.000000000000000,9.0000000000000000,0.0000000000000000
99.000000000000000,9.0000000000000000,0.0000000000000000
100.00000000000000,9.0000000000000000,0.0000000000000000
101.00000000000000,9.0000000000000000,0.0000000000000000
102.00000000000000,9.0000000000000000,0.0000000000000000
103.00000000000000,9.0000000000000000,0.0000000000000000
104.00000000000000,9.0000000000000000,0.0000000000000000
105.00000000000000,9.0000000000000000,0.0000000000000000
106.00000000000000,9.0000000000000000,0.0000000000000000
107.00000000000000,9.0000000000000000,0.0000000000000000
108.00000000000000,9.0000000000000000,0.0000000000000000
109.00000000000000,9.0000000000000000,0.0000000000000000
110.00000000000000,9.0000000000000000,0.0000000000000000
111.00000000000000,9.0000000000000000,0.0000000000000000
112.00000000000000,9.0000000000000000,0.0000000000000000
113.00000000000000,9.0000000000000000,0.0000000000000000
1.0000000000000000,10.000000000000000,0.0000000000000000
2.0000000000000000,10.000000000000000,0.0000000000000000
3.0000000000000000,10.000000000000000,0.0000000000000000
4.0000000000000000,10.000000000000000,0.0000000000000000
5.0000000000000000,10.000000000000000,0.0000000000000000
6.0000000000000000,10.000000000000000,0.0000000000000000
7.0000000000000000,10.000000000000000,0.0000000000000000
8.0000000000000000,10.000000000000000,0.0000000000000000
9.0000000000000000,10.000000000000000,0.0000000000000000
10.000000000000000,10.000000000000000,0.0000000000000000
11.000000000000000,10.000000000000000,0.0000000000000000
12.000000000000000,10.000000000000000,0.0000000000000000
13.000000000000000,10.000000000000000,0.0000000000000000
14.000000000000000,10.000000000000000,0.0000000000000000
15.000000000000000,10.000000000000000,0.0000000000000000
16.000000000000000,10.000000000000000,0.0000000000000000
17.000000000000000,10.000000000000000,0.0000000000000000
18.000000000000000,10.000000000000000,0.0000000000000000
19.000000000000000,10.000000000000000,0.0000000000000000
20.000000000000000,10.000000000000000,0.0000000000000000
21.000000000000000,10.000000000000000,0.0000000000000000
22.000000000000000,10.000000000000000,0.0000000000000000
23.000000000000000,10.000000000000000,0.0000000000000000
24.000000000000000,10.000000000000000,0.0000000000000000
25.000000000000000,10.000000000000000,0.0000000000000000
26.000000000000000,10.000000000000000,0.0000000000000000
27.000000000000000,10.000000000000000,0.0000000000000000
28.000000000000000,10.000000000000000,0.0000000000000000
29.000000000000000,10.000000000000000,0.0000000000000000
30.000000000000000,10.000000000000000,0.0000000000000000
31.000000000000000,10.000000000000000,0.0000000000000000
32.000000000000000,10.000000000000000,0.0000000000000000
33.000000000000000,10.000000000000000,0.0000000000000000
34.000000000000000,10.000000000000000,0.0000000000000000
35.000000000000000,10.000000000000000,0.0000000000000000
36.000000000000000,10.000000000000000,0.0000000000000000
37.000000000000000,10.000000000000000,0.0000000000000000
38.000000000000000,10.000000000000000,0.0000000000000000
39.000000000000000,10.000000000000000,0.0000000000000000
40.000000000000000,10.000000000000000,0.0000000000000000
41.000000000000000,10.000000000000000,0.0000000000000000
42.000000000000000,10.000000000000000,0.0000000000000000
43.000000000000000,10.000000000000000,0.0000000000000000
44.000000000000000,10.000000000000000,0.0000000000000000
45.000000000000000,10.000000000000000,0.0000000000000000
46.000000000000000,10.000000000000000,0.0000000000000000
47.000000000000000,10.000000000000000,0.0000000000000000
48.000000000000000,10.000000000000000,0.0000000000000000
49.000000000000000,10.000000000000000,0.0000000000000000
50.000000000000000,10.000000000000000,0.0000000000000000
51.000000000000000,10.000000000000000,0.0000000000000000
52.000000000000000,10.000000000000000,0.0000000000000000
53.000000000000000,10.000000000000000,0.0000000000000000
54.000000000000000,10.000000000000000,0.0000000000000000
55.000000000000000,10.000000000000000,0.0000000000000000
56.000000000000000,10.000000000000000,0.0000000000000000
57.000000000000000,10.000000000000000,0.0000000000000000
58.000000000000000,10.000000000000000,0.0000000000000000
59.000000000000000,10.000000000000000,0.0000000000000000
60.000000000000000,10.000000000000000,0.0000000000000000
61.000000000000000,10.000000000000000,0.0000000000000000
62.000000000000000,10.000000000000000,0.0000000000000000
63.000000000000000,10.000000000000000,0.0000000000000000
64.000000000000000,10.000000000000000,0.0000000000000000
65.000000000000000,10.000000000000000,0.0000000000000000
66.000000000000000,10.000000000000000,0.0000000000000000
67.000000000000000,10.000000000000000,0.0000000000000000
68.000000000000000,10.000000000000000,0.0000000000000000
69.000000000000000,10.000000000000000,0.0000000000000000
70.000000000000000,10.000000000000000,0.0000000000000000
71.000000000000000,10.000000000000000,0.0000000000000000
72.000000000000000,10.000000000000000,0.0000000000000000
73.000000000000000,10.000000000000000,0.0000000000000000
74.000000000000000,10.000000000000000,0.0000000000000000
75.000000000000000,10.000000000000000,0.0000000000000000
76.000000000000000,10.000000000000000,0.0000000000000000
77.000000000000000,10.000000000000000,0.0000000000000000
78.000000000000000,10.000000000000000,0.0000000000000000
79.000000000000000,10.000000000000000,0.0000000000000000
80.000000000000000,10.000000000000000,0.0000000000000000
81.000000000000000,10.000000000000000,0.0000000000000000
82.000000000000000,10.000000000000000,0.0000000000000000
83.000000000000000,10.000000000000000,0.0000000000000000
84.000000000000000,10.000000000000000,0.0000000000000000
85.000000000000000,10.000000000000000,0.0000000000000000
86.000000000000000,10.000000000000000,0.0000000000000000
87.000000000000000,10.000000000000000,0.0000000000000000
88.000000000000000,10.000000000000000,0.0000000000000000
89.000000000000000,10.000000000000000,0.0000000000000000
90.000000000000000,10.000000000000000,0.0000000000000000
91.000000000000000,10.000000000000000,0.0000000000000000
92.000000000000000,10.000000000000000,0.0000000000000000
93.000000000000000,10.000000000000000,0.0000000000000000
94.000000000000000,10.000000000000000,0.0000000000000000
95.000000000000000,10.000000000000000,0.0000000000000000
96.000000000000000,10.000000000000000,0.0000000000000000
97.000000000000000,10.000000000000000,0.0000000000000000
98.000000000000000,10.000000000000000,0.0000000000000000
99.000000000000000,10.000000000000000,0.0000000000000000
100.00000000000000,10.000000000000000,0.0000000000000000
101.00000000000000,10.000000000000000,0.0000000000000000
102.00000000000000,10.000000000000000,0.0000000000000000
103.00000000000000,10.000000000000000,0.0000000000000000
104.00000000000000,10.000000000000000,0.0000000000000000
105.00000000000000,10.000000000000000,0.0000000000000000
106.00000000000000,10.000000000000000,0.0000000000000000
107.00000000000000,10.000000000000000,0.0000000000000000
108.00000000000000,10.000000000000000,0.0000000000000000
109.00000000000000,10.000000000000000,0.0000000000000000
110.00000000000000,10.000000000000000,0.0000000000000000
111.00000000000000,10.000000000000000,0.0000000000000000
112.00000000000000,10.000000000000000,0.0000000000000000
113.00000000000000,10.000000000000000,0.0000000000000000
1.0000000000000000,11.000000000000000,0.0000000000000000
2.0000000000000000,11.000000000000000,0.0000000000000000
3.0000000000000000,11.000000000000000,0.0000000000000000
4.0000000000000000,11.000000000000000,0.0000000000000000
5.0000000000000000,11.000000000000000,0.0000000000000000
6.0000000000000000,11.000000000000000,0.0000000000000000
7.0000000000000000,11.000000000000000,0.0000000000000000
8.0000000000000000,11.000000000000000,0.0000000000000000
9.0000000000000000,11.000000000000000,0.0000000000000000
10.000000000000000,11.000000000000000,0.0000000000000000
11.000000000000000,11.000000000000000,0.0000000000000000
12.000000000000000,11.000000000000000,0.0000000000000000
13.000000000000000,11.000000000000000,0.0000000000000000
14.000000000000000,11.000000000000000,0.0000000000000000
15.000000000000000,11.000000000000000,0.0000000000000000
16.000000000000000,11.000000000000000,0.0000000000000000
17.000000000000000,11.000000000000000,0.0000000000000000
18.000000000000000,11.000000000000000,0.0000000000000000
19.000000000000000,11.000000000000000,0.0000000000000000
20.000000000000000,11.000000000000000,0.0000000000000000
21.000000000000000,11.000000000000000,0.0000000000000000
22.000000000000000,11.000000000000000,0.0000000000000000
23.000000000000000,11.000000000000000,0.0000000000000000
24.000000000000000,11.000000000000000,0.0000000000000000
25.000000000000000,11.000000000000000,0.0000000000000000
26.000000000000000,11.000000000000000,0.0000000000000000
27.000000000000000,11.000000000000000,0.0000000000000000
28.000000000000000,11.000000000000000,0.0000000000000000
29.000000000000000,11.000000000000000,0.0000000000000000
30.000000000000000,11.000000000000000,0.0000000000000000
31.000000000000000,11.000000000000000,0.0000000000000000
32.000000000000000,11.000000000000000,0.0000000000000000
33.000000000000000,11.000000000000000,0.0000000000000000
34.000000000000000,11.000000000000000,0.0000000000000000
35.000000000000000,11.000000000000000,0.0000000000000000
36.000000000000000,11.000000000000000,0.0000000000000000
37.000000000000000,11.000000000000000,0.0000000000000000
38.000000000000000,11.000000000000000,0.0000000000000000
39.000000000000000,11.000000000000000,0.0000000000000000
40.000000000000000,11.000000000000000,0.0000000000000000
41.000000000000000,11.000000000000000,0.0000000000000000
42.000000000000000,11.000000000000000,0.0000000000000000
43.000000000000000,11.000000000000000,0.0000000000000000
44.000000000000000,11.000000000000000,0.0000000000000000
45.000000000000000,11.000000000000000,0.0000000000000000
46.000000000000000,11.000000000000000,0.0000000000000000
47.000000000000000,11.000000000000000,0.0000000000000000
48.000000000000000,11.000000000000000,0.0000000000000000
49.000000000000000,11.000000000000000,0.0000000000000000
50.000000000000000,11.000000000000000,0.0000000000000000
51.000000000000000,11.000000000000000,0.0000000000000000
52.000000000000000,11.000000000000000,0.0000000000000000
53.000000000000000,11.000000000000000,0.0000000000000000
54.000000000000000,11.000000000000000,0.0000000000000000
55.000000000000000,11.000000000000000,0.0000000000000000
56.000000000000000,11.000000000000000,0.0000000000000000
57.000000000000000,11.000000000000000,0.0000000000000000
58.000000000000000,11.000000000000000,0.0000000000000000
59.000000000000000,11.000000000000000,0.0000000000000000
60.000000000000000,11.000000000000000,0.0000000000000000
61.000000000000000,11.000000000000000,0.0000000000000000
62.000000000000000,11.000000000000000,0.0000000000000000
63.000000000000000,11.000000000000000,0.0000000000000000
64.000000000000000,11.000000000000000,0.0000000000000000
65.000000000000000,11.000000000000000,0.0000000000000000
66.000000000000000,11.000000000000000,0.0000000000000000
67.000000000000000,11.000000000000000,0.0000000000000000
68.000000000000000,11.000000000000000,0.0000000000000000
69.000000000000000,11.000000000000000,0.0000000000000000
70.000000000000000,11.000000000000000,0.0000000000000000
71.000000000000000,11.000000000000000,0.0000000000000000
72.000000000000000,11.000000000000000,0.0000000000000000
73.000000000000000,11.000000000000000,0.0000000000000000
74.000000000000000,11.000000000000000,0.0000000000000000
75.000000000000000,11.000000000000000,0.0000000000000000
76.000000000000000,11.000000000000000,0.0000000000000000
77.000000000000000,11.000000000000000,0.0000000000000000
78.000000000000000,11.000000000000000,0.0000000000000000
79.000000000000000,11.000000000000000,0.0000000000000000
80.000000000000000,11.000000000000000,0.0000000000000000
81.000000000000000,11.000000000000000,0.0000000000000000
82.000000000000000,11.000000000000000,0.0000000000000000
83.000000000000000,11.000000000000000,0.0000000000000000
84.000000000000000,11.000000000000000,0.0000000000000000
85.000000000000000,11.000000000000000,0.0000000000000000
86.000000000000000,11.000000000000000,0.0000000000000000
87.000000000000000,11.000000000000000,0.0000000000000000
88.000000000000000,11.000000000000000,0.0000000000000000
89.000000000000000,11.000000000000000,0.0000000000000000
90.000000000000000,11.000000000000000,0.0000000000000000
91.000000000000000,11.000000000000000,0.0000000000000000
92.000000000000000,11.000000000000000,0.0000000000000000
93.000000000000000,11.000000000000000,0.0000000000000000
94.000000000000000,11.000000000000000,0.0000000000000000
95.000000000000000,11.000000000000000,0.0000000000000000
96.000000000000000,11.000000000000000,0.0000000000000000
97.000000000000000,11.000000000000000,0.0000000000000000
98.000000000000000,11.000000000000000,0.0000000000000000
99.000000000000000,11.000000000000000,0.0000000000000000
100.00000000000000,11.000000000000000,0.0000000000000000
101.00000000000000,11.000000000000000,0.0000000000000000
102.00000000000000,11.000000000000000,0.0000000000000000
103.00000000000000,11.000000000000000,0.0000000000000000
104.00000000000000,11.000000000000000,0.0000000000000000
105.00000000000000,11.000000000000000,0.0000000000000000
106.00000000000000,11.000000000000000,0.0000000000000000
107.00000000000000,11.000000000000000,0.0000000000000000
108.00000000000000,11.000000000000000,0.0000000000000000
109.00000000000000,11.000000000000000,0.0000000000000000
110.00000000000000,11.000000000000000,0.0000000000000000
111.00000000000000,11.000000000000000,0.0000000000000000
112.00000000000000,11.000000000000000,0.0000000000000000
113.00000000000000,11.000000000000000,0.0000000000000000
1.0000000000000000,12.000000000000000,0.0000000000000000
2.0000000000000000,12.000000000000000,0.0000000000000000
3.0000000000000000,12.000000000000000,0.0000000000000000
4.0000000000000000,12.000000000000000,0.0000000000000000
5.0000000000000000,12.000000000000000,0.0000000000000000
6.0000000000000000,12.000000000000000,0.0000000000000000
7.0000000000000000,12.000000000000000,0.0000000000000000
8.0000000000000000,12.000000000000000,0.0000000000000000
9.0000000000000000,12.000000000000000,0.0000000000000000
10.000000000000000,12.000000000000000,0.0000000000000000
11.000000000000000,12.000000000000000,0.0000000000000000
12.000000000000000,12.000000000000000,0.0000000000000000
13.000000000000000,12.000000000000000,0.0000000000000000
14.000000000000000,12.000000000000000,0.0000000000000000
15.000000000000000,12.000000000000000,0.0000000000000000
16.000000000000000,12.000000000000000,0.0000000000000000
17.000000000000000,12.000000000000000,0.0000000000000000
18.000000000000000,12.000000000000000,0.0000000000000000
19.000000000000000,12.000000000000000,0.0000000000000000
20.000000000000000,12.000000000000000,0.0000000000000000
21.000000000000000,12.000000000000000,0.0000000000000000
22.000000000000000,12.000000000000000,0.0000000000000000
23.000000000000000,12.000000000000000,0.0000000000000000
24.000000000000000,12.000000000000000,0.0000000000000000
25.000000000000000,12.000000000000000,0.0000000000000000
26.000000000000000,12.000000000000000,0.0000000000000000
27.000000000000000,12.000000000000000,0.0000000000000000
28.000000000000000,12.000000000000000,0.0000000000000000
29.000000000000000,12.000000000000000,0.0000000000000000
30.000000000000000,12.000000000000000,0.0000000000000000
31.000000000000000,12.000000000000000,0.0000000000000000
32.000000000000000,12.000000000000000,0.0000000000000000
33.000000000000000,12.000000000000000,0.0000000000000000
34.000000000000000,12.000000000000000,0.0000000000000000
35.000000000000000,12.000000000000000,0.0000000000000000
36.000000000000000,12.000000000000000,0.0000000000000000
37.000000000000000,12.000000000000000,0.0000000000000000
38.000000000000000,12.000000000000000,0.0000000000000000
39.000000000000000,12.000000000000000,0.0000000000000000
40.000000000000000,12.000000000000000,0.0000000000000000
41.000000000000000,12.000000000000000,0.0000000000000000
42.000000000000000,12.000000000000000,0.0000000000000000
43.000000000000000,12.000000000000000,0.0000000000000000
44.000000000000000,12.000000000000000,0.0000000000000000
45.000000000000000,12.000000000000000,0.0000000000000000
46.000000000000000,12.000000000000000,0.0000000000000000
47.000000000000000,12.000000000000000,0.0000000000000000
48.000000000000000,12.000000000000000,0.0000000000000000
49.000000000000000,12.000000000000000,0.0000000000000000
50.000000000000000,12.000000000000000,0.0000000000000000
51.000000000000000,12.000000000000000,0.0000000000000000
52.000000000000000,12.000000000000000,0.0000000000000000
53.000000000000000,12.000000000000000,0.0000000000000000
54.000000000000000,12.000000000000000,0.0000000000000000
55.000000000000000,12.000000000000000,0.0000000000000000
56.000000000000000,12.000000000000000,0.0000000000000000
57.000000000000000,12.000000000000000,0.0000000000000000
58.000000000000000,12.000000000000000,0.0000000000000000
59.000000000000000,12.000000000000000,0.0000000000000000
60.000000000000000,12.000000000000000,0.0000000000000000
61.000000000000000,12.000000000000000,0.0000000000000000
62.000000000000000,12.000000000000000,0.0000000000000000
63.000000000000000,12.000000000000000,0.0000000000000000
64.000000000000000,12.000000000000000,0.0000000000000000
65.000000000000000,12.000000000000000,0.0000000000000000
66.000000000000000,12.000000000000000,0.0000000000000000
67.000000000000000,12.000000000000000,0.0000000000000000
68.000000000000000,12.000000000000000,0.0000000000000000
69.000000000000000,12.000000000000000,0.0000000000000000
70.000000000000000,12.000000000000000,0.0000000000000000
71.000000000000000,12.000000000000000,0.0000000000000000
72.000000000000000,12.000000000000000,0.0000000000000000
73.000000000000000,12.000000000000000,0.0000000000000000
74.000000000000000,12.000000000000000,0.0000000000000000
75.000000000000000,12.000000000000000,0.0000000000000000
76.000000000000000,12.000000000000000,0.0000000000000000
77.000000000000000,12.000000000000000,0.0000000000000000
78.000000000000000,12.000000000000000,0.0000000000000000
79.000000000000000,12.000000000000000,0.0000000000000000
80.000000000000000,12.000000000000000,0.0000000000000000
81.000000000000000,12.000000000000000,0.0000000000000000
82.000000000000000,12.000000000000000,0.0000000000000000
83.000000000000000,12.000000000000000,0.0000000000000000
84.000000000000000,12.000000000000000,0.0000000000000000
85.000000000000000,12.000000000000000,0.0000000000000000
86.000000000000000,12.000000000000000,0.0000000000000000
87.000000000000000,12.000000000000000,0.0000000000000000
88.000000000000000,12.000000000000000,0.0000000000000000
89.000000000000000,12.000000000000000,0.0000000000000000
90.000000000000000,12.000000000000000,0.0000000000000000
91.000000000000000,12.000000000000000,0.0000000000000000
92.000000000000000,12.000000000000000,0.0000000000000000
93.000000000000000,12.000000000000000,0.0000000000000000
94.000000000000000,12.000000000000000,0.0000000000000000
95.000000000000000,12.000000000000000,0.0000000000000000
96.000000000000000,12.000000000000000,0.0000000000000000
97.000000000000000,12.000000000000000,0.0000000000000000
98.000000000000000,12.000000000000000,0.0000000000000000
99.000000000000000,12.000000000000000,0.0000000000000000
100.00000000000000,12.000000000000000,0.0000000000000000
101.00000000000000,12.000000000000000,0.0000000000000000
102.00000000000000,12.000000000000000,0.0000000000000000
103.00000000000000,12.000000000000000,0.0000000000000000
104.00000000000000,12.000000000000000,0.0000000000000000
105.00000000000000,12.000000000000000,0.0000000000000000
106.00000000000000,12.000000000000000,0.0000000000000000
107.00000000000000,12.000000000000000,0.0000000000000000
108.00000000000000,12.000000000000000,0.0000000000000000
109.00000000000000,12.000000000000000,0.0000000000000000
110.00000000000000,12.000000000000000,0.0000000000000000
111.00000000000000,12.000000000000000,0.0000000000000000
112.00000000000000,12.000000000000000,0.0000000000000000
113.00000000000000,12.000000000000000,0.0000000000000000
1.0000000000000000,13.000000000000000,0.0000000000000000
2.0000000000000000,13.000000000000000,0.0000000000000000
3.0000000000000000,13.000000000000000,0.0000000000000000
4.0000000000000000,13.000000000000000,0.0000000000000000
5.0000000000000000,13.000000000000000,0.0000000000000000
6.0000000000000000,13.000000000000000,0.0000000000000000
7.0000000000000000,13.000000000000000,0.0000000000000000
8.0000000000000000,13.000000000000000,0.0000000000000000
9.0000000000000000,13.000000000000000,0.0000000000000000
10.000000000000000,13.000000000000000,0.0000000000000000
11.000000000000000,13.000000000000000,0.0000000000000000
12.000000000000000,13.000000000000000,0.0000000000000000
13.000000000000000,13.000000000000000,0.0000000000000000
14.000000000000000,13.000000000000000,0.0000000000000000
15.000000000000000,13.000000000000000,0.0000000000000000
16.000000000000000,13.000000000000000,0.0000000000000000
17.000000000000000,13.000000000000000,0.0000000000000000
18.000000000000000,13.000000000000000,0.0000000000000000
19.000000000000000,13.000000000000000,0.0000000000000000
20.000000000000000,13.000000000000000,0.0000000000000000
21.000000000000000,13.000000000000000,0.0000000000000000
22.000000000000000,13.000000000000000,0.0000000000000000
23.000000000000000,13.000000000000000,0.0000000000000000
24.000000000000000,13.000000000000000,0.0000000000000000
25.000000000000000,13.000000000000000,0.0000000000000000
26.000000000000000,13.000000000000000,0.0000000000000000
27.000000000000000,13.000000000000000,0.0000000000000000
28.000000000000000,13.000000000000000,0.0000000000000000
29.000000000000000,13.000000000000000,0.0000000000000000
30.000000000000000,13.000000000000000,0.0000000000000000
31.000000000000000,13.000000000000000,0.0000000000000000
32.000000000000000,13.000000000000000,0.0000000000000000
33.000000000000000,13.000000000000000,0.0000000000000000
34.000000000000000,13.000000000000000,0.0000000000000000
35.000000000000000,13.000000000000000,0.0000000000000000
36.000000000000000,13.000000000000000,0.0000000000000000
37.000000000000000,13.000000000000000,0.0000000000000000
38.000000000000000,13.000000000000000,0.0000000000000000
39.000000000000000,13.000000000000000,0.0000000000000000
40.000000000000000,13.000000000000000,0.0000000000000000
41.000000000000000,13.000000000000000,0.0000000000000000
42.000000000000000,13.000000000000000,0.0000000000000000
43.000000000000000,13.000000000000000,0.0000000000000000
44.000000000000000,13.000000000000000,0.0000000000000000
45.000000000000000,13.000000000000000,0.0000000000000000
46.000000000000000,13.000000000000000,0.0000000000000000
47.000000000000000,13.000000000000000,0.0000000000000000
48.000000000000000,13.000000000000000,0.0000000000000000
49.000000000000000,13.000000000000000,0.0000000000000000
50.000000000000000,13.000000000000000,0.0000000000000000
51.000000000000000,13.000000000000000,0.0000000000000000
52.000000000000000,13.000000000000000,0.0000000000000000
53.000000000000000,13.000000000000000,0.0000000000000000
54.000000000000000,13.000000000000000,0.0000000000000000
55.000000000000000,13.000000000000000,0.0000000000000000
56.000000000000000,13.000000000000000,0.0000000000000000
57.000000000000000,13.000000000000000,0.0000000000000000
58.000000000000000,13.000000000000000,0.0000000000000000
59.000000000000000,13.000000000000000,0.0000000000000000
60.000000000000000,13.000000000000000,0.0000000000000000
61.000000000000000,13.000000000000000,0.0000000000000000
62.000000000000000,13.000000000000000,0.0000000000000000
63.000000000000000,13.000000000000000,0.0000000000000000
64.000000000000000,13.000000000000000,0.0000000000000000
65.000000000000000,13.000000000000000,0.0000000000000000
66.000000000000000,13.000000000000000,0.0000000000000000
67.000000000000000,13.000000000000000,0.0000000000000000
68.000000000000000,13.000000000000000,0.0000000000000000
69.000000000000000,13.000000000000000,0.0000000000000000
70.000000000000000,13.000000000000000,0.0000000000000000
71.000000000000000,13.000000000000000,0.0000000000000000
72.000000000000000,13.000000000000000,0.0000000000000000
73.000000000000000,13.000000000000000,0.0000000000000000
74.000000000000000,13.000000000000000,0.0000000000000000
75.000000000000000,13.000000000000000,0.0000000000000000
76.000000000000000,13.000000000000000,0.0000000000000000
77.000000000000000,13.000000000000000,0.0000000000000000
78.000000000000000,13.000000000000000,0.0000000000000000
79.000000000000000,13.000000000000000,0.0000000000000000
80.000000000000000,13.000000000000000,0.0000000000000000
81.000000000000000,13.000000000000000,0.0000000000000000
82.000000000000000,13.000000000000000,0.0000000000000000
83.000000000000000,13.000000000000000,0.0000000000000000
84.000000000000000,13.000000000000000,0.0000000000000000
85.000000000000000,13.000000000000000,0.0000000000000000
86.000000000000000,13.000000000000000,0.0000000000000000
87.000000000000000,13.000000000000000,0.0000000000000000
88.000000000000000,13.000000000000000,0.0000000000000000
89.000000000000000,13.000000000000000,0.0000000000000000
90.000000000000000,13.000000000000000,0.0000000000000000
91.000000000000000,13.000000000000000,0.0000000000000000
92.000000000000000,13.000000000000000,0.0000000000000000
93.000000000000000,13.000000000000000,0.0000000000000000
94.000000000000000,13.000000000000000,0.0000000000000000
95.000000000000000,13.000000000000000,0.0000000000000000
96.000000000000000,13.000000000000000,0.0000000000000000
97.000000000000000,13.000000000000000,0.0000000000000000
98.000000000000000,13.000000000000000,0.0000000000000000
99.000000000000000,13.000000000000000,0.0000000000000000
100.00000000000000,13.000000000000000,0.0000000000000000
101.00000000000000,13.000000000000000,0.0000000000000000
102.00000000000000,13.000000000000000,0.0000000000000000
103.00000000000000,13.000000000000000,0.0000000000000000
104.00000000000000,13.000000000000000,0.0000000000000000
105.00000000000000,13.000000000000000,0.0000000000000000
106.00000000000000,13.000000000000000,0.0000000000000000
107.00000000000000,13.000000000000000,0.0000000000000000
108.00000000000000,13.000000000000000,0.0000000000000000
109.00000000000000,13.000000000000000,0.0000000000000000
110.00000000000000,13.000000000000000,0.0000000000000000
111.00000000000000,13.000000000000000,0.0000000000000000
112.00000000000000,13.000000000000000,0.0000000000000000
113.00000000000000,13.000000000000000,0.0000000000000000
1.0000000000000000,14.000000000000000,0.0000000000000000
2.0000000000000000,14.000000000000000,0.0000000000000000
3.0000000000000000,14.000000000000000,0.0000000000000000
4.0000000000000000,14.000000000000000,0.0000000000000000
5.0000000000000000,14.000000000000000,0.0000000000000000
6.0000000000000000,14.000000000000000,0.0000000000000000
7.0000000000000000,14.000000000000000,0.0000000000000000
8.0000000000000000,14.000000000000000,0.0000000000000000
9.0000000000000000,14.000000000000000,0.0000000000000000
10.000000000000000,14.000000000000000,0.0000000000000000
11.000000000000000,14.000000000000000,0.0000000000000000
12.000000000000000,14.000000000000000,0.0000000000000000
13.000000000000000,14.000000000000000,0.0000000000000000
14.000000000000000,14.000000000000000,0.0000000000000000
15.000000000000000,14.000000000000000,0.0000000000000000
16.000000000000000,14.000000000000000,0.0000000000000000
17.000000000000000,14.000000000000000,0.0000000000000000
18.000000000000000,14.000000000000000,0.0000000000000000
19.000000000000000,14.000000000000000,0.0000000000000000
20.000000000000000,14.000000000000000,0.0000000000000000
21.000000000000000,14.000000000000000,0.0000000000000000
22.000000000000000,14.000000000000000,0.0000000000000000
23.000000000000000,14.000000000000000,0.0000000000000000
24.000000000000000,14.000000000000000,0.0000000000000000
25.000000000000000,14.000000000000000,0.0000000000000000
26.000000000000000,14.000000000000000,0.0000000000000000
27.000000000000000,14.000000000000000,0.0000000000000000
28.000000000000000,14.000000000000000,0.0000000000000000
29.000000000000000,14.000000000000000,0.0000000000000000
30.000000000000000,14.000000000000000,0.0000000000000000
31.000000000000000,14.000000000000000,0.0000000000000000
32.000000000000000,14.000000000000000,0.0000000000000000
33.000000000000000,14.000000000000000,0.0000000000000000
34.000000000000000,14.000000000000000,0.0000000000000000
35.000000000000000,14.000000000000000,0.0000000000000000
36.000000000000000,14.000000000000000,0.0000000000000000
37.000000000000000,14.000000000000000,0.0000000000000000
38.000000000000000,14.000000000000000,0.0000000000000000
39.000000000000000,14.000000000000000,0.0000000000000000
40.000000000000000,14.000000000000000,0.0000000000000000
41.000000000000000,14.000000000000000,0.0000000000000000
42.000000000000000,14.000000000000000,0.0000000000000000
43.000000000000000,14.000000000000000,0.0000000000000000
44.000000000000000,14.000000000000000,0.0000000000000000
45.000000000000000,14.000000000000000,0.0000000000000000
46.000000000000000,14.000000000000000,0.0000000000000000
47.000000000000000,14.000000000000000,0.0000000000000000
48.000000000000000,14.000000000000000,0.0000000000000000
49.000000000000000,14.000000000000000,0.0000000000000000
50.000000000000000,14.000000000000000,0.0000000000000000
51.000000000000000,14.000000000000000,0.0000000000000000
52.000000000000000,14.000000000000000,0.0000000000000000
53.000000000000000,14.000000000000000,0.0000000000000000
54.000000000000000,14.000000000000000,0.0000000000000000
55.000000000000000,14.000000000000000,0.0000000000000000
56.000000000000000,14.000000000000000,0.0000000000000000
57.000000000000000,14.000000000000000,0.0000000000000000
58.000000000000000,14.000000000000000,0.0000000000000000
59.000000000000000,14.000000000000000,0.0000000000000000
60.000000000000000,14.000000000000000,0.0000000000000000
61.000000000000000,14.000000000000000,0.0000000000000000
62.000000000000000,14.000000000000000,0.0000000000000000
63.000000000000000,14.000000000000000,0.0000000000000000
64.000000000000000,14.000000000000000,0.0000000000000000
65.000000000000000,14.000000000000000,0.0000000000000000
66.000000000000000,14.000000000000000,0.0000000000000000
67.000000000000000,14.000000000000000,0.0000000000000000
68.000000000000000,14.000000000000000,0.0000000000000000
69.000000000000000,14.000000000000000,0.0000000000000000
70.000000000000000,14.000000000000000,0.0000000000000000
71.000000000000000,14.000000000000000,0.0000000000000000
72.000000000000000,14.000000000000000,0.0000000000000000
73.000000000000000,14.000000000000000,0.0000000000000000
74.000000000000000,14.000000000000000,0.0000000000000000
75.000000000000000,14.000000000000000,0.0000000000000000
76.000000000000000,14.000000000000000,0.0000000000000000
77.000000000000000,14.000000000000000,0.0000000000000000
78.000000000000000,14.000000000000000,0.0000000000000000
79.000000000000000,14.000000000000000,0.0000000000000000
80.000000000000000,14.000000000000000,0.0000000000000000
81.000000000000000,14.000000000000000,0.0000000000000000
82.000000000000000,14.000000000000000,0.0000000000000000
83.000000000000000,14.000000000000000,0.0000000000000000
84.000000000000000,14.000000000000000,0.0000000000000000
85.000000000000000,14.000000000000000,0.0000000000000000
86.000000000000000,14.000000000000000,0.0000000000000000
87.000000000000000,14.000000000000000,0.0000000000000000
88.000000000000000,14.000000000000000,0.0000000000000000
89.000000000000000,14.000000000000000,0.0000000000000000
90.000000000000000,14.000000000000000,0.0000000000000000
91.000000000000000,14.000000000000000,0.0000000000000000
92.000000000000000,14.000000000000000,0.0000000000000000
93.000000000000000,14.000000000000000,0.0000000000000000
94.000000000000000,14.000000000000000,0.0000000000000000
95.000000000000000,14.000000000000000,0.0000000000000000
96.000000000000000,14.000000000000000,0.0000000000000000
97.000000000000000,14.000000000000000,0.0000000000000000
98.000000000000000,14.000000000000000,0.0000000000000000
99.000000000000000,14.000000000000000,0.0000000000000000
100.00000000000000,14.000000000000000,0.0000000000000000
101.00000000000000,14.000000000000000,0.0000000000000000
102.00000000000000,14.000000000000000,0.0000000000000000
103.00000000000000,14.000000000000000,0.0000000000000000
104.00000000000000,14.000000000000000,0.0000000000000000
105.00000000000000,14.000000000000000,0.0000000000000000
106.00000000000000,14.000000000000000,0.0000000000000000
107.00000000000000,14.000000000000000,0.0000000000000000
108.00000000000000,14.000000000000000,0.0000000000000000
109.00000000000000,14.000000000000000,0.0000000000000000
110.00000000000000,14.000000000000000,0.0000000000000000
111.00000000000000,14.000000000000000,0.0000000000000000
112.00000000000000,14.000000000000000,0.0000000000000000
113.00000000000000,14.000000000000000,0.0000000000000000
1.0000000000000000,15.000000000000000,0.0000000000000000
2.0000000000000000,15.000000000000000,0.0000000000000000
3.0000000000000000,15.000000000000000,0.0000000000000000
4.0000000000000000,15.000000000000000,0.0000000000000000
5.0000000000000000,15.000000000000000,0.0000000000000000
6.0000000000000000,15.000000000000000,0.0000000000000000
7.0000000000000000,15.000000000000000,0.0000000000000000
8.0000000000000000,15.000000000000000,0.0000000000000000
9.0000000000000000,15.000000000000000,0.0000000000000000
10.000000000000000,15.000000000000000,0.0000000000000000
11.000000000000000,15.000000000000000,0.0000000000000000
12.000000000000000,15.000000000000000,0.0000000000000000
13.000000000000000,15.000000000000000,0.0000000000000000
14.000000000000000,15.000000000000000,0.0000000000000000
15.000000000000000,15.000000000000000,0.0000000000000000
16.000000000000000,15.000000000000000,0.0000000000000000
17.000000000000000,15.000000000000000,0.0000000000000000
18.000000000000000,15.000000000000000,0.0000000000000000
19.000000000000000,15.000000000000000,0.0000000000000000
20.000000000000000,15.000000000000000,0.0000000000000000
21.000000000000000,15.000000000000000,0.0000000000000000
22.000000000000000,15.000000000000000,0.0000000000000000
23.000000000000000,15.000000000000000,0.0000000000000000
24.000000000000000,15.000000000000000,0.0000000000000000
25.000000000000000,15.000000000000000,0.0000000000000000
26.000000000000000,15.000000000000000,0.0000000000000000
27.000000000000000,15.000000000000000,0.0000000000000000
28.000000000000000,15.000000000000000,0.0000000000000000
29.000000000000000,15.000000000000000,0.0000000000000000
30.000000000000000,15.000000000000000,0.0000000000000000
31.000000000000000,15.000000000000000,0.0000000000000000
32.000000000000000,15.000000000000000,0.0000000000000000
33.000000000000000,15.000000000000000,0.0000000000000000
34.000000000000000,15.000000000000000,0.0000000000000000
35.000000000000000,15.000000000000000,0.0000000000000000
36.000000000000000,15.000000000000000,0.0000000000000000
37.000000000000000,15.000000000000000,0.0000000000000000
38.000000000000000,15.000000000000000,0.0000000000000000
39.000000000000000,15.000000000000000,0.0000000000000000
40.000000000000000,15.000000000000000,0.0000000000000000
41.000000000000000,15.000000000000000,0.0000000000000000
42.000000000000000,15.000000000000000,0.0000000000000000
43.000000000000000,15.000000000000000,0.0000000000000000
44.000000000000000,15.000000000000000,0.0000000000000000
45.000000000000000,15.000000000000000,0.0000000000000000
46.000000000000000,15.000000000000000,0.0000000000000000
47.000000000000000,15.000000000000000,0.0000000000000000
48.000000000000000,15.000000000000000,0.0000000000000000
49.000000000000000,15.000000000000000,0.0000000000000000
50.000000000000000,15.000000000000000,0.0000000000000000
51.000000000000000,15.000000000000000,0.0000000000000000
52.000000000000000,15.000000000000000,0.0000000000000000
53.000000000000000,15.000000000000000,0.0000000000000000
54.000000000000000,15.000000000000000,0.0000000000000000
55.000000000000000,15.000000000000000,0.0000000000000000
56.000000000000000,15.000000000000000,0.0000000000000000
57.000000000000000,15.000000000000000,0.0000000000000000
58.000000000000000,15.000000000000000,0.0000000000000000
59.000000000000000,15.000000000000000,0.0000000000000000
60.000000000000000,15.000000000000000,0.0000000000000000
61.000000000000000,15.000000000000000,0.0000000000000000
62.000000000000000,15.000000000000000,0.0000000000000000
63.000000000000000,15.000000000000000,0.0000000000000000
64.000000000000000,15.000000000000000,0.0000000000000000
65.000000000000000,15.000000000000000,0.0000000000000000
66.000000000000000,15.000000000000000,0.0000000000000000
67.000000000000000,15.000000000000000,0.0000000000000000
68.000000000000000,15.000000000000000,0.0000000000000000
69.000000000000000,15.000000000000000,0.0000000000000000
70.000000000000000,15.000000000000000,0.0000000000000000
71.000000000000000,15.000000000000000,0.0000000000000000
72.000000000000000,15.000000000000000,0.0000000000000000
73.000000000000000,15.000000000000000,0.0000000000000000
74.000000000000000,15.000000000000000,0.0000000000000000
75.000000000000000,15.000000000000000,0.0000000000000000
76.000000000000000,15.000000000000000,0.0000000000000000
77.000000000000000,15.000000000000000,0.0000000000000000
78.000000000000000,15.000000000000000,0.0000000000000000
79.000000000000000,15.000000000000000,0.0000000000000000
80.000000000000000,15.000000000000000,0.0000000000000000
81.000000000000000,15.000000000000000,0.0000000000000000
82.000000000000000,15.000000000000000,0.0000000000000000
83.000000000000000,15.000000000000000,0.0000000000000000
84.000000000000000,15.000000000000000,0.0000000000000000
85.000000000000000,15.000000000000000,0.0000000000000000
86.000000000000000,15.000000000000000,0.0000000000000000
87.000000000000000,15.000000000000000,0.0000000000000000
88.000000000000000,15.000000000000000,0.0000000000000000
89.000000000000000,15.000000000000000,0.0000000000000000
90.000000000000000,15.000000000000000,0.0000000000000000
91.000000000000000,15.000000000000000,0.0000000000000000
92.000000000000000,15.000000000000000,0.0000000000000000
93.000000000000000,15.000000000000000,0.0000000000000000
94.000000000000000,15.000000000000000,0.0000000000000000
95.000000000000000,15.000000000000000,0.0000000000000000
96.000000000000000,15.000000000000000,0.0000000000000000
97.000000000000000,15.000000000000000,0.0000000000000000
98.000000000000000,15.000000000000000,0.0000000000000000
99.000000000000000,15.000000000000000,0.0000000000000000
100.00000000000000,15.000000000000000,0.0000000000000000
101.00000000000000,15.000000000000000,0.0000000000000000
102.00000000000000,15.000000000000000,0.0000000000000000
103.00000000000000,15.000000000000000,0.0000000000000000
104.00000000000000,15.000000000000000,0.0000000000000000
105.00000000000000,15.000000000000000,0.0000000000000000
106.00000000000000,15.000000000000000,0.0000000000000000
107.00000000000000,15.000000000000000,0.0000000000000000
108.00000000000000,15.000000000000000,0.0000000000000000
109.00000000000000,15.000000000000000,0.0000000000000000
110.00000000000000,15.000000000000000,0.0000000000000000
111.00000000000000,15.000000000000000,0.0000000000000000
112.00000000000000,15.000000000000000,0.0000000000000000
113.00000000000000,15.000000000000000,0.0000000000000000
1.0000000000000000,16.000000000000000,0.0000000000000000
2.0000000000000000,16.000000000000000,0.0000000000000000
3.0000000000000000,16.000000000000000,0.0000000000000000
4.0000000000000000,16.000000000000000,0.0000000000000000
5.0000000000000000,16.000000000000000,0.0000000000000000
6.0000000000000000,16.000000000000000,0.0000000000000000
7.0000000000000000,16.000000000000000,0.0000000000000000
8.0000000000000000,16.000000000000000,0.0000000000000000
9.0000000000000000,16.000000000000000,0.0000000000000000
10.000000000000000,16.000000000000000,0.0000000000000000
11.000000000000000,16.000000000000000,0.0000000000000000
12.000000000000000,16.000000000000000,0.0000000000000000
13.000000000000000,16.000000000000000,0.0000000000000000
14.000000000000000,16.000000000000000,0.0000000000000000
15.000000000000000,16.000000000000000,0.0000000000000000
16.000000000000000,16.000000000000000,0.0000000000000000
17.000000000000000,16.000000000000000,0.0000000000000000
18.000000000000000,16.000000000000000,0.0000000000000000
19.000000000000000,16.000000000000000,0.0000000000000000
20.000000000000000,16.000000000000000,0.0000000000000000
21.000000000000000,16.000000000000000,0.0000000000000000
22.000000000000000,16.000000000000000,0.0000000000000000
23.000000000000000,16.000000000000000,0.0000000000000000
24.000000000000000,16.000000000000000,0.0000000000000000
25.000000000000000,16.000000000000000,0.0000000000000000
26.000000000000000,16.000000000000000,0.0000000000000000
27.000000000000000,16.000000000000000,0.0000000000000000
28.000000000000000,16.000000000000000,0.0000000000000000
29.000000000000000,16.000000000000000,0.0000000000000000
30.000000000000000,16.000000000000000,0.0000000000000000
31.000000000000000,16.000000000000000,0.0000000000000000
32.000000000000000,16.000000000000000,0.0000000000000000
33.000000000000000,16.000000000000000,0.0000000000000000
34.000000000000000,16.000000000000000,0.0000000000000000
35.000000000000000,16.000000000000000,0.0000000000000000
36.000000000000000,16.000000000000000,0.0000000000000000
37.000000000000000,16.000000000000000,0.0000000000000000
38.000000000000000,16.000000000000000,0.0000000000000000
39.000000000000000,16.000000000000000,0.0000000000000000
40.000000000000000,16.000000000000000,0.0000000000000000
41.000000000000000,16.000000000000000,0.0000000000000000
42.000000000000000,16.000000000000000,0.0000000000000000
43.000000000000000,16.000000000000000,0.0000000000000000
44.000000000000000,16.000000000000000,0.0000000000000000
45.000000000000000,16.000000000000000,0.0000000000000000
46.000000000000000,16.000000000000000,0.0000000000000000
47.000000000000000,16.000000000000000,0.0000000000000000
48.000000000000000,16.000000000000000,0.0000000000000000
49.000000000000000,16.000000000000000,0.0000000000000000
50.000000000000000,16.000000000000000,0.0000000000000000
51.000000000000000,16.000000000000000,0.0000000000000000
52.000000000000000,16.000000000000000,0.0000000000000000
53.000000000000000,16.000000000000000,0.0000000000000000
54.000000000000000,16.000000000000000,0.0000000000000000
55.000000000000000,16.000000000000000,0.0000000000000000
56.000000000000000,16.000000000000000,0.0000000000000000
57.000000000000000,16.000000000000000,0.0000000000000000
58.000000000000000,16.000000000000000,0.0000000000000000
59.000000000000000,16.000000000000000,0.0000000000000000
60.000000000000000,16.000000000000000,0.0000000000000000
61.000000000000000,16.000000000000000,0.0000000000000000
62.000000000000000,16.000000000000000,0.0000000000000000
63.000000000000000,16.000000000000000,0.0000000000000000
64.000000000000000,16.000000000000000,0.0000000000000000
65.000000000000000,16.000000000000000,0.0000000000000000
66.000000000000000,16.000000000000000,0.0000000000000000
67.000000000000000,16.000000000000000,0.0000000000000000
68.000000000000000,16.000000000000000,0.0000000000000000
69.000000000000000,16.000000000000000,0.0000000000000000
70.000000000000000,16.000000000000000,0.0000000000000000
71.000000000000000,16.000000000000000,0.0000000000000000
72.000000000000000,16.000000000000000,0.0000000000000000
73.000000000000000,16.000000000000000,0.0000000000000000
74.000000000000000,16.000000000000000,0.0000000000000000
75.000000000000000,16.000000000000000,0.0000000000000000
76.000000000000000,16.000000000000000,0.0000000000000000
77.000000000000000,16.000000000000000,0.0000000000000000
78.000000000000000,16.000000000000000,0.0000000000000000
79.000000000000000,16.000000000000000,0.0000000000000000
80.000000000000000,16.000000000000000,0.0000000000000000
81.000000000000000,16.000000000000000,0.0000000000000000
82.000000000000000,16.000000000000000,0.0000000000000000
83.000000000000000,16.000000000000000,0.0000000000000000
84.000000000000000,16.000000000000000,0.0000000000000000
85.000000000000000,16.000000000000000,0.0000000000000000
86.000000000000000,16.000000000000000,0.0000000000000000
87.000000000000000,16.000000000000000,0.0000000000000000
88.000000000000000,16.000000000000000,0.0000000000000000
89.000000000000000,16.000000000000000,0.0000000000000000
90.000000000000000,16.000000000000000,0.0000000000000000
91.000000000000000,16.000000000000000,0.0000000000000000
92.000000000000000,16.000000000000000,0.0000000000000000
93.000000000000000,16.000000000000000,0.0000000000000000
94.000000000000000,16.000000000000000,0.0000000000000000
95.000000000000000,16.000000000000000,0.0000000000000000
96.000000000000000,16.000000000000000,0.0000000000000000
97.000000000000000,16.000000000000000,0.0000000000000000
98.000000000000000,16.000000000000000,0.0000000000000000
99.000000000000000,16.000000000000000,0.0000000000000000
100.00000000000000,16.000000000000000,0.0000000000000000
101.00000000000000,16.000000000000000,0.0000000000000000
102.00000000000000,16.000000000000000,0.0000000000000000
103.00000000000000,16.000000000000000,0.0000000000000000
104.00000000000000,16.000000000000000,0.0000000000000000
105.00000000000000,16.000000000000000,0.0000000000000000
106.00000000000000,16.000000000000000,0.0000000000000000
107.00000000000000,16.000000000000000,0.0000000000000000
108.00000000000000,16.000000000000000,0.0000000000000000
109.00000000000000,16.000000000000000,0.0000000000000000
110.00000000000000,16.000000000000000,0.0000000000000000
111.00000000000000,16.000000000000000,0.0000000000000000
112.00000000000000,16.000000000000000,0.0000000000000000
113.00000000000000,16.000000000000000,0.0000000000000000
1.0000000000000000,17.000000000000000,0.0000000000000000
2.0000000000000000,17.000000000000000,0.0000000000000000
3.0000000000000000,17.000000000000000,0.0000000000000000
4.0000000000000000,17.000000000000000,0.0000000000000000
5.0000000000000000,17.000000000000000,0.0000000000000000
6.0000000000000000,17.000000000000000,0.0000000000000000
7.0000000000000000,17.000000000000000,0.0000000000000000
8.0000000000000000,17.000000000000000,0.0000000000000000
9.0000000000000000,17.000000000000000,0.0000000000000000
10.000000000000000,17.000000000000000,0.0000000000000000
11.000000000000000,17.000000000000000,0.0000000000000000
12.000000000000000,17.000000000000000,0.0000000000000000
13.000000000000000,17.000000000000000,0.0000000000000000
14.000000000000000,17.000000000000000,0.0000000000000000
15.000000000000000,17.000000000000000,0.0000000000000000
16.000000000000000,17.000000000000000,0.0000000000000000
17.000000000000000,17.000000000000000,0.0000000000000000
18.000000000000000,17.000000000000000,0.0000000000000000
19.000000000000000,17.000000000000000,0.0000000000000000
20.000000000000000,17.000000000000000,0.0000000000000000
21.000000000000000,17.000000000000000,0.0000000000000000
22.000000000000000,17.000000000000000,0.0000000000000000
23.000000000000000,17.000000000000000,0.0000000000000000
24.000000000000000,17.000000000000000,0.0000000000000000
25.000000000000000,17.000000000000000,0.0000000000000000
26.000000000000000,17.000000000000000,0.0000000000000000
27.000000000000000,17.000000000000000,0.0000000000000000
28.000000000000000,17.000000000000000,0.0000000000000000
29.000000000000000,17.000000000000000,0.0000000000000000
30.000000000000000,17.000000000000000,0.0000000000000000
31.000000000000000,17.000000000000000,0.0000000000000000
32.000000000000000,17.000000000000000,0.0000000000000000
33.000000000000000,17.000000000000000,0.0000000000000000
34.000000000000000,17.000000000000000,0.0000000000000000
35.000000000000000,17.000000000000000,0.0000000000000000
36.000000000000000,17.000000000000000,0.0000000000000000
37.000000000000000,17.000000000000000,0.0000000000000000
38.000000000000000,17.000000000000000,0.0000000000000000
39.000000000000000,17.000000000000000,0.0000000000000000
40.000000000000000,17.000000000000000,0.0000000000000000
41.000000000000000,17.000000000000000,0.0000000000000000
42.000000000000000,17.000000000000000,0.0000000000000000
43.000000000000000,17.000000000000000,0.0000000000000000
44.000000000000000,17.000000000000000,0.0000000000000000
45.000000000000000,17.000000000000000,0.0000000000000000
46.000000000000000,17.000000000000000,0.0000000000000000
47.000000000000000,17.000000000000000,0.0000000000000000
48.000000000000000,17.000000000000000,0.0000000000000000
49.000000000000000,17.000000000000000,0.0000000000000000
50.000000000000000,17.000000000000000,0.0000000000000000
51.000000000000000,17.000000000000000,0.0000000000000000
52.000000000000000,17.000000000000000,0.0000000000000000
53.000000000000000,17.000000000000000,0.0000000000000000
54.000000000000000,17.000000000000000,0.0000000000000000
55.000000000000000,17.000000000000000,0.0000000000000000
56.000000000000000,17.000000000000000,0.0000000000000000
57.000000000000000,17.000000000000000,0.0000000000000000
58.000000000000000,17.000000000000000,0.0000000000000000
59.000000000000000,17.000000000000000,0.0000000000000000
60.000000000000000,17.000000000000000,0.0000000000000000
61.000000000000000,17.000000000000000,0.0000000000000000
62.000000000000000,17.000000000000000,0.0000000000000000
63.000000000000000,17.000000000000000,0.0000000000000000
64.000000000000000,17.000000000000000,0.0000000000000000
65.000000000000000,17.000000000000000,0.0000000000000000
66.000000000000000,17.000000000000000,0.0000000000000000
67.000000000000000,17.000000000000000,0.0000000000000000
68.000000000000000,17.000000000000000,0.0000000000000000
69.000000000000000,17.000000000000000,0.0000000000000000
70.000000000000000,17.000000000000000,0.0000000000000000
71.000000000000000,17.000000000000000,0.0000000000000000
72.000000000000000,17.000000000000000,0.0000000000000000
73.000000000000000,17.000000000000000,0.0000000000000000
74.000000000000000,17.000000000000000,0.0000000000000000
75.000000000000000,17.000000000000000,0.0000000000000000
76.000000000000000,17.000000000000000,0.0000000000000000
77.000000000000000,17.000000000000000,0.0000000000000000
78.000000000000000,17.000000000000000,0.0000000000000000
79.000000000000000,17.000000000000000,0.0000000000000000
80.000000000000000,17.000000000000000,0.0000000000000000
81.000000000000000,17.000000000000000,0.0000000000000000
82.000000000000000,17.000000000000000,0.0000000000000000
83.000000000000000,17.000000000000000,0.0000000000000000
84.000000000000000,17.000000000000000,0.0000000000000000
85.000000000000000,17.000000000000000,0.0000000000000000
86.000000000000000,17.000000000000000,0.0000000000000000
87.000000000000000,17.000000000000000,0.0000000000000000
88.000000000000000,17.000000000000000,0.0000000000000000
89.000000000000000,17.000000000000000,0.0000000000000000
90.000000000000000,17.000000000000000,0.0000000000000000
91.000000000000000,17.000000000000000,0.0000000000000000
92.000000000000000,17.000000000000000,0.0000000000000000
93.000000000000000,17.000000000000000,0.0000000000000000
94.000000000000000,17.000000000000000,0.0000000000000000
95.000000000000000,17.000000000000000,0.0000000000000000
96.000000000000000,17.000000000000000,0.0000000000000000
97.000000000000000,17.000000000000000,0.0000000000000000
98.000000000000000,17.000000000000000,0.0000000000000000
99.000000000000000,17.000000000000000,0.0000000000000000
100.00000000000000,17.000000000000000,0.0000000000000000
101.00000000000000,17.000000000000000,0.0000000000000000
102.00000000000000,17.000000000000000,0.0000000000000000
103.00000000000000,17.000000000000000,0.0000000000000000
104.00000000000000,17.000000000000000,0.0000000000000000
105.00000000000000,17.000000000000000,0.0000000000000000
106.00000000000000,17.000000000000000,0.0000000000000000
107.00000000000000,17.000000000000000,0.0000000000000000
108.00000000000000,17.000000000000000,0.0000000000000000
109.00000000000000,17.000000000000000,0.0000000000000000
110.00000000000000,17.000000000000000,0.0000000000000000
111.00000000000000,17.000000000000000,0.0000000000000000
112.00000000000000,17.000000000000000,0.0000000000000000
113.00000000000000,17.000000000000000,0.0000000000000000
1.0000000000000000,18.000000000000000,0.0000000000000000
2.0000000000000000,18.000000000000000,0.0000000000000000
3.0000000000000000,18.000000000000000,0.0000000000000000
4.0000000000000000,18.000000000000000,0.0000000000000000
5.0000000000000000,18.000000000000000,0.0000000000000000
6.0000000000000000,18.000000000000000,0.0000000000000000
7.0000000000000000,18.000000000000000,0.0000000000000000
8.0000000000000000,18.000000000000000,0.0000000000000000
9.0000000000000000,18.000000000000000,0.0000000000000000
10.000000000000000,18.000000000000000,0.0000000000000000
11.000000000000000,18.000000000000000,0.0000000000000000
12.000000000000000,18.000000000000000,0.0000000000000000
13.000000000000000,18.000000000000000,0.0000000000000000
14.000000000000000,18.000000000000000,0.0000000000000000
15.000000000000000,18.000000000000000,0.0000000000000000
16.000000000000000,18.000000000000000,0.0000000000000000
17.000000000000000,18.000000000000000,0.0000000000000000
18.000000000000000,18.000000000000000,0.0000000000000000
19.000000000000000,18.000000000000000,0.0000000000000000
20.000000000000000,18.000000000000000,0.0000000000000000
21.000000000000000,18.000000000000000,0.0000000000000000
22.000000000000000,18.000000000000000,0.0000000000000000
23.000000000000000,18.000000000000000,0.0000000000000000
24.000000000000000,18.000000000000000,0.0000000000000000
25.000000000000000,18.000000000000000,0.0000000000000000
26.000000000000000,18.000000000000000,0.0000000000000000
27.000000000000000,18.000000000000000,0.0000000000000000
28.000000000000000,18.000000000000000,0.0000000000000000
29.000000000000000,18.000000000000000,0.0000000000000000
30.000000000000000,18.000000000000000,0.0000000000000000
31.000000000000000,18.000000000000000,0.0000000000000000
32.000000000000000,18.000000000000000,0.0000000000000000
33.000000000000000,18.000000000000000,0.0000000000000000
34.000000000000000,18.000000000000000,0.0000000000000000
35.000000000000000,18.000000000000000,0.0000000000000000
36.000000000000000,18.000000000000000,0.0000000000000000
37.000000000000000,18.000000000000000,0.0000000000000000
38.000000000000000,18.000000000000000,0.0000000000000000
39.000000000000000,18.000000000000000,0.0000000000000000
40.000000000000000,18.000000000000000,0.0000000000000000
41.000000000000000,18.000000000000000,0.0000000000000000
42.000000000000000,18.000000000000000,0.0000000000000000
43.000000000000000,18.000000000000000,0.0000000000000000
44.000000000000000,18.000000000000000,0.0000000000000000
45.000000000000000,18.000000000000000,0.0000000000000000
46.000000000000000,18.000000000000000,0.0000000000000000
47.000000000000000,18.000000000000000,0.0000000000000000
48.000000000000000,18.000000000000000,0.0000000000000000
49.000000000000000,18.000000000000000,0.0000000000000000
50.000000000000000,18.000000000000000,0.0000000000000000
51.000000000000000,18.000000000000000,0.0000000000000000
52.000000000000000,18.000000000000000,0.0000000000000000
53.000000000000000,18.000000000000000,0.0000000000000000
54.000000000000000,18.000000000000000,0.0000000000000000
55.000000000000000,18.000000000000000,0.0000000000000000
56.000000000000000,18.000000000000000,0.0000000000000000
57.000000000000000,18.000000000000000,0.0000000000000000
58.000000000000000,18.000000000000000,0.0000000000000000
59.000000000000000,18.000000000000000,0.0000000000000000
60.000000000000000,18.000000000000000,0.0000000000000000
61.000000000000000,18.000000000000000,0.0000000000000000
62.000000000000000,18.000000000000000,0.0000000000000000
63.000000000000000,18.000000000000000,0.0000000000000000
64.000000000000000,18.000000000000000,0.0000000000000000
65.000000000000000,18.000000000000000,0.0000000000000000
66.000000000000000,18.000000000000000,0.0000000000000000
67.000000000000000,18.000000000000000,0.0000000000000000
68.000000000000000,18.000000000000000,0.0000000000000000
69.000000000000000,18.000000000000000,0.0000000000000000
70.000000000000000,18.000000000000000,0.0000000000000000
71.000000000000000,18.000000000000000,0.0000000000000000
72.000000000000000,18.000000000000000,0.0000000000000000
73.000000000000000,18.000000000000000,0.0000000000000000
74.000000000000000,18.000000000000000,0.0000000000000000
75.000000000000000,18.000000000000000,0.0000000000000000
76.000000000000000,18.000000000000000,0.0000000000000000
77.000000000000000,18.000000000000000,0.0000000000000000
78.000000000000000,18.000000000000000,0.0000000000000000
79.000000000000000,18.000000000000000,0.0000000000000000
80.000000000000000,18.000000000000000,0.0000000000000000
81.000000000000000,18.000000000000000,0.0000000000000000
82.000000000000000,18.000000000000000,0.0000000000000000
83.000000000000000,18.000000000000000,0.0000000000000000
84.000000000000000,18.000000000000000,0.0000000000000000
85.000000000000000,18.000000000000000,0.0000000000000000
86.000000000000000,18.000000000000000,0.0000000000000000
87.000000000000000,18.000000000000000,0.0000000000000000
88.000000000000000,18.000000000000000,0.0000000000000000
89.000000000000000,18.000000000000000,0.0000000000000000
90.000000000000000,18.000000000000000,0.0000000000000000
91.000000000000000,18.000000000000000,0.0000000000000000
92.000000000000000,18.000000000000000,0.0000000000000000
93.000000000000000,18.000000000000000,0.0000000000000000
94.000000000000000,18.000000000000000,0.0000000000000000
95.000000000000000,18.000000000000000,0.0000000000000000
96.000000000000000,18.000000000000000,0.0000000000000000
97.000000000000000,18.000000000000000,0.0000000000000000
98.000000000000000,18.000000000000000,0.0000000000000000
99.000000000000000,18.000000000000000,0.0000000000000000
100.00000000000000,18.000000000000000,0.0000000000000000
101.00000000000000,18.000000000000000,0.0000000000000000
102.00000000000000,18.000000000000000,0.0000000000000000
103.00000000000000,18.000000000000000,0.0000000000000000
104.00000000000000,18.000000000000000,0.0000000000000000
105.00000000000000,18.000000000000000,0.0000000000000000
106.00000000000000,18.000000000000000,0.0000000000000000
107.00000000000000,18.000000000000000,0.0000000000000000
108.00000000000000,18.000000000000000,0.0000000000000000
109.00000000000000,18.000000000000000,0.0000000000000000
110.00000000000000,18.000000000000000,0.0000000000000000
111.00000000000000,18.000000000000000,0.0000000000000000
112.00000000000000,18.000000000000000,0.0000000000000000
113.00000000000000,18.000000000000000,0.0000000000000000
1.0000000000000000,19.000000000000000,0.0000000000000000
2.0000000000000000,19.000000000000000,0.0000000000000000
3.0000000000000000,19.000000000000000,0.0000000000000000
4.0000000000000000,19.000000000000000,0.0000000000000000
5.0000000000000000,19.000000000000000,0.0000000000000000
6.0000000000000000,19.000000000000000,0.0000000000000000
7.0000000000000000,19.000000000000000,0.0000000000000000
8.0000000000000000,19.000000000000000,0.0000000000000000
9.0000000000000000,19.000000000000000,0.0000000000000000
10.000000000000000,19.000000000000000,0.0000000000000000
11.000000000000000,19.000000000000000,0.0000000000000000
12.000000000000000,19.000000000000000,0.0000000000000000
13.000000000000000,19.000000000000000,0.0000000000000000
14.000000000000000,19.000000000000000,0.0000000000000000
15.000000000000000,19.000000000000000,0.0000000000000000
16.000000000000000,19.000000000000000,0.0000000000000000
17.000000000000000,19.000000000000000,0.0000000000000000
18.000000000000000,19.000000000000000,0.0000000000000000
19.000000000000000,19.000000000000000,0.0000000000000000
20.000000000000000,19.000000000000000,0.0000000000000000
21.000000000000000,19.000000000000000,0.0000000000000000
22.000000000000000,19.000000000000000,0.0000000000000000
23.000000000000000,19.000000000000000,0.0000000000000000
24.000000000000000,19.000000000000000,0.0000000000000000
25.000000000000000,19.000000000000000,0.0000000000000000
26.000000000000000,19.000000000000000,0.0000000000000000
27.000000000000000,19.000000000000000,0.0000000000000000
28.000000000000000,19.000000000000000,0.0000000000000000
29.000000000000000,19.000000000000000,0.0000000000000000
30.000000000000000,19.000000000000000,0.0000000000000000
31.000000000000000,19.000000000000000,0.0000000000000000
32.000000000000000,19.000000000000000,0.0000000000000000
33.000000000000000,19.000000000000000,0.0000000000000000
34.000000000000000,19.000000000000000,0.0000000000000000
35.000000000000000,19.000000000000000,0.0000000000000000
36.000000000000000,19.000000000000000,0.0000000000000000
37.000000000000000,19.000000000000000,0.0000000000000000
38.000000000000000,19.000000000000000,0.0000000000000000
39.000000000000000,19.000000000000000,0.0000000000000000
40.000000000000000,19.000000000000000,0.0000000000000000
41.000000000000000,19.000000000000000,0.0000000000000000
42.000000000000000,19.000000000000000,0.0000000000000000
43.000000000000000,19.000000000000000,0.0000000000000000
44.000000000000000,19.000000000000000,0.0000000000000000
45.000000000000000,19.000000000000000,0.0000000000000000
46.000000000000000,19.000000000000000,0.0000000000000000
47.000000000000000,19.000000000000000,0.0000000000000000
48.000000000000000,19.000000000000000,0.0000000000000000
49.000000000000000,19.000000000000000,0.0000000000000000
50.000000000000000,19.000000000000000,0.0000000000000000
51.000000000000000,19.000000000000000,0.0000000000000000
52.000000000000000,19.000000000000000,0.0000000000000000
53.000000000000000,19.000000000000000,0.0000000000000000
54.000000000000000,19.000000000000000,0.0000000000000000
55.000000000000000,19.000000000000000,0.0000000000000000
56.000000000000000,19.000000000000000,0.0000000000000000
57.000000000000000,19.000000000000000,0.0000000000000000
58.000000000000000,19.000000000000000,0.0000000000000000
59.000000000000000,19.000000000000000,0.0000000000000000
60.000000000000000,19.000000000000000,0.0000000000000000
61.000000000000000,19.000000000000000,0.0000000000000000
62.000000000000000,19.000000000000000,0.0000000000000000
63.000000000000000,19.000000000000000,0.0000000000000000
64.000000000000000,19.000000000000000,0.0000000000000000
65.000000000000000,19.000000000000000,0.0000000000000000
66.000000000000000,19.000000000000000,0.0000000000000000
67.000000000000000,19.000000000000000,0.0000000000000000
68.000000000000000,19.000000000000000,0.0000000000000000
69.000000000000000,19.000000000000000,0.0000000000000000
70.000000000000000,19.000000000000000,0.0000000000000000
71.000000000000000,19.000000000000000,0.0000000000000000
72.000000000000000,19.000000000000000,0.0000000000000000
73.000000000000000,19.000000000000000,0.0000000000000000
74.000000000000000,19.000000000000000,0.0000000000000000
75.000000000000000,19.000000000000000,0.0000000000000000
76.000000000000000,19.000000000000000,0.0000000000000000
77.000000000000000,19.000000000000000,0.0000000000000000
78.000000000000000,19.000000000000000,0.0000000000000000
79.000000000000000,19.000000000000000,0.0000000000000000
80.000000000000000,19.000000000000000,0.0000000000000000
81.000000000000000,19.000000000000000,0.0000000000000000
82.000000000000000,19.000000000000000,0.0000000000000000
83.000000000000000,19.000000000000000,0.0000000000000000
84.000000000000000,19.000000000000000,0.0000000000000000
85.000000000000000,19.000000000000000,0.0000000000000000
86.000000000000000,19.000000000000000,0.0000000000000000
87.000000000000000,19.000000000000000,0.0000000000000000
88.000000000000000,19.000000000000000,0.0000000000000000
89.000000000000000,19.000000000000000,0.0000000000000000
90.000000000000000,19.000000000000000,0.0000000000000000
91.000000000000000,19.000000000000000,0.0000000000000000
92.000000000000000,19.000000000000000,0.0000000000000000
93.000000000000000,19.000000000000000,0.0000000000000000
94.000000000000000,19.000000000000000,0.0000000000000000
95.000000000000000,19.000000000000000,0.0000000000000000
96.000000000000000,19.000000000000000,0.0000000000000000
97.000000000000000,19.000000000000000,0.0000000000000000
98.000000000000000,19.000000000000000,0.0000000000000000
99.000000000000000,19.000000000000000,0.0000000000000000
100.00000000000000,19.000000000000000,0.0000000000000000
101.00000000000000,19.000000000000000,0.0000000000000000
102.00000000000000,19.000000000000000,0.0000000000000000
103.00000000000000,19.000000000000000,0.0000000000000000
104.00000000000000,19.000000000000000,0.0000000000000000
105.00000000000000,19.000000000000000,0.0000000000000000
106.00000000000000,19.000000000000000,0.0000000000000000
107.00000000000000,19.000000000000000,0.0000000000000000
108.00000000000000,19.000000000000000,0.0000000000000000
109.00000000000000,19.000000000000000,0.0000000000000000
110.00000000000000,19.000000000000000,0.0000000000000000
111.00000000000000,19.000000000000000,0.0000000000000000
112.00000000000000,19.000000000000000,0.0000000000000000
113.00000000000000,19.000000000000000,0.0000000000000000
1.0000000000000000,20.000000000000000,0.0000000000000000
2.0000000000000000,20.000000000000000,0.0000000000000000
3.0000000000000000,20.000000000000000,0.0000000000000000
4.0000000000000000,20.000000000000000,0.0000000000000000
5.0000000000000000,20.000000000000000,0.0000000000000000
6.0000000000000000,20.000000000000000,0.0000000000000000
7.0000000000000000,20.000000000000000,0.0000000000000000
8.0000000000000000,20.000000000000000,0.0000000000000000
9.0000000000000000,20.000000000000000,0.0000000000000000
10.000000000000000,20.000000000000000,0.0000000000000000
11.000000000000000,20.000000000000000,0.0000000000000000
12.000000000000000,20.000000000000000,0.0000000000000000
13.000000000000000,20.000000000000000,0.0000000000000000
14.000000000000000,20.000000000000000,0.0000000000000000
15.000000000000000,20.000000000000000,0.0000000000000000
16.000000000000000,20.000000000000000,0.0000000000000000
17.000000000000000,20.000000000000000,0.0000000000000000
18.000000000000000,20.000000000000000,0.0000000000000000
19.000000000000000,20.000000000000000,0.0000000000000000
20.000000000000000,20.000000000000000,0.0000000000000000
21.000000000000000,20.000000000000000,0.0000000000000000
22.000000000000000,20.000000000000000,0.0000000000000000
23.000000000000000,20.000000000000000,0.0000000000000000
24.000000000000000,20.000000000000000,0.0000000000000000
25.000000000000000,20.000000000000000,0.0000000000000000
26.000000000000000,20.000000000000000,0.0000000000000000
27.000000000000000,20.000000000000000,0.0000000000000000
28.000000000000000,20.000000000000000,0.0000000000000000
29.000000000000000,20.000000000000000,0.0000000000000000
30.000000000000000,20.000000000000000,0.0000000000000000
31.000000000000000,20.000000000000000,0.0000000000000000
32.000000000000000,20.000000000000000,0.0000000000000000
33.000000000000000,20.000000000000000,0.0000000000000000
34.000000000000000,20.000000000000000,0.0000000000000000
35.000000000000000,20.000000000000000,0.0000000000000000
36.000000000000000,20.000000000000000,0.0000000000000000
37.000000000000000,20.000000000000000,0.0000000000000000
38.000000000000000,20.000000000000000,0.0000000000000000
39.000000000000000,20.000000000000000,0.0000000000000000
40.000000000000000,20.000000000000000,0.0000000000000000
41.000000000000000,20.000000000000000,0.0000000000000000
42.000000000000000,20.000000000000000,0.0000000000000000
43.000000000000000,20.000000000000000,0.0000000000000000
44.000000000000000,20.000000000000000,0.0000000000000000
45.000000000000000,20.000000000000000,0.0000000000000000
46.000000000000000,20.000000000000000,0.0000000000000000
47.000000000000000,20.000000000000000,0.0000000000000000
48.000000000000000,20.000000000000000,0.0000000000000000
49.000000000000000,20.000000000000000,0.0000000000000000
50.000000000000000,20.000000000000000,0.0000000000000000
51.000000000000000,20.000000000000000,0.0000000000000000
52.000000000000000,20.000000000000000,0.0000000000000000
53.000000000000000,20.000000000000000,0.0000000000000000
54.000000000000000,20.000000000000000,0.0000000000000000
55.000000000000000,20.000000000000000,0.0000000000000000
56.000000000000000,20.000000000000000,0.0000000000000000
57.000000000000000,20.000000000000000,0.0000000000000000
58.000000000000000,20.000000000000000,0.0000000000000000
59.000000000000000,20.000000000000000,0.0000000000000000
60.000000000000000,20.000000000000000,0.0000000000000000
61.000000000000000,20.000000000000000,0.0000000000000000
62.000000000000000,20.000000000000000,0.0000000000000000
63.000000000000000,20.000000000000000,0.0000000000000000
64.000000000000000,20.000000000000000,0.0000000000000000
65.000000000000000,20.000000000000000,0.0000000000000000
66.000000000000000,20.000000000000000,0.0000000000000000
67.000000000000000,20.000000000000000,0.0000000000000000
68.000000000000000,20.000000000000000,0.0000000000000000
69.000000000000000,20.000000000000000,0.0000000000000000
70.000000000000000,20.000000000000000,0.0000000000000000
71.000000000000000,20.000000000000000,0.0000000000000000
72.000000000000000,20.000000000000000,0.0000000000000000
73.000000000000000,20.000000000000000,0.0000000000000000
74.000000000000000,20.000000000000000,0.0000000000000000
75.000000000000000,20.000000000000000,0.0000000000000000
76.000000000000000,20.000000000000000,0.0000000000000000
77.000000000000000,20.000000000000000,0.0000000000000000
78.000000000000000,20.000000000000000,0.0000000000000000
79.000000000000000,20.000000000000000,0.0000000000000000
80.000000000000000,20.000000000000000,0.0000000000000000
81.000000000000000,20.000000000000000,0.0000000000000000
82.000000000000000,20.000000000000000,0.0000000000000000
83.000000000000000,20.000000000000000,0.0000000000000000
84.000000000000000,20.000000000000000,0.0000000000000000
85.000000000000000,20.000000000000000,0.0000000000000000
86.000000000000000,20.000000000000000,0.0000000000000000
87.000000000000000,20.000000000000000,0.0000000000000000
88.000000000000000,20.000000000000000,0.0000000000000000
89.000000000000000,20.000000000000000,0.0000000000000000
90.000000000000000,20.000000000000000,0.0000000000000000
91.000000000000000,20.000000000000000,0.0000000000000000
92.000000000000000,20.000000000000000,0.0000000000000000
93.000000000000000,20.000000000000000,0.0000000000000000
94.000000000000000,20.000000000000000,0.0000000000000000
95.000000000000000,20.000000000000000,0.0000000000000000
96.000000000000000,20.000000000000000,0.0000000000000000
97.000000000000000,20.000000000000000,0.0000000000000000
98.000000000000000,20.000000000000000,0.0000000000000000
99.000000000000000,20.000000000000000,0.0000000000000000
100.00000000000000,20.000000000000000,0.0000000000000000
101.00000000000000,20.000000000000000,0.0000000000000000
102.00000000000000,20.000000000000000,0.0000000000000000
103.00000000000000,20.000000000000000,0.0000000000000000
104.00000000000000,20.000000000000000,0.0000000000000000
105.00000000000000,20.000000000000000,0.0000000000000000
106.00000000000000,20.000000000000000,0.0000000000000000
107.00000000000000,20.000000000000000,0.0000000000000000
108.00000000000000,20.000000000000000,0.0000000000000000
109.00000000000000,20.000000000000000,0.0000000000000000
110.00000000000000,20.000000000000000,0.0000000000000000
111.00000000000000,20.000000000000000,0.0000000000000000
112.00000000000000,20.000000000000000,0.0000000000000000
113.00000000000000,20.000000000000000,0.0000000000000000
1.0000000000000000,21.000000000000000,0.0000000000000000
2.0000000000000000,21.000000000000000,0.0000000000000000
3.0000000000000000,21.000000000000000,0.0000000000000000
4.0000000000000000,21.000000000000000,0.0000000000000000
5.0000000000000000,21.000000000000000,0.0000000000000000
6.0000000000000000,21.000000000000000,0.0000000000000000
7.0000000000000000,21.000000000000000,0.0000000000000000
8.0000000000000000,21.000000000000000,0.0000000000000000
9.0000000000000000,21.000000000000000,0.0000000000000000
10.000000000000000,21.000000000000000,0.0000000000000000
11.000000000000000,21.000000000000000,0.0000000000000000
12.000000000000000,21.000000000000000,0.0000000000000000
13.000000000000000,21.000000000000000,0.0000000000000000
14.000000000000000,21.000000000000000,0.0000000000000000
15.000000000000000,21.000000000000000,0.0000000000000000
16.000000000000000,21.000000000000000,0.0000000000000000
17.000000000000000,21.000000000000000,0.0000000000000000
18.000000000000000,21.000000000000000,0.0000000000000000
19.000000000000000,21.000000000000000,0.0000000000000000
20.000000000000000,21.000000000000000,0.0000000000000000
21.000000000000000,21.000000000000000,0.0000000000000000
22.000000000000000,21.000000000000000,0.0000000000000000
23.000000000000000,21.000000000000000,0.0000000000000000
24.000000000000000,21.000000000000000,0.0000000000000000
25.000000000000000,21.000000000000000,0.0000000000000000
26.000000000000000,21.000000000000000,0.0000000000000000
27.000000000000000,21.000000000000000,0.0000000000000000
28.000000000000000,21.000000000000000,0.0000000000000000
29.000000000000000,21.000000000000000,0.0000000000000000
30.000000000000000,21.000000000000000,0.0000000000000000
31.000000000000000,21.000000000000000,0.0000000000000000
32.000000000000000,21.000000000000000,0.0000000000000000
33.000000000000000,21.000000000000000,0.0000000000000000
34.000000000000000,21.000000000000000,0.0000000000000000
35.000000000000000,21.000000000000000,0.0000000000000000
36.000000000000000,21.000000000000000,0.0000000000000000
37.000000000000000,21.000000000000000,0.0000000000000000
38.000000000000000,21.000000000000000,0.0000000000000000
39.000000000000000,21.000000000000000,0.0000000000000000
40.000000000000000,21.000000000000000,0.0000000000000000
41.000000000000000,21.000000000000000,0.0000000000000000
42.000000000000000,21.000000000000000,0.0000000000000000
43.000000000000000,21.000000000000000,0.0000000000000000
44.000000000000000,21.000000000000000,0.0000000000000000
45.000000000000000,21.000000000000000,0.0000000000000000
46.000000000000000,21.000000000000000,0.0000000000000000
47.000000000000000,21.000000000000000,0.0000000000000000
48.000000000000000,21.000000000000000,0.0000000000000000
49.000000000000000,21.000000000000000,0.0000000000000000
50.000000000000000,21.000000000000000,0.0000000000000000
51.000000000000000,21.000000000000000,0.0000000000000000
52.000000000000000,21.000000000000000,0.0000000000000000
53.000000000000000,21.000000000000000,0.0000000000000000
54.000000000000000,21.000000000000000,0.0000000000000000
55.000000000000000,21.000000000000000,0.0000000000000000
56.000000000000000,21.000000000000000,0.0000000000000000
57.000000000000000,21.000000000000000,0.0000000000000000
58.000000000000000,21.000000000000000,0.0000000000000000
59.000000000000000,21.000000000000000,0.0000000000000000
60.000000000000000,21.000000000000000,0.0000000000000000
61.000000000000000,21.000000000000000,0.0000000000000000
62.000000000000000,21.000000000000000,0.0000000000000000
63.000000000000000,21.000000000000000,0.0000000000000000
64.000000000000000,21.000000000000000,0.0000000000000000
65.000000000000000,21.000000000000000,0.0000000000000000
66.000000000000000,21.000000000000000,0.0000000000000000
67.000000000000000,21.000000000000000,0.0000000000000000
68.000000000000000,21.000000000000000,0.0000000000000000
69.000000000000000,21.000000000000000,0.0000000000000000
70.000000000000000,21.000000000000000,0.0000000000000000
71.000000000000000,21.000000000000000,0.0000000000000000
72.000000000000000,21.000000000000000,0.0000000000000000
73.000000000000000,21.000000000000000,0.0000000000000000
74.000000000000000,21.000000000000000,0.0000000000000000
75.000000000000000,21.000000000000000,0.0000000000000000
76.000000000000000,21.000000000000000,0.0000000000000000
77.000000000000000,21.000000000000000,0.0000000000000000
78.000000000000000,21.000000000000000,0.0000000000000000
79.000000000000000,21.000000000000000,0.0000000000000000
80.000000000000000,21.000000000000000,0.0000000000000000
81.000000000000000,21.000000000000000,0.0000000000000000
82.000000000000000,21.000000000000000,0.0000000000000000
83.000000000000000,21.000000000000000,0.0000000000000000
84.000000000000000,21.000000000000000,0.0000000000000000
85.000000000000000,21.000000000000000,0.0000000000000000
86.000000000000000,21.000000000000000,0.0000000000000000
87.000000000000000,21.000000000000000,0.0000000000000000
88.000000000000000,21.000000000000000,0.0000000000000000
89.000000000000000,21.000000000000000,0.0000000000000000
90.000000000000000,21.000000000000000,0.0000000000000000
91.000000000000000,21.000000000000000,0.0000000000000000
92.000000000000000,21.000000000000000,0.0000000000000000
93.000000000000000,21.000000000000000,0.0000000000000000
94.000000000000000,21.000000000000000,0.0000000000000000
95.000000000000000,21.000000000000000,0.0000000000000000
96.000000000000000,21.000000000000000,0.0000000000000000
97.000000000000000,21.000000000000000,0.0000000000000000
98.000000000000000,21.000000000000000,0.0000000000000000
99.000000000000000,21.000000000000000,0.0000000000000000
100.00000000000000,21.000000000000000,0.0000000000000000
101.00000000000000,21.000000000000000,0.0000000000000000
102.00000000000000,21.000000000000000,0.0000000000000000
103.00000000000000,21.000000000000000,0.0000000000000000
104.00000000000000,21.000000000000000,0.0000000000000000
105.00000000000000,21.000000000000000,0.0000000000000000
106.00000000000000,21.000000000000000,0.0000000000000000
107.00000000000000,21.000000000000000,0.0000000000000000
108.00000000000000,21.000000000000000,0.0000000000000000
109.00000000000000,21.000000000000000,0.0000000000000000
110.00000000000000,21.000000000000000,0.0000000000000000
111.00000000000000,21.000000000000000,0.0000000000000000
112.00000000000000,21.000000000000000,0.0000000000000000
113.00000000000000,21.000000000000000,0.0000000000000000
1.0000000000000000,22.000000000000000,0.0000000000000000
2.0000000000000000,22.000000000000000,0.0000000000000000
3.0000000000000000,22.000000000000000,0.0000000000000000
4.0000000000000000,22.000000000000000,0.0000000000000000
5.0000000000000000,22.000000000000000,0.0000000000000000
6.0000000000000000,22.000000000000000,0.0000000000000000
7.0000000000000000,22.000000000000000,0.0000000000000000
8.0000000000000000,22.000000000000000,0.0000000000000000
9.0000000000000000,22.000000000000000,0.0000000000000000
10.000000000000000,22.000000000000000,0.0000000000000000
11.000000000000000,22.000000000000000,0.0000000000000000
12.000000000000000,22.000000000000000,0.0000000000000000
13.000000000000000,22.000000000000000,0.0000000000000000
14.000000000000000,22.000000000000000,0.0000000000000000
15.000000000000000,22.000000000000000,0.0000000000000000
16.000000000000000,22.000000000000000,0.0000000000000000
17.000000000000000,22.000000000000000,0.0000000000000000
18.000000000000000,22.000000000000000,0.0000000000000000
19.000000000000000,22.000000000000000,0.0000000000000000
20.000000000000000,22.000000000000000,0.0000000000000000
21.000000000000000,22.000000000000000,0.0000000000000000
22.000000000000000,22.000000000000000,0.0000000000000000
23.000000000000000,22.000000000000000,0.0000000000000000
24.000000000000000,22.000000000000000,0.0000000000000000
25.000000000000000,22.000000000000000,0.0000000000000000
26.000000000000000,22.000000000000000,0.0000000000000000
27.000000000000000,22.000000000000000,0.0000000000000000
28.000000000000000,22.000000000000000,0.0000000000000000
29.000000000000000,22.000000000000000,0.0000000000000000
30.000000000000000,22.000000000000000,0.0000000000000000
31.000000000000000,22.000000000000000,0.0000000000000000
32.000000000000000,22.000000000000000,0.0000000000000000
33.000000000000000,22.000000000000000,0.0000000000000000
34.000000000000000,22.000000000000000,0.0000000000000000
35.000000000000000,22.000000000000000,0.0000000000000000
36.000000000000000,22.000000000000000,0.0000000000000000
37.000000000000000,22.000000000000000,0.0000000000000000
38.000000000000000,22.000000000000000,0.0000000000000000
39.000000000000000,22.000000000000000,0.0000000000000000
40.000000000000000,22.000000000000000,0.0000000000000000
41.000000000000000,22.000000000000000,0.0000000000000000
42.000000000000000,22.000000000000000,0.0000000000000000
43.000000000000000,22.000000000000000,0.0000000000000000
44.000000000000000,22.000000000000000,0.0000000000000000
45.000000000000000,22.000000000000000,0.0000000000000000
46.000000000000000,22.000000000000000,0.0000000000000000
47.000000000000000,22.000000000000000,0.0000000000000000
48.000000000000000,22.000000000000000,0.0000000000000000
49.000000000000000,22.000000000000000,0.0000000000000000
50.000000000000000,22.000000000000000,0.0000000000000000
51.000000000000000,22.000000000000000,0.0000000000000000
52.000000000000000,22.000000000000000,0.0000000000000000
53.000000000000000,22.000000000000000,0.0000000000000000
54.000000000000000,22.000000000000000,0.0000000000000000
55.000000000000000,22.000000000000000,0.0000000000000000
56.000000000000000,22.000000000000000,0.0000000000000000
57.000000000000000,22.000000000000000,0.0000000000000000
58.000000000000000,22.000000000000000,0.0000000000000000
59.000000000000000,22.000000000000000,0.0000000000000000
60.000000000000000,22.000000000000000,0.0000000000000000
61.000000000000000,22.000000000000000,0.0000000000000000
62.000000000000000,22.000000000000000,0.0000000000000000
63.000000000000000,22.000000000000000,0.0000000000000000
64.000000000000000,22.000000000000000,0.0000000000000000
65.000000000000000,22.000000000000000,0.0000000000000000
66.000000000000000,22.000000000000000,0.0000000000000000
67.000000000000000,22.000000000000000,0.0000000000000000
68.000000000000000,22.000000000000000,0.0000000000000000
69.000000000000000,22.000000000000000,0.0000000000000000
70.000000000000000,22.000000000000000,0.0000000000000000
71.000000000000000,22.000000000000000,0.0000000000000000
72.000000000000000,22.000000000000000,0.0000000000000000
73.000000000000000,22.000000000000000,0.0000000000000000
74.000000000000000,22.000000000000000,0.0000000000000000
75.000000000000000,22.000000000000000,0.0000000000000000
76.000000000000000,22.000000000000000,0.0000000000000000
77.000000000000000,22.000000000000000,0.0000000000000000
78.000000000000000,22.000000000000000,0.0000000000000000
79.000000000000000,22.000000000000000,0.0000000000000000
80.000000000000000,22.000000000000000,0.0000000000000000
81.000000000000000,22.000000000000000,0.0000000000000000
82.000000000000000,22.000000000000000,0.0000000000000000
83.000000000000000,22.000000000000000,0.0000000000000000
84.000000000000000,22.000000000000000,0.0000000000000000
85.000000000000000,22.000000000000000,0.0000000000000000
86.000000000000000,22.000000000000000,0.0000000000000000
87.000000000000000,22.000000000000000,0.0000000000000000
88.000000000000000,22.000000000000000,0.0000000000000000
89.000000000000000,22.000000000000000,0.0000000000000000
90.000000000000000,22.000000000000000,0.0000000000000000
91.000000000000000,22.000000000000000,0.0000000000000000
92.000000000000000,22.000000000000000,0.0000000000000000
93.000000000000000,22.000000000000000,0.0000000000000000
94.000000000000000,22.000000000000000,0.0000000000000000
95.000000000000000,22.000000000000000,0.0000000000000000
96.000000000000000,22.000000000000000,0.0000000000000000
97.000000000000000,22.000000000000000,0.0000000000000000
98.000000000000000,22.000000000000000,0.0000000000000000
99.000000000000000,22.000000000000000,0.0000000000000000
100.00000000000000,22.000000000000000,0.0000000000000000
101.00000000000000,22.000000000000000,0.0000000000000000
102.00000000000000,22.000000000000000,0.0000000000000000
103.00000000000000,22.000000000000000,0.0000000000000000
104.00000000000000,22.000000000000000,0.0000000000000000
105.00000000000000,22.000000000000000,0.0000000000000000
106.00000000000000,22.000000000000000,0.0000000000000000
107.00000000000000,22.000000000000000,0.0000000000000000
108.00000000000000,22.000000000000000,0.0000000000000000
109.00000000000000,22.000000000000000,0.0000000000000000
110.00000000000000,22.000000000000000,0.0000000000000000
111.00000000000000,22.000000000000000,0.0000000000000000
112.00000000000000,22.000000000000000,0.0000000000000000
113.00000000000000,22.000000000000000,0.0000000000000000
1.0000000000000000,23.000000000000000,0.0000000000000000
2.0000000000000000,23.000000000000000,0.0000000000000000
3.0000000000000000,23.000000000000000,0.0000000000000000
4.0000000000000000,23.000000000000000,0.0000000000000000
5.0000000000000000,23.000000000000000,0.0000000000000000
6.0000000000000000,23.000000000000000,0.0000000000000000
7.0000000000000000,23.000000000000000,0.0000000000000000
8.0000000000000000,23.000000000000000,0.0000000000000000
9.0000000000000000,23.000000000000000,0.0000000000000000
10.000000000000000,23.000000000000000,0.0000000000000000
11.000000000000000,23.000000000000000,0.0000000000000000
12.000000000000000,23.000000000000000,0.0000000000000000
13.000000000000000,23.000000000000000,0.0000000000000000
14.000000000000000,23.000000000000000,0.0000000000000000
15.000000000000000,23.000000000000000,0.0000000000000000
16.000000000000000,23.000000000000000,0.0000000000000000
17.000000000000000,23.000000000000000,0.0000000000000000
18.000000000000000,23.000000000000000,0.0000000000000000
19.000000000000000,23.000000000000000,0.0000000000000000
20.000000000000000,23.000000000000000,0.0000000000000000
21.000000000000000,23.000000000000000,0.0000000000000000
22.000000000000000,23.000000000000000,0.0000000000000000
23.000000000000000,23.000000000000000,0.0000000000000000
24.000000000000000,23.000000000000000,0.0000000000000000
25.000000000000000,23.000000000000000,0.0000000000000000
26.000000000000000,23.000000000000000,0.0000000000000000
27.000000000000000,23.000000000000000,0.0000000000000000
28.000000000000000,23.000000000000000,0.0000000000000000
29.000000000000000,23.000000000000000,0.0000000000000000
30.000000000000000,23.000000000000000,0.0000000000000000
31.000000000000000,23.000000000000000,0.0000000000000000
32.000000000000000,23.000000000000000,0.0000000000000000
33.000000000000000,23.000000000000000,0.0000000000000000
34.000000000000000,23.000000000000000,0.0000000000000000
35.000000000000000,23.000000000000000,0.0000000000000000
36.000000000000000,23.000000000000000,0.0000000000000000
37.000000000000000,23.000000000000000,0.0000000000000000
38.000000000000000,23.000000000000000,0.0000000000000000
39.000000000000000,23.000000000000000,0.0000000000000000
40.000000000000000,23.000000000000000,0.0000000000000000
41.000000000000000,23.000000000000000,0.0000000000000000
42.000000000000000,23.000000000000000,0.0000000000000000
43.000000000000000,23.000000000000000,0.0000000000000000
44.000000000000000,23.000000000000000,0.0000000000000000
45.000000000000000,23.000000000000000,0.0000000000000000
46.000000000000000,23.000000000000000,0.0000000000000000
47.000000000000000,23.000000000000000,0.0000000000000000
48.000000000000000,23.000000000000000,0.0000000000000000
49.000000000000000,23.000000000000000,0.0000000000000000
50.000000000000000,23.000000000000000,0.0000000000000000
51.000000000000000,23.000000000000000,0.0000000000000000
52.000000000000000,23.000000000000000,0.0000000000000000
53.000000000000000,23.000000000000000,0.0000000000000000
54.000000000000000,23.000000000000000,0.0000000000000000
55.000000000000000,23.000000000000000,0.0000000000000000
56.000000000000000,23.000000000000000,0.0000000000000000
57.000000000000000,23.000000000000000,0.0000000000000000
58.000000000000000,23.000000000000000,0.0000000000000000
59.000000000000000,23.000000000000000,0.0000000000000000
60.000000000000000,23.000000000000000,0.0000000000000000
61.000000000000000,23.000000000000000,0.0000000000000000
62.000000000000000,23.000000000000000,0.0000000000000000
63.000000000000000,23.000000000000000,0.0000000000000000
64.000000000000000,23.000000000000000,0.0000000000000000
65.000000000000000,23.000000000000000,0.0000000000000000
66.000000000000000,23.000000000000000,0.0000000000000000
67.000000000000000,23.000000000000000,0.0000000000000000
68.000000000000000,23.000000000000000,0.0000000000000000
69.000000000000000,23.000000000000000,0.0000000000000000
70.000000000000000,23.000000000000000,0.0000000000000000
71.000000000000000,23.000000000000000,0.0000000000000000
72.000000000000000,23.000000000000000,0.0000000000000000
73.000000000000000,23.000000000000000,0.0000000000000000
74.000000000000000,23.000000000000000,0.0000000000000000
75.000000000000000,23.000000000000000,0.0000000000000000
76.000000000000000,23.000000000000000,0.0000000000000000
77.000000000000000,23.000000000000000,0.0000000000000000
78.000000000000000,23.000000000000000,0.0000000000000000
79.000000000000000,23.000000000000000,0.0000000000000000
80.000000000000000,23.000000000000000,0.0000000000000000
81.000000000000000,23.000000000000000,0.0000000000000000
82.000000000000000,23.000000000000000,0.0000000000000000
83.000000000000000,23.000000000000000,0.0000000000000000
84.000000000000000,23.000000000000000,0.0000000000000000
85.000000000000000,23.000000000000000,0.0000000000000000
86.000000000000000,23.000000000000000,0.0000000000000000
87.000000000000000,23.000000000000000,0.0000000000000000
88.000000000000000,23.000000000000000,0.0000000000000000
89.000000000000000,23.000000000000000,0.0000000000000000
90.000000000000000,23.000000000000000,0.0000000000000000
91.000000000000000,23.000000000000000,0.0000000000000000
92.000000000000000,23.000000000000000,0.0000000000000000
93.000000000000000,23.000000000000000,0.0000000000000000
94.000000000000000,23.000000000000000,0.0000000000000000
95.000000000000000,23.000000000000000,0.0000000000000000
96.000000000000000,23.000000000000000,0.0000000000000000
97.000000000000000,23.000000000000000,0.0000000000000000
98.000000000000000,23.000000000000000,0.0000000000000000
99.000000000000000,23.000000000000000,0.0000000000000000
100.00000000000000,23.000000000000000,0.0000000000000000
101.00000000000000,23.000000000000000,0.0000000000000000
102.00000000000000,23.000000000000000,0.0000000000000000
103.00000000000000,23.000000000000000,0.0000000000000000
104.00000000000000,23.000000000000000,0.0000000000000000
105.00000000000000,23.000000000000000,0.0000000000000000
106.00000000000000,23.000000000000000,0.0000000000000000
107.00000000000000,23.000000000000000,0.0000000000000000
108.00000000000000,23.000000000000000,0.0000000000000000
109.00000000000000,23.000000000000000,0.0000000000000000
110.00000000000000,23.000000000000000,0.0000000000000000
111.00000000000000,23.000000000000000,0.50000000000000000
112.00000000000000,23.000000000000000,0.50000000000000000
113.00000000000000,23.000000000000000,0.0000000000000000
1.0000000000000000,24.000000000000000,0.0000000000000000
2.0000000000000000,24.000000000000000,0.0000000000000000
3.0000000000000000,24.000000000000000,0.0000000000000000
4.0000000000000000,24.000000000000000,0.0000000000000000
5.0000000000000000,24.000000000000000,0.0000000000000000
6.0000000000000000,24.000000000000000,0.0000000000000000
7.0000000000000000,24.000000000000000,0.0000000000000000
8.0000000000000000,24.000000000000000,0.0000000000000000
9.0000000000000000,24.000000000000000,0.0000000000000000
10.000000000000000,24.000000000000000,0.0000000000000000
11.000000000000000,24.000000000000000,0.0000000000000000
12.000000000000000,24.000000000000000,0.0000000000000000
13.000000000000000,24.000000000000000,0.0000000000000000
14.000000000000000,24.000000000000000,0.0000000000000000
15.000000000000000,24.000000000000000,0.0000000000000000
16.000000000000000,24.000000000000000,0.0000000000000000
17.000000000000000,24.000000000000000,0.0000000000000000
18.000000000000000,24.000000000000000,0.0000000000000000
19.000000000000000,24.000000000000000,0.0000000000000000
20.000000000000000,24.000000000000000,0.0000000000000000
21.000000000000000,24.000000000000000,0.0000000000000000
22.000000000000000,24.000000000000000,0.0000000000000000
23.000000000000000,24.000000000000000,0.0000000000000000
24.000000000000000,24.000000000000000,0.0000000000000000
25.000000000000000,24.000000000000000,0.0000000000000000
26.000000000000000,24.000000000000000,0.0000000000000000
27.000000000000000,24.000000000000000,0.0000000000000000
28.000000000000000,24.000000000000000,0.0000000000000000
29.000000000000000,24.000000000000000,0.0000000000000000
30.000000000000000,24.000000000000000,0.0000000000000000
31.000000000000000,24.000000000000000,0.0000000000000000
32.000000000000000,24.000000000000000,0.0000000000000000
33.000000000000000,24.000000000000000,0.0000000000000000
34.000000000000000,24.000000000000000,0.0000000000000000
35.000000000000000,24.000000000000000,0.0000000000000000
36.000000000000000,24.000000000000000,0.0000000000000000
37.000000000000000,24.000000000000000,0.0000000000000000
38.000000000000000,24.000000000000000,0.0000000000000000
39.000000000000000,24.000000000000000,0.0000000000000000
40.000000000000000,24.000000000000000,0.0000000000000000
41.000000000000000,24.000000000000000,0.0000000000000000
42.000000000000000,24.000000000000000,0.0000000000000000
43.000000000000000,24.000000000000000,0.0000000000000000
44.000000000000000,24.000000000000000,0.0000000000000000
45.000000000000000,24.000000000000000,0.0000000000000000
46.000000000000000,24.000000000000000,0.0000000000000000
47.000000000000000,24.000000000000000,0.0000000000000000
48.000000000000000,24.000000000000000,0.0000000000000000
49.000000000000000,24.000000000000000,0.0000000000000000
50.000000000000000,24.000000000000000,0.0000000000000000
51.000000000000000,24.000000000000000,0.0000000000000000
52.000000000000000,24.000000000000000,0.0000000000000000
53.000000000000000,24.000000000000000,0.0000000000000000
54.000000000000000,24.000000000000000,0.0000000000000000
55.000000000000000,24.000000000000000,0.0000000000000000
56.000000000000000,24.000000000000000,0.0000000000000000
57.000000000000000,24.000000000000000,0.0000000000000000
58.000000000000000,24.000000000000000,0.0000000000000000
59.000000000000000,24.000000000000000,0.0000000000000000
60.000000000000000,24.000000000000000,0.0000000000000000
61.000000000000000,24.000000000000000,0.0000000000000000
62.000000000000000,24.000000000000000,0.0000000000000000
63.000000000000000,24.000000000000000,0.0000000000000000
64.000000000000000,24.000000000000000,0.0000000000000000
65.000000000000000,24.000000000000000,0.0000000000000000
66.000000000000000,24.000000000000000,0.0000000000000000
67.000000000000000,24.000000000000000,0.0000000000000000
68.000000000000000,24.000000000000000,0.0000000000000000
69.000000000000000,24.000000000000000,0.0000000000000000
70.000000000000000,24.000000000000000,0.0000000000000000
71.000000000000000,24.000000000000000,0.0000000000000000
72.000000000000000,24.000000000000000,0.0000000000000000
73.000000000000000,24.000000000000000,0.0000000000000000
74.000000000000000,24.000000000000000,0.0000000000000000
75.000000000000000,24.000000000000000,0.0000000000000000
76.000000000000000,24.000000000000000,0.0000000000000000
77.000000000000000,24.000000000000000,0.0000000000000000
78.000000000000000,24.000000000000000,0.0000000000000000
79.000000000000000,24.000000000000000,0.0000000000000000
80.000000000000000,24.000000000000000,0.0000000000000000
81.000000000000000,24.000000000000000,0.0000000000000000
82.000000000000000,24.000000000000000,0.0000000000000000
83.000000000000000,24.000000000000000,0.0000000000000000
84.000000000000000,24.000000000000000,0.0000000000000000
85.000000000000000,24.000000000000000,0.0000000000000000
86.000000000000000,24.000000000000000,0.0000000000000000
87.000000000000000,24.000000000000000,0.0000000000000000
88.000000000000000,24.000000000000000,0.0000000000000000
89.000000000000000,24.000000000000000,0.0000000000000000
90.000000000000000,24.000000000000000,0.0000000000000000
91.000000000000000,24.000000000000000,0.0000000000000000
92.000000000000000,24.000000000000000,0.0000000000000000
93.000000000000000,24.000000000000000,0.0000000000000000
94.000000000000000,24.000000000000000,0.0000000000000000
95.000000000000000,24.000000000000000,0.0000000000000000
96.000000000000000,24.000000000000000,0.0000000000000000
97.000000000000000,24.000000000000000,0.0000000000000000
98.000000000000000,24.000000000000000,0.0000000000000000
99.000000000000000,24.000000000000000,0.0000000000000000
100.00000000000000,24.000000000000000,0.0000000000000000
101.00000000000000,24.000000000000000,0.0000000000000000
102.00000000000000,24.000000000000000,0.0000000000000000
103.00000000000000,24.000000000000000,0.0000000000000000
104.00000000000000,24.000000000000000,0.0000000000000000
105.00000000000000,24.000000000000000,0.0000000000000000
106.00000000000000,24.000000000000000,0.0000000000000000
107.00000000000000,24.000000000000000,0.0000000000000000
108.00000000000000,24.000000000000000,0.0000000000000000
109.00000000000000,24.000000000000000,0.0000000000000000
110.00000000000000,24.000000000000000,0.0000000000000000
111.00000000000000,24.000000000000000,0.50000000000000000
112.00000000000000,24.000000000000000,0.50000000000000000
113.00000000000000,24.000000000000000,0.0000000000000000
1.0000000000000000,25.000000000000000,0.0000000000000000
2.0000000000000000,25.000000000000000,0.0000000000000000
3.0000000000000000,25.000000000000000,0.0000000000000000
4.0000000000000000,25.000000000000000,0.0000000000000000
5.0000000000000000,25.000000000000000,0.0000000000000000
6.0000000000000000,25.000000000000000,0.0000000000000000
7.0000000000000000,25.000000000000000,0.0000000000000000
8.0000000000000000,25.000000000000000,0.0000000000000000
9.0000000000000000,25.000000000000000,0.0000000000000000
10.000000000000000,25.000000000000000,0.0000000000000000
11.000000000000000,25.000000000000000,0.0000000000000000
12.000000000000000,25.000000000000000,0.0000000000000000
13.000000000000000,25.000000000000000,0.0000000000000000
14.000000000000000,25.000000000000000,0.0000000000000000
15.000000000000000,25.000000000000000,0.0000000000000000
16.000000000000000,25.000000000000000,0.0000000000000000
17.000000000000000,25.000000000000000,0.0000000000000000
18.000000000000000,25.000000000000000,0.0000000000000000
19.000000000000000,25.000000000000000,0.0000000000000000
20.000000000000000,25.000000000000000,0.0000000000000000
21.000000000000000,25.000000000000000,0.0000000000000000
22.000000000000000,25.000000000000000,0.0000000000000000
23.000000000000000,25.000000000000000,0.0000000000000000
24.000000000000000,25.000000000000000,0.0000000000000000
25.000000000000000,25.000000000000000,0.0000000000000000
26.000000000000000,25.000000000000000,0.0000000000000000
27.000000000000000,25.000000000000000,0.0000000000000000
28.000000000000000,25.000000000000000,0.0000000000000000
29.000000000000000,25.000000000000000,0.0000000000000000
30.000000000000000,25.000000000000000,0.0000000000000000
31.000000000000000,25.000000000000000,0.0000000000000000
32.000000000000000,25.000000000000000,0.0000000000000000
33.000000000000000,25.000000000000000,0.0000000000000000
34.000000000000000,25.000000000000000,0.0000000000000000
35.000000000000000,25.000000000000000,0.0000000000000000
36.000000000000000,25.000000000000000,0.0000000000000000
37.000000000000000,25.000000000000000,0.0000000000000000
38.000000000000000,25.000000000000000,0.0000000000000000
39.000000000000000,25.000000000000000,0.0000000000000000
40.000000000000000,25.000000000000000,0.0000000000000000
41.000000000000000,25.000000000000000,0.0000000000000000
42.000000000000000,25.000000000000000,0.0000000000000000
43.000000000000000,25.000000000000000,0.0000000000000000
44.000000000000000,25.000000000000000,0.0000000000000000
45.000000000000000,25.000000000000000,0.0000000000000000
46.000000000000000,25.000000000000000,0.0000000000000000
47.000000000000000,25.000000000000000,0.0000000000000000
48.000000000000000,25.000000000000000,0.0000000000000000
49.000000000000000,25.000000000000000,0.0000000000000000
50.000000000000000,25.000000000000000,0.0000000000000000
51.000000000000000,25.000000000000000,0.0000000000000000
52.000000000000000,25.000000000000000,0.0000000000000000
53.000000000000000,25.000000000000000,0.0000000000000000
54.000000000000000,25.000000000000000,0.0000000000000000
55.000000000000000,25.000000000000000,0.0000000000000000
56.000000000000000,25.000000000000000,0.0000000000000000
57.000000000000000,25.000000000000000,0.0000000000000000
58.000000000000000,25.000000000000000,0.0000000000000000
59.000000000000000,25.000000000000000,0.0000000000000000
60.000000000000000,25.000000000000000,0.0000000000000000
61.000000000000000,25.000000000000000,0.0000000000000000
62.000000000000000,25.000000000000000,0.0000000000000000
63.000000000000000,25.000000000000000,0.0000000000000000
64.000000000000000,25.000000000000000,0.0000000000000000
65.000000000000000,25.000000000000000,0.0000000000000000
66.000000000000000,25.000000000000000,0.0000000000000000
67.000000000000000,25.000000000000000,0.0000000000000000
68.000000000000000,25.000000000000000,0.0000000000000000
69.000000000000000,25.000000000000000,0.0000000000000000
70.000000000000000,25.000000000000000,0.0000000000000000
71.000000000000000,25.000000000000000,0.0000000000000000
72.000000000000000,25.000000000000000,0.0000000000000000
73.000000000000000,25.000000000000000,0.0000000000000000
74.000000000000000,25.000000000000000,0.0000000000000000
75.000000000000000,25.000000000000000,0.0000000000000000
76.000000000000000,25.000000000000000,0.0000000000000000
77.000000000000000,25.000000000000000,0.0000000000000000
78.000000000000000,25.000000000000000,0.0000000000000000
79.000000000000000,25.000000000000000,0.0000000000000000
80.000000000000000,25.000000000000000,0.0000000000000000
81.000000000000000,25.000000000000000,0.0000000000000000
82.000000000000000,25.000000000000000,0.0000000000000000
83.000000000000000,25.000000000000000,0.0000000000000000
84.000000000000000,25.000000000000000,0.0000000000000000
85.000000000000000,25.000000000000000,0.0000000000000000
86.000000000000000,25.000000000000000,0.0000000000000000
87.000000000000000,25.000000000000000,0.0000000000000000
88.000000000000000,25.000000000000000,0.0000000000000000
89.000000000000000,25.000000000000000,0.0000000000000000
90.000000000000000,25.000000000000000,0.0000000000000000
91.000000000000000,25.000000000000000,0.0000000000000000
92.000000000000000,25.000000000000000,0.0000000000000000
93.000000000000000,25.000000000000000,0.0000000000000000
94.000000000000000,25.000000000000000,0.0000000000000000
95.000000000000000,25.000000000000000,0.0000000000000000
96.000000000000000,25.000000000000000,0.0000000000000000
97.000000000000000,25.000000000000000,0.0000000000000000
98.000000000000000,25.000000000000000,0.0000000000000000
99.000000000000000,25.000000000000000,0.0000000000000000
100.00000000000000,25.000000000000000,0.0000000000000000
101.00000000000000,25.000000000000000,0.0000000000000000
102.00000000000000,25.000000000000000,0.0000000000000000
103.00000000000000,25.000000000000000,0.0000000000000000
104.00000000000000,25.000000000000000,0.0000000000000000
105.00000000000000,25.000000000000000,0.0000000000000000
106.00000000000000,25.000000000000000,0.0000000000000000
107.00000000000000,25.000000000000000,0.0000000000000000
108.00000000000000,25.000000000000000,0.0000000000000000
109.00000000000000,25.000000000000000,0.0000000000000000
110.00000000000000,25.000000000000000,0.0000000000000000
111.00000000000000,25.000000000000000,0.50000000000000000
112.00000000000000,25.000000000000000,0.50000000000000000
113.00000000000000,25.000000000000000,0.0000000000000000
1.0000000000000000,26.000000000000000,0.0000000000000000
2.0000000000000000,26.000000000000000,0.0000000000000000
3.0000000000000000,26.000000000000000,0.0000000000000000
4.0000000000000000,26.000000000000000,0.0000000000000000
5.0000000000000000,26.000000000000000,0.0000000000000000
6.0000000000000000,26.000000000000000,0.0000000000000000
7.0000000000000000,26.000000000000000,0.0000000000000000
8.0000000000000000,26.000000000000000,0.0000000000000000
9.0000000000000000,26.000000000000000,0.0000000000000000
10.000000000000000,26.000000000000000,0.0000000000000000
11.000000000000000,26.000000000000000,0.0000000000000000
12.000000000000000,26.000000000000000,0.0000000000000000
13.000000000000000,26.000000000000000,0.0000000000000000
14.000000000000000,26.000000000000000,0.0000000000000000
15.000000000000000,26.000000000000000,0.0000000000000000
16.000000000000000,26.000000000000000,0.0000000000000000
17.000000000000000,26.000000000000000,0.0000000000000000
18.000000000000000,26.000000000000000,0.0000000000000000
19.000000000000000,26.000000000000000,0.0000000000000000
20.000000000000000,26.000000000000000,0.0000000000000000
21.000000000000000,26.000000000000000,0.0000000000000000
22.000000000000000,26.000000000000000,0.0000000000000000
23.000000000000000,26.000000000000000,0.0000000000000000
24.000000000000000,26.000000000000000,0.0000000000000000
25.000000000000000,26.000000000000000,0.0000000000000000
26.000000000000000,26.000000000000000,0.0000000000000000
27.000000000000000,26.000000000000000,0.0000000000000000
28.000000000000000,26.000000000000000,0.0000000000000000
29.000000000000000,26.000000000000000,0.0000000000000000
30.000000000000000,26.000000000000000,0.0000000000000000
31.000000000000000,26.000000000000000,0.0000000000000000
32.000000000000000,26.000000000000000,0.0000000000000000
33.000000000000000,26.000000000000000,0.0000000000000000
34.000000000000000,26.000000000000000,0.0000000000000000
35.000000000000000,26.000000000000000,0.0000000000000000
36.000000000000000,26.000000000000000,0.0000000000000000
37.000000000000000,26.000000000000000,0.0000000000000000
38.000000000000000,26.000000000000000,0.0000000000000000
39.000000000000000,26.000000000000000,0.0000000000000000
40.000000000000000,26.000000000000000,0.0000000000000000
41.000000000000000,26.000000000000000,0.0000000000000000
42.000000000000000,26.000000000000000,0.0000000000000000
43.000000000000000,26.000000000000000,0.0000000000000000
44.000000000000000,26.000000000000000,0.0000000000000000
45.000000000000000,26.000000000000000,0.0000000000000000
46.000000000000000,26.000000000000000,0.0000000000000000
47.000000000000000,26.000000000000000,0.0000000000000000
48.000000000000000,26.000000000000000,0.0000000000000000
49.000000000000000,26.000000000000000,0.0000000000000000
50.000000000000000,26.000000000000000,0.0000000000000000
51.000000000000000,26.000000000000000,0.0000000000000000
52.000000000000000,26.000000000000000,0.0000000000000000
53.000000000000000,26.000000000000000,0.0000000000000000
54.000000000000000,26.000000000000000,0.0000000000000000
55.000000000000000,26.000000000000000,0.0000000000000000
56.000000000000000,26.000000000000000,0.0000000000000000
57.000000000000000,26.000000000000000,0.0000000000000000
58.000000000000000,26.000000000000000,0.0000000000000000
59.000000000000000,26.000000000000000,0.0000000000000000
60.000000000000000,26.000000000000000,0.0000000000000000
61.000000000000000,26.000000000000000,0.0000000000000000
62.000000000000000,26.000000000000000,0.0000000000000000
63.000000000000000,26.000000000000000,0.0000000000000000
64.000000000000000,26.000000000000000,0.0000000000000000
65.000000000000000,26.000000000000000,0.0000000000000000
66.000000000000000,26.000000000000000,0.0000000000000000
67.000000000000000,26.000000000000000,0.0000000000000000
68.000000000000000,26.000000000000000,0.0000000000000000
69.000000000000000,26.000000000000000,0.0000000000000000
70.000000000000000,26.000000000000000,0.0000000000000000
71.000000000000000,26.000000000000000,0.0000000000000000
72.000000000000000,26.000000000000000,0.0000000000000000
73.000000000000000,26.000000000000000,0.0000000000000000
74.000000000000000,26.000000000000000,0.0000000000000000
75.000000000000000,26.000000000000000,0.0000000000000000
76.000000000000000,26.000000000000000,0.0000000000000000
77.000000000000000,26.000000000000000,0.0000000000000000
78.000000000000000,26.000000000000000,0.0000000000000000
79.000000000000000,26.000000000000000,0.0000000000000000
80.000000000000000,26.000000000000000,0.0000000000000000
81.000000000000000,26.000000000000000,0.0000000000000000
82.000000000000000,26.000000000000000,0.0000000000000000
83.000000000000000,26.000000000000000,0.0000000000000000
84.000000000000000,26.000000000000000,0.0000000000000000
85.000000000000000,26.000000000000000,0.0000000000000000
86.000000000000000,26.000000000000000,0.0000000000000000
87.000000000000000,26.000000000000000,0.0000000000000000
88.000000000000000,26.000000000000000,0.0000000000000000
89.000000000000000,26.000000000000000,0.0000000000000000
90.000000000000000,26.000000000000000,0.0000000000000000
91.000000000000000,26.000000000000000,0.0000000000000000
92.000000000000000,26.000000000000000,0.0000000000000000
93.000000000000000,26.000000000000000,0.0000000000000000
94.000000000000000,26.000000000000000,0.0000000000000000
95.000000000000000,26.000000000000000,0.0000000000000000
96.000000000000000,26.000000000000000,0.0000000000000000
97.000000000000000,26.000000000000000,0.0000000000000000
98.000000000000000,26.000000000000000,0.0000000000000000
99.000000000000000,26.000000000000000,0.0000000000000000
100.00000000000000,26.000000000000000,0.0000000000000000
101.00000000000000,26.000000000000000,0.0000000000000000
102.00000000000000,26.000000000000000,0.0000000000000000
103.00000000000000,26.000000000000000,0.0000000000000000
104.00000000000000,26.000000000000000,0.0000000000000000
105.00000000000000,26.000000000000000,0.0000000000000000
106.00000000000000,26.000000000000000,0.0000000000000000
107.00000000000000,26.000000000000000,0.0000000000000000
108.00000000000000,26.000000000000000,0.0000000000000000
109.00000000000000,26.000000000000000,0.0000000000000000
110.00000000000000,26.000000000000000,0.0000000000000000
111.00000000000000,26.000000000000000,0.50000000000000000
112.00000000000000,26.000000000000000,0.50000000000000000
113.00000000000000,26.000000000000000,0.0000000000000000
1.0000000000000000,27.000000000000000,0.0000000000000000
2.0000000000000000,27.000000000000000,0.0000000000000000
3.0000000000000000,27.000000000000000,0.0000000000000000
4.0000000000000000,27.000000000000000,0.0000000000000000
5.0000000000000000,27.000000000000000,0.0000000000000000
6.0000000000000000,27.000000000000000,0.0000000000000000
7.0000000000000000,27.000000000000000,0.0000000000000000
8.0000000000000000,27.000000000000000,0.0000000000000000
9.0000000000000000,27.000000000000000,0.0000000000000000
10.000000000000000,27.000000000000000,0.0000000000000000
11.000000000000000,27.000000000000000,0.0000000000000000
12.000000000000000,27.000000000000000,0.0000000000000000
13.000000000000000,27.000000000000000,0.0000000000000000
14.000000000000000,27.000000000000000,0.0000000000000000
15.000000000000000,27.000000000000000,0.0000000000000000
16.000000000000000,27.000000000000000,0.0000000000000000
17.000000000000000,27.000000000000000,0.0000000000000000
18.000000000000000,27.000000000000000,0.0000000000000000
19.000000000000000,27.000000000000000,0.0000000000000000
20.000000000000000,27.000000000000000,0.0000000000000000
21.000000000000000,27.000000000000000,0.0000000000000000
22.000000000000000,27.000000000000000,0.0000000000000000
23.000000000000000,27.000000000000000,0.0000000000000000
24.000000000000000,27.000000000000000,0.0000000000000000
25.000000000000000,27.000000000000000,0.0000000000000000
26.000000000000000,27.000000000000000,0.0000000000000000
27.000000000000000,27.000000000000000,0.0000000000000000
28.000000000000000,27.000000000000000,0.0000000000000000
29.000000000000000,27.000000000000000,0.0000000000000000
30.000000000000000,27.000000000000000,0.0000000000000000
31.000000000000000,27.000000000000000,0.0000000000000000
32.000000000000000,27.000000000000000,0.0000000000000000
33.000000000000000,27.000000000000000,0.0000000000000000
34.000000000000000,27.000000000000000,0.0000000000000000
35.000000000000000,27.000000000000000,0.0000000000000000
36.000000000000000,27.000000000000000,0.0000000000000000
37.000000000000000,27.000000000000000,0.0000000000000000
38.000000000000000,27.000000000000000,0.0000000000000000
39.000000000000000,27.000000000000000,0.0000000000000000
40.000000000000000,27.000000000000000,0.0000000000000000
41.000000000000000,27.000000000000000,0.0000000000000000
42.000000000000000,27.000000000000000,0.0000000000000000
43.000000000000000,27.000000000000000,0.0000000000000000
44.000000000000000,27.000000000000000,0.0000000000000000
45.000000000000000,27.000000000000000,0.0000000000000000
46.000000000000000,27.000000000000000,0.0000000000000000
47.000000000000000,27.000000000000000,0.0000000000000000
48.000000000000000,27.000000000000000,0.0000000000000000
49.000000000000000,27.000000000000000,0.0000000000000000
50.000000000000000,27.000000000000000,0.0000000000000000
51.000000000000000,27.000000000000000,0.0000000000000000
52.000000000000000,27.000000000000000,0.0000000000000000
53.000000000000000,27.000000000000000,0.0000000000000000
54.000000000000000,27.000000000000000,0.0000000000000000
55.000000000000000,27.000000000000000,0.0000000000000000
56.000000000000000,27.000000000000000,0.0000000000000000
57.000000000000000,27.000000000000000,0.0000000000000000
58.000000000000000,27.000000000000000,0.0000000000000000
59.000000000000000,27.000000000000000,0.0000000000000000
60.000000000000000,27.000000000000000,0.0000000000000000
61.000000000000000,27.000000000000000,0.0000000000000000
62.000000000000000,27.000000000000000,0.0000000000000000
63.000000000000000,27.000000000000000,0.0000000000000000
64.000000000000000,27.000000000000000,0.0000000000000000
65.000000000000000,27.000000000000000,0.0000000000000000
66.000000000000000,27.000000000000000,0.0000000000000000
67.000000000000000,27.000000000000000,0.0000000000000000
68.000000000000000,27.000000000000000,0.0000000000000000
69.000000000000000,27.000000000000000,0.0000000000000000
70.000000000000000,27.000000000000000,0.0000000000000000
71.000000000000000,27.000000000000000,0.0000000000000000
72.000000000000000,27.000000000000000,0.0000000000000000
73.000000000000000,27.000000000000000,0.0000000000000000
74.000000000000000,27.000000000000000,0.0000000000000000
75.000000000000000,27.000000000000000,0.0000000000000000
76.000000000000000,27.000000000000000,0.0000000000000000
77.000000000000000,27.000000000000000,0.0000000000000000
78.000000000000000,27.000000000000000,0.0000000000000000
79.000000000000000,27.000000000000000,0.0000000000000000
80.000000000000000,27.000000000000000,0.0000000000000000
81.000000000000000,27.000000000000000,0.0000000000000000
82.000000000000000,27.000000000000000,0.0000000000000000
83.000000000000000,27.000000000000000,0.0000000000000000
84.000000000000000,27.000000000000000,0.0000000000000000
85.000000000000000,27.000000000000000,0.0000000000000000
86.000000000000000,27.000000000000000,0.0000000000000000
87.000000000000000,27.000000000000000,0.0000000000000000
88.000000000000000,27.000000000000000,0.0000000000000000
89.000000000000000,27.000000000000000,0.0000000000000000
90.000000000000000,27.000000000000000,0.0000000000000000
91.000000000000000,27.000000000000000,0.0000000000000000
92.000000000000000,27.000000000000000,0.0000000000000000
93.000000000000000,27.000000000000000,0.0000000000000000
94.000000000000000,27.000000000000000,0.0000000000000000
95.000000000000000,27.000000000000000,0.0000000000000000
96.000000000000000,27.000000000000000,0.0000000000000000
97.000000000000000,27.000000000000000,0.0000000000000000
98.000000000000000,27.000000000000000,0.0000000000000000
99.000000000000000,27.000000000000000,0.0000000000000000
100.00000000000000,27.000000000000000,0.0000000000000000
101.00000000000000,27.000000000000000,0.0000000000000000
102.00000000000000,27.000000000000000,0.0000000000000000
103.00000000000000,27.000000000000000,0.0000000000000000
104.00000000000000,27.000000000000000,0.0000000000000000
105.00000000000000,27.000000000000000,0.0000000000000000
106.00000000000000,27.000000000000000,0.0000000000000000
107.00000000000000,27.000000000000000,0.0000000000000000
108.00000000000000,27.000000000000000,0.0000000000000000
109.00000000000000,27.000000000000000,0.0000000000000000
110.00000000000000,27.000000000000000,0.0000000000000000
111.00000000000000,27.000000000000000,0.50000000000000000
112.00000000000000,27.000000000000000,0.0000000000000000
113.00000000000000,27.000000000000000,0.0000000000000000
1.0000000000000000,28.000000000000000,0.0000000000000000
2.0000000000000000,28.000000000000000,0.0000000000000000
3.0000000000000000,28.000000000000000,0.0000000000000000
4.0000000000000000,28.000000000000000,0.0000000000000000
5.0000000000000000,28.000000000000000,0.0000000000000000
6.0000000000000000,28.000000000000000,0.0000000000000000
7.0000000000000000,28.000000000000000,0.0000000000000000
8.0000000000000000,28.000000000000000,0.0000000000000000
9.0000000000000000,28.000000000000000,0.0000000000000000
10.000000000000000,28.000000000000000,0.0000000000000000
11.000000000000000,28.000000000000000,0.0000000000000000
12.000000000000000,28.000000000000000,0.0000000000000000
13.000000000000000,28.000000000000000,0.0000000000000000
14.000000000000000,28.000000000000000,0.0000000000000000
15.000000000000000,28.000000000000000,0.0000000000000000
16.000000000000000,28.000000000000000,0.0000000000000000
17.000000000000000,28.000000000000000,0.0000000000000000
18.000000000000000,28.000000000000000,0.0000000000000000
19.000000000000000,28.000000000000000,0.0000000000000000
20.000000000000000,28.000000000000000,0.0000000000000000
21.000000000000000,28.000000000000000,0.0000000000000000
22.000000000000000,28.000000000000000,0.0000000000000000
23.000000000000000,28.000000000000000,0.0000000000000000
24.000000000000000,28.000000000000000,0.0000000000000000
25.000000000000000,28.000000000000000,0.0000000000000000
26.000000000000000,28.000000000000000,0.0000000000000000
27.000000000000000,28.000000000000000,0.0000000000000000
28.000000000000000,28.000000000000000,0.0000000000000000
29.000000000000000,28.000000000000000,0.0000000000000000
30.000000000000000,28.000000000000000,0.0000000000000000
31.000000000000000,28.000000000000000,0.0000000000000000
32.000000000000000,28.000000000000000,0.0000000000000000
33.000000000000000,28.000000000000000,0.0000000000000000
34.000000000000000,28.000000000000000,0.0000000000000000
35.000000000000000,28.000000000000000,0.0000000000000000
36.000000000000000,28.000000000000000,0.0000000000000000
37.000000000000000,28.000000000000000,0.0000000000000000
38.000000000000000,28.000000000000000,0.0000000000000000
39.000000000000000,28.000000000000000,0.0000000000000000
40.000000000000000,28.000000000000000,0.0000000000000000
41.000000000000000,28.000000000000000,0.0000000000000000
42.000000000000000,28.000000000000000,0.0000000000000000
43.000000000000000,28.000000000000000,0.0000000000000000
44.000000000000000,28.000000000000000,0.0000000000000000
45.000000000000000,28.000000000000000,0.0000000000000000
46.000000000000000,28.000000000000000,0.0000000000000000
47.000000000000000,28.000000000000000,0.0000000000000000
48.000000000000000,28.000000000000000,0.0000000000000000
49.000000000000000,28.000000000000000,0.0000000000000000
50.000000000000000,28.000000000000000,0.0000000000000000
51.000000000000000,28.000000000000000,0.0000000000000000
52.000000000000000,28.000000000000000,0.0000000000000000
53.000000000000000,28.000000000000000,0.0000000000000000
54.000000000000000,28.000000000000000,0.0000000000000000
55.000000000000000,28.000000000000000,0.0000000000000000
56.000000000000000,28.000000000000000,0.0000000000000000
57.000000000000000,28.000000000000000,0.0000000000000000
58.000000000000000,28.000000000000000,0.0000000000000000
59.000000000000000,28.000000000000000,0.0000000000000000
60.000000000000000,28.000000000000000,0.0000000000000000
61.000000000000000,28.000000000000000,0.0000000000000000
62.000000000000000,28.000000000000000,0.0000000000000000
63.000000000000000,28.000000000000000,0.0000000000000000
64.000000000000000,28.000000000000000,0.0000000000000000
65.000000000000000,28.000000000000000,0.0000000000000000
66.000000000000000,28.000000000000000,0.0000000000000000
67.000000000000000,28.000000000000000,0.0000000000000000
68.000000000000000,28.000000000000000,0.0000000000000000
69.000000000000000,28.000000000000000,0.0000000000000000
70.000000000000000,28.000000000000000,0.0000000000000000
71.000000000000000,28.000000000000000,0.0000000000000000
72.000000000000000,28.000000000000000,0.0000000000000000
73.000000000000000,28.000000000000000,0.0000000000000000
74.000000000000000,28.000000000000000,0.0000000000000000
75.000000000000000,28.000000000000000,0.0000000000000000
76.000000000000000,28.000000000000000,0.0000000000000000
77.000000000000000,28.000000000000000,0.0000000000000000
78.000000000000000,28.000000000000000,0.0000000000000000
79.000000000000000,28.000000000000000,0.0000000000000000
80.000000000000000,28.000000000000000,0.0000000000000000
81.000000000000000,28.000000000000000,0.0000000000000000
82.000000000000000,28.000000000000000,0.0000000000000000
83.000000000000000,28.000000000000000,0.0000000000000000
84.000000000000000,28.000000000000000,0.0000000000000000
85.000000000000000,28.000000000000000,0.0000000000000000
86.000000000000000,28.000000000000000,0.0000000000000000
87.000000000000000,28.000000000000000,0.0000000000000000
88.000000000000000,28.000000000000000,0.0000000000000000
89.000000000000000,28.000000000000000,0.0000000000000000
90.000000000000000,28.000000000000000,0.0000000000000000
91.000000000000000,28.000000000000000,0.0000000000000000
92.000000000000000,28.000000000000000,0.0000000000000000
93.000000000000000,28.000000000000000,0.0000000000000000
94.000000000000000,28.000000000000000,0.0000000000000000
95.000000000000000,28.000000000000000,0.0000000000000000
96.000000000000000,28.000000000000000,0.0000000000000000
97.000000000000000,28.000000000000000,0.0000000000000000
98.000000000000000,28.000000000000000,0.0000000000000000
99.000000000000000,28.000000000000000,0.0000000000000000
100.00000000000000,28.000000000000000,0.0000000000000000
101.00000000000000,28.000000000000000,0.0000000000000000
102.00000000000000,28.000000000000000,0.0000000000000000
103.00000000000000,28.000000000000000,0.0000000000000000
104.00000000000000,28.000000000000000,0.0000000000000000
105.00000000000000,28.000000000000000,0.0000000000000000
106.00000000000000,28.000000000000000,0.0000000000000000
107.00000000000000,28.000000000000000,0.0000000000000000
108.00000000000000,28.000000000000000,0.0000000000000000
109.00000000000000,28.000000000000000,0.0000000000000000
110.00000000000000,28.000000000000000,0.0000000000000000
111.00000000000000,28.000000000000000,0.50000000000000000
112.00000000000000,28.000000000000000,0.0000000000000000
113.00000000000000,28.000000000000000,0.0000000000000000
1.0000000000000000,29.000000000000000,0.0000000000000000
2.0000000000000000,29.000000000000000,0.0000000000000000
3.0000000000000000,29.000000000000000,0.0000000000000000
4.0000000000000000,29.000000000000000,0.0000000000000000
5.0000000000000000,29.000000000000000,0.0000000000000000
6.0000000000000000,29.000000000000000,0.0000000000000000
7.0000000000000000,29.000000000000000,0.0000000000000000
8.0000000000000000,29.000000000000000,0.0000000000000000
9.0000000000000000,29.000000000000000,0.0000000000000000
10.000000000000000,29.000000000000000,0.0000000000000000
11.000000000000000,29.000000000000000,0.0000000000000000
12.000000000000000,29.000000000000000,0.0000000000000000
13.000000000000000,29.000000000000000,0.0000000000000000
14.000000000000000,29.000000000000000,0.0000000000000000
15.000000000000000,29.000000000000000,0.0000000000000000
16.000000000000000,29.000000000000000,0.0000000000000000
17.000000000000000,29.000000000000000,0.0000000000000000
18.000000000000000,29.000000000000000,0.0000000000000000
19.000000000000000,29.000000000000000,0.0000000000000000
20.000000000000000,29.000000000000000,0.0000000000000000
21.000000000000000,29.000000000000000,0.0000000000000000
22.000000000000000,29.000000000000000,0.0000000000000000
23.000000000000000,29.000000000000000,0.0000000000000000
24.000000000000000,29.000000000000000,0.0000000000000000
25.000000000000000,29.000000000000000,0.0000000000000000
26.000000000000000,29.000000000000000,0.0000000000000000
27.000000000000000,29.000000000000000,0.0000000000000000
28.000000000000000,29.000000000000000,0.0000000000000000
29.000000000000000,29.000000000000000,0.0000000000000000
30.000000000000000,29.000000000000000,0.0000000000000000
31.000000000000000,29.000000000000000,0.0000000000000000
32.000000000000000,29.000000000000000,0.0000000000000000
33.000000000000000,29.000000000000000,0.0000000000000000
34.000000000000000,29.000000000000000,0.0000000000000000
35.000000000000000,29.000000000000000,0.0000000000000000
36.000000000000000,29.000000000000000,0.0000000000000000
37.000000000000000,29.000000000000000,0.0000000000000000
38.000000000000000,29.000000000000000,0.0000000000000000
39.000000000000000,29.000000000000000,0.0000000000000000
40.000000000000000,29.000000000000000,0.0000000000000000
41.000000000000000,29.000000000000000,0.0000000000000000
42.000000000000000,29.000000000000000,0.0000000000000000
43.000000000000000,29.000000000000000,0.0000000000000000
44.000000000000000,29.000000000000000,0.0000000000000000
45.000000000000000,29.000000000000000,0.0000000000000000
46.000000000000000,29.000000000000000,0.0000000000000000
47.000000000000000,29.000000000000000,0.0000000000000000
48.000000000000000,29.000000000000000,0.0000000000000000
49.000000000000000,29.000000000000000,0.0000000000000000
50.000000000000000,29.000000000000000,0.0000000000000000
51.000000000000000,29.000000000000000,0.0000000000000000
52.000000000000000,29.000000000000000,0.0000000000000000
53.000000000000000,29.000000000000000,0.0000000000000000
54.000000000000000,29.000000000000000,0.0000000000000000
55.000000000000000,29.000000000000000,0.0000000000000000
56.000000000000000,29.000000000000000,0.0000000000000000
57.000000000000000,29.000000000000000,0.0000000000000000
58.000000000000000,29.000000000000000,0.0000000000000000
59.000000000000000,29.000000000000000,0.0000000000000000
60.000000000000000,29.000000000000000,0.0000000000000000
61.000000000000000,29.000000000000000,0.0000000000000000
62.000000000000000,29.000000000000000,0.0000000000000000
63.000000000000000,29.000000000000000,0.0000000000000000
64.000000000000000,29.000000000000000,0.0000000000000000
65.000000000000000,29.000000000000000,0.0000000000000000
66.000000000000000,29.000000000000000,0.0000000000000000
67.000000000000000,29.000000000000000,0.0000000000000000
68.000000000000000,29.000000000000000,0.0000000000000000
69.000000000000000,29.000000000000000,0.0000000000000000
70.000000000000000,29.000000000000000,0.0000000000000000
71.000000000000000,29.000000000000000,0.0000000000000000
72.000000000000000,29.000000000000000,0.0000000000000000
73.000000000000000,29.000000000000000,0.0000000000000000
74.000000000000000,29.000000000000000,0.0000000000000000
75.000000000000000,29.000000000000000,0.0000000000000000
76.000000000000000,29.000000000000000,0.0000000000000000
77.000000000000000,29.000000000000000,0.0000000000000000
78.000000000000000,29.000000000000000,0.0000000000000000
79.000000000000000,29.000000000000000,0.0000000000000000
80.000000000000000,29.000000000000000,0.0000000000000000
81.000000000000000,29.000000000000000,0.0000000000000000
82.000000000000000,29.000000000000000,0.0000000000000000
83.000000000000000,29.000000000000000,0.0000000000000000
84.000000000000000,29.000000000000000,0.0000000000000000
85.000000000000000,29.000000000000000,0.0000000000000000
86.000000000000000,29.000000000000000,0.0000000000000000
87.000000000000000,29.000000000000000,0.0000000000000000
88.000000000000000,29.000000000000000,0.0000000000000000
89.000000000000000,29.000000000000000,0.0000000000000000
90.000000000000000,29.000000000000000,0.0000000000000000
91.000000000000000,29.000000000000000,0.0000000000000000
92.000000000000000,29.000000000000000,0.0000000000000000
93.000000000000000,29.000000000000000,0.0000000000000000
94.000000000000000,29.000000000000000,0.0000000000000000
95.000000000000000,29.000000000000000,0.0000000000000000
96.000000000000000,29.000000000000000,0.0000000000000000
97.000000000000000,29.000000000000000,0.0000000000000000
98.000000000000000,29.000000000000000,0.0000000000000000
99.000000000000000,29.000000000000000,0.40000000596046448
100.00000000000000,29.000000000000000,0.40000000596046448
101.00000000000000,29.000000000000000,0.40000000596046448
102.00000000000000,29.000000000000000,0.40000000596046448
103.00000000000000,29.000000000000000,0.0000000000000000
104.00000000000000,29.000000000000000,0.0000000000000000
105.00000000000000,29.000000000000000,0.50000000000000000
106.00000000000000,29.000000000000000,0.50000000000000000
107.00000000000000,29.000000000000000,0.50000000000000000
108.00000000000000,29.000000000000000,0.50000000000000000
109.00000000000000,29.000000000000000,0.50000000000000000
110.00000000000000,29.000000000000000,0.0000000000000000
111.00000000000000,29.000000000000000,0.0000000000000000
112.00000000000000,29.000000000000000,0.0000000000000000
113.00000000000000,29.000000000000000,0.0000000000000000
1.0000000000000000,30.000000000000000,0.0000000000000000
2.0000000000000000,30.000000000000000,0.0000000000000000
3.0000000000000000,30.000000000000000,0.0000000000000000
4.0000000000000000,30.000000000000000,0.0000000000000000
5.0000000000000000,30.000000000000000,0.0000000000000000
6.0000000000000000,30.000000000000000,0.0000000000000000
7.0000000000000000,30.000000000000000,0.0000000000000000
8.0000000000000000,30.000000000000000,0.0000000000000000
9.0000000000000000,30.000000000000000,0.0000000000000000
10.000000000000000,30.000000000000000,0.0000000000000000
11.000000000000000,30.000000000000000,0.0000000000000000
12.000000000000000,30.000000000000000,0.0000000000000000
13.000000000000000,30.000000000000000,0.0000000000000000
14.000000000000000,30.000000000000000,0.0000000000000000
15.000000000000000,30.000000000000000,0.0000000000000000
16.000000000000000,30.000000000000000,0.0000000000000000
17.000000000000000,30.000000000000000,0.0000000000000000
18.000000000000000,30.000000000000000,0.0000000000000000
19.000000000000000,30.000000000000000,0.0000000000000000
20.000000000000000,30.000000000000000,0.0000000000000000
21.000000000000000,30.000000000000000,0.0000000000000000
22.000000000000000,30.000000000000000,0.0000000000000000
23.000000000000000,30.000000000000000,0.0000000000000000
24.000000000000000,30.000000000000000,0.0000000000000000
25.000000000000000,30.000000000000000,0.0000000000000000
26.000000000000000,30.000000000000000,0.0000000000000000
27.000000000000000,30.000000000000000,0.0000000000000000
28.000000000000000,30.000000000000000,0.0000000000000000
29.000000000000000,30.000000000000000,0.0000000000000000
30.000000000000000,30.000000000000000,0.0000000000000000
31.000000000000000,30.000000000000000,0.0000000000000000
32.000000000000000,30.000000000000000,0.0000000000000000
33.000000000000000,30.000000000000000,0.0000000000000000
34.000000000000000,30.000000000000000,0.0000000000000000
35.000000000000000,30.000000000000000,0.0000000000000000
36.000000000000000,30.000000000000000,0.0000000000000000
37.000000000000000,30.000000000000000,0.0000000000000000
38.000000000000000,30.000000000000000,0.0000000000000000
39.000000000000000,30.000000000000000,0.0000000000000000
40.000000000000000,30.000000000000000,0.0000000000000000
41.000000000000000,30.000000000000000,0.0000000000000000
42.000000000000000,30.000000000000000,0.0000000000000000
43.000000000000000,30.000000000000000,0.0000000000000000
44.000000000000000,30.000000000000000,0.0000000000000000
45.000000000000000,30.000000000000000,0.0000000000000000
46.000000000000000,30.000000000000000,0.0000000000000000
47.000000000000000,30.000000000000000,0.0000000000000000
48.000000000000000,30.000000000000000,0.0000000000000000
49.000000000000000,30.000000000000000,0.0000000000000000
50.000000000000000,30.000000000000000,0.0000000000000000
51.000000000000000,30.000000000000000,0.0000000000000000
52.000000000000000,30.000000000000000,0.0000000000000000
53.000000000000000,30.000000000000000,0.0000000000000000
54.000000000000000,30.000000000000000,0.0000000000000000
55.000000000000000,30.000000000000000,0.0000000000000000
56.000000000000000,30.000000000000000,0.0000000000000000
57.000000000000000,30.000000000000000,0.0000000000000000
58.000000000000000,30.000000000000000,0.0000000000000000
59.000000000000000,30.000000000000000,0.0000000000000000
60.000000000000000,30.000000000000000,0.0000000000000000
61.000000000000000,30.000000000000000,0.0000000000000000
62.000000000000000,30.000000000000000,0.0000000000000000
63.000000000000000,30.000000000000000,0.0000000000000000
64.000000000000000,30.000000000000000,0.0000000000000000
65.000000000000000,30.000000000000000,0.0000000000000000
66.000000000000000,30.000000000000000,0.0000000000000000
67.000000000000000,30.000000000000000,0.0000000000000000
68.000000000000000,30.000000000000000,0.0000000000000000
69.000000000000000,30.000000000000000,0.0000000000000000
70.000000000000000,30.000000000000000,0.0000000000000000
71.000000000000000,30.000000000000000,0.0000000000000000
72.000000000000000,30.000000000000000,0.0000000000000000
73.000000000000000,30.000000000000000,0.0000000000000000
74.000000000000000,30.000000000000000,0.0000000000000000
75.000000000000000,30.000000000000000,0.0000000000000000
76.000000000000000,30.000000000000000,0.0000000000000000
77.000000000000000,30.000000000000000,0.0000000000000000
78.000000000000000,30.000000000000000,0.0000000000000000
79.000000000000000,30.000000000000000,0.0000000000000000
80.000000000000000,30.000000000000000,0.0000000000000000
81.000000000000000,30.000000000000000,0.0000000000000000
82.000000000000000,30.000000000000000,0.0000000000000000
83.000000000000000,30.000000000000000,0.0000000000000000
84.000000000000000,30.000000000000000,0.0000000000000000
85.000000000000000,30.000000000000000,0.0000000000000000
86.000000000000000,30.000000000000000,0.0000000000000000
87.000000000000000,30.000000000000000,0.0000000000000000
88.000000000000000,30.000000000000000,0.0000000000000000
89.000000000000000,30.000000000000000,0.0000000000000000
90.000000000000000,30.000000000000000,0.0000000000000000
91.000000000000000,30.000000000000000,0.0000000000000000
92.000000000000000,30.000000000000000,0.0000000000000000
93.000000000000000,30.000000000000000,0.0000000000000000
94.000000000000000,30.000000000000000,0.0000000000000000
95.000000000000000,30.000000000000000,0.0000000000000000
96.000000000000000,30.000000000000000,0.0000000000000000
97.000000000000000,30.000000000000000,0.0000000000000000
98.000000000000000,30.000000000000000,0.0000000000000000
99.000000000000000,30.000000000000000,0.40000000596046448
100.00000000000000,30.000000000000000,0.40000000596046448
101.00000000000000,30.000000000000000,0.40000000596046448
102.00000000000000,30.000000000000000,0.0000000000000000
103.00000000000000,30.000000000000000,0.0000000000000000
104.00000000000000,30.000000000000000,0.0000000000000000
105.00000000000000,30.000000000000000,0.0000000000000000
106.00000000000000,30.000000000000000,0.50000000000000000
107.00000000000000,30.000000000000000,0.50000000000000000
108.00000000000000,30.000000000000000,0.50000000000000000
109.00000000000000,30.000000000000000,0.0000000000000000
110.00000000000000,30.000000000000000,0.0000000000000000
111.00000000000000,30.000000000000000,0.0000000000000000
112.00000000000000,30.000000000000000,0.0000000000000000
113.00000000000000,30.000000000000000,0.0000000000000000
1.0000000000000000,31.000000000000000,0.0000000000000000
2.0000000000000000,31.000000000000000,0.0000000000000000
3.0000000000000000,31.000000000000000,0.0000000000000000
4.0000000000000000,31.000000000000000,0.0000000000000000
5.0000000000000000,31.000000000000000,0.0000000000000000
6.0000000000000000,31.000000000000000,0.0000000000000000
7.0000000000000000,31.000000000000000,0.0000000000000000
8.0000000000000000,31.000000000000000,0.0000000000000000
9.0000000000000000,31.000000000000000,0.0000000000000000
10.000000000000000,31.000000000000000,0.0000000000000000
11.000000000000000,31.000000000000000,0.0000000000000000
12.000000000000000,31.000000000000000,0.0000000000000000
13.000000000000000,31.000000000000000,0.0000000000000000
14.000000000000000,31.000000000000000,0.0000000000000000
15.000000000000000,31.000000000000000,0.0000000000000000
16.000000000000000,31.000000000000000,0.0000000000000000
17.000000000000000,31.000000000000000,0.0000000000000000
18.000000000000000,31.000000000000000,0.0000000000000000
19.000000000000000,31.000000000000000,0.0000000000000000
20.000000000000000,31.000000000000000,0.0000000000000000
21.000000000000000,31.000000000000000,0.0000000000000000
22.000000000000000,31.000000000000000,0.0000000000000000
23.000000000000000,31.000000000000000,0.0000000000000000
24.000000000000000,31.000000000000000,0.0000000000000000
25.000000000000000,31.000000000000000,0.0000000000000000
26.000000000000000,31.000000000000000,0.0000000000000000
27.000000000000000,31.000000000000000,0.0000000000000000
28.000000000000000,31.000000000000000,0.0000000000000000
29.000000000000000,31.000000000000000,0.0000000000000000
30.000000000000000,31.000000000000000,0.0000000000000000
31.000000000000000,31.000000000000000,0.0000000000000000
32.000000000000000,31.000000000000000,0.0000000000000000
33.000000000000000,31.000000000000000,0.0000000000000000
34.000000000000000,31.000000000000000,0.0000000000000000
35.000000000000000,31.000000000000000,0.0000000000000000
36.000000000000000,31.000000000000000,0.0000000000000000
37.000000000000000,31.000000000000000,0.0000000000000000
38.000000000000000,31.000000000000000,0.0000000000000000
39.000000000000000,31.000000000000000,0.0000000000000000
40.000000000000000,31.000000000000000,0.0000000000000000
41.000000000000000,31.000000000000000,0.0000000000000000
42.000000000000000,31.000000000000000,0.0000000000000000
43.000000000000000,31.000000000000000,0.0000000000000000
44.000000000000000,31.000000000000000,0.0000000000000000
45.000000000000000,31.000000000000000,0.0000000000000000
46.000000000000000,31.000000000000000,0.0000000000000000
47.000000000000000,31.000000000000000,0.0000000000000000
48.000000000000000,31.000000000000000,0.0000000000000000
49.000000000000000,31.000000000000000,0.0000000000000000
50.000000000000000,31.000000000000000,0.0000000000000000
51.000000000000000,31.000000000000000,0.0000000000000000
52.000000000000000,31.000000000000000,0.0000000000000000
53.000000000000000,31.000000000000000,0.0000000000000000
54.000000000000000,31.000000000000000,0.0000000000000000
55.000000000000000,31.000000000000000,0.0000000000000000
56.000000000000000,31.000000000000000,0.0000000000000000
57.000000000000000,31.000000000000000,0.0000000000000000
58.000000000000000,31.000000000000000,0.0000000000000000
59.000000000000000,31.000000000000000,0.0000000000000000
60.000000000000000,31.000000000000000,0.0000000000000000
61.000000000000000,31.000000000000000,0.0000000000000000
62.000000000000000,31.000000000000000,0.0000000000000000
63.000000000000000,31.000000000000000,0.0000000000000000
64.000000000000000,31.000000000000000,0.0000000000000000
65.000000000000000,31.000000000000000,0.0000000000000000
66.000000000000000,31.000000000000000,0.0000000000000000
67.000000000000000,31.000000000000000,0.0000000000000000
68.000000000000000,31.000000000000000,0.0000000000000000
69.000000000000000,31.000000000000000,0.0000000000000000
70.000000000000000,31.000000000000000,0.0000000000000000
71.000000000000000,31.000000000000000,0.0000000000000000
72.000000000000000,31.000000000000000,0.0000000000000000
73.000000000000000,31.000000000000000,0.0000000000000000
74.000000000000000,31.000000000000000,0.0000000000000000
75.000000000000000,31.000000000000000,0.0000000000000000
76.000000000000000,31.000000000000000,0.0000000000000000
77.000000000000000,31.000000000000000,0.0000000000000000
78.000000000000000,31.000000000000000,0.0000000000000000
79.000000000000000,31.000000000000000,0.0000000000000000
80.000000000000000,31.000000000000000,0.0000000000000000
81.000000000000000,31.000000000000000,0.0000000000000000
82.000000000000000,31.000000000000000,0.0000000000000000
83.000000000000000,31.000000000000000,0.0000000000000000
84.000000000000000,31.000000000000000,0.0000000000000000
85.000000000000000,31.000000000000000,0.0000000000000000
86.000000000000000,31.000000000000000,0.0000000000000000
87.000000000000000,31.000000000000000,0.0000000000000000
88.000000000000000,31.000000000000000,0.0000000000000000
89.000000000000000,31.000000000000000,0.0000000000000000
90.000000000000000,31.000000000000000,0.0000000000000000
91.000000000000000,31.000000000000000,0.0000000000000000
92.000000000000000,31.000000000000000,0.0000000000000000
93.000000000000000,31.000000000000000,0.0000000000000000
94.000000000000000,31.000000000000000,0.0000000000000000
95.000000000000000,31.000000000000000,0.0000000000000000
96.000000000000000,31.000000000000000,0.0000000000000000
97.000000000000000,31.000000000000000,0.0000000000000000
98.000000000000000,31.000000000000000,0.0000000000000000
99.000000000000000,31.000000000000000,0.40000000596046448
100.00000000000000,31.000000000000000,0.40000000596046448
101.00000000000000,31.000000000000000,0.0000000000000000
102.00000000000000,31.000000000000000,0.0000000000000000
103.00000000000000,31.000000000000000,0.0000000000000000
104.00000000000000,31.000000000000000,0.0000000000000000
105.00000000000000,31.000000000000000,0.0000000000000000
106.00000000000000,31.000000000000000,0.0000000000000000
107.00000000000000,31.000000000000000,0.0000000000000000
108.00000000000000,31.000000000000000,0.0000000000000000
109.00000000000000,31.000000000000000,0.0000000000000000
110.00000000000000,31.000000000000000,0.0000000000000000
111.00000000000000,31.000000000000000,0.0000000000000000
112.00000000000000,31.000000000000000,0.0000000000000000
113.00000000000000,31.000000000000000,0.0000000000000000
1.0000000000000000,32.000000000000000,0.0000000000000000
2.0000000000000000,32.000000000000000,0.0000000000000000
3.0000000000000000,32.000000000000000,0.0000000000000000
4.0000000000000000,32.000000000000000,0.0000000000000000
5.0000000000000000,32.000000000000000,0.0000000000000000
6.0000000000000000,32.000000000000000,0.0000000000000000
7.0000000000000000,32.000000000000000,0.0000000000000000
8.0000000000000000,32.000000000000000,0.0000000000000000
9.0000000000000000,32.000000000000000,0.0000000000000000
10.000000000000000,32.000000000000000,0.0000000000000000
11.000000000000000,32.000000000000000,0.0000000000000000
12.000000000000000,32.000000000000000,0.0000000000000000
13.000000000000000,32.000000000000000,0.0000000000000000
14.000000000000000,32.000000000000000,0.0000000000000000
15.000000000000000,32.000000000000000,0.0000000000000000
16.000000000000000,32.000000000000000,0.0000000000000000
17.000000000000000,32.000000000000000,0.0000000000000000
18.000000000000000,32.000000000000000,0.0000000000000000
19.000000000000000,32.000000000000000,0.0000000000000000
20.000000000000000,32.000000000000000,0.0000000000000000
21.000000000000000,32.000000000000000,0.0000000000000000
22.000000000000000,32.000000000000000,0.0000000000000000
23.000000000000000,32.000000000000000,0.0000000000000000
24.000000000000000,32.000000000000000,0.0000000000000000
25.000000000000000,32.000000000000000,0.0000000000000000
26.000000000000000,32.000000000000000,0.0000000000000000
27.000000000000000,32.000000000000000,0.0000000000000000
28.000000000000000,32.000000000000000,0.0000000000000000
29.000000000000000,32.000000000000000,0.0000000000000000
30.000000000000000,32.000000000000000,0.0000000000000000
31.000000000000000,32.000000000000000,0.0000000000000000
32.000000000000000,32.000000000000000,0.0000000000000000
33.000000000000000,32.000000000000000,0.0000000000000000
34.000000000000000,32.000000000000000,0.0000000000000000
35.000000000000000,32.000000000000000,0.0000000000000000
36.000000000000000,32.000000000000000,0.0000000000000000
37.000000000000000,32.000000000000000,0.0000000000000000
38.000000000000000,32.000000000000000,0.0000000000000000
39.000000000000000,32.000000000000000,0.0000000000000000
40.000000000000000,32.000000000000000,0.0000000000000000
41.000000000000000,32.000000000000000,0.0000000000000000
42.000000000000000,32.000000000000000,0.0000000000000000
43.000000000000000,32.000000000000000,0.0000000000000000
44.000000000000000,32.000000000000000,0.0000000000000000
45.000000000000000,32.000000000000000,0.0000000000000000
46.000000000000000,32.000000000000000,0.0000000000000000
47.000000000000000,32.000000000000000,0.0000000000000000
48.000000000000000,32.000000000000000,0.0000000000000000
49.000000000000000,32.000000000000000,0.0000000000000000
50.000000000000000,32.000000000000000,0.0000000000000000
51.000000000000000,32.000000000000000,0.0000000000000000
52.000000000000000,32.000000000000000,0.0000000000000000
53.000000000000000,32.000000000000000,0.0000000000000000
54.000000000000000,32.000000000000000,0.0000000000000000
55.000000000000000,32.000000000000000,0.0000000000000000
56.000000000000000,32.000000000000000,0.0000000000000000
57.000000000000000,32.000000000000000,0.0000000000000000
58.000000000000000,32.000000000000000,0.0000000000000000
59.000000000000000,32.000000000000000,0.0000000000000000
60.000000000000000,32.000000000000000,0.0000000000000000
61.000000000000000,32.000000000000000,0.0000000000000000
62.000000000000000,32.000000000000000,0.0000000000000000
63.000000000000000,32.000000000000000,0.0000000000000000
64.000000000000000,32.000000000000000,0.0000000000000000
65.000000000000000,32.000000000000000,0.0000000000000000
66.000000000000000,32.000000000000000,0.0000000000000000
67.000000000000000,32.000000000000000,0.0000000000000000
68.000000000000000,32.000000000000000,0.0000000000000000
69.000000000000000,32.000000000000000,0.0000000000000000
70.000000000000000,32.000000000000000,0.0000000000000000
71.000000000000000,32.000000000000000,0.0000000000000000
72.000000000000000,32.000000000000000,0.0000000000000000
73.000000000000000,32.000000000000000,0.0000000000000000
74.000000000000000,32.000000000000000,0.0000000000000000
75.000000000000000,32.000000000000000,0.0000000000000000
76.000000000000000,32.000000000000000,0.0000000000000000
77.000000000000000,32.000000000000000,0.0000000000000000
78.000000000000000,32.000000000000000,0.0000000000000000
79.000000000000000,32.000000000000000,0.0000000000000000
80.000000000000000,32.000000000000000,0.0000000000000000
81.000000000000000,32.000000000000000,0.0000000000000000
82.000000000000000,32.000000000000000,0.0000000000000000
83.000000000000000,32.000000000000000,0.0000000000000000
84.000000000000000,32.000000000000000,0.0000000000000000
85.000000000000000,32.000000000000000,0.0000000000000000
86.000000000000000,32.000000000000000,0.0000000000000000
87.000000000000000,32.000000000000000,0.0000000000000000
88.000000000000000,32.000000000000000,0.0000000000000000
89.000000000000000,32.000000000000000,0.0000000000000000
90.000000000000000,32.000000000000000,0.30000001192092896
91.000000000000000,32.000000000000000,0.0000000000000000
92.000000000000000,32.000000000000000,0.0000000000000000
93.000000000000000,32.000000000000000,0.0000000000000000
94.000000000000000,32.000000000000000,0.0000000000000000
95.000000000000000,32.000000000000000,0.40000000596046448
96.000000000000000,32.000000000000000,0.0000000000000000
97.000000000000000,32.000000000000000,0.0000000000000000
98.000000000000000,32.000000000000000,0.0000000000000000
99.000000000000000,32.000000000000000,0.0000000000000000
100.00000000000000,32.000000000000000,0.0000000000000000
101.00000000000000,32.000000000000000,0.0000000000000000
102.00000000000000,32.000000000000000,0.0000000000000000
103.00000000000000,32.000000000000000,0.0000000000000000
104.00000000000000,32.000000000000000,0.0000000000000000
105.00000000000000,32.000000000000000,0.0000000000000000
106.00000000000000,32.000000000000000,0.0000000000000000
107.00000000000000,32.000000000000000,0.0000000000000000
108.00000000000000,32.000000000000000,0.0000000000000000
109.00000000000000,32.000000000000000,0.0000000000000000
110.00000000000000,32.000000000000000,0.0000000000000000
111.00000000000000,32.000000000000000,0.0000000000000000
112.00000000000000,32.000000000000000,0.0000000000000000
113.00000000000000,32.000000000000000,0.0000000000000000
1.0000000000000000,33.000000000000000,0.0000000000000000
2.0000000000000000,33.000000000000000,0.0000000000000000
3.0000000000000000,33.000000000000000,0.0000000000000000
4.0000000000000000,33.000000000000000,0.0000000000000000
5.0000000000000000,33.000000000000000,0.0000000000000000
6.0000000000000000,33.000000000000000,0.0000000000000000
7.0000000000000000,33.000000000000000,0.0000000000000000
8.0000000000000000,33.000000000000000,0.0000000000000000
9.0000000000000000,33.000000000000000,0.0000000000000000
10.000000000000000,33.000000000000000,0.0000000000000000
11.000000000000000,33.000000000000000,0.0000000000000000
12.000000000000000,33.000000000000000,0.0000000000000000
13.000000000000000,33.000000000000000,0.0000000000000000
14.000000000000000,33.000000000000000,0.0000000000000000
15.000000000000000,33.000000000000000,0.0000000000000000
16.000000000000000,33.000000000000000,0.0000000000000000
17.000000000000000,33.000000000000000,0.0000000000000000
18.000000000000000,33.000000000000000,0.0000000000000000
19.000000000000000,33.000000000000000,0.0000000000000000
20.000000000000000,33.000000000000000,0.0000000000000000
21.000000000000000,33.000000000000000,0.0000000000000000
22.000000000000000,33.000000000000000,0.0000000000000000
23.000000000000000,33.000000000000000,0.0000000000000000
24.000000000000000,33.000000000000000,0.0000000000000000
25.000000000000000,33.000000000000000,0.0000000000000000
26.000000000000000,33.000000000000000,0.0000000000000000
27.000000000000000,33.000000000000000,0.0000000000000000
28.000000000000000,33.000000000000000,0.0000000000000000
29.000000000000000,33.000000000000000,0.0000000000000000
30.000000000000000,33.000000000000000,0.0000000000000000
31.000000000000000,33.000000000000000,0.0000000000000000
32.000000000000000,33.000000000000000,0.0000000000000000
33.000000000000000,33.000000000000000,0.0000000000000000
34.000000000000000,33.000000000000000,0.0000000000000000
35.000000000000000,33.000000000000000,0.0000000000000000
36.000000000000000,33.000000000000000,0.0000000000000000
37.000000000000000,33.000000000000000,0.0000000000000000
38.000000000000000,33.000000000000000,0.0000000000000000
39.000000000000000,33.000000000000000,0.0000000000000000
40.000000000000000,33.000000000000000,0.0000000000000000
41.000000000000000,33.000000000000000,0.0000000000000000
42.000000000000000,33.000000000000000,0.0000000000000000
43.000000000000000,33.000000000000000,0.0000000000000000
44.000000000000000,33.000000000000000,0.0000000000000000
45.000000000000000,33.000000000000000,0.0000000000000000
46.000000000000000,33.000000000000000,0.0000000000000000
47.000000000000000,33.000000000000000,0.0000000000000000
48.000000000000000,33.000000000000000,0.0000000000000000
49.000000000000000,33.000000000000000,0.0000000000000000
50.000000000000000,33.000000000000000,0.0000000000000000
51.000000000000000,33.000000000000000,0.0000000000000000
52.000000000000000,33.000000000000000,0.0000000000000000
53.000000000000000,33.000000000000000,0.0000000000000000
54.000000000000000,33.000000000000000,0.0000000000000000
55.000000000000000,33.000000000000000,0.0000000000000000
56.000000000000000,33.000000000000000,0.0000000000000000
57.000000000000000,33.000000000000000,0.0000000000000000
58.000000000000000,33.000000000000000,0.0000000000000000
59.000000000000000,33.000000000000000,0.0000000000000000
60.000000000000000,33.000000000000000,0.0000000000000000
61.000000000000000,33.000000000000000,0.0000000000000000
62.000000000000000,33.000000000000000,0.0000000000000000
63.000000000000000,33.000000000000000,0.0000000000000000
64.000000000000000,33.000000000000000,0.0000000000000000
65.000000000000000,33.000000000000000,0.0000000000000000
66.000000000000000,33.000000000000000,0.0000000000000000
67.000000000000000,33.000000000000000,0.0000000000000000
68.000000000000000,33.000000000000000,0.0000000000000000
69.000000000000000,33.000000000000000,0.0000000000000000
70.000000000000000,33.000000000000000,0.0000000000000000
71.000000000000000,33.000000000000000,0.0000000000000000
72.000000000000000,33.000000000000000,0.0000000000000000
73.000000000000000,33.000000000000000,0.0000000000000000
74.000000000000000,33.000000000000000,0.0000000000000000
75.000000000000000,33.000000000000000,0.0000000000000000
76.000000000000000,33.000000000000000,0.0000000000000000
77.000000000000000,33.000000000000000,0.0000000000000000
78.000000000000000,33.000000000000000,0.0000000000000000
79.000000000000000,33.000000000000000,0.0000000000000000
80.000000000000000,33.000000000000000,0.0000000000000000
81.000000000000000,33.000000000000000,0.0000000000000000
82.000000000000000,33.000000000000000,0.0000000000000000
83.000000000000000,33.000000000000000,0.0000000000000000
84.000000000000000,33.000000000000000,0.0000000000000000
85.000000000000000,33.000000000000000,0.0000000000000000
86.000000000000000,33.000000000000000,0.0000000000000000
87.000000000000000,33.000000000000000,0.0000000000000000
88.000000000000000,33.000000000000000,0.0000000000000000
89.000000000000000,33.000000000000000,0.0000000000000000
90.000000000000000,33.000000000000000,0.30000001192092896
91.000000000000000,33.000000000000000,0.0000000000000000
92.000000000000000,33.000000000000000,0.0000000000000000
93.000000000000000,33.000000000000000,0.0000000000000000
94.000000000000000,33.000000000000000,0.0000000000000000
95.000000000000000,33.000000000000000,0.0000000000000000
96.000000000000000,33.000000000000000,0.0000000000000000
97.000000000000000,33.000000000000000,0.0000000000000000
98.000000000000000,33.000000000000000,0.0000000000000000
99.000000000000000,33.000000000000000,0.0000000000000000
100.00000000000000,33.000000000000000,0.0000000000000000
101.00000000000000,33.000000000000000,0.0000000000000000
102.00000000000000,33.000000000000000,0.0000000000000000
103.00000000000000,33.000000000000000,0.0000000000000000
104.00000000000000,33.000000000000000,0.0000000000000000
105.00000000000000,33.000000000000000,0.0000000000000000
106.00000000000000,33.000000000000000,0.0000000000000000
107.00000000000000,33.000000000000000,0.0000000000000000
108.00000000000000,33.000000000000000,0.0000000000000000
109.00000000000000,33.000000000000000,0.0000000000000000
110.00000000000000,33.000000000000000,0.0000000000000000
111.00000000000000,33.000000000000000,0.0000000000000000
112.00000000000000,33.000000000000000,0.0000000000000000
113.00000000000000,33.000000000000000,0.0000000000000000
1.0000000000000000,34.000000000000000,0.0000000000000000
2.0000000000000000,34.000000000000000,0.0000000000000000
3.0000000000000000,34.000000000000000,0.0000000000000000
4.0000000000000000,34.000000000000000,0.0000000000000000
5.0000000000000000,34.000000000000000,0.0000000000000000
6.0000000000000000,34.000000000000000,0.0000000000000000
7.0000000000000000,34.000000000000000,0.0000000000000000
8.0000000000000000,34.000000000000000,0.0000000000000000
9.0000000000000000,34.000000000000000,0.0000000000000000
10.000000000000000,34.000000000000000,0.0000000000000000
11.000000000000000,34.000000000000000,0.0000000000000000
12.000000000000000,34.000000000000000,0.0000000000000000
13.000000000000000,34.000000000000000,0.0000000000000000
14.000000000000000,34.000000000000000,0.0000000000000000
15.000000000000000,34.000000000000000,0.0000000000000000
16.000000000000000,34.000000000000000,0.0000000000000000
17.000000000000000,34.000000000000000,0.0000000000000000
18.000000000000000,34.000000000000000,0.0000000000000000
19.000000000000000,34.000000000000000,0.0000000000000000
20.000000000000000,34.000000000000000,0.0000000000000000
21.000000000000000,34.000000000000000,0.0000000000000000
22.000000000000000,34.000000000000000,0.0000000000000000
23.000000000000000,34.000000000000000,0.0000000000000000
24.000000000000000,34.000000000000000,0.0000000000000000
25.000000000000000,34.000000000000000,0.0000000000000000
26.000000000000000,34.000000000000000,0.0000000000000000
27.000000000000000,34.000000000000000,0.0000000000000000
28.000000000000000,34.000000000000000,0.0000000000000000
29.000000000000000,34.000000000000000,0.0000000000000000
30.000000000000000,34.000000000000000,0.0000000000000000
31.000000000000000,34.000000000000000,0.0000000000000000
32.000000000000000,34.000000000000000,0.0000000000000000
33.000000000000000,34.000000000000000,0.0000000000000000
34.000000000000000,34.000000000000000,0.0000000000000000
35.000000000000000,34.000000000000000,0.0000000000000000
36.000000000000000,34.000000000000000,0.0000000000000000
37.000000000000000,34.000000000000000,0.0000000000000000
38.000000000000000,34.000000000000000,0.0000000000000000
39.000000000000000,34.000000000000000,0.0000000000000000
40.000000000000000,34.000000000000000,0.0000000000000000
41.000000000000000,34.000000000000000,0.0000000000000000
42.000000000000000,34.000000000000000,0.0000000000000000
43.000000000000000,34.000000000000000,0.0000000000000000
44.000000000000000,34.000000000000000,0.0000000000000000
45.000000000000000,34.000000000000000,0.0000000000000000
46.000000000000000,34.000000000000000,0.0000000000000000
47.000000000000000,34.000000000000000,0.0000000000000000
48.000000000000000,34.000000000000000,0.0000000000000000
49.000000000000000,34.000000000000000,0.0000000000000000
50.000000000000000,34.000000000000000,0.0000000000000000
51.000000000000000,34.000000000000000,0.0000000000000000
52.000000000000000,34.000000000000000,0.0000000000000000
53.000000000000000,34.000000000000000,0.0000000000000000
54.000000000000000,34.000000000000000,0.0000000000000000
55.000000000000000,34.000000000000000,0.0000000000000000
56.000000000000000,34.000000000000000,0.0000000000000000
57.000000000000000,34.000000000000000,0.0000000000000000
58.000000000000000,34.000000000000000,0.0000000000000000
59.000000000000000,34.000000000000000,0.0000000000000000
60.000000000000000,34.000000000000000,0.0000000000000000
61.000000000000000,34.000000000000000,0.0000000000000000
62.000000000000000,34.000000000000000,0.0000000000000000
63.000000000000000,34.000000000000000,0.0000000000000000
64.000000000000000,34.000000000000000,0.0000000000000000
65.000000000000000,34.000000000000000,0.0000000000000000
66.000000000000000,34.000000000000000,0.0000000000000000
67.000000000000000,34.000000000000000,0.0000000000000000
68.000000000000000,34.000000000000000,0.0000000000000000
69.000000000000000,34.000000000000000,0.0000000000000000
70.000000000000000,34.000000000000000,0.0000000000000000
71.000000000000000,34.000000000000000,0.0000000000000000
72.000000000000000,34.000000000000000,0.0000000000000000
73.000000000000000,34.000000000000000,0.0000000000000000
74.000000000000000,34.000000000000000,0.0000000000000000
75.000000000000000,34.000000000000000,0.0000000000000000
76.000000000000000,34.000000000000000,0.0000000000000000
77.000000000000000,34.000000000000000,0.0000000000000000
78.000000000000000,34.000000000000000,0.0000000000000000
79.000000000000000,34.000000000000000,0.0000000000000000
80.000000000000000,34.000000000000000,0.0000000000000000
81.000000000000000,34.000000000000000,0.0000000000000000
82.000000000000000,34.000000000000000,0.0000000000000000
83.000000000000000,34.000000000000000,0.0000000000000000
84.000000000000000,34.000000000000000,0.0000000000000000
85.000000000000000,34.000000000000000,0.0000000000000000
86.000000000000000,34.000000000000000,0.0000000000000000
87.000000000000000,34.000000000000000,0.0000000000000000
88.000000000000000,34.000000000000000,0.0000000000000000
89.000000000000000,34.000000000000000,0.0000000000000000
90.000000000000000,34.000000000000000,0.30000001192092896
91.000000000000000,34.000000000000000,0.0000000000000000
92.000000000000000,34.000000000000000,0.0000000000000000
93.000000000000000,34.000000000000000,0.0000000000000000
94.000000000000000,34.000000000000000,0.0000000000000000
95.000000000000000,34.000000000000000,0.0000000000000000
96.000000000000000,34.000000000000000,0.0000000000000000
97.000000000000000,34.000000000000000,0.0000000000000000
98.000000000000000,34.000000000000000,0.0000000000000000
99.000000000000000,34.000000000000000,0.0000000000000000
100.00000000000000,34.000000000000000,0.0000000000000000
101.00000000000000,34.000000000000000,0.0000000000000000
102.00000000000000,34.000000000000000,0.0000000000000000
103.00000000000000,34.000000000000000,0.0000000000000000
104.00000000000000,34.000000000000000,0.0000000000000000
105.00000000000000,34.000000000000000,0.0000000000000000
106.00000000000000,34.000000000000000,0.0000000000000000
107.00000000000000,34.000000000000000,0.0000000000000000
108.00000000000000,34.000000000000000,0.0000000000000000
109.00000000000000,34.000000000000000,0.0000000000000000
110.00000000000000,34.000000000000000,0.0000000000000000
111.00000000000000,34.000000000000000,0.0000000000000000
112.00000000000000,34.000000000000000,0.0000000000000000
113.00000000000000,34.000000000000000,0.0000000000000000
1.0000000000000000,35.000000000000000,0.0000000000000000
2.0000000000000000,35.000000000000000,0.0000000000000000
3.0000000000000000,35.000000000000000,0.0000000000000000
4.0000000000000000,35.000000000000000,0.0000000000000000
5.0000000000000000,35.000000000000000,0.0000000000000000
6.0000000000000000,35.000000000000000,0.0000000000000000
7.0000000000000000,35.000000000000000,0.0000000000000000
8.0000000000000000,35.000000000000000,0.0000000000000000
9.0000000000000000,35.000000000000000,0.0000000000000000
10.000000000000000,35.000000000000000,0.0000000000000000
11.000000000000000,35.000000000000000,0.0000000000000000
12.000000000000000,35.000000000000000,0.0000000000000000
13.000000000000000,35.000000000000000,0.0000000000000000
14.000000000000000,35.000000000000000,0.0000000000000000
15.000000000000000,35.000000000000000,0.0000000000000000
16.000000000000000,35.000000000000000,0.0000000000000000
17.000000000000000,35.000000000000000,0.0000000000000000
18.000000000000000,35.000000000000000,0.0000000000000000
19.000000000000000,35.000000000000000,0.0000000000000000
20.000000000000000,35.000000000000000,0.0000000000000000
21.000000000000000,35.000000000000000,0.0000000000000000
22.000000000000000,35.000000000000000,0.0000000000000000
23.000000000000000,35.000000000000000,0.0000000000000000
24.000000000000000,35.000000000000000,0.0000000000000000
25.000000000000000,35.000000000000000,0.0000000000000000
26.000000000000000,35.000000000000000,0.0000000000000000
27.000000000000000,35.000000000000000,0.0000000000000000
28.000000000000000,35.000000000000000,0.0000000000000000
29.000000000000000,35.000000000000000,0.0000000000000000
30.000000000000000,35.000000000000000,0.0000000000000000
31.000000000000000,35.000000000000000,0.0000000000000000
32.000000000000000,35.000000000000000,0.0000000000000000
33.000000000000000,35.000000000000000,0.0000000000000000
34.000000000000000,35.000000000000000,0.0000000000000000
35.000000000000000,35.000000000000000,0.0000000000000000
36.000000000000000,35.000000000000000,0.0000000000000000
37.000000000000000,35.000000000000000,0.0000000000000000
38.000000000000000,35.000000000000000,0.0000000000000000
39.000000000000000,35.000000000000000,0.0000000000000000
40.000000000000000,35.000000000000000,0.0000000000000000
41.000000000000000,35.000000000000000,0.0000000000000000
42.000000000000000,35.000000000000000,0.0000000000000000
43.000000000000000,35.000000000000000,0.0000000000000000
44.000000000000000,35.000000000000000,0.0000000000000000
45.000000000000000,35.000000000000000,0.0000000000000000
46.000000000000000,35.000000000000000,0.0000000000000000
47.000000000000000,35.000000000000000,0.0000000000000000
48.000000000000000,35.000000000000000,0.0000000000000000
49.000000000000000,35.000000000000000,0.0000000000000000
50.000000000000000,35.000000000000000,0.0000000000000000
51.000000000000000,35.000000000000000,0.0000000000000000
52.000000000000000,35.000000000000000,0.0000000000000000
53.000000000000000,35.000000000000000,0.0000000000000000
54.000000000000000,35.000000000000000,0.0000000000000000
55.000000000000000,35.000000000000000,0.0000000000000000
56.000000000000000,35.000000000000000,0.0000000000000000
57.000000000000000,35.000000000000000,0.0000000000000000
58.000000000000000,35.000000000000000,0.0000000000000000
59.000000000000000,35.000000000000000,0.0000000000000000
60.000000000000000,35.000000000000000,0.0000000000000000
61.000000000000000,35.000000000000000,0.0000000000000000
62.000000000000000,35.000000000000000,0.0000000000000000
63.000000000000000,35.000000000000000,0.0000000000000000
64.000000000000000,35.000000000000000,0.0000000000000000
65.000000000000000,35.000000000000000,0.0000000000000000
66.000000000000000,35.000000000000000,0.0000000000000000
67.000000000000000,35.000000000000000,0.0000000000000000
68.000000000000000,35.000000000000000,0.0000000000000000
69.000000000000000,35.000000000000000,0.0000000000000000
70.000000000000000,35.000000000000000,0.0000000000000000
71.000000000000000,35.000000000000000,0.0000000000000000
72.000000000000000,35.000000000000000,0.0000000000000000
73.000000000000000,35.000000000000000,0.0000000000000000
74.000000000000000,35.000000000000000,0.0000000000000000
75.000000000000000,35.000000000000000,0.0000000000000000
76.000000000000000,35.000000000000000,0.0000000000000000
77.000000000000000,35.000000000000000,0.0000000000000000
78.000000000000000,35.000000000000000,0.0000000000000000
79.000000000000000,35.000000000000000,0.0000000000000000
80.000000000000000,35.000000000000000,0.0000000000000000
81.000000000000000,35.000000000000000,0.0000000000000000
82.000000000000000,35.000000000000000,0.0000000000000000
83.000000000000000,35.000000000000000,0.0000000000000000
84.000000000000000,35.000000000000000,0.0000000000000000
85.000000000000000,35.000000000000000,0.0000000000000000
86.000000000000000,35.000000000000000,0.0000000000000000
87.000000000000000,35.000000000000000,0.0000000000000000
88.000000000000000,35.000000000000000,0.0000000000000000
89.000000000000000,35.000000000000000,0.0000000000000000
90.000000000000000,35.000000000000000,0.40000000596046448
91.000000000000000,35.000000000000000,0.0000000000000000
92.000000000000000,35.000000000000000,0.0000000000000000
93.000000000000000,35.000000000000000,0.0000000000000000
94.000000000000000,35.000000000000000,0.0000000000000000
95.000000000000000,35.000000000000000,0.0000000000000000
96.000000000000000,35.000000000000000,0.0000000000000000
97.000000000000000,35.000000000000000,0.0000000000000000
98.000000000000000,35.000000000000000,0.0000000000000000
99.000000000000000,35.000000000000000,0.0000000000000000
100.00000000000000,35.000000000000000,0.0000000000000000
101.00000000000000,35.000000000000000,0.0000000000000000
102.00000000000000,35.000000000000000,0.0000000000000000
103.00000000000000,35.000000000000000,0.0000000000000000
104.00000000000000,35.000000000000000,0.0000000000000000
105.00000000000000,35.000000000000000,0.0000000000000000
106.00000000000000,35.000000000000000,0.0000000000000000
107.00000000000000,35.000000000000000,0.0000000000000000
108.00000000000000,35.000000000000000,0.0000000000000000
109.00000000000000,35.000000000000000,0.0000000000000000
110.00000000000000,35.000000000000000,0.0000000000000000
111.00000000000000,35.000000000000000,0.0000000000000000
112.00000000000000,35.000000000000000,0.0000000000000000
113.00000000000000,35.000000000000000,0.0000000000000000
1.0000000000000000,36.000000000000000,0.0000000000000000
2.0000000000000000,36.000000000000000,0.0000000000000000
3.0000000000000000,36.000000000000000,0.0000000000000000
4.0000000000000000,36.000000000000000,0.0000000000000000
5.0000000000000000,36.000000000000000,0.0000000000000000
6.0000000000000000,36.000000000000000,0.0000000000000000
7.0000000000000000,36.000000000000000,0.0000000000000000
8.0000000000000000,36.000000000000000,0.0000000000000000
9.0000000000000000,36.000000000000000,0.0000000000000000
10.000000000000000,36.000000000000000,0.0000000000000000
11.000000000000000,36.000000000000000,0.0000000000000000
12.000000000000000,36.000000000000000,0.0000000000000000
13.000000000000000,36.000000000000000,0.0000000000000000
14.000000000000000,36.000000000000000,0.0000000000000000
15.000000000000000,36.000000000000000,0.0000000000000000
16.000000000000000,36.000000000000000,0.0000000000000000
17.000000000000000,36.000000000000000,0.0000000000000000
18.000000000000000,36.000000000000000,0.0000000000000000
19.000000000000000,36.000000000000000,0.0000000000000000
20.000000000000000,36.000000000000000,0.0000000000000000
21.000000000000000,36.000000000000000,0.0000000000000000
22.000000000000000,36.000000000000000,0.0000000000000000
23.000000000000000,36.000000000000000,0.0000000000000000
24.000000000000000,36.000000000000000,0.0000000000000000
25.000000000000000,36.000000000000000,0.0000000000000000
26.000000000000000,36.000000000000000,0.0000000000000000
27.000000000000000,36.000000000000000,0.0000000000000000
28.000000000000000,36.000000000000000,0.0000000000000000
29.000000000000000,36.000000000000000,0.0000000000000000
30.000000000000000,36.000000000000000,0.0000000000000000
31.000000000000000,36.000000000000000,0.0000000000000000
32.000000000000000,36.000000000000000,0.0000000000000000
33.000000000000000,36.000000000000000,0.0000000000000000
34.000000000000000,36.000000000000000,0.0000000000000000
35.000000000000000,36.000000000000000,0.0000000000000000
36.000000000000000,36.000000000000000,0.0000000000000000
37.000000000000000,36.000000000000000,0.0000000000000000
38.000000000000000,36.000000000000000,0.0000000000000000
39.000000000000000,36.000000000000000,0.0000000000000000
40.000000000000000,36.000000000000000,0.0000000000000000
41.000000000000000,36.000000000000000,0.0000000000000000
42.000000000000000,36.000000000000000,0.0000000000000000
43.000000000000000,36.000000000000000,0.0000000000000000
44.000000000000000,36.000000000000000,0.0000000000000000
45.000000000000000,36.000000000000000,0.0000000000000000
46.000000000000000,36.000000000000000,0.0000000000000000
47.000000000000000,36.000000000000000,0.0000000000000000
48.000000000000000,36.000000000000000,0.0000000000000000
49.000000000000000,36.000000000000000,0.0000000000000000
50.000000000000000,36.000000000000000,0.0000000000000000
51.000000000000000,36.000000000000000,0.0000000000000000
52.000000000000000,36.000000000000000,0.0000000000000000
53.000000000000000,36.000000000000000,0.0000000000000000
54.000000000000000,36.000000000000000,0.0000000000000000
55.000000000000000,36.000000000000000,0.0000000000000000
56.000000000000000,36.000000000000000,0.0000000000000000
57.000000000000000,36.000000000000000,0.0000000000000000
58.000000000000000,36.000000000000000,0.0000000000000000
59.000000000000000,36.000000000000000,0.0000000000000000
60.000000000000000,36.000000000000000,0.0000000000000000
61.000000000000000,36.000000000000000,0.0000000000000000
62.000000000000000,36.000000000000000,0.0000000000000000
63.000000000000000,36.000000000000000,0.0000000000000000
64.000000000000000,36.000000000000000,0.0000000000000000
65.000000000000000,36.000000000000000,0.0000000000000000
66.000000000000000,36.000000000000000,0.0000000000000000
67.000000000000000,36.000000000000000,0.0000000000000000
68.000000000000000,36.000000000000000,0.0000000000000000
69.000000000000000,36.000000000000000,0.0000000000000000
70.000000000000000,36.000000000000000,0.0000000000000000
71.000000000000000,36.000000000000000,0.0000000000000000
72.000000000000000,36.000000000000000,0.0000000000000000
73.000000000000000,36.000000000000000,0.0000000000000000
74.000000000000000,36.000000000000000,0.0000000000000000
75.000000000000000,36.000000000000000,0.0000000000000000
76.000000000000000,36.000000000000000,0.0000000000000000
77.000000000000000,36.000000000000000,0.0000000000000000
78.000000000000000,36.000000000000000,0.0000000000000000
79.000000000000000,36.000000000000000,0.0000000000000000
80.000000000000000,36.000000000000000,0.0000000000000000
81.000000000000000,36.000000000000000,0.0000000000000000
82.000000000000000,36.000000000000000,0.0000000000000000
83.000000000000000,36.000000000000000,0.0000000000000000
84.000000000000000,36.000000000000000,0.0000000000000000
85.000000000000000,36.000000000000000,0.0000000000000000
86.000000000000000,36.000000000000000,0.0000000000000000
87.000000000000000,36.000000000000000,0.0000000000000000
88.000000000000000,36.000000000000000,0.0000000000000000
89.000000000000000,36.000000000000000,0.0000000000000000
90.000000000000000,36.000000000000000,0.40000000596046448
91.000000000000000,36.000000000000000,0.40000000596046448
92.000000000000000,36.000000000000000,0.0000000000000000
93.000000000000000,36.000000000000000,0.0000000000000000
94.000000000000000,36.000000000000000,0.0000000000000000
95.000000000000000,36.000000000000000,0.0000000000000000
96.000000000000000,36.000000000000000,0.0000000000000000
97.000000000000000,36.000000000000000,0.0000000000000000
98.000000000000000,36.000000000000000,0.0000000000000000
99.000000000000000,36.000000000000000,0.0000000000000000
100.00000000000000,36.000000000000000,0.0000000000000000
101.00000000000000,36.000000000000000,0.0000000000000000
102.00000000000000,36.000000000000000,0.0000000000000000
103.00000000000000,36.000000000000000,0.0000000000000000
104.00000000000000,36.000000000000000,0.0000000000000000
105.00000000000000,36.000000000000000,0.0000000000000000
106.00000000000000,36.000000000000000,0.0000000000000000
107.00000000000000,36.000000000000000,0.0000000000000000
108.00000000000000,36.000000000000000,0.0000000000000000
109.00000000000000,36.000000000000000,0.0000000000000000
110.00000000000000,36.000000000000000,0.0000000000000000
111.00000000000000,36.000000000000000,0.0000000000000000
112.00000000000000,36.000000000000000,0.0000000000000000
113.00000000000000,36.000000000000000,0.0000000000000000
1.0000000000000000,37.000000000000000,0.0000000000000000
2.0000000000000000,37.000000000000000,0.0000000000000000
3.0000000000000000,37.000000000000000,0.0000000000000000
4.0000000000000000,37.000000000000000,0.0000000000000000
5.0000000000000000,37.000000000000000,0.0000000000000000
6.0000000000000000,37.000000000000000,0.0000000000000000
7.0000000000000000,37.000000000000000,0.0000000000000000
8.0000000000000000,37.000000000000000,0.0000000000000000
9.0000000000000000,37.000000000000000,0.0000000000000000
10.000000000000000,37.000000000000000,0.0000000000000000
11.000000000000000,37.000000000000000,0.0000000000000000
12.000000000000000,37.000000000000000,0.0000000000000000
13.000000000000000,37.000000000000000,0.0000000000000000
14.000000000000000,37.000000000000000,0.0000000000000000
15.000000000000000,37.000000000000000,0.0000000000000000
16.000000000000000,37.000000000000000,0.0000000000000000
17.000000000000000,37.000000000000000,0.0000000000000000
18.000000000000000,37.000000000000000,0.0000000000000000
19.000000000000000,37.000000000000000,0.0000000000000000
20.000000000000000,37.000000000000000,0.0000000000000000
21.000000000000000,37.000000000000000,0.0000000000000000
22.000000000000000,37.000000000000000,0.0000000000000000
23.000000000000000,37.000000000000000,0.0000000000000000
24.000000000000000,37.000000000000000,0.0000000000000000
25.000000000000000,37.000000000000000,0.0000000000000000
26.000000000000000,37.000000000000000,0.0000000000000000
27.000000000000000,37.000000000000000,0.0000000000000000
28.000000000000000,37.000000000000000,0.0000000000000000
29.000000000000000,37.000000000000000,0.0000000000000000
30.000000000000000,37.000000000000000,0.0000000000000000
31.000000000000000,37.000000000000000,0.0000000000000000
32.000000000000000,37.000000000000000,0.0000000000000000
33.000000000000000,37.000000000000000,0.0000000000000000
34.000000000000000,37.000000000000000,0.0000000000000000
35.000000000000000,37.000000000000000,0.0000000000000000
36.000000000000000,37.000000000000000,0.0000000000000000
37.000000000000000,37.000000000000000,0.0000000000000000
38.000000000000000,37.000000000000000,0.0000000000000000
39.000000000000000,37.000000000000000,0.0000000000000000
40.000000000000000,37.000000000000000,0.0000000000000000
41.000000000000000,37.000000000000000,0.0000000000000000
42.000000000000000,37.000000000000000,0.0000000000000000
43.000000000000000,37.000000000000000,0.0000000000000000
44.000000000000000,37.000000000000000,0.0000000000000000
45.000000000000000,37.000000000000000,0.0000000000000000
46.000000000000000,37.000000000000000,0.0000000000000000
47.000000000000000,37.000000000000000,0.0000000000000000
48.000000000000000,37.000000000000000,0.0000000000000000
49.000000000000000,37.000000000000000,0.0000000000000000
50.000000000000000,37.000000000000000,0.0000000000000000
51.000000000000000,37.000000000000000,0.0000000000000000
52.000000000000000,37.000000000000000,0.0000000000000000
53.000000000000000,37.000000000000000,0.0000000000000000
54.000000000000000,37.000000000000000,0.0000000000000000
55.000000000000000,37.000000000000000,0.0000000000000000
56.000000000000000,37.000000000000000,0.0000000000000000
57.000000000000000,37.000000000000000,0.0000000000000000
58.000000000000000,37.000000000000000,0.0000000000000000
59.000000000000000,37.000000000000000,0.0000000000000000
60.000000000000000,37.000000000000000,0.0000000000000000
61.000000000000000,37.000000000000000,0.0000000000000000
62.000000000000000,37.000000000000000,0.0000000000000000
63.000000000000000,37.000000000000000,0.0000000000000000
64.000000000000000,37.000000000000000,0.0000000000000000
65.000000000000000,37.000000000000000,0.0000000000000000
66.000000000000000,37.000000000000000,0.0000000000000000
67.000000000000000,37.000000000000000,0.0000000000000000
68.000000000000000,37.000000000000000,0.0000000000000000
69.000000000000000,37.000000000000000,0.0000000000000000
70.000000000000000,37.000000000000000,0.0000000000000000
71.000000000000000,37.000000000000000,0.0000000000000000
72.000000000000000,37.000000000000000,0.0000000000000000
73.000000000000000,37.000000000000000,0.0000000000000000
74.000000000000000,37.000000000000000,0.0000000000000000
75.000000000000000,37.000000000000000,0.0000000000000000
76.000000000000000,37.000000000000000,0.0000000000000000
77.000000000000000,37.000000000000000,0.0000000000000000
78.000000000000000,37.000000000000000,0.0000000000000000
79.000000000000000,37.000000000000000,0.0000000000000000
80.000000000000000,37.000000000000000,0.0000000000000000
81.000000000000000,37.000000000000000,0.0000000000000000
82.000000000000000,37.000000000000000,0.0000000000000000
83.000000000000000,37.000000000000000,0.0000000000000000
84.000000000000000,37.000000000000000,0.0000000000000000
85.000000000000000,37.000000000000000,0.0000000000000000
86.000000000000000,37.000000000000000,0.0000000000000000
87.000000000000000,37.000000000000000,0.0000000000000000
88.000000000000000,37.000000000000000,0.0000000000000000
89.000000000000000,37.000000000000000,0.0000000000000000
90.000000000000000,37.000000000000000,0.40000000596046448
91.000000000000000,37.000000000000000,0.40000000596046448
92.000000000000000,37.000000000000000,0.0000000000000000
93.000000000000000,37.000000000000000,0.0000000000000000
94.000000000000000,37.000000000000000,0.0000000000000000
95.000000000000000,37.000000000000000,0.0000000000000000
96.000000000000000,37.000000000000000,0.0000000000000000
97.000000000000000,37.000000000000000,0.0000000000000000
98.000000000000000,37.000000000000000,0.0000000000000000
99.000000000000000,37.000000000000000,0.0000000000000000
100.00000000000000,37.000000000000000,0.0000000000000000
101.00000000000000,37.000000000000000,0.0000000000000000
102.00000000000000,37.000000000000000,0.0000000000000000
103.00000000000000,37.000000000000000,0.0000000000000000
104.00000000000000,37.000000000000000,0.0000000000000000
105.00000000000000,37.000000000000000,0.0000000000000000
106.00000000000000,37.000000000000000,0.0000000000000000
107.00000000000000,37.000000000000000,0.0000000000000000
108.00000000000000,37.000000000000000,0.0000000000000000
109.00000000000000,37.000000000000000,0.0000000000000000
110.00000000000000,37.000000000000000,0.0000000000000000
111.00000000000000,37.000000000000000,0.0000000000000000
112.00000000000000,37.000000000000000,0.0000000000000000
113.00000000000000,37.000000000000000,0.0000000000000000
1.0000000000000000,38.000000000000000,0.0000000000000000
2.0000000000000000,38.000000000000000,0.0000000000000000
3.0000000000000000,38.000000000000000,0.0000000000000000
4.0000000000000000,38.000000000000000,0.0000000000000000
5.0000000000000000,38.000000000000000,0.0000000000000000
6.0000000000000000,38.000000000000000,0.0000000000000000
7.0000000000000000,38.000000000000000,0.0000000000000000
8.0000000000000000,38.000000000000000,0.0000000000000000
9.0000000000000000,38.000000000000000,0.0000000000000000
10.000000000000000,38.000000000000000,0.0000000000000000
11.000000000000000,38.000000000000000,0.0000000000000000
12.000000000000000,38.000000000000000,0.0000000000000000
13.000000000000000,38.000000000000000,0.0000000000000000
14.000000000000000,38.000000000000000,0.0000000000000000
15.000000000000000,38.000000000000000,0.0000000000000000
16.000000000000000,38.000000000000000,0.0000000000000000
17.000000000000000,38.000000000000000,0.0000000000000000
18.000000000000000,38.000000000000000,0.0000000000000000
19.000000000000000,38.000000000000000,0.0000000000000000
20.000000000000000,38.000000000000000,0.0000000000000000
21.000000000000000,38.000000000000000,0.0000000000000000
22.000000000000000,38.000000000000000,0.0000000000000000
23.000000000000000,38.000000000000000,0.0000000000000000
24.000000000000000,38.000000000000000,0.0000000000000000
25.000000000000000,38.000000000000000,0.0000000000000000
26.000000000000000,38.000000000000000,0.0000000000000000
27.000000000000000,38.000000000000000,0.0000000000000000
28.000000000000000,38.000000000000000,0.0000000000000000
29.000000000000000,38.000000000000000,0.0000000000000000
30.000000000000000,38.000000000000000,0.0000000000000000
31.000000000000000,38.000000000000000,0.0000000000000000
32.000000000000000,38.000000000000000,0.0000000000000000
33.000000000000000,38.000000000000000,0.0000000000000000
34.000000000000000,38.000000000000000,0.0000000000000000
35.000000000000000,38.000000000000000,0.0000000000000000
36.000000000000000,38.000000000000000,0.0000000000000000
37.000000000000000,38.000000000000000,0.0000000000000000
38.000000000000000,38.000000000000000,0.0000000000000000
39.000000000000000,38.000000000000000,0.0000000000000000
40.000000000000000,38.000000000000000,0.0000000000000000
41.000000000000000,38.000000000000000,0.0000000000000000
42.000000000000000,38.000000000000000,0.0000000000000000
43.000000000000000,38.000000000000000,0.0000000000000000
44.000000000000000,38.000000000000000,0.0000000000000000
45.000000000000000,38.000000000000000,0.0000000000000000
46.000000000000000,38.000000000000000,0.0000000000000000
47.000000000000000,38.000000000000000,0.0000000000000000
48.000000000000000,38.000000000000000,0.0000000000000000
49.000000000000000,38.000000000000000,0.0000000000000000
50.000000000000000,38.000000000000000,0.0000000000000000
51.000000000000000,38.000000000000000,0.0000000000000000
52.000000000000000,38.000000000000000,0.0000000000000000
53.000000000000000,38.000000000000000,0.0000000000000000
54.000000000000000,38.000000000000000,0.0000000000000000
55.000000000000000,38.000000000000000,0.0000000000000000
56.000000000000000,38.000000000000000,0.0000000000000000
57.000000000000000,38.000000000000000,0.0000000000000000
58.000000000000000,38.000000000000000,0.0000000000000000
59.000000000000000,38.000000000000000,0.0000000000000000
60.000000000000000,38.000000000000000,0.0000000000000000
61.000000000000000,38.000000000000000,0.0000000000000000
62.000000000000000,38.000000000000000,0.0000000000000000
63.000000000000000,38.000000000000000,0.0000000000000000
64.000000000000000,38.000000000000000,0.0000000000000000
65.000000000000000,38.000000000000000,0.0000000000000000
66.000000000000000,38.000000000000000,0.0000000000000000
67.000000000000000,38.000000000000000,0.0000000000000000
68.000000000000000,38.000000000000000,0.0000000000000000
69.000000000000000,38.000000000000000,0.0000000000000000
70.000000000000000,38.000000000000000,0.0000000000000000
71.000000000000000,38.000000000000000,0.0000000000000000
72.000000000000000,38.000000000000000,0.0000000000000000
73.000000000000000,38.000000000000000,0.0000000000000000
74.000000000000000,38.000000000000000,0.0000000000000000
75.000000000000000,38.000000000000000,0.0000000000000000
76.000000000000000,38.000000000000000,0.0000000000000000
77.000000000000000,38.000000000000000,0.0000000000000000
78.000000000000000,38.000000000000000,0.0000000000000000
79.000000000000000,38.000000000000000,0.0000000000000000
80.000000000000000,38.000000000000000,0.0000000000000000
81.000000000000000,38.000000000000000,0.0000000000000000
82.000000000000000,38.000000000000000,0.0000000000000000
83.000000000000000,38.000000000000000,0.0000000000000000
84.000000000000000,38.000000000000000,0.0000000000000000
85.000000000000000,38.000000000000000,0.0000000000000000
86.000000000000000,38.000000000000000,0.0000000000000000
87.000000000000000,38.000000000000000,0.0000000000000000
88.000000000000000,38.000000000000000,0.0000000000000000
89.000000000000000,38.000000000000000,0.0000000000000000
90.000000000000000,38.000000000000000,0.40000000596046448
91.000000000000000,38.000000000000000,0.40000000596046448
92.000000000000000,38.000000000000000,0.0000000000000000
93.000000000000000,38.000000000000000,0.0000000000000000
94.000000000000000,38.000000000000000,0.0000000000000000
95.000000000000000,38.000000000000000,0.0000000000000000
96.000000000000000,38.000000000000000,0.0000000000000000
97.000000000000000,38.000000000000000,0.0000000000000000
98.000000000000000,38.000000000000000,0.0000000000000000
99.000000000000000,38.000000000000000,0.0000000000000000
100.00000000000000,38.000000000000000,0.0000000000000000
101.00000000000000,38.000000000000000,0.0000000000000000
102.00000000000000,38.000000000000000,0.0000000000000000
103.00000000000000,38.000000000000000,0.0000000000000000
104.00000000000000,38.000000000000000,0.0000000000000000
105.00000000000000,38.000000000000000,0.0000000000000000
106.00000000000000,38.000000000000000,0.0000000000000000
107.00000000000000,38.000000000000000,0.0000000000000000
108.00000000000000,38.000000000000000,0.0000000000000000
109.00000000000000,38.000000000000000,0.0000000000000000
110.00000000000000,38.000000000000000,0.0000000000000000
111.00000000000000,38.000000000000000,0.0000000000000000
112.00000000000000,38.000000000000000,0.0000000000000000
113.00000000000000,38.000000000000000,0.0000000000000000
1.0000000000000000,39.000000000000000,0.0000000000000000
2.0000000000000000,39.000000000000000,0.0000000000000000
3.0000000000000000,39.000000000000000,0.0000000000000000
4.0000000000000000,39.000000000000000,0.0000000000000000
5.0000000000000000,39.000000000000000,0.0000000000000000
6.0000000000000000,39.000000000000000,0.0000000000000000
7.0000000000000000,39.000000000000000,0.0000000000000000
8.0000000000000000,39.000000000000000,0.0000000000000000
9.0000000000000000,39.000000000000000,0.0000000000000000
10.000000000000000,39.000000000000000,0.0000000000000000
11.000000000000000,39.000000000000000,0.0000000000000000
12.000000000000000,39.000000000000000,0.0000000000000000
13.000000000000000,39.000000000000000,0.0000000000000000
14.000000000000000,39.000000000000000,0.0000000000000000
15.000000000000000,39.000000000000000,0.0000000000000000
16.000000000000000,39.000000000000000,0.0000000000000000
17.000000000000000,39.000000000000000,0.0000000000000000
18.000000000000000,39.000000000000000,0.0000000000000000
19.000000000000000,39.000000000000000,0.0000000000000000
20.000000000000000,39.000000000000000,0.0000000000000000
21.000000000000000,39.000000000000000,0.0000000000000000
22.000000000000000,39.000000000000000,0.0000000000000000
23.000000000000000,39.000000000000000,0.0000000000000000
24.000000000000000,39.000000000000000,0.0000000000000000
25.000000000000000,39.000000000000000,0.0000000000000000
26.000000000000000,39.000000000000000,0.0000000000000000
27.000000000000000,39.000000000000000,0.0000000000000000
28.000000000000000,39.000000000000000,0.0000000000000000
29.000000000000000,39.000000000000000,0.0000000000000000
30.000000000000000,39.000000000000000,0.0000000000000000
31.000000000000000,39.000000000000000,0.0000000000000000
32.000000000000000,39.000000000000000,0.0000000000000000
33.000000000000000,39.000000000000000,0.0000000000000000
34.000000000000000,39.000000000000000,0.0000000000000000
35.000000000000000,39.000000000000000,0.0000000000000000
36.000000000000000,39.000000000000000,0.0000000000000000
37.000000000000000,39.000000000000000,0.0000000000000000
38.000000000000000,39.000000000000000,0.0000000000000000
39.000000000000000,39.000000000000000,0.0000000000000000
40.000000000000000,39.000000000000000,0.0000000000000000
41.000000000000000,39.000000000000000,0.0000000000000000
42.000000000000000,39.000000000000000,0.0000000000000000
43.000000000000000,39.000000000000000,0.0000000000000000
44.000000000000000,39.000000000000000,0.0000000000000000
45.000000000000000,39.000000000000000,0.0000000000000000
46.000000000000000,39.000000000000000,0.0000000000000000
47.000000000000000,39.000000000000000,0.0000000000000000
48.000000000000000,39.000000000000000,0.0000000000000000
49.000000000000000,39.000000000000000,0.0000000000000000
50.000000000000000,39.000000000000000,0.0000000000000000
51.000000000000000,39.000000000000000,0.0000000000000000
52.000000000000000,39.000000000000000,0.0000000000000000
53.000000000000000,39.000000000000000,0.0000000000000000
54.000000000000000,39.000000000000000,0.0000000000000000
55.000000000000000,39.000000000000000,0.0000000000000000
56.000000000000000,39.000000000000000,0.0000000000000000
57.000000000000000,39.000000000000000,0.0000000000000000
58.000000000000000,39.000000000000000,0.0000000000000000
59.000000000000000,39.000000000000000,0.0000000000000000
60.000000000000000,39.000000000000000,0.0000000000000000
61.000000000000000,39.000000000000000,0.0000000000000000
62.000000000000000,39.000000000000000,0.0000000000000000
63.000000000000000,39.000000000000000,0.0000000000000000
64.000000000000000,39.000000000000000,0.0000000000000000
65.000000000000000,39.000000000000000,0.0000000000000000
66.000000000000000,39.000000000000000,0.0000000000000000
67.000000000000000,39.000000000000000,0.0000000000000000
68.000000000000000,39.000000000000000,0.0000000000000000
69.000000000000000,39.000000000000000,0.0000000000000000
70.000000000000000,39.000000000000000,0.0000000000000000
71.000000000000000,39.000000000000000,0.0000000000000000
72.000000000000000,39.000000000000000,0.0000000000000000
73.000000000000000,39.000000000000000,0.0000000000000000
74.000000000000000,39.000000000000000,0.0000000000000000
75.000000000000000,39.000000000000000,0.0000000000000000
76.000000000000000,39.000000000000000,0.0000000000000000
77.000000000000000,39.000000000000000,0.0000000000000000
78.000000000000000,39.000000000000000,0.0000000000000000
79.000000000000000,39.000000000000000,0.0000000000000000
80.000000000000000,39.000000000000000,0.0000000000000000
81.000000000000000,39.000000000000000,0.0000000000000000
82.000000000000000,39.000000000000000,0.0000000000000000
83.000000000000000,39.000000000000000,0.0000000000000000
84.000000000000000,39.000000000000000,0.0000000000000000
85.000000000000000,39.000000000000000,0.0000000000000000
86.000000000000000,39.000000000000000,0.0000000000000000
87.000000000000000,39.000000000000000,0.0000000000000000
88.000000000000000,39.000000000000000,0.0000000000000000
89.000000000000000,39.000000000000000,0.0000000000000000
90.000000000000000,39.000000000000000,0.40000000596046448
91.000000000000000,39.000000000000000,0.40000000596046448
92.000000000000000,39.000000000000000,0.0000000000000000
93.000000000000000,39.000000000000000,0.0000000000000000
94.000000000000000,39.000000000000000,0.0000000000000000
95.000000000000000,39.000000000000000,0.0000000000000000
96.000000000000000,39.000000000000000,0.0000000000000000
97.000000000000000,39.000000000000000,0.0000000000000000
98.000000000000000,39.000000000000000,0.0000000000000000
99.000000000000000,39.000000000000000,0.0000000000000000
100.00000000000000,39.000000000000000,0.0000000000000000
101.00000000000000,39.000000000000000,0.0000000000000000
102.00000000000000,39.000000000000000,0.0000000000000000
103.00000000000000,39.000000000000000,0.0000000000000000
104.00000000000000,39.000000000000000,0.0000000000000000
105.00000000000000,39.000000000000000,0.0000000000000000
106.00000000000000,39.000000000000000,0.0000000000000000
107.00000000000000,39.000000000000000,0.0000000000000000
108.00000000000000,39.000000000000000,0.0000000000000000
109.00000000000000,39.000000000000000,0.0000000000000000
110.00000000000000,39.000000000000000,0.0000000000000000
111.00000000000000,39.000000000000000,0.0000000000000000
112.00000000000000,39.000000000000000,0.0000000000000000
113.00000000000000,39.000000000000000,0.0000000000000000
1.0000000000000000,40.000000000000000,0.0000000000000000
2.0000000000000000,40.000000000000000,0.0000000000000000
3.0000000000000000,40.000000000000000,0.0000000000000000
4.0000000000000000,40.000000000000000,0.0000000000000000
5.0000000000000000,40.000000000000000,0.0000000000000000
6.0000000000000000,40.000000000000000,0.0000000000000000
7.0000000000000000,40.000000000000000,0.0000000000000000
8.0000000000000000,40.000000000000000,0.0000000000000000
9.0000000000000000,40.000000000000000,0.0000000000000000
10.000000000000000,40.000000000000000,0.0000000000000000
11.000000000000000,40.000000000000000,0.0000000000000000
12.000000000000000,40.000000000000000,0.0000000000000000
13.000000000000000,40.000000000000000,0.0000000000000000
14.000000000000000,40.000000000000000,0.0000000000000000
15.000000000000000,40.000000000000000,0.0000000000000000
16.000000000000000,40.000000000000000,0.0000000000000000
17.000000000000000,40.000000000000000,0.0000000000000000
18.000000000000000,40.000000000000000,0.0000000000000000
19.000000000000000,40.000000000000000,0.0000000000000000
20.000000000000000,40.000000000000000,0.0000000000000000
21.000000000000000,40.000000000000000,0.0000000000000000
22.000000000000000,40.000000000000000,0.0000000000000000
23.000000000000000,40.000000000000000,0.0000000000000000
24.000000000000000,40.000000000000000,0.0000000000000000
25.000000000000000,40.000000000000000,0.0000000000000000
26.000000000000000,40.000000000000000,0.0000000000000000
27.000000000000000,40.000000000000000,0.0000000000000000
28.000000000000000,40.000000000000000,0.0000000000000000
29.000000000000000,40.000000000000000,0.0000000000000000
30.000000000000000,40.000000000000000,0.0000000000000000
31.000000000000000,40.000000000000000,0.0000000000000000
32.000000000000000,40.000000000000000,0.0000000000000000
33.000000000000000,40.000000000000000,0.0000000000000000
34.000000000000000,40.000000000000000,0.0000000000000000
35.000000000000000,40.000000000000000,0.0000000000000000
36.000000000000000,40.000000000000000,0.0000000000000000
37.000000000000000,40.000000000000000,0.0000000000000000
38.000000000000000,40.000000000000000,0.0000000000000000
39.000000000000000,40.000000000000000,0.0000000000000000
40.000000000000000,40.000000000000000,0.0000000000000000
41.000000000000000,40.000000000000000,0.0000000000000000
42.000000000000000,40.000000000000000,0.0000000000000000
43.000000000000000,40.000000000000000,0.0000000000000000
44.000000000000000,40.000000000000000,0.0000000000000000
45.000000000000000,40.000000000000000,0.0000000000000000
46.000000000000000,40.000000000000000,0.0000000000000000
47.000000000000000,40.000000000000000,0.0000000000000000
48.000000000000000,40.000000000000000,0.0000000000000000
49.000000000000000,40.000000000000000,0.0000000000000000
50.000000000000000,40.000000000000000,0.0000000000000000
51.000000000000000,40.000000000000000,0.0000000000000000
52.000000000000000,40.000000000000000,0.0000000000000000
53.000000000000000,40.000000000000000,0.0000000000000000
54.000000000000000,40.000000000000000,0.0000000000000000
55.000000000000000,40.000000000000000,0.0000000000000000
56.000000000000000,40.000000000000000,0.0000000000000000
57.000000000000000,40.000000000000000,0.0000000000000000
58.000000000000000,40.000000000000000,0.0000000000000000
59.000000000000000,40.000000000000000,0.0000000000000000
60.000000000000000,40.000000000000000,0.0000000000000000
61.000000000000000,40.000000000000000,0.0000000000000000
62.000000000000000,40.000000000000000,0.0000000000000000
63.000000000000000,40.000000000000000,0.0000000000000000
64.000000000000000,40.000000000000000,0.0000000000000000
65.000000000000000,40.000000000000000,0.0000000000000000
66.000000000000000,40.000000000000000,0.0000000000000000
67.000000000000000,40.000000000000000,0.0000000000000000
68.000000000000000,40.000000000000000,0.0000000000000000
69.000000000000000,40.000000000000000,0.0000000000000000
70.000000000000000,40.000000000000000,0.0000000000000000
71.000000000000000,40.000000000000000,0.0000000000000000
72.000000000000000,40.000000000000000,0.0000000000000000
73.000000000000000,40.000000000000000,0.0000000000000000
74.000000000000000,40.000000000000000,0.0000000000000000
75.000000000000000,40.000000000000000,0.0000000000000000
76.000000000000000,40.000000000000000,0.0000000000000000
77.000000000000000,40.000000000000000,0.0000000000000000
78.000000000000000,40.000000000000000,0.0000000000000000
79.000000000000000,40.000000000000000,0.0000000000000000
80.000000000000000,40.000000000000000,0.0000000000000000
81.000000000000000,40.000000000000000,0.0000000000000000
82.000000000000000,40.000000000000000,0.0000000000000000
83.000000000000000,40.000000000000000,0.0000000000000000
84.000000000000000,40.000000000000000,0.0000000000000000
85.000000000000000,40.000000000000000,0.0000000000000000
86.000000000000000,40.000000000000000,0.0000000000000000
87.000000000000000,40.000000000000000,0.0000000000000000
88.000000000000000,40.000000000000000,0.0000000000000000
89.000000000000000,40.000000000000000,0.0000000000000000
90.000000000000000,40.000000000000000,0.40000000596046448
91.000000000000000,40.000000000000000,0.40000000596046448
92.000000000000000,40.000000000000000,0.0000000000000000
93.000000000000000,40.000000000000000,0.0000000000000000
94.000000000000000,40.000000000000000,0.0000000000000000
95.000000000000000,40.000000000000000,0.0000000000000000
96.000000000000000,40.000000000000000,0.0000000000000000
97.000000000000000,40.000000000000000,0.0000000000000000
98.000000000000000,40.000000000000000,0.0000000000000000
99.000000000000000,40.000000000000000,0.0000000000000000
100.00000000000000,40.000000000000000,0.0000000000000000
101.00000000000000,40.000000000000000,0.0000000000000000
102.00000000000000,40.000000000000000,0.0000000000000000
103.00000000000000,40.000000000000000,0.0000000000000000
104.00000000000000,40.000000000000000,0.0000000000000000
105.00000000000000,40.000000000000000,0.0000000000000000
106.00000000000000,40.000000000000000,0.0000000000000000
107.00000000000000,40.000000000000000,0.0000000000000000
108.00000000000000,40.000000000000000,0.0000000000000000
109.00000000000000,40.000000000000000,0.0000000000000000
110.00000000000000,40.000000000000000,0.0000000000000000
111.00000000000000,40.000000000000000,0.0000000000000000
112.00000000000000,40.000000000000000,0.0000000000000000
113.00000000000000,40.000000000000000,0.0000000000000000
1.0000000000000000,41.000000000000000,0.0000000000000000
2.0000000000000000,41.000000000000000,0.0000000000000000
3.0000000000000000,41.000000000000000,0.0000000000000000
4.0000000000000000,41.000000000000000,0.0000000000000000
5.0000000000000000,41.000000000000000,0.0000000000000000
6.0000000000000000,41.000000000000000,0.0000000000000000
7.0000000000000000,41.000000000000000,0.0000000000000000
8.0000000000000000,41.000000000000000,0.0000000000000000
9.0000000000000000,41.000000000000000,0.0000000000000000
10.000000000000000,41.000000000000000,0.0000000000000000
11.000000000000000,41.000000000000000,0.0000000000000000
12.000000000000000,41.000000000000000,0.0000000000000000
13.000000000000000,41.000000000000000,0.0000000000000000
14.000000000000000,41.000000000000000,0.0000000000000000
15.000000000000000,41.000000000000000,0.0000000000000000
16.000000000000000,41.000000000000000,0.0000000000000000
17.000000000000000,41.000000000000000,0.0000000000000000
18.000000000000000,41.000000000000000,0.0000000000000000
19.000000000000000,41.000000000000000,0.0000000000000000
20.000000000000000,41.000000000000000,0.0000000000000000
21.000000000000000,41.000000000000000,0.0000000000000000
22.000000000000000,41.000000000000000,0.0000000000000000
23.000000000000000,41.000000000000000,0.0000000000000000
24.000000000000000,41.000000000000000,0.0000000000000000
25.000000000000000,41.000000000000000,0.0000000000000000
26.000000000000000,41.000000000000000,0.0000000000000000
27.000000000000000,41.000000000000000,0.0000000000000000
28.000000000000000,41.000000000000000,0.0000000000000000
29.000000000000000,41.000000000000000,0.0000000000000000
30.000000000000000,41.000000000000000,0.0000000000000000
31.000000000000000,41.000000000000000,0.0000000000000000
32.000000000000000,41.000000000000000,0.0000000000000000
33.000000000000000,41.000000000000000,0.0000000000000000
34.000000000000000,41.000000000000000,0.0000000000000000
35.000000000000000,41.000000000000000,0.0000000000000000
36.000000000000000,41.000000000000000,0.0000000000000000
37.000000000000000,41.000000000000000,0.0000000000000000
38.000000000000000,41.000000000000000,0.0000000000000000
39.000000000000000,41.000000000000000,0.0000000000000000
40.000000000000000,41.000000000000000,0.0000000000000000
41.000000000000000,41.000000000000000,0.0000000000000000
42.000000000000000,41.000000000000000,0.0000000000000000
43.000000000000000,41.000000000000000,0.0000000000000000
44.000000000000000,41.000000000000000,0.0000000000000000
45.000000000000000,41.000000000000000,0.0000000000000000
46.000000000000000,41.000000000000000,0.0000000000000000
47.000000000000000,41.000000000000000,0.0000000000000000
48.000000000000000,41.000000000000000,0.0000000000000000
49.000000000000000,41.000000000000000,0.0000000000000000
50.000000000000000,41.000000000000000,0.0000000000000000
51.000000000000000,41.000000000000000,0.0000000000000000
52.000000000000000,41.000000000000000,0.0000000000000000
53.000000000000000,41.000000000000000,0.0000000000000000
54.000000000000000,41.000000000000000,0.0000000000000000
55.000000000000000,41.000000000000000,0.0000000000000000
56.000000000000000,41.000000000000000,0.0000000000000000
57.000000000000000,41.000000000000000,0.0000000000000000
58.000000000000000,41.000000000000000,0.0000000000000000
59.000000000000000,41.000000000000000,0.0000000000000000
60.000000000000000,41.000000000000000,0.0000000000000000
61.000000000000000,41.000000000000000,0.0000000000000000
62.000000000000000,41.000000000000000,0.0000000000000000
63.000000000000000,41.000000000000000,0.0000000000000000
64.000000000000000,41.000000000000000,0.0000000000000000
65.000000000000000,41.000000000000000,0.0000000000000000
66.000000000000000,41.000000000000000,0.0000000000000000
67.000000000000000,41.000000000000000,0.0000000000000000
68.000000000000000,41.000000000000000,0.0000000000000000
69.000000000000000,41.000000000000000,0.0000000000000000
70.000000000000000,41.000000000000000,0.0000000000000000
71.000000000000000,41.000000000000000,0.0000000000000000
72.000000000000000,41.000000000000000,0.0000000000000000
73.000000000000000,41.000000000000000,0.0000000000000000
74.000000000000000,41.000000000000000,0.0000000000000000
75.000000000000000,41.000000000000000,0.0000000000000000
76.000000000000000,41.000000000000000,0.0000000000000000
77.000000000000000,41.000000000000000,0.0000000000000000
78.000000000000000,41.000000000000000,0.0000000000000000
79.000000000000000,41.000000000000000,0.0000000000000000
80.000000000000000,41.000000000000000,0.0000000000000000
81.000000000000000,41.000000000000000,0.0000000000000000
82.000000000000000,41.000000000000000,0.0000000000000000
83.000000000000000,41.000000000000000,0.0000000000000000
84.000000000000000,41.000000000000000,0.0000000000000000
85.000000000000000,41.000000000000000,0.0000000000000000
86.000000000000000,41.000000000000000,0.0000000000000000
87.000000000000000,41.000000000000000,0.0000000000000000
88.000000000000000,41.000000000000000,0.0000000000000000
89.000000000000000,41.000000000000000,0.0000000000000000
90.000000000000000,41.000000000000000,0.40000000596046448
91.000000000000000,41.000000000000000,0.40000000596046448
92.000000000000000,41.000000000000000,0.0000000000000000
93.000000000000000,41.000000000000000,0.0000000000000000
94.000000000000000,41.000000000000000,0.0000000000000000
95.000000000000000,41.000000000000000,0.0000000000000000
96.000000000000000,41.000000000000000,0.0000000000000000
97.000000000000000,41.000000000000000,0.0000000000000000
98.000000000000000,41.000000000000000,0.0000000000000000
99.000000000000000,41.000000000000000,0.0000000000000000
100.00000000000000,41.000000000000000,0.0000000000000000
101.00000000000000,41.000000000000000,0.0000000000000000
102.00000000000000,41.000000000000000,0.0000000000000000
103.00000000000000,41.000000000000000,0.0000000000000000
104.00000000000000,41.000000000000000,0.0000000000000000
105.00000000000000,41.000000000000000,0.0000000000000000
106.00000000000000,41.000000000000000,0.0000000000000000
107.00000000000000,41.000000000000000,0.0000000000000000
108.00000000000000,41.000000000000000,0.0000000000000000
109.00000000000000,41.000000000000000,0.0000000000000000
110.00000000000000,41.000000000000000,0.0000000000000000
111.00000000000000,41.000000000000000,0.0000000000000000
112.00000000000000,41.000000000000000,0.0000000000000000
113.00000000000000,41.000000000000000,0.0000000000000000
1.0000000000000000,42.000000000000000,0.0000000000000000
2.0000000000000000,42.000000000000000,0.0000000000000000
3.0000000000000000,42.000000000000000,0.0000000000000000
4.0000000000000000,42.000000000000000,0.0000000000000000
5.0000000000000000,42.000000000000000,0.0000000000000000
6.0000000000000000,42.000000000000000,0.0000000000000000
7.0000000000000000,42.000000000000000,0.0000000000000000
8.0000000000000000,42.000000000000000,0.0000000000000000
9.0000000000000000,42.000000000000000,0.0000000000000000
10.000000000000000,42.000000000000000,0.0000000000000000
11.000000000000000,42.000000000000000,0.0000000000000000
12.000000000000000,42.000000000000000,0.0000000000000000
13.000000000000000,42.000000000000000,0.0000000000000000
14.000000000000000,42.000000000000000,0.0000000000000000
15.000000000000000,42.000000000000000,0.0000000000000000
16.000000000000000,42.000000000000000,0.0000000000000000
17.000000000000000,42.000000000000000,0.0000000000000000
18.000000000000000,42.000000000000000,0.0000000000000000
19.000000000000000,42.000000000000000,0.0000000000000000
20.000000000000000,42.000000000000000,0.0000000000000000
21.000000000000000,42.000000000000000,0.0000000000000000
22.000000000000000,42.000000000000000,0.0000000000000000
23.000000000000000,42.000000000000000,0.0000000000000000
24.000000000000000,42.000000000000000,0.0000000000000000
25.000000000000000,42.000000000000000,0.0000000000000000
26.000000000000000,42.000000000000000,0.0000000000000000
27.000000000000000,42.000000000000000,0.0000000000000000
28.000000000000000,42.000000000000000,0.0000000000000000
29.000000000000000,42.000000000000000,0.0000000000000000
30.000000000000000,42.000000000000000,0.0000000000000000
31.000000000000000,42.000000000000000,0.0000000000000000
32.000000000000000,42.000000000000000,0.0000000000000000
33.000000000000000,42.000000000000000,0.0000000000000000
34.000000000000000,42.000000000000000,0.0000000000000000
35.000000000000000,42.000000000000000,0.0000000000000000
36.000000000000000,42.000000000000000,0.0000000000000000
37.000000000000000,42.000000000000000,0.0000000000000000
38.000000000000000,42.000000000000000,0.0000000000000000
39.000000000000000,42.000000000000000,0.0000000000000000
40.000000000000000,42.000000000000000,0.0000000000000000
41.000000000000000,42.000000000000000,0.0000000000000000
42.000000000000000,42.000000000000000,0.0000000000000000
43.000000000000000,42.000000000000000,0.0000000000000000
44.000000000000000,42.000000000000000,0.0000000000000000
45.000000000000000,42.000000000000000,0.0000000000000000
46.000000000000000,42.000000000000000,0.0000000000000000
47.000000000000000,42.000000000000000,0.0000000000000000
48.000000000000000,42.000000000000000,0.0000000000000000
49.000000000000000,42.000000000000000,0.0000000000000000
50.000000000000000,42.000000000000000,0.0000000000000000
51.000000000000000,42.000000000000000,0.0000000000000000
52.000000000000000,42.000000000000000,0.0000000000000000
53.000000000000000,42.000000000000000,0.0000000000000000
54.000000000000000,42.000000000000000,0.0000000000000000
55.000000000000000,42.000000000000000,0.0000000000000000
56.000000000000000,42.000000000000000,0.0000000000000000
57.000000000000000,42.000000000000000,0.0000000000000000
58.000000000000000,42.000000000000000,0.0000000000000000
59.000000000000000,42.000000000000000,0.0000000000000000
60.000000000000000,42.000000000000000,0.0000000000000000
61.000000000000000,42.000000000000000,0.0000000000000000
62.000000000000000,42.000000000000000,0.0000000000000000
63.000000000000000,42.000000000000000,0.0000000000000000
64.000000000000000,42.000000000000000,0.0000000000000000
65.000000000000000,42.000000000000000,0.0000000000000000
66.000000000000000,42.000000000000000,0.0000000000000000
67.000000000000000,42.000000000000000,0.0000000000000000
68.000000000000000,42.000000000000000,0.0000000000000000
69.000000000000000,42.000000000000000,0.0000000000000000
70.000000000000000,42.000000000000000,0.0000000000000000
71.000000000000000,42.000000000000000,0.0000000000000000
72.000000000000000,42.000000000000000,0.0000000000000000
73.000000000000000,42.000000000000000,0.0000000000000000
74.000000000000000,42.000000000000000,0.0000000000000000
75.000000000000000,42.000000000000000,0.0000000000000000
76.000000000000000,42.000000000000000,0.0000000000000000
77.000000000000000,42.000000000000000,0.0000000000000000
78.000000000000000,42.000000000000000,0.0000000000000000
79.000000000000000,42.000000000000000,0.0000000000000000
80.000000000000000,42.000000000000000,0.0000000000000000
81.000000000000000,42.000000000000000,0.0000000000000000
82.000000000000000,42.000000000000000,0.0000000000000000
83.000000000000000,42.000000000000000,0.0000000000000000
84.000000000000000,42.000000000000000,0.0000000000000000
85.000000000000000,42.000000000000000,0.0000000000000000
86.000000000000000,42.000000000000000,0.0000000000000000
87.000000000000000,42.000000000000000,0.0000000000000000
88.000000000000000,42.000000000000000,0.0000000000000000
89.000000000000000,42.000000000000000,0.0000000000000000
90.000000000000000,42.000000000000000,0.40000000596046448
91.000000000000000,42.000000000000000,0.40000000596046448
92.000000000000000,42.000000000000000,0.0000000000000000
93.000000000000000,42.000000000000000,0.0000000000000000
94.000000000000000,42.000000000000000,0.0000000000000000
95.000000000000000,42.000000000000000,0.0000000000000000
96.000000000000000,42.000000000000000,0.0000000000000000
97.000000000000000,42.000000000000000,0.0000000000000000
98.000000000000000,42.000000000000000,0.0000000000000000
99.000000000000000,42.000000000000000,0.0000000000000000
100.00000000000000,42.000000000000000,0.0000000000000000
101.00000000000000,42.000000000000000,0.0000000000000000
102.00000000000000,42.000000000000000,0.0000000000000000
103.00000000000000,42.000000000000000,0.0000000000000000
104.00000000000000,42.000000000000000,0.0000000000000000
105.00000000000000,42.000000000000000,0.0000000000000000
106.00000000000000,42.000000000000000,0.0000000000000000
107.00000000000000,42.000000000000000,0.0000000000000000
108.00000000000000,42.000000000000000,0.0000000000000000
109.00000000000000,42.000000000000000,0.0000000000000000
110.00000000000000,42.000000000000000,0.0000000000000000
111.00000000000000,42.000000000000000,0.0000000000000000
112.00000000000000,42.000000000000000,0.0000000000000000
113.00000000000000,42.000000000000000,0.0000000000000000
1.0000000000000000,43.000000000000000,0.0000000000000000
2.0000000000000000,43.000000000000000,0.0000000000000000
3.0000000000000000,43.000000000000000,0.0000000000000000
4.0000000000000000,43.000000000000000,0.0000000000000000
5.0000000000000000,43.000000000000000,0.0000000000000000
6.0000000000000000,43.000000000000000,0.0000000000000000
7.0000000000000000,43.000000000000000,0.0000000000000000
8.0000000000000000,43.000000000000000,0.0000000000000000
9.0000000000000000,43.000000000000000,0.0000000000000000
10.000000000000000,43.000000000000000,0.0000000000000000
11.000000000000000,43.000000000000000,0.0000000000000000
12.000000000000000,43.000000000000000,0.0000000000000000
13.000000000000000,43.000000000000000,0.0000000000000000
14.000000000000000,43.000000000000000,0.0000000000000000
15.000000000000000,43.000000000000000,0.0000000000000000
16.000000000000000,43.000000000000000,0.0000000000000000
17.000000000000000,43.000000000000000,0.0000000000000000
18.000000000000000,43.000000000000000,0.0000000000000000
19.000000000000000,43.000000000000000,0.0000000000000000
20.000000000000000,43.000000000000000,0.0000000000000000
21.000000000000000,43.000000000000000,0.0000000000000000
22.000000000000000,43.000000000000000,0.0000000000000000
23.000000000000000,43.000000000000000,0.0000000000000000
24.000000000000000,43.000000000000000,0.0000000000000000
25.000000000000000,43.000000000000000,0.0000000000000000
26.000000000000000,43.000000000000000,0.0000000000000000
27.000000000000000,43.000000000000000,0.0000000000000000
28.000000000000000,43.000000000000000,0.0000000000000000
29.000000000000000,43.000000000000000,0.0000000000000000
30.000000000000000,43.000000000000000,0.0000000000000000
31.000000000000000,43.000000000000000,0.0000000000000000
32.000000000000000,43.000000000000000,0.0000000000000000
33.000000000000000,43.000000000000000,0.0000000000000000
34.000000000000000,43.000000000000000,0.0000000000000000
35.000000000000000,43.000000000000000,0.0000000000000000
36.000000000000000,43.000000000000000,0.0000000000000000
37.000000000000000,43.000000000000000,0.0000000000000000
38.000000000000000,43.000000000000000,0.0000000000000000
39.000000000000000,43.000000000000000,0.0000000000000000
40.000000000000000,43.000000000000000,0.0000000000000000
41.000000000000000,43.000000000000000,0.0000000000000000
42.000000000000000,43.000000000000000,0.0000000000000000
43.000000000000000,43.000000000000000,0.0000000000000000
44.000000000000000,43.000000000000000,0.0000000000000000
45.000000000000000,43.000000000000000,0.0000000000000000
46.000000000000000,43.000000000000000,0.0000000000000000
47.000000000000000,43.000000000000000,0.0000000000000000
48.000000000000000,43.000000000000000,0.0000000000000000
49.000000000000000,43.000000000000000,0.0000000000000000
50.000000000000000,43.000000000000000,0.0000000000000000
51.000000000000000,43.000000000000000,0.0000000000000000
52.000000000000000,43.000000000000000,0.0000000000000000
53.000000000000000,43.000000000000000,0.0000000000000000
54.000000000000000,43.000000000000000,0.0000000000000000
55.000000000000000,43.000000000000000,0.0000000000000000
56.000000000000000,43.000000000000000,0.0000000000000000
57.000000000000000,43.000000000000000,0.0000000000000000
58.000000000000000,43.000000000000000,0.0000000000000000
59.000000000000000,43.000000000000000,0.0000000000000000
60.000000000000000,43.000000000000000,0.0000000000000000
61.000000000000000,43.000000000000000,0.0000000000000000
62.000000000000000,43.000000000000000,0.0000000000000000
63.000000000000000,43.000000000000000,0.0000000000000000
64.000000000000000,43.000000000000000,0.0000000000000000
65.000000000000000,43.000000000000000,0.0000000000000000
66.000000000000000,43.000000000000000,0.0000000000000000
67.000000000000000,43.000000000000000,0.0000000000000000
68.000000000000000,43.000000000000000,0.0000000000000000
69.000000000000000,43.000000000000000,0.0000000000000000
70.000000000000000,43.000000000000000,0.0000000000000000
71.000000000000000,43.000000000000000,0.0000000000000000
72.000000000000000,43.000000000000000,0.0000000000000000
73.000000000000000,43.000000000000000,0.0000000000000000
74.000000000000000,43.000000000000000,0.0000000000000000
75.000000000000000,43.000000000000000,0.0000000000000000
76.000000000000000,43.000000000000000,0.0000000000000000
77.000000000000000,43.000000000000000,0.0000000000000000
78.000000000000000,43.000000000000000,0.0000000000000000
79.000000000000000,43.000000000000000,0.0000000000000000
80.000000000000000,43.000000000000000,0.0000000000000000
81.000000000000000,43.000000000000000,0.0000000000000000
82.000000000000000,43.000000000000000,0.0000000000000000
83.000000000000000,43.000000000000000,0.0000000000000000
84.000000000000000,43.000000000000000,0.0000000000000000
85.000000000000000,43.000000000000000,0.0000000000000000
86.000000000000000,43.000000000000000,0.0000000000000000
87.000000000000000,43.000000000000000,0.0000000000000000
88.000000000000000,43.000000000000000,0.0000000000000000
89.000000000000000,43.000000000000000,0.0000000000000000
90.000000000000000,43.000000000000000,0.40000000596046448
91.000000000000000,43.000000000000000,0.0000000000000000
92.000000000000000,43.000000000000000,0.0000000000000000
93.000000000000000,43.000000000000000,0.0000000000000000
94.000000000000000,43.000000000000000,0.0000000000000000
95.000000000000000,43.000000000000000,0.0000000000000000
96.000000000000000,43.000000000000000,0.0000000000000000
97.000000000000000,43.000000000000000,0.0000000000000000
98.000000000000000,43.000000000000000,0.0000000000000000
99.000000000000000,43.000000000000000,0.0000000000000000
100.00000000000000,43.000000000000000,0.0000000000000000
101.00000000000000,43.000000000000000,0.0000000000000000
102.00000000000000,43.000000000000000,0.0000000000000000
103.00000000000000,43.000000000000000,0.0000000000000000
104.00000000000000,43.000000000000000,0.0000000000000000
105.00000000000000,43.000000000000000,0.0000000000000000
106.00000000000000,43.000000000000000,0.0000000000000000
107.00000000000000,43.000000000000000,0.0000000000000000
108.00000000000000,43.000000000000000,0.0000000000000000
109.00000000000000,43.000000000000000,0.0000000000000000
110.00000000000000,43.000000000000000,0.0000000000000000
111.00000000000000,43.000000000000000,0.0000000000000000
112.00000000000000,43.000000000000000,0.0000000000000000
113.00000000000000,43.000000000000000,0.0000000000000000
1.0000000000000000,44.000000000000000,0.0000000000000000
2.0000000000000000,44.000000000000000,0.0000000000000000
3.0000000000000000,44.000000000000000,0.0000000000000000
4.0000000000000000,44.000000000000000,0.0000000000000000
5.0000000000000000,44.000000000000000,0.0000000000000000
6.0000000000000000,44.000000000000000,0.0000000000000000
7.0000000000000000,44.000000000000000,0.0000000000000000
8.0000000000000000,44.000000000000000,0.0000000000000000
9.0000000000000000,44.000000000000000,0.0000000000000000
10.000000000000000,44.000000000000000,0.0000000000000000
11.000000000000000,44.000000000000000,0.0000000000000000
12.000000000000000,44.000000000000000,0.0000000000000000
13.000000000000000,44.000000000000000,0.0000000000000000
14.000000000000000,44.000000000000000,0.0000000000000000
15.000000000000000,44.000000000000000,0.0000000000000000
16.000000000000000,44.000000000000000,0.0000000000000000
17.000000000000000,44.000000000000000,0.0000000000000000
18.000000000000000,44.000000000000000,0.0000000000000000
19.000000000000000,44.000000000000000,0.0000000000000000
20.000000000000000,44.000000000000000,0.0000000000000000
21.000000000000000,44.000000000000000,0.0000000000000000
22.000000000000000,44.000000000000000,0.0000000000000000
23.000000000000000,44.000000000000000,0.0000000000000000
24.000000000000000,44.000000000000000,0.0000000000000000
25.000000000000000,44.000000000000000,0.0000000000000000
26.000000000000000,44.000000000000000,0.0000000000000000
27.000000000000000,44.000000000000000,0.0000000000000000
28.000000000000000,44.000000000000000,0.0000000000000000
29.000000000000000,44.000000000000000,0.0000000000000000
30.000000000000000,44.000000000000000,0.0000000000000000
31.000000000000000,44.000000000000000,0.0000000000000000
32.000000000000000,44.000000000000000,0.0000000000000000
33.000000000000000,44.000000000000000,0.0000000000000000
34.000000000000000,44.000000000000000,0.0000000000000000
35.000000000000000,44.000000000000000,0.0000000000000000
36.000000000000000,44.000000000000000,0.0000000000000000
37.000000000000000,44.000000000000000,0.0000000000000000
38.000000000000000,44.000000000000000,0.0000000000000000
39.000000000000000,44.000000000000000,0.0000000000000000
40.000000000000000,44.000000000000000,0.0000000000000000
41.000000000000000,44.000000000000000,0.0000000000000000
42.000000000000000,44.000000000000000,0.0000000000000000
43.000000000000000,44.000000000000000,0.0000000000000000
44.000000000000000,44.000000000000000,0.0000000000000000
45.000000000000000,44.000000000000000,0.0000000000000000
46.000000000000000,44.000000000000000,0.0000000000000000
47.000000000000000,44.000000000000000,0.0000000000000000
48.000000000000000,44.000000000000000,0.0000000000000000
49.000000000000000,44.000000000000000,0.0000000000000000
50.000000000000000,44.000000000000000,0.0000000000000000
51.000000000000000,44.000000000000000,0.0000000000000000
52.000000000000000,44.000000000000000,0.0000000000000000
53.000000000000000,44.000000000000000,0.0000000000000000
54.000000000000000,44.000000000000000,0.0000000000000000
55.000000000000000,44.000000000000000,0.0000000000000000
56.000000000000000,44.000000000000000,0.0000000000000000
57.000000000000000,44.000000000000000,0.0000000000000000
58.000000000000000,44.000000000000000,0.0000000000000000
59.000000000000000,44.000000000000000,0.0000000000000000
60.000000000000000,44.000000000000000,0.0000000000000000
61.000000000000000,44.000000000000000,0.0000000000000000
62.000000000000000,44.000000000000000,0.0000000000000000
63.000000000000000,44.000000000000000,0.0000000000000000
64.000000000000000,44.000000000000000,0.0000000000000000
65.000000000000000,44.000000000000000,0.0000000000000000
66.000000000000000,44.000000000000000,0.0000000000000000
67.000000000000000,44.000000000000000,0.0000000000000000
68.000000000000000,44.000000000000000,0.0000000000000000
69.000000000000000,44.000000000000000,0.0000000000000000
70.000000000000000,44.000000000000000,0.0000000000000000
71.000000000000000,44.000000000000000,0.0000000000000000
72.000000000000000,44.000000000000000,0.0000000000000000
73.000000000000000,44.000000000000000,0.0000000000000000
74.000000000000000,44.000000000000000,0.0000000000000000
75.000000000000000,44.000000000000000,0.0000000000000000
76.000000000000000,44.000000000000000,0.0000000000000000
77.000000000000000,44.000000000000000,0.0000000000000000
78.000000000000000,44.000000000000000,0.0000000000000000
79.000000000000000,44.000000000000000,0.0000000000000000
80.000000000000000,44.000000000000000,0.0000000000000000
81.000000000000000,44.000000000000000,0.0000000000000000
82.000000000000000,44.000000000000000,0.0000000000000000
83.000000000000000,44.000000000000000,0.0000000000000000
84.000000000000000,44.000000000000000,0.0000000000000000
85.000000000000000,44.000000000000000,0.0000000000000000
86.000000000000000,44.000000000000000,0.0000000000000000
87.000000000000000,44.000000000000000,0.0000000000000000
88.000000000000000,44.000000000000000,0.0000000000000000
89.000000000000000,44.000000000000000,0.0000000000000000
90.000000000000000,44.000000000000000,0.40000000596046448
91.000000000000000,44.000000000000000,0.0000000000000000
92.000000000000000,44.000000000000000,0.0000000000000000
93.000000000000000,44.000000000000000,0.0000000000000000
94.000000000000000,44.000000000000000,0.0000000000000000
95.000000000000000,44.000000000000000,0.0000000000000000
96.000000000000000,44.000000000000000,0.0000000000000000
97.000000000000000,44.000000000000000,0.0000000000000000
98.000000000000000,44.000000000000000,0.0000000000000000
99.000000000000000,44.000000000000000,0.0000000000000000
100.00000000000000,44.000000000000000,0.0000000000000000
101.00000000000000,44.000000000000000,0.0000000000000000
102.00000000000000,44.000000000000000,0.0000000000000000
103.00000000000000,44.000000000000000,0.0000000000000000
104.00000000000000,44.000000000000000,0.0000000000000000
105.00000000000000,44.000000000000000,0.0000000000000000
106.00000000000000,44.000000000000000,0.0000000000000000
107.00000000000000,44.000000000000000,0.0000000000000000
108.00000000000000,44.000000000000000,0.0000000000000000
109.00000000000000,44.000000000000000,0.0000000000000000
110.00000000000000,44.000000000000000,0.0000000000000000
111.00000000000000,44.000000000000000,0.0000000000000000
112.00000000000000,44.000000000000000,0.0000000000000000
113.00000000000000,44.000000000000000,0.0000000000000000
1.0000000000000000,45.000000000000000,0.0000000000000000
2.0000000000000000,45.000000000000000,0.0000000000000000
3.0000000000000000,45.000000000000000,0.0000000000000000
4.0000000000000000,45.000000000000000,0.0000000000000000
5.0000000000000000,45.000000000000000,0.0000000000000000
6.0000000000000000,45.000000000000000,0.0000000000000000
7.0000000000000000,45.000000000000000,0.0000000000000000
8.0000000000000000,45.000000000000000,0.0000000000000000
9.0000000000000000,45.000000000000000,0.0000000000000000
10.000000000000000,45.000000000000000,0.0000000000000000
11.000000000000000,45.000000000000000,0.0000000000000000
12.000000000000000,45.000000000000000,0.0000000000000000
13.000000000000000,45.000000000000000,0.0000000000000000
14.000000000000000,45.000000000000000,0.0000000000000000
15.000000000000000,45.000000000000000,0.0000000000000000
16.000000000000000,45.000000000000000,0.0000000000000000
17.000000000000000,45.000000000000000,0.0000000000000000
18.000000000000000,45.000000000000000,0.0000000000000000
19.000000000000000,45.000000000000000,0.0000000000000000
20.000000000000000,45.000000000000000,0.0000000000000000
21.000000000000000,45.000000000000000,0.0000000000000000
22.000000000000000,45.000000000000000,0.0000000000000000
23.000000000000000,45.000000000000000,0.0000000000000000
24.000000000000000,45.000000000000000,0.0000000000000000
25.000000000000000,45.000000000000000,0.0000000000000000
26.000000000000000,45.000000000000000,0.0000000000000000
27.000000000000000,45.000000000000000,0.0000000000000000
28.000000000000000,45.000000000000000,0.0000000000000000
29.000000000000000,45.000000000000000,0.0000000000000000
30.000000000000000,45.000000000000000,0.0000000000000000
31.000000000000000,45.000000000000000,0.0000000000000000
32.000000000000000,45.000000000000000,0.0000000000000000
33.000000000000000,45.000000000000000,0.0000000000000000
34.000000000000000,45.000000000000000,0.0000000000000000
35.000000000000000,45.000000000000000,0.0000000000000000
36.000000000000000,45.000000000000000,0.0000000000000000
37.000000000000000,45.000000000000000,0.0000000000000000
38.000000000000000,45.000000000000000,0.0000000000000000
39.000000000000000,45.000000000000000,0.0000000000000000
40.000000000000000,45.000000000000000,0.0000000000000000
41.000000000000000,45.000000000000000,0.0000000000000000
42.000000000000000,45.000000000000000,0.0000000000000000
43.000000000000000,45.000000000000000,0.0000000000000000
44.000000000000000,45.000000000000000,0.0000000000000000
45.000000000000000,45.000000000000000,0.0000000000000000
46.000000000000000,45.000000000000000,0.0000000000000000
47.000000000000000,45.000000000000000,0.0000000000000000
48.000000000000000,45.000000000000000,0.0000000000000000
49.000000000000000,45.000000000000000,0.0000000000000000
50.000000000000000,45.000000000000000,0.0000000000000000
51.000000000000000,45.000000000000000,0.0000000000000000
52.000000000000000,45.000000000000000,0.0000000000000000
53.000000000000000,45.000000000000000,0.0000000000000000
54.000000000000000,45.000000000000000,0.0000000000000000
55.000000000000000,45.000000000000000,0.0000000000000000
56.000000000000000,45.000000000000000,0.0000000000000000
57.000000000000000,45.000000000000000,0.0000000000000000
58.000000000000000,45.000000000000000,0.0000000000000000
59.000000000000000,45.000000000000000,0.0000000000000000
60.000000000000000,45.000000000000000,0.0000000000000000
61.000000000000000,45.000000000000000,0.0000000000000000
62.000000000000000,45.000000000000000,0.0000000000000000
63.000000000000000,45.000000000000000,0.0000000000000000
64.000000000000000,45.000000000000000,0.0000000000000000
65.000000000000000,45.000000000000000,0.0000000000000000
66.000000000000000,45.000000000000000,0.0000000000000000
67.000000000000000,45.000000000000000,0.0000000000000000
68.000000000000000,45.000000000000000,0.0000000000000000
69.000000000000000,45.000000000000000,0.0000000000000000
70.000000000000000,45.000000000000000,0.0000000000000000
71.000000000000000,45.000000000000000,0.0000000000000000
72.000000000000000,45.000000000000000,0.0000000000000000
73.000000000000000,45.000000000000000,0.0000000000000000
74.000000000000000,45.000000000000000,0.0000000000000000
75.000000000000000,45.000000000000000,0.0000000000000000
76.000000000000000,45.000000000000000,0.0000000000000000
77.000000000000000,45.000000000000000,0.0000000000000000
78.000000000000000,45.000000000000000,0.0000000000000000
79.000000000000000,45.000000000000000,0.0000000000000000
80.000000000000000,45.000000000000000,0.0000000000000000
81.000000000000000,45.000000000000000,0.0000000000000000
82.000000000000000,45.000000000000000,0.0000000000000000
83.000000000000000,45.000000000000000,0.0000000000000000
84.000000000000000,45.000000000000000,0.0000000000000000
85.000000000000000,45.000000000000000,0.0000000000000000
86.000000000000000,45.000000000000000,0.0000000000000000
87.000000000000000,45.000000000000000,0.0000000000000000
88.000000000000000,45.000000000000000,0.0000000000000000
89.000000000000000,45.000000000000000,0.0000000000000000
90.000000000000000,45.000000000000000,0.40000000596046448
91.000000000000000,45.000000000000000,0.0000000000000000
92.000000000000000,45.000000000000000,0.0000000000000000
93.000000000000000,45.000000000000000,0.0000000000000000
94.000000000000000,45.000000000000000,0.0000000000000000
95.000000000000000,45.000000000000000,0.0000000000000000
96.000000000000000,45.000000000000000,0.0000000000000000
97.000000000000000,45.000000000000000,0.0000000000000000
98.000000000000000,45.000000000000000,0.0000000000000000
99.000000000000000,45.000000000000000,0.0000000000000000
100.00000000000000,45.000000000000000,0.0000000000000000
101.00000000000000,45.000000000000000,0.0000000000000000
102.00000000000000,45.000000000000000,0.0000000000000000
103.00000000000000,45.000000000000000,0.0000000000000000
104.00000000000000,45.000000000000000,0.0000000000000000
105.00000000000000,45.000000000000000,0.0000000000000000
106.00000000000000,45.000000000000000,0.0000000000000000
107.00000000000000,45.000000000000000,0.0000000000000000
108.00000000000000,45.000000000000000,0.0000000000000000
109.00000000000000,45.000000000000000,0.0000000000000000
110.00000000000000,45.000000000000000,0.0000000000000000
111.00000000000000,45.000000000000000,0.0000000000000000
112.00000000000000,45.000000000000000,0.0000000000000000
113.00000000000000,45.000000000000000,0.0000000000000000
1.0000000000000000,46.000000000000000,0.0000000000000000
2.0000000000000000,46.000000000000000,0.0000000000000000
3.0000000000000000,46.000000000000000,0.0000000000000000
4.0000000000000000,46.000000000000000,0.0000000000000000
5.0000000000000000,46.000000000000000,0.0000000000000000
6.0000000000000000,46.000000000000000,0.0000000000000000
7.0000000000000000,46.000000000000000,0.0000000000000000
8.0000000000000000,46.000000000000000,0.0000000000000000
9.0000000000000000,46.000000000000000,0.0000000000000000
10.000000000000000,46.000000000000000,0.0000000000000000
11.000000000000000,46.000000000000000,0.0000000000000000
12.000000000000000,46.000000000000000,0.0000000000000000
13.000000000000000,46.000000000000000,0.0000000000000000
14.000000000000000,46.000000000000000,0.0000000000000000
15.000000000000000,46.000000000000000,0.0000000000000000
16.000000000000000,46.000000000000000,0.0000000000000000
17.000000000000000,46.000000000000000,0.0000000000000000
18.000000000000000,46.000000000000000,0.0000000000000000
19.000000000000000,46.000000000000000,0.0000000000000000
20.000000000000000,46.000000000000000,0.0000000000000000
21.000000000000000,46.000000000000000,0.0000000000000000
22.000000000000000,46.000000000000000,0.0000000000000000
23.000000000000000,46.000000000000000,0.0000000000000000
24.000000000000000,46.000000000000000,0.0000000000000000
25.000000000000000,46.000000000000000,0.0000000000000000
26.000000000000000,46.000000000000000,0.0000000000000000
27.000000000000000,46.000000000000000,0.0000000000000000
28.000000000000000,46.000000000000000,0.0000000000000000
29.000000000000000,46.000000000000000,0.0000000000000000
30.000000000000000,46.000000000000000,0.0000000000000000
31.000000000000000,46.000000000000000,0.0000000000000000
32.000000000000000,46.000000000000000,0.0000000000000000
33.000000000000000,46.000000000000000,0.0000000000000000
34.000000000000000,46.000000000000000,0.0000000000000000
35.000000000000000,46.000000000000000,0.0000000000000000
36.000000000000000,46.000000000000000,0.0000000000000000
37.000000000000000,46.000000000000000,0.0000000000000000
38.000000000000000,46.000000000000000,0.0000000000000000
39.000000000000000,46.000000000000000,0.0000000000000000
40.000000000000000,46.000000000000000,0.0000000000000000
41.000000000000000,46.000000000000000,0.0000000000000000
42.000000000000000,46.000000000000000,0.0000000000000000
43.000000000000000,46.000000000000000,0.0000000000000000
44.000000000000000,46.000000000000000,0.0000000000000000
45.000000000000000,46.000000000000000,0.0000000000000000
46.000000000000000,46.000000000000000,0.0000000000000000
47.000000000000000,46.000000000000000,0.0000000000000000
48.000000000000000,46.000000000000000,0.0000000000000000
49.000000000000000,46.000000000000000,0.0000000000000000
50.000000000000000,46.000000000000000,0.0000000000000000
51.000000000000000,46.000000000000000,0.0000000000000000
52.000000000000000,46.000000000000000,0.0000000000000000
53.000000000000000,46.000000000000000,0.0000000000000000
54.000000000000000,46.000000000000000,0.0000000000000000
55.000000000000000,46.000000000000000,0.0000000000000000
56.000000000000000,46.000000000000000,0.0000000000000000
57.000000000000000,46.000000000000000,0.0000000000000000
58.000000000000000,46.000000000000000,0.0000000000000000
59.000000000000000,46.000000000000000,0.0000000000000000
60.000000000000000,46.000000000000000,0.0000000000000000
61.000000000000000,46.000000000000000,0.0000000000000000
62.000000000000000,46.000000000000000,0.0000000000000000
63.000000000000000,46.000000000000000,0.0000000000000000
64.000000000000000,46.000000000000000,0.0000000000000000
65.000000000000000,46.000000000000000,0.0000000000000000
66.000000000000000,46.000000000000000,0.0000000000000000
67.000000000000000,46.000000000000000,0.0000000000000000
68.000000000000000,46.000000000000000,0.0000000000000000
69.000000000000000,46.000000000000000,0.0000000000000000
70.000000000000000,46.000000000000000,0.0000000000000000
71.000000000000000,46.000000000000000,0.0000000000000000
72.000000000000000,46.000000000000000,0.0000000000000000
73.000000000000000,46.000000000000000,0.0000000000000000
74.000000000000000,46.000000000000000,0.0000000000000000
75.000000000000000,46.000000000000000,0.0000000000000000
76.000000000000000,46.000000000000000,0.0000000000000000
77.000000000000000,46.000000000000000,0.0000000000000000
78.000000000000000,46.000000000000000,0.0000000000000000
79.000000000000000,46.000000000000000,0.0000000000000000
80.000000000000000,46.000000000000000,0.0000000000000000
81.000000000000000,46.000000000000000,0.0000000000000000
82.000000000000000,46.000000000000000,0.0000000000000000
83.000000000000000,46.000000000000000,0.0000000000000000
84.000000000000000,46.000000000000000,0.0000000000000000
85.000000000000000,46.000000000000000,0.0000000000000000
86.000000000000000,46.000000000000000,0.0000000000000000
87.000000000000000,46.000000000000000,0.0000000000000000
88.000000000000000,46.000000000000000,0.0000000000000000
89.000000000000000,46.000000000000000,0.0000000000000000
90.000000000000000,46.000000000000000,0.40000000596046448
91.000000000000000,46.000000000000000,0.0000000000000000
92.000000000000000,46.000000000000000,0.0000000000000000
93.000000000000000,46.000000000000000,0.0000000000000000
94.000000000000000,46.000000000000000,0.0000000000000000
95.000000000000000,46.000000000000000,0.0000000000000000
96.000000000000000,46.000000000000000,0.0000000000000000
97.000000000000000,46.000000000000000,0.0000000000000000
98.000000000000000,46.000000000000000,0.0000000000000000
99.000000000000000,46.000000000000000,0.0000000000000000
100.00000000000000,46.000000000000000,0.0000000000000000
101.00000000000000,46.000000000000000,0.0000000000000000
102.00000000000000,46.000000000000000,0.0000000000000000
103.00000000000000,46.000000000000000,0.0000000000000000
104.00000000000000,46.000000000000000,0.0000000000000000
105.00000000000000,46.000000000000000,0.0000000000000000
106.00000000000000,46.000000000000000,0.0000000000000000
107.00000000000000,46.000000000000000,0.0000000000000000
108.00000000000000,46.000000000000000,0.0000000000000000
109.00000000000000,46.000000000000000,0.0000000000000000
110.00000000000000,46.000000000000000,0.0000000000000000
111.00000000000000,46.000000000000000,0.0000000000000000
112.00000000000000,46.000000000000000,0.0000000000000000
113.00000000000000,46.000000000000000,0.0000000000000000
1.0000000000000000,47.000000000000000,0.0000000000000000
2.0000000000000000,47.000000000000000,0.0000000000000000
3.0000000000000000,47.000000000000000,0.0000000000000000
4.0000000000000000,47.000000000000000,0.0000000000000000
5.0000000000000000,47.000000000000000,0.0000000000000000
6.0000000000000000,47.000000000000000,0.0000000000000000
7.0000000000000000,47.000000000000000,0.0000000000000000
8.0000000000000000,47.000000000000000,0.0000000000000000
9.0000000000000000,47.000000000000000,0.0000000000000000
10.000000000000000,47.000000000000000,0.0000000000000000
11.000000000000000,47.000000000000000,0.0000000000000000
12.000000000000000,47.000000000000000,0.0000000000000000
13.000000000000000,47.000000000000000,0.0000000000000000
14.000000000000000,47.000000000000000,0.0000000000000000
15.000000000000000,47.000000000000000,0.0000000000000000
16.000000000000000,47.000000000000000,0.0000000000000000
17.000000000000000,47.000000000000000,0.0000000000000000
18.000000000000000,47.000000000000000,0.0000000000000000
19.000000000000000,47.000000000000000,0.0000000000000000
20.000000000000000,47.000000000000000,0.0000000000000000
21.000000000000000,47.000000000000000,0.0000000000000000
22.000000000000000,47.000000000000000,0.0000000000000000
23.000000000000000,47.000000000000000,0.0000000000000000
24.000000000000000,47.000000000000000,0.0000000000000000
25.000000000000000,47.000000000000000,0.0000000000000000
26.000000000000000,47.000000000000000,0.0000000000000000
27.000000000000000,47.000000000000000,0.0000000000000000
28.000000000000000,47.000000000000000,0.0000000000000000
29.000000000000000,47.000000000000000,0.0000000000000000
30.000000000000000,47.000000000000000,0.0000000000000000
31.000000000000000,47.000000000000000,0.0000000000000000
32.000000000000000,47.000000000000000,0.0000000000000000
33.000000000000000,47.000000000000000,0.0000000000000000
34.000000000000000,47.000000000000000,0.0000000000000000
35.000000000000000,47.000000000000000,0.0000000000000000
36.000000000000000,47.000000000000000,0.0000000000000000
37.000000000000000,47.000000000000000,0.0000000000000000
38.000000000000000,47.000000000000000,0.0000000000000000
39.000000000000000,47.000000000000000,0.0000000000000000
40.000000000000000,47.000000000000000,0.0000000000000000
41.000000000000000,47.000000000000000,0.0000000000000000
42.000000000000000,47.000000000000000,0.0000000000000000
43.000000000000000,47.000000000000000,0.0000000000000000
44.000000000000000,47.000000000000000,0.0000000000000000
45.000000000000000,47.000000000000000,0.0000000000000000
46.000000000000000,47.000000000000000,0.0000000000000000
47.000000000000000,47.000000000000000,0.0000000000000000
48.000000000000000,47.000000000000000,0.0000000000000000
49.000000000000000,47.000000000000000,0.0000000000000000
50.000000000000000,47.000000000000000,0.0000000000000000
51.000000000000000,47.000000000000000,0.0000000000000000
52.000000000000000,47.000000000000000,0.0000000000000000
53.000000000000000,47.000000000000000,0.0000000000000000
54.000000000000000,47.000000000000000,0.0000000000000000
55.000000000000000,47.000000000000000,0.0000000000000000
56.000000000000000,47.000000000000000,0.0000000000000000
57.000000000000000,47.000000000000000,0.0000000000000000
58.000000000000000,47.000000000000000,0.0000000000000000
59.000000000000000,47.000000000000000,0.0000000000000000
60.000000000000000,47.000000000000000,0.0000000000000000
61.000000000000000,47.000000000000000,0.0000000000000000
62.000000000000000,47.000000000000000,0.0000000000000000
63.000000000000000,47.000000000000000,0.0000000000000000
64.000000000000000,47.000000000000000,0.0000000000000000
65.000000000000000,47.000000000000000,0.0000000000000000
66.000000000000000,47.000000000000000,0.0000000000000000
67.000000000000000,47.000000000000000,0.0000000000000000
68.000000000000000,47.000000000000000,0.0000000000000000
69.000000000000000,47.000000000000000,0.0000000000000000
70.000000000000000,47.000000000000000,0.0000000000000000
71.000000000000000,47.000000000000000,0.0000000000000000
72.000000000000000,47.000000000000000,0.0000000000000000
73.000000000000000,47.000000000000000,0.0000000000000000
74.000000000000000,47.000000000000000,0.0000000000000000
75.000000000000000,47.000000000000000,0.0000000000000000
76.000000000000000,47.000000000000000,0.0000000000000000
77.000000000000000,47.000000000000000,0.0000000000000000
78.000000000000000,47.000000000000000,0.0000000000000000
79.000000000000000,47.000000000000000,0.0000000000000000
80.000000000000000,47.000000000000000,0.0000000000000000
81.000000000000000,47.000000000000000,0.0000000000000000
82.000000000000000,47.000000000000000,0.0000000000000000
83.000000000000000,47.000000000000000,0.0000000000000000
84.000000000000000,47.000000000000000,0.0000000000000000
85.000000000000000,47.000000000000000,0.0000000000000000
86.000000000000000,47.000000000000000,0.0000000000000000
87.000000000000000,47.000000000000000,0.0000000000000000
88.000000000000000,47.000000000000000,0.0000000000000000
89.000000000000000,47.000000000000000,0.0000000000000000
90.000000000000000,47.000000000000000,0.40000000596046448
91.000000000000000,47.000000000000000,0.0000000000000000
92.000000000000000,47.000000000000000,0.0000000000000000
93.000000000000000,47.000000000000000,0.0000000000000000
94.000000000000000,47.000000000000000,0.0000000000000000
95.000000000000000,47.000000000000000,0.0000000000000000
96.000000000000000,47.000000000000000,0.0000000000000000
97.000000000000000,47.000000000000000,0.0000000000000000
98.000000000000000,47.000000000000000,0.0000000000000000
99.000000000000000,47.000000000000000,0.0000000000000000
100.00000000000000,47.000000000000000,0.0000000000000000
101.00000000000000,47.000000000000000,0.0000000000000000
102.00000000000000,47.000000000000000,0.0000000000000000
103.00000000000000,47.000000000000000,0.0000000000000000
104.00000000000000,47.000000000000000,0.0000000000000000
105.00000000000000,47.000000000000000,0.0000000000000000
106.00000000000000,47.000000000000000,0.0000000000000000
107.00000000000000,47.000000000000000,0.0000000000000000
108.00000000000000,47.000000000000000,0.0000000000000000
109.00000000000000,47.000000000000000,0.0000000000000000
110.00000000000000,47.000000000000000,0.0000000000000000
111.00000000000000,47.000000000000000,0.0000000000000000
112.00000000000000,47.000000000000000,0.0000000000000000
113.00000000000000,47.000000000000000,0.0000000000000000
1.0000000000000000,48.000000000000000,0.0000000000000000
2.0000000000000000,48.000000000000000,0.0000000000000000
3.0000000000000000,48.000000000000000,0.0000000000000000
4.0000000000000000,48.000000000000000,0.0000000000000000
5.0000000000000000,48.000000000000000,0.0000000000000000
6.0000000000000000,48.000000000000000,0.0000000000000000
7.0000000000000000,48.000000000000000,0.0000000000000000
8.0000000000000000,48.000000000000000,0.0000000000000000
9.0000000000000000,48.000000000000000,0.0000000000000000
10.000000000000000,48.000000000000000,0.0000000000000000
11.000000000000000,48.000000000000000,0.0000000000000000
12.000000000000000,48.000000000000000,0.0000000000000000
13.000000000000000,48.000000000000000,0.0000000000000000
14.000000000000000,48.000000000000000,0.0000000000000000
15.000000000000000,48.000000000000000,0.0000000000000000
16.000000000000000,48.000000000000000,0.0000000000000000
17.000000000000000,48.000000000000000,0.0000000000000000
18.000000000000000,48.000000000000000,0.0000000000000000
19.000000000000000,48.000000000000000,0.0000000000000000
20.000000000000000,48.000000000000000,0.0000000000000000
21.000000000000000,48.000000000000000,0.0000000000000000
22.000000000000000,48.000000000000000,0.0000000000000000
23.000000000000000,48.000000000000000,0.0000000000000000
24.000000000000000,48.000000000000000,0.0000000000000000
25.000000000000000,48.000000000000000,0.0000000000000000
26.000000000000000,48.000000000000000,0.0000000000000000
27.000000000000000,48.000000000000000,0.0000000000000000
28.000000000000000,48.000000000000000,0.0000000000000000
29.000000000000000,48.000000000000000,0.0000000000000000
30.000000000000000,48.000000000000000,0.0000000000000000
31.000000000000000,48.000000000000000,0.0000000000000000
32.000000000000000,48.000000000000000,0.0000000000000000
33.000000000000000,48.000000000000000,0.0000000000000000
34.000000000000000,48.000000000000000,0.0000000000000000
35.000000000000000,48.000000000000000,0.0000000000000000
36.000000000000000,48.000000000000000,0.0000000000000000
37.000000000000000,48.000000000000000,0.0000000000000000
38.000000000000000,48.000000000000000,0.0000000000000000
39.000000000000000,48.000000000000000,0.0000000000000000
40.000000000000000,48.000000000000000,0.0000000000000000
41.000000000000000,48.000000000000000,0.0000000000000000
42.000000000000000,48.000000000000000,0.0000000000000000
43.000000000000000,48.000000000000000,0.0000000000000000
44.000000000000000,48.000000000000000,0.0000000000000000
45.000000000000000,48.000000000000000,0.0000000000000000
46.000000000000000,48.000000000000000,0.0000000000000000
47.000000000000000,48.000000000000000,0.0000000000000000
48.000000000000000,48.000000000000000,0.0000000000000000
49.000000000000000,48.000000000000000,0.0000000000000000
50.000000000000000,48.000000000000000,0.0000000000000000
51.000000000000000,48.000000000000000,0.0000000000000000
52.000000000000000,48.000000000000000,0.0000000000000000
53.000000000000000,48.000000000000000,0.0000000000000000
54.000000000000000,48.000000000000000,0.0000000000000000
55.000000000000000,48.000000000000000,0.0000000000000000
56.000000000000000,48.000000000000000,0.0000000000000000
57.000000000000000,48.000000000000000,0.0000000000000000
58.000000000000000,48.000000000000000,0.0000000000000000
59.000000000000000,48.000000000000000,0.0000000000000000
60.000000000000000,48.000000000000000,0.0000000000000000
61.000000000000000,48.000000000000000,0.0000000000000000
62.000000000000000,48.000000000000000,0.0000000000000000
63.000000000000000,48.000000000000000,0.0000000000000000
64.000000000000000,48.000000000000000,0.0000000000000000
65.000000000000000,48.000000000000000,0.0000000000000000
66.000000000000000,48.000000000000000,0.0000000000000000
67.000000000000000,48.000000000000000,0.0000000000000000
68.000000000000000,48.000000000000000,0.0000000000000000
69.000000000000000,48.000000000000000,0.0000000000000000
70.000000000000000,48.000000000000000,0.0000000000000000
71.000000000000000,48.000000000000000,0.0000000000000000
72.000000000000000,48.000000000000000,0.0000000000000000
73.000000000000000,48.000000000000000,0.0000000000000000
74.000000000000000,48.000000000000000,0.0000000000000000
75.000000000000000,48.000000000000000,0.0000000000000000
76.000000000000000,48.000000000000000,0.0000000000000000
77.000000000000000,48.000000000000000,0.0000000000000000
78.000000000000000,48.000000000000000,0.0000000000000000
79.000000000000000,48.000000000000000,0.0000000000000000
80.000000000000000,48.000000000000000,0.0000000000000000
81.000000000000000,48.000000000000000,0.0000000000000000
82.000000000000000,48.000000000000000,0.0000000000000000
83.000000000000000,48.000000000000000,0.0000000000000000
84.000000000000000,48.000000000000000,0.0000000000000000
85.000000000000000,48.000000000000000,0.0000000000000000
86.000000000000000,48.000000000000000,0.0000000000000000
87.000000000000000,48.000000000000000,0.0000000000000000
88.000000000000000,48.000000000000000,0.0000000000000000
89.000000000000000,48.000000000000000,0.0000000000000000
90.000000000000000,48.000000000000000,0.40000000596046448
91.000000000000000,48.000000000000000,0.0000000000000000
92.000000000000000,48.000000000000000,0.0000000000000000
93.000000000000000,48.000000000000000,0.0000000000000000
94.000000000000000,48.000000000000000,0.0000000000000000
95.000000000000000,48.000000000000000,0.0000000000000000
96.000000000000000,48.000000000000000,0.0000000000000000
97.000000000000000,48.000000000000000,0.0000000000000000
98.000000000000000,48.000000000000000,0.0000000000000000
99.000000000000000,48.000000000000000,0.0000000000000000
100.00000000000000,48.000000000000000,0.0000000000000000
101.00000000000000,48.000000000000000,0.0000000000000000
102.00000000000000,48.000000000000000,0.0000000000000000
103.00000000000000,48.000000000000000,0.0000000000000000
104.00000000000000,48.000000000000000,0.0000000000000000
105.00000000000000,48.000000000000000,0.0000000000000000
106.00000000000000,48.000000000000000,0.0000000000000000
107.00000000000000,48.000000000000000,0.0000000000000000
108.00000000000000,48.000000000000000,0.0000000000000000
109.00000000000000,48.000000000000000,0.0000000000000000
110.00000000000000,48.000000000000000,0.0000000000000000
111.00000000000000,48.000000000000000,0.0000000000000000
112.00000000000000,48.000000000000000,0.0000000000000000
113.00000000000000,48.000000000000000,0.0000000000000000
1.0000000000000000,49.000000000000000,0.0000000000000000
2.0000000000000000,49.000000000000000,0.0000000000000000
3.0000000000000000,49.000000000000000,0.0000000000000000
4.0000000000000000,49.000000000000000,0.0000000000000000
5.0000000000000000,49.000000000000000,0.0000000000000000
6.0000000000000000,49.000000000000000,0.0000000000000000
7.0000000000000000,49.000000000000000,0.0000000000000000
8.0000000000000000,49.000000000000000,0.0000000000000000
9.0000000000000000,49.000000000000000,0.0000000000000000
10.000000000000000,49.000000000000000,0.0000000000000000
11.000000000000000,49.000000000000000,0.0000000000000000
12.000000000000000,49.000000000000000,0.0000000000000000
13.000000000000000,49.000000000000000,0.0000000000000000
14.000000000000000,49.000000000000000,0.0000000000000000
15.000000000000000,49.000000000000000,0.0000000000000000
16.000000000000000,49.000000000000000,0.0000000000000000
17.000000000000000,49.000000000000000,0.0000000000000000
18.000000000000000,49.000000000000000,0.0000000000000000
19.000000000000000,49.000000000000000,0.0000000000000000
20.000000000000000,49.000000000000000,0.0000000000000000
21.000000000000000,49.000000000000000,0.0000000000000000
22.000000000000000,49.000000000000000,0.0000000000000000
23.000000000000000,49.000000000000000,0.0000000000000000
24.000000000000000,49.000000000000000,0.0000000000000000
25.000000000000000,49.000000000000000,0.0000000000000000
26.000000000000000,49.000000000000000,0.0000000000000000
27.000000000000000,49.000000000000000,0.0000000000000000
28.000000000000000,49.000000000000000,0.0000000000000000
29.000000000000000,49.000000000000000,0.0000000000000000
30.000000000000000,49.000000000000000,0.0000000000000000
31.000000000000000,49.000000000000000,0.0000000000000000
32.000000000000000,49.000000000000000,0.0000000000000000
33.000000000000000,49.000000000000000,0.0000000000000000
34.000000000000000,49.000000000000000,0.0000000000000000
35.000000000000000,49.000000000000000,0.0000000000000000
36.000000000000000,49.000000000000000,0.0000000000000000
37.000000000000000,49.000000000000000,0.0000000000000000
38.000000000000000,49.000000000000000,0.0000000000000000
39.000000000000000,49.000000000000000,0.0000000000000000
40.000000000000000,49.000000000000000,0.0000000000000000
41.000000000000000,49.000000000000000,0.0000000000000000
42.000000000000000,49.000000000000000,0.0000000000000000
43.000000000000000,49.000000000000000,0.0000000000000000
44.000000000000000,49.000000000000000,0.0000000000000000
45.000000000000000,49.000000000000000,0.0000000000000000
46.000000000000000,49.000000000000000,0.0000000000000000
47.000000000000000,49.000000000000000,0.0000000000000000
48.000000000000000,49.000000000000000,0.0000000000000000
49.000000000000000,49.000000000000000,0.0000000000000000
50.000000000000000,49.000000000000000,0.0000000000000000
51.000000000000000,49.000000000000000,0.0000000000000000
52.000000000000000,49.000000000000000,0.0000000000000000
53.000000000000000,49.000000000000000,0.0000000000000000
54.000000000000000,49.000000000000000,0.0000000000000000
55.000000000000000,49.000000000000000,0.0000000000000000
56.000000000000000,49.000000000000000,0.0000000000000000
57.000000000000000,49.000000000000000,0.0000000000000000
58.000000000000000,49.000000000000000,0.0000000000000000
59.000000000000000,49.000000000000000,0.0000000000000000
60.000000000000000,49.000000000000000,0.0000000000000000
61.000000000000000,49.000000000000000,0.0000000000000000
62.000000000000000,49.000000000000000,0.0000000000000000
63.000000000000000,49.000000000000000,0.0000000000000000
64.000000000000000,49.000000000000000,0.0000000000000000
65.000000000000000,49.000000000000000,0.0000000000000000
66.000000000000000,49.000000000000000,0.0000000000000000
67.000000000000000,49.000000000000000,0.0000000000000000
68.000000000000000,49.000000000000000,0.0000000000000000
69.000000000000000,49.000000000000000,0.0000000000000000
70.000000000000000,49.000000000000000,0.0000000000000000
71.000000000000000,49.000000000000000,0.0000000000000000
72.000000000000000,49.000000000000000,0.0000000000000000
73.000000000000000,49.000000000000000,0.0000000000000000
74.000000000000000,49.000000000000000,0.0000000000000000
75.000000000000000,49.000000000000000,0.0000000000000000
76.000000000000000,49.000000000000000,0.0000000000000000
77.000000000000000,49.000000000000000,0.0000000000000000
78.000000000000000,49.000000000000000,0.0000000000000000
79.000000000000000,49.000000000000000,0.0000000000000000
80.000000000000000,49.000000000000000,0.0000000000000000
81.000000000000000,49.000000000000000,0.0000000000000000
82.000000000000000,49.000000000000000,0.0000000000000000
83.000000000000000,49.000000000000000,0.0000000000000000
84.000000000000000,49.000000000000000,0.0000000000000000
85.000000000000000,49.000000000000000,0.0000000000000000
86.000000000000000,49.000000000000000,0.0000000000000000
87.000000000000000,49.000000000000000,0.0000000000000000
88.000000000000000,49.000000000000000,0.0000000000000000
89.000000000000000,49.000000000000000,0.0000000000000000
90.000000000000000,49.000000000000000,0.40000000596046448
91.000000000000000,49.000000000000000,0.40000000596046448
92.000000000000000,49.000000000000000,0.0000000000000000
93.000000000000000,49.000000000000000,0.0000000000000000
94.000000000000000,49.000000000000000,0.0000000000000000
95.000000000000000,49.000000000000000,0.0000000000000000
96.000000000000000,49.000000000000000,0.0000000000000000
97.000000000000000,49.000000000000000,0.0000000000000000
98.000000000000000,49.000000000000000,0.0000000000000000
99.000000000000000,49.000000000000000,0.0000000000000000
100.00000000000000,49.000000000000000,0.0000000000000000
101.00000000000000,49.000000000000000,0.0000000000000000
102.00000000000000,49.000000000000000,0.0000000000000000
103.00000000000000,49.000000000000000,0.0000000000000000
104.00000000000000,49.000000000000000,0.0000000000000000
105.00000000000000,49.000000000000000,0.0000000000000000
106.00000000000000,49.000000000000000,0.0000000000000000
107.00000000000000,49.000000000000000,0.0000000000000000
108.00000000000000,49.000000000000000,0.0000000000000000
109.00000000000000,49.000000000000000,0.0000000000000000
110.00000000000000,49.000000000000000,0.0000000000000000
111.00000000000000,49.000000000000000,0.0000000000000000
112.00000000000000,49.000000000000000,0.0000000000000000
113.00000000000000,49.000000000000000,0.0000000000000000
1.0000000000000000,50.000000000000000,0.0000000000000000
2.0000000000000000,50.000000000000000,0.0000000000000000
3.0000000000000000,50.000000000000000,0.0000000000000000
4.0000000000000000,50.000000000000000,0.0000000000000000
5.0000000000000000,50.000000000000000,0.0000000000000000
6.0000000000000000,50.000000000000000,0.0000000000000000
7.0000000000000000,50.000000000000000,0.0000000000000000
8.0000000000000000,50.000000000000000,0.0000000000000000
9.0000000000000000,50.000000000000000,0.0000000000000000
10.000000000000000,50.000000000000000,0.0000000000000000
11.000000000000000,50.000000000000000,0.0000000000000000
12.000000000000000,50.000000000000000,0.0000000000000000
13.000000000000000,50.000000000000000,0.0000000000000000
14.000000000000000,50.000000000000000,0.0000000000000000
15.000000000000000,50.000000000000000,0.0000000000000000
16.000000000000000,50.000000000000000,0.0000000000000000
17.000000000000000,50.000000000000000,0.0000000000000000
18.000000000000000,50.000000000000000,0.0000000000000000
19.000000000000000,50.000000000000000,0.0000000000000000
20.000000000000000,50.000000000000000,0.0000000000000000
21.000000000000000,50.000000000000000,0.0000000000000000
22.000000000000000,50.000000000000000,0.0000000000000000
23.000000000000000,50.000000000000000,0.0000000000000000
24.000000000000000,50.000000000000000,0.0000000000000000
25.000000000000000,50.000000000000000,0.0000000000000000
26.000000000000000,50.000000000000000,0.0000000000000000
27.000000000000000,50.000000000000000,0.0000000000000000
28.000000000000000,50.000000000000000,0.0000000000000000
29.000000000000000,50.000000000000000,0.0000000000000000
30.000000000000000,50.000000000000000,0.0000000000000000
31.000000000000000,50.000000000000000,0.0000000000000000
32.000000000000000,50.000000000000000,0.0000000000000000
33.000000000000000,50.000000000000000,0.0000000000000000
34.000000000000000,50.000000000000000,0.0000000000000000
35.000000000000000,50.000000000000000,0.0000000000000000
36.000000000000000,50.000000000000000,0.0000000000000000
37.000000000000000,50.000000000000000,0.0000000000000000
38.000000000000000,50.000000000000000,0.0000000000000000
39.000000000000000,50.000000000000000,0.0000000000000000
40.000000000000000,50.000000000000000,0.0000000000000000
41.000000000000000,50.000000000000000,0.0000000000000000
42.000000000000000,50.000000000000000,0.0000000000000000
43.000000000000000,50.000000000000000,0.0000000000000000
44.000000000000000,50.000000000000000,0.0000000000000000
45.000000000000000,50.000000000000000,0.0000000000000000
46.000000000000000,50.000000000000000,0.0000000000000000
47.000000000000000,50.000000000000000,0.0000000000000000
48.000000000000000,50.000000000000000,0.0000000000000000
49.000000000000000,50.000000000000000,0.0000000000000000
50.000000000000000,50.000000000000000,0.0000000000000000
51.000000000000000,50.000000000000000,0.0000000000000000
52.000000000000000,50.000000000000000,0.0000000000000000
53.000000000000000,50.000000000000000,0.0000000000000000
54.000000000000000,50.000000000000000,0.0000000000000000
55.000000000000000,50.000000000000000,0.0000000000000000
56.000000000000000,50.000000000000000,0.0000000000000000
57.000000000000000,50.000000000000000,0.0000000000000000
58.000000000000000,50.000000000000000,0.0000000000000000
59.000000000000000,50.000000000000000,0.0000000000000000
60.000000000000000,50.000000000000000,0.0000000000000000
61.000000000000000,50.000000000000000,0.0000000000000000
62.000000000000000,50.000000000000000,0.0000000000000000
63.000000000000000,50.000000000000000,0.0000000000000000
64.000000000000000,50.000000000000000,0.0000000000000000
65.000000000000000,50.000000000000000,0.0000000000000000
66.000000000000000,50.000000000000000,0.0000000000000000
67.000000000000000,50.000000000000000,0.0000000000000000
68.000000000000000,50.000000000000000,0.0000000000000000
69.000000000000000,50.000000000000000,0.0000000000000000
70.000000000000000,50.000000000000000,0.0000000000000000
71.000000000000000,50.000000000000000,0.0000000000000000
72.000000000000000,50.000000000000000,0.0000000000000000
73.000000000000000,50.000000000000000,0.0000000000000000
74.000000000000000,50.000000000000000,0.0000000000000000
75.000000000000000,50.000000000000000,0.0000000000000000
76.000000000000000,50.000000000000000,0.0000000000000000
77.000000000000000,50.000000000000000,0.0000000000000000
78.000000000000000,50.000000000000000,0.0000000000000000
79.000000000000000,50.000000000000000,0.0000000000000000
80.000000000000000,50.000000000000000,0.0000000000000000
81.000000000000000,50.000000000000000,0.0000000000000000
82.000000000000000,50.000000000000000,0.0000000000000000
83.000000000000000,50.000000000000000,0.0000000000000000
84.000000000000000,50.000000000000000,0.0000000000000000
85.000000000000000,50.000000000000000,0.0000000000000000
86.000000000000000,50.000000000000000,0.0000000000000000
87.000000000000000,50.000000000000000,0.0000000000000000
88.000000000000000,50.000000000000000,0.0000000000000000
89.000000000000000,50.000000000000000,0.0000000000000000
90.000000000000000,50.000000000000000,0.0000000000000000
91.000000000000000,50.000000000000000,0.0000000000000000
92.000000000000000,50.000000000000000,0.0000000000000000
93.000000000000000,50.000000000000000,0.0000000000000000
94.000000000000000,50.000000000000000,0.0000000000000000
95.000000000000000,50.000000000000000,0.0000000000000000
96.000000000000000,50.000000000000000,0.0000000000000000
97.000000000000000,50.000000000000000,0.0000000000000000
98.000000000000000,50.000000000000000,0.0000000000000000
99.000000000000000,50.000000000000000,0.0000000000000000
100.00000000000000,50.000000000000000,0.0000000000000000
101.00000000000000,50.000000000000000,0.0000000000000000
102.00000000000000,50.000000000000000,0.0000000000000000
103.00000000000000,50.000000000000000,0.0000000000000000
104.00000000000000,50.000000000000000,0.0000000000000000
105.00000000000000,50.000000000000000,0.0000000000000000
106.00000000000000,50.000000000000000,0.0000000000000000
107.00000000000000,50.000000000000000,0.0000000000000000
108.00000000000000,50.000000000000000,0.0000000000000000
109.00000000000000,50.000000000000000,0.0000000000000000
110.00000000000000,50.000000000000000,0.0000000000000000
111.00000000000000,50.000000000000000,0.0000000000000000
112.00000000000000,50.000000000000000,0.0000000000000000
113.00000000000000,50.000000000000000,0.0000000000000000
1.0000000000000000,51.000000000000000,0.0000000000000000
2.0000000000000000,51.000000000000000,0.0000000000000000
3.0000000000000000,51.000000000000000,0.0000000000000000
4.0000000000000000,51.000000000000000,0.0000000000000000
5.0000000000000000,51.000000000000000,0.0000000000000000
6.0000000000000000,51.000000000000000,0.0000000000000000
7.0000000000000000,51.000000000000000,0.0000000000000000
8.0000000000000000,51.000000000000000,0.0000000000000000
9.0000000000000000,51.000000000000000,0.0000000000000000
10.000000000000000,51.000000000000000,0.0000000000000000
11.000000000000000,51.000000000000000,0.0000000000000000
12.000000000000000,51.000000000000000,0.0000000000000000
13.000000000000000,51.000000000000000,0.0000000000000000
14.000000000000000,51.000000000000000,0.0000000000000000
15.000000000000000,51.000000000000000,0.0000000000000000
16.000000000000000,51.000000000000000,0.0000000000000000
17.000000000000000,51.000000000000000,0.0000000000000000
18.000000000000000,51.000000000000000,0.0000000000000000
19.000000000000000,51.000000000000000,0.0000000000000000
20.000000000000000,51.000000000000000,0.0000000000000000
21.000000000000000,51.000000000000000,0.0000000000000000
22.000000000000000,51.000000000000000,0.0000000000000000
23.000000000000000,51.000000000000000,0.0000000000000000
24.000000000000000,51.000000000000000,0.0000000000000000
25.000000000000000,51.000000000000000,0.0000000000000000
26.000000000000000,51.000000000000000,0.0000000000000000
27.000000000000000,51.000000000000000,0.0000000000000000
28.000000000000000,51.000000000000000,0.0000000000000000
29.000000000000000,51.000000000000000,0.0000000000000000
30.000000000000000,51.000000000000000,0.0000000000000000
31.000000000000000,51.000000000000000,0.0000000000000000
32.000000000000000,51.000000000000000,0.0000000000000000
33.000000000000000,51.000000000000000,0.0000000000000000
34.000000000000000,51.000000000000000,0.0000000000000000
35.000000000000000,51.000000000000000,0.0000000000000000
36.000000000000000,51.000000000000000,0.0000000000000000
37.000000000000000,51.000000000000000,0.0000000000000000
38.000000000000000,51.000000000000000,0.0000000000000000
39.000000000000000,51.000000000000000,0.0000000000000000
40.000000000000000,51.000000000000000,0.0000000000000000
41.000000000000000,51.000000000000000,0.0000000000000000
42.000000000000000,51.000000000000000,0.0000000000000000
43.000000000000000,51.000000000000000,0.0000000000000000
44.000000000000000,51.000000000000000,0.0000000000000000
45.000000000000000,51.000000000000000,0.0000000000000000
46.000000000000000,51.000000000000000,0.0000000000000000
47.000000000000000,51.000000000000000,0.0000000000000000
48.000000000000000,51.000000000000000,0.0000000000000000
49.000000000000000,51.000000000000000,0.0000000000000000
50.000000000000000,51.000000000000000,0.0000000000000000
51.000000000000000,51.000000000000000,0.0000000000000000
52.000000000000000,51.000000000000000,0.0000000000000000
53.000000000000000,51.000000000000000,0.0000000000000000
54.000000000000000,51.000000000000000,0.0000000000000000
55.000000000000000,51.000000000000000,0.0000000000000000
56.000000000000000,51.000000000000000,0.0000000000000000
57.000000000000000,51.000000000000000,0.0000000000000000
58.000000000000000,51.000000000000000,0.0000000000000000
59.000000000000000,51.000000000000000,0.0000000000000000
60.000000000000000,51.000000000000000,0.0000000000000000
61.000000000000000,51.000000000000000,0.0000000000000000
62.000000000000000,51.000000000000000,0.0000000000000000
63.000000000000000,51.000000000000000,0.0000000000000000
64.000000000000000,51.000000000000000,0.0000000000000000
65.000000000000000,51.000000000000000,0.0000000000000000
66.000000000000000,51.000000000000000,0.0000000000000000
67.000000000000000,51.000000000000000,0.0000000000000000
68.000000000000000,51.000000000000000,0.0000000000000000
69.000000000000000,51.000000000000000,0.0000000000000000
70.000000000000000,51.000000000000000,0.0000000000000000
71.000000000000000,51.000000000000000,0.0000000000000000
72.000000000000000,51.000000000000000,0.0000000000000000
73.000000000000000,51.000000000000000,0.0000000000000000
74.000000000000000,51.000000000000000,0.0000000000000000
75.000000000000000,51.000000000000000,0.0000000000000000
76.000000000000000,51.000000000000000,0.0000000000000000
77.000000000000000,51.000000000000000,0.0000000000000000
78.000000000000000,51.000000000000000,0.0000000000000000
79.000000000000000,51.000000000000000,0.0000000000000000
80.000000000000000,51.000000000000000,0.0000000000000000
81.000000000000000,51.000000000000000,0.0000000000000000
82.000000000000000,51.000000000000000,0.0000000000000000
83.000000000000000,51.000000000000000,0.0000000000000000
84.000000000000000,51.000000000000000,0.0000000000000000
85.000000000000000,51.000000000000000,0.0000000000000000
86.000000000000000,51.000000000000000,0.0000000000000000
87.000000000000000,51.000000000000000,0.0000000000000000
88.000000000000000,51.000000000000000,0.0000000000000000
89.000000000000000,51.000000000000000,0.0000000000000000
90.000000000000000,51.000000000000000,0.0000000000000000
91.000000000000000,51.000000000000000,0.0000000000000000
92.000000000000000,51.000000000000000,0.0000000000000000
93.000000000000000,51.000000000000000,0.0000000000000000
94.000000000000000,51.000000000000000,0.0000000000000000
95.000000000000000,51.000000000000000,0.0000000000000000
96.000000000000000,51.000000000000000,0.0000000000000000
97.000000000000000,51.000000000000000,0.0000000000000000
98.000000000000000,51.000000000000000,0.0000000000000000
99.000000000000000,51.000000000000000,0.0000000000000000
100.00000000000000,51.000000000000000,0.0000000000000000
101.00000000000000,51.000000000000000,0.0000000000000000
102.00000000000000,51.000000000000000,0.0000000000000000
103.00000000000000,51.000000000000000,0.0000000000000000
104.00000000000000,51.000000000000000,0.0000000000000000
105.00000000000000,51.000000000000000,0.0000000000000000
106.00000000000000,51.000000000000000,0.0000000000000000
107.00000000000000,51.000000000000000,0.0000000000000000
108.00000000000000,51.000000000000000,0.0000000000000000
109.00000000000000,51.000000000000000,0.0000000000000000
110.00000000000000,51.000000000000000,0.0000000000000000
111.00000000000000,51.000000000000000,0.0000000000000000
112.00000000000000,51.000000000000000,0.0000000000000000
113.00000000000000,51.000000000000000,0.0000000000000000
1.0000000000000000,52.000000000000000,0.0000000000000000
2.0000000000000000,52.000000000000000,0.0000000000000000
3.0000000000000000,52.000000000000000,0.0000000000000000
4.0000000000000000,52.000000000000000,0.0000000000000000
5.0000000000000000,52.000000000000000,0.0000000000000000
6.0000000000000000,52.000000000000000,0.0000000000000000
7.0000000000000000,52.000000000000000,0.0000000000000000
8.0000000000000000,52.000000000000000,0.0000000000000000
9.0000000000000000,52.000000000000000,0.0000000000000000
10.000000000000000,52.000000000000000,0.0000000000000000
11.000000000000000,52.000000000000000,0.0000000000000000
12.000000000000000,52.000000000000000,0.0000000000000000
13.000000000000000,52.000000000000000,0.0000000000000000
14.000000000000000,52.000000000000000,0.0000000000000000
15.000000000000000,52.000000000000000,0.0000000000000000
16.000000000000000,52.000000000000000,0.0000000000000000
17.000000000000000,52.000000000000000,0.0000000000000000
18.000000000000000,52.000000000000000,0.0000000000000000
19.000000000000000,52.000000000000000,0.0000000000000000
20.000000000000000,52.000000000000000,0.0000000000000000
21.000000000000000,52.000000000000000,0.0000000000000000
22.000000000000000,52.000000000000000,0.0000000000000000
23.000000000000000,52.000000000000000,0.0000000000000000
24.000000000000000,52.000000000000000,0.0000000000000000
25.000000000000000,52.000000000000000,0.0000000000000000
26.000000000000000,52.000000000000000,0.0000000000000000
27.000000000000000,52.000000000000000,0.0000000000000000
28.000000000000000,52.000000000000000,0.0000000000000000
29.000000000000000,52.000000000000000,0.0000000000000000
30.000000000000000,52.000000000000000,0.0000000000000000
31.000000000000000,52.000000000000000,0.0000000000000000
32.000000000000000,52.000000000000000,0.0000000000000000
33.000000000000000,52.000000000000000,0.0000000000000000
34.000000000000000,52.000000000000000,0.0000000000000000
35.000000000000000,52.000000000000000,0.0000000000000000
36.000000000000000,52.000000000000000,0.0000000000000000
37.000000000000000,52.000000000000000,0.0000000000000000
38.000000000000000,52.000000000000000,0.0000000000000000
39.000000000000000,52.000000000000000,0.0000000000000000
40.000000000000000,52.000000000000000,0.0000000000000000
41.000000000000000,52.000000000000000,0.0000000000000000
42.000000000000000,52.000000000000000,0.0000000000000000
43.000000000000000,52.000000000000000,0.0000000000000000
44.000000000000000,52.000000000000000,0.0000000000000000
45.000000000000000,52.000000000000000,0.0000000000000000
46.000000000000000,52.000000000000000,0.0000000000000000
47.000000000000000,52.000000000000000,0.0000000000000000
48.000000000000000,52.000000000000000,0.0000000000000000
49.000000000000000,52.000000000000000,0.0000000000000000
50.000000000000000,52.000000000000000,0.0000000000000000
51.000000000000000,52.000000000000000,0.0000000000000000
52.000000000000000,52.000000000000000,0.0000000000000000
53.000000000000000,52.000000000000000,0.0000000000000000
54.000000000000000,52.000000000000000,0.0000000000000000
55.000000000000000,52.000000000000000,0.0000000000000000
56.000000000000000,52.000000000000000,0.0000000000000000
57.000000000000000,52.000000000000000,0.0000000000000000
58.000000000000000,52.000000000000000,0.0000000000000000
59.000000000000000,52.000000000000000,0.0000000000000000
60.000000000000000,52.000000000000000,0.0000000000000000
61.000000000000000,52.000000000000000,0.0000000000000000
62.000000000000000,52.000000000000000,0.0000000000000000
63.000000000000000,52.000000000000000,0.0000000000000000
64.000000000000000,52.000000000000000,0.0000000000000000
65.000000000000000,52.000000000000000,0.0000000000000000
66.000000000000000,52.000000000000000,0.0000000000000000
67.000000000000000,52.000000000000000,0.0000000000000000
68.000000000000000,52.000000000000000,0.0000000000000000
69.000000000000000,52.000000000000000,0.0000000000000000
70.000000000000000,52.000000000000000,0.0000000000000000
71.000000000000000,52.000000000000000,0.0000000000000000
72.000000000000000,52.000000000000000,0.0000000000000000
73.000000000000000,52.000000000000000,0.0000000000000000
74.000000000000000,52.000000000000000,0.0000000000000000
75.000000000000000,52.000000000000000,0.0000000000000000
76.000000000000000,52.000000000000000,0.0000000000000000
77.000000000000000,52.000000000000000,0.0000000000000000
78.000000000000000,52.000000000000000,0.0000000000000000
79.000000000000000,52.000000000000000,0.0000000000000000
80.000000000000000,52.000000000000000,0.0000000000000000
81.000000000000000,52.000000000000000,0.0000000000000000
82.000000000000000,52.000000000000000,0.0000000000000000
83.000000000000000,52.000000000000000,0.0000000000000000
84.000000000000000,52.000000000000000,0.0000000000000000
85.000000000000000,52.000000000000000,0.0000000000000000
86.000000000000000,52.000000000000000,0.0000000000000000
87.000000000000000,52.000000000000000,0.0000000000000000
88.000000000000000,52.000000000000000,0.0000000000000000
89.000000000000000,52.000000000000000,0.0000000000000000
90.000000000000000,52.000000000000000,0.0000000000000000
91.000000000000000,52.000000000000000,0.0000000000000000
92.000000000000000,52.000000000000000,0.0000000000000000
93.000000000000000,52.000000000000000,0.40000000596046448
94.000000000000000,52.000000000000000,0.0000000000000000
95.000000000000000,52.000000000000000,0.0000000000000000
96.000000000000000,52.000000000000000,0.0000000000000000
97.000000000000000,52.000000000000000,0.0000000000000000
98.000000000000000,52.000000000000000,0.0000000000000000
99.000000000000000,52.000000000000000,0.0000000000000000
100.00000000000000,52.000000000000000,0.0000000000000000
101.00000000000000,52.000000000000000,0.0000000000000000
102.00000000000000,52.000000000000000,0.0000000000000000
103.00000000000000,52.000000000000000,0.0000000000000000
104.00000000000000,52.000000000000000,0.0000000000000000
105.00000000000000,52.000000000000000,0.0000000000000000
106.00000000000000,52.000000000000000,0.0000000000000000
107.00000000000000,52.000000000000000,0.0000000000000000
108.00000000000000,52.000000000000000,0.0000000000000000
109.00000000000000,52.000000000000000,0.0000000000000000
110.00000000000000,52.000000000000000,0.0000000000000000
111.00000000000000,52.000000000000000,0.0000000000000000
112.00000000000000,52.000000000000000,0.0000000000000000
113.00000000000000,52.000000000000000,0.0000000000000000
1.0000000000000000,53.000000000000000,0.0000000000000000
2.0000000000000000,53.000000000000000,0.0000000000000000
3.0000000000000000,53.000000000000000,0.0000000000000000
4.0000000000000000,53.000000000000000,0.0000000000000000
5.0000000000000000,53.000000000000000,0.0000000000000000
6.0000000000000000,53.000000000000000,0.0000000000000000
7.0000000000000000,53.000000000000000,0.0000000000000000
8.0000000000000000,53.000000000000000,0.0000000000000000
9.0000000000000000,53.000000000000000,0.0000000000000000
10.000000000000000,53.000000000000000,0.0000000000000000
11.000000000000000,53.000000000000000,0.0000000000000000
12.000000000000000,53.000000000000000,0.0000000000000000
13.000000000000000,53.000000000000000,0.0000000000000000
14.000000000000000,53.000000000000000,0.0000000000000000
15.000000000000000,53.000000000000000,0.0000000000000000
16.000000000000000,53.000000000000000,0.0000000000000000
17.000000000000000,53.000000000000000,0.0000000000000000
18.000000000000000,53.000000000000000,0.0000000000000000
19.000000000000000,53.000000000000000,0.0000000000000000
20.000000000000000,53.000000000000000,0.0000000000000000
21.000000000000000,53.000000000000000,0.0000000000000000
22.000000000000000,53.000000000000000,0.0000000000000000
23.000000000000000,53.000000000000000,0.0000000000000000
24.000000000000000,53.000000000000000,0.0000000000000000
25.000000000000000,53.000000000000000,0.0000000000000000
26.000000000000000,53.000000000000000,0.0000000000000000
27.000000000000000,53.000000000000000,0.0000000000000000
28.000000000000000,53.000000000000000,0.0000000000000000
29.000000000000000,53.000000000000000,0.0000000000000000
30.000000000000000,53.000000000000000,0.0000000000000000
31.000000000000000,53.000000000000000,0.0000000000000000
32.000000000000000,53.000000000000000,0.0000000000000000
33.000000000000000,53.000000000000000,0.0000000000000000
34.000000000000000,53.000000000000000,0.0000000000000000
35.000000000000000,53.000000000000000,0.0000000000000000
36.000000000000000,53.000000000000000,0.0000000000000000
37.000000000000000,53.000000000000000,0.0000000000000000
38.000000000000000,53.000000000000000,0.0000000000000000
39.000000000000000,53.000000000000000,0.0000000000000000
40.000000000000000,53.000000000000000,0.0000000000000000
41.000000000000000,53.000000000000000,0.0000000000000000
42.000000000000000,53.000000000000000,0.0000000000000000
43.000000000000000,53.000000000000000,0.0000000000000000
44.000000000000000,53.000000000000000,0.0000000000000000
45.000000000000000,53.000000000000000,0.0000000000000000
46.000000000000000,53.000000000000000,0.0000000000000000
47.000000000000000,53.000000000000000,0.0000000000000000
48.000000000000000,53.000000000000000,0.0000000000000000
49.000000000000000,53.000000000000000,0.0000000000000000
50.000000000000000,53.000000000000000,0.0000000000000000
51.000000000000000,53.000000000000000,0.0000000000000000
52.000000000000000,53.000000000000000,0.0000000000000000
53.000000000000000,53.000000000000000,0.0000000000000000
54.000000000000000,53.000000000000000,0.0000000000000000
55.000000000000000,53.000000000000000,0.0000000000000000
56.000000000000000,53.000000000000000,0.0000000000000000
57.000000000000000,53.000000000000000,0.0000000000000000
58.000000000000000,53.000000000000000,0.0000000000000000
59.000000000000000,53.000000000000000,0.0000000000000000
60.000000000000000,53.000000000000000,0.0000000000000000
61.000000000000000,53.000000000000000,0.0000000000000000
62.000000000000000,53.000000000000000,0.0000000000000000
63.000000000000000,53.000000000000000,0.0000000000000000
64.000000000000000,53.000000000000000,0.0000000000000000
65.000000000000000,53.000000000000000,0.0000000000000000
66.000000000000000,53.000000000000000,0.0000000000000000
67.000000000000000,53.000000000000000,0.0000000000000000
68.000000000000000,53.000000000000000,0.0000000000000000
69.000000000000000,53.000000000000000,0.0000000000000000
70.000000000000000,53.000000000000000,0.0000000000000000
71.000000000000000,53.000000000000000,0.0000000000000000
72.000000000000000,53.000000000000000,0.0000000000000000
73.000000000000000,53.000000000000000,0.0000000000000000
74.000000000000000,53.000000000000000,0.0000000000000000
75.000000000000000,53.000000000000000,0.0000000000000000
76.000000000000000,53.000000000000000,0.0000000000000000
77.000000000000000,53.000000000000000,0.0000000000000000
78.000000000000000,53.000000000000000,0.0000000000000000
79.000000000000000,53.000000000000000,0.0000000000000000
80.000000000000000,53.000000000000000,0.0000000000000000
81.000000000000000,53.000000000000000,0.0000000000000000
82.000000000000000,53.000000000000000,0.0000000000000000
83.000000000000000,53.000000000000000,0.0000000000000000
84.000000000000000,53.000000000000000,0.0000000000000000
85.000000000000000,53.000000000000000,0.0000000000000000
86.000000000000000,53.000000000000000,0.0000000000000000
87.000000000000000,53.000000000000000,0.0000000000000000
88.000000000000000,53.000000000000000,0.0000000000000000
89.000000000000000,53.000000000000000,0.0000000000000000
90.000000000000000,53.000000000000000,0.0000000000000000
91.000000000000000,53.000000000000000,0.0000000000000000
92.000000000000000,53.000000000000000,0.0000000000000000
93.000000000000000,53.000000000000000,0.40000000596046448
94.000000000000000,53.000000000000000,0.40000000596046448
95.000000000000000,53.000000000000000,0.0000000000000000
96.000000000000000,53.000000000000000,0.0000000000000000
97.000000000000000,53.000000000000000,0.0000000000000000
98.000000000000000,53.000000000000000,0.0000000000000000
99.000000000000000,53.000000000000000,0.0000000000000000
100.00000000000000,53.000000000000000,0.0000000000000000
101.00000000000000,53.000000000000000,0.0000000000000000
102.00000000000000,53.000000000000000,0.0000000000000000
103.00000000000000,53.000000000000000,0.0000000000000000
104.00000000000000,53.000000000000000,0.0000000000000000
105.00000000000000,53.000000000000000,0.0000000000000000
106.00000000000000,53.000000000000000,0.0000000000000000
107.00000000000000,53.000000000000000,0.0000000000000000
108.00000000000000,53.000000000000000,0.0000000000000000
109.00000000000000,53.000000000000000,0.0000000000000000
110.00000000000000,53.000000000000000,0.0000000000000000
111.00000000000000,53.000000000000000,0.0000000000000000
112.00000000000000,53.000000000000000,0.0000000000000000
113.00000000000000,53.000000000000000,0.0000000000000000
1.0000000000000000,54.000000000000000,0.0000000000000000
2.0000000000000000,54.000000000000000,0.0000000000000000
3.0000000000000000,54.000000000000000,0.0000000000000000
4.0000000000000000,54.000000000000000,0.0000000000000000
5.0000000000000000,54.000000000000000,0.0000000000000000
6.0000000000000000,54.000000000000000,0.0000000000000000
7.0000000000000000,54.000000000000000,0.0000000000000000
8.0000000000000000,54.000000000000000,0.0000000000000000
9.0000000000000000,54.000000000000000,0.0000000000000000
10.000000000000000,54.000000000000000,0.0000000000000000
11.000000000000000,54.000000000000000,0.0000000000000000
12.000000000000000,54.000000000000000,0.0000000000000000
13.000000000000000,54.000000000000000,0.0000000000000000
14.000000000000000,54.000000000000000,0.0000000000000000
15.000000000000000,54.000000000000000,0.0000000000000000
16.000000000000000,54.000000000000000,0.0000000000000000
17.000000000000000,54.000000000000000,0.0000000000000000
18.000000000000000,54.000000000000000,0.0000000000000000
19.000000000000000,54.000000000000000,0.0000000000000000
20.000000000000000,54.000000000000000,0.0000000000000000
21.000000000000000,54.000000000000000,0.0000000000000000
22.000000000000000,54.000000000000000,0.0000000000000000
23.000000000000000,54.000000000000000,0.0000000000000000
24.000000000000000,54.000000000000000,0.0000000000000000
25.000000000000000,54.000000000000000,0.0000000000000000
26.000000000000000,54.000000000000000,0.0000000000000000
27.000000000000000,54.000000000000000,0.0000000000000000
28.000000000000000,54.000000000000000,0.0000000000000000
29.000000000000000,54.000000000000000,0.0000000000000000
30.000000000000000,54.000000000000000,0.0000000000000000
31.000000000000000,54.000000000000000,0.0000000000000000
32.000000000000000,54.000000000000000,0.0000000000000000
33.000000000000000,54.000000000000000,0.0000000000000000
34.000000000000000,54.000000000000000,0.0000000000000000
35.000000000000000,54.000000000000000,0.0000000000000000
36.000000000000000,54.000000000000000,0.0000000000000000
37.000000000000000,54.000000000000000,0.0000000000000000
38.000000000000000,54.000000000000000,0.0000000000000000
39.000000000000000,54.000000000000000,0.0000000000000000
40.000000000000000,54.000000000000000,0.0000000000000000
41.000000000000000,54.000000000000000,0.0000000000000000
42.000000000000000,54.000000000000000,0.0000000000000000
43.000000000000000,54.000000000000000,0.0000000000000000
44.000000000000000,54.000000000000000,0.0000000000000000
45.000000000000000,54.000000000000000,0.0000000000000000
46.000000000000000,54.000000000000000,0.0000000000000000
47.000000000000000,54.000000000000000,0.0000000000000000
48.000000000000000,54.000000000000000,0.0000000000000000
49.000000000000000,54.000000000000000,0.0000000000000000
50.000000000000000,54.000000000000000,0.0000000000000000
51.000000000000000,54.000000000000000,0.0000000000000000
52.000000000000000,54.000000000000000,0.0000000000000000
53.000000000000000,54.000000000000000,0.0000000000000000
54.000000000000000,54.000000000000000,0.0000000000000000
55.000000000000000,54.000000000000000,0.0000000000000000
56.000000000000000,54.000000000000000,0.0000000000000000
57.000000000000000,54.000000000000000,0.0000000000000000
58.000000000000000,54.000000000000000,0.0000000000000000
59.000000000000000,54.000000000000000,0.0000000000000000
60.000000000000000,54.000000000000000,0.0000000000000000
61.000000000000000,54.000000000000000,0.0000000000000000
62.000000000000000,54.000000000000000,0.0000000000000000
63.000000000000000,54.000000000000000,0.0000000000000000
64.000000000000000,54.000000000000000,0.0000000000000000
65.000000000000000,54.000000000000000,0.0000000000000000
66.000000000000000,54.000000000000000,0.0000000000000000
67.000000000000000,54.000000000000000,0.0000000000000000
68.000000000000000,54.000000000000000,0.0000000000000000
69.000000000000000,54.000000000000000,0.0000000000000000
70.000000000000000,54.000000000000000,0.0000000000000000
71.000000000000000,54.000000000000000,0.0000000000000000
72.000000000000000,54.000000000000000,0.0000000000000000
73.000000000000000,54.000000000000000,0.0000000000000000
74.000000000000000,54.000000000000000,0.0000000000000000
75.000000000000000,54.000000000000000,0.0000000000000000
76.000000000000000,54.000000000000000,0.0000000000000000
77.000000000000000,54.000000000000000,0.0000000000000000
78.000000000000000,54.000000000000000,0.0000000000000000
79.000000000000000,54.000000000000000,0.0000000000000000
80.000000000000000,54.000000000000000,0.0000000000000000
81.000000000000000,54.000000000000000,0.0000000000000000
82.000000000000000,54.000000000000000,0.0000000000000000
83.000000000000000,54.000000000000000,0.0000000000000000
84.000000000000000,54.000000000000000,0.0000000000000000
85.000000000000000,54.000000000000000,0.0000000000000000
86.000000000000000,54.000000000000000,0.0000000000000000
87.000000000000000,54.000000000000000,0.0000000000000000
88.000000000000000,54.000000000000000,0.0000000000000000
89.000000000000000,54.000000000000000,0.0000000000000000
90.000000000000000,54.000000000000000,0.0000000000000000
91.000000000000000,54.000000000000000,0.0000000000000000
92.000000000000000,54.000000000000000,0.0000000000000000
93.000000000000000,54.000000000000000,0.40000000596046448
94.000000000000000,54.000000000000000,0.0000000000000000
95.000000000000000,54.000000000000000,0.0000000000000000
96.000000000000000,54.000000000000000,0.0000000000000000
97.000000000000000,54.000000000000000,0.0000000000000000
98.000000000000000,54.000000000000000,0.0000000000000000
99.000000000000000,54.000000000000000,0.0000000000000000
100.00000000000000,54.000000000000000,0.0000000000000000
101.00000000000000,54.000000000000000,0.0000000000000000
102.00000000000000,54.000000000000000,0.0000000000000000
103.00000000000000,54.000000000000000,0.0000000000000000
104.00000000000000,54.000000000000000,0.0000000000000000
105.00000000000000,54.000000000000000,0.0000000000000000
106.00000000000000,54.000000000000000,0.0000000000000000
107.00000000000000,54.000000000000000,0.0000000000000000
108.00000000000000,54.000000000000000,0.0000000000000000
109.00000000000000,54.000000000000000,0.0000000000000000
110.00000000000000,54.000000000000000,0.0000000000000000
111.00000000000000,54.000000000000000,0.0000000000000000
112.00000000000000,54.000000000000000,0.0000000000000000
113.00000000000000,54.000000000000000,0.0000000000000000
1.0000000000000000,55.000000000000000,0.0000000000000000
2.0000000000000000,55.000000000000000,0.0000000000000000
3.0000000000000000,55.000000000000000,0.0000000000000000
4.0000000000000000,55.000000000000000,0.0000000000000000
5.0000000000000000,55.000000000000000,0.0000000000000000
6.0000000000000000,55.000000000000000,0.0000000000000000
7.0000000000000000,55.000000000000000,0.0000000000000000
8.0000000000000000,55.000000000000000,0.0000000000000000
9.0000000000000000,55.000000000000000,0.0000000000000000
10.000000000000000,55.000000000000000,0.0000000000000000
11.000000000000000,55.000000000000000,0.0000000000000000
12.000000000000000,55.000000000000000,0.0000000000000000
13.000000000000000,55.000000000000000,0.0000000000000000
14.000000000000000,55.000000000000000,0.0000000000000000
15.000000000000000,55.000000000000000,0.0000000000000000
16.000000000000000,55.000000000000000,0.0000000000000000
17.000000000000000,55.000000000000000,0.0000000000000000
18.000000000000000,55.000000000000000,0.0000000000000000
19.000000000000000,55.000000000000000,0.0000000000000000
20.000000000000000,55.000000000000000,0.0000000000000000
21.000000000000000,55.000000000000000,0.0000000000000000
22.000000000000000,55.000000000000000,0.0000000000000000
23.000000000000000,55.000000000000000,0.0000000000000000
24.000000000000000,55.000000000000000,0.0000000000000000
25.000000000000000,55.000000000000000,0.0000000000000000
26.000000000000000,55.000000000000000,0.0000000000000000
27.000000000000000,55.000000000000000,0.0000000000000000
28.000000000000000,55.000000000000000,0.0000000000000000
29.000000000000000,55.000000000000000,0.0000000000000000
30.000000000000000,55.000000000000000,0.0000000000000000
31.000000000000000,55.000000000000000,0.0000000000000000
32.000000000000000,55.000000000000000,0.0000000000000000
33.000000000000000,55.000000000000000,0.0000000000000000
34.000000000000000,55.000000000000000,0.0000000000000000
35.000000000000000,55.000000000000000,0.0000000000000000
36.000000000000000,55.000000000000000,0.0000000000000000
37.000000000000000,55.000000000000000,0.0000000000000000
38.000000000000000,55.000000000000000,0.0000000000000000
39.000000000000000,55.000000000000000,0.0000000000000000
40.000000000000000,55.000000000000000,0.0000000000000000
41.000000000000000,55.000000000000000,0.0000000000000000
42.000000000000000,55.000000000000000,0.0000000000000000
43.000000000000000,55.000000000000000,0.0000000000000000
44.000000000000000,55.000000000000000,0.0000000000000000
45.000000000000000,55.000000000000000,0.0000000000000000
46.000000000000000,55.000000000000000,0.0000000000000000
47.000000000000000,55.000000000000000,0.0000000000000000
48.000000000000000,55.000000000000000,0.0000000000000000
49.000000000000000,55.000000000000000,0.0000000000000000
50.000000000000000,55.000000000000000,0.0000000000000000
51.000000000000000,55.000000000000000,0.0000000000000000
52.000000000000000,55.000000000000000,0.0000000000000000
53.000000000000000,55.000000000000000,0.0000000000000000
54.000000000000000,55.000000000000000,0.0000000000000000
55.000000000000000,55.000000000000000,0.0000000000000000
56.000000000000000,55.000000000000000,0.0000000000000000
57.000000000000000,55.000000000000000,0.0000000000000000
58.000000000000000,55.000000000000000,0.0000000000000000
59.000000000000000,55.000000000000000,0.0000000000000000
60.000000000000000,55.000000000000000,0.0000000000000000
61.000000000000000,55.000000000000000,0.0000000000000000
62.000000000000000,55.000000000000000,0.0000000000000000
63.000000000000000,55.000000000000000,0.0000000000000000
64.000000000000000,55.000000000000000,0.0000000000000000
65.000000000000000,55.000000000000000,0.0000000000000000
66.000000000000000,55.000000000000000,0.0000000000000000
67.000000000000000,55.000000000000000,0.0000000000000000
68.000000000000000,55.000000000000000,0.0000000000000000
69.000000000000000,55.000000000000000,0.0000000000000000
70.000000000000000,55.000000000000000,0.0000000000000000
71.000000000000000,55.000000000000000,0.0000000000000000
72.000000000000000,55.000000000000000,0.0000000000000000
73.000000000000000,55.000000000000000,0.0000000000000000
74.000000000000000,55.000000000000000,0.0000000000000000
75.000000000000000,55.000000000000000,0.0000000000000000
76.000000000000000,55.000000000000000,0.0000000000000000
77.000000000000000,55.000000000000000,0.0000000000000000
78.000000000000000,55.000000000000000,0.0000000000000000
79.000000000000000,55.000000000000000,0.0000000000000000
80.000000000000000,55.000000000000000,0.0000000000000000
81.000000000000000,55.000000000000000,0.0000000000000000
82.000000000000000,55.000000000000000,0.0000000000000000
83.000000000000000,55.000000000000000,0.0000000000000000
84.000000000000000,55.000000000000000,0.0000000000000000
85.000000000000000,55.000000000000000,0.0000000000000000
86.000000000000000,55.000000000000000,0.0000000000000000
87.000000000000000,55.000000000000000,0.0000000000000000
88.000000000000000,55.000000000000000,0.0000000000000000
89.000000000000000,55.000000000000000,0.0000000000000000
90.000000000000000,55.000000000000000,0.0000000000000000
91.000000000000000,55.000000000000000,0.0000000000000000
92.000000000000000,55.000000000000000,0.0000000000000000
93.000000000000000,55.000000000000000,0.40000000596046448
94.000000000000000,55.000000000000000,0.0000000000000000
95.000000000000000,55.000000000000000,0.0000000000000000
96.000000000000000,55.000000000000000,0.0000000000000000
97.000000000000000,55.000000000000000,0.0000000000000000
98.000000000000000,55.000000000000000,0.0000000000000000
99.000000000000000,55.000000000000000,0.0000000000000000
100.00000000000000,55.000000000000000,0.0000000000000000
101.00000000000000,55.000000000000000,0.0000000000000000
102.00000000000000,55.000000000000000,0.0000000000000000
103.00000000000000,55.000000000000000,0.0000000000000000
104.00000000000000,55.000000000000000,0.0000000000000000
105.00000000000000,55.000000000000000,0.0000000000000000
106.00000000000000,55.000000000000000,0.0000000000000000
107.00000000000000,55.000000000000000,0.0000000000000000
108.00000000000000,55.000000000000000,0.0000000000000000
109.00000000000000,55.000000000000000,0.0000000000000000
110.00000000000000,55.000000000000000,0.0000000000000000
111.00000000000000,55.000000000000000,0.0000000000000000
112.00000000000000,55.000000000000000,0.0000000000000000
113.00000000000000,55.000000000000000,0.0000000000000000
1.0000000000000000,56.000000000000000,0.0000000000000000
2.0000000000000000,56.000000000000000,0.0000000000000000
3.0000000000000000,56.000000000000000,0.0000000000000000
4.0000000000000000,56.000000000000000,0.0000000000000000
5.0000000000000000,56.000000000000000,0.0000000000000000
6.0000000000000000,56.000000000000000,0.0000000000000000
7.0000000000000000,56.000000000000000,0.0000000000000000
8.0000000000000000,56.000000000000000,0.0000000000000000
9.0000000000000000,56.000000000000000,0.0000000000000000
10.000000000000000,56.000000000000000,0.0000000000000000
11.000000000000000,56.000000000000000,0.0000000000000000
12.000000000000000,56.000000000000000,0.0000000000000000
13.000000000000000,56.000000000000000,0.0000000000000000
14.000000000000000,56.000000000000000,0.0000000000000000
15.000000000000000,56.000000000000000,0.0000000000000000
16.000000000000000,56.000000000000000,0.0000000000000000
17.000000000000000,56.000000000000000,0.0000000000000000
18.000000000000000,56.000000000000000,0.0000000000000000
19.000000000000000,56.000000000000000,0.0000000000000000
20.000000000000000,56.000000000000000,0.0000000000000000
21.000000000000000,56.000000000000000,0.0000000000000000
22.000000000000000,56.000000000000000,0.0000000000000000
23.000000000000000,56.000000000000000,0.0000000000000000
24.000000000000000,56.000000000000000,0.0000000000000000
25.000000000000000,56.000000000000000,0.0000000000000000
26.000000000000000,56.000000000000000,0.0000000000000000
27.000000000000000,56.000000000000000,0.0000000000000000
28.000000000000000,56.000000000000000,0.0000000000000000
29.000000000000000,56.000000000000000,0.0000000000000000
30.000000000000000,56.000000000000000,0.0000000000000000
31.000000000000000,56.000000000000000,0.0000000000000000
32.000000000000000,56.000000000000000,0.0000000000000000
33.000000000000000,56.000000000000000,0.0000000000000000
34.000000000000000,56.000000000000000,0.0000000000000000
35.000000000000000,56.000000000000000,0.0000000000000000
36.000000000000000,56.000000000000000,0.0000000000000000
37.000000000000000,56.000000000000000,0.0000000000000000
38.000000000000000,56.000000000000000,0.0000000000000000
39.000000000000000,56.000000000000000,0.0000000000000000
40.000000000000000,56.000000000000000,0.0000000000000000
41.000000000000000,56.000000000000000,0.0000000000000000
42.000000000000000,56.000000000000000,0.0000000000000000
43.000000000000000,56.000000000000000,0.0000000000000000
44.000000000000000,56.000000000000000,0.0000000000000000
45.000000000000000,56.000000000000000,0.0000000000000000
46.000000000000000,56.000000000000000,0.0000000000000000
47.000000000000000,56.000000000000000,0.0000000000000000
48.000000000000000,56.000000000000000,0.0000000000000000
49.000000000000000,56.000000000000000,0.0000000000000000
50.000000000000000,56.000000000000000,0.0000000000000000
51.000000000000000,56.000000000000000,0.0000000000000000
52.000000000000000,56.000000000000000,0.0000000000000000
53.000000000000000,56.000000000000000,0.0000000000000000
54.000000000000000,56.000000000000000,0.0000000000000000
55.000000000000000,56.000000000000000,0.0000000000000000
56.000000000000000,56.000000000000000,0.0000000000000000
57.000000000000000,56.000000000000000,0.0000000000000000
58.000000000000000,56.000000000000000,0.0000000000000000
59.000000000000000,56.000000000000000,0.0000000000000000
60.000000000000000,56.000000000000000,0.0000000000000000
61.000000000000000,56.000000000000000,0.0000000000000000
62.000000000000000,56.000000000000000,0.0000000000000000
63.000000000000000,56.000000000000000,0.0000000000000000
64.000000000000000,56.000000000000000,0.0000000000000000
65.000000000000000,56.000000000000000,0.0000000000000000
66.000000000000000,56.000000000000000,0.0000000000000000
67.000000000000000,56.000000000000000,0.0000000000000000
68.000000000000000,56.000000000000000,0.0000000000000000
69.000000000000000,56.000000000000000,0.0000000000000000
70.000000000000000,56.000000000000000,0.0000000000000000
71.000000000000000,56.000000000000000,0.0000000000000000
72.000000000000000,56.000000000000000,0.0000000000000000
73.000000000000000,56.000000000000000,0.0000000000000000
74.000000000000000,56.000000000000000,0.0000000000000000
75.000000000000000,56.000000000000000,0.0000000000000000
76.000000000000000,56.000000000000000,0.0000000000000000
77.000000000000000,56.000000000000000,0.0000000000000000
78.000000000000000,56.000000000000000,0.0000000000000000
79.000000000000000,56.000000000000000,0.0000000000000000
80.000000000000000,56.000000000000000,0.0000000000000000
81.000000000000000,56.000000000000000,0.0000000000000000
82.000000000000000,56.000000000000000,0.0000000000000000
83.000000000000000,56.000000000000000,0.0000000000000000
84.000000000000000,56.000000000000000,0.0000000000000000
85.000000000000000,56.000000000000000,0.0000000000000000
86.000000000000000,56.000000000000000,0.0000000000000000
87.000000000000000,56.000000000000000,0.0000000000000000
88.000000000000000,56.000000000000000,0.0000000000000000
89.000000000000000,56.000000000000000,0.0000000000000000
90.000000000000000,56.000000000000000,0.0000000000000000
91.000000000000000,56.000000000000000,0.0000000000000000
92.000000000000000,56.000000000000000,0.0000000000000000
93.000000000000000,56.000000000000000,0.40000000596046448
94.000000000000000,56.000000000000000,0.0000000000000000
95.000000000000000,56.000000000000000,0.0000000000000000
96.000000000000000,56.000000000000000,0.0000000000000000
97.000000000000000,56.000000000000000,0.0000000000000000
98.000000000000000,56.000000000000000,0.0000000000000000
99.000000000000000,56.000000000000000,0.0000000000000000
100.00000000000000,56.000000000000000,0.0000000000000000
101.00000000000000,56.000000000000000,0.0000000000000000
102.00000000000000,56.000000000000000,0.0000000000000000
103.00000000000000,56.000000000000000,0.0000000000000000
104.00000000000000,56.000000000000000,0.0000000000000000
105.00000000000000,56.000000000000000,0.0000000000000000
106.00000000000000,56.000000000000000,0.0000000000000000
107.00000000000000,56.000000000000000,0.0000000000000000
108.00000000000000,56.000000000000000,0.0000000000000000
109.00000000000000,56.000000000000000,0.0000000000000000
110.00000000000000,56.000000000000000,0.0000000000000000
111.00000000000000,56.000000000000000,0.0000000000000000
112.00000000000000,56.000000000000000,0.0000000000000000
113.00000000000000,56.000000000000000,0.0000000000000000
1.0000000000000000,57.000000000000000,0.0000000000000000
2.0000000000000000,57.000000000000000,0.0000000000000000
3.0000000000000000,57.000000000000000,0.0000000000000000
4.0000000000000000,57.000000000000000,0.0000000000000000
5.0000000000000000,57.000000000000000,0.0000000000000000
6.0000000000000000,57.000000000000000,0.0000000000000000
7.0000000000000000,57.000000000000000,0.0000000000000000
8.0000000000000000,57.000000000000000,0.0000000000000000
9.0000000000000000,57.000000000000000,0.0000000000000000
10.000000000000000,57.000000000000000,0.0000000000000000
11.000000000000000,57.000000000000000,0.0000000000000000
12.000000000000000,57.000000000000000,0.0000000000000000
13.000000000000000,57.000000000000000,0.0000000000000000
14.000000000000000,57.000000000000000,0.0000000000000000
15.000000000000000,57.000000000000000,0.0000000000000000
16.000000000000000,57.000000000000000,0.0000000000000000
17.000000000000000,57.000000000000000,0.0000000000000000
18.000000000000000,57.000000000000000,0.0000000000000000
19.000000000000000,57.000000000000000,0.0000000000000000
20.000000000000000,57.000000000000000,0.0000000000000000
21.000000000000000,57.000000000000000,0.0000000000000000
22.000000000000000,57.000000000000000,0.0000000000000000
23.000000000000000,57.000000000000000,0.0000000000000000
24.000000000000000,57.000000000000000,0.0000000000000000
25.000000000000000,57.000000000000000,0.0000000000000000
26.000000000000000,57.000000000000000,0.0000000000000000
27.000000000000000,57.000000000000000,0.0000000000000000
28.000000000000000,57.000000000000000,0.0000000000000000
29.000000000000000,57.000000000000000,0.0000000000000000
30.000000000000000,57.000000000000000,0.0000000000000000
31.000000000000000,57.000000000000000,0.0000000000000000
32.000000000000000,57.000000000000000,0.0000000000000000
33.000000000000000,57.000000000000000,0.0000000000000000
34.000000000000000,57.000000000000000,0.0000000000000000
35.000000000000000,57.000000000000000,0.0000000000000000
36.000000000000000,57.000000000000000,0.0000000000000000
37.000000000000000,57.000000000000000,0.0000000000000000
38.000000000000000,57.000000000000000,0.0000000000000000
39.000000000000000,57.000000000000000,0.0000000000000000
40.000000000000000,57.000000000000000,0.0000000000000000
41.000000000000000,57.000000000000000,0.0000000000000000
42.000000000000000,57.000000000000000,0.0000000000000000
43.000000000000000,57.000000000000000,0.0000000000000000
44.000000000000000,57.000000000000000,0.0000000000000000
45.000000000000000,57.000000000000000,0.0000000000000000
46.000000000000000,57.000000000000000,0.0000000000000000
47.000000000000000,57.000000000000000,0.0000000000000000
48.000000000000000,57.000000000000000,0.0000000000000000
49.000000000000000,57.000000000000000,0.0000000000000000
50.000000000000000,57.000000000000000,0.0000000000000000
51.000000000000000,57.000000000000000,0.0000000000000000
52.000000000000000,57.000000000000000,0.0000000000000000
53.000000000000000,57.000000000000000,0.0000000000000000
54.000000000000000,57.000000000000000,0.0000000000000000
55.000000000000000,57.000000000000000,0.0000000000000000
56.000000000000000,57.000000000000000,0.0000000000000000
57.000000000000000,57.000000000000000,0.0000000000000000
58.000000000000000,57.000000000000000,0.0000000000000000
59.000000000000000,57.000000000000000,0.0000000000000000
60.000000000000000,57.000000000000000,0.0000000000000000
61.000000000000000,57.000000000000000,0.0000000000000000
62.000000000000000,57.000000000000000,0.0000000000000000
63.000000000000000,57.000000000000000,0.0000000000000000
64.000000000000000,57.000000000000000,0.0000000000000000
65.000000000000000,57.000000000000000,0.0000000000000000
66.000000000000000,57.000000000000000,0.0000000000000000
67.000000000000000,57.000000000000000,0.0000000000000000
68.000000000000000,57.000000000000000,0.0000000000000000
69.000000000000000,57.000000000000000,0.0000000000000000
70.000000000000000,57.000000000000000,0.0000000000000000
71.000000000000000,57.000000000000000,0.0000000000000000
72.000000000000000,57.000000000000000,0.0000000000000000
73.000000000000000,57.000000000000000,0.0000000000000000
74.000000000000000,57.000000000000000,0.0000000000000000
75.000000000000000,57.000000000000000,0.0000000000000000
76.000000000000000,57.000000000000000,0.0000000000000000
77.000000000000000,57.000000000000000,0.0000000000000000
78.000000000000000,57.000000000000000,0.0000000000000000
79.000000000000000,57.000000000000000,0.0000000000000000
80.000000000000000,57.000000000000000,0.0000000000000000
81.000000000000000,57.000000000000000,0.0000000000000000
82.000000000000000,57.000000000000000,0.0000000000000000
83.000000000000000,57.000000000000000,0.0000000000000000
84.000000000000000,57.000000000000000,0.0000000000000000
85.000000000000000,57.000000000000000,0.0000000000000000
86.000000000000000,57.000000000000000,0.0000000000000000
87.000000000000000,57.000000000000000,0.0000000000000000
88.000000000000000,57.000000000000000,0.0000000000000000
89.000000000000000,57.000000000000000,0.0000000000000000
90.000000000000000,57.000000000000000,0.0000000000000000
91.000000000000000,57.000000000000000,0.0000000000000000
92.000000000000000,57.000000000000000,0.0000000000000000
93.000000000000000,57.000000000000000,0.40000000596046448
94.000000000000000,57.000000000000000,0.0000000000000000
95.000000000000000,57.000000000000000,0.0000000000000000
96.000000000000000,57.000000000000000,0.0000000000000000
97.000000000000000,57.000000000000000,0.0000000000000000
98.000000000000000,57.000000000000000,0.0000000000000000
99.000000000000000,57.000000000000000,0.0000000000000000
100.00000000000000,57.000000000000000,0.0000000000000000
101.00000000000000,57.000000000000000,0.0000000000000000
102.00000000000000,57.000000000000000,0.0000000000000000
103.00000000000000,57.000000000000000,0.0000000000000000
104.00000000000000,57.000000000000000,0.0000000000000000
105.00000000000000,57.000000000000000,0.0000000000000000
106.00000000000000,57.000000000000000,0.0000000000000000
107.00000000000000,57.000000000000000,0.0000000000000000
108.00000000000000,57.000000000000000,0.0000000000000000
109.00000000000000,57.000000000000000,0.0000000000000000
110.00000000000000,57.000000000000000,0.0000000000000000
111.00000000000000,57.000000000000000,0.0000000000000000
112.00000000000000,57.000000000000000,0.0000000000000000
113.00000000000000,57.000000000000000,0.0000000000000000
1.0000000000000000,58.000000000000000,0.0000000000000000
2.0000000000000000,58.000000000000000,0.0000000000000000
3.0000000000000000,58.000000000000000,0.0000000000000000
4.0000000000000000,58.000000000000000,0.0000000000000000
5.0000000000000000,58.000000000000000,0.0000000000000000
6.0000000000000000,58.000000000000000,0.0000000000000000
7.0000000000000000,58.000000000000000,0.0000000000000000
8.0000000000000000,58.000000000000000,0.0000000000000000
9.0000000000000000,58.000000000000000,0.0000000000000000
10.000000000000000,58.000000000000000,0.0000000000000000
11.000000000000000,58.000000000000000,0.0000000000000000
12.000000000000000,58.000000000000000,0.0000000000000000
13.000000000000000,58.000000000000000,0.0000000000000000
14.000000000000000,58.000000000000000,0.0000000000000000
15.000000000000000,58.000000000000000,0.0000000000000000
16.000000000000000,58.000000000000000,0.0000000000000000
17.000000000000000,58.000000000000000,0.0000000000000000
18.000000000000000,58.000000000000000,0.0000000000000000
19.000000000000000,58.000000000000000,0.0000000000000000
20.000000000000000,58.000000000000000,0.0000000000000000
21.000000000000000,58.000000000000000,0.0000000000000000
22.000000000000000,58.000000000000000,0.0000000000000000
23.000000000000000,58.000000000000000,0.0000000000000000
24.000000000000000,58.000000000000000,0.0000000000000000
25.000000000000000,58.000000000000000,0.0000000000000000
26.000000000000000,58.000000000000000,0.0000000000000000
27.000000000000000,58.000000000000000,0.0000000000000000
28.000000000000000,58.000000000000000,0.0000000000000000
29.000000000000000,58.000000000000000,0.0000000000000000
30.000000000000000,58.000000000000000,0.0000000000000000
31.000000000000000,58.000000000000000,0.0000000000000000
32.000000000000000,58.000000000000000,0.0000000000000000
33.000000000000000,58.000000000000000,0.0000000000000000
34.000000000000000,58.000000000000000,0.0000000000000000
35.000000000000000,58.000000000000000,0.0000000000000000
36.000000000000000,58.000000000000000,0.0000000000000000
37.000000000000000,58.000000000000000,0.0000000000000000
38.000000000000000,58.000000000000000,0.0000000000000000
39.000000000000000,58.000000000000000,0.0000000000000000
40.000000000000000,58.000000000000000,0.0000000000000000
41.000000000000000,58.000000000000000,0.0000000000000000
42.000000000000000,58.000000000000000,0.0000000000000000
43.000000000000000,58.000000000000000,0.0000000000000000
44.000000000000000,58.000000000000000,0.0000000000000000
45.000000000000000,58.000000000000000,0.0000000000000000
46.000000000000000,58.000000000000000,0.0000000000000000
47.000000000000000,58.000000000000000,0.0000000000000000
48.000000000000000,58.000000000000000,0.0000000000000000
49.000000000000000,58.000000000000000,0.0000000000000000
50.000000000000000,58.000000000000000,0.0000000000000000
51.000000000000000,58.000000000000000,0.0000000000000000
52.000000000000000,58.000000000000000,0.0000000000000000
53.000000000000000,58.000000000000000,0.0000000000000000
54.000000000000000,58.000000000000000,0.0000000000000000
55.000000000000000,58.000000000000000,0.0000000000000000
56.000000000000000,58.000000000000000,0.0000000000000000
57.000000000000000,58.000000000000000,0.0000000000000000
58.000000000000000,58.000000000000000,0.0000000000000000
59.000000000000000,58.000000000000000,0.0000000000000000
60.000000000000000,58.000000000000000,0.0000000000000000
61.000000000000000,58.000000000000000,0.0000000000000000
62.000000000000000,58.000000000000000,0.0000000000000000
63.000000000000000,58.000000000000000,0.0000000000000000
64.000000000000000,58.000000000000000,0.0000000000000000
65.000000000000000,58.000000000000000,0.0000000000000000
66.000000000000000,58.000000000000000,0.0000000000000000
67.000000000000000,58.000000000000000,0.0000000000000000
68.000000000000000,58.000000000000000,0.0000000000000000
69.000000000000000,58.000000000000000,0.0000000000000000
70.000000000000000,58.000000000000000,0.0000000000000000
71.000000000000000,58.000000000000000,0.0000000000000000
72.000000000000000,58.000000000000000,0.0000000000000000
73.000000000000000,58.000000000000000,0.0000000000000000
74.000000000000000,58.000000000000000,0.0000000000000000
75.000000000000000,58.000000000000000,0.0000000000000000
76.000000000000000,58.000000000000000,0.0000000000000000
77.000000000000000,58.000000000000000,0.0000000000000000
78.000000000000000,58.000000000000000,0.0000000000000000
79.000000000000000,58.000000000000000,0.0000000000000000
80.000000000000000,58.000000000000000,0.0000000000000000
81.000000000000000,58.000000000000000,0.0000000000000000
82.000000000000000,58.000000000000000,0.0000000000000000
83.000000000000000,58.000000000000000,0.0000000000000000
84.000000000000000,58.000000000000000,0.0000000000000000
85.000000000000000,58.000000000000000,0.0000000000000000
86.000000000000000,58.000000000000000,0.0000000000000000
87.000000000000000,58.000000000000000,0.0000000000000000
88.000000000000000,58.000000000000000,0.0000000000000000
89.000000000000000,58.000000000000000,0.0000000000000000
90.000000000000000,58.000000000000000,0.0000000000000000
91.000000000000000,58.000000000000000,0.0000000000000000
92.000000000000000,58.000000000000000,0.0000000000000000
93.000000000000000,58.000000000000000,0.40000000596046448
94.000000000000000,58.000000000000000,0.40000000596046448
95.000000000000000,58.000000000000000,0.0000000000000000
96.000000000000000,58.000000000000000,0.0000000000000000
97.000000000000000,58.000000000000000,0.0000000000000000
98.000000000000000,58.000000000000000,0.0000000000000000
99.000000000000000,58.000000000000000,0.0000000000000000
100.00000000000000,58.000000000000000,0.0000000000000000
101.00000000000000,58.000000000000000,0.0000000000000000
102.00000000000000,58.000000000000000,0.0000000000000000
103.00000000000000,58.000000000000000,0.0000000000000000
104.00000000000000,58.000000000000000,0.0000000000000000
105.00000000000000,58.000000000000000,0.0000000000000000
106.00000000000000,58.000000000000000,0.0000000000000000
107.00000000000000,58.000000000000000,0.0000000000000000
108.00000000000000,58.000000000000000,0.0000000000000000
109.00000000000000,58.000000000000000,0.0000000000000000
110.00000000000000,58.000000000000000,0.0000000000000000
111.00000000000000,58.000000000000000,0.0000000000000000
112.00000000000000,58.000000000000000,0.0000000000000000
113.00000000000000,58.000000000000000,0.0000000000000000
1.0000000000000000,59.000000000000000,0.0000000000000000
2.0000000000000000,59.000000000000000,0.0000000000000000
3.0000000000000000,59.000000000000000,0.0000000000000000
4.0000000000000000,59.000000000000000,0.0000000000000000
5.0000000000000000,59.000000000000000,0.0000000000000000
6.0000000000000000,59.000000000000000,0.0000000000000000
7.0000000000000000,59.000000000000000,0.0000000000000000
8.0000000000000000,59.000000000000000,0.0000000000000000
9.0000000000000000,59.000000000000000,0.0000000000000000
10.000000000000000,59.000000000000000,0.0000000000000000
11.000000000000000,59.000000000000000,0.0000000000000000
12.000000000000000,59.000000000000000,0.0000000000000000
13.000000000000000,59.000000000000000,0.0000000000000000
14.000000000000000,59.000000000000000,0.0000000000000000
15.000000000000000,59.000000000000000,0.0000000000000000
16.000000000000000,59.000000000000000,0.0000000000000000
17.000000000000000,59.000000000000000,0.0000000000000000
18.000000000000000,59.000000000000000,0.0000000000000000
19.000000000000000,59.000000000000000,0.0000000000000000
20.000000000000000,59.000000000000000,0.0000000000000000
21.000000000000000,59.000000000000000,0.0000000000000000
22.000000000000000,59.000000000000000,0.0000000000000000
23.000000000000000,59.000000000000000,0.0000000000000000
24.000000000000000,59.000000000000000,0.0000000000000000
25.000000000000000,59.000000000000000,0.0000000000000000
26.000000000000000,59.000000000000000,0.0000000000000000
27.000000000000000,59.000000000000000,0.0000000000000000
28.000000000000000,59.000000000000000,0.0000000000000000
29.000000000000000,59.000000000000000,0.0000000000000000
30.000000000000000,59.000000000000000,0.0000000000000000
31.000000000000000,59.000000000000000,0.0000000000000000
32.000000000000000,59.000000000000000,0.0000000000000000
33.000000000000000,59.000000000000000,0.0000000000000000
34.000000000000000,59.000000000000000,0.0000000000000000
35.000000000000000,59.000000000000000,0.0000000000000000
36.000000000000000,59.000000000000000,0.0000000000000000
37.000000000000000,59.000000000000000,0.0000000000000000
38.000000000000000,59.000000000000000,0.0000000000000000
39.000000000000000,59.000000000000000,0.0000000000000000
40.000000000000000,59.000000000000000,0.0000000000000000
41.000000000000000,59.000000000000000,0.0000000000000000
42.000000000000000,59.000000000000000,0.0000000000000000
43.000000000000000,59.000000000000000,0.0000000000000000
44.000000000000000,59.000000000000000,0.0000000000000000
45.000000000000000,59.000000000000000,0.0000000000000000
46.000000000000000,59.000000000000000,0.0000000000000000
47.000000000000000,59.000000000000000,0.0000000000000000
48.000000000000000,59.000000000000000,0.0000000000000000
49.000000000000000,59.000000000000000,0.0000000000000000
50.000000000000000,59.000000000000000,0.0000000000000000
51.000000000000000,59.000000000000000,0.0000000000000000
52.000000000000000,59.000000000000000,0.0000000000000000
53.000000000000000,59.000000000000000,0.0000000000000000
54.000000000000000,59.000000000000000,0.0000000000000000
55.000000000000000,59.000000000000000,0.0000000000000000
56.000000000000000,59.000000000000000,0.0000000000000000
57.000000000000000,59.000000000000000,0.0000000000000000
58.000000000000000,59.000000000000000,0.0000000000000000
59.000000000000000,59.000000000000000,0.0000000000000000
60.000000000000000,59.000000000000000,0.0000000000000000
61.000000000000000,59.000000000000000,0.0000000000000000
62.000000000000000,59.000000000000000,0.0000000000000000
63.000000000000000,59.000000000000000,0.0000000000000000
64.000000000000000,59.000000000000000,0.0000000000000000
65.000000000000000,59.000000000000000,0.0000000000000000
66.000000000000000,59.000000000000000,0.0000000000000000
67.000000000000000,59.000000000000000,0.0000000000000000
68.000000000000000,59.000000000000000,0.0000000000000000
69.000000000000000,59.000000000000000,0.0000000000000000
70.000000000000000,59.000000000000000,0.0000000000000000
71.000000000000000,59.000000000000000,0.0000000000000000
72.000000000000000,59.000000000000000,0.0000000000000000
73.000000000000000,59.000000000000000,0.0000000000000000
74.000000000000000,59.000000000000000,0.0000000000000000
75.000000000000000,59.000000000000000,0.0000000000000000
76.000000000000000,59.000000000000000,0.0000000000000000
77.000000000000000,59.000000000000000,0.0000000000000000
78.000000000000000,59.000000000000000,0.0000000000000000
79.000000000000000,59.000000000000000,0.0000000000000000
80.000000000000000,59.000000000000000,0.0000000000000000
81.000000000000000,59.000000000000000,0.0000000000000000
82.000000000000000,59.000000000000000,0.0000000000000000
83.000000000000000,59.000000000000000,0.0000000000000000
84.000000000000000,59.000000000000000,0.0000000000000000
85.000000000000000,59.000000000000000,0.0000000000000000
86.000000000000000,59.000000000000000,0.0000000000000000
87.000000000000000,59.000000000000000,0.0000000000000000
88.000000000000000,59.000000000000000,0.0000000000000000
89.000000000000000,59.000000000000000,0.0000000000000000
90.000000000000000,59.000000000000000,0.0000000000000000
91.000000000000000,59.000000000000000,0.0000000000000000
92.000000000000000,59.000000000000000,0.0000000000000000
93.000000000000000,59.000000000000000,0.40000000596046448
94.000000000000000,59.000000000000000,0.40000000596046448
95.000000000000000,59.000000000000000,0.0000000000000000
96.000000000000000,59.000000000000000,0.0000000000000000
97.000000000000000,59.000000000000000,0.0000000000000000
98.000000000000000,59.000000000000000,0.0000000000000000
99.000000000000000,59.000000000000000,0.0000000000000000
100.00000000000000,59.000000000000000,0.0000000000000000
101.00000000000000,59.000000000000000,0.0000000000000000
102.00000000000000,59.000000000000000,0.0000000000000000
103.00000000000000,59.000000000000000,0.0000000000000000
104.00000000000000,59.000000000000000,0.0000000000000000
105.00000000000000,59.000000000000000,0.0000000000000000
106.00000000000000,59.000000000000000,0.0000000000000000
107.00000000000000,59.000000000000000,0.0000000000000000
108.00000000000000,59.000000000000000,0.0000000000000000
109.00000000000000,59.000000000000000,0.0000000000000000
110.00000000000000,59.000000000000000,0.0000000000000000
111.00000000000000,59.000000000000000,0.0000000000000000
112.00000000000000,59.000000000000000,0.0000000000000000
113.00000000000000,59.000000000000000,0.0000000000000000
1.0000000000000000,60.000000000000000,0.0000000000000000
2.0000000000000000,60.000000000000000,0.0000000000000000
3.0000000000000000,60.000000000000000,0.0000000000000000
4.0000000000000000,60.000000000000000,0.0000000000000000
5.0000000000000000,60.000000000000000,0.0000000000000000
6.0000000000000000,60.000000000000000,0.0000000000000000
7.0000000000000000,60.000000000000000,0.0000000000000000
8.0000000000000000,60.000000000000000,0.0000000000000000
9.0000000000000000,60.000000000000000,0.0000000000000000
10.000000000000000,60.000000000000000,0.0000000000000000
11.000000000000000,60.000000000000000,0.0000000000000000
12.000000000000000,60.000000000000000,0.0000000000000000
13.000000000000000,60.000000000000000,0.0000000000000000
14.000000000000000,60.000000000000000,0.0000000000000000
15.000000000000000,60.000000000000000,0.0000000000000000
16.000000000000000,60.000000000000000,0.0000000000000000
17.000000000000000,60.000000000000000,0.0000000000000000
18.000000000000000,60.000000000000000,0.0000000000000000
19.000000000000000,60.000000000000000,0.0000000000000000
20.000000000000000,60.000000000000000,0.0000000000000000
21.000000000000000,60.000000000000000,0.0000000000000000
22.000000000000000,60.000000000000000,0.0000000000000000
23.000000000000000,60.000000000000000,0.0000000000000000
24.000000000000000,60.000000000000000,0.0000000000000000
25.000000000000000,60.000000000000000,0.0000000000000000
26.000000000000000,60.000000000000000,0.0000000000000000
27.000000000000000,60.000000000000000,0.0000000000000000
28.000000000000000,60.000000000000000,0.0000000000000000
29.000000000000000,60.000000000000000,0.0000000000000000
30.000000000000000,60.000000000000000,0.0000000000000000
31.000000000000000,60.000000000000000,0.0000000000000000
32.000000000000000,60.000000000000000,0.0000000000000000
33.000000000000000,60.000000000000000,0.0000000000000000
34.000000000000000,60.000000000000000,0.0000000000000000
35.000000000000000,60.000000000000000,0.0000000000000000
36.000000000000000,60.000000000000000,0.0000000000000000
37.000000000000000,60.000000000000000,0.0000000000000000
38.000000000000000,60.000000000000000,0.0000000000000000
39.000000000000000,60.000000000000000,0.0000000000000000
40.000000000000000,60.000000000000000,0.0000000000000000
41.000000000000000,60.000000000000000,0.0000000000000000
42.000000000000000,60.000000000000000,0.0000000000000000
43.000000000000000,60.000000000000000,0.0000000000000000
44.000000000000000,60.000000000000000,0.0000000000000000
45.000000000000000,60.000000000000000,0.0000000000000000
46.000000000000000,60.000000000000000,0.0000000000000000
47.000000000000000,60.000000000000000,0.0000000000000000
48.000000000000000,60.000000000000000,0.0000000000000000
49.000000000000000,60.000000000000000,0.0000000000000000
50.000000000000000,60.000000000000000,0.0000000000000000
51.000000000000000,60.000000000000000,0.0000000000000000
52.000000000000000,60.000000000000000,0.0000000000000000
53.000000000000000,60.000000000000000,0.0000000000000000
54.000000000000000,60.000000000000000,0.0000000000000000
55.000000000000000,60.000000000000000,0.0000000000000000
56.000000000000000,60.000000000000000,0.0000000000000000
57.000000000000000,60.000000000000000,0.0000000000000000
58.000000000000000,60.000000000000000,0.0000000000000000
59.000000000000000,60.000000000000000,0.0000000000000000
60.000000000000000,60.000000000000000,0.0000000000000000
61.000000000000000,60.000000000000000,0.0000000000000000
62.000000000000000,60.000000000000000,0.0000000000000000
63.000000000000000,60.000000000000000,0.0000000000000000
64.000000000000000,60.000000000000000,0.0000000000000000
65.000000000000000,60.000000000000000,0.0000000000000000
66.000000000000000,60.000000000000000,0.0000000000000000
67.000000000000000,60.000000000000000,0.0000000000000000
68.000000000000000,60.000000000000000,0.0000000000000000
69.000000000000000,60.000000000000000,0.0000000000000000
70.000000000000000,60.000000000000000,0.0000000000000000
71.000000000000000,60.000000000000000,0.0000000000000000
72.000000000000000,60.000000000000000,0.0000000000000000
73.000000000000000,60.000000000000000,0.0000000000000000
74.000000000000000,60.000000000000000,0.0000000000000000
75.000000000000000,60.000000000000000,0.0000000000000000
76.000000000000000,60.000000000000000,0.0000000000000000
77.000000000000000,60.000000000000000,0.0000000000000000
78.000000000000000,60.000000000000000,0.0000000000000000
79.000000000000000,60.000000000000000,0.0000000000000000
80.000000000000000,60.000000000000000,0.0000000000000000
81.000000000000000,60.000000000000000,0.0000000000000000
82.000000000000000,60.000000000000000,0.0000000000000000
83.000000000000000,60.000000000000000,0.0000000000000000
84.000000000000000,60.000000000000000,0.0000000000000000
85.000000000000000,60.000000000000000,0.0000000000000000
86.000000000000000,60.000000000000000,0.0000000000000000
87.000000000000000,60.000000000000000,0.0000000000000000
88.000000000000000,60.000000000000000,0.0000000000000000
89.000000000000000,60.000000000000000,0.0000000000000000
90.000000000000000,60.000000000000000,0.0000000000000000
91.000000000000000,60.000000000000000,0.0000000000000000
92.000000000000000,60.000000000000000,0.0000000000000000
93.000000000000000,60.000000000000000,0.40000000596046448
94.000000000000000,60.000000000000000,0.40000000596046448
95.000000000000000,60.000000000000000,0.0000000000000000
96.000000000000000,60.000000000000000,0.0000000000000000
97.000000000000000,60.000000000000000,0.0000000000000000
98.000000000000000,60.000000000000000,0.0000000000000000
99.000000000000000,60.000000000000000,0.0000000000000000
100.00000000000000,60.000000000000000,0.0000000000000000
101.00000000000000,60.000000000000000,0.0000000000000000
102.00000000000000,60.000000000000000,0.0000000000000000
103.00000000000000,60.000000000000000,0.0000000000000000
104.00000000000000,60.000000000000000,0.0000000000000000
105.00000000000000,60.000000000000000,0.0000000000000000
106.00000000000000,60.000000000000000,0.0000000000000000
107.00000000000000,60.000000000000000,0.0000000000000000
108.00000000000000,60.000000000000000,0.0000000000000000
109.00000000000000,60.000000000000000,0.0000000000000000
110.00000000000000,60.000000000000000,0.0000000000000000
111.00000000000000,60.000000000000000,0.0000000000000000
112.00000000000000,60.000000000000000,0.0000000000000000
113.00000000000000,60.000000000000000,0.0000000000000000
1.0000000000000000,61.000000000000000,0.0000000000000000
2.0000000000000000,61.000000000000000,0.0000000000000000
3.0000000000000000,61.000000000000000,0.0000000000000000
4.0000000000000000,61.000000000000000,0.0000000000000000
5.0000000000000000,61.000000000000000,0.0000000000000000
6.0000000000000000,61.000000000000000,0.0000000000000000
7.0000000000000000,61.000000000000000,0.0000000000000000
8.0000000000000000,61.000000000000000,0.0000000000000000
9.0000000000000000,61.000000000000000,0.0000000000000000
10.000000000000000,61.000000000000000,0.0000000000000000
11.000000000000000,61.000000000000000,0.0000000000000000
12.000000000000000,61.000000000000000,0.0000000000000000
13.000000000000000,61.000000000000000,0.0000000000000000
14.000000000000000,61.000000000000000,0.0000000000000000
15.000000000000000,61.000000000000000,0.0000000000000000
16.000000000000000,61.000000000000000,0.0000000000000000
17.000000000000000,61.000000000000000,0.0000000000000000
18.000000000000000,61.000000000000000,0.0000000000000000
19.000000000000000,61.000000000000000,0.0000000000000000
20.000000000000000,61.000000000000000,0.0000000000000000
21.000000000000000,61.000000000000000,0.0000000000000000
22.000000000000000,61.000000000000000,0.0000000000000000
23.000000000000000,61.000000000000000,0.0000000000000000
24.000000000000000,61.000000000000000,0.0000000000000000
25.000000000000000,61.000000000000000,0.0000000000000000
26.000000000000000,61.000000000000000,0.0000000000000000
27.000000000000000,61.000000000000000,0.0000000000000000
28.000000000000000,61.000000000000000,0.0000000000000000
29.000000000000000,61.000000000000000,0.0000000000000000
30.000000000000000,61.000000000000000,0.0000000000000000
31.000000000000000,61.000000000000000,0.0000000000000000
32.000000000000000,61.000000000000000,0.0000000000000000
33.000000000000000,61.000000000000000,0.0000000000000000
34.000000000000000,61.000000000000000,0.0000000000000000
35.000000000000000,61.000000000000000,0.0000000000000000
36.000000000000000,61.000000000000000,0.0000000000000000
37.000000000000000,61.000000000000000,0.0000000000000000
38.000000000000000,61.000000000000000,0.0000000000000000
39.000000000000000,61.000000000000000,0.0000000000000000
40.000000000000000,61.000000000000000,0.0000000000000000
41.000000000000000,61.000000000000000,0.0000000000000000
42.000000000000000,61.000000000000000,0.0000000000000000
43.000000000000000,61.000000000000000,0.0000000000000000
44.000000000000000,61.000000000000000,0.0000000000000000
45.000000000000000,61.000000000000000,0.0000000000000000
46.000000000000000,61.000000000000000,0.0000000000000000
47.000000000000000,61.000000000000000,0.0000000000000000
48.000000000000000,61.000000000000000,0.0000000000000000
49.000000000000000,61.000000000000000,0.0000000000000000
50.000000000000000,61.000000000000000,0.0000000000000000
51.000000000000000,61.000000000000000,0.0000000000000000
52.000000000000000,61.000000000000000,0.0000000000000000
53.000000000000000,61.000000000000000,0.0000000000000000
54.000000000000000,61.000000000000000,0.0000000000000000
55.000000000000000,61.000000000000000,0.0000000000000000
56.000000000000000,61.000000000000000,0.0000000000000000
57.000000000000000,61.000000000000000,0.0000000000000000
58.000000000000000,61.000000000000000,0.0000000000000000
59.000000000000000,61.000000000000000,0.0000000000000000
60.000000000000000,61.000000000000000,0.0000000000000000
61.000000000000000,61.000000000000000,0.0000000000000000
62.000000000000000,61.000000000000000,0.0000000000000000
63.000000000000000,61.000000000000000,0.0000000000000000
64.000000000000000,61.000000000000000,0.0000000000000000
65.000000000000000,61.000000000000000,0.0000000000000000
66.000000000000000,61.000000000000000,0.0000000000000000
67.000000000000000,61.000000000000000,0.0000000000000000
68.000000000000000,61.000000000000000,0.0000000000000000
69.000000000000000,61.000000000000000,0.0000000000000000
70.000000000000000,61.000000000000000,0.0000000000000000
71.000000000000000,61.000000000000000,0.0000000000000000
72.000000000000000,61.000000000000000,0.0000000000000000
73.000000000000000,61.000000000000000,0.0000000000000000
74.000000000000000,61.000000000000000,0.0000000000000000
75.000000000000000,61.000000000000000,0.0000000000000000
76.000000000000000,61.000000000000000,0.0000000000000000
77.000000000000000,61.000000000000000,0.0000000000000000
78.000000000000000,61.000000000000000,0.0000000000000000
79.000000000000000,61.000000000000000,0.0000000000000000
80.000000000000000,61.000000000000000,0.0000000000000000
81.000000000000000,61.000000000000000,0.0000000000000000
82.000000000000000,61.000000000000000,0.0000000000000000
83.000000000000000,61.000000000000000,0.0000000000000000
84.000000000000000,61.000000000000000,0.0000000000000000
85.000000000000000,61.000000000000000,0.0000000000000000
86.000000000000000,61.000000000000000,0.0000000000000000
87.000000000000000,61.000000000000000,0.0000000000000000
88.000000000000000,61.000000000000000,0.0000000000000000
89.000000000000000,61.000000000000000,0.0000000000000000
90.000000000000000,61.000000000000000,0.0000000000000000
91.000000000000000,61.000000000000000,0.0000000000000000
92.000000000000000,61.000000000000000,0.0000000000000000
93.000000000000000,61.000000000000000,0.40000000596046448
94.000000000000000,61.000000000000000,0.40000000596046448
95.000000000000000,61.000000000000000,0.0000000000000000
96.000000000000000,61.000000000000000,0.0000000000000000
97.000000000000000,61.000000000000000,0.0000000000000000
98.000000000000000,61.000000000000000,0.0000000000000000
99.000000000000000,61.000000000000000,0.0000000000000000
100.00000000000000,61.000000000000000,0.0000000000000000
101.00000000000000,61.000000000000000,0.0000000000000000
102.00000000000000,61.000000000000000,0.0000000000000000
103.00000000000000,61.000000000000000,0.0000000000000000
104.00000000000000,61.000000000000000,0.0000000000000000
105.00000000000000,61.000000000000000,0.0000000000000000
106.00000000000000,61.000000000000000,0.0000000000000000
107.00000000000000,61.000000000000000,0.0000000000000000
108.00000000000000,61.000000000000000,0.0000000000000000
109.00000000000000,61.000000000000000,0.0000000000000000
110.00000000000000,61.000000000000000,0.0000000000000000
111.00000000000000,61.000000000000000,0.0000000000000000
112.00000000000000,61.000000000000000,0.0000000000000000
113.00000000000000,61.000000000000000,0.0000000000000000
1.0000000000000000,62.000000000000000,0.0000000000000000
2.0000000000000000,62.000000000000000,0.0000000000000000
3.0000000000000000,62.000000000000000,0.0000000000000000
4.0000000000000000,62.000000000000000,0.0000000000000000
5.0000000000000000,62.000000000000000,0.0000000000000000
6.0000000000000000,62.000000000000000,0.0000000000000000
7.0000000000000000,62.000000000000000,0.0000000000000000
8.0000000000000000,62.000000000000000,0.0000000000000000
9.0000000000000000,62.000000000000000,0.0000000000000000
10.000000000000000,62.000000000000000,0.0000000000000000
11.000000000000000,62.000000000000000,0.0000000000000000
12.000000000000000,62.000000000000000,0.0000000000000000
13.000000000000000,62.000000000000000,0.0000000000000000
14.000000000000000,62.000000000000000,0.0000000000000000
15.000000000000000,62.000000000000000,0.0000000000000000
16.000000000000000,62.000000000000000,0.0000000000000000
17.000000000000000,62.000000000000000,0.0000000000000000
18.000000000000000,62.000000000000000,0.0000000000000000
19.000000000000000,62.000000000000000,0.0000000000000000
20.000000000000000,62.000000000000000,0.0000000000000000
21.000000000000000,62.000000000000000,0.0000000000000000
22.000000000000000,62.000000000000000,0.0000000000000000
23.000000000000000,62.000000000000000,0.0000000000000000
24.000000000000000,62.000000000000000,0.0000000000000000
25.000000000000000,62.000000000000000,0.0000000000000000
26.000000000000000,62.000000000000000,0.0000000000000000
27.000000000000000,62.000000000000000,0.0000000000000000
28.000000000000000,62.000000000000000,0.0000000000000000
29.000000000000000,62.000000000000000,0.0000000000000000
30.000000000000000,62.000000000000000,0.0000000000000000
31.000000000000000,62.000000000000000,0.0000000000000000
32.000000000000000,62.000000000000000,0.0000000000000000
33.000000000000000,62.000000000000000,0.0000000000000000
34.000000000000000,62.000000000000000,0.0000000000000000
35.000000000000000,62.000000000000000,0.0000000000000000
36.000000000000000,62.000000000000000,0.0000000000000000
37.000000000000000,62.000000000000000,0.0000000000000000
38.000000000000000,62.000000000000000,0.0000000000000000
39.000000000000000,62.000000000000000,0.0000000000000000
40.000000000000000,62.000000000000000,0.0000000000000000
41.000000000000000,62.000000000000000,0.0000000000000000
42.000000000000000,62.000000000000000,0.0000000000000000
43.000000000000000,62.000000000000000,0.0000000000000000
44.000000000000000,62.000000000000000,0.0000000000000000
45.000000000000000,62.000000000000000,0.0000000000000000
46.000000000000000,62.000000000000000,0.0000000000000000
47.000000000000000,62.000000000000000,0.0000000000000000
48.000000000000000,62.000000000000000,0.0000000000000000
49.000000000000000,62.000000000000000,0.0000000000000000
50.000000000000000,62.000000000000000,0.0000000000000000
51.000000000000000,62.000000000000000,0.0000000000000000
52.000000000000000,62.000000000000000,0.0000000000000000
53.000000000000000,62.000000000000000,0.0000000000000000
54.000000000000000,62.000000000000000,0.0000000000000000
55.000000000000000,62.000000000000000,0.0000000000000000
56.000000000000000,62.000000000000000,0.0000000000000000
57.000000000000000,62.000000000000000,0.0000000000000000
58.000000000000000,62.000000000000000,0.0000000000000000
59.000000000000000,62.000000000000000,0.0000000000000000
60.000000000000000,62.000000000000000,0.0000000000000000
61.000000000000000,62.000000000000000,0.0000000000000000
62.000000000000000,62.000000000000000,0.0000000000000000
63.000000000000000,62.000000000000000,0.0000000000000000
64.000000000000000,62.000000000000000,0.0000000000000000
65.000000000000000,62.000000000000000,0.0000000000000000
66.000000000000000,62.000000000000000,0.0000000000000000
67.000000000000000,62.000000000000000,0.0000000000000000
68.000000000000000,62.000000000000000,0.0000000000000000
69.000000000000000,62.000000000000000,0.0000000000000000
70.000000000000000,62.000000000000000,0.0000000000000000
71.000000000000000,62.000000000000000,0.0000000000000000
72.000000000000000,62.000000000000000,0.0000000000000000
73.000000000000000,62.000000000000000,0.0000000000000000
74.000000000000000,62.000000000000000,0.0000000000000000
75.000000000000000,62.000000000000000,0.0000000000000000
76.000000000000000,62.000000000000000,0.0000000000000000
77.000000000000000,62.000000000000000,0.0000000000000000
78.000000000000000,62.000000000000000,0.0000000000000000
79.000000000000000,62.000000000000000,0.0000000000000000
80.000000000000000,62.000000000000000,0.0000000000000000
81.000000000000000,62.000000000000000,0.0000000000000000
82.000000000000000,62.000000000000000,0.0000000000000000
83.000000000000000,62.000000000000000,0.0000000000000000
84.000000000000000,62.000000000000000,0.0000000000000000
85.000000000000000,62.000000000000000,0.0000000000000000
86.000000000000000,62.000000000000000,0.0000000000000000
87.000000000000000,62.000000000000000,0.0000000000000000
88.000000000000000,62.000000000000000,0.0000000000000000
89.000000000000000,62.000000000000000,0.0000000000000000
90.000000000000000,62.000000000000000,0.0000000000000000
91.000000000000000,62.000000000000000,0.0000000000000000
92.000000000000000,62.000000000000000,0.0000000000000000
93.000000000000000,62.000000000000000,0.0000000000000000
94.000000000000000,62.000000000000000,0.0000000000000000
95.000000000000000,62.000000000000000,0.0000000000000000
96.000000000000000,62.000000000000000,0.0000000000000000
97.000000000000000,62.000000000000000,0.0000000000000000
98.000000000000000,62.000000000000000,0.0000000000000000
99.000000000000000,62.000000000000000,0.0000000000000000
100.00000000000000,62.000000000000000,0.0000000000000000
101.00000000000000,62.000000000000000,0.0000000000000000
102.00000000000000,62.000000000000000,0.0000000000000000
103.00000000000000,62.000000000000000,0.0000000000000000
104.00000000000000,62.000000000000000,0.0000000000000000
105.00000000000000,62.000000000000000,0.0000000000000000
106.00000000000000,62.000000000000000,0.0000000000000000
107.00000000000000,62.000000000000000,0.0000000000000000
108.00000000000000,62.000000000000000,0.0000000000000000
109.00000000000000,62.000000000000000,0.0000000000000000
110.00000000000000,62.000000000000000,0.0000000000000000
111.00000000000000,62.000000000000000,0.0000000000000000
112.00000000000000,62.000000000000000,0.0000000000000000
113.00000000000000,62.000000000000000,0.0000000000000000
1.0000000000000000,63.000000000000000,0.0000000000000000
2.0000000000000000,63.000000000000000,0.0000000000000000
3.0000000000000000,63.000000000000000,0.0000000000000000
4.0000000000000000,63.000000000000000,0.0000000000000000
5.0000000000000000,63.000000000000000,0.0000000000000000
6.0000000000000000,63.000000000000000,0.0000000000000000
7.0000000000000000,63.000000000000000,0.0000000000000000
8.0000000000000000,63.000000000000000,0.0000000000000000
9.0000000000000000,63.000000000000000,0.0000000000000000
10.000000000000000,63.000000000000000,0.0000000000000000
11.000000000000000,63.000000000000000,0.0000000000000000
12.000000000000000,63.000000000000000,0.0000000000000000
13.000000000000000,63.000000000000000,0.0000000000000000
14.000000000000000,63.000000000000000,0.0000000000000000
15.000000000000000,63.000000000000000,0.0000000000000000
16.000000000000000,63.000000000000000,0.0000000000000000
17.000000000000000,63.000000000000000,0.0000000000000000
18.000000000000000,63.000000000000000,0.0000000000000000
19.000000000000000,63.000000000000000,0.0000000000000000
20.000000000000000,63.000000000000000,0.0000000000000000
21.000000000000000,63.000000000000000,0.0000000000000000
22.000000000000000,63.000000000000000,0.0000000000000000
23.000000000000000,63.000000000000000,0.0000000000000000
24.000000000000000,63.000000000000000,0.0000000000000000
25.000000000000000,63.000000000000000,0.0000000000000000
26.000000000000000,63.000000000000000,0.0000000000000000
27.000000000000000,63.000000000000000,0.0000000000000000
28.000000000000000,63.000000000000000,0.0000000000000000
29.000000000000000,63.000000000000000,0.0000000000000000
30.000000000000000,63.000000000000000,0.0000000000000000
31.000000000000000,63.000000000000000,0.0000000000000000
32.000000000000000,63.000000000000000,0.0000000000000000
33.000000000000000,63.000000000000000,0.0000000000000000
34.000000000000000,63.000000000000000,0.0000000000000000
35.000000000000000,63.000000000000000,0.0000000000000000
36.000000000000000,63.000000000000000,0.0000000000000000
37.000000000000000,63.000000000000000,0.0000000000000000
38.000000000000000,63.000000000000000,0.0000000000000000
39.000000000000000,63.000000000000000,0.0000000000000000
40.000000000000000,63.000000000000000,0.0000000000000000
41.000000000000000,63.000000000000000,0.0000000000000000
42.000000000000000,63.000000000000000,0.0000000000000000
43.000000000000000,63.000000000000000,0.0000000000000000
44.000000000000000,63.000000000000000,0.0000000000000000
45.000000000000000,63.000000000000000,0.0000000000000000
46.000000000000000,63.000000000000000,0.0000000000000000
47.000000000000000,63.000000000000000,0.0000000000000000
48.000000000000000,63.000000000000000,0.0000000000000000
49.000000000000000,63.000000000000000,0.0000000000000000
50.000000000000000,63.000000000000000,0.0000000000000000
51.000000000000000,63.000000000000000,0.0000000000000000
52.000000000000000,63.000000000000000,0.0000000000000000
53.000000000000000,63.000000000000000,0.0000000000000000
54.000000000000000,63.000000000000000,0.0000000000000000
55.000000000000000,63.000000000000000,0.0000000000000000
56.000000000000000,63.000000000000000,0.0000000000000000
57.000000000000000,63.000000000000000,0.0000000000000000
58.000000000000000,63.000000000000000,0.0000000000000000
59.000000000000000,63.000000000000000,0.0000000000000000
60.000000000000000,63.000000000000000,0.0000000000000000
61.000000000000000,63.000000000000000,0.0000000000000000
62.000000000000000,63.000000000000000,0.0000000000000000
63.000000000000000,63.000000000000000,0.0000000000000000
64.000000000000000,63.000000000000000,0.0000000000000000
65.000000000000000,63.000000000000000,0.0000000000000000
66.000000000000000,63.000000000000000,0.0000000000000000
67.000000000000000,63.000000000000000,0.0000000000000000
68.000000000000000,63.000000000000000,0.0000000000000000
69.000000000000000,63.000000000000000,0.0000000000000000
70.000000000000000,63.000000000000000,0.0000000000000000
71.000000000000000,63.000000000000000,0.0000000000000000
72.000000000000000,63.000000000000000,0.0000000000000000
73.000000000000000,63.000000000000000,0.0000000000000000
74.000000000000000,63.000000000000000,0.0000000000000000
75.000000000000000,63.000000000000000,0.0000000000000000
76.000000000000000,63.000000000000000,0.0000000000000000
77.000000000000000,63.000000000000000,0.0000000000000000
78.000000000000000,63.000000000000000,0.0000000000000000
79.000000000000000,63.000000000000000,0.0000000000000000
80.000000000000000,63.000000000000000,0.0000000000000000
81.000000000000000,63.000000000000000,0.0000000000000000
82.000000000000000,63.000000000000000,0.0000000000000000
83.000000000000000,63.000000000000000,0.0000000000000000
84.000000000000000,63.000000000000000,0.0000000000000000
85.000000000000000,63.000000000000000,0.0000000000000000
86.000000000000000,63.000000000000000,0.0000000000000000
87.000000000000000,63.000000000000000,0.0000000000000000
88.000000000000000,63.000000000000000,0.0000000000000000
89.000000000000000,63.000000000000000,0.0000000000000000
90.000000000000000,63.000000000000000,0.0000000000000000
91.000000000000000,63.000000000000000,0.0000000000000000
92.000000000000000,63.000000000000000,0.0000000000000000
93.000000000000000,63.000000000000000,0.0000000000000000
94.000000000000000,63.000000000000000,0.0000000000000000
95.000000000000000,63.000000000000000,0.0000000000000000
96.000000000000000,63.000000000000000,0.0000000000000000
97.000000000000000,63.000000000000000,0.0000000000000000
98.000000000000000,63.000000000000000,0.0000000000000000
99.000000000000000,63.000000000000000,0.0000000000000000
100.00000000000000,63.000000000000000,0.0000000000000000
101.00000000000000,63.000000000000000,0.0000000000000000
102.00000000000000,63.000000000000000,0.0000000000000000
103.00000000000000,63.000000000000000,0.0000000000000000
104.00000000000000,63.000000000000000,0.0000000000000000
105.00000000000000,63.000000000000000,0.0000000000000000
106.00000000000000,63.000000000000000,0.0000000000000000
107.00000000000000,63.000000000000000,0.0000000000000000
108.00000000000000,63.000000000000000,0.0000000000000000
109.00000000000000,63.000000000000000,0.0000000000000000
110.00000000000000,63.000000000000000,0.0000000000000000
111.00000000000000,63.000000000000000,0.0000000000000000
112.00000000000000,63.000000000000000,0.0000000000000000
113.00000000000000,63.000000000000000,0.0000000000000000
1.0000000000000000,64.000000000000000,0.0000000000000000
2.0000000000000000,64.000000000000000,0.0000000000000000
3.0000000000000000,64.000000000000000,0.0000000000000000
4.0000000000000000,64.000000000000000,0.0000000000000000
5.0000000000000000,64.000000000000000,0.0000000000000000
6.0000000000000000,64.000000000000000,0.0000000000000000
7.0000000000000000,64.000000000000000,0.0000000000000000
8.0000000000000000,64.000000000000000,0.0000000000000000
9.0000000000000000,64.000000000000000,0.0000000000000000
10.000000000000000,64.000000000000000,0.0000000000000000
11.000000000000000,64.000000000000000,0.0000000000000000
12.000000000000000,64.000000000000000,0.0000000000000000
13.000000000000000,64.000000000000000,0.0000000000000000
14.000000000000000,64.000000000000000,0.0000000000000000
15.000000000000000,64.000000000000000,0.0000000000000000
16.000000000000000,64.000000000000000,0.0000000000000000
17.000000000000000,64.000000000000000,0.0000000000000000
18.000000000000000,64.000000000000000,0.0000000000000000
19.000000000000000,64.000000000000000,0.0000000000000000
20.000000000000000,64.000000000000000,0.0000000000000000
21.000000000000000,64.000000000000000,0.0000000000000000
22.000000000000000,64.000000000000000,0.0000000000000000
23.000000000000000,64.000000000000000,0.0000000000000000
24.000000000000000,64.000000000000000,0.0000000000000000
25.000000000000000,64.000000000000000,0.0000000000000000
26.000000000000000,64.000000000000000,0.0000000000000000
27.000000000000000,64.000000000000000,0.0000000000000000
28.000000000000000,64.000000000000000,0.0000000000000000
29.000000000000000,64.000000000000000,0.0000000000000000
30.000000000000000,64.000000000000000,0.0000000000000000
31.000000000000000,64.000000000000000,0.0000000000000000
32.000000000000000,64.000000000000000,0.0000000000000000
33.000000000000000,64.000000000000000,0.0000000000000000
34.000000000000000,64.000000000000000,0.0000000000000000
35.000000000000000,64.000000000000000,0.0000000000000000
36.000000000000000,64.000000000000000,0.0000000000000000
37.000000000000000,64.000000000000000,0.0000000000000000
38.000000000000000,64.000000000000000,0.0000000000000000
39.000000000000000,64.000000000000000,0.0000000000000000
40.000000000000000,64.000000000000000,0.0000000000000000
41.000000000000000,64.000000000000000,0.0000000000000000
42.000000000000000,64.000000000000000,0.0000000000000000
43.000000000000000,64.000000000000000,0.0000000000000000
44.000000000000000,64.000000000000000,0.0000000000000000
45.000000000000000,64.000000000000000,0.0000000000000000
46.000000000000000,64.000000000000000,0.0000000000000000
47.000000000000000,64.000000000000000,0.0000000000000000
48.000000000000000,64.000000000000000,0.0000000000000000
49.000000000000000,64.000000000000000,0.0000000000000000
50.000000000000000,64.000000000000000,0.0000000000000000
51.000000000000000,64.000000000000000,0.0000000000000000
52.000000000000000,64.000000000000000,0.0000000000000000
53.000000000000000,64.000000000000000,0.0000000000000000
54.000000000000000,64.000000000000000,0.0000000000000000
55.000000000000000,64.000000000000000,0.0000000000000000
56.000000000000000,64.000000000000000,0.0000000000000000
57.000000000000000,64.000000000000000,0.0000000000000000
58.000000000000000,64.000000000000000,0.0000000000000000
59.000000000000000,64.000000000000000,0.0000000000000000
60.000000000000000,64.000000000000000,0.0000000000000000
61.000000000000000,64.000000000000000,0.0000000000000000
62.000000000000000,64.000000000000000,0.0000000000000000
63.000000000000000,64.000000000000000,0.0000000000000000
64.000000000000000,64.000000000000000,0.0000000000000000
65.000000000000000,64.000000000000000,0.0000000000000000
66.000000000000000,64.000000000000000,0.0000000000000000
67.000000000000000,64.000000000000000,0.0000000000000000
68.000000000000000,64.000000000000000,0.0000000000000000
69.000000000000000,64.000000000000000,0.0000000000000000
70.000000000000000,64.000000000000000,0.0000000000000000
71.000000000000000,64.000000000000000,0.0000000000000000
72.000000000000000,64.000000000000000,0.0000000000000000
73.000000000000000,64.000000000000000,0.0000000000000000
74.000000000000000,64.000000000000000,0.0000000000000000
75.000000000000000,64.000000000000000,0.0000000000000000
76.000000000000000,64.000000000000000,0.0000000000000000
77.000000000000000,64.000000000000000,0.0000000000000000
78.000000000000000,64.000000000000000,0.0000000000000000
79.000000000000000,64.000000000000000,0.0000000000000000
80.000000000000000,64.000000000000000,0.0000000000000000
81.000000000000000,64.000000000000000,0.0000000000000000
82.000000000000000,64.000000000000000,0.0000000000000000
83.000000000000000,64.000000000000000,0.0000000000000000
84.000000000000000,64.000000000000000,0.0000000000000000
85.000000000000000,64.000000000000000,0.0000000000000000
86.000000000000000,64.000000000000000,0.0000000000000000
87.000000000000000,64.000000000000000,0.0000000000000000
88.000000000000000,64.000000000000000,0.0000000000000000
89.000000000000000,64.000000000000000,0.0000000000000000
90.000000000000000,64.000000000000000,0.0000000000000000
91.000000000000000,64.000000000000000,0.0000000000000000
92.000000000000000,64.000000000000000,0.0000000000000000
93.000000000000000,64.000000000000000,0.0000000000000000
94.000000000000000,64.000000000000000,0.0000000000000000
95.000000000000000,64.000000000000000,0.0000000000000000
96.000000000000000,64.000000000000000,0.0000000000000000
97.000000000000000,64.000000000000000,0.0000000000000000
98.000000000000000,64.000000000000000,0.0000000000000000
99.000000000000000,64.000000000000000,0.0000000000000000
100.00000000000000,64.000000000000000,0.0000000000000000
101.00000000000000,64.000000000000000,0.0000000000000000
102.00000000000000,64.000000000000000,0.0000000000000000
103.00000000000000,64.000000000000000,0.0000000000000000
104.00000000000000,64.000000000000000,0.0000000000000000
105.00000000000000,64.000000000000000,0.0000000000000000
106.00000000000000,64.000000000000000,0.0000000000000000
107.00000000000000,64.000000000000000,0.0000000000000000
108.00000000000000,64.000000000000000,0.0000000000000000
109.00000000000000,64.000000000000000,0.0000000000000000
110.00000000000000,64.000000000000000,0.0000000000000000
111.00000000000000,64.000000000000000,0.0000000000000000
112.00000000000000,64.000000000000000,0.0000000000000000
113.00000000000000,64.000000000000000,0.0000000000000000
1.0000000000000000,65.000000000000000,0.0000000000000000
2.0000000000000000,65.000000000000000,0.0000000000000000
3.0000000000000000,65.000000000000000,0.0000000000000000
4.0000000000000000,65.000000000000000,0.0000000000000000
5.0000000000000000,65.000000000000000,0.0000000000000000
6.0000000000000000,65.000000000000000,0.0000000000000000
7.0000000000000000,65.000000000000000,0.0000000000000000
8.0000000000000000,65.000000000000000,0.0000000000000000
9.0000000000000000,65.000000000000000,0.0000000000000000
10.000000000000000,65.000000000000000,0.0000000000000000
11.000000000000000,65.000000000000000,0.0000000000000000
12.000000000000000,65.000000000000000,0.0000000000000000
13.000000000000000,65.000000000000000,0.0000000000000000
14.000000000000000,65.000000000000000,0.0000000000000000
15.000000000000000,65.000000000000000,0.0000000000000000
16.000000000000000,65.000000000000000,0.0000000000000000
17.000000000000000,65.000000000000000,0.0000000000000000
18.000000000000000,65.000000000000000,0.0000000000000000
19.000000000000000,65.000000000000000,0.0000000000000000
20.000000000000000,65.000000000000000,0.0000000000000000
21.000000000000000,65.000000000000000,0.0000000000000000
22.000000000000000,65.000000000000000,0.0000000000000000
23.000000000000000,65.000000000000000,0.0000000000000000
24.000000000000000,65.000000000000000,0.0000000000000000
25.000000000000000,65.000000000000000,0.0000000000000000
26.000000000000000,65.000000000000000,0.0000000000000000
27.000000000000000,65.000000000000000,0.0000000000000000
28.000000000000000,65.000000000000000,0.0000000000000000
29.000000000000000,65.000000000000000,0.0000000000000000
30.000000000000000,65.000000000000000,0.0000000000000000
31.000000000000000,65.000000000000000,0.0000000000000000
32.000000000000000,65.000000000000000,0.0000000000000000
33.000000000000000,65.000000000000000,0.0000000000000000
34.000000000000000,65.000000000000000,0.0000000000000000
35.000000000000000,65.000000000000000,0.0000000000000000
36.000000000000000,65.000000000000000,0.0000000000000000
37.000000000000000,65.000000000000000,0.0000000000000000
38.000000000000000,65.000000000000000,0.0000000000000000
39.000000000000000,65.000000000000000,0.0000000000000000
40.000000000000000,65.000000000000000,0.0000000000000000
41.000000000000000,65.000000000000000,0.0000000000000000
42.000000000000000,65.000000000000000,0.0000000000000000
43.000000000000000,65.000000000000000,0.0000000000000000
44.000000000000000,65.000000000000000,0.0000000000000000
45.000000000000000,65.000000000000000,0.0000000000000000
46.000000000000000,65.000000000000000,0.0000000000000000
47.000000000000000,65.000000000000000,0.0000000000000000
48.000000000000000,65.000000000000000,0.0000000000000000
49.000000000000000,65.000000000000000,0.0000000000000000
50.000000000000000,65.000000000000000,0.0000000000000000
51.000000000000000,65.000000000000000,0.0000000000000000
52.000000000000000,65.000000000000000,0.0000000000000000
53.000000000000000,65.000000000000000,0.0000000000000000
54.000000000000000,65.000000000000000,0.0000000000000000
55.000000000000000,65.000000000000000,0.0000000000000000
56.000000000000000,65.000000000000000,0.0000000000000000
57.000000000000000,65.000000000000000,0.0000000000000000
58.000000000000000,65.000000000000000,0.0000000000000000
59.000000000000000,65.000000000000000,0.0000000000000000
60.000000000000000,65.000000000000000,0.0000000000000000
61.000000000000000,65.000000000000000,0.0000000000000000
62.000000000000000,65.000000000000000,0.0000000000000000
63.000000000000000,65.000000000000000,0.0000000000000000
64.000000000000000,65.000000000000000,0.0000000000000000
65.000000000000000,65.000000000000000,0.0000000000000000
66.000000000000000,65.000000000000000,0.0000000000000000
67.000000000000000,65.000000000000000,0.0000000000000000
68.000000000000000,65.000000000000000,0.0000000000000000
69.000000000000000,65.000000000000000,0.0000000000000000
70.000000000000000,65.000000000000000,0.0000000000000000
71.000000000000000,65.000000000000000,0.0000000000000000
72.000000000000000,65.000000000000000,0.0000000000000000
73.000000000000000,65.000000000000000,0.0000000000000000
74.000000000000000,65.000000000000000,0.0000000000000000
75.000000000000000,65.000000000000000,0.0000000000000000
76.000000000000000,65.000000000000000,0.0000000000000000
77.000000000000000,65.000000000000000,0.0000000000000000
78.000000000000000,65.000000000000000,0.0000000000000000
79.000000000000000,65.000000000000000,0.0000000000000000
80.000000000000000,65.000000000000000,0.0000000000000000
81.000000000000000,65.000000000000000,0.0000000000000000
82.000000000000000,65.000000000000000,0.0000000000000000
83.000000000000000,65.000000000000000,0.0000000000000000
84.000000000000000,65.000000000000000,0.0000000000000000
85.000000000000000,65.000000000000000,0.0000000000000000
86.000000000000000,65.000000000000000,0.0000000000000000
87.000000000000000,65.000000000000000,0.0000000000000000
88.000000000000000,65.000000000000000,0.0000000000000000
89.000000000000000,65.000000000000000,0.0000000000000000
90.000000000000000,65.000000000000000,0.0000000000000000
91.000000000000000,65.000000000000000,0.0000000000000000
92.000000000000000,65.000000000000000,0.0000000000000000
93.000000000000000,65.000000000000000,0.0000000000000000
94.000000000000000,65.000000000000000,0.0000000000000000
95.000000000000000,65.000000000000000,0.0000000000000000
96.000000000000000,65.000000000000000,0.50000000000000000
97.000000000000000,65.000000000000000,0.0000000000000000
98.000000000000000,65.000000000000000,0.0000000000000000
99.000000000000000,65.000000000000000,0.0000000000000000
100.00000000000000,65.000000000000000,0.0000000000000000
101.00000000000000,65.000000000000000,0.0000000000000000
102.00000000000000,65.000000000000000,0.0000000000000000
103.00000000000000,65.000000000000000,0.0000000000000000
104.00000000000000,65.000000000000000,0.0000000000000000
105.00000000000000,65.000000000000000,0.0000000000000000
106.00000000000000,65.000000000000000,0.0000000000000000
107.00000000000000,65.000000000000000,0.0000000000000000
108.00000000000000,65.000000000000000,0.0000000000000000
109.00000000000000,65.000000000000000,0.0000000000000000
110.00000000000000,65.000000000000000,0.0000000000000000
111.00000000000000,65.000000000000000,0.0000000000000000
112.00000000000000,65.000000000000000,0.0000000000000000
113.00000000000000,65.000000000000000,0.0000000000000000
1.0000000000000000,66.000000000000000,0.0000000000000000
2.0000000000000000,66.000000000000000,0.0000000000000000
3.0000000000000000,66.000000000000000,0.0000000000000000
4.0000000000000000,66.000000000000000,0.0000000000000000
5.0000000000000000,66.000000000000000,0.0000000000000000
6.0000000000000000,66.000000000000000,0.0000000000000000
7.0000000000000000,66.000000000000000,0.0000000000000000
8.0000000000000000,66.000000000000000,0.0000000000000000
9.0000000000000000,66.000000000000000,0.0000000000000000
10.000000000000000,66.000000000000000,0.0000000000000000
11.000000000000000,66.000000000000000,0.0000000000000000
12.000000000000000,66.000000000000000,0.0000000000000000
13.000000000000000,66.000000000000000,0.0000000000000000
14.000000000000000,66.000000000000000,0.0000000000000000
15.000000000000000,66.000000000000000,0.0000000000000000
16.000000000000000,66.000000000000000,0.0000000000000000
17.000000000000000,66.000000000000000,0.0000000000000000
18.000000000000000,66.000000000000000,0.0000000000000000
19.000000000000000,66.000000000000000,0.0000000000000000
20.000000000000000,66.000000000000000,0.0000000000000000
21.000000000000000,66.000000000000000,0.0000000000000000
22.000000000000000,66.000000000000000,0.0000000000000000
23.000000000000000,66.000000000000000,0.0000000000000000
24.000000000000000,66.000000000000000,0.0000000000000000
25.000000000000000,66.000000000000000,0.0000000000000000
26.000000000000000,66.000000000000000,0.0000000000000000
27.000000000000000,66.000000000000000,0.0000000000000000
28.000000000000000,66.000000000000000,0.0000000000000000
29.000000000000000,66.000000000000000,0.0000000000000000
30.000000000000000,66.000000000000000,0.0000000000000000
31.000000000000000,66.000000000000000,0.0000000000000000
32.000000000000000,66.000000000000000,0.0000000000000000
33.000000000000000,66.000000000000000,0.0000000000000000
34.000000000000000,66.000000000000000,0.0000000000000000
35.000000000000000,66.000000000000000,0.0000000000000000
36.000000000000000,66.000000000000000,0.0000000000000000
37.000000000000000,66.000000000000000,0.0000000000000000
38.000000000000000,66.000000000000000,0.0000000000000000
39.000000000000000,66.000000000000000,0.0000000000000000
40.000000000000000,66.000000000000000,0.0000000000000000
41.000000000000000,66.000000000000000,0.0000000000000000
42.000000000000000,66.000000000000000,0.0000000000000000
43.000000000000000,66.000000000000000,0.0000000000000000
44.000000000000000,66.000000000000000,0.0000000000000000
45.000000000000000,66.000000000000000,0.0000000000000000
46.000000000000000,66.000000000000000,0.0000000000000000
47.000000000000000,66.000000000000000,0.0000000000000000
48.000000000000000,66.000000000000000,0.0000000000000000
49.000000000000000,66.000000000000000,0.0000000000000000
50.000000000000000,66.000000000000000,0.0000000000000000
51.000000000000000,66.000000000000000,0.0000000000000000
52.000000000000000,66.000000000000000,0.0000000000000000
53.000000000000000,66.000000000000000,0.0000000000000000
54.000000000000000,66.000000000000000,0.0000000000000000
55.000000000000000,66.000000000000000,0.0000000000000000
56.000000000000000,66.000000000000000,0.0000000000000000
57.000000000000000,66.000000000000000,0.0000000000000000
58.000000000000000,66.000000000000000,0.0000000000000000
59.000000000000000,66.000000000000000,0.0000000000000000
60.000000000000000,66.000000000000000,0.0000000000000000
61.000000000000000,66.000000000000000,0.0000000000000000
62.000000000000000,66.000000000000000,0.0000000000000000
63.000000000000000,66.000000000000000,0.0000000000000000
64.000000000000000,66.000000000000000,0.0000000000000000
65.000000000000000,66.000000000000000,0.0000000000000000
66.000000000000000,66.000000000000000,0.0000000000000000
67.000000000000000,66.000000000000000,0.0000000000000000
68.000000000000000,66.000000000000000,0.0000000000000000
69.000000000000000,66.000000000000000,0.0000000000000000
70.000000000000000,66.000000000000000,0.0000000000000000
71.000000000000000,66.000000000000000,0.0000000000000000
72.000000000000000,66.000000000000000,0.0000000000000000
73.000000000000000,66.000000000000000,0.0000000000000000
74.000000000000000,66.000000000000000,0.0000000000000000
75.000000000000000,66.000000000000000,0.0000000000000000
76.000000000000000,66.000000000000000,0.0000000000000000
77.000000000000000,66.000000000000000,0.0000000000000000
78.000000000000000,66.000000000000000,0.0000000000000000
79.000000000000000,66.000000000000000,0.0000000000000000
80.000000000000000,66.000000000000000,0.0000000000000000
81.000000000000000,66.000000000000000,0.0000000000000000
82.000000000000000,66.000000000000000,0.0000000000000000
83.000000000000000,66.000000000000000,0.0000000000000000
84.000000000000000,66.000000000000000,0.0000000000000000
85.000000000000000,66.000000000000000,0.0000000000000000
86.000000000000000,66.000000000000000,0.0000000000000000
87.000000000000000,66.000000000000000,0.0000000000000000
88.000000000000000,66.000000000000000,0.0000000000000000
89.000000000000000,66.000000000000000,0.0000000000000000
90.000000000000000,66.000000000000000,0.0000000000000000
91.000000000000000,66.000000000000000,0.0000000000000000
92.000000000000000,66.000000000000000,0.0000000000000000
93.000000000000000,66.000000000000000,0.0000000000000000
94.000000000000000,66.000000000000000,0.0000000000000000
95.000000000000000,66.000000000000000,0.0000000000000000
96.000000000000000,66.000000000000000,0.50000000000000000
97.000000000000000,66.000000000000000,0.0000000000000000
98.000000000000000,66.000000000000000,0.0000000000000000
99.000000000000000,66.000000000000000,0.0000000000000000
100.00000000000000,66.000000000000000,0.0000000000000000
101.00000000000000,66.000000000000000,0.0000000000000000
102.00000000000000,66.000000000000000,0.0000000000000000
103.00000000000000,66.000000000000000,0.0000000000000000
104.00000000000000,66.000000000000000,0.0000000000000000
105.00000000000000,66.000000000000000,0.0000000000000000
106.00000000000000,66.000000000000000,0.0000000000000000
107.00000000000000,66.000000000000000,0.0000000000000000
108.00000000000000,66.000000000000000,0.0000000000000000
109.00000000000000,66.000000000000000,0.0000000000000000
110.00000000000000,66.000000000000000,0.0000000000000000
111.00000000000000,66.000000000000000,0.0000000000000000
112.00000000000000,66.000000000000000,0.0000000000000000
113.00000000000000,66.000000000000000,0.0000000000000000
1.0000000000000000,67.000000000000000,0.0000000000000000
2.0000000000000000,67.000000000000000,0.0000000000000000
3.0000000000000000,67.000000000000000,0.0000000000000000
4.0000000000000000,67.000000000000000,0.0000000000000000
5.0000000000000000,67.000000000000000,0.0000000000000000
6.0000000000000000,67.000000000000000,0.0000000000000000
7.0000000000000000,67.000000000000000,0.0000000000000000
8.0000000000000000,67.000000000000000,0.0000000000000000
9.0000000000000000,67.000000000000000,0.0000000000000000
10.000000000000000,67.000000000000000,0.0000000000000000
11.000000000000000,67.000000000000000,0.0000000000000000
12.000000000000000,67.000000000000000,0.0000000000000000
13.000000000000000,67.000000000000000,0.0000000000000000
14.000000000000000,67.000000000000000,0.0000000000000000
15.000000000000000,67.000000000000000,0.0000000000000000
16.000000000000000,67.000000000000000,0.0000000000000000
17.000000000000000,67.000000000000000,0.0000000000000000
18.000000000000000,67.000000000000000,0.0000000000000000
19.000000000000000,67.000000000000000,0.0000000000000000
20.000000000000000,67.000000000000000,0.0000000000000000
21.000000000000000,67.000000000000000,0.0000000000000000
22.000000000000000,67.000000000000000,0.0000000000000000
23.000000000000000,67.000000000000000,0.0000000000000000
24.000000000000000,67.000000000000000,0.0000000000000000
25.000000000000000,67.000000000000000,0.0000000000000000
26.000000000000000,67.000000000000000,0.0000000000000000
27.000000000000000,67.000000000000000,0.0000000000000000
28.000000000000000,67.000000000000000,0.0000000000000000
29.000000000000000,67.000000000000000,0.0000000000000000
30.000000000000000,67.000000000000000,0.0000000000000000
31.000000000000000,67.000000000000000,0.0000000000000000
32.000000000000000,67.000000000000000,0.0000000000000000
33.000000000000000,67.000000000000000,0.0000000000000000
34.000000000000000,67.000000000000000,0.0000000000000000
35.000000000000000,67.000000000000000,0.0000000000000000
36.000000000000000,67.000000000000000,0.0000000000000000
37.000000000000000,67.000000000000000,0.0000000000000000
38.000000000000000,67.000000000000000,0.0000000000000000
39.000000000000000,67.000000000000000,0.0000000000000000
40.000000000000000,67.000000000000000,0.0000000000000000
41.000000000000000,67.000000000000000,0.0000000000000000
42.000000000000000,67.000000000000000,0.0000000000000000
43.000000000000000,67.000000000000000,0.0000000000000000
44.000000000000000,67.000000000000000,0.0000000000000000
45.000000000000000,67.000000000000000,0.0000000000000000
46.000000000000000,67.000000000000000,0.0000000000000000
47.000000000000000,67.000000000000000,0.0000000000000000
48.000000000000000,67.000000000000000,0.0000000000000000
49.000000000000000,67.000000000000000,0.0000000000000000
50.000000000000000,67.000000000000000,0.0000000000000000
51.000000000000000,67.000000000000000,0.0000000000000000
52.000000000000000,67.000000000000000,0.0000000000000000
53.000000000000000,67.000000000000000,0.0000000000000000
54.000000000000000,67.000000000000000,0.0000000000000000
55.000000000000000,67.000000000000000,0.0000000000000000
56.000000000000000,67.000000000000000,0.0000000000000000
57.000000000000000,67.000000000000000,0.0000000000000000
58.000000000000000,67.000000000000000,0.0000000000000000
59.000000000000000,67.000000000000000,0.0000000000000000
60.000000000000000,67.000000000000000,0.0000000000000000
61.000000000000000,67.000000000000000,0.0000000000000000
62.000000000000000,67.000000000000000,0.0000000000000000
63.000000000000000,67.000000000000000,0.0000000000000000
64.000000000000000,67.000000000000000,0.0000000000000000
65.000000000000000,67.000000000000000,0.0000000000000000
66.000000000000000,67.000000000000000,0.0000000000000000
67.000000000000000,67.000000000000000,0.0000000000000000
68.000000000000000,67.000000000000000,0.0000000000000000
69.000000000000000,67.000000000000000,0.0000000000000000
70.000000000000000,67.000000000000000,0.0000000000000000
71.000000000000000,67.000000000000000,0.0000000000000000
72.000000000000000,67.000000000000000,0.0000000000000000
73.000000000000000,67.000000000000000,0.0000000000000000
74.000000000000000,67.000000000000000,0.0000000000000000
75.000000000000000,67.000000000000000,0.0000000000000000
76.000000000000000,67.000000000000000,0.0000000000000000
77.000000000000000,67.000000000000000,0.0000000000000000
78.000000000000000,67.000000000000000,0.0000000000000000
79.000000000000000,67.000000000000000,0.0000000000000000
80.000000000000000,67.000000000000000,0.0000000000000000
81.000000000000000,67.000000000000000,0.0000000000000000
82.000000000000000,67.000000000000000,0.0000000000000000
83.000000000000000,67.000000000000000,0.0000000000000000
84.000000000000000,67.000000000000000,0.0000000000000000
85.000000000000000,67.000000000000000,0.0000000000000000
86.000000000000000,67.000000000000000,0.0000000000000000
87.000000000000000,67.000000000000000,0.0000000000000000
88.000000000000000,67.000000000000000,0.0000000000000000
89.000000000000000,67.000000000000000,0.0000000000000000
90.000000000000000,67.000000000000000,0.0000000000000000
91.000000000000000,67.000000000000000,0.0000000000000000
92.000000000000000,67.000000000000000,0.0000000000000000
93.000000000000000,67.000000000000000,0.0000000000000000
94.000000000000000,67.000000000000000,0.0000000000000000
95.000000000000000,67.000000000000000,0.0000000000000000
96.000000000000000,67.000000000000000,0.50000000000000000
97.000000000000000,67.000000000000000,0.0000000000000000
98.000000000000000,67.000000000000000,0.0000000000000000
99.000000000000000,67.000000000000000,0.0000000000000000
100.00000000000000,67.000000000000000,0.0000000000000000
101.00000000000000,67.000000000000000,0.0000000000000000
102.00000000000000,67.000000000000000,0.0000000000000000
103.00000000000000,67.000000000000000,0.0000000000000000
104.00000000000000,67.000000000000000,0.0000000000000000
105.00000000000000,67.000000000000000,0.0000000000000000
106.00000000000000,67.000000000000000,0.0000000000000000
107.00000000000000,67.000000000000000,0.0000000000000000
108.00000000000000,67.000000000000000,0.0000000000000000
109.00000000000000,67.000000000000000,0.0000000000000000
110.00000000000000,67.000000000000000,0.0000000000000000
111.00000000000000,67.000000000000000,0.0000000000000000
112.00000000000000,67.000000000000000,0.0000000000000000
113.00000000000000,67.000000000000000,0.0000000000000000
1.0000000000000000,68.000000000000000,0.0000000000000000
2.0000000000000000,68.000000000000000,0.0000000000000000
3.0000000000000000,68.000000000000000,0.0000000000000000
4.0000000000000000,68.000000000000000,0.0000000000000000
5.0000000000000000,68.000000000000000,0.0000000000000000
6.0000000000000000,68.000000000000000,0.0000000000000000
7.0000000000000000,68.000000000000000,0.0000000000000000
8.0000000000000000,68.000000000000000,0.0000000000000000
9.0000000000000000,68.000000000000000,0.0000000000000000
10.000000000000000,68.000000000000000,0.0000000000000000
11.000000000000000,68.000000000000000,0.0000000000000000
12.000000000000000,68.000000000000000,0.0000000000000000
13.000000000000000,68.000000000000000,0.0000000000000000
14.000000000000000,68.000000000000000,0.0000000000000000
15.000000000000000,68.000000000000000,0.0000000000000000
16.000000000000000,68.000000000000000,0.0000000000000000
17.000000000000000,68.000000000000000,0.0000000000000000
18.000000000000000,68.000000000000000,0.0000000000000000
19.000000000000000,68.000000000000000,0.0000000000000000
20.000000000000000,68.000000000000000,0.0000000000000000
21.000000000000000,68.000000000000000,0.0000000000000000
22.000000000000000,68.000000000000000,0.0000000000000000
23.000000000000000,68.000000000000000,0.0000000000000000
24.000000000000000,68.000000000000000,0.0000000000000000
25.000000000000000,68.000000000000000,0.0000000000000000
26.000000000000000,68.000000000000000,0.0000000000000000
27.000000000000000,68.000000000000000,0.0000000000000000
28.000000000000000,68.000000000000000,0.0000000000000000
29.000000000000000,68.000000000000000,0.0000000000000000
30.000000000000000,68.000000000000000,0.0000000000000000
31.000000000000000,68.000000000000000,0.0000000000000000
32.000000000000000,68.000000000000000,0.0000000000000000
33.000000000000000,68.000000000000000,0.0000000000000000
34.000000000000000,68.000000000000000,0.0000000000000000
35.000000000000000,68.000000000000000,0.0000000000000000
36.000000000000000,68.000000000000000,0.0000000000000000
37.000000000000000,68.000000000000000,0.0000000000000000
38.000000000000000,68.000000000000000,0.0000000000000000
39.000000000000000,68.000000000000000,0.0000000000000000
40.000000000000000,68.000000000000000,0.0000000000000000
41.000000000000000,68.000000000000000,0.0000000000000000
42.000000000000000,68.000000000000000,0.0000000000000000
43.000000000000000,68.000000000000000,0.0000000000000000
44.000000000000000,68.000000000000000,0.0000000000000000
45.000000000000000,68.000000000000000,0.0000000000000000
46.000000000000000,68.000000000000000,0.0000000000000000
47.000000000000000,68.000000000000000,0.0000000000000000
48.000000000000000,68.000000000000000,0.0000000000000000
49.000000000000000,68.000000000000000,0.0000000000000000
50.000000000000000,68.000000000000000,0.0000000000000000
51.000000000000000,68.000000000000000,0.0000000000000000
52.000000000000000,68.000000000000000,0.0000000000000000
53.000000000000000,68.000000000000000,0.0000000000000000
54.000000000000000,68.000000000000000,0.0000000000000000
55.000000000000000,68.000000000000000,0.0000000000000000
56.000000000000000,68.000000000000000,0.0000000000000000
57.000000000000000,68.000000000000000,0.0000000000000000
58.000000000000000,68.000000000000000,0.0000000000000000
59.000000000000000,68.000000000000000,0.0000000000000000
60.000000000000000,68.000000000000000,0.0000000000000000
61.000000000000000,68.000000000000000,0.0000000000000000
62.000000000000000,68.000000000000000,0.0000000000000000
63.000000000000000,68.000000000000000,0.0000000000000000
64.000000000000000,68.000000000000000,0.0000000000000000
65.000000000000000,68.000000000000000,0.0000000000000000
66.000000000000000,68.000000000000000,0.0000000000000000
67.000000000000000,68.000000000000000,0.0000000000000000
68.000000000000000,68.000000000000000,0.0000000000000000
69.000000000000000,68.000000000000000,0.0000000000000000
70.000000000000000,68.000000000000000,0.0000000000000000
71.000000000000000,68.000000000000000,0.0000000000000000
72.000000000000000,68.000000000000000,0.0000000000000000
73.000000000000000,68.000000000000000,0.0000000000000000
74.000000000000000,68.000000000000000,0.0000000000000000
75.000000000000000,68.000000000000000,0.0000000000000000
76.000000000000000,68.000000000000000,0.0000000000000000
77.000000000000000,68.000000000000000,0.0000000000000000
78.000000000000000,68.000000000000000,0.0000000000000000
79.000000000000000,68.000000000000000,0.0000000000000000
80.000000000000000,68.000000000000000,0.0000000000000000
81.000000000000000,68.000000000000000,0.0000000000000000
82.000000000000000,68.000000000000000,0.0000000000000000
83.000000000000000,68.000000000000000,0.0000000000000000
84.000000000000000,68.000000000000000,0.0000000000000000
85.000000000000000,68.000000000000000,0.0000000000000000
86.000000000000000,68.000000000000000,0.0000000000000000
87.000000000000000,68.000000000000000,0.0000000000000000
88.000000000000000,68.000000000000000,0.0000000000000000
89.000000000000000,68.000000000000000,0.0000000000000000
90.000000000000000,68.000000000000000,0.0000000000000000
91.000000000000000,68.000000000000000,0.0000000000000000
92.000000000000000,68.000000000000000,0.0000000000000000
93.000000000000000,68.000000000000000,0.0000000000000000
94.000000000000000,68.000000000000000,0.0000000000000000
95.000000000000000,68.000000000000000,0.0000000000000000
96.000000000000000,68.000000000000000,0.50000000000000000
97.000000000000000,68.000000000000000,0.0000000000000000
98.000000000000000,68.000000000000000,0.0000000000000000
99.000000000000000,68.000000000000000,0.0000000000000000
100.00000000000000,68.000000000000000,0.0000000000000000
101.00000000000000,68.000000000000000,0.0000000000000000
102.00000000000000,68.000000000000000,0.0000000000000000
103.00000000000000,68.000000000000000,0.0000000000000000
104.00000000000000,68.000000000000000,0.0000000000000000
105.00000000000000,68.000000000000000,0.0000000000000000
106.00000000000000,68.000000000000000,0.0000000000000000
107.00000000000000,68.000000000000000,0.0000000000000000
108.00000000000000,68.000000000000000,0.0000000000000000
109.00000000000000,68.000000000000000,0.0000000000000000
110.00000000000000,68.000000000000000,0.0000000000000000
111.00000000000000,68.000000000000000,0.0000000000000000
112.00000000000000,68.000000000000000,0.0000000000000000
113.00000000000000,68.000000000000000,0.0000000000000000
1.0000000000000000,69.000000000000000,0.0000000000000000
2.0000000000000000,69.000000000000000,0.0000000000000000
3.0000000000000000,69.000000000000000,0.0000000000000000
4.0000000000000000,69.000000000000000,0.0000000000000000
5.0000000000000000,69.000000000000000,0.0000000000000000
6.0000000000000000,69.000000000000000,0.0000000000000000
7.0000000000000000,69.000000000000000,0.0000000000000000
8.0000000000000000,69.000000000000000,0.0000000000000000
9.0000000000000000,69.000000000000000,0.0000000000000000
10.000000000000000,69.000000000000000,0.0000000000000000
11.000000000000000,69.000000000000000,0.0000000000000000
12.000000000000000,69.000000000000000,0.0000000000000000
13.000000000000000,69.000000000000000,0.0000000000000000
14.000000000000000,69.000000000000000,0.0000000000000000
15.000000000000000,69.000000000000000,0.0000000000000000
16.000000000000000,69.000000000000000,0.0000000000000000
17.000000000000000,69.000000000000000,0.0000000000000000
18.000000000000000,69.000000000000000,0.0000000000000000
19.000000000000000,69.000000000000000,0.0000000000000000
20.000000000000000,69.000000000000000,0.0000000000000000
21.000000000000000,69.000000000000000,0.0000000000000000
22.000000000000000,69.000000000000000,0.0000000000000000
23.000000000000000,69.000000000000000,0.0000000000000000
24.000000000000000,69.000000000000000,0.0000000000000000
25.000000000000000,69.000000000000000,0.0000000000000000
26.000000000000000,69.000000000000000,0.0000000000000000
27.000000000000000,69.000000000000000,0.0000000000000000
28.000000000000000,69.000000000000000,0.0000000000000000
29.000000000000000,69.000000000000000,0.0000000000000000
30.000000000000000,69.000000000000000,0.0000000000000000
31.000000000000000,69.000000000000000,0.0000000000000000
32.000000000000000,69.000000000000000,0.0000000000000000
33.000000000000000,69.000000000000000,0.0000000000000000
34.000000000000000,69.000000000000000,0.0000000000000000
35.000000000000000,69.000000000000000,0.0000000000000000
36.000000000000000,69.000000000000000,0.0000000000000000
37.000000000000000,69.000000000000000,0.0000000000000000
38.000000000000000,69.000000000000000,0.0000000000000000
39.000000000000000,69.000000000000000,0.0000000000000000
40.000000000000000,69.000000000000000,0.0000000000000000
41.000000000000000,69.000000000000000,0.0000000000000000
42.000000000000000,69.000000000000000,0.0000000000000000
43.000000000000000,69.000000000000000,0.0000000000000000
44.000000000000000,69.000000000000000,0.0000000000000000
45.000000000000000,69.000000000000000,0.0000000000000000
46.000000000000000,69.000000000000000,0.0000000000000000
47.000000000000000,69.000000000000000,0.0000000000000000
48.000000000000000,69.000000000000000,0.0000000000000000
49.000000000000000,69.000000000000000,0.0000000000000000
50.000000000000000,69.000000000000000,0.0000000000000000
51.000000000000000,69.000000000000000,0.0000000000000000
52.000000000000000,69.000000000000000,0.0000000000000000
53.000000000000000,69.000000000000000,0.0000000000000000
54.000000000000000,69.000000000000000,0.0000000000000000
55.000000000000000,69.000000000000000,0.0000000000000000
56.000000000000000,69.000000000000000,0.0000000000000000
57.000000000000000,69.000000000000000,0.0000000000000000
58.000000000000000,69.000000000000000,0.0000000000000000
59.000000000000000,69.000000000000000,0.0000000000000000
60.000000000000000,69.000000000000000,0.0000000000000000
61.000000000000000,69.000000000000000,0.0000000000000000
62.000000000000000,69.000000000000000,0.0000000000000000
63.000000000000000,69.000000000000000,0.0000000000000000
64.000000000000000,69.000000000000000,0.0000000000000000
65.000000000000000,69.000000000000000,0.0000000000000000
66.000000000000000,69.000000000000000,0.0000000000000000
67.000000000000000,69.000000000000000,0.0000000000000000
68.000000000000000,69.000000000000000,0.0000000000000000
69.000000000000000,69.000000000000000,0.0000000000000000
70.000000000000000,69.000000000000000,0.0000000000000000
71.000000000000000,69.000000000000000,0.0000000000000000
72.000000000000000,69.000000000000000,0.0000000000000000
73.000000000000000,69.000000000000000,0.0000000000000000
74.000000000000000,69.000000000000000,0.0000000000000000
75.000000000000000,69.000000000000000,0.0000000000000000
76.000000000000000,69.000000000000000,0.0000000000000000
77.000000000000000,69.000000000000000,0.0000000000000000
78.000000000000000,69.000000000000000,0.0000000000000000
79.000000000000000,69.000000000000000,0.0000000000000000
80.000000000000000,69.000000000000000,0.0000000000000000
81.000000000000000,69.000000000000000,0.0000000000000000
82.000000000000000,69.000000000000000,0.0000000000000000
83.000000000000000,69.000000000000000,0.0000000000000000
84.000000000000000,69.000000000000000,0.0000000000000000
85.000000000000000,69.000000000000000,0.0000000000000000
86.000000000000000,69.000000000000000,0.0000000000000000
87.000000000000000,69.000000000000000,0.0000000000000000
88.000000000000000,69.000000000000000,0.0000000000000000
89.000000000000000,69.000000000000000,0.0000000000000000
90.000000000000000,69.000000000000000,0.0000000000000000
91.000000000000000,69.000000000000000,0.0000000000000000
92.000000000000000,69.000000000000000,0.0000000000000000
93.000000000000000,69.000000000000000,0.0000000000000000
94.000000000000000,69.000000000000000,0.0000000000000000
95.000000000000000,69.000000000000000,0.0000000000000000
96.000000000000000,69.000000000000000,0.50000000000000000
97.000000000000000,69.000000000000000,0.0000000000000000
98.000000000000000,69.000000000000000,0.0000000000000000
99.000000000000000,69.000000000000000,0.0000000000000000
100.00000000000000,69.000000000000000,0.0000000000000000
101.00000000000000,69.000000000000000,0.0000000000000000
102.00000000000000,69.000000000000000,0.0000000000000000
103.00000000000000,69.000000000000000,0.0000000000000000
104.00000000000000,69.000000000000000,0.0000000000000000
105.00000000000000,69.000000000000000,0.0000000000000000
106.00000000000000,69.000000000000000,0.0000000000000000
107.00000000000000,69.000000000000000,0.0000000000000000
108.00000000000000,69.000000000000000,0.0000000000000000
109.00000000000000,69.000000000000000,0.0000000000000000
110.00000000000000,69.000000000000000,0.0000000000000000
111.00000000000000,69.000000000000000,0.0000000000000000
112.00000000000000,69.000000000000000,0.0000000000000000
113.00000000000000,69.000000000000000,0.0000000000000000
1.0000000000000000,70.000000000000000,0.0000000000000000
2.0000000000000000,70.000000000000000,0.0000000000000000
3.0000000000000000,70.000000000000000,0.0000000000000000
4.0000000000000000,70.000000000000000,0.0000000000000000
5.0000000000000000,70.000000000000000,0.0000000000000000
6.0000000000000000,70.000000000000000,0.0000000000000000
7.0000000000000000,70.000000000000000,0.0000000000000000
8.0000000000000000,70.000000000000000,0.0000000000000000
9.0000000000000000,70.000000000000000,0.0000000000000000
10.000000000000000,70.000000000000000,0.0000000000000000
11.000000000000000,70.000000000000000,0.0000000000000000
12.000000000000000,70.000000000000000,0.0000000000000000
13.000000000000000,70.000000000000000,0.0000000000000000
14.000000000000000,70.000000000000000,0.0000000000000000
15.000000000000000,70.000000000000000,0.0000000000000000
16.000000000000000,70.000000000000000,0.0000000000000000
17.000000000000000,70.000000000000000,0.0000000000000000
18.000000000000000,70.000000000000000,0.0000000000000000
19.000000000000000,70.000000000000000,0.0000000000000000
20.000000000000000,70.000000000000000,0.0000000000000000
21.000000000000000,70.000000000000000,0.0000000000000000
22.000000000000000,70.000000000000000,0.0000000000000000
23.000000000000000,70.000000000000000,0.0000000000000000
24.000000000000000,70.000000000000000,0.0000000000000000
25.000000000000000,70.000000000000000,0.0000000000000000
26.000000000000000,70.000000000000000,0.0000000000000000
27.000000000000000,70.000000000000000,0.0000000000000000
28.000000000000000,70.000000000000000,0.0000000000000000
29.000000000000000,70.000000000000000,0.0000000000000000
30.000000000000000,70.000000000000000,0.0000000000000000
31.000000000000000,70.000000000000000,0.0000000000000000
32.000000000000000,70.000000000000000,0.0000000000000000
33.000000000000000,70.000000000000000,0.0000000000000000
34.000000000000000,70.000000000000000,0.0000000000000000
35.000000000000000,70.000000000000000,0.0000000000000000
36.000000000000000,70.000000000000000,0.0000000000000000
37.000000000000000,70.000000000000000,0.0000000000000000
38.000000000000000,70.000000000000000,0.0000000000000000
39.000000000000000,70.000000000000000,0.0000000000000000
40.000000000000000,70.000000000000000,0.0000000000000000
41.000000000000000,70.000000000000000,0.0000000000000000
42.000000000000000,70.000000000000000,0.0000000000000000
43.000000000000000,70.000000000000000,0.0000000000000000
44.000000000000000,70.000000000000000,0.0000000000000000
45.000000000000000,70.000000000000000,0.0000000000000000
46.000000000000000,70.000000000000000,0.0000000000000000
47.000000000000000,70.000000000000000,0.0000000000000000
48.000000000000000,70.000000000000000,0.0000000000000000
49.000000000000000,70.000000000000000,0.0000000000000000
50.000000000000000,70.000000000000000,0.0000000000000000
51.000000000000000,70.000000000000000,0.0000000000000000
52.000000000000000,70.000000000000000,0.0000000000000000
53.000000000000000,70.000000000000000,0.0000000000000000
54.000000000000000,70.000000000000000,0.0000000000000000
55.000000000000000,70.000000000000000,0.0000000000000000
56.000000000000000,70.000000000000000,0.0000000000000000
57.000000000000000,70.000000000000000,0.0000000000000000
58.000000000000000,70.000000000000000,0.0000000000000000
59.000000000000000,70.000000000000000,0.0000000000000000
60.000000000000000,70.000000000000000,0.0000000000000000
61.000000000000000,70.000000000000000,0.0000000000000000
62.000000000000000,70.000000000000000,0.0000000000000000
63.000000000000000,70.000000000000000,0.0000000000000000
64.000000000000000,70.000000000000000,0.0000000000000000
65.000000000000000,70.000000000000000,0.0000000000000000
66.000000000000000,70.000000000000000,0.0000000000000000
67.000000000000000,70.000000000000000,0.0000000000000000
68.000000000000000,70.000000000000000,0.0000000000000000
69.000000000000000,70.000000000000000,0.0000000000000000
70.000000000000000,70.000000000000000,0.0000000000000000
71.000000000000000,70.000000000000000,0.0000000000000000
72.000000000000000,70.000000000000000,0.0000000000000000
73.000000000000000,70.000000000000000,0.0000000000000000
74.000000000000000,70.000000000000000,0.0000000000000000
75.000000000000000,70.000000000000000,0.0000000000000000
76.000000000000000,70.000000000000000,0.0000000000000000
77.000000000000000,70.000000000000000,0.0000000000000000
78.000000000000000,70.000000000000000,0.0000000000000000
79.000000000000000,70.000000000000000,0.0000000000000000
80.000000000000000,70.000000000000000,0.0000000000000000
81.000000000000000,70.000000000000000,0.0000000000000000
82.000000000000000,70.000000000000000,0.0000000000000000
83.000000000000000,70.000000000000000,0.0000000000000000
84.000000000000000,70.000000000000000,0.0000000000000000
85.000000000000000,70.000000000000000,0.0000000000000000
86.000000000000000,70.000000000000000,0.0000000000000000
87.000000000000000,70.000000000000000,0.0000000000000000
88.000000000000000,70.000000000000000,0.0000000000000000
89.000000000000000,70.000000000000000,0.0000000000000000
90.000000000000000,70.000000000000000,0.0000000000000000
91.000000000000000,70.000000000000000,0.0000000000000000
92.000000000000000,70.000000000000000,0.0000000000000000
93.000000000000000,70.000000000000000,0.0000000000000000
94.000000000000000,70.000000000000000,0.0000000000000000
95.000000000000000,70.000000000000000,0.0000000000000000
96.000000000000000,70.000000000000000,0.50000000000000000
97.000000000000000,70.000000000000000,0.0000000000000000
98.000000000000000,70.000000000000000,0.0000000000000000
99.000000000000000,70.000000000000000,0.0000000000000000
100.00000000000000,70.000000000000000,0.0000000000000000
101.00000000000000,70.000000000000000,0.0000000000000000
102.00000000000000,70.000000000000000,0.0000000000000000
103.00000000000000,70.000000000000000,0.0000000000000000
104.00000000000000,70.000000000000000,0.0000000000000000
105.00000000000000,70.000000000000000,0.0000000000000000
106.00000000000000,70.000000000000000,0.0000000000000000
107.00000000000000,70.000000000000000,0.0000000000000000
108.00000000000000,70.000000000000000,0.0000000000000000
109.00000000000000,70.000000000000000,0.0000000000000000
110.00000000000000,70.000000000000000,0.0000000000000000
111.00000000000000,70.000000000000000,0.0000000000000000
112.00000000000000,70.000000000000000,0.0000000000000000
113.00000000000000,70.000000000000000,0.0000000000000000
1.0000000000000000,71.000000000000000,0.0000000000000000
2.0000000000000000,71.000000000000000,0.0000000000000000
3.0000000000000000,71.000000000000000,0.0000000000000000
4.0000000000000000,71.000000000000000,0.0000000000000000
5.0000000000000000,71.000000000000000,0.0000000000000000
6.0000000000000000,71.000000000000000,0.0000000000000000
7.0000000000000000,71.000000000000000,0.0000000000000000
8.0000000000000000,71.000000000000000,0.0000000000000000
9.0000000000000000,71.000000000000000,0.0000000000000000
10.000000000000000,71.000000000000000,0.0000000000000000
11.000000000000000,71.000000000000000,0.0000000000000000
12.000000000000000,71.000000000000000,0.0000000000000000
13.000000000000000,71.000000000000000,0.0000000000000000
14.000000000000000,71.000000000000000,0.0000000000000000
15.000000000000000,71.000000000000000,0.0000000000000000
16.000000000000000,71.000000000000000,0.0000000000000000
17.000000000000000,71.000000000000000,0.0000000000000000
18.000000000000000,71.000000000000000,0.0000000000000000
19.000000000000000,71.000000000000000,0.0000000000000000
20.000000000000000,71.000000000000000,0.0000000000000000
21.000000000000000,71.000000000000000,0.0000000000000000
22.000000000000000,71.000000000000000,0.0000000000000000
23.000000000000000,71.000000000000000,0.0000000000000000
24.000000000000000,71.000000000000000,0.0000000000000000
25.000000000000000,71.000000000000000,0.0000000000000000
26.000000000000000,71.000000000000000,0.0000000000000000
27.000000000000000,71.000000000000000,0.0000000000000000
28.000000000000000,71.000000000000000,0.0000000000000000
29.000000000000000,71.000000000000000,0.0000000000000000
30.000000000000000,71.000000000000000,0.0000000000000000
31.000000000000000,71.000000000000000,0.0000000000000000
32.000000000000000,71.000000000000000,0.0000000000000000
33.000000000000000,71.000000000000000,0.0000000000000000
34.000000000000000,71.000000000000000,0.0000000000000000
35.000000000000000,71.000000000000000,0.0000000000000000
36.000000000000000,71.000000000000000,0.0000000000000000
37.000000000000000,71.000000000000000,0.0000000000000000
38.000000000000000,71.000000000000000,0.0000000000000000
39.000000000000000,71.000000000000000,0.0000000000000000
40.000000000000000,71.000000000000000,0.0000000000000000
41.000000000000000,71.000000000000000,0.0000000000000000
42.000000000000000,71.000000000000000,0.0000000000000000
43.000000000000000,71.000000000000000,0.0000000000000000
44.000000000000000,71.000000000000000,0.0000000000000000
45.000000000000000,71.000000000000000,0.0000000000000000
46.000000000000000,71.000000000000000,0.0000000000000000
47.000000000000000,71.000000000000000,0.0000000000000000
48.000000000000000,71.000000000000000,0.0000000000000000
49.000000000000000,71.000000000000000,0.0000000000000000
50.000000000000000,71.000000000000000,0.0000000000000000
51.000000000000000,71.000000000000000,0.0000000000000000
52.000000000000000,71.000000000000000,0.0000000000000000
53.000000000000000,71.000000000000000,0.0000000000000000
54.000000000000000,71.000000000000000,0.0000000000000000
55.000000000000000,71.000000000000000,0.0000000000000000
56.000000000000000,71.000000000000000,0.0000000000000000
57.000000000000000,71.000000000000000,0.0000000000000000
58.000000000000000,71.000000000000000,0.0000000000000000
59.000000000000000,71.000000000000000,0.0000000000000000
60.000000000000000,71.000000000000000,0.0000000000000000
61.000000000000000,71.000000000000000,0.0000000000000000
62.000000000000000,71.000000000000000,0.0000000000000000
63.000000000000000,71.000000000000000,0.0000000000000000
64.000000000000000,71.000000000000000,0.0000000000000000
65.000000000000000,71.000000000000000,0.0000000000000000
66.000000000000000,71.000000000000000,0.0000000000000000
67.000000000000000,71.000000000000000,0.0000000000000000
68.000000000000000,71.000000000000000,0.0000000000000000
69.000000000000000,71.000000000000000,0.0000000000000000
70.000000000000000,71.000000000000000,0.0000000000000000
71.000000000000000,71.000000000000000,0.0000000000000000
72.000000000000000,71.000000000000000,0.0000000000000000
73.000000000000000,71.000000000000000,0.0000000000000000
74.000000000000000,71.000000000000000,0.0000000000000000
75.000000000000000,71.000000000000000,0.0000000000000000
76.000000000000000,71.000000000000000,0.0000000000000000
77.000000000000000,71.000000000000000,0.0000000000000000
78.000000000000000,71.000000000000000,0.0000000000000000
79.000000000000000,71.000000000000000,0.0000000000000000
80.000000000000000,71.000000000000000,0.0000000000000000
81.000000000000000,71.000000000000000,0.0000000000000000
82.000000000000000,71.000000000000000,0.0000000000000000
83.000000000000000,71.000000000000000,0.0000000000000000
84.000000000000000,71.000000000000000,0.0000000000000000
85.000000000000000,71.000000000000000,0.0000000000000000
86.000000000000000,71.000000000000000,0.0000000000000000
87.000000000000000,71.000000000000000,0.0000000000000000
88.000000000000000,71.000000000000000,0.0000000000000000
89.000000000000000,71.000000000000000,0.0000000000000000
90.000000000000000,71.000000000000000,0.0000000000000000
91.000000000000000,71.000000000000000,0.0000000000000000
92.000000000000000,71.000000000000000,0.0000000000000000
93.000000000000000,71.000000000000000,0.0000000000000000
94.000000000000000,71.000000000000000,0.0000000000000000
95.000000000000000,71.000000000000000,0.0000000000000000
96.000000000000000,71.000000000000000,0.50000000000000000
97.000000000000000,71.000000000000000,0.50000000000000000
98.000000000000000,71.000000000000000,0.0000000000000000
99.000000000000000,71.000000000000000,0.0000000000000000
100.00000000000000,71.000000000000000,0.0000000000000000
101.00000000000000,71.000000000000000,0.0000000000000000
102.00000000000000,71.000000000000000,0.0000000000000000
103.00000000000000,71.000000000000000,0.0000000000000000
104.00000000000000,71.000000000000000,0.0000000000000000
105.00000000000000,71.000000000000000,0.0000000000000000
106.00000000000000,71.000000000000000,0.0000000000000000
107.00000000000000,71.000000000000000,0.0000000000000000
108.00000000000000,71.000000000000000,0.0000000000000000
109.00000000000000,71.000000000000000,0.0000000000000000
110.00000000000000,71.000000000000000,0.0000000000000000
111.00000000000000,71.000000000000000,0.0000000000000000
112.00000000000000,71.000000000000000,0.0000000000000000
113.00000000000000,71.000000000000000,0.0000000000000000
1.0000000000000000,72.000000000000000,0.0000000000000000
2.0000000000000000,72.000000000000000,0.0000000000000000
3.0000000000000000,72.000000000000000,0.0000000000000000
4.0000000000000000,72.000000000000000,0.0000000000000000
5.0000000000000000,72.000000000000000,0.0000000000000000
6.0000000000000000,72.000000000000000,0.0000000000000000
7.0000000000000000,72.000000000000000,0.0000000000000000
8.0000000000000000,72.000000000000000,0.0000000000000000
9.0000000000000000,72.000000000000000,0.0000000000000000
10.000000000000000,72.000000000000000,0.0000000000000000
11.000000000000000,72.000000000000000,0.0000000000000000
12.000000000000000,72.000000000000000,0.0000000000000000
13.000000000000000,72.000000000000000,0.0000000000000000
14.000000000000000,72.000000000000000,0.0000000000000000
15.000000000000000,72.000000000000000,0.0000000000000000
16.000000000000000,72.000000000000000,0.0000000000000000
17.000000000000000,72.000000000000000,0.0000000000000000
18.000000000000000,72.000000000000000,0.0000000000000000
19.000000000000000,72.000000000000000,0.0000000000000000
20.000000000000000,72.000000000000000,0.0000000000000000
21.000000000000000,72.000000000000000,0.0000000000000000
22.000000000000000,72.000000000000000,0.0000000000000000
23.000000000000000,72.000000000000000,0.0000000000000000
24.000000000000000,72.000000000000000,0.0000000000000000
25.000000000000000,72.000000000000000,0.0000000000000000
26.000000000000000,72.000000000000000,0.0000000000000000
27.000000000000000,72.000000000000000,0.0000000000000000
28.000000000000000,72.000000000000000,0.0000000000000000
29.000000000000000,72.000000000000000,0.0000000000000000
30.000000000000000,72.000000000000000,0.0000000000000000
31.000000000000000,72.000000000000000,0.0000000000000000
32.000000000000000,72.000000000000000,0.0000000000000000
33.000000000000000,72.000000000000000,0.0000000000000000
34.000000000000000,72.000000000000000,0.0000000000000000
35.000000000000000,72.000000000000000,0.0000000000000000
36.000000000000000,72.000000000000000,0.0000000000000000
37.000000000000000,72.000000000000000,0.0000000000000000
38.000000000000000,72.000000000000000,0.0000000000000000
39.000000000000000,72.000000000000000,0.0000000000000000
40.000000000000000,72.000000000000000,0.0000000000000000
41.000000000000000,72.000000000000000,0.0000000000000000
42.000000000000000,72.000000000000000,0.0000000000000000
43.000000000000000,72.000000000000000,0.0000000000000000
44.000000000000000,72.000000000000000,0.0000000000000000
45.000000000000000,72.000000000000000,0.0000000000000000
46.000000000000000,72.000000000000000,0.0000000000000000
47.000000000000000,72.000000000000000,0.0000000000000000
48.000000000000000,72.000000000000000,0.0000000000000000
49.000000000000000,72.000000000000000,0.0000000000000000
50.000000000000000,72.000000000000000,0.0000000000000000
51.000000000000000,72.000000000000000,0.0000000000000000
52.000000000000000,72.000000000000000,0.0000000000000000
53.000000000000000,72.000000000000000,0.0000000000000000
54.000000000000000,72.000000000000000,0.0000000000000000
55.000000000000000,72.000000000000000,0.0000000000000000
56.000000000000000,72.000000000000000,0.0000000000000000
57.000000000000000,72.000000000000000,0.0000000000000000
58.000000000000000,72.000000000000000,0.0000000000000000
59.000000000000000,72.000000000000000,0.0000000000000000
60.000000000000000,72.000000000000000,0.0000000000000000
61.000000000000000,72.000000000000000,0.0000000000000000
62.000000000000000,72.000000000000000,0.0000000000000000
63.000000000000000,72.000000000000000,0.0000000000000000
64.000000000000000,72.000000000000000,0.0000000000000000
65.000000000000000,72.000000000000000,0.0000000000000000
66.000000000000000,72.000000000000000,0.0000000000000000
67.000000000000000,72.000000000000000,0.0000000000000000
68.000000000000000,72.000000000000000,0.0000000000000000
69.000000000000000,72.000000000000000,0.0000000000000000
70.000000000000000,72.000000000000000,0.0000000000000000
71.000000000000000,72.000000000000000,0.0000000000000000
72.000000000000000,72.000000000000000,0.0000000000000000
73.000000000000000,72.000000000000000,0.0000000000000000
74.000000000000000,72.000000000000000,0.0000000000000000
75.000000000000000,72.000000000000000,0.0000000000000000
76.000000000000000,72.000000000000000,0.0000000000000000
77.000000000000000,72.000000000000000,0.0000000000000000
78.000000000000000,72.000000000000000,0.0000000000000000
79.000000000000000,72.000000000000000,0.0000000000000000
80.000000000000000,72.000000000000000,0.0000000000000000
81.000000000000000,72.000000000000000,0.0000000000000000
82.000000000000000,72.000000000000000,0.0000000000000000
83.000000000000000,72.000000000000000,0.0000000000000000
84.000000000000000,72.000000000000000,0.0000000000000000
85.000000000000000,72.000000000000000,0.0000000000000000
86.000000000000000,72.000000000000000,0.0000000000000000
87.000000000000000,72.000000000000000,0.0000000000000000
88.000000000000000,72.000000000000000,0.0000000000000000
89.000000000000000,72.000000000000000,0.0000000000000000
90.000000000000000,72.000000000000000,0.0000000000000000
91.000000000000000,72.000000000000000,0.0000000000000000
92.000000000000000,72.000000000000000,0.0000000000000000
93.000000000000000,72.000000000000000,0.0000000000000000
94.000000000000000,72.000000000000000,0.0000000000000000
95.000000000000000,72.000000000000000,0.0000000000000000
96.000000000000000,72.000000000000000,0.50000000000000000
97.000000000000000,72.000000000000000,0.50000000000000000
98.000000000000000,72.000000000000000,0.0000000000000000
99.000000000000000,72.000000000000000,0.0000000000000000
100.00000000000000,72.000000000000000,0.0000000000000000
101.00000000000000,72.000000000000000,0.0000000000000000
102.00000000000000,72.000000000000000,0.0000000000000000
103.00000000000000,72.000000000000000,0.0000000000000000
104.00000000000000,72.000000000000000,0.0000000000000000
105.00000000000000,72.000000000000000,0.0000000000000000
106.00000000000000,72.000000000000000,0.0000000000000000
107.00000000000000,72.000000000000000,0.0000000000000000
108.00000000000000,72.000000000000000,0.0000000000000000
109.00000000000000,72.000000000000000,0.0000000000000000
110.00000000000000,72.000000000000000,0.0000000000000000
111.00000000000000,72.000000000000000,0.0000000000000000
112.00000000000000,72.000000000000000,0.0000000000000000
113.00000000000000,72.000000000000000,0.0000000000000000
1.0000000000000000,73.000000000000000,0.0000000000000000
2.0000000000000000,73.000000000000000,0.0000000000000000
3.0000000000000000,73.000000000000000,0.0000000000000000
4.0000000000000000,73.000000000000000,0.0000000000000000
5.0000000000000000,73.000000000000000,0.0000000000000000
6.0000000000000000,73.000000000000000,0.0000000000000000
7.0000000000000000,73.000000000000000,0.0000000000000000
8.0000000000000000,73.000000000000000,0.0000000000000000
9.0000000000000000,73.000000000000000,0.0000000000000000
10.000000000000000,73.000000000000000,0.0000000000000000
11.000000000000000,73.000000000000000,0.0000000000000000
12.000000000000000,73.000000000000000,0.0000000000000000
13.000000000000000,73.000000000000000,0.0000000000000000
14.000000000000000,73.000000000000000,0.0000000000000000
15.000000000000000,73.000000000000000,0.0000000000000000
16.000000000000000,73.000000000000000,0.0000000000000000
17.000000000000000,73.000000000000000,0.0000000000000000
18.000000000000000,73.000000000000000,0.0000000000000000
19.000000000000000,73.000000000000000,0.0000000000000000
20.000000000000000,73.000000000000000,0.0000000000000000
21.000000000000000,73.000000000000000,0.0000000000000000
22.000000000000000,73.000000000000000,0.0000000000000000
23.000000000000000,73.000000000000000,0.0000000000000000
24.000000000000000,73.000000000000000,0.0000000000000000
25.000000000000000,73.000000000000000,0.0000000000000000
26.000000000000000,73.000000000000000,0.0000000000000000
27.000000000000000,73.000000000000000,0.0000000000000000
28.000000000000000,73.000000000000000,0.0000000000000000
29.000000000000000,73.000000000000000,0.0000000000000000
30.000000000000000,73.000000000000000,0.0000000000000000
31.000000000000000,73.000000000000000,0.0000000000000000
32.000000000000000,73.000000000000000,0.0000000000000000
33.000000000000000,73.000000000000000,0.0000000000000000
34.000000000000000,73.000000000000000,0.0000000000000000
35.000000000000000,73.000000000000000,0.0000000000000000
36.000000000000000,73.000000000000000,0.0000000000000000
37.000000000000000,73.000000000000000,0.0000000000000000
38.000000000000000,73.000000000000000,0.0000000000000000
39.000000000000000,73.000000000000000,0.0000000000000000
40.000000000000000,73.000000000000000,0.0000000000000000
41.000000000000000,73.000000000000000,0.0000000000000000
42.000000000000000,73.000000000000000,0.0000000000000000
43.000000000000000,73.000000000000000,0.0000000000000000
44.000000000000000,73.000000000000000,0.0000000000000000
45.000000000000000,73.000000000000000,0.0000000000000000
46.000000000000000,73.000000000000000,0.0000000000000000
47.000000000000000,73.000000000000000,0.0000000000000000
48.000000000000000,73.000000000000000,0.0000000000000000
49.000000000000000,73.000000000000000,0.0000000000000000
50.000000000000000,73.000000000000000,0.0000000000000000
51.000000000000000,73.000000000000000,0.0000000000000000
52.000000000000000,73.000000000000000,0.0000000000000000
53.000000000000000,73.000000000000000,0.0000000000000000
54.000000000000000,73.000000000000000,0.0000000000000000
55.000000000000000,73.000000000000000,0.0000000000000000
56.000000000000000,73.000000000000000,0.0000000000000000
57.000000000000000,73.000000000000000,0.0000000000000000
58.000000000000000,73.000000000000000,0.0000000000000000
59.000000000000000,73.000000000000000,0.0000000000000000
60.000000000000000,73.000000000000000,0.0000000000000000
61.000000000000000,73.000000000000000,0.0000000000000000
62.000000000000000,73.000000000000000,0.0000000000000000
63.000000000000000,73.000000000000000,0.0000000000000000
64.000000000000000,73.000000000000000,0.0000000000000000
65.000000000000000,73.000000000000000,0.0000000000000000
66.000000000000000,73.000000000000000,0.0000000000000000
67.000000000000000,73.000000000000000,0.0000000000000000
68.000000000000000,73.000000000000000,0.0000000000000000
69.000000000000000,73.000000000000000,0.0000000000000000
70.000000000000000,73.000000000000000,0.0000000000000000
71.000000000000000,73.000000000000000,0.0000000000000000
72.000000000000000,73.000000000000000,0.0000000000000000
73.000000000000000,73.000000000000000,0.0000000000000000
74.000000000000000,73.000000000000000,0.0000000000000000
75.000000000000000,73.000000000000000,0.0000000000000000
76.000000000000000,73.000000000000000,0.0000000000000000
77.000000000000000,73.000000000000000,0.0000000000000000
78.000000000000000,73.000000000000000,0.0000000000000000
79.000000000000000,73.000000000000000,0.0000000000000000
80.000000000000000,73.000000000000000,0.0000000000000000
81.000000000000000,73.000000000000000,0.0000000000000000
82.000000000000000,73.000000000000000,0.0000000000000000
83.000000000000000,73.000000000000000,0.0000000000000000
84.000000000000000,73.000000000000000,0.0000000000000000
85.000000000000000,73.000000000000000,0.0000000000000000
86.000000000000000,73.000000000000000,0.0000000000000000
87.000000000000000,73.000000000000000,0.0000000000000000
88.000000000000000,73.000000000000000,0.0000000000000000
89.000000000000000,73.000000000000000,0.0000000000000000
90.000000000000000,73.000000000000000,0.0000000000000000
91.000000000000000,73.000000000000000,0.0000000000000000
92.000000000000000,73.000000000000000,0.0000000000000000
93.000000000000000,73.000000000000000,0.0000000000000000
94.000000000000000,73.000000000000000,0.0000000000000000
95.000000000000000,73.000000000000000,0.0000000000000000
96.000000000000000,73.000000000000000,0.50000000000000000
97.000000000000000,73.000000000000000,0.50000000000000000
98.000000000000000,73.000000000000000,0.0000000000000000
99.000000000000000,73.000000000000000,0.0000000000000000
100.00000000000000,73.000000000000000,0.0000000000000000
101.00000000000000,73.000000000000000,0.0000000000000000
102.00000000000000,73.000000000000000,0.0000000000000000
103.00000000000000,73.000000000000000,0.0000000000000000
104.00000000000000,73.000000000000000,0.0000000000000000
105.00000000000000,73.000000000000000,0.0000000000000000
106.00000000000000,73.000000000000000,0.0000000000000000
107.00000000000000,73.000000000000000,0.0000000000000000
108.00000000000000,73.000000000000000,0.0000000000000000
109.00000000000000,73.000000000000000,0.0000000000000000
110.00000000000000,73.000000000000000,0.0000000000000000
111.00000000000000,73.000000000000000,0.0000000000000000
112.00000000000000,73.000000000000000,0.0000000000000000
113.00000000000000,73.000000000000000,0.0000000000000000
1.0000000000000000,74.000000000000000,0.0000000000000000
2.0000000000000000,74.000000000000000,0.0000000000000000
3.0000000000000000,74.000000000000000,0.0000000000000000
4.0000000000000000,74.000000000000000,0.0000000000000000
5.0000000000000000,74.000000000000000,0.0000000000000000
6.0000000000000000,74.000000000000000,0.0000000000000000
7.0000000000000000,74.000000000000000,0.0000000000000000
8.0000000000000000,74.000000000000000,0.0000000000000000
9.0000000000000000,74.000000000000000,0.0000000000000000
10.000000000000000,74.000000000000000,0.0000000000000000
11.000000000000000,74.000000000000000,0.0000000000000000
12.000000000000000,74.000000000000000,0.0000000000000000
13.000000000000000,74.000000000000000,0.0000000000000000
14.000000000000000,74.000000000000000,0.0000000000000000
15.000000000000000,74.000000000000000,0.0000000000000000
16.000000000000000,74.000000000000000,0.0000000000000000
17.000000000000000,74.000000000000000,0.0000000000000000
18.000000000000000,74.000000000000000,0.0000000000000000
19.000000000000000,74.000000000000000,0.0000000000000000
20.000000000000000,74.000000000000000,0.0000000000000000
21.000000000000000,74.000000000000000,0.0000000000000000
22.000000000000000,74.000000000000000,0.0000000000000000
23.000000000000000,74.000000000000000,0.0000000000000000
24.000000000000000,74.000000000000000,0.0000000000000000
25.000000000000000,74.000000000000000,0.0000000000000000
26.000000000000000,74.000000000000000,0.0000000000000000
27.000000000000000,74.000000000000000,0.0000000000000000
28.000000000000000,74.000000000000000,0.0000000000000000
29.000000000000000,74.000000000000000,0.0000000000000000
30.000000000000000,74.000000000000000,0.0000000000000000
31.000000000000000,74.000000000000000,0.0000000000000000
32.000000000000000,74.000000000000000,0.0000000000000000
33.000000000000000,74.000000000000000,0.0000000000000000
34.000000000000000,74.000000000000000,0.0000000000000000
35.000000000000000,74.000000000000000,0.0000000000000000
36.000000000000000,74.000000000000000,0.0000000000000000
37.000000000000000,74.000000000000000,0.0000000000000000
38.000000000000000,74.000000000000000,0.0000000000000000
39.000000000000000,74.000000000000000,0.0000000000000000
40.000000000000000,74.000000000000000,0.0000000000000000
41.000000000000000,74.000000000000000,0.0000000000000000
42.000000000000000,74.000000000000000,0.0000000000000000
43.000000000000000,74.000000000000000,0.0000000000000000
44.000000000000000,74.000000000000000,0.0000000000000000
45.000000000000000,74.000000000000000,0.0000000000000000
46.000000000000000,74.000000000000000,0.0000000000000000
47.000000000000000,74.000000000000000,0.0000000000000000
48.000000000000000,74.000000000000000,0.0000000000000000
49.000000000000000,74.000000000000000,0.0000000000000000
50.000000000000000,74.000000000000000,0.0000000000000000
51.000000000000000,74.000000000000000,0.0000000000000000
52.000000000000000,74.000000000000000,0.0000000000000000
53.000000000000000,74.000000000000000,0.0000000000000000
54.000000000000000,74.000000000000000,0.0000000000000000
55.000000000000000,74.000000000000000,0.0000000000000000
56.000000000000000,74.000000000000000,0.0000000000000000
57.000000000000000,74.000000000000000,0.0000000000000000
58.000000000000000,74.000000000000000,0.0000000000000000
59.000000000000000,74.000000000000000,0.0000000000000000
60.000000000000000,74.000000000000000,0.0000000000000000
61.000000000000000,74.000000000000000,0.0000000000000000
62.000000000000000,74.000000000000000,0.0000000000000000
63.000000000000000,74.000000000000000,0.0000000000000000
64.000000000000000,74.000000000000000,0.0000000000000000
65.000000000000000,74.000000000000000,0.0000000000000000
66.000000000000000,74.000000000000000,0.0000000000000000
67.000000000000000,74.000000000000000,0.0000000000000000
68.000000000000000,74.000000000000000,0.0000000000000000
69.000000000000000,74.000000000000000,0.0000000000000000
70.000000000000000,74.000000000000000,0.0000000000000000
71.000000000000000,74.000000000000000,0.0000000000000000
72.000000000000000,74.000000000000000,0.0000000000000000
73.000000000000000,74.000000000000000,0.0000000000000000
74.000000000000000,74.000000000000000,0.0000000000000000
75.000000000000000,74.000000000000000,0.0000000000000000
76.000000000000000,74.000000000000000,0.0000000000000000
77.000000000000000,74.000000000000000,0.0000000000000000
78.000000000000000,74.000000000000000,0.0000000000000000
79.000000000000000,74.000000000000000,0.0000000000000000
80.000000000000000,74.000000000000000,0.0000000000000000
81.000000000000000,74.000000000000000,0.0000000000000000
82.000000000000000,74.000000000000000,0.0000000000000000
83.000000000000000,74.000000000000000,0.0000000000000000
84.000000000000000,74.000000000000000,0.0000000000000000
85.000000000000000,74.000000000000000,0.0000000000000000
86.000000000000000,74.000000000000000,0.0000000000000000
87.000000000000000,74.000000000000000,0.0000000000000000
88.000000000000000,74.000000000000000,0.0000000000000000
89.000000000000000,74.000000000000000,0.0000000000000000
90.000000000000000,74.000000000000000,0.0000000000000000
91.000000000000000,74.000000000000000,0.0000000000000000
92.000000000000000,74.000000000000000,0.0000000000000000
93.000000000000000,74.000000000000000,0.0000000000000000
94.000000000000000,74.000000000000000,0.0000000000000000
95.000000000000000,74.000000000000000,0.0000000000000000
96.000000000000000,74.000000000000000,0.40000000596046448
97.000000000000000,74.000000000000000,0.40000000596046448
98.000000000000000,74.000000000000000,0.0000000000000000
99.000000000000000,74.000000000000000,0.0000000000000000
100.00000000000000,74.000000000000000,0.0000000000000000
101.00000000000000,74.000000000000000,0.0000000000000000
102.00000000000000,74.000000000000000,0.0000000000000000
103.00000000000000,74.000000000000000,0.0000000000000000
104.00000000000000,74.000000000000000,0.0000000000000000
105.00000000000000,74.000000000000000,0.0000000000000000
106.00000000000000,74.000000000000000,0.0000000000000000
107.00000000000000,74.000000000000000,0.0000000000000000
108.00000000000000,74.000000000000000,0.0000000000000000
109.00000000000000,74.000000000000000,0.0000000000000000
110.00000000000000,74.000000000000000,0.0000000000000000
111.00000000000000,74.000000000000000,0.0000000000000000
112.00000000000000,74.000000000000000,0.0000000000000000
113.00000000000000,74.000000000000000,0.0000000000000000
1.0000000000000000,75.000000000000000,0.0000000000000000
2.0000000000000000,75.000000000000000,0.0000000000000000
3.0000000000000000,75.000000000000000,0.0000000000000000
4.0000000000000000,75.000000000000000,0.0000000000000000
5.0000000000000000,75.000000000000000,0.0000000000000000
6.0000000000000000,75.000000000000000,0.0000000000000000
7.0000000000000000,75.000000000000000,0.0000000000000000
8.0000000000000000,75.000000000000000,0.0000000000000000
9.0000000000000000,75.000000000000000,0.0000000000000000
10.000000000000000,75.000000000000000,0.0000000000000000
11.000000000000000,75.000000000000000,0.0000000000000000
12.000000000000000,75.000000000000000,0.0000000000000000
13.000000000000000,75.000000000000000,0.0000000000000000
14.000000000000000,75.000000000000000,0.0000000000000000
15.000000000000000,75.000000000000000,0.0000000000000000
16.000000000000000,75.000000000000000,0.0000000000000000
17.000000000000000,75.000000000000000,0.0000000000000000
18.000000000000000,75.000000000000000,0.0000000000000000
19.000000000000000,75.000000000000000,0.0000000000000000
20.000000000000000,75.000000000000000,0.0000000000000000
21.000000000000000,75.000000000000000,0.0000000000000000
22.000000000000000,75.000000000000000,0.0000000000000000
23.000000000000000,75.000000000000000,0.0000000000000000
24.000000000000000,75.000000000000000,0.0000000000000000
25.000000000000000,75.000000000000000,0.0000000000000000
26.000000000000000,75.000000000000000,0.0000000000000000
27.000000000000000,75.000000000000000,0.0000000000000000
28.000000000000000,75.000000000000000,0.0000000000000000
29.000000000000000,75.000000000000000,0.0000000000000000
30.000000000000000,75.000000000000000,0.0000000000000000
31.000000000000000,75.000000000000000,0.0000000000000000
32.000000000000000,75.000000000000000,0.0000000000000000
33.000000000000000,75.000000000000000,0.0000000000000000
34.000000000000000,75.000000000000000,0.0000000000000000
35.000000000000000,75.000000000000000,0.0000000000000000
36.000000000000000,75.000000000000000,0.0000000000000000
37.000000000000000,75.000000000000000,0.0000000000000000
38.000000000000000,75.000000000000000,0.0000000000000000
39.000000000000000,75.000000000000000,0.0000000000000000
40.000000000000000,75.000000000000000,0.0000000000000000
41.000000000000000,75.000000000000000,0.0000000000000000
42.000000000000000,75.000000000000000,0.0000000000000000
43.000000000000000,75.000000000000000,0.0000000000000000
44.000000000000000,75.000000000000000,0.0000000000000000
45.000000000000000,75.000000000000000,0.0000000000000000
46.000000000000000,75.000000000000000,0.0000000000000000
47.000000000000000,75.000000000000000,0.0000000000000000
48.000000000000000,75.000000000000000,0.0000000000000000
49.000000000000000,75.000000000000000,0.0000000000000000
50.000000000000000,75.000000000000000,0.0000000000000000
51.000000000000000,75.000000000000000,0.0000000000000000
52.000000000000000,75.000000000000000,0.0000000000000000
53.000000000000000,75.000000000000000,0.0000000000000000
54.000000000000000,75.000000000000000,0.0000000000000000
55.000000000000000,75.000000000000000,0.0000000000000000
56.000000000000000,75.000000000000000,0.0000000000000000
57.000000000000000,75.000000000000000,0.0000000000000000
58.000000000000000,75.000000000000000,0.0000000000000000
59.000000000000000,75.000000000000000,0.0000000000000000
60.000000000000000,75.000000000000000,0.0000000000000000
61.000000000000000,75.000000000000000,0.0000000000000000
62.000000000000000,75.000000000000000,0.0000000000000000
63.000000000000000,75.000000000000000,0.0000000000000000
64.000000000000000,75.000000000000000,0.0000000000000000
65.000000000000000,75.000000000000000,0.0000000000000000
66.000000000000000,75.000000000000000,0.0000000000000000
67.000000000000000,75.000000000000000,0.0000000000000000
68.000000000000000,75.000000000000000,0.0000000000000000
69.000000000000000,75.000000000000000,0.0000000000000000
70.000000000000000,75.000000000000000,0.0000000000000000
71.000000000000000,75.000000000000000,0.0000000000000000
72.000000000000000,75.000000000000000,0.0000000000000000
73.000000000000000,75.000000000000000,0.0000000000000000
74.000000000000000,75.000000000000000,0.0000000000000000
75.000000000000000,75.000000000000000,0.0000000000000000
76.000000000000000,75.000000000000000,0.0000000000000000
77.000000000000000,75.000000000000000,0.0000000000000000
78.000000000000000,75.000000000000000,0.0000000000000000
79.000000000000000,75.000000000000000,0.0000000000000000
80.000000000000000,75.000000000000000,0.0000000000000000
81.000000000000000,75.000000000000000,0.0000000000000000
82.000000000000000,75.000000000000000,0.0000000000000000
83.000000000000000,75.000000000000000,0.0000000000000000
84.000000000000000,75.000000000000000,0.0000000000000000
85.000000000000000,75.000000000000000,0.0000000000000000
86.000000000000000,75.000000000000000,0.0000000000000000
87.000000000000000,75.000000000000000,0.0000000000000000
88.000000000000000,75.000000000000000,0.0000000000000000
89.000000000000000,75.000000000000000,0.0000000000000000
90.000000000000000,75.000000000000000,0.0000000000000000
91.000000000000000,75.000000000000000,0.0000000000000000
92.000000000000000,75.000000000000000,0.0000000000000000
93.000000000000000,75.000000000000000,0.0000000000000000
94.000000000000000,75.000000000000000,0.0000000000000000
95.000000000000000,75.000000000000000,0.0000000000000000
96.000000000000000,75.000000000000000,0.40000000596046448
97.000000000000000,75.000000000000000,0.40000000596046448
98.000000000000000,75.000000000000000,0.0000000000000000
99.000000000000000,75.000000000000000,0.0000000000000000
100.00000000000000,75.000000000000000,0.0000000000000000
101.00000000000000,75.000000000000000,0.0000000000000000
102.00000000000000,75.000000000000000,0.0000000000000000
103.00000000000000,75.000000000000000,0.0000000000000000
104.00000000000000,75.000000000000000,0.0000000000000000
105.00000000000000,75.000000000000000,0.0000000000000000
106.00000000000000,75.000000000000000,0.0000000000000000
107.00000000000000,75.000000000000000,0.0000000000000000
108.00000000000000,75.000000000000000,0.0000000000000000
109.00000000000000,75.000000000000000,0.0000000000000000
110.00000000000000,75.000000000000000,0.0000000000000000
111.00000000000000,75.000000000000000,0.0000000000000000
112.00000000000000,75.000000000000000,0.0000000000000000
113.00000000000000,75.000000000000000,0.0000000000000000
1.0000000000000000,76.000000000000000,0.0000000000000000
2.0000000000000000,76.000000000000000,0.0000000000000000
3.0000000000000000,76.000000000000000,0.0000000000000000
4.0000000000000000,76.000000000000000,0.0000000000000000
5.0000000000000000,76.000000000000000,0.0000000000000000
6.0000000000000000,76.000000000000000,0.0000000000000000
7.0000000000000000,76.000000000000000,0.0000000000000000
8.0000000000000000,76.000000000000000,0.0000000000000000
9.0000000000000000,76.000000000000000,0.0000000000000000
10.000000000000000,76.000000000000000,0.0000000000000000
11.000000000000000,76.000000000000000,0.0000000000000000
12.000000000000000,76.000000000000000,0.0000000000000000
13.000000000000000,76.000000000000000,0.0000000000000000
14.000000000000000,76.000000000000000,0.0000000000000000
15.000000000000000,76.000000000000000,0.0000000000000000
16.000000000000000,76.000000000000000,0.0000000000000000
17.000000000000000,76.000000000000000,0.0000000000000000
18.000000000000000,76.000000000000000,0.0000000000000000
19.000000000000000,76.000000000000000,0.0000000000000000
20.000000000000000,76.000000000000000,0.0000000000000000
21.000000000000000,76.000000000000000,0.0000000000000000
22.000000000000000,76.000000000000000,0.0000000000000000
23.000000000000000,76.000000000000000,0.0000000000000000
24.000000000000000,76.000000000000000,0.0000000000000000
25.000000000000000,76.000000000000000,0.0000000000000000
26.000000000000000,76.000000000000000,0.0000000000000000
27.000000000000000,76.000000000000000,0.0000000000000000
28.000000000000000,76.000000000000000,0.0000000000000000
29.000000000000000,76.000000000000000,0.0000000000000000
30.000000000000000,76.000000000000000,0.0000000000000000
31.000000000000000,76.000000000000000,0.0000000000000000
32.000000000000000,76.000000000000000,0.0000000000000000
33.000000000000000,76.000000000000000,0.0000000000000000
34.000000000000000,76.000000000000000,0.0000000000000000
35.000000000000000,76.000000000000000,0.0000000000000000
36.000000000000000,76.000000000000000,0.0000000000000000
37.000000000000000,76.000000000000000,0.0000000000000000
38.000000000000000,76.000000000000000,0.0000000000000000
39.000000000000000,76.000000000000000,0.0000000000000000
40.000000000000000,76.000000000000000,0.0000000000000000
41.000000000000000,76.000000000000000,0.0000000000000000
42.000000000000000,76.000000000000000,0.0000000000000000
43.000000000000000,76.000000000000000,0.0000000000000000
44.000000000000000,76.000000000000000,0.0000000000000000
45.000000000000000,76.000000000000000,0.0000000000000000
46.000000000000000,76.000000000000000,0.0000000000000000
47.000000000000000,76.000000000000000,0.0000000000000000
48.000000000000000,76.000000000000000,0.0000000000000000
49.000000000000000,76.000000000000000,0.0000000000000000
50.000000000000000,76.000000000000000,0.0000000000000000
51.000000000000000,76.000000000000000,0.0000000000000000
52.000000000000000,76.000000000000000,0.0000000000000000
53.000000000000000,76.000000000000000,0.0000000000000000
54.000000000000000,76.000000000000000,0.0000000000000000
55.000000000000000,76.000000000000000,0.0000000000000000
56.000000000000000,76.000000000000000,0.0000000000000000
57.000000000000000,76.000000000000000,0.0000000000000000
58.000000000000000,76.000000000000000,0.0000000000000000
59.000000000000000,76.000000000000000,0.0000000000000000
60.000000000000000,76.000000000000000,0.0000000000000000
61.000000000000000,76.000000000000000,0.0000000000000000
62.000000000000000,76.000000000000000,0.0000000000000000
63.000000000000000,76.000000000000000,0.0000000000000000
64.000000000000000,76.000000000000000,0.0000000000000000
65.000000000000000,76.000000000000000,0.0000000000000000
66.000000000000000,76.000000000000000,0.0000000000000000
67.000000000000000,76.000000000000000,0.0000000000000000
68.000000000000000,76.000000000000000,0.0000000000000000
69.000000000000000,76.000000000000000,0.0000000000000000
70.000000000000000,76.000000000000000,0.0000000000000000
71.000000000000000,76.000000000000000,0.0000000000000000
72.000000000000000,76.000000000000000,0.0000000000000000
73.000000000000000,76.000000000000000,0.0000000000000000
74.000000000000000,76.000000000000000,0.0000000000000000
75.000000000000000,76.000000000000000,0.0000000000000000
76.000000000000000,76.000000000000000,0.0000000000000000
77.000000000000000,76.000000000000000,0.0000000000000000
78.000000000000000,76.000000000000000,0.0000000000000000
79.000000000000000,76.000000000000000,0.0000000000000000
80.000000000000000,76.000000000000000,0.0000000000000000
81.000000000000000,76.000000000000000,0.0000000000000000
82.000000000000000,76.000000000000000,0.0000000000000000
83.000000000000000,76.000000000000000,0.0000000000000000
84.000000000000000,76.000000000000000,0.0000000000000000
85.000000000000000,76.000000000000000,0.0000000000000000
86.000000000000000,76.000000000000000,0.0000000000000000
87.000000000000000,76.000000000000000,0.0000000000000000
88.000000000000000,76.000000000000000,0.0000000000000000
89.000000000000000,76.000000000000000,0.0000000000000000
90.000000000000000,76.000000000000000,0.0000000000000000
91.000000000000000,76.000000000000000,0.0000000000000000
92.000000000000000,76.000000000000000,0.0000000000000000
93.000000000000000,76.000000000000000,0.0000000000000000
94.000000000000000,76.000000000000000,0.0000000000000000
95.000000000000000,76.000000000000000,0.0000000000000000
96.000000000000000,76.000000000000000,0.40000000596046448
97.000000000000000,76.000000000000000,0.0000000000000000
98.000000000000000,76.000000000000000,0.0000000000000000
99.000000000000000,76.000000000000000,0.0000000000000000
100.00000000000000,76.000000000000000,0.0000000000000000
101.00000000000000,76.000000000000000,0.0000000000000000
102.00000000000000,76.000000000000000,0.0000000000000000
103.00000000000000,76.000000000000000,0.0000000000000000
104.00000000000000,76.000000000000000,0.0000000000000000
105.00000000000000,76.000000000000000,0.0000000000000000
106.00000000000000,76.000000000000000,0.0000000000000000
107.00000000000000,76.000000000000000,0.0000000000000000
108.00000000000000,76.000000000000000,0.0000000000000000
109.00000000000000,76.000000000000000,0.0000000000000000
110.00000000000000,76.000000000000000,0.0000000000000000
111.00000000000000,76.000000000000000,0.0000000000000000
112.00000000000000,76.000000000000000,0.0000000000000000
113.00000000000000,76.000000000000000,0.0000000000000000
1.0000000000000000,77.000000000000000,0.0000000000000000
2.0000000000000000,77.000000000000000,0.0000000000000000
3.0000000000000000,77.000000000000000,0.0000000000000000
4.0000000000000000,77.000000000000000,0.0000000000000000
5.0000000000000000,77.000000000000000,0.0000000000000000
6.0000000000000000,77.000000000000000,0.0000000000000000
7.0000000000000000,77.000000000000000,0.0000000000000000
8.0000000000000000,77.000000000000000,0.0000000000000000
9.0000000000000000,77.000000000000000,0.0000000000000000
10.000000000000000,77.000000000000000,0.0000000000000000
11.000000000000000,77.000000000000000,0.0000000000000000
12.000000000000000,77.000000000000000,0.0000000000000000
13.000000000000000,77.000000000000000,0.0000000000000000
14.000000000000000,77.000000000000000,0.0000000000000000
15.000000000000000,77.000000000000000,0.0000000000000000
16.000000000000000,77.000000000000000,0.0000000000000000
17.000000000000000,77.000000000000000,0.0000000000000000
18.000000000000000,77.000000000000000,0.0000000000000000
19.000000000000000,77.000000000000000,0.0000000000000000
20.000000000000000,77.000000000000000,0.0000000000000000
21.000000000000000,77.000000000000000,0.0000000000000000
22.000000000000000,77.000000000000000,0.0000000000000000
23.000000000000000,77.000000000000000,0.0000000000000000
24.000000000000000,77.000000000000000,0.0000000000000000
25.000000000000000,77.000000000000000,0.0000000000000000
26.000000000000000,77.000000000000000,0.0000000000000000
27.000000000000000,77.000000000000000,0.0000000000000000
28.000000000000000,77.000000000000000,0.0000000000000000
29.000000000000000,77.000000000000000,0.0000000000000000
30.000000000000000,77.000000000000000,0.0000000000000000
31.000000000000000,77.000000000000000,0.0000000000000000
32.000000000000000,77.000000000000000,0.0000000000000000
33.000000000000000,77.000000000000000,0.0000000000000000
34.000000000000000,77.000000000000000,0.0000000000000000
35.000000000000000,77.000000000000000,0.0000000000000000
36.000000000000000,77.000000000000000,0.0000000000000000
37.000000000000000,77.000000000000000,0.0000000000000000
38.000000000000000,77.000000000000000,0.0000000000000000
39.000000000000000,77.000000000000000,0.0000000000000000
40.000000000000000,77.000000000000000,0.0000000000000000
41.000000000000000,77.000000000000000,0.0000000000000000
42.000000000000000,77.000000000000000,0.0000000000000000
43.000000000000000,77.000000000000000,0.0000000000000000
44.000000000000000,77.000000000000000,0.0000000000000000
45.000000000000000,77.000000000000000,0.0000000000000000
46.000000000000000,77.000000000000000,0.0000000000000000
47.000000000000000,77.000000000000000,0.0000000000000000
48.000000000000000,77.000000000000000,0.0000000000000000
49.000000000000000,77.000000000000000,0.0000000000000000
50.000000000000000,77.000000000000000,0.0000000000000000
51.000000000000000,77.000000000000000,0.0000000000000000
52.000000000000000,77.000000000000000,0.0000000000000000
53.000000000000000,77.000000000000000,0.0000000000000000
54.000000000000000,77.000000000000000,0.0000000000000000
55.000000000000000,77.000000000000000,0.0000000000000000
56.000000000000000,77.000000000000000,0.0000000000000000
57.000000000000000,77.000000000000000,0.0000000000000000
58.000000000000000,77.000000000000000,0.0000000000000000
59.000000000000000,77.000000000000000,0.0000000000000000
60.000000000000000,77.000000000000000,0.0000000000000000
61.000000000000000,77.000000000000000,0.0000000000000000
62.000000000000000,77.000000000000000,0.0000000000000000
63.000000000000000,77.000000000000000,0.0000000000000000
64.000000000000000,77.000000000000000,0.0000000000000000
65.000000000000000,77.000000000000000,0.0000000000000000
66.000000000000000,77.000000000000000,0.0000000000000000
67.000000000000000,77.000000000000000,0.0000000000000000
68.000000000000000,77.000000000000000,0.0000000000000000
69.000000000000000,77.000000000000000,0.0000000000000000
70.000000000000000,77.000000000000000,0.0000000000000000
71.000000000000000,77.000000000000000,0.0000000000000000
72.000000000000000,77.000000000000000,0.0000000000000000
73.000000000000000,77.000000000000000,0.0000000000000000
74.000000000000000,77.000000000000000,0.0000000000000000
75.000000000000000,77.000000000000000,0.0000000000000000
76.000000000000000,77.000000000000000,0.0000000000000000
77.000000000000000,77.000000000000000,0.0000000000000000
78.000000000000000,77.000000000000000,0.0000000000000000
79.000000000000000,77.000000000000000,0.0000000000000000
80.000000000000000,77.000000000000000,0.0000000000000000
81.000000000000000,77.000000000000000,0.0000000000000000
82.000000000000000,77.000000000000000,0.0000000000000000
83.000000000000000,77.000000000000000,0.0000000000000000
84.000000000000000,77.000000000000000,0.0000000000000000
85.000000000000000,77.000000000000000,0.0000000000000000
86.000000000000000,77.000000000000000,0.0000000000000000
87.000000000000000,77.000000000000000,0.0000000000000000
88.000000000000000,77.000000000000000,0.0000000000000000
89.000000000000000,77.000000000000000,0.0000000000000000
90.000000000000000,77.000000000000000,0.0000000000000000
91.000000000000000,77.000000000000000,0.0000000000000000
92.000000000000000,77.000000000000000,0.0000000000000000
93.000000000000000,77.000000000000000,0.0000000000000000
94.000000000000000,77.000000000000000,0.0000000000000000
95.000000000000000,77.000000000000000,0.0000000000000000
96.000000000000000,77.000000000000000,0.40000000596046448
97.000000000000000,77.000000000000000,0.0000000000000000
98.000000000000000,77.000000000000000,0.0000000000000000
99.000000000000000,77.000000000000000,0.0000000000000000
100.00000000000000,77.000000000000000,0.0000000000000000
101.00000000000000,77.000000000000000,0.0000000000000000
102.00000000000000,77.000000000000000,0.0000000000000000
103.00000000000000,77.000000000000000,0.0000000000000000
104.00000000000000,77.000000000000000,0.0000000000000000
105.00000000000000,77.000000000000000,0.0000000000000000
106.00000000000000,77.000000000000000,0.0000000000000000
107.00000000000000,77.000000000000000,0.0000000000000000
108.00000000000000,77.000000000000000,0.0000000000000000
109.00000000000000,77.000000000000000,0.0000000000000000
110.00000000000000,77.000000000000000,0.0000000000000000
111.00000000000000,77.000000000000000,0.0000000000000000
112.00000000000000,77.000000000000000,0.0000000000000000
113.00000000000000,77.000000000000000,0.0000000000000000
1.0000000000000000,78.000000000000000,0.0000000000000000
2.0000000000000000,78.000000000000000,0.0000000000000000
3.0000000000000000,78.000000000000000,0.0000000000000000
4.0000000000000000,78.000000000000000,0.0000000000000000
5.0000000000000000,78.000000000000000,0.0000000000000000
6.0000000000000000,78.000000000000000,0.0000000000000000
7.0000000000000000,78.000000000000000,0.0000000000000000
8.0000000000000000,78.000000000000000,0.0000000000000000
9.0000000000000000,78.000000000000000,0.0000000000000000
10.000000000000000,78.000000000000000,0.0000000000000000
11.000000000000000,78.000000000000000,0.0000000000000000
12.000000000000000,78.000000000000000,0.0000000000000000
13.000000000000000,78.000000000000000,0.0000000000000000
14.000000000000000,78.000000000000000,0.0000000000000000
15.000000000000000,78.000000000000000,0.0000000000000000
16.000000000000000,78.000000000000000,0.0000000000000000
17.000000000000000,78.000000000000000,0.0000000000000000
18.000000000000000,78.000000000000000,0.0000000000000000
19.000000000000000,78.000000000000000,0.0000000000000000
20.000000000000000,78.000000000000000,0.0000000000000000
21.000000000000000,78.000000000000000,0.0000000000000000
22.000000000000000,78.000000000000000,0.0000000000000000
23.000000000000000,78.000000000000000,0.0000000000000000
24.000000000000000,78.000000000000000,0.0000000000000000
25.000000000000000,78.000000000000000,0.0000000000000000
26.000000000000000,78.000000000000000,0.0000000000000000
27.000000000000000,78.000000000000000,0.0000000000000000
28.000000000000000,78.000000000000000,0.0000000000000000
29.000000000000000,78.000000000000000,0.0000000000000000
30.000000000000000,78.000000000000000,0.0000000000000000
31.000000000000000,78.000000000000000,0.0000000000000000
32.000000000000000,78.000000000000000,0.0000000000000000
33.000000000000000,78.000000000000000,0.0000000000000000
34.000000000000000,78.000000000000000,0.0000000000000000
35.000000000000000,78.000000000000000,0.0000000000000000
36.000000000000000,78.000000000000000,0.0000000000000000
37.000000000000000,78.000000000000000,0.0000000000000000
38.000000000000000,78.000000000000000,0.0000000000000000
39.000000000000000,78.000000000000000,0.0000000000000000
40.000000000000000,78.000000000000000,0.0000000000000000
41.000000000000000,78.000000000000000,0.0000000000000000
42.000000000000000,78.000000000000000,0.0000000000000000
43.000000000000000,78.000000000000000,0.0000000000000000
44.000000000000000,78.000000000000000,0.0000000000000000
45.000000000000000,78.000000000000000,0.0000000000000000
46.000000000000000,78.000000000000000,0.0000000000000000
47.000000000000000,78.000000000000000,0.0000000000000000
48.000000000000000,78.000000000000000,0.0000000000000000
49.000000000000000,78.000000000000000,0.0000000000000000
50.000000000000000,78.000000000000000,0.0000000000000000
51.000000000000000,78.000000000000000,0.0000000000000000
52.000000000000000,78.000000000000000,0.0000000000000000
53.000000000000000,78.000000000000000,0.0000000000000000
54.000000000000000,78.000000000000000,0.0000000000000000
55.000000000000000,78.000000000000000,0.0000000000000000
56.000000000000000,78.000000000000000,0.0000000000000000
57.000000000000000,78.000000000000000,0.0000000000000000
58.000000000000000,78.000000000000000,0.0000000000000000
59.000000000000000,78.000000000000000,0.0000000000000000
60.000000000000000,78.000000000000000,0.0000000000000000
61.000000000000000,78.000000000000000,0.0000000000000000
62.000000000000000,78.000000000000000,0.0000000000000000
63.000000000000000,78.000000000000000,0.0000000000000000
64.000000000000000,78.000000000000000,0.0000000000000000
65.000000000000000,78.000000000000000,0.0000000000000000
66.000000000000000,78.000000000000000,0.0000000000000000
67.000000000000000,78.000000000000000,0.0000000000000000
68.000000000000000,78.000000000000000,0.0000000000000000
69.000000000000000,78.000000000000000,0.0000000000000000
70.000000000000000,78.000000000000000,0.0000000000000000
71.000000000000000,78.000000000000000,0.0000000000000000
72.000000000000000,78.000000000000000,0.0000000000000000
73.000000000000000,78.000000000000000,0.0000000000000000
74.000000000000000,78.000000000000000,0.0000000000000000
75.000000000000000,78.000000000000000,0.0000000000000000
76.000000000000000,78.000000000000000,0.0000000000000000
77.000000000000000,78.000000000000000,0.0000000000000000
78.000000000000000,78.000000000000000,0.0000000000000000
79.000000000000000,78.000000000000000,0.0000000000000000
80.000000000000000,78.000000000000000,0.0000000000000000
81.000000000000000,78.000000000000000,0.0000000000000000
82.000000000000000,78.000000000000000,0.0000000000000000
83.000000000000000,78.000000000000000,0.0000000000000000
84.000000000000000,78.000000000000000,0.0000000000000000
85.000000000000000,78.000000000000000,0.0000000000000000
86.000000000000000,78.000000000000000,0.0000000000000000
87.000000000000000,78.000000000000000,0.0000000000000000
88.000000000000000,78.000000000000000,0.0000000000000000
89.000000000000000,78.000000000000000,0.0000000000000000
90.000000000000000,78.000000000000000,0.0000000000000000
91.000000000000000,78.000000000000000,0.0000000000000000
92.000000000000000,78.000000000000000,0.0000000000000000
93.000000000000000,78.000000000000000,0.0000000000000000
94.000000000000000,78.000000000000000,0.0000000000000000
95.000000000000000,78.000000000000000,0.0000000000000000
96.000000000000000,78.000000000000000,0.40000000596046448
97.000000000000000,78.000000000000000,0.40000000596046448
98.000000000000000,78.000000000000000,0.0000000000000000
99.000000000000000,78.000000000000000,0.0000000000000000
100.00000000000000,78.000000000000000,0.0000000000000000
101.00000000000000,78.000000000000000,0.0000000000000000
102.00000000000000,78.000000000000000,0.0000000000000000
103.00000000000000,78.000000000000000,0.0000000000000000
104.00000000000000,78.000000000000000,0.0000000000000000
105.00000000000000,78.000000000000000,0.0000000000000000
106.00000000000000,78.000000000000000,0.0000000000000000
107.00000000000000,78.000000000000000,0.0000000000000000
108.00000000000000,78.000000000000000,0.0000000000000000
109.00000000000000,78.000000000000000,0.0000000000000000
110.00000000000000,78.000000000000000,0.0000000000000000
111.00000000000000,78.000000000000000,0.0000000000000000
112.00000000000000,78.000000000000000,0.0000000000000000
113.00000000000000,78.000000000000000,0.0000000000000000
1.0000000000000000,79.000000000000000,0.0000000000000000
2.0000000000000000,79.000000000000000,0.0000000000000000
3.0000000000000000,79.000000000000000,0.0000000000000000
4.0000000000000000,79.000000000000000,0.0000000000000000
5.0000000000000000,79.000000000000000,0.0000000000000000
6.0000000000000000,79.000000000000000,0.0000000000000000
7.0000000000000000,79.000000000000000,0.0000000000000000
8.0000000000000000,79.000000000000000,0.0000000000000000
9.0000000000000000,79.000000000000000,0.0000000000000000
10.000000000000000,79.000000000000000,0.0000000000000000
11.000000000000000,79.000000000000000,0.0000000000000000
12.000000000000000,79.000000000000000,0.0000000000000000
13.000000000000000,79.000000000000000,0.0000000000000000
14.000000000000000,79.000000000000000,0.0000000000000000
15.000000000000000,79.000000000000000,0.0000000000000000
16.000000000000000,79.000000000000000,0.0000000000000000
17.000000000000000,79.000000000000000,0.0000000000000000
18.000000000000000,79.000000000000000,0.0000000000000000
19.000000000000000,79.000000000000000,0.0000000000000000
20.000000000000000,79.000000000000000,0.0000000000000000
21.000000000000000,79.000000000000000,0.0000000000000000
22.000000000000000,79.000000000000000,0.0000000000000000
23.000000000000000,79.000000000000000,0.0000000000000000
24.000000000000000,79.000000000000000,0.0000000000000000
25.000000000000000,79.000000000000000,0.0000000000000000
26.000000000000000,79.000000000000000,0.0000000000000000
27.000000000000000,79.000000000000000,0.0000000000000000
28.000000000000000,79.000000000000000,0.0000000000000000
29.000000000000000,79.000000000000000,0.0000000000000000
30.000000000000000,79.000000000000000,0.0000000000000000
31.000000000000000,79.000000000000000,0.0000000000000000
32.000000000000000,79.000000000000000,0.0000000000000000
33.000000000000000,79.000000000000000,0.0000000000000000
34.000000000000000,79.000000000000000,0.0000000000000000
35.000000000000000,79.000000000000000,0.0000000000000000
36.000000000000000,79.000000000000000,0.0000000000000000
37.000000000000000,79.000000000000000,0.0000000000000000
38.000000000000000,79.000000000000000,0.0000000000000000
39.000000000000000,79.000000000000000,0.0000000000000000
40.000000000000000,79.000000000000000,0.0000000000000000
41.000000000000000,79.000000000000000,0.0000000000000000
42.000000000000000,79.000000000000000,0.0000000000000000
43.000000000000000,79.000000000000000,0.0000000000000000
44.000000000000000,79.000000000000000,0.0000000000000000
45.000000000000000,79.000000000000000,0.0000000000000000
46.000000000000000,79.000000000000000,0.0000000000000000
47.000000000000000,79.000000000000000,0.0000000000000000
48.000000000000000,79.000000000000000,0.0000000000000000
49.000000000000000,79.000000000000000,0.0000000000000000
50.000000000000000,79.000000000000000,0.0000000000000000
51.000000000000000,79.000000000000000,0.0000000000000000
52.000000000000000,79.000000000000000,0.0000000000000000
53.000000000000000,79.000000000000000,0.0000000000000000
54.000000000000000,79.000000000000000,0.0000000000000000
55.000000000000000,79.000000000000000,0.0000000000000000
56.000000000000000,79.000000000000000,0.0000000000000000
57.000000000000000,79.000000000000000,0.0000000000000000
58.000000000000000,79.000000000000000,0.0000000000000000
59.000000000000000,79.000000000000000,0.0000000000000000
60.000000000000000,79.000000000000000,0.0000000000000000
61.000000000000000,79.000000000000000,0.0000000000000000
62.000000000000000,79.000000000000000,0.0000000000000000
63.000000000000000,79.000000000000000,0.0000000000000000
64.000000000000000,79.000000000000000,0.0000000000000000
65.000000000000000,79.000000000000000,0.0000000000000000
66.000000000000000,79.000000000000000,0.0000000000000000
67.000000000000000,79.000000000000000,0.0000000000000000
68.000000000000000,79.000000000000000,0.0000000000000000
69.000000000000000,79.000000000000000,0.0000000000000000
70.000000000000000,79.000000000000000,0.0000000000000000
71.000000000000000,79.000000000000000,0.0000000000000000
72.000000000000000,79.000000000000000,0.0000000000000000
73.000000000000000,79.000000000000000,0.0000000000000000
74.000000000000000,79.000000000000000,0.0000000000000000
75.000000000000000,79.000000000000000,0.0000000000000000
76.000000000000000,79.000000000000000,0.0000000000000000
77.000000000000000,79.000000000000000,0.0000000000000000
78.000000000000000,79.000000000000000,0.0000000000000000
79.000000000000000,79.000000000000000,0.0000000000000000
80.000000000000000,79.000000000000000,0.0000000000000000
81.000000000000000,79.000000000000000,0.0000000000000000
82.000000000000000,79.000000000000000,0.0000000000000000
83.000000000000000,79.000000000000000,0.0000000000000000
84.000000000000000,79.000000000000000,0.0000000000000000
85.000000000000000,79.000000000000000,0.0000000000000000
86.000000000000000,79.000000000000000,0.0000000000000000
87.000000000000000,79.000000000000000,0.0000000000000000
88.000000000000000,79.000000000000000,0.0000000000000000
89.000000000000000,79.000000000000000,0.0000000000000000
90.000000000000000,79.000000000000000,0.0000000000000000
91.000000000000000,79.000000000000000,0.0000000000000000
92.000000000000000,79.000000000000000,0.0000000000000000
93.000000000000000,79.000000000000000,0.0000000000000000
94.000000000000000,79.000000000000000,0.0000000000000000
95.000000000000000,79.000000000000000,0.0000000000000000
96.000000000000000,79.000000000000000,0.40000000596046448
97.000000000000000,79.000000000000000,0.40000000596046448
98.000000000000000,79.000000000000000,0.0000000000000000
99.000000000000000,79.000000000000000,0.0000000000000000
100.00000000000000,79.000000000000000,0.0000000000000000
101.00000000000000,79.000000000000000,0.0000000000000000
102.00000000000000,79.000000000000000,0.0000000000000000
103.00000000000000,79.000000000000000,0.0000000000000000
104.00000000000000,79.000000000000000,0.0000000000000000
105.00000000000000,79.000000000000000,0.0000000000000000
106.00000000000000,79.000000000000000,0.0000000000000000
107.00000000000000,79.000000000000000,0.0000000000000000
108.00000000000000,79.000000000000000,0.0000000000000000
109.00000000000000,79.000000000000000,0.0000000000000000
110.00000000000000,79.000000000000000,0.0000000000000000
111.00000000000000,79.000000000000000,0.0000000000000000
112.00000000000000,79.000000000000000,0.0000000000000000
113.00000000000000,79.000000000000000,0.0000000000000000
1.0000000000000000,80.000000000000000,0.0000000000000000
2.0000000000000000,80.000000000000000,0.0000000000000000
3.0000000000000000,80.000000000000000,0.0000000000000000
4.0000000000000000,80.000000000000000,0.0000000000000000
5.0000000000000000,80.000000000000000,0.0000000000000000
6.0000000000000000,80.000000000000000,0.0000000000000000
7.0000000000000000,80.000000000000000,0.0000000000000000
8.0000000000000000,80.000000000000000,0.0000000000000000
9.0000000000000000,80.000000000000000,0.0000000000000000
10.000000000000000,80.000000000000000,0.0000000000000000
11.000000000000000,80.000000000000000,0.0000000000000000
12.000000000000000,80.000000000000000,0.0000000000000000
13.000000000000000,80.000000000000000,0.0000000000000000
14.000000000000000,80.000000000000000,0.0000000000000000
15.000000000000000,80.000000000000000,0.0000000000000000
16.000000000000000,80.000000000000000,0.0000000000000000
17.000000000000000,80.000000000000000,0.0000000000000000
18.000000000000000,80.000000000000000,0.0000000000000000
19.000000000000000,80.000000000000000,0.0000000000000000
20.000000000000000,80.000000000000000,0.0000000000000000
21.000000000000000,80.000000000000000,0.0000000000000000
22.000000000000000,80.000000000000000,0.0000000000000000
23.000000000000000,80.000000000000000,0.0000000000000000
24.000000000000000,80.000000000000000,0.0000000000000000
25.000000000000000,80.000000000000000,0.0000000000000000
26.000000000000000,80.000000000000000,0.0000000000000000
27.000000000000000,80.000000000000000,0.0000000000000000
28.000000000000000,80.000000000000000,0.0000000000000000
29.000000000000000,80.000000000000000,0.0000000000000000
30.000000000000000,80.000000000000000,0.0000000000000000
31.000000000000000,80.000000000000000,0.0000000000000000
32.000000000000000,80.000000000000000,0.0000000000000000
33.000000000000000,80.000000000000000,0.0000000000000000
34.000000000000000,80.000000000000000,0.0000000000000000
35.000000000000000,80.000000000000000,0.0000000000000000
36.000000000000000,80.000000000000000,0.0000000000000000
37.000000000000000,80.000000000000000,0.0000000000000000
38.000000000000000,80.000000000000000,0.0000000000000000
39.000000000000000,80.000000000000000,0.0000000000000000
40.000000000000000,80.000000000000000,0.0000000000000000
41.000000000000000,80.000000000000000,0.0000000000000000
42.000000000000000,80.000000000000000,0.0000000000000000
43.000000000000000,80.000000000000000,0.0000000000000000
44.000000000000000,80.000000000000000,0.0000000000000000
45.000000000000000,80.000000000000000,0.0000000000000000
46.000000000000000,80.000000000000000,0.0000000000000000
47.000000000000000,80.000000000000000,0.0000000000000000
48.000000000000000,80.000000000000000,0.0000000000000000
49.000000000000000,80.000000000000000,0.0000000000000000
50.000000000000000,80.000000000000000,0.0000000000000000
51.000000000000000,80.000000000000000,0.0000000000000000
52.000000000000000,80.000000000000000,0.0000000000000000
53.000000000000000,80.000000000000000,0.0000000000000000
54.000000000000000,80.000000000000000,0.0000000000000000
55.000000000000000,80.000000000000000,0.0000000000000000
56.000000000000000,80.000000000000000,0.0000000000000000
57.000000000000000,80.000000000000000,0.0000000000000000
58.000000000000000,80.000000000000000,0.0000000000000000
59.000000000000000,80.000000000000000,0.0000000000000000
60.000000000000000,80.000000000000000,0.0000000000000000
61.000000000000000,80.000000000000000,0.0000000000000000
62.000000000000000,80.000000000000000,0.0000000000000000
63.000000000000000,80.000000000000000,0.0000000000000000
64.000000000000000,80.000000000000000,0.0000000000000000
65.000000000000000,80.000000000000000,0.0000000000000000
66.000000000000000,80.000000000000000,0.0000000000000000
67.000000000000000,80.000000000000000,0.0000000000000000
68.000000000000000,80.000000000000000,0.0000000000000000
69.000000000000000,80.000000000000000,0.0000000000000000
70.000000000000000,80.000000000000000,0.0000000000000000
71.000000000000000,80.000000000000000,0.0000000000000000
72.000000000000000,80.000000000000000,0.0000000000000000
73.000000000000000,80.000000000000000,0.0000000000000000
74.000000000000000,80.000000000000000,0.0000000000000000
75.000000000000000,80.000000000000000,0.0000000000000000
76.000000000000000,80.000000000000000,0.0000000000000000
77.000000000000000,80.000000000000000,0.0000000000000000
78.000000000000000,80.000000000000000,0.0000000000000000
79.000000000000000,80.000000000000000,0.0000000000000000
80.000000000000000,80.000000000000000,0.0000000000000000
81.000000000000000,80.000000000000000,0.0000000000000000
82.000000000000000,80.000000000000000,0.0000000000000000
83.000000000000000,80.000000000000000,0.0000000000000000
84.000000000000000,80.000000000000000,0.0000000000000000
85.000000000000000,80.000000000000000,0.0000000000000000
86.000000000000000,80.000000000000000,0.0000000000000000
87.000000000000000,80.000000000000000,0.0000000000000000
88.000000000000000,80.000000000000000,0.0000000000000000
89.000000000000000,80.000000000000000,0.0000000000000000
90.000000000000000,80.000000000000000,0.0000000000000000
91.000000000000000,80.000000000000000,0.0000000000000000
92.000000000000000,80.000000000000000,0.0000000000000000
93.000000000000000,80.000000000000000,0.0000000000000000
94.000000000000000,80.000000000000000,0.0000000000000000
95.000000000000000,80.000000000000000,0.0000000000000000
96.000000000000000,80.000000000000000,0.40000000596046448
97.000000000000000,80.000000000000000,0.40000000596046448
98.000000000000000,80.000000000000000,0.0000000000000000
99.000000000000000,80.000000000000000,0.0000000000000000
100.00000000000000,80.000000000000000,0.0000000000000000
101.00000000000000,80.000000000000000,0.0000000000000000
102.00000000000000,80.000000000000000,0.0000000000000000
103.00000000000000,80.000000000000000,0.0000000000000000
104.00000000000000,80.000000000000000,0.0000000000000000
105.00000000000000,80.000000000000000,0.0000000000000000
106.00000000000000,80.000000000000000,0.0000000000000000
107.00000000000000,80.000000000000000,0.0000000000000000
108.00000000000000,80.000000000000000,0.0000000000000000
109.00000000000000,80.000000000000000,0.0000000000000000
110.00000000000000,80.000000000000000,0.0000000000000000
111.00000000000000,80.000000000000000,0.0000000000000000
112.00000000000000,80.000000000000000,0.0000000000000000
113.00000000000000,80.000000000000000,0.0000000000000000
1.0000000000000000,81.000000000000000,0.0000000000000000
2.0000000000000000,81.000000000000000,0.0000000000000000
3.0000000000000000,81.000000000000000,0.0000000000000000
4.0000000000000000,81.000000000000000,0.0000000000000000
5.0000000000000000,81.000000000000000,0.0000000000000000
6.0000000000000000,81.000000000000000,0.0000000000000000
7.0000000000000000,81.000000000000000,0.0000000000000000
8.0000000000000000,81.000000000000000,0.0000000000000000
9.0000000000000000,81.000000000000000,0.0000000000000000
10.000000000000000,81.000000000000000,0.0000000000000000
11.000000000000000,81.000000000000000,0.0000000000000000
12.000000000000000,81.000000000000000,0.0000000000000000
13.000000000000000,81.000000000000000,0.0000000000000000
14.000000000000000,81.000000000000000,0.0000000000000000
15.000000000000000,81.000000000000000,0.0000000000000000
16.000000000000000,81.000000000000000,0.0000000000000000
17.000000000000000,81.000000000000000,0.0000000000000000
18.000000000000000,81.000000000000000,0.0000000000000000
19.000000000000000,81.000000000000000,0.0000000000000000
20.000000000000000,81.000000000000000,0.0000000000000000
21.000000000000000,81.000000000000000,0.0000000000000000
22.000000000000000,81.000000000000000,0.0000000000000000
23.000000000000000,81.000000000000000,0.0000000000000000
24.000000000000000,81.000000000000000,0.0000000000000000
25.000000000000000,81.000000000000000,0.0000000000000000
26.000000000000000,81.000000000000000,0.0000000000000000
27.000000000000000,81.000000000000000,0.0000000000000000
28.000000000000000,81.000000000000000,0.0000000000000000
29.000000000000000,81.000000000000000,0.0000000000000000
30.000000000000000,81.000000000000000,0.0000000000000000
31.000000000000000,81.000000000000000,0.0000000000000000
32.000000000000000,81.000000000000000,0.0000000000000000
33.000000000000000,81.000000000000000,0.0000000000000000
34.000000000000000,81.000000000000000,0.0000000000000000
35.000000000000000,81.000000000000000,0.0000000000000000
36.000000000000000,81.000000000000000,0.0000000000000000
37.000000000000000,81.000000000000000,0.0000000000000000
38.000000000000000,81.000000000000000,0.0000000000000000
39.000000000000000,81.000000000000000,0.0000000000000000
40.000000000000000,81.000000000000000,0.0000000000000000
41.000000000000000,81.000000000000000,0.0000000000000000
42.000000000000000,81.000000000000000,0.0000000000000000
43.000000000000000,81.000000000000000,0.0000000000000000
44.000000000000000,81.000000000000000,0.0000000000000000
45.000000000000000,81.000000000000000,0.0000000000000000
46.000000000000000,81.000000000000000,0.0000000000000000
47.000000000000000,81.000000000000000,0.0000000000000000
48.000000000000000,81.000000000000000,0.0000000000000000
49.000000000000000,81.000000000000000,0.0000000000000000
50.000000000000000,81.000000000000000,0.0000000000000000
51.000000000000000,81.000000000000000,0.0000000000000000
52.000000000000000,81.000000000000000,0.0000000000000000
53.000000000000000,81.000000000000000,0.0000000000000000
54.000000000000000,81.000000000000000,0.0000000000000000
55.000000000000000,81.000000000000000,0.0000000000000000
56.000000000000000,81.000000000000000,0.0000000000000000
57.000000000000000,81.000000000000000,0.0000000000000000
58.000000000000000,81.000000000000000,0.0000000000000000
59.000000000000000,81.000000000000000,0.0000000000000000
60.000000000000000,81.000000000000000,0.0000000000000000
61.000000000000000,81.000000000000000,0.0000000000000000
62.000000000000000,81.000000000000000,0.0000000000000000
63.000000000000000,81.000000000000000,0.0000000000000000
64.000000000000000,81.000000000000000,0.0000000000000000
65.000000000000000,81.000000000000000,0.0000000000000000
66.000000000000000,81.000000000000000,0.0000000000000000
67.000000000000000,81.000000000000000,0.0000000000000000
68.000000000000000,81.000000000000000,0.0000000000000000
69.000000000000000,81.000000000000000,0.0000000000000000
70.000000000000000,81.000000000000000,0.0000000000000000
71.000000000000000,81.000000000000000,0.0000000000000000
72.000000000000000,81.000000000000000,0.0000000000000000
73.000000000000000,81.000000000000000,0.0000000000000000
74.000000000000000,81.000000000000000,0.0000000000000000
75.000000000000000,81.000000000000000,0.0000000000000000
76.000000000000000,81.000000000000000,0.0000000000000000
77.000000000000000,81.000000000000000,0.0000000000000000
78.000000000000000,81.000000000000000,0.0000000000000000
79.000000000000000,81.000000000000000,0.0000000000000000
80.000000000000000,81.000000000000000,0.0000000000000000
81.000000000000000,81.000000000000000,0.0000000000000000
82.000000000000000,81.000000000000000,0.0000000000000000
83.000000000000000,81.000000000000000,0.0000000000000000
84.000000000000000,81.000000000000000,0.0000000000000000
85.000000000000000,81.000000000000000,0.0000000000000000
86.000000000000000,81.000000000000000,0.0000000000000000
87.000000000000000,81.000000000000000,0.0000000000000000
88.000000000000000,81.000000000000000,0.0000000000000000
89.000000000000000,81.000000000000000,0.0000000000000000
90.000000000000000,81.000000000000000,0.0000000000000000
91.000000000000000,81.000000000000000,0.0000000000000000
92.000000000000000,81.000000000000000,0.0000000000000000
93.000000000000000,81.000000000000000,0.0000000000000000
94.000000000000000,81.000000000000000,0.0000000000000000
95.000000000000000,81.000000000000000,0.0000000000000000
96.000000000000000,81.000000000000000,0.40000000596046448
97.000000000000000,81.000000000000000,0.0000000000000000
98.000000000000000,81.000000000000000,0.0000000000000000
99.000000000000000,81.000000000000000,0.0000000000000000
100.00000000000000,81.000000000000000,0.0000000000000000
101.00000000000000,81.000000000000000,0.0000000000000000
102.00000000000000,81.000000000000000,0.0000000000000000
103.00000000000000,81.000000000000000,0.0000000000000000
104.00000000000000,81.000000000000000,0.0000000000000000
105.00000000000000,81.000000000000000,0.0000000000000000
106.00000000000000,81.000000000000000,0.0000000000000000
107.00000000000000,81.000000000000000,0.0000000000000000
108.00000000000000,81.000000000000000,0.0000000000000000
109.00000000000000,81.000000000000000,0.0000000000000000
110.00000000000000,81.000000000000000,0.0000000000000000
111.00000000000000,81.000000000000000,0.0000000000000000
112.00000000000000,81.000000000000000,0.0000000000000000
113.00000000000000,81.000000000000000,0.0000000000000000
1.0000000000000000,82.000000000000000,0.0000000000000000
2.0000000000000000,82.000000000000000,0.0000000000000000
3.0000000000000000,82.000000000000000,0.0000000000000000
4.0000000000000000,82.000000000000000,0.0000000000000000
5.0000000000000000,82.000000000000000,0.0000000000000000
6.0000000000000000,82.000000000000000,0.0000000000000000
7.0000000000000000,82.000000000000000,0.0000000000000000
8.0000000000000000,82.000000000000000,0.0000000000000000
9.0000000000000000,82.000000000000000,0.0000000000000000
10.000000000000000,82.000000000000000,0.0000000000000000
11.000000000000000,82.000000000000000,0.0000000000000000
12.000000000000000,82.000000000000000,0.0000000000000000
13.000000000000000,82.000000000000000,0.0000000000000000
14.000000000000000,82.000000000000000,0.0000000000000000
15.000000000000000,82.000000000000000,0.0000000000000000
16.000000000000000,82.000000000000000,0.0000000000000000
17.000000000000000,82.000000000000000,0.0000000000000000
18.000000000000000,82.000000000000000,0.0000000000000000
19.000000000000000,82.000000000000000,0.0000000000000000
20.000000000000000,82.000000000000000,0.0000000000000000
21.000000000000000,82.000000000000000,0.0000000000000000
22.000000000000000,82.000000000000000,0.0000000000000000
23.000000000000000,82.000000000000000,0.0000000000000000
24.000000000000000,82.000000000000000,0.0000000000000000
25.000000000000000,82.000000000000000,0.0000000000000000
26.000000000000000,82.000000000000000,0.0000000000000000
27.000000000000000,82.000000000000000,0.0000000000000000
28.000000000000000,82.000000000000000,0.0000000000000000
29.000000000000000,82.000000000000000,0.0000000000000000
30.000000000000000,82.000000000000000,0.0000000000000000
31.000000000000000,82.000000000000000,0.0000000000000000
32.000000000000000,82.000000000000000,0.0000000000000000
33.000000000000000,82.000000000000000,0.0000000000000000
34.000000000000000,82.000000000000000,0.0000000000000000
35.000000000000000,82.000000000000000,0.0000000000000000
36.000000000000000,82.000000000000000,0.0000000000000000
37.000000000000000,82.000000000000000,0.0000000000000000
38.000000000000000,82.000000000000000,0.0000000000000000
39.000000000000000,82.000000000000000,0.0000000000000000
40.000000000000000,82.000000000000000,0.0000000000000000
41.000000000000000,82.000000000000000,0.0000000000000000
42.000000000000000,82.000000000000000,0.0000000000000000
43.000000000000000,82.000000000000000,0.0000000000000000
44.000000000000000,82.000000000000000,0.0000000000000000
45.000000000000000,82.000000000000000,0.0000000000000000
46.000000000000000,82.000000000000000,0.0000000000000000
47.000000000000000,82.000000000000000,0.0000000000000000
48.000000000000000,82.000000000000000,0.0000000000000000
49.000000000000000,82.000000000000000,0.0000000000000000
50.000000000000000,82.000000000000000,0.0000000000000000
51.000000000000000,82.000000000000000,0.0000000000000000
52.000000000000000,82.000000000000000,0.0000000000000000
53.000000000000000,82.000000000000000,0.0000000000000000
54.000000000000000,82.000000000000000,0.0000000000000000
55.000000000000000,82.000000000000000,0.0000000000000000
56.000000000000000,82.000000000000000,0.0000000000000000
57.000000000000000,82.000000000000000,0.0000000000000000
58.000000000000000,82.000000000000000,0.0000000000000000
59.000000000000000,82.000000000000000,0.0000000000000000
60.000000000000000,82.000000000000000,0.0000000000000000
61.000000000000000,82.000000000000000,0.0000000000000000
62.000000000000000,82.000000000000000,0.0000000000000000
63.000000000000000,82.000000000000000,0.0000000000000000
64.000000000000000,82.000000000000000,0.0000000000000000
65.000000000000000,82.000000000000000,0.0000000000000000
66.000000000000000,82.000000000000000,0.0000000000000000
67.000000000000000,82.000000000000000,0.0000000000000000
68.000000000000000,82.000000000000000,0.0000000000000000
69.000000000000000,82.000000000000000,0.0000000000000000
70.000000000000000,82.000000000000000,0.0000000000000000
71.000000000000000,82.000000000000000,0.0000000000000000
72.000000000000000,82.000000000000000,0.0000000000000000
73.000000000000000,82.000000000000000,0.0000000000000000
74.000000000000000,82.000000000000000,0.0000000000000000
75.000000000000000,82.000000000000000,0.0000000000000000
76.000000000000000,82.000000000000000,0.0000000000000000
77.000000000000000,82.000000000000000,0.0000000000000000
78.000000000000000,82.000000000000000,0.0000000000000000
79.000000000000000,82.000000000000000,0.0000000000000000
80.000000000000000,82.000000000000000,0.0000000000000000
81.000000000000000,82.000000000000000,0.0000000000000000
82.000000000000000,82.000000000000000,0.0000000000000000
83.000000000000000,82.000000000000000,0.0000000000000000
84.000000000000000,82.000000000000000,0.0000000000000000
85.000000000000000,82.000000000000000,0.0000000000000000
86.000000000000000,82.000000000000000,0.0000000000000000
87.000000000000000,82.000000000000000,0.0000000000000000
88.000000000000000,82.000000000000000,0.0000000000000000
89.000000000000000,82.000000000000000,0.0000000000000000
90.000000000000000,82.000000000000000,0.0000000000000000
91.000000000000000,82.000000000000000,0.0000000000000000
92.000000000000000,82.000000000000000,0.0000000000000000
93.000000000000000,82.000000000000000,0.0000000000000000
94.000000000000000,82.000000000000000,0.0000000000000000
95.000000000000000,82.000000000000000,0.0000000000000000
96.000000000000000,82.000000000000000,0.0000000000000000
97.000000000000000,82.000000000000000,0.0000000000000000
98.000000000000000,82.000000000000000,0.0000000000000000
99.000000000000000,82.000000000000000,0.0000000000000000
100.00000000000000,82.000000000000000,0.0000000000000000
101.00000000000000,82.000000000000000,0.0000000000000000
102.00000000000000,82.000000000000000,0.0000000000000000
103.00000000000000,82.000000000000000,0.0000000000000000
104.00000000000000,82.000000000000000,0.0000000000000000
105.00000000000000,82.000000000000000,0.0000000000000000
106.00000000000000,82.000000000000000,0.0000000000000000
107.00000000000000,82.000000000000000,0.0000000000000000
108.00000000000000,82.000000000000000,0.0000000000000000
109.00000000000000,82.000000000000000,0.0000000000000000
110.00000000000000,82.000000000000000,0.0000000000000000
111.00000000000000,82.000000000000000,0.0000000000000000
112.00000000000000,82.000000000000000,0.0000000000000000
113.00000000000000,82.000000000000000,0.0000000000000000
1.0000000000000000,83.000000000000000,0.0000000000000000
2.0000000000000000,83.000000000000000,0.0000000000000000
3.0000000000000000,83.000000000000000,0.0000000000000000
4.0000000000000000,83.000000000000000,0.0000000000000000
5.0000000000000000,83.000000000000000,0.0000000000000000
6.0000000000000000,83.000000000000000,0.0000000000000000
7.0000000000000000,83.000000000000000,0.0000000000000000
8.0000000000000000,83.000000000000000,0.0000000000000000
9.0000000000000000,83.000000000000000,0.0000000000000000
10.000000000000000,83.000000000000000,0.0000000000000000
11.000000000000000,83.000000000000000,0.0000000000000000
12.000000000000000,83.000000000000000,0.0000000000000000
13.000000000000000,83.000000000000000,0.0000000000000000
14.000000000000000,83.000000000000000,0.0000000000000000
15.000000000000000,83.000000000000000,0.0000000000000000
16.000000000000000,83.000000000000000,0.0000000000000000
17.000000000000000,83.000000000000000,0.0000000000000000
18.000000000000000,83.000000000000000,0.0000000000000000
19.000000000000000,83.000000000000000,0.0000000000000000
20.000000000000000,83.000000000000000,0.0000000000000000
21.000000000000000,83.000000000000000,0.0000000000000000
22.000000000000000,83.000000000000000,0.0000000000000000
23.000000000000000,83.000000000000000,0.0000000000000000
24.000000000000000,83.000000000000000,0.0000000000000000
25.000000000000000,83.000000000000000,0.0000000000000000
26.000000000000000,83.000000000000000,0.0000000000000000
27.000000000000000,83.000000000000000,0.0000000000000000
28.000000000000000,83.000000000000000,0.0000000000000000
29.000000000000000,83.000000000000000,0.0000000000000000
30.000000000000000,83.000000000000000,0.0000000000000000
31.000000000000000,83.000000000000000,0.0000000000000000
32.000000000000000,83.000000000000000,0.0000000000000000
33.000000000000000,83.000000000000000,0.0000000000000000
34.000000000000000,83.000000000000000,0.0000000000000000
35.000000000000000,83.000000000000000,0.0000000000000000
36.000000000000000,83.000000000000000,0.0000000000000000
37.000000000000000,83.000000000000000,0.0000000000000000
38.000000000000000,83.000000000000000,0.0000000000000000
39.000000000000000,83.000000000000000,0.0000000000000000
40.000000000000000,83.000000000000000,0.0000000000000000
41.000000000000000,83.000000000000000,0.0000000000000000
42.000000000000000,83.000000000000000,0.0000000000000000
43.000000000000000,83.000000000000000,0.0000000000000000
44.000000000000000,83.000000000000000,0.0000000000000000
45.000000000000000,83.000000000000000,0.0000000000000000
46.000000000000000,83.000000000000000,0.0000000000000000
47.000000000000000,83.000000000000000,0.0000000000000000
48.000000000000000,83.000000000000000,0.0000000000000000
49.000000000000000,83.000000000000000,0.0000000000000000
50.000000000000000,83.000000000000000,0.0000000000000000
51.000000000000000,83.000000000000000,0.0000000000000000
52.000000000000000,83.000000000000000,0.0000000000000000
53.000000000000000,83.000000000000000,0.0000000000000000
54.000000000000000,83.000000000000000,0.0000000000000000
55.000000000000000,83.000000000000000,0.0000000000000000
56.000000000000000,83.000000000000000,0.0000000000000000
57.000000000000000,83.000000000000000,0.0000000000000000
58.000000000000000,83.000000000000000,0.0000000000000000
59.000000000000000,83.000000000000000,0.0000000000000000
60.000000000000000,83.000000000000000,0.0000000000000000
61.000000000000000,83.000000000000000,0.0000000000000000
62.000000000000000,83.000000000000000,0.0000000000000000
63.000000000000000,83.000000000000000,0.0000000000000000
64.000000000000000,83.000000000000000,0.0000000000000000
65.000000000000000,83.000000000000000,0.0000000000000000
66.000000000000000,83.000000000000000,0.0000000000000000
67.000000000000000,83.000000000000000,0.0000000000000000
68.000000000000000,83.000000000000000,0.0000000000000000
69.000000000000000,83.000000000000000,0.0000000000000000
70.000000000000000,83.000000000000000,0.0000000000000000
71.000000000000000,83.000000000000000,0.0000000000000000
72.000000000000000,83.000000000000000,0.0000000000000000
73.000000000000000,83.000000000000000,0.0000000000000000
74.000000000000000,83.000000000000000,0.0000000000000000
75.000000000000000,83.000000000000000,0.0000000000000000
76.000000000000000,83.000000000000000,0.0000000000000000
77.000000000000000,83.000000000000000,0.0000000000000000
78.000000000000000,83.000000000000000,0.0000000000000000
79.000000000000000,83.000000000000000,0.0000000000000000
80.000000000000000,83.000000000000000,0.0000000000000000
81.000000000000000,83.000000000000000,0.0000000000000000
82.000000000000000,83.000000000000000,0.0000000000000000
83.000000000000000,83.000000000000000,0.0000000000000000
84.000000000000000,83.000000000000000,0.0000000000000000
85.000000000000000,83.000000000000000,0.0000000000000000
86.000000000000000,83.000000000000000,0.0000000000000000
87.000000000000000,83.000000000000000,0.0000000000000000
88.000000000000000,83.000000000000000,0.0000000000000000
89.000000000000000,83.000000000000000,0.0000000000000000
90.000000000000000,83.000000000000000,0.40000000596046448
91.000000000000000,83.000000000000000,0.40000000596046448
92.000000000000000,83.000000000000000,0.40000000596046448
93.000000000000000,83.000000000000000,0.40000000596046448
94.000000000000000,83.000000000000000,0.40000000596046448
95.000000000000000,83.000000000000000,0.0000000000000000
96.000000000000000,83.000000000000000,0.0000000000000000
97.000000000000000,83.000000000000000,0.0000000000000000
98.000000000000000,83.000000000000000,0.0000000000000000
99.000000000000000,83.000000000000000,0.0000000000000000
100.00000000000000,83.000000000000000,0.0000000000000000
101.00000000000000,83.000000000000000,0.0000000000000000
102.00000000000000,83.000000000000000,0.0000000000000000
103.00000000000000,83.000000000000000,0.0000000000000000
104.00000000000000,83.000000000000000,0.0000000000000000
105.00000000000000,83.000000000000000,0.0000000000000000
106.00000000000000,83.000000000000000,0.0000000000000000
107.00000000000000,83.000000000000000,0.0000000000000000
108.00000000000000,83.000000000000000,0.0000000000000000
109.00000000000000,83.000000000000000,0.0000000000000000
110.00000000000000,83.000000000000000,0.0000000000000000
111.00000000000000,83.000000000000000,0.0000000000000000
112.00000000000000,83.000000000000000,0.0000000000000000
113.00000000000000,83.000000000000000,0.0000000000000000
1.0000000000000000,84.000000000000000,0.0000000000000000
2.0000000000000000,84.000000000000000,0.0000000000000000
3.0000000000000000,84.000000000000000,0.0000000000000000
4.0000000000000000,84.000000000000000,0.0000000000000000
5.0000000000000000,84.000000000000000,0.0000000000000000
6.0000000000000000,84.000000000000000,0.0000000000000000
7.0000000000000000,84.000000000000000,0.0000000000000000
8.0000000000000000,84.000000000000000,0.0000000000000000
9.0000000000000000,84.000000000000000,0.0000000000000000
10.000000000000000,84.000000000000000,0.0000000000000000
11.000000000000000,84.000000000000000,0.0000000000000000
12.000000000000000,84.000000000000000,0.0000000000000000
13.000000000000000,84.000000000000000,0.0000000000000000
14.000000000000000,84.000000000000000,0.0000000000000000
15.000000000000000,84.000000000000000,0.0000000000000000
16.000000000000000,84.000000000000000,0.0000000000000000
17.000000000000000,84.000000000000000,0.0000000000000000
18.000000000000000,84.000000000000000,0.0000000000000000
19.000000000000000,84.000000000000000,0.0000000000000000
20.000000000000000,84.000000000000000,0.0000000000000000
21.000000000000000,84.000000000000000,0.0000000000000000
22.000000000000000,84.000000000000000,0.0000000000000000
23.000000000000000,84.000000000000000,0.0000000000000000
24.000000000000000,84.000000000000000,0.0000000000000000
25.000000000000000,84.000000000000000,0.0000000000000000
26.000000000000000,84.000000000000000,0.0000000000000000
27.000000000000000,84.000000000000000,0.0000000000000000
28.000000000000000,84.000000000000000,0.0000000000000000
29.000000000000000,84.000000000000000,0.0000000000000000
30.000000000000000,84.000000000000000,0.0000000000000000
31.000000000000000,84.000000000000000,0.0000000000000000
32.000000000000000,84.000000000000000,0.0000000000000000
33.000000000000000,84.000000000000000,0.0000000000000000
34.000000000000000,84.000000000000000,0.0000000000000000
35.000000000000000,84.000000000000000,0.0000000000000000
36.000000000000000,84.000000000000000,0.0000000000000000
37.000000000000000,84.000000000000000,0.0000000000000000
38.000000000000000,84.000000000000000,0.0000000000000000
39.000000000000000,84.000000000000000,0.0000000000000000
40.000000000000000,84.000000000000000,0.0000000000000000
41.000000000000000,84.000000000000000,0.0000000000000000
42.000000000000000,84.000000000000000,0.0000000000000000
43.000000000000000,84.000000000000000,0.0000000000000000
44.000000000000000,84.000000000000000,0.0000000000000000
45.000000000000000,84.000000000000000,0.0000000000000000
46.000000000000000,84.000000000000000,0.0000000000000000
47.000000000000000,84.000000000000000,0.0000000000000000
48.000000000000000,84.000000000000000,0.0000000000000000
49.000000000000000,84.000000000000000,0.0000000000000000
50.000000000000000,84.000000000000000,0.0000000000000000
51.000000000000000,84.000000000000000,0.0000000000000000
52.000000000000000,84.000000000000000,0.0000000000000000
53.000000000000000,84.000000000000000,0.0000000000000000
54.000000000000000,84.000000000000000,0.0000000000000000
55.000000000000000,84.000000000000000,0.0000000000000000
56.000000000000000,84.000000000000000,0.0000000000000000
57.000000000000000,84.000000000000000,0.0000000000000000
58.000000000000000,84.000000000000000,0.0000000000000000
59.000000000000000,84.000000000000000,0.0000000000000000
60.000000000000000,84.000000000000000,0.0000000000000000
61.000000000000000,84.000000000000000,0.0000000000000000
62.000000000000000,84.000000000000000,0.0000000000000000
63.000000000000000,84.000000000000000,0.0000000000000000
64.000000000000000,84.000000000000000,0.0000000000000000
65.000000000000000,84.000000000000000,0.0000000000000000
66.000000000000000,84.000000000000000,0.0000000000000000
67.000000000000000,84.000000000000000,0.0000000000000000
68.000000000000000,84.000000000000000,0.0000000000000000
69.000000000000000,84.000000000000000,0.0000000000000000
70.000000000000000,84.000000000000000,0.0000000000000000
71.000000000000000,84.000000000000000,0.0000000000000000
72.000000000000000,84.000000000000000,0.0000000000000000
73.000000000000000,84.000000000000000,0.0000000000000000
74.000000000000000,84.000000000000000,0.0000000000000000
75.000000000000000,84.000000000000000,0.0000000000000000
76.000000000000000,84.000000000000000,0.0000000000000000
77.000000000000000,84.000000000000000,0.0000000000000000
78.000000000000000,84.000000000000000,0.0000000000000000
79.000000000000000,84.000000000000000,0.0000000000000000
80.000000000000000,84.000000000000000,0.0000000000000000
81.000000000000000,84.000000000000000,0.0000000000000000
82.000000000000000,84.000000000000000,0.0000000000000000
83.000000000000000,84.000000000000000,0.0000000000000000
84.000000000000000,84.000000000000000,0.0000000000000000
85.000000000000000,84.000000000000000,0.0000000000000000
86.000000000000000,84.000000000000000,0.0000000000000000
87.000000000000000,84.000000000000000,0.0000000000000000
88.000000000000000,84.000000000000000,0.0000000000000000
89.000000000000000,84.000000000000000,0.0000000000000000
90.000000000000000,84.000000000000000,0.40000000596046448
91.000000000000000,84.000000000000000,0.40000000596046448
92.000000000000000,84.000000000000000,0.40000000596046448
93.000000000000000,84.000000000000000,0.0000000000000000
94.000000000000000,84.000000000000000,0.0000000000000000
95.000000000000000,84.000000000000000,0.0000000000000000
96.000000000000000,84.000000000000000,0.0000000000000000
97.000000000000000,84.000000000000000,0.0000000000000000
98.000000000000000,84.000000000000000,0.0000000000000000
99.000000000000000,84.000000000000000,0.0000000000000000
100.00000000000000,84.000000000000000,0.0000000000000000
101.00000000000000,84.000000000000000,0.0000000000000000
102.00000000000000,84.000000000000000,0.0000000000000000
103.00000000000000,84.000000000000000,0.0000000000000000
104.00000000000000,84.000000000000000,0.0000000000000000
105.00000000000000,84.000000000000000,0.0000000000000000
106.00000000000000,84.000000000000000,0.0000000000000000
107.00000000000000,84.000000000000000,0.0000000000000000
108.00000000000000,84.000000000000000,0.0000000000000000
109.00000000000000,84.000000000000000,0.0000000000000000
110.00000000000000,84.000000000000000,0.0000000000000000
111.00000000000000,84.000000000000000,0.0000000000000000
112.00000000000000,84.000000000000000,0.0000000000000000
113.00000000000000,84.000000000000000,0.0000000000000000
1.0000000000000000,85.000000000000000,0.0000000000000000
2.0000000000000000,85.000000000000000,0.0000000000000000
3.0000000000000000,85.000000000000000,0.0000000000000000
4.0000000000000000,85.000000000000000,0.0000000000000000
5.0000000000000000,85.000000000000000,0.0000000000000000
6.0000000000000000,85.000000000000000,0.0000000000000000
7.0000000000000000,85.000000000000000,0.0000000000000000
8.0000000000000000,85.000000000000000,0.0000000000000000
9.0000000000000000,85.000000000000000,0.0000000000000000
10.000000000000000,85.000000000000000,0.0000000000000000
11.000000000000000,85.000000000000000,0.0000000000000000
12.000000000000000,85.000000000000000,0.0000000000000000
13.000000000000000,85.000000000000000,0.0000000000000000
14.000000000000000,85.000000000000000,0.0000000000000000
15.000000000000000,85.000000000000000,0.0000000000000000
16.000000000000000,85.000000000000000,0.0000000000000000
17.000000000000000,85.000000000000000,0.0000000000000000
18.000000000000000,85.000000000000000,0.0000000000000000
19.000000000000000,85.000000000000000,0.0000000000000000
20.000000000000000,85.000000000000000,0.0000000000000000
21.000000000000000,85.000000000000000,0.0000000000000000
22.000000000000000,85.000000000000000,0.0000000000000000
23.000000000000000,85.000000000000000,0.0000000000000000
24.000000000000000,85.000000000000000,0.0000000000000000
25.000000000000000,85.000000000000000,0.0000000000000000
26.000000000000000,85.000000000000000,0.0000000000000000
27.000000000000000,85.000000000000000,0.0000000000000000
28.000000000000000,85.000000000000000,0.0000000000000000
29.000000000000000,85.000000000000000,0.0000000000000000
30.000000000000000,85.000000000000000,0.0000000000000000
31.000000000000000,85.000000000000000,0.0000000000000000
32.000000000000000,85.000000000000000,0.0000000000000000
33.000000000000000,85.000000000000000,0.0000000000000000
34.000000000000000,85.000000000000000,0.0000000000000000
35.000000000000000,85.000000000000000,0.0000000000000000
36.000000000000000,85.000000000000000,0.0000000000000000
37.000000000000000,85.000000000000000,0.0000000000000000
38.000000000000000,85.000000000000000,0.0000000000000000
39.000000000000000,85.000000000000000,0.0000000000000000
40.000000000000000,85.000000000000000,0.0000000000000000
41.000000000000000,85.000000000000000,0.0000000000000000
42.000000000000000,85.000000000000000,0.0000000000000000
43.000000000000000,85.000000000000000,0.0000000000000000
44.000000000000000,85.000000000000000,0.0000000000000000
45.000000000000000,85.000000000000000,0.0000000000000000
46.000000000000000,85.000000000000000,0.0000000000000000
47.000000000000000,85.000000000000000,0.0000000000000000
48.000000000000000,85.000000000000000,0.0000000000000000
49.000000000000000,85.000000000000000,0.0000000000000000
50.000000000000000,85.000000000000000,0.0000000000000000
51.000000000000000,85.000000000000000,0.0000000000000000
52.000000000000000,85.000000000000000,0.0000000000000000
53.000000000000000,85.000000000000000,0.0000000000000000
54.000000000000000,85.000000000000000,0.0000000000000000
55.000000000000000,85.000000000000000,0.0000000000000000
56.000000000000000,85.000000000000000,0.0000000000000000
57.000000000000000,85.000000000000000,0.0000000000000000
58.000000000000000,85.000000000000000,0.0000000000000000
59.000000000000000,85.000000000000000,0.0000000000000000
60.000000000000000,85.000000000000000,0.0000000000000000
61.000000000000000,85.000000000000000,0.0000000000000000
62.000000000000000,85.000000000000000,0.0000000000000000
63.000000000000000,85.000000000000000,0.0000000000000000
64.000000000000000,85.000000000000000,0.0000000000000000
65.000000000000000,85.000000000000000,0.0000000000000000
66.000000000000000,85.000000000000000,0.0000000000000000
67.000000000000000,85.000000000000000,0.0000000000000000
68.000000000000000,85.000000000000000,0.0000000000000000
69.000000000000000,85.000000000000000,0.0000000000000000
70.000000000000000,85.000000000000000,0.0000000000000000
71.000000000000000,85.000000000000000,0.0000000000000000
72.000000000000000,85.000000000000000,0.0000000000000000
73.000000000000000,85.000000000000000,0.0000000000000000
74.000000000000000,85.000000000000000,0.0000000000000000
75.000000000000000,85.000000000000000,0.0000000000000000
76.000000000000000,85.000000000000000,0.0000000000000000
77.000000000000000,85.000000000000000,0.0000000000000000
78.000000000000000,85.000000000000000,0.0000000000000000
79.000000000000000,85.000000000000000,0.0000000000000000
80.000000000000000,85.000000000000000,0.0000000000000000
81.000000000000000,85.000000000000000,0.0000000000000000
82.000000000000000,85.000000000000000,0.0000000000000000
83.000000000000000,85.000000000000000,0.0000000000000000
84.000000000000000,85.000000000000000,0.0000000000000000
85.000000000000000,85.000000000000000,0.0000000000000000
86.000000000000000,85.000000000000000,0.0000000000000000
87.000000000000000,85.000000000000000,0.0000000000000000
88.000000000000000,85.000000000000000,0.0000000000000000
89.000000000000000,85.000000000000000,0.0000000000000000
90.000000000000000,85.000000000000000,0.40000000596046448
91.000000000000000,85.000000000000000,0.40000000596046448
92.000000000000000,85.000000000000000,0.0000000000000000
93.000000000000000,85.000000000000000,0.0000000000000000
94.000000000000000,85.000000000000000,0.0000000000000000
95.000000000000000,85.000000000000000,0.0000000000000000
96.000000000000000,85.000000000000000,0.0000000000000000
97.000000000000000,85.000000000000000,0.0000000000000000
98.000000000000000,85.000000000000000,0.0000000000000000
99.000000000000000,85.000000000000000,0.0000000000000000
100.00000000000000,85.000000000000000,0.0000000000000000
101.00000000000000,85.000000000000000,0.0000000000000000
102.00000000000000,85.000000000000000,0.0000000000000000
103.00000000000000,85.000000000000000,0.0000000000000000
104.00000000000000,85.000000000000000,0.0000000000000000
105.00000000000000,85.000000000000000,0.0000000000000000
106.00000000000000,85.000000000000000,0.0000000000000000
107.00000000000000,85.000000000000000,0.0000000000000000
108.00000000000000,85.000000000000000,0.0000000000000000
109.00000000000000,85.000000000000000,0.0000000000000000
110.00000000000000,85.000000000000000,0.0000000000000000
111.00000000000000,85.000000000000000,0.0000000000000000
112.00000000000000,85.000000000000000,0.0000000000000000
113.00000000000000,85.000000000000000,0.0000000000000000
1.0000000000000000,86.000000000000000,0.0000000000000000
2.0000000000000000,86.000000000000000,0.0000000000000000
3.0000000000000000,86.000000000000000,0.0000000000000000
4.0000000000000000,86.000000000000000,0.0000000000000000
5.0000000000000000,86.000000000000000,0.0000000000000000
6.0000000000000000,86.000000000000000,0.0000000000000000
7.0000000000000000,86.000000000000000,0.0000000000000000
8.0000000000000000,86.000000000000000,0.0000000000000000
9.0000000000000000,86.000000000000000,0.0000000000000000
10.000000000000000,86.000000000000000,0.0000000000000000
11.000000000000000,86.000000000000000,0.0000000000000000
12.000000000000000,86.000000000000000,0.0000000000000000
13.000000000000000,86.000000000000000,0.0000000000000000
14.000000000000000,86.000000000000000,0.0000000000000000
15.000000000000000,86.000000000000000,0.0000000000000000
16.000000000000000,86.000000000000000,0.0000000000000000
17.000000000000000,86.000000000000000,0.0000000000000000
18.000000000000000,86.000000000000000,0.0000000000000000
19.000000000000000,86.000000000000000,0.0000000000000000
20.000000000000000,86.000000000000000,0.0000000000000000
21.000000000000000,86.000000000000000,0.0000000000000000
22.000000000000000,86.000000000000000,0.0000000000000000
23.000000000000000,86.000000000000000,0.0000000000000000
24.000000000000000,86.000000000000000,0.0000000000000000
25.000000000000000,86.000000000000000,0.0000000000000000
26.000000000000000,86.000000000000000,0.0000000000000000
27.000000000000000,86.000000000000000,0.0000000000000000
28.000000000000000,86.000000000000000,0.0000000000000000
29.000000000000000,86.000000000000000,0.0000000000000000
30.000000000000000,86.000000000000000,0.0000000000000000
31.000000000000000,86.000000000000000,0.0000000000000000
32.000000000000000,86.000000000000000,0.0000000000000000
33.000000000000000,86.000000000000000,0.0000000000000000
34.000000000000000,86.000000000000000,0.0000000000000000
35.000000000000000,86.000000000000000,0.0000000000000000
36.000000000000000,86.000000000000000,0.0000000000000000
37.000000000000000,86.000000000000000,0.0000000000000000
38.000000000000000,86.000000000000000,0.0000000000000000
39.000000000000000,86.000000000000000,0.0000000000000000
40.000000000000000,86.000000000000000,0.0000000000000000
41.000000000000000,86.000000000000000,0.0000000000000000
42.000000000000000,86.000000000000000,0.0000000000000000
43.000000000000000,86.000000000000000,0.0000000000000000
44.000000000000000,86.000000000000000,0.0000000000000000
45.000000000000000,86.000000000000000,0.0000000000000000
46.000000000000000,86.000000000000000,0.0000000000000000
47.000000000000000,86.000000000000000,0.0000000000000000
48.000000000000000,86.000000000000000,0.0000000000000000
49.000000000000000,86.000000000000000,0.0000000000000000
50.000000000000000,86.000000000000000,0.0000000000000000
51.000000000000000,86.000000000000000,0.0000000000000000
52.000000000000000,86.000000000000000,0.0000000000000000
53.000000000000000,86.000000000000000,0.0000000000000000
54.000000000000000,86.000000000000000,0.0000000000000000
55.000000000000000,86.000000000000000,0.0000000000000000
56.000000000000000,86.000000000000000,0.0000000000000000
57.000000000000000,86.000000000000000,0.0000000000000000
58.000000000000000,86.000000000000000,0.0000000000000000
59.000000000000000,86.000000000000000,0.0000000000000000
60.000000000000000,86.000000000000000,0.0000000000000000
61.000000000000000,86.000000000000000,0.0000000000000000
62.000000000000000,86.000000000000000,0.0000000000000000
63.000000000000000,86.000000000000000,0.0000000000000000
64.000000000000000,86.000000000000000,0.0000000000000000
65.000000000000000,86.000000000000000,0.0000000000000000
66.000000000000000,86.000000000000000,0.0000000000000000
67.000000000000000,86.000000000000000,0.0000000000000000
68.000000000000000,86.000000000000000,0.0000000000000000
69.000000000000000,86.000000000000000,0.0000000000000000
70.000000000000000,86.000000000000000,0.0000000000000000
71.000000000000000,86.000000000000000,0.0000000000000000
72.000000000000000,86.000000000000000,0.0000000000000000
73.000000000000000,86.000000000000000,0.0000000000000000
74.000000000000000,86.000000000000000,0.0000000000000000
75.000000000000000,86.000000000000000,0.0000000000000000
76.000000000000000,86.000000000000000,0.0000000000000000
77.000000000000000,86.000000000000000,0.0000000000000000
78.000000000000000,86.000000000000000,0.0000000000000000
79.000000000000000,86.000000000000000,0.0000000000000000
80.000000000000000,86.000000000000000,0.0000000000000000
81.000000000000000,86.000000000000000,0.0000000000000000
82.000000000000000,86.000000000000000,0.0000000000000000
83.000000000000000,86.000000000000000,0.0000000000000000
84.000000000000000,86.000000000000000,0.0000000000000000
85.000000000000000,86.000000000000000,0.0000000000000000
86.000000000000000,86.000000000000000,0.0000000000000000
87.000000000000000,86.000000000000000,0.0000000000000000
88.000000000000000,86.000000000000000,0.0000000000000000
89.000000000000000,86.000000000000000,0.0000000000000000
90.000000000000000,86.000000000000000,0.40000000596046448
91.000000000000000,86.000000000000000,0.0000000000000000
92.000000000000000,86.000000000000000,0.0000000000000000
93.000000000000000,86.000000000000000,0.0000000000000000
94.000000000000000,86.000000000000000,0.0000000000000000
95.000000000000000,86.000000000000000,0.0000000000000000
96.000000000000000,86.000000000000000,0.0000000000000000
97.000000000000000,86.000000000000000,0.0000000000000000
98.000000000000000,86.000000000000000,0.0000000000000000
99.000000000000000,86.000000000000000,0.0000000000000000
100.00000000000000,86.000000000000000,0.0000000000000000
101.00000000000000,86.000000000000000,0.0000000000000000
102.00000000000000,86.000000000000000,0.0000000000000000
103.00000000000000,86.000000000000000,0.0000000000000000
104.00000000000000,86.000000000000000,0.0000000000000000
105.00000000000000,86.000000000000000,0.0000000000000000
106.00000000000000,86.000000000000000,0.0000000000000000
107.00000000000000,86.000000000000000,0.0000000000000000
108.00000000000000,86.000000000000000,0.0000000000000000
109.00000000000000,86.000000000000000,0.0000000000000000
110.00000000000000,86.000000000000000,0.0000000000000000
111.00000000000000,86.000000000000000,0.0000000000000000
112.00000000000000,86.000000000000000,0.0000000000000000
113.00000000000000,86.000000000000000,0.0000000000000000
1.0000000000000000,87.000000000000000,0.0000000000000000
2.0000000000000000,87.000000000000000,0.0000000000000000
3.0000000000000000,87.000000000000000,0.0000000000000000
4.0000000000000000,87.000000000000000,0.0000000000000000
5.0000000000000000,87.000000000000000,0.0000000000000000
6.0000000000000000,87.000000000000000,0.0000000000000000
7.0000000000000000,87.000000000000000,0.0000000000000000
8.0000000000000000,87.000000000000000,0.0000000000000000
9.0000000000000000,87.000000000000000,0.0000000000000000
10.000000000000000,87.000000000000000,0.0000000000000000
11.000000000000000,87.000000000000000,0.0000000000000000
12.000000000000000,87.000000000000000,0.0000000000000000
13.000000000000000,87.000000000000000,0.0000000000000000
14.000000000000000,87.000000000000000,0.0000000000000000
15.000000000000000,87.000000000000000,0.0000000000000000
16.000000000000000,87.000000000000000,0.0000000000000000
17.000000000000000,87.000000000000000,0.0000000000000000
18.000000000000000,87.000000000000000,0.0000000000000000
19.000000000000000,87.000000000000000,0.0000000000000000
20.000000000000000,87.000000000000000,0.0000000000000000
21.000000000000000,87.000000000000000,0.0000000000000000
22.000000000000000,87.000000000000000,0.0000000000000000
23.000000000000000,87.000000000000000,0.0000000000000000
24.000000000000000,87.000000000000000,0.0000000000000000
25.000000000000000,87.000000000000000,0.0000000000000000
26.000000000000000,87.000000000000000,0.0000000000000000
27.000000000000000,87.000000000000000,0.0000000000000000
28.000000000000000,87.000000000000000,0.0000000000000000
29.000000000000000,87.000000000000000,0.0000000000000000
30.000000000000000,87.000000000000000,0.0000000000000000
31.000000000000000,87.000000000000000,0.0000000000000000
32.000000000000000,87.000000000000000,0.0000000000000000
33.000000000000000,87.000000000000000,0.0000000000000000
34.000000000000000,87.000000000000000,0.0000000000000000
35.000000000000000,87.000000000000000,0.0000000000000000
36.000000000000000,87.000000000000000,0.0000000000000000
37.000000000000000,87.000000000000000,0.0000000000000000
38.000000000000000,87.000000000000000,0.0000000000000000
39.000000000000000,87.000000000000000,0.0000000000000000
40.000000000000000,87.000000000000000,0.0000000000000000
41.000000000000000,87.000000000000000,0.0000000000000000
42.000000000000000,87.000000000000000,0.0000000000000000
43.000000000000000,87.000000000000000,0.0000000000000000
44.000000000000000,87.000000000000000,0.0000000000000000
45.000000000000000,87.000000000000000,0.0000000000000000
46.000000000000000,87.000000000000000,0.0000000000000000
47.000000000000000,87.000000000000000,0.0000000000000000
48.000000000000000,87.000000000000000,0.0000000000000000
49.000000000000000,87.000000000000000,0.0000000000000000
50.000000000000000,87.000000000000000,0.0000000000000000
51.000000000000000,87.000000000000000,0.0000000000000000
52.000000000000000,87.000000000000000,0.0000000000000000
53.000000000000000,87.000000000000000,0.0000000000000000
54.000000000000000,87.000000000000000,0.0000000000000000
55.000000000000000,87.000000000000000,0.0000000000000000
56.000000000000000,87.000000000000000,0.0000000000000000
57.000000000000000,87.000000000000000,0.0000000000000000
58.000000000000000,87.000000000000000,0.0000000000000000
59.000000000000000,87.000000000000000,0.0000000000000000
60.000000000000000,87.000000000000000,0.0000000000000000
61.000000000000000,87.000000000000000,0.0000000000000000
62.000000000000000,87.000000000000000,0.0000000000000000
63.000000000000000,87.000000000000000,0.0000000000000000
64.000000000000000,87.000000000000000,0.0000000000000000
65.000000000000000,87.000000000000000,0.0000000000000000
66.000000000000000,87.000000000000000,0.0000000000000000
67.000000000000000,87.000000000000000,0.0000000000000000
68.000000000000000,87.000000000000000,0.0000000000000000
69.000000000000000,87.000000000000000,0.0000000000000000
70.000000000000000,87.000000000000000,0.0000000000000000
71.000000000000000,87.000000000000000,0.0000000000000000
72.000000000000000,87.000000000000000,0.0000000000000000
73.000000000000000,87.000000000000000,0.0000000000000000
74.000000000000000,87.000000000000000,0.0000000000000000
75.000000000000000,87.000000000000000,0.0000000000000000
76.000000000000000,87.000000000000000,0.0000000000000000
77.000000000000000,87.000000000000000,0.0000000000000000
78.000000000000000,87.000000000000000,0.0000000000000000
79.000000000000000,87.000000000000000,0.0000000000000000
80.000000000000000,87.000000000000000,0.0000000000000000
81.000000000000000,87.000000000000000,0.0000000000000000
82.000000000000000,87.000000000000000,0.0000000000000000
83.000000000000000,87.000000000000000,0.0000000000000000
84.000000000000000,87.000000000000000,0.0000000000000000
85.000000000000000,87.000000000000000,0.0000000000000000
86.000000000000000,87.000000000000000,0.0000000000000000
87.000000000000000,87.000000000000000,0.0000000000000000
88.000000000000000,87.000000000000000,0.0000000000000000
89.000000000000000,87.000000000000000,0.0000000000000000
90.000000000000000,87.000000000000000,0.40000000596046448
91.000000000000000,87.000000000000000,0.0000000000000000
92.000000000000000,87.000000000000000,0.0000000000000000
93.000000000000000,87.000000000000000,0.0000000000000000
94.000000000000000,87.000000000000000,0.0000000000000000
95.000000000000000,87.000000000000000,0.0000000000000000
96.000000000000000,87.000000000000000,0.0000000000000000
97.000000000000000,87.000000000000000,0.0000000000000000
98.000000000000000,87.000000000000000,0.0000000000000000
99.000000000000000,87.000000000000000,0.0000000000000000
100.00000000000000,87.000000000000000,0.0000000000000000
101.00000000000000,87.000000000000000,0.0000000000000000
102.00000000000000,87.000000000000000,0.0000000000000000
103.00000000000000,87.000000000000000,0.0000000000000000
104.00000000000000,87.000000000000000,0.0000000000000000
105.00000000000000,87.000000000000000,0.0000000000000000
106.00000000000000,87.000000000000000,0.0000000000000000
107.00000000000000,87.000000000000000,0.0000000000000000
108.00000000000000,87.000000000000000,0.0000000000000000
109.00000000000000,87.000000000000000,0.0000000000000000
110.00000000000000,87.000000000000000,0.0000000000000000
111.00000000000000,87.000000000000000,0.0000000000000000
112.00000000000000,87.000000000000000,0.0000000000000000
113.00000000000000,87.000000000000000,0.0000000000000000
1.0000000000000000,88.000000000000000,0.0000000000000000
2.0000000000000000,88.000000000000000,0.0000000000000000
3.0000000000000000,88.000000000000000,0.0000000000000000
4.0000000000000000,88.000000000000000,0.0000000000000000
5.0000000000000000,88.000000000000000,0.0000000000000000
6.0000000000000000,88.000000000000000,0.0000000000000000
7.0000000000000000,88.000000000000000,0.0000000000000000
8.0000000000000000,88.000000000000000,0.0000000000000000
9.0000000000000000,88.000000000000000,0.0000000000000000
10.000000000000000,88.000000000000000,0.0000000000000000
11.000000000000000,88.000000000000000,0.0000000000000000
12.000000000000000,88.000000000000000,0.0000000000000000
13.000000000000000,88.000000000000000,0.0000000000000000
14.000000000000000,88.000000000000000,0.0000000000000000
15.000000000000000,88.000000000000000,0.0000000000000000
16.000000000000000,88.000000000000000,0.0000000000000000
17.000000000000000,88.000000000000000,0.0000000000000000
18.000000000000000,88.000000000000000,0.0000000000000000
19.000000000000000,88.000000000000000,0.0000000000000000
20.000000000000000,88.000000000000000,0.0000000000000000
21.000000000000000,88.000000000000000,0.0000000000000000
22.000000000000000,88.000000000000000,0.0000000000000000
23.000000000000000,88.000000000000000,0.0000000000000000
24.000000000000000,88.000000000000000,0.0000000000000000
25.000000000000000,88.000000000000000,0.0000000000000000
26.000000000000000,88.000000000000000,0.0000000000000000
27.000000000000000,88.000000000000000,0.0000000000000000
28.000000000000000,88.000000000000000,0.0000000000000000
29.000000000000000,88.000000000000000,0.0000000000000000
30.000000000000000,88.000000000000000,0.0000000000000000
31.000000000000000,88.000000000000000,0.0000000000000000
32.000000000000000,88.000000000000000,0.0000000000000000
33.000000000000000,88.000000000000000,0.0000000000000000
34.000000000000000,88.000000000000000,0.0000000000000000
35.000000000000000,88.000000000000000,0.0000000000000000
36.000000000000000,88.000000000000000,0.0000000000000000
37.000000000000000,88.000000000000000,0.0000000000000000
38.000000000000000,88.000000000000000,0.0000000000000000
39.000000000000000,88.000000000000000,0.0000000000000000
40.000000000000000,88.000000000000000,0.0000000000000000
41.000000000000000,88.000000000000000,0.0000000000000000
42.000000000000000,88.000000000000000,0.0000000000000000
43.000000000000000,88.000000000000000,0.0000000000000000
44.000000000000000,88.000000000000000,0.0000000000000000
45.000000000000000,88.000000000000000,0.0000000000000000
46.000000000000000,88.000000000000000,0.0000000000000000
47.000000000000000,88.000000000000000,0.0000000000000000
48.000000000000000,88.000000000000000,0.0000000000000000
49.000000000000000,88.000000000000000,0.0000000000000000
50.000000000000000,88.000000000000000,0.0000000000000000
51.000000000000000,88.000000000000000,0.0000000000000000
52.000000000000000,88.000000000000000,0.0000000000000000
53.000000000000000,88.000000000000000,0.0000000000000000
54.000000000000000,88.000000000000000,0.0000000000000000
55.000000000000000,88.000000000000000,0.0000000000000000
56.000000000000000,88.000000000000000,0.0000000000000000
57.000000000000000,88.000000000000000,0.0000000000000000
58.000000000000000,88.000000000000000,0.0000000000000000
59.000000000000000,88.000000000000000,0.0000000000000000
60.000000000000000,88.000000000000000,0.0000000000000000
61.000000000000000,88.000000000000000,0.0000000000000000
62.000000000000000,88.000000000000000,0.0000000000000000
63.000000000000000,88.000000000000000,0.0000000000000000
64.000000000000000,88.000000000000000,0.0000000000000000
65.000000000000000,88.000000000000000,0.0000000000000000
66.000000000000000,88.000000000000000,0.0000000000000000
67.000000000000000,88.000000000000000,0.0000000000000000
68.000000000000000,88.000000000000000,0.0000000000000000
69.000000000000000,88.000000000000000,0.0000000000000000
70.000000000000000,88.000000000000000,0.0000000000000000
71.000000000000000,88.000000000000000,0.0000000000000000
72.000000000000000,88.000000000000000,0.0000000000000000
73.000000000000000,88.000000000000000,0.0000000000000000
74.000000000000000,88.000000000000000,0.0000000000000000
75.000000000000000,88.000000000000000,0.0000000000000000
76.000000000000000,88.000000000000000,0.0000000000000000
77.000000000000000,88.000000000000000,0.0000000000000000
78.000000000000000,88.000000000000000,0.0000000000000000
79.000000000000000,88.000000000000000,0.0000000000000000
80.000000000000000,88.000000000000000,0.0000000000000000
81.000000000000000,88.000000000000000,0.0000000000000000
82.000000000000000,88.000000000000000,0.0000000000000000
83.000000000000000,88.000000000000000,0.0000000000000000
84.000000000000000,88.000000000000000,0.0000000000000000
85.000000000000000,88.000000000000000,0.0000000000000000
86.000000000000000,88.000000000000000,0.0000000000000000
87.000000000000000,88.000000000000000,0.0000000000000000
88.000000000000000,88.000000000000000,0.0000000000000000
89.000000000000000,88.000000000000000,0.0000000000000000
90.000000000000000,88.000000000000000,0.40000000596046448
91.000000000000000,88.000000000000000,0.0000000000000000
92.000000000000000,88.000000000000000,0.0000000000000000
93.000000000000000,88.000000000000000,0.0000000000000000
94.000000000000000,88.000000000000000,0.0000000000000000
95.000000000000000,88.000000000000000,0.0000000000000000
96.000000000000000,88.000000000000000,0.0000000000000000
97.000000000000000,88.000000000000000,0.0000000000000000
98.000000000000000,88.000000000000000,0.0000000000000000
99.000000000000000,88.000000000000000,0.0000000000000000
100.00000000000000,88.000000000000000,0.0000000000000000
101.00000000000000,88.000000000000000,0.0000000000000000
102.00000000000000,88.000000000000000,0.0000000000000000
103.00000000000000,88.000000000000000,0.0000000000000000
104.00000000000000,88.000000000000000,0.0000000000000000
105.00000000000000,88.000000000000000,0.0000000000000000
106.00000000000000,88.000000000000000,0.0000000000000000
107.00000000000000,88.000000000000000,0.0000000000000000
108.00000000000000,88.000000000000000,0.0000000000000000
109.00000000000000,88.000000000000000,0.0000000000000000
110.00000000000000,88.000000000000000,0.0000000000000000
111.00000000000000,88.000000000000000,0.0000000000000000
112.00000000000000,88.000000000000000,0.0000000000000000
113.00000000000000,88.000000000000000,0.0000000000000000
1.0000000000000000,89.000000000000000,0.0000000000000000
2.0000000000000000,89.000000000000000,0.0000000000000000
3.0000000000000000,89.000000000000000,0.0000000000000000
4.0000000000000000,89.000000000000000,0.10000000149011612
5.0000000000000000,89.000000000000000,0.10000000149011612
6.0000000000000000,89.000000000000000,0.0000000000000000
7.0000000000000000,89.000000000000000,0.0000000000000000
8.0000000000000000,89.000000000000000,0.0000000000000000
9.0000000000000000,89.000000000000000,0.0000000000000000
10.000000000000000,89.000000000000000,0.0000000000000000
11.000000000000000,89.000000000000000,0.0000000000000000
12.000000000000000,89.000000000000000,0.0000000000000000
13.000000000000000,89.000000000000000,0.0000000000000000
14.000000000000000,89.000000000000000,0.0000000000000000
15.000000000000000,89.000000000000000,0.0000000000000000
16.000000000000000,89.000000000000000,0.0000000000000000
17.000000000000000,89.000000000000000,0.0000000000000000
18.000000000000000,89.000000000000000,0.0000000000000000
19.000000000000000,89.000000000000000,0.0000000000000000
20.000000000000000,89.000000000000000,0.0000000000000000
21.000000000000000,89.000000000000000,0.0000000000000000
22.000000000000000,89.000000000000000,0.0000000000000000
23.000000000000000,89.000000000000000,0.0000000000000000
24.000000000000000,89.000000000000000,0.0000000000000000
25.000000000000000,89.000000000000000,0.0000000000000000
26.000000000000000,89.000000000000000,0.0000000000000000
27.000000000000000,89.000000000000000,0.0000000000000000
28.000000000000000,89.000000000000000,0.0000000000000000
29.000000000000000,89.000000000000000,0.0000000000000000
30.000000000000000,89.000000000000000,0.0000000000000000
31.000000000000000,89.000000000000000,0.0000000000000000
32.000000000000000,89.000000000000000,0.0000000000000000
33.000000000000000,89.000000000000000,0.0000000000000000
34.000000000000000,89.000000000000000,0.0000000000000000
35.000000000000000,89.000000000000000,0.0000000000000000
36.000000000000000,89.000000000000000,0.0000000000000000
37.000000000000000,89.000000000000000,0.0000000000000000
38.000000000000000,89.000000000000000,0.0000000000000000
39.000000000000000,89.000000000000000,0.0000000000000000
40.000000000000000,89.000000000000000,0.0000000000000000
41.000000000000000,89.000000000000000,0.0000000000000000
42.000000000000000,89.000000000000000,0.0000000000000000
43.000000000000000,89.000000000000000,0.0000000000000000
44.000000000000000,89.000000000000000,0.0000000000000000
45.000000000000000,89.000000000000000,0.0000000000000000
46.000000000000000,89.000000000000000,0.0000000000000000
47.000000000000000,89.000000000000000,0.0000000000000000
48.000000000000000,89.000000000000000,0.0000000000000000
49.000000000000000,89.000000000000000,0.0000000000000000
50.000000000000000,89.000000000000000,0.0000000000000000
51.000000000000000,89.000000000000000,0.0000000000000000
52.000000000000000,89.000000000000000,0.0000000000000000
53.000000000000000,89.000000000000000,0.0000000000000000
54.000000000000000,89.000000000000000,0.0000000000000000
55.000000000000000,89.000000000000000,0.0000000000000000
56.000000000000000,89.000000000000000,0.0000000000000000
57.000000000000000,89.000000000000000,0.0000000000000000
58.000000000000000,89.000000000000000,0.0000000000000000
59.000000000000000,89.000000000000000,0.0000000000000000
60.000000000000000,89.000000000000000,0.0000000000000000
61.000000000000000,89.000000000000000,0.0000000000000000
62.000000000000000,89.000000000000000,0.0000000000000000
63.000000000000000,89.000000000000000,0.0000000000000000
64.000000000000000,89.000000000000000,0.0000000000000000
65.000000000000000,89.000000000000000,0.0000000000000000
66.000000000000000,89.000000000000000,0.0000000000000000
67.000000000000000,89.000000000000000,0.0000000000000000
68.000000000000000,89.000000000000000,0.0000000000000000
69.000000000000000,89.000000000000000,0.0000000000000000
70.000000000000000,89.000000000000000,0.0000000000000000
71.000000000000000,89.000000000000000,0.0000000000000000
72.000000000000000,89.000000000000000,0.0000000000000000
73.000000000000000,89.000000000000000,0.0000000000000000
74.000000000000000,89.000000000000000,0.0000000000000000
75.000000000000000,89.000000000000000,0.0000000000000000
76.000000000000000,89.000000000000000,0.0000000000000000
77.000000000000000,89.000000000000000,0.0000000000000000
78.000000000000000,89.000000000000000,0.0000000000000000
79.000000000000000,89.000000000000000,0.0000000000000000
80.000000000000000,89.000000000000000,0.0000000000000000
81.000000000000000,89.000000000000000,0.0000000000000000
82.000000000000000,89.000000000000000,0.0000000000000000
83.000000000000000,89.000000000000000,0.0000000000000000
84.000000000000000,89.000000000000000,0.0000000000000000
85.000000000000000,89.000000000000000,0.0000000000000000
86.000000000000000,89.000000000000000,0.0000000000000000
87.000000000000000,89.000000000000000,0.0000000000000000
88.000000000000000,89.000000000000000,0.0000000000000000
89.000000000000000,89.000000000000000,0.0000000000000000
90.000000000000000,89.000000000000000,0.40000000596046448
91.000000000000000,89.000000000000000,0.0000000000000000
92.000000000000000,89.000000000000000,0.0000000000000000
93.000000000000000,89.000000000000000,0.0000000000000000
94.000000000000000,89.000000000000000,0.0000000000000000
95.000000000000000,89.000000000000000,0.0000000000000000
96.000000000000000,89.000000000000000,0.0000000000000000
97.000000000000000,89.000000000000000,0.0000000000000000
98.000000000000000,89.000000000000000,0.0000000000000000
99.000000000000000,89.000000000000000,0.0000000000000000
100.00000000000000,89.000000000000000,0.0000000000000000
101.00000000000000,89.000000000000000,0.0000000000000000
102.00000000000000,89.000000000000000,0.0000000000000000
103.00000000000000,89.000000000000000,0.0000000000000000
104.00000000000000,89.000000000000000,0.0000000000000000
105.00000000000000,89.000000000000000,0.0000000000000000
106.00000000000000,89.000000000000000,0.0000000000000000
107.00000000000000,89.000000000000000,0.0000000000000000
108.00000000000000,89.000000000000000,0.0000000000000000
109.00000000000000,89.000000000000000,0.0000000000000000
110.00000000000000,89.000000000000000,0.0000000000000000
111.00000000000000,89.000000000000000,0.0000000000000000
112.00000000000000,89.000000000000000,0.0000000000000000
113.00000000000000,89.000000000000000,0.0000000000000000
1.0000000000000000,90.000000000000000,0.0000000000000000
2.0000000000000000,90.000000000000000,0.0000000000000000
3.0000000000000000,90.000000000000000,0.0000000000000000
4.0000000000000000,90.000000000000000,0.0000000000000000
5.0000000000000000,90.000000000000000,0.10000000149011612
6.0000000000000000,90.000000000000000,0.0000000000000000
7.0000000000000000,90.000000000000000,0.0000000000000000
8.0000000000000000,90.000000000000000,0.0000000000000000
9.0000000000000000,90.000000000000000,0.0000000000000000
10.000000000000000,90.000000000000000,0.0000000000000000
11.000000000000000,90.000000000000000,0.0000000000000000
12.000000000000000,90.000000000000000,0.0000000000000000
13.000000000000000,90.000000000000000,0.0000000000000000
14.000000000000000,90.000000000000000,0.0000000000000000
15.000000000000000,90.000000000000000,0.0000000000000000
16.000000000000000,90.000000000000000,0.0000000000000000
17.000000000000000,90.000000000000000,0.0000000000000000
18.000000000000000,90.000000000000000,0.0000000000000000
19.000000000000000,90.000000000000000,0.0000000000000000
20.000000000000000,90.000000000000000,0.0000000000000000
21.000000000000000,90.000000000000000,0.0000000000000000
22.000000000000000,90.000000000000000,0.0000000000000000
23.000000000000000,90.000000000000000,0.0000000000000000
24.000000000000000,90.000000000000000,0.0000000000000000
25.000000000000000,90.000000000000000,0.0000000000000000
26.000000000000000,90.000000000000000,0.0000000000000000
27.000000000000000,90.000000000000000,0.0000000000000000
28.000000000000000,90.000000000000000,0.0000000000000000
29.000000000000000,90.000000000000000,0.0000000000000000
30.000000000000000,90.000000000000000,0.0000000000000000
31.000000000000000,90.000000000000000,0.0000000000000000
32.000000000000000,90.000000000000000,0.0000000000000000
33.000000000000000,90.000000000000000,0.0000000000000000
34.000000000000000,90.000000000000000,0.0000000000000000
35.000000000000000,90.000000000000000,0.0000000000000000
36.000000000000000,90.000000000000000,0.0000000000000000
37.000000000000000,90.000000000000000,0.0000000000000000
38.000000000000000,90.000000000000000,0.0000000000000000
39.000000000000000,90.000000000000000,0.0000000000000000
40.000000000000000,90.000000000000000,0.0000000000000000
41.000000000000000,90.000000000000000,0.0000000000000000
42.000000000000000,90.000000000000000,0.0000000000000000
43.000000000000000,90.000000000000000,0.0000000000000000
44.000000000000000,90.000000000000000,0.0000000000000000
45.000000000000000,90.000000000000000,0.0000000000000000
46.000000000000000,90.000000000000000,0.0000000000000000
47.000000000000000,90.000000000000000,0.0000000000000000
48.000000000000000,90.000000000000000,0.0000000000000000
49.000000000000000,90.000000000000000,0.0000000000000000
50.000000000000000,90.000000000000000,0.0000000000000000
51.000000000000000,90.000000000000000,0.0000000000000000
52.000000000000000,90.000000000000000,0.0000000000000000
53.000000000000000,90.000000000000000,0.0000000000000000
54.000000000000000,90.000000000000000,0.0000000000000000
55.000000000000000,90.000000000000000,0.0000000000000000
56.000000000000000,90.000000000000000,0.0000000000000000
57.000000000000000,90.000000000000000,0.0000000000000000
58.000000000000000,90.000000000000000,0.0000000000000000
59.000000000000000,90.000000000000000,0.0000000000000000
60.000000000000000,90.000000000000000,0.0000000000000000
61.000000000000000,90.000000000000000,0.0000000000000000
62.000000000000000,90.000000000000000,0.0000000000000000
63.000000000000000,90.000000000000000,0.0000000000000000
64.000000000000000,90.000000000000000,0.0000000000000000
65.000000000000000,90.000000000000000,0.0000000000000000
66.000000000000000,90.000000000000000,0.0000000000000000
67.000000000000000,90.000000000000000,0.0000000000000000
68.000000000000000,90.000000000000000,0.0000000000000000
69.000000000000000,90.000000000000000,0.0000000000000000
70.000000000000000,90.000000000000000,0.0000000000000000
71.000000000000000,90.000000000000000,0.0000000000000000
72.000000000000000,90.000000000000000,0.0000000000000000
73.000000000000000,90.000000000000000,0.0000000000000000
74.000000000000000,90.000000000000000,0.0000000000000000
75.000000000000000,90.000000000000000,0.0000000000000000
76.000000000000000,90.000000000000000,0.0000000000000000
77.000000000000000,90.000000000000000,0.0000000000000000
78.000000000000000,90.000000000000000,0.0000000000000000
79.000000000000000,90.000000000000000,0.0000000000000000
80.000000000000000,90.000000000000000,0.0000000000000000
81.000000000000000,90.000000000000000,0.0000000000000000
82.000000000000000,90.000000000000000,0.0000000000000000
83.000000000000000,90.000000000000000,0.0000000000000000
84.000000000000000,90.000000000000000,0.0000000000000000
85.000000000000000,90.000000000000000,0.0000000000000000
86.000000000000000,90.000000000000000,0.0000000000000000
87.000000000000000,90.000000000000000,0.0000000000000000
88.000000000000000,90.000000000000000,0.0000000000000000
89.000000000000000,90.000000000000000,0.0000000000000000
90.000000000000000,90.000000000000000,0.40000000596046448
91.000000000000000,90.000000000000000,0.0000000000000000
92.000000000000000,90.000000000000000,0.0000000000000000
93.000000000000000,90.000000000000000,0.0000000000000000
94.000000000000000,90.000000000000000,0.0000000000000000
95.000000000000000,90.000000000000000,0.0000000000000000
96.000000000000000,90.000000000000000,0.0000000000000000
97.000000000000000,90.000000000000000,0.0000000000000000
98.000000000000000,90.000000000000000,0.0000000000000000
99.000000000000000,90.000000000000000,0.0000000000000000
100.00000000000000,90.000000000000000,0.0000000000000000
101.00000000000000,90.000000000000000,0.0000000000000000
102.00000000000000,90.000000000000000,0.0000000000000000
103.00000000000000,90.000000000000000,0.0000000000000000
104.00000000000000,90.000000000000000,0.0000000000000000
105.00000000000000,90.000000000000000,0.0000000000000000
106.00000000000000,90.000000000000000,0.0000000000000000
107.00000000000000,90.000000000000000,0.0000000000000000
108.00000000000000,90.000000000000000,0.0000000000000000
109.00000000000000,90.000000000000000,0.0000000000000000
110.00000000000000,90.000000000000000,0.0000000000000000
111.00000000000000,90.000000000000000,0.0000000000000000
112.00000000000000,90.000000000000000,0.0000000000000000
113.00000000000000,90.000000000000000,0.0000000000000000
1.0000000000000000,91.000000000000000,0.0000000000000000
2.0000000000000000,91.000000000000000,0.0000000000000000
3.0000000000000000,91.000000000000000,0.0000000000000000
4.0000000000000000,91.000000000000000,0.0000000000000000
5.0000000000000000,91.000000000000000,0.0000000000000000
6.0000000000000000,91.000000000000000,0.0000000000000000
7.0000000000000000,91.000000000000000,0.0000000000000000
8.0000000000000000,91.000000000000000,0.0000000000000000
9.0000000000000000,91.000000000000000,0.0000000000000000
10.000000000000000,91.000000000000000,0.0000000000000000
11.000000000000000,91.000000000000000,0.0000000000000000
12.000000000000000,91.000000000000000,0.0000000000000000
13.000000000000000,91.000000000000000,0.0000000000000000
14.000000000000000,91.000000000000000,0.0000000000000000
15.000000000000000,91.000000000000000,0.0000000000000000
16.000000000000000,91.000000000000000,0.0000000000000000
17.000000000000000,91.000000000000000,0.0000000000000000
18.000000000000000,91.000000000000000,0.0000000000000000
19.000000000000000,91.000000000000000,0.0000000000000000
20.000000000000000,91.000000000000000,0.0000000000000000
21.000000000000000,91.000000000000000,0.0000000000000000
22.000000000000000,91.000000000000000,0.0000000000000000
23.000000000000000,91.000000000000000,0.0000000000000000
24.000000000000000,91.000000000000000,0.0000000000000000
25.000000000000000,91.000000000000000,0.0000000000000000
26.000000000000000,91.000000000000000,0.0000000000000000
27.000000000000000,91.000000000000000,0.0000000000000000
28.000000000000000,91.000000000000000,0.0000000000000000
29.000000000000000,91.000000000000000,0.0000000000000000
30.000000000000000,91.000000000000000,0.0000000000000000
31.000000000000000,91.000000000000000,0.0000000000000000
32.000000000000000,91.000000000000000,0.0000000000000000
33.000000000000000,91.000000000000000,0.0000000000000000
34.000000000000000,91.000000000000000,0.0000000000000000
35.000000000000000,91.000000000000000,0.0000000000000000
36.000000000000000,91.000000000000000,0.0000000000000000
37.000000000000000,91.000000000000000,0.0000000000000000
38.000000000000000,91.000000000000000,0.0000000000000000
39.000000000000000,91.000000000000000,0.0000000000000000
40.000000000000000,91.000000000000000,0.0000000000000000
41.000000000000000,91.000000000000000,0.0000000000000000
42.000000000000000,91.000000000000000,0.0000000000000000
43.000000000000000,91.000000000000000,0.0000000000000000
44.000000000000000,91.000000000000000,0.0000000000000000
45.000000000000000,91.000000000000000,0.0000000000000000
46.000000000000000,91.000000000000000,0.0000000000000000
47.000000000000000,91.000000000000000,0.0000000000000000
48.000000000000000,91.000000000000000,0.0000000000000000
49.000000000000000,91.000000000000000,0.0000000000000000
50.000000000000000,91.000000000000000,0.0000000000000000
51.000000000000000,91.000000000000000,0.0000000000000000
52.000000000000000,91.000000000000000,0.0000000000000000
53.000000000000000,91.000000000000000,0.0000000000000000
54.000000000000000,91.000000000000000,0.0000000000000000
55.000000000000000,91.000000000000000,0.0000000000000000
56.000000000000000,91.000000000000000,0.0000000000000000
57.000000000000000,91.000000000000000,0.0000000000000000
58.000000000000000,91.000000000000000,0.0000000000000000
59.000000000000000,91.000000000000000,0.0000000000000000
60.000000000000000,91.000000000000000,0.0000000000000000
61.000000000000000,91.000000000000000,0.0000000000000000
62.000000000000000,91.000000000000000,0.0000000000000000
63.000000000000000,91.000000000000000,0.0000000000000000
64.000000000000000,91.000000000000000,0.0000000000000000
65.000000000000000,91.000000000000000,0.0000000000000000
66.000000000000000,91.000000000000000,0.0000000000000000
67.000000000000000,91.000000000000000,0.0000000000000000
68.000000000000000,91.000000000000000,0.0000000000000000
69.000000000000000,91.000000000000000,0.0000000000000000
70.000000000000000,91.000000000000000,0.0000000000000000
71.000000000000000,91.000000000000000,0.0000000000000000
72.000000000000000,91.000000000000000,0.0000000000000000
73.000000000000000,91.000000000000000,0.0000000000000000
74.000000000000000,91.000000000000000,0.0000000000000000
75.000000000000000,91.000000000000000,0.0000000000000000
76.000000000000000,91.000000000000000,0.0000000000000000
77.000000000000000,91.000000000000000,0.0000000000000000
78.000000000000000,91.000000000000000,0.0000000000000000
79.000000000000000,91.000000000000000,0.0000000000000000
80.000000000000000,91.000000000000000,0.0000000000000000
81.000000000000000,91.000000000000000,0.0000000000000000
82.000000000000000,91.000000000000000,0.0000000000000000
83.000000000000000,91.000000000000000,0.0000000000000000
84.000000000000000,91.000000000000000,0.0000000000000000
85.000000000000000,91.000000000000000,0.0000000000000000
86.000000000000000,91.000000000000000,0.0000000000000000
87.000000000000000,91.000000000000000,0.0000000000000000
88.000000000000000,91.000000000000000,0.0000000000000000
89.000000000000000,91.000000000000000,0.0000000000000000
90.000000000000000,91.000000000000000,0.40000000596046448
91.000000000000000,91.000000000000000,0.0000000000000000
92.000000000000000,91.000000000000000,0.0000000000000000
93.000000000000000,91.000000000000000,0.0000000000000000
94.000000000000000,91.000000000000000,0.0000000000000000
95.000000000000000,91.000000000000000,0.0000000000000000
96.000000000000000,91.000000000000000,0.0000000000000000
97.000000000000000,91.000000000000000,0.0000000000000000
98.000000000000000,91.000000000000000,0.0000000000000000
99.000000000000000,91.000000000000000,0.0000000000000000
100.00000000000000,91.000000000000000,0.0000000000000000
101.00000000000000,91.000000000000000,0.0000000000000000
102.00000000000000,91.000000000000000,0.0000000000000000
103.00000000000000,91.000000000000000,0.0000000000000000
104.00000000000000,91.000000000000000,0.0000000000000000
105.00000000000000,91.000000000000000,0.0000000000000000
106.00000000000000,91.000000000000000,0.0000000000000000
107.00000000000000,91.000000000000000,0.0000000000000000
108.00000000000000,91.000000000000000,0.0000000000000000
109.00000000000000,91.000000000000000,0.0000000000000000
110.00000000000000,91.000000000000000,0.0000000000000000
111.00000000000000,91.000000000000000,0.0000000000000000
112.00000000000000,91.000000000000000,0.0000000000000000
113.00000000000000,91.000000000000000,0.0000000000000000
1.0000000000000000,92.000000000000000,0.0000000000000000
2.0000000000000000,92.000000000000000,0.0000000000000000
3.0000000000000000,92.000000000000000,0.0000000000000000
4.0000000000000000,92.000000000000000,0.0000000000000000
5.0000000000000000,92.000000000000000,0.0000000000000000
6.0000000000000000,92.000000000000000,0.0000000000000000
7.0000000000000000,92.000000000000000,0.0000000000000000
8.0000000000000000,92.000000000000000,0.0000000000000000
9.0000000000000000,92.000000000000000,0.10000000149011612
10.000000000000000,92.000000000000000,0.10000000149011612
11.000000000000000,92.000000000000000,0.10000000149011612
12.000000000000000,92.000000000000000,0.0000000000000000
13.000000000000000,92.000000000000000,0.0000000000000000
14.000000000000000,92.000000000000000,0.0000000000000000
15.000000000000000,92.000000000000000,0.0000000000000000
16.000000000000000,92.000000000000000,0.0000000000000000
17.000000000000000,92.000000000000000,0.0000000000000000
18.000000000000000,92.000000000000000,0.0000000000000000
19.000000000000000,92.000000000000000,0.0000000000000000
20.000000000000000,92.000000000000000,0.0000000000000000
21.000000000000000,92.000000000000000,0.0000000000000000
22.000000000000000,92.000000000000000,0.0000000000000000
23.000000000000000,92.000000000000000,0.0000000000000000
24.000000000000000,92.000000000000000,0.0000000000000000
25.000000000000000,92.000000000000000,0.0000000000000000
26.000000000000000,92.000000000000000,0.0000000000000000
27.000000000000000,92.000000000000000,0.0000000000000000
28.000000000000000,92.000000000000000,0.0000000000000000
29.000000000000000,92.000000000000000,0.0000000000000000
30.000000000000000,92.000000000000000,0.0000000000000000
31.000000000000000,92.000000000000000,0.0000000000000000
32.000000000000000,92.000000000000000,0.0000000000000000
33.000000000000000,92.000000000000000,0.0000000000000000
34.000000000000000,92.000000000000000,0.0000000000000000
35.000000000000000,92.000000000000000,0.0000000000000000
36.000000000000000,92.000000000000000,0.0000000000000000
37.000000000000000,92.000000000000000,0.0000000000000000
38.000000000000000,92.000000000000000,0.0000000000000000
39.000000000000000,92.000000000000000,0.0000000000000000
40.000000000000000,92.000000000000000,0.0000000000000000
41.000000000000000,92.000000000000000,0.0000000000000000
42.000000000000000,92.000000000000000,0.0000000000000000
43.000000000000000,92.000000000000000,0.0000000000000000
44.000000000000000,92.000000000000000,0.0000000000000000
45.000000000000000,92.000000000000000,0.0000000000000000
46.000000000000000,92.000000000000000,0.0000000000000000
47.000000000000000,92.000000000000000,0.0000000000000000
48.000000000000000,92.000000000000000,0.0000000000000000
49.000000000000000,92.000000000000000,0.0000000000000000
50.000000000000000,92.000000000000000,0.0000000000000000
51.000000000000000,92.000000000000000,0.0000000000000000
52.000000000000000,92.000000000000000,0.0000000000000000
53.000000000000000,92.000000000000000,0.0000000000000000
54.000000000000000,92.000000000000000,0.0000000000000000
55.000000000000000,92.000000000000000,0.0000000000000000
56.000000000000000,92.000000000000000,0.0000000000000000
57.000000000000000,92.000000000000000,0.0000000000000000
58.000000000000000,92.000000000000000,0.0000000000000000
59.000000000000000,92.000000000000000,0.0000000000000000
60.000000000000000,92.000000000000000,0.0000000000000000
61.000000000000000,92.000000000000000,0.0000000000000000
62.000000000000000,92.000000000000000,0.0000000000000000
63.000000000000000,92.000000000000000,0.0000000000000000
64.000000000000000,92.000000000000000,0.0000000000000000
65.000000000000000,92.000000000000000,0.0000000000000000
66.000000000000000,92.000000000000000,0.0000000000000000
67.000000000000000,92.000000000000000,0.0000000000000000
68.000000000000000,92.000000000000000,0.0000000000000000
69.000000000000000,92.000000000000000,0.0000000000000000
70.000000000000000,92.000000000000000,0.0000000000000000
71.000000000000000,92.000000000000000,0.0000000000000000
72.000000000000000,92.000000000000000,0.0000000000000000
73.000000000000000,92.000000000000000,0.0000000000000000
74.000000000000000,92.000000000000000,0.0000000000000000
75.000000000000000,92.000000000000000,0.0000000000000000
76.000000000000000,92.000000000000000,0.0000000000000000
77.000000000000000,92.000000000000000,0.0000000000000000
78.000000000000000,92.000000000000000,0.0000000000000000
79.000000000000000,92.000000000000000,0.0000000000000000
80.000000000000000,92.000000000000000,0.0000000000000000
81.000000000000000,92.000000000000000,0.0000000000000000
82.000000000000000,92.000000000000000,0.0000000000000000
83.000000000000000,92.000000000000000,0.0000000000000000
84.000000000000000,92.000000000000000,0.0000000000000000
85.000000000000000,92.000000000000000,0.0000000000000000
86.000000000000000,92.000000000000000,0.0000000000000000
87.000000000000000,92.000000000000000,0.0000000000000000
88.000000000000000,92.000000000000000,0.0000000000000000
89.000000000000000,92.000000000000000,0.0000000000000000
90.000000000000000,92.000000000000000,0.30000001192092896
91.000000000000000,92.000000000000000,0.30000001192092896
92.000000000000000,92.000000000000000,0.0000000000000000
93.000000000000000,92.000000000000000,0.0000000000000000
94.000000000000000,92.000000000000000,0.0000000000000000
95.000000000000000,92.000000000000000,0.0000000000000000
96.000000000000000,92.000000000000000,0.0000000000000000
97.000000000000000,92.000000000000000,0.0000000000000000
98.000000000000000,92.000000000000000,0.0000000000000000
99.000000000000000,92.000000000000000,0.0000000000000000
100.00000000000000,92.000000000000000,0.0000000000000000
101.00000000000000,92.000000000000000,0.0000000000000000
102.00000000000000,92.000000000000000,0.0000000000000000
103.00000000000000,92.000000000000000,0.0000000000000000
104.00000000000000,92.000000000000000,0.0000000000000000
105.00000000000000,92.000000000000000,0.0000000000000000
106.00000000000000,92.000000000000000,0.0000000000000000
107.00000000000000,92.000000000000000,0.0000000000000000
108.00000000000000,92.000000000000000,0.0000000000000000
109.00000000000000,92.000000000000000,0.0000000000000000
110.00000000000000,92.000000000000000,0.0000000000000000
111.00000000000000,92.000000000000000,0.0000000000000000
112.00000000000000,92.000000000000000,0.0000000000000000
113.00000000000000,92.000000000000000,0.0000000000000000
1.0000000000000000,93.000000000000000,0.0000000000000000
2.0000000000000000,93.000000000000000,0.0000000000000000
3.0000000000000000,93.000000000000000,0.0000000000000000
4.0000000000000000,93.000000000000000,0.0000000000000000
5.0000000000000000,93.000000000000000,0.0000000000000000
6.0000000000000000,93.000000000000000,0.0000000000000000
7.0000000000000000,93.000000000000000,0.0000000000000000
8.0000000000000000,93.000000000000000,0.0000000000000000
9.0000000000000000,93.000000000000000,0.10000000149011612
10.000000000000000,93.000000000000000,0.10000000149011612
11.000000000000000,93.000000000000000,0.10000000149011612
12.000000000000000,93.000000000000000,0.0000000000000000
13.000000000000000,93.000000000000000,0.0000000000000000
14.000000000000000,93.000000000000000,0.0000000000000000
15.000000000000000,93.000000000000000,0.0000000000000000
16.000000000000000,93.000000000000000,0.0000000000000000
17.000000000000000,93.000000000000000,0.0000000000000000
18.000000000000000,93.000000000000000,0.0000000000000000
19.000000000000000,93.000000000000000,0.0000000000000000
20.000000000000000,93.000000000000000,0.0000000000000000
21.000000000000000,93.000000000000000,0.0000000000000000
22.000000000000000,93.000000000000000,0.0000000000000000
23.000000000000000,93.000000000000000,0.0000000000000000
24.000000000000000,93.000000000000000,0.0000000000000000
25.000000000000000,93.000000000000000,0.0000000000000000
26.000000000000000,93.000000000000000,0.0000000000000000
27.000000000000000,93.000000000000000,0.0000000000000000
28.000000000000000,93.000000000000000,0.0000000000000000
29.000000000000000,93.000000000000000,0.0000000000000000
30.000000000000000,93.000000000000000,0.0000000000000000
31.000000000000000,93.000000000000000,0.0000000000000000
32.000000000000000,93.000000000000000,0.0000000000000000
33.000000000000000,93.000000000000000,0.0000000000000000
34.000000000000000,93.000000000000000,0.0000000000000000
35.000000000000000,93.000000000000000,0.0000000000000000
36.000000000000000,93.000000000000000,0.0000000000000000
37.000000000000000,93.000000000000000,0.0000000000000000
38.000000000000000,93.000000000000000,0.0000000000000000
39.000000000000000,93.000000000000000,0.0000000000000000
40.000000000000000,93.000000000000000,0.0000000000000000
41.000000000000000,93.000000000000000,0.0000000000000000
42.000000000000000,93.000000000000000,0.0000000000000000
43.000000000000000,93.000000000000000,0.0000000000000000
44.000000000000000,93.000000000000000,0.0000000000000000
45.000000000000000,93.000000000000000,0.0000000000000000
46.000000000000000,93.000000000000000,0.0000000000000000
47.000000000000000,93.000000000000000,0.0000000000000000
48.000000000000000,93.000000000000000,0.0000000000000000
49.000000000000000,93.000000000000000,0.0000000000000000
50.000000000000000,93.000000000000000,0.0000000000000000
51.000000000000000,93.000000000000000,0.0000000000000000
52.000000000000000,93.000000000000000,0.0000000000000000
53.000000000000000,93.000000000000000,0.0000000000000000
54.000000000000000,93.000000000000000,0.0000000000000000
55.000000000000000,93.000000000000000,0.0000000000000000
56.000000000000000,93.000000000000000,0.0000000000000000
57.000000000000000,93.000000000000000,0.0000000000000000
58.000000000000000,93.000000000000000,0.0000000000000000
59.000000000000000,93.000000000000000,0.0000000000000000
60.000000000000000,93.000000000000000,0.0000000000000000
61.000000000000000,93.000000000000000,0.0000000000000000
62.000000000000000,93.000000000000000,0.0000000000000000
63.000000000000000,93.000000000000000,0.0000000000000000
64.000000000000000,93.000000000000000,0.0000000000000000
65.000000000000000,93.000000000000000,0.0000000000000000
66.000000000000000,93.000000000000000,0.0000000000000000
67.000000000000000,93.000000000000000,0.0000000000000000
68.000000000000000,93.000000000000000,0.0000000000000000
69.000000000000000,93.000000000000000,0.0000000000000000
70.000000000000000,93.000000000000000,0.0000000000000000
71.000000000000000,93.000000000000000,0.0000000000000000
72.000000000000000,93.000000000000000,0.0000000000000000
73.000000000000000,93.000000000000000,0.0000000000000000
74.000000000000000,93.000000000000000,0.0000000000000000
75.000000000000000,93.000000000000000,0.0000000000000000
76.000000000000000,93.000000000000000,0.0000000000000000
77.000000000000000,93.000000000000000,0.0000000000000000
78.000000000000000,93.000000000000000,0.0000000000000000
79.000000000000000,93.000000000000000,0.0000000000000000
80.000000000000000,93.000000000000000,0.0000000000000000
81.000000000000000,93.000000000000000,0.0000000000000000
82.000000000000000,93.000000000000000,0.0000000000000000
83.000000000000000,93.000000000000000,0.0000000000000000
84.000000000000000,93.000000000000000,0.0000000000000000
85.000000000000000,93.000000000000000,0.0000000000000000
86.000000000000000,93.000000000000000,0.0000000000000000
87.000000000000000,93.000000000000000,0.0000000000000000
88.000000000000000,93.000000000000000,0.0000000000000000
89.000000000000000,93.000000000000000,0.0000000000000000
90.000000000000000,93.000000000000000,0.30000001192092896
91.000000000000000,93.000000000000000,0.30000001192092896
92.000000000000000,93.000000000000000,0.0000000000000000
93.000000000000000,93.000000000000000,0.0000000000000000
94.000000000000000,93.000000000000000,0.0000000000000000
95.000000000000000,93.000000000000000,0.0000000000000000
96.000000000000000,93.000000000000000,0.0000000000000000
97.000000000000000,93.000000000000000,0.0000000000000000
98.000000000000000,93.000000000000000,0.0000000000000000
99.000000000000000,93.000000000000000,0.0000000000000000
100.00000000000000,93.000000000000000,0.0000000000000000
101.00000000000000,93.000000000000000,0.0000000000000000
102.00000000000000,93.000000000000000,0.0000000000000000
103.00000000000000,93.000000000000000,0.0000000000000000
104.00000000000000,93.000000000000000,0.0000000000000000
105.00000000000000,93.000000000000000,0.0000000000000000
106.00000000000000,93.000000000000000,0.0000000000000000
107.00000000000000,93.000000000000000,0.0000000000000000
108.00000000000000,93.000000000000000,0.0000000000000000
109.00000000000000,93.000000000000000,0.0000000000000000
110.00000000000000,93.000000000000000,0.0000000000000000
111.00000000000000,93.000000000000000,0.0000000000000000
112.00000000000000,93.000000000000000,0.0000000000000000
113.00000000000000,93.000000000000000,0.0000000000000000
1.0000000000000000,94.000000000000000,0.0000000000000000
2.0000000000000000,94.000000000000000,0.0000000000000000
3.0000000000000000,94.000000000000000,0.0000000000000000
4.0000000000000000,94.000000000000000,0.0000000000000000
5.0000000000000000,94.000000000000000,0.0000000000000000
6.0000000000000000,94.000000000000000,0.0000000000000000
7.0000000000000000,94.000000000000000,0.0000000000000000
8.0000000000000000,94.000000000000000,0.0000000000000000
9.0000000000000000,94.000000000000000,0.0000000000000000
10.000000000000000,94.000000000000000,0.0000000000000000
11.000000000000000,94.000000000000000,0.0000000000000000
12.000000000000000,94.000000000000000,0.0000000000000000
13.000000000000000,94.000000000000000,0.0000000000000000
14.000000000000000,94.000000000000000,0.0000000000000000
15.000000000000000,94.000000000000000,0.0000000000000000
16.000000000000000,94.000000000000000,0.0000000000000000
17.000000000000000,94.000000000000000,0.0000000000000000
18.000000000000000,94.000000000000000,0.0000000000000000
19.000000000000000,94.000000000000000,0.0000000000000000
20.000000000000000,94.000000000000000,0.0000000000000000
21.000000000000000,94.000000000000000,0.0000000000000000
22.000000000000000,94.000000000000000,0.0000000000000000
23.000000000000000,94.000000000000000,0.0000000000000000
24.000000000000000,94.000000000000000,0.0000000000000000
25.000000000000000,94.000000000000000,0.0000000000000000
26.000000000000000,94.000000000000000,0.0000000000000000
27.000000000000000,94.000000000000000,0.0000000000000000
28.000000000000000,94.000000000000000,0.0000000000000000
29.000000000000000,94.000000000000000,0.0000000000000000
30.000000000000000,94.000000000000000,0.0000000000000000
31.000000000000000,94.000000000000000,0.0000000000000000
32.000000000000000,94.000000000000000,0.0000000000000000
33.000000000000000,94.000000000000000,0.0000000000000000
34.000000000000000,94.000000000000000,0.0000000000000000
35.000000000000000,94.000000000000000,0.0000000000000000
36.000000000000000,94.000000000000000,0.0000000000000000
37.000000000000000,94.000000000000000,0.0000000000000000
38.000000000000000,94.000000000000000,0.0000000000000000
39.000000000000000,94.000000000000000,0.0000000000000000
40.000000000000000,94.000000000000000,0.0000000000000000
41.000000000000000,94.000000000000000,0.0000000000000000
42.000000000000000,94.000000000000000,0.0000000000000000
43.000000000000000,94.000000000000000,0.0000000000000000
44.000000000000000,94.000000000000000,0.0000000000000000
45.000000000000000,94.000000000000000,0.0000000000000000
46.000000000000000,94.000000000000000,0.0000000000000000
47.000000000000000,94.000000000000000,0.0000000000000000
48.000000000000000,94.000000000000000,0.0000000000000000
49.000000000000000,94.000000000000000,0.0000000000000000
50.000000000000000,94.000000000000000,0.0000000000000000
51.000000000000000,94.000000000000000,0.0000000000000000
52.000000000000000,94.000000000000000,0.0000000000000000
53.000000000000000,94.000000000000000,0.0000000000000000
54.000000000000000,94.000000000000000,0.0000000000000000
55.000000000000000,94.000000000000000,0.0000000000000000
56.000000000000000,94.000000000000000,0.0000000000000000
57.000000000000000,94.000000000000000,0.0000000000000000
58.000000000000000,94.000000000000000,0.0000000000000000
59.000000000000000,94.000000000000000,0.0000000000000000
60.000000000000000,94.000000000000000,0.0000000000000000
61.000000000000000,94.000000000000000,0.0000000000000000
62.000000000000000,94.000000000000000,0.0000000000000000
63.000000000000000,94.000000000000000,0.0000000000000000
64.000000000000000,94.000000000000000,0.0000000000000000
65.000000000000000,94.000000000000000,0.0000000000000000
66.000000000000000,94.000000000000000,0.0000000000000000
67.000000000000000,94.000000000000000,0.0000000000000000
68.000000000000000,94.000000000000000,0.0000000000000000
69.000000000000000,94.000000000000000,0.0000000000000000
70.000000000000000,94.000000000000000,0.0000000000000000
71.000000000000000,94.000000000000000,0.0000000000000000
72.000000000000000,94.000000000000000,0.0000000000000000
73.000000000000000,94.000000000000000,0.0000000000000000
74.000000000000000,94.000000000000000,0.0000000000000000
75.000000000000000,94.000000000000000,0.0000000000000000
76.000000000000000,94.000000000000000,0.0000000000000000
77.000000000000000,94.000000000000000,0.0000000000000000
78.000000000000000,94.000000000000000,0.0000000000000000
79.000000000000000,94.000000000000000,0.0000000000000000
80.000000000000000,94.000000000000000,0.0000000000000000
81.000000000000000,94.000000000000000,0.0000000000000000
82.000000000000000,94.000000000000000,0.0000000000000000
83.000000000000000,94.000000000000000,0.0000000000000000
84.000000000000000,94.000000000000000,0.0000000000000000
85.000000000000000,94.000000000000000,0.0000000000000000
86.000000000000000,94.000000000000000,0.0000000000000000
87.000000000000000,94.000000000000000,0.0000000000000000
88.000000000000000,94.000000000000000,0.0000000000000000
89.000000000000000,94.000000000000000,0.0000000000000000
90.000000000000000,94.000000000000000,0.30000001192092896
91.000000000000000,94.000000000000000,0.30000001192092896
92.000000000000000,94.000000000000000,0.0000000000000000
93.000000000000000,94.000000000000000,0.0000000000000000
94.000000000000000,94.000000000000000,0.0000000000000000
95.000000000000000,94.000000000000000,0.0000000000000000
96.000000000000000,94.000000000000000,0.0000000000000000
97.000000000000000,94.000000000000000,0.0000000000000000
98.000000000000000,94.000000000000000,0.0000000000000000
99.000000000000000,94.000000000000000,0.0000000000000000
100.00000000000000,94.000000000000000,0.0000000000000000
101.00000000000000,94.000000000000000,0.0000000000000000
102.00000000000000,94.000000000000000,0.0000000000000000
103.00000000000000,94.000000000000000,0.0000000000000000
104.00000000000000,94.000000000000000,0.0000000000000000
105.00000000000000,94.000000000000000,0.0000000000000000
106.00000000000000,94.000000000000000,0.0000000000000000
107.00000000000000,94.000000000000000,0.0000000000000000
108.00000000000000,94.000000000000000,0.0000000000000000
109.00000000000000,94.000000000000000,0.0000000000000000
110.00000000000000,94.000000000000000,0.0000000000000000
111.00000000000000,94.000000000000000,0.0000000000000000
112.00000000000000,94.000000000000000,0.0000000000000000
113.00000000000000,94.000000000000000,0.0000000000000000
1.0000000000000000,95.000000000000000,0.0000000000000000
2.0000000000000000,95.000000000000000,0.0000000000000000
3.0000000000000000,95.000000000000000,0.0000000000000000
4.0000000000000000,95.000000000000000,0.0000000000000000
5.0000000000000000,95.000000000000000,0.0000000000000000
6.0000000000000000,95.000000000000000,0.0000000000000000
7.0000000000000000,95.000000000000000,0.0000000000000000
8.0000000000000000,95.000000000000000,0.0000000000000000
9.0000000000000000,95.000000000000000,0.0000000000000000
10.000000000000000,95.000000000000000,0.0000000000000000
11.000000000000000,95.000000000000000,0.0000000000000000
12.000000000000000,95.000000000000000,0.0000000000000000
13.000000000000000,95.000000000000000,0.0000000000000000
14.000000000000000,95.000000000000000,0.0000000000000000
15.000000000000000,95.000000000000000,0.0000000000000000
16.000000000000000,95.000000000000000,0.0000000000000000
17.000000000000000,95.000000000000000,0.0000000000000000
18.000000000000000,95.000000000000000,0.0000000000000000
19.000000000000000,95.000000000000000,0.0000000000000000
20.000000000000000,95.000000000000000,0.0000000000000000
21.000000000000000,95.000000000000000,0.0000000000000000
22.000000000000000,95.000000000000000,0.0000000000000000
23.000000000000000,95.000000000000000,0.0000000000000000
24.000000000000000,95.000000000000000,0.0000000000000000
25.000000000000000,95.000000000000000,0.0000000000000000
26.000000000000000,95.000000000000000,0.0000000000000000
27.000000000000000,95.000000000000000,0.0000000000000000
28.000000000000000,95.000000000000000,0.0000000000000000
29.000000000000000,95.000000000000000,0.0000000000000000
30.000000000000000,95.000000000000000,0.0000000000000000
31.000000000000000,95.000000000000000,0.0000000000000000
32.000000000000000,95.000000000000000,0.0000000000000000
33.000000000000000,95.000000000000000,0.0000000000000000
34.000000000000000,95.000000000000000,0.0000000000000000
35.000000000000000,95.000000000000000,0.0000000000000000
36.000000000000000,95.000000000000000,0.0000000000000000
37.000000000000000,95.000000000000000,0.0000000000000000
38.000000000000000,95.000000000000000,0.0000000000000000
39.000000000000000,95.000000000000000,0.0000000000000000
40.000000000000000,95.000000000000000,0.0000000000000000
41.000000000000000,95.000000000000000,0.0000000000000000
42.000000000000000,95.000000000000000,0.0000000000000000
43.000000000000000,95.000000000000000,0.0000000000000000
44.000000000000000,95.000000000000000,0.0000000000000000
45.000000000000000,95.000000000000000,0.0000000000000000
46.000000000000000,95.000000000000000,0.0000000000000000
47.000000000000000,95.000000000000000,0.0000000000000000
48.000000000000000,95.000000000000000,0.0000000000000000
49.000000000000000,95.000000000000000,0.0000000000000000
50.000000000000000,95.000000000000000,0.0000000000000000
51.000000000000000,95.000000000000000,0.0000000000000000
52.000000000000000,95.000000000000000,0.0000000000000000
53.000000000000000,95.000000000000000,0.0000000000000000
54.000000000000000,95.000000000000000,0.0000000000000000
55.000000000000000,95.000000000000000,0.0000000000000000
56.000000000000000,95.000000000000000,0.0000000000000000
57.000000000000000,95.000000000000000,0.0000000000000000
58.000000000000000,95.000000000000000,0.0000000000000000
59.000000000000000,95.000000000000000,0.0000000000000000
60.000000000000000,95.000000000000000,0.0000000000000000
61.000000000000000,95.000000000000000,0.0000000000000000
62.000000000000000,95.000000000000000,0.0000000000000000
63.000000000000000,95.000000000000000,0.0000000000000000
64.000000000000000,95.000000000000000,0.0000000000000000
65.000000000000000,95.000000000000000,0.0000000000000000
66.000000000000000,95.000000000000000,0.0000000000000000
67.000000000000000,95.000000000000000,0.0000000000000000
68.000000000000000,95.000000000000000,0.0000000000000000
69.000000000000000,95.000000000000000,0.0000000000000000
70.000000000000000,95.000000000000000,0.0000000000000000
71.000000000000000,95.000000000000000,0.0000000000000000
72.000000000000000,95.000000000000000,0.0000000000000000
73.000000000000000,95.000000000000000,0.0000000000000000
74.000000000000000,95.000000000000000,0.0000000000000000
75.000000000000000,95.000000000000000,0.0000000000000000
76.000000000000000,95.000000000000000,0.0000000000000000
77.000000000000000,95.000000000000000,0.0000000000000000
78.000000000000000,95.000000000000000,0.0000000000000000
79.000000000000000,95.000000000000000,0.0000000000000000
80.000000000000000,95.000000000000000,0.0000000000000000
81.000000000000000,95.000000000000000,0.0000000000000000
82.000000000000000,95.000000000000000,0.0000000000000000
83.000000000000000,95.000000000000000,0.0000000000000000
84.000000000000000,95.000000000000000,0.30000001192092896
85.000000000000000,95.000000000000000,0.30000001192092896
86.000000000000000,95.000000000000000,0.30000001192092896
87.000000000000000,95.000000000000000,0.30000001192092896
88.000000000000000,95.000000000000000,0.30000001192092896
89.000000000000000,95.000000000000000,0.30000001192092896
90.000000000000000,95.000000000000000,0.30000001192092896
91.000000000000000,95.000000000000000,0.0000000000000000
92.000000000000000,95.000000000000000,0.0000000000000000
93.000000000000000,95.000000000000000,0.0000000000000000
94.000000000000000,95.000000000000000,0.0000000000000000
95.000000000000000,95.000000000000000,0.0000000000000000
96.000000000000000,95.000000000000000,0.0000000000000000
97.000000000000000,95.000000000000000,0.0000000000000000
98.000000000000000,95.000000000000000,0.0000000000000000
99.000000000000000,95.000000000000000,0.0000000000000000
100.00000000000000,95.000000000000000,0.0000000000000000
101.00000000000000,95.000000000000000,0.0000000000000000
102.00000000000000,95.000000000000000,0.0000000000000000
103.00000000000000,95.000000000000000,0.0000000000000000
104.00000000000000,95.000000000000000,0.0000000000000000
105.00000000000000,95.000000000000000,0.0000000000000000
106.00000000000000,95.000000000000000,0.0000000000000000
107.00000000000000,95.000000000000000,0.0000000000000000
108.00000000000000,95.000000000000000,0.0000000000000000
109.00000000000000,95.000000000000000,0.0000000000000000
110.00000000000000,95.000000000000000,0.0000000000000000
111.00000000000000,95.000000000000000,0.0000000000000000
112.00000000000000,95.000000000000000,0.0000000000000000
113.00000000000000,95.000000000000000,0.0000000000000000
1.0000000000000000,96.000000000000000,0.0000000000000000
2.0000000000000000,96.000000000000000,0.0000000000000000
3.0000000000000000,96.000000000000000,0.0000000000000000
4.0000000000000000,96.000000000000000,0.0000000000000000
5.0000000000000000,96.000000000000000,0.0000000000000000
6.0000000000000000,96.000000000000000,0.0000000000000000
7.0000000000000000,96.000000000000000,0.0000000000000000
8.0000000000000000,96.000000000000000,0.0000000000000000
9.0000000000000000,96.000000000000000,0.0000000000000000
10.000000000000000,96.000000000000000,0.0000000000000000
11.000000000000000,96.000000000000000,0.0000000000000000
12.000000000000000,96.000000000000000,0.0000000000000000
13.000000000000000,96.000000000000000,0.0000000000000000
14.000000000000000,96.000000000000000,0.0000000000000000
15.000000000000000,96.000000000000000,0.0000000000000000
16.000000000000000,96.000000000000000,0.0000000000000000
17.000000000000000,96.000000000000000,0.0000000000000000
18.000000000000000,96.000000000000000,0.0000000000000000
19.000000000000000,96.000000000000000,0.0000000000000000
20.000000000000000,96.000000000000000,0.0000000000000000
21.000000000000000,96.000000000000000,0.0000000000000000
22.000000000000000,96.000000000000000,0.0000000000000000
23.000000000000000,96.000000000000000,0.0000000000000000
24.000000000000000,96.000000000000000,0.0000000000000000
25.000000000000000,96.000000000000000,0.0000000000000000
26.000000000000000,96.000000000000000,0.0000000000000000
27.000000000000000,96.000000000000000,0.0000000000000000
28.000000000000000,96.000000000000000,0.0000000000000000
29.000000000000000,96.000000000000000,0.0000000000000000
30.000000000000000,96.000000000000000,0.0000000000000000
31.000000000000000,96.000000000000000,0.0000000000000000
32.000000000000000,96.000000000000000,0.0000000000000000
33.000000000000000,96.000000000000000,0.0000000000000000
34.000000000000000,96.000000000000000,0.0000000000000000
35.000000000000000,96.000000000000000,0.0000000000000000
36.000000000000000,96.000000000000000,0.0000000000000000
37.000000000000000,96.000000000000000,0.0000000000000000
38.000000000000000,96.000000000000000,0.0000000000000000
39.000000000000000,96.000000000000000,0.0000000000000000
40.000000000000000,96.000000000000000,0.0000000000000000
41.000000000000000,96.000000000000000,0.0000000000000000
42.000000000000000,96.000000000000000,0.0000000000000000
43.000000000000000,96.000000000000000,0.0000000000000000
44.000000000000000,96.000000000000000,0.0000000000000000
45.000000000000000,96.000000000000000,0.0000000000000000
46.000000000000000,96.000000000000000,0.0000000000000000
47.000000000000000,96.000000000000000,0.0000000000000000
48.000000000000000,96.000000000000000,0.0000000000000000
49.000000000000000,96.000000000000000,0.0000000000000000
50.000000000000000,96.000000000000000,0.0000000000000000
51.000000000000000,96.000000000000000,0.0000000000000000
52.000000000000000,96.000000000000000,0.0000000000000000
53.000000000000000,96.000000000000000,0.0000000000000000
54.000000000000000,96.000000000000000,0.0000000000000000
55.000000000000000,96.000000000000000,0.0000000000000000
56.000000000000000,96.000000000000000,0.0000000000000000
57.000000000000000,96.000000000000000,0.0000000000000000
58.000000000000000,96.000000000000000,0.0000000000000000
59.000000000000000,96.000000000000000,0.0000000000000000
60.000000000000000,96.000000000000000,0.0000000000000000
61.000000000000000,96.000000000000000,0.0000000000000000
62.000000000000000,96.000000000000000,0.0000000000000000
63.000000000000000,96.000000000000000,0.0000000000000000
64.000000000000000,96.000000000000000,0.0000000000000000
65.000000000000000,96.000000000000000,0.0000000000000000
66.000000000000000,96.000000000000000,0.0000000000000000
67.000000000000000,96.000000000000000,0.0000000000000000
68.000000000000000,96.000000000000000,0.0000000000000000
69.000000000000000,96.000000000000000,0.0000000000000000
70.000000000000000,96.000000000000000,0.0000000000000000
71.000000000000000,96.000000000000000,0.0000000000000000
72.000000000000000,96.000000000000000,0.0000000000000000
73.000000000000000,96.000000000000000,0.0000000000000000
74.000000000000000,96.000000000000000,0.0000000000000000
75.000000000000000,96.000000000000000,0.0000000000000000
76.000000000000000,96.000000000000000,0.0000000000000000
77.000000000000000,96.000000000000000,0.0000000000000000
78.000000000000000,96.000000000000000,0.0000000000000000
79.000000000000000,96.000000000000000,0.0000000000000000
80.000000000000000,96.000000000000000,0.0000000000000000
81.000000000000000,96.000000000000000,0.0000000000000000
82.000000000000000,96.000000000000000,0.0000000000000000
83.000000000000000,96.000000000000000,0.0000000000000000
84.000000000000000,96.000000000000000,0.30000001192092896
85.000000000000000,96.000000000000000,0.0000000000000000
86.000000000000000,96.000000000000000,0.0000000000000000
87.000000000000000,96.000000000000000,0.30000001192092896
88.000000000000000,96.000000000000000,0.0000000000000000
89.000000000000000,96.000000000000000,0.0000000000000000
90.000000000000000,96.000000000000000,0.0000000000000000
91.000000000000000,96.000000000000000,0.0000000000000000
92.000000000000000,96.000000000000000,0.0000000000000000
93.000000000000000,96.000000000000000,0.0000000000000000
94.000000000000000,96.000000000000000,0.0000000000000000
95.000000000000000,96.000000000000000,0.0000000000000000
96.000000000000000,96.000000000000000,0.0000000000000000
97.000000000000000,96.000000000000000,0.0000000000000000
98.000000000000000,96.000000000000000,0.0000000000000000
99.000000000000000,96.000000000000000,0.0000000000000000
100.00000000000000,96.000000000000000,0.0000000000000000
101.00000000000000,96.000000000000000,0.0000000000000000
102.00000000000000,96.000000000000000,0.0000000000000000
103.00000000000000,96.000000000000000,0.0000000000000000
104.00000000000000,96.000000000000000,0.0000000000000000
105.00000000000000,96.000000000000000,0.0000000000000000
106.00000000000000,96.000000000000000,0.0000000000000000
107.00000000000000,96.000000000000000,0.0000000000000000
108.00000000000000,96.000000000000000,0.0000000000000000
109.00000000000000,96.000000000000000,0.0000000000000000
110.00000000000000,96.000000000000000,0.0000000000000000
111.00000000000000,96.000000000000000,0.0000000000000000
112.00000000000000,96.000000000000000,0.0000000000000000
113.00000000000000,96.000000000000000,0.0000000000000000
1.0000000000000000,97.000000000000000,0.0000000000000000
2.0000000000000000,97.000000000000000,0.0000000000000000
3.0000000000000000,97.000000000000000,0.0000000000000000
4.0000000000000000,97.000000000000000,0.0000000000000000
5.0000000000000000,97.000000000000000,0.0000000000000000
6.0000000000000000,97.000000000000000,0.0000000000000000
7.0000000000000000,97.000000000000000,0.0000000000000000
8.0000000000000000,97.000000000000000,0.0000000000000000
9.0000000000000000,97.000000000000000,0.0000000000000000
10.000000000000000,97.000000000000000,0.0000000000000000
11.000000000000000,97.000000000000000,0.0000000000000000
12.000000000000000,97.000000000000000,0.0000000000000000
13.000000000000000,97.000000000000000,0.0000000000000000
14.000000000000000,97.000000000000000,0.0000000000000000
15.000000000000000,97.000000000000000,0.0000000000000000
16.000000000000000,97.000000000000000,0.0000000000000000
17.000000000000000,97.000000000000000,0.0000000000000000
18.000000000000000,97.000000000000000,0.0000000000000000
19.000000000000000,97.000000000000000,0.0000000000000000
20.000000000000000,97.000000000000000,0.0000000000000000
21.000000000000000,97.000000000000000,0.0000000000000000
22.000000000000000,97.000000000000000,0.0000000000000000
23.000000000000000,97.000000000000000,0.0000000000000000
24.000000000000000,97.000000000000000,0.0000000000000000
25.000000000000000,97.000000000000000,0.0000000000000000
26.000000000000000,97.000000000000000,0.0000000000000000
27.000000000000000,97.000000000000000,0.0000000000000000
28.000000000000000,97.000000000000000,0.0000000000000000
29.000000000000000,97.000000000000000,0.0000000000000000
30.000000000000000,97.000000000000000,0.0000000000000000
31.000000000000000,97.000000000000000,0.0000000000000000
32.000000000000000,97.000000000000000,0.0000000000000000
33.000000000000000,97.000000000000000,0.0000000000000000
34.000000000000000,97.000000000000000,0.0000000000000000
35.000000000000000,97.000000000000000,0.0000000000000000
36.000000000000000,97.000000000000000,0.0000000000000000
37.000000000000000,97.000000000000000,0.0000000000000000
38.000000000000000,97.000000000000000,0.0000000000000000
39.000000000000000,97.000000000000000,0.0000000000000000
40.000000000000000,97.000000000000000,0.0000000000000000
41.000000000000000,97.000000000000000,0.0000000000000000
42.000000000000000,97.000000000000000,0.0000000000000000
43.000000000000000,97.000000000000000,0.0000000000000000
44.000000000000000,97.000000000000000,0.0000000000000000
45.000000000000000,97.000000000000000,0.0000000000000000
46.000000000000000,97.000000000000000,0.0000000000000000
47.000000000000000,97.000000000000000,0.0000000000000000
48.000000000000000,97.000000000000000,0.0000000000000000
49.000000000000000,97.000000000000000,0.0000000000000000
50.000000000000000,97.000000000000000,0.0000000000000000
51.000000000000000,97.000000000000000,0.0000000000000000
52.000000000000000,97.000000000000000,0.0000000000000000
53.000000000000000,97.000000000000000,0.0000000000000000
54.000000000000000,97.000000000000000,0.0000000000000000
55.000000000000000,97.000000000000000,0.0000000000000000
56.000000000000000,97.000000000000000,0.0000000000000000
57.000000000000000,97.000000000000000,0.0000000000000000
58.000000000000000,97.000000000000000,0.0000000000000000
59.000000000000000,97.000000000000000,0.0000000000000000
60.000000000000000,97.000000000000000,0.0000000000000000
61.000000000000000,97.000000000000000,0.0000000000000000
62.000000000000000,97.000000000000000,0.0000000000000000
63.000000000000000,97.000000000000000,0.0000000000000000
64.000000000000000,97.000000000000000,0.0000000000000000
65.000000000000000,97.000000000000000,0.0000000000000000
66.000000000000000,97.000000000000000,0.0000000000000000
67.000000000000000,97.000000000000000,0.0000000000000000
68.000000000000000,97.000000000000000,0.0000000000000000
69.000000000000000,97.000000000000000,0.0000000000000000
70.000000000000000,97.000000000000000,0.0000000000000000
71.000000000000000,97.000000000000000,0.0000000000000000
72.000000000000000,97.000000000000000,0.0000000000000000
73.000000000000000,97.000000000000000,0.0000000000000000
74.000000000000000,97.000000000000000,0.0000000000000000
75.000000000000000,97.000000000000000,0.0000000000000000
76.000000000000000,97.000000000000000,0.0000000000000000
77.000000000000000,97.000000000000000,0.0000000000000000
78.000000000000000,97.000000000000000,0.0000000000000000
79.000000000000000,97.000000000000000,0.0000000000000000
80.000000000000000,97.000000000000000,0.0000000000000000
81.000000000000000,97.000000000000000,0.0000000000000000
82.000000000000000,97.000000000000000,0.0000000000000000
83.000000000000000,97.000000000000000,0.0000000000000000
84.000000000000000,97.000000000000000,0.0000000000000000
85.000000000000000,97.000000000000000,0.0000000000000000
86.000000000000000,97.000000000000000,0.0000000000000000
87.000000000000000,97.000000000000000,0.0000000000000000
88.000000000000000,97.000000000000000,0.0000000000000000
89.000000000000000,97.000000000000000,0.0000000000000000
90.000000000000000,97.000000000000000,0.0000000000000000
91.000000000000000,97.000000000000000,0.0000000000000000
92.000000000000000,97.000000000000000,0.0000000000000000
93.000000000000000,97.000000000000000,0.0000000000000000
94.000000000000000,97.000000000000000,0.0000000000000000
95.000000000000000,97.000000000000000,0.0000000000000000
96.000000000000000,97.000000000000000,0.0000000000000000
97.000000000000000,97.000000000000000,0.0000000000000000
98.000000000000000,97.000000000000000,0.0000000000000000
99.000000000000000,97.000000000000000,0.0000000000000000
100.00000000000000,97.000000000000000,0.0000000000000000
101.00000000000000,97.000000000000000,0.0000000000000000
102.00000000000000,97.000000000000000,0.0000000000000000
103.00000000000000,97.000000000000000,0.0000000000000000
104.00000000000000,97.000000000000000,0.0000000000000000
105.00000000000000,97.000000000000000,0.0000000000000000
106.00000000000000,97.000000000000000,0.0000000000000000
107.00000000000000,97.000000000000000,0.0000000000000000
108.00000000000000,97.000000000000000,0.0000000000000000
109.00000000000000,97.000000000000000,0.0000000000000000
110.00000000000000,97.000000000000000,0.0000000000000000
111.00000000000000,97.000000000000000,0.0000000000000000
112.00000000000000,97.000000000000000,0.0000000000000000
113.00000000000000,97.000000000000000,0.0000000000000000
1.0000000000000000,98.000000000000000,0.0000000000000000
2.0000000000000000,98.000000000000000,0.0000000000000000
3.0000000000000000,98.000000000000000,0.0000000000000000
4.0000000000000000,98.000000000000000,0.0000000000000000
5.0000000000000000,98.000000000000000,0.0000000000000000
6.0000000000000000,98.000000000000000,0.0000000000000000
7.0000000000000000,98.000000000000000,0.0000000000000000
8.0000000000000000,98.000000000000000,0.0000000000000000
9.0000000000000000,98.000000000000000,0.0000000000000000
10.000000000000000,98.000000000000000,0.0000000000000000
11.000000000000000,98.000000000000000,0.0000000000000000
12.000000000000000,98.000000000000000,0.0000000000000000
13.000000000000000,98.000000000000000,0.0000000000000000
14.000000000000000,98.000000000000000,0.0000000000000000
15.000000000000000,98.000000000000000,0.0000000000000000
16.000000000000000,98.000000000000000,0.0000000000000000
17.000000000000000,98.000000000000000,0.0000000000000000
18.000000000000000,98.000000000000000,0.0000000000000000
19.000000000000000,98.000000000000000,0.0000000000000000
20.000000000000000,98.000000000000000,0.0000000000000000
21.000000000000000,98.000000000000000,0.0000000000000000
22.000000000000000,98.000000000000000,0.0000000000000000
23.000000000000000,98.000000000000000,0.0000000000000000
24.000000000000000,98.000000000000000,0.0000000000000000
25.000000000000000,98.000000000000000,0.0000000000000000
26.000000000000000,98.000000000000000,0.0000000000000000
27.000000000000000,98.000000000000000,0.0000000000000000
28.000000000000000,98.000000000000000,0.0000000000000000
29.000000000000000,98.000000000000000,0.0000000000000000
30.000000000000000,98.000000000000000,0.0000000000000000
31.000000000000000,98.000000000000000,0.0000000000000000
32.000000000000000,98.000000000000000,0.0000000000000000
33.000000000000000,98.000000000000000,0.0000000000000000
34.000000000000000,98.000000000000000,0.0000000000000000
35.000000000000000,98.000000000000000,0.0000000000000000
36.000000000000000,98.000000000000000,0.0000000000000000
37.000000000000000,98.000000000000000,0.0000000000000000
38.000000000000000,98.000000000000000,0.0000000000000000
39.000000000000000,98.000000000000000,0.0000000000000000
40.000000000000000,98.000000000000000,0.0000000000000000
41.000000000000000,98.000000000000000,0.0000000000000000
42.000000000000000,98.000000000000000,0.0000000000000000
43.000000000000000,98.000000000000000,0.0000000000000000
44.000000000000000,98.000000000000000,0.0000000000000000
45.000000000000000,98.000000000000000,0.0000000000000000
46.000000000000000,98.000000000000000,0.0000000000000000
47.000000000000000,98.000000000000000,0.0000000000000000
48.000000000000000,98.000000000000000,0.0000000000000000
49.000000000000000,98.000000000000000,0.0000000000000000
50.000000000000000,98.000000000000000,0.0000000000000000
51.000000000000000,98.000000000000000,0.0000000000000000
52.000000000000000,98.000000000000000,0.0000000000000000
53.000000000000000,98.000000000000000,0.0000000000000000
54.000000000000000,98.000000000000000,0.0000000000000000
55.000000000000000,98.000000000000000,0.0000000000000000
56.000000000000000,98.000000000000000,0.0000000000000000
57.000000000000000,98.000000000000000,0.0000000000000000
58.000000000000000,98.000000000000000,0.0000000000000000
59.000000000000000,98.000000000000000,0.0000000000000000
60.000000000000000,98.000000000000000,0.0000000000000000
61.000000000000000,98.000000000000000,0.0000000000000000
62.000000000000000,98.000000000000000,0.0000000000000000
63.000000000000000,98.000000000000000,0.0000000000000000
64.000000000000000,98.000000000000000,0.0000000000000000
65.000000000000000,98.000000000000000,0.0000000000000000
66.000000000000000,98.000000000000000,0.0000000000000000
67.000000000000000,98.000000000000000,0.0000000000000000
68.000000000000000,98.000000000000000,0.0000000000000000
69.000000000000000,98.000000000000000,0.0000000000000000
70.000000000000000,98.000000000000000,0.0000000000000000
71.000000000000000,98.000000000000000,0.0000000000000000
72.000000000000000,98.000000000000000,0.0000000000000000
73.000000000000000,98.000000000000000,0.0000000000000000
74.000000000000000,98.000000000000000,0.0000000000000000
75.000000000000000,98.000000000000000,0.0000000000000000
76.000000000000000,98.000000000000000,0.0000000000000000
77.000000000000000,98.000000000000000,0.0000000000000000
78.000000000000000,98.000000000000000,0.0000000000000000
79.000000000000000,98.000000000000000,0.0000000000000000
80.000000000000000,98.000000000000000,0.0000000000000000
81.000000000000000,98.000000000000000,0.0000000000000000
82.000000000000000,98.000000000000000,0.0000000000000000
83.000000000000000,98.000000000000000,0.0000000000000000
84.000000000000000,98.000000000000000,0.30000001192092896
85.000000000000000,98.000000000000000,0.0000000000000000
86.000000000000000,98.000000000000000,0.0000000000000000
87.000000000000000,98.000000000000000,0.0000000000000000
88.000000000000000,98.000000000000000,0.0000000000000000
89.000000000000000,98.000000000000000,0.0000000000000000
90.000000000000000,98.000000000000000,0.0000000000000000
91.000000000000000,98.000000000000000,0.0000000000000000
92.000000000000000,98.000000000000000,0.0000000000000000
93.000000000000000,98.000000000000000,0.0000000000000000
94.000000000000000,98.000000000000000,0.0000000000000000
95.000000000000000,98.000000000000000,0.0000000000000000
96.000000000000000,98.000000000000000,0.0000000000000000
97.000000000000000,98.000000000000000,0.0000000000000000
98.000000000000000,98.000000000000000,0.0000000000000000
99.000000000000000,98.000000000000000,0.0000000000000000
100.00000000000000,98.000000000000000,0.0000000000000000
101.00000000000000,98.000000000000000,0.0000000000000000
102.00000000000000,98.000000000000000,0.0000000000000000
103.00000000000000,98.000000000000000,0.0000000000000000
104.00000000000000,98.000000000000000,0.0000000000000000
105.00000000000000,98.000000000000000,0.0000000000000000
106.00000000000000,98.000000000000000,0.0000000000000000
107.00000000000000,98.000000000000000,0.0000000000000000
108.00000000000000,98.000000000000000,0.0000000000000000
109.00000000000000,98.000000000000000,0.0000000000000000
110.00000000000000,98.000000000000000,0.0000000000000000
111.00000000000000,98.000000000000000,0.0000000000000000
112.00000000000000,98.000000000000000,0.0000000000000000
113.00000000000000,98.000000000000000,0.0000000000000000
1.0000000000000000,99.000000000000000,0.0000000000000000
2.0000000000000000,99.000000000000000,0.0000000000000000
3.0000000000000000,99.000000000000000,0.0000000000000000
4.0000000000000000,99.000000000000000,0.0000000000000000
5.0000000000000000,99.000000000000000,0.0000000000000000
6.0000000000000000,99.000000000000000,0.0000000000000000
7.0000000000000000,99.000000000000000,0.0000000000000000
8.0000000000000000,99.000000000000000,0.0000000000000000
9.0000000000000000,99.000000000000000,0.0000000000000000
10.000000000000000,99.000000000000000,0.0000000000000000
11.000000000000000,99.000000000000000,0.0000000000000000
12.000000000000000,99.000000000000000,0.0000000000000000
13.000000000000000,99.000000000000000,0.0000000000000000
14.000000000000000,99.000000000000000,0.0000000000000000
15.000000000000000,99.000000000000000,0.0000000000000000
16.000000000000000,99.000000000000000,0.0000000000000000
17.000000000000000,99.000000000000000,0.0000000000000000
18.000000000000000,99.000000000000000,0.0000000000000000
19.000000000000000,99.000000000000000,0.0000000000000000
20.000000000000000,99.000000000000000,0.0000000000000000
21.000000000000000,99.000000000000000,0.0000000000000000
22.000000000000000,99.000000000000000,0.0000000000000000
23.000000000000000,99.000000000000000,0.0000000000000000
24.000000000000000,99.000000000000000,0.0000000000000000
25.000000000000000,99.000000000000000,0.0000000000000000
26.000000000000000,99.000000000000000,0.0000000000000000
27.000000000000000,99.000000000000000,0.0000000000000000
28.000000000000000,99.000000000000000,0.0000000000000000
29.000000000000000,99.000000000000000,0.0000000000000000
30.000000000000000,99.000000000000000,0.0000000000000000
31.000000000000000,99.000000000000000,0.0000000000000000
32.000000000000000,99.000000000000000,0.0000000000000000
33.000000000000000,99.000000000000000,0.0000000000000000
34.000000000000000,99.000000000000000,0.0000000000000000
35.000000000000000,99.000000000000000,0.0000000000000000
36.000000000000000,99.000000000000000,0.0000000000000000
37.000000000000000,99.000000000000000,0.0000000000000000
38.000000000000000,99.000000000000000,0.0000000000000000
39.000000000000000,99.000000000000000,0.0000000000000000
40.000000000000000,99.000000000000000,0.0000000000000000
41.000000000000000,99.000000000000000,0.0000000000000000
42.000000000000000,99.000000000000000,0.0000000000000000
43.000000000000000,99.000000000000000,0.0000000000000000
44.000000000000000,99.000000000000000,0.0000000000000000
45.000000000000000,99.000000000000000,0.0000000000000000
46.000000000000000,99.000000000000000,0.0000000000000000
47.000000000000000,99.000000000000000,0.0000000000000000
48.000000000000000,99.000000000000000,0.0000000000000000
49.000000000000000,99.000000000000000,0.0000000000000000
50.000000000000000,99.000000000000000,0.0000000000000000
51.000000000000000,99.000000000000000,0.0000000000000000
52.000000000000000,99.000000000000000,0.0000000000000000
53.000000000000000,99.000000000000000,0.0000000000000000
54.000000000000000,99.000000000000000,0.0000000000000000
55.000000000000000,99.000000000000000,0.0000000000000000
56.000000000000000,99.000000000000000,0.0000000000000000
57.000000000000000,99.000000000000000,0.0000000000000000
58.000000000000000,99.000000000000000,0.0000000000000000
59.000000000000000,99.000000000000000,0.0000000000000000
60.000000000000000,99.000000000000000,0.0000000000000000
61.000000000000000,99.000000000000000,0.0000000000000000
62.000000000000000,99.000000000000000,0.0000000000000000
63.000000000000000,99.000000000000000,0.0000000000000000
64.000000000000000,99.000000000000000,0.0000000000000000
65.000000000000000,99.000000000000000,0.0000000000000000
66.000000000000000,99.000000000000000,0.0000000000000000
67.000000000000000,99.000000000000000,0.0000000000000000
68.000000000000000,99.000000000000000,0.0000000000000000
69.000000000000000,99.000000000000000,0.0000000000000000
70.000000000000000,99.000000000000000,0.0000000000000000
71.000000000000000,99.000000000000000,0.0000000000000000
72.000000000000000,99.000000000000000,0.0000000000000000
73.000000000000000,99.000000000000000,0.0000000000000000
74.000000000000000,99.000000000000000,0.0000000000000000
75.000000000000000,99.000000000000000,0.0000000000000000
76.000000000000000,99.000000000000000,0.0000000000000000
77.000000000000000,99.000000000000000,0.0000000000000000
78.000000000000000,99.000000000000000,0.0000000000000000
79.000000000000000,99.000000000000000,0.0000000000000000
80.000000000000000,99.000000000000000,0.0000000000000000
81.000000000000000,99.000000000000000,0.0000000000000000
82.000000000000000,99.000000000000000,0.0000000000000000
83.000000000000000,99.000000000000000,0.0000000000000000
84.000000000000000,99.000000000000000,0.30000001192092896
85.000000000000000,99.000000000000000,0.30000001192092896
86.000000000000000,99.000000000000000,0.0000000000000000
87.000000000000000,99.000000000000000,0.0000000000000000
88.000000000000000,99.000000000000000,0.0000000000000000
89.000000000000000,99.000000000000000,0.0000000000000000
90.000000000000000,99.000000000000000,0.0000000000000000
91.000000000000000,99.000000000000000,0.0000000000000000
92.000000000000000,99.000000000000000,0.0000000000000000
93.000000000000000,99.000000000000000,0.0000000000000000
94.000000000000000,99.000000000000000,0.0000000000000000
95.000000000000000,99.000000000000000,0.0000000000000000
96.000000000000000,99.000000000000000,0.0000000000000000
97.000000000000000,99.000000000000000,0.0000000000000000
98.000000000000000,99.000000000000000,0.0000000000000000
99.000000000000000,99.000000000000000,0.0000000000000000
100.00000000000000,99.000000000000000,0.0000000000000000
101.00000000000000,99.000000000000000,0.0000000000000000
102.00000000000000,99.000000000000000,0.0000000000000000
103.00000000000000,99.000000000000000,0.0000000000000000
104.00000000000000,99.000000000000000,0.0000000000000000
105.00000000000000,99.000000000000000,0.0000000000000000
106.00000000000000,99.000000000000000,0.0000000000000000
107.00000000000000,99.000000000000000,0.0000000000000000
108.00000000000000,99.000000000000000,0.0000000000000000
109.00000000000000,99.000000000000000,0.0000000000000000
110.00000000000000,99.000000000000000,0.0000000000000000
111.00000000000000,99.000000000000000,0.0000000000000000
112.00000000000000,99.000000000000000,0.0000000000000000
113.00000000000000,99.000000000000000,0.0000000000000000
1.0000000000000000,100.00000000000000,0.0000000000000000
2.0000000000000000,100.00000000000000,0.0000000000000000
3.0000000000000000,100.00000000000000,0.0000000000000000
4.0000000000000000,100.00000000000000,0.0000000000000000
5.0000000000000000,100.00000000000000,0.0000000000000000
6.0000000000000000,100.00000000000000,0.0000000000000000
7.0000000000000000,100.00000000000000,0.0000000000000000
8.0000000000000000,100.00000000000000,0.0000000000000000
9.0000000000000000,100.00000000000000,0.0000000000000000
10.000000000000000,100.00000000000000,0.0000000000000000
11.000000000000000,100.00000000000000,0.0000000000000000
12.000000000000000,100.00000000000000,0.0000000000000000
13.000000000000000,100.00000000000000,0.0000000000000000
14.000000000000000,100.00000000000000,0.0000000000000000
15.000000000000000,100.00000000000000,0.0000000000000000
16.000000000000000,100.00000000000000,0.0000000000000000
17.000000000000000,100.00000000000000,0.0000000000000000
18.000000000000000,100.00000000000000,0.0000000000000000
19.000000000000000,100.00000000000000,0.0000000000000000
20.000000000000000,100.00000000000000,0.0000000000000000
21.000000000000000,100.00000000000000,0.0000000000000000
22.000000000000000,100.00000000000000,0.0000000000000000
23.000000000000000,100.00000000000000,0.0000000000000000
24.000000000000000,100.00000000000000,0.0000000000000000
25.000000000000000,100.00000000000000,0.0000000000000000
26.000000000000000,100.00000000000000,0.0000000000000000
27.000000000000000,100.00000000000000,0.0000000000000000
28.000000000000000,100.00000000000000,0.0000000000000000
29.000000000000000,100.00000000000000,0.0000000000000000
30.000000000000000,100.00000000000000,0.0000000000000000
31.000000000000000,100.00000000000000,0.0000000000000000
32.000000000000000,100.00000000000000,0.0000000000000000
33.000000000000000,100.00000000000000,0.0000000000000000
34.000000000000000,100.00000000000000,0.0000000000000000
35.000000000000000,100.00000000000000,0.0000000000000000
36.000000000000000,100.00000000000000,0.0000000000000000
37.000000000000000,100.00000000000000,0.0000000000000000
38.000000000000000,100.00000000000000,0.0000000000000000
39.000000000000000,100.00000000000000,0.0000000000000000
40.000000000000000,100.00000000000000,0.0000000000000000
41.000000000000000,100.00000000000000,0.0000000000000000
42.000000000000000,100.00000000000000,0.0000000000000000
43.000000000000000,100.00000000000000,0.0000000000000000
44.000000000000000,100.00000000000000,0.0000000000000000
45.000000000000000,100.00000000000000,0.0000000000000000
46.000000000000000,100.00000000000000,0.0000000000000000
47.000000000000000,100.00000000000000,0.0000000000000000
48.000000000000000,100.00000000000000,0.0000000000000000
49.000000000000000,100.00000000000000,0.0000000000000000
50.000000000000000,100.00000000000000,0.0000000000000000
51.000000000000000,100.00000000000000,0.0000000000000000
52.000000000000000,100.00000000000000,0.0000000000000000
53.000000000000000,100.00000000000000,0.0000000000000000
54.000000000000000,100.00000000000000,0.0000000000000000
55.000000000000000,100.00000000000000,0.0000000000000000
56.000000000000000,100.00000000000000,0.0000000000000000
57.000000000000000,100.00000000000000,0.0000000000000000
58.000000000000000,100.00000000000000,0.0000000000000000
59.000000000000000,100.00000000000000,0.0000000000000000
60.000000000000000,100.00000000000000,0.0000000000000000
61.000000000000000,100.00000000000000,0.0000000000000000
62.000000000000000,100.00000000000000,0.0000000000000000
63.000000000000000,100.00000000000000,0.0000000000000000
64.000000000000000,100.00000000000000,0.0000000000000000
65.000000000000000,100.00000000000000,0.0000000000000000
66.000000000000000,100.00000000000000,0.0000000000000000
67.000000000000000,100.00000000000000,0.0000000000000000
68.000000000000000,100.00000000000000,0.0000000000000000
69.000000000000000,100.00000000000000,0.0000000000000000
70.000000000000000,100.00000000000000,0.0000000000000000
71.000000000000000,100.00000000000000,0.0000000000000000
72.000000000000000,100.00000000000000,0.0000000000000000
73.000000000000000,100.00000000000000,0.0000000000000000
74.000000000000000,100.00000000000000,0.0000000000000000
75.000000000000000,100.00000000000000,0.0000000000000000
76.000000000000000,100.00000000000000,0.0000000000000000
77.000000000000000,100.00000000000000,0.0000000000000000
78.000000000000000,100.00000000000000,0.0000000000000000
79.000000000000000,100.00000000000000,0.0000000000000000
80.000000000000000,100.00000000000000,0.0000000000000000
81.000000000000000,100.00000000000000,0.0000000000000000
82.000000000000000,100.00000000000000,0.0000000000000000
83.000000000000000,100.00000000000000,0.0000000000000000
84.000000000000000,100.00000000000000,0.30000001192092896
85.000000000000000,100.00000000000000,0.30000001192092896
86.000000000000000,100.00000000000000,0.0000000000000000
87.000000000000000,100.00000000000000,0.0000000000000000
88.000000000000000,100.00000000000000,0.0000000000000000
89.000000000000000,100.00000000000000,0.0000000000000000
90.000000000000000,100.00000000000000,0.0000000000000000
91.000000000000000,100.00000000000000,0.0000000000000000
92.000000000000000,100.00000000000000,0.0000000000000000
93.000000000000000,100.00000000000000,0.0000000000000000
94.000000000000000,100.00000000000000,0.0000000000000000
95.000000000000000,100.00000000000000,0.0000000000000000
96.000000000000000,100.00000000000000,0.0000000000000000
97.000000000000000,100.00000000000000,0.0000000000000000
98.000000000000000,100.00000000000000,0.0000000000000000
99.000000000000000,100.00000000000000,0.0000000000000000
100.00000000000000,100.00000000000000,0.0000000000000000
101.00000000000000,100.00000000000000,0.0000000000000000
102.00000000000000,100.00000000000000,0.0000000000000000
103.00000000000000,100.00000000000000,0.0000000000000000
104.00000000000000,100.00000000000000,0.0000000000000000
105.00000000000000,100.00000000000000,0.0000000000000000
106.00000000000000,100.00000000000000,0.0000000000000000
107.00000000000000,100.00000000000000,0.0000000000000000
108.00000000000000,100.00000000000000,0.0000000000000000
109.00000000000000,100.00000000000000,0.0000000000000000
110.00000000000000,100.00000000000000,0.0000000000000000
111.00000000000000,100.00000000000000,0.0000000000000000
112.00000000000000,100.00000000000000,0.0000000000000000
113.00000000000000,100.00000000000000,0.0000000000000000
1.0000000000000000,101.00000000000000,0.0000000000000000
2.0000000000000000,101.00000000000000,0.0000000000000000
3.0000000000000000,101.00000000000000,0.0000000000000000
4.0000000000000000,101.00000000000000,0.0000000000000000
5.0000000000000000,101.00000000000000,0.0000000000000000
6.0000000000000000,101.00000000000000,0.0000000000000000
7.0000000000000000,101.00000000000000,0.0000000000000000
8.0000000000000000,101.00000000000000,0.0000000000000000
9.0000000000000000,101.00000000000000,0.0000000000000000
10.000000000000000,101.00000000000000,0.0000000000000000
11.000000000000000,101.00000000000000,0.0000000000000000
12.000000000000000,101.00000000000000,0.0000000000000000
13.000000000000000,101.00000000000000,0.0000000000000000
14.000000000000000,101.00000000000000,0.0000000000000000
15.000000000000000,101.00000000000000,0.0000000000000000
16.000000000000000,101.00000000000000,0.0000000000000000
17.000000000000000,101.00000000000000,0.0000000000000000
18.000000000000000,101.00000000000000,0.0000000000000000
19.000000000000000,101.00000000000000,0.0000000000000000
20.000000000000000,101.00000000000000,0.0000000000000000
21.000000000000000,101.00000000000000,0.0000000000000000
22.000000000000000,101.00000000000000,0.0000000000000000
23.000000000000000,101.00000000000000,0.0000000000000000
24.000000000000000,101.00000000000000,0.0000000000000000
25.000000000000000,101.00000000000000,0.10000000149011612
26.000000000000000,101.00000000000000,0.10000000149011612
27.000000000000000,101.00000000000000,0.0000000000000000
28.000000000000000,101.00000000000000,0.0000000000000000
29.000000000000000,101.00000000000000,0.0000000000000000
30.000000000000000,101.00000000000000,0.0000000000000000
31.000000000000000,101.00000000000000,0.0000000000000000
32.000000000000000,101.00000000000000,0.0000000000000000
33.000000000000000,101.00000000000000,0.0000000000000000
34.000000000000000,101.00000000000000,0.0000000000000000
35.000000000000000,101.00000000000000,0.0000000000000000
36.000000000000000,101.00000000000000,0.0000000000000000
37.000000000000000,101.00000000000000,0.0000000000000000
38.000000000000000,101.00000000000000,0.0000000000000000
39.000000000000000,101.00000000000000,0.0000000000000000
40.000000000000000,101.00000000000000,0.0000000000000000
41.000000000000000,101.00000000000000,0.0000000000000000
42.000000000000000,101.00000000000000,0.0000000000000000
43.000000000000000,101.00000000000000,0.0000000000000000
44.000000000000000,101.00000000000000,0.0000000000000000
45.000000000000000,101.00000000000000,0.0000000000000000
46.000000000000000,101.00000000000000,0.0000000000000000
47.000000000000000,101.00000000000000,0.0000000000000000
48.000000000000000,101.00000000000000,0.0000000000000000
49.000000000000000,101.00000000000000,0.0000000000000000
50.000000000000000,101.00000000000000,0.0000000000000000
51.000000000000000,101.00000000000000,0.0000000000000000
52.000000000000000,101.00000000000000,0.0000000000000000
53.000000000000000,101.00000000000000,0.0000000000000000
54.000000000000000,101.00000000000000,0.0000000000000000
55.000000000000000,101.00000000000000,0.0000000000000000
56.000000000000000,101.00000000000000,0.0000000000000000
57.000000000000000,101.00000000000000,0.0000000000000000
58.000000000000000,101.00000000000000,0.0000000000000000
59.000000000000000,101.00000000000000,0.0000000000000000
60.000000000000000,101.00000000000000,0.0000000000000000
61.000000000000000,101.00000000000000,0.0000000000000000
62.000000000000000,101.00000000000000,0.0000000000000000
63.000000000000000,101.00000000000000,0.0000000000000000
64.000000000000000,101.00000000000000,0.0000000000000000
65.000000000000000,101.00000000000000,0.0000000000000000
66.000000000000000,101.00000000000000,0.0000000000000000
67.000000000000000,101.00000000000000,0.0000000000000000
68.000000000000000,101.00000000000000,0.0000000000000000
69.000000000000000,101.00000000000000,0.0000000000000000
70.000000000000000,101.00000000000000,0.0000000000000000
71.000000000000000,101.00000000000000,0.0000000000000000
72.000000000000000,101.00000000000000,0.0000000000000000
73.000000000000000,101.00000000000000,0.0000000000000000
74.000000000000000,101.00000000000000,0.0000000000000000
75.000000000000000,101.00000000000000,0.0000000000000000
76.000000000000000,101.00000000000000,0.0000000000000000
77.000000000000000,101.00000000000000,0.0000000000000000
78.000000000000000,101.00000000000000,0.0000000000000000
79.000000000000000,101.00000000000000,0.0000000000000000
80.000000000000000,101.00000000000000,0.0000000000000000
81.000000000000000,101.00000000000000,0.0000000000000000
82.000000000000000,101.00000000000000,0.0000000000000000
83.000000000000000,101.00000000000000,0.0000000000000000
84.000000000000000,101.00000000000000,0.30000001192092896
85.000000000000000,101.00000000000000,0.30000001192092896
86.000000000000000,101.00000000000000,0.0000000000000000
87.000000000000000,101.00000000000000,0.0000000000000000
88.000000000000000,101.00000000000000,0.0000000000000000
89.000000000000000,101.00000000000000,0.0000000000000000
90.000000000000000,101.00000000000000,0.0000000000000000
91.000000000000000,101.00000000000000,0.0000000000000000
92.000000000000000,101.00000000000000,0.0000000000000000
93.000000000000000,101.00000000000000,0.0000000000000000
94.000000000000000,101.00000000000000,0.0000000000000000
95.000000000000000,101.00000000000000,0.0000000000000000
96.000000000000000,101.00000000000000,0.0000000000000000
97.000000000000000,101.00000000000000,0.0000000000000000
98.000000000000000,101.00000000000000,0.0000000000000000
99.000000000000000,101.00000000000000,0.0000000000000000
100.00000000000000,101.00000000000000,0.0000000000000000
101.00000000000000,101.00000000000000,0.0000000000000000
102.00000000000000,101.00000000000000,0.0000000000000000
103.00000000000000,101.00000000000000,0.0000000000000000
104.00000000000000,101.00000000000000,0.0000000000000000
105.00000000000000,101.00000000000000,0.0000000000000000
106.00000000000000,101.00000000000000,0.0000000000000000
107.00000000000000,101.00000000000000,0.0000000000000000
108.00000000000000,101.00000000000000,0.0000000000000000
109.00000000000000,101.00000000000000,0.0000000000000000
110.00000000000000,101.00000000000000,0.0000000000000000
111.00000000000000,101.00000000000000,0.0000000000000000
112.00000000000000,101.00000000000000,0.0000000000000000
113.00000000000000,101.00000000000000,0.0000000000000000
1.0000000000000000,102.00000000000000,0.0000000000000000
2.0000000000000000,102.00000000000000,0.0000000000000000
3.0000000000000000,102.00000000000000,0.0000000000000000
4.0000000000000000,102.00000000000000,0.0000000000000000
5.0000000000000000,102.00000000000000,0.0000000000000000
6.0000000000000000,102.00000000000000,0.0000000000000000
7.0000000000000000,102.00000000000000,0.0000000000000000
8.0000000000000000,102.00000000000000,0.0000000000000000
9.0000000000000000,102.00000000000000,0.0000000000000000
10.000000000000000,102.00000000000000,0.0000000000000000
11.000000000000000,102.00000000000000,0.0000000000000000
12.000000000000000,102.00000000000000,0.0000000000000000
13.000000000000000,102.00000000000000,0.0000000000000000
14.000000000000000,102.00000000000000,0.0000000000000000
15.000000000000000,102.00000000000000,0.0000000000000000
16.000000000000000,102.00000000000000,0.0000000000000000
17.000000000000000,102.00000000000000,0.0000000000000000
18.000000000000000,102.00000000000000,0.0000000000000000
19.000000000000000,102.00000000000000,0.0000000000000000
20.000000000000000,102.00000000000000,0.0000000000000000
21.000000000000000,102.00000000000000,0.0000000000000000
22.000000000000000,102.00000000000000,0.0000000000000000
23.000000000000000,102.00000000000000,0.0000000000000000
24.000000000000000,102.00000000000000,0.0000000000000000
25.000000000000000,102.00000000000000,0.0000000000000000
26.000000000000000,102.00000000000000,0.10000000149011612
27.000000000000000,102.00000000000000,0.0000000000000000
28.000000000000000,102.00000000000000,0.0000000000000000
29.000000000000000,102.00000000000000,0.0000000000000000
30.000000000000000,102.00000000000000,0.0000000000000000
31.000000000000000,102.00000000000000,0.0000000000000000
32.000000000000000,102.00000000000000,0.0000000000000000
33.000000000000000,102.00000000000000,0.0000000000000000
34.000000000000000,102.00000000000000,0.0000000000000000
35.000000000000000,102.00000000000000,0.0000000000000000
36.000000000000000,102.00000000000000,0.0000000000000000
37.000000000000000,102.00000000000000,0.0000000000000000
38.000000000000000,102.00000000000000,0.0000000000000000
39.000000000000000,102.00000000000000,0.0000000000000000
40.000000000000000,102.00000000000000,0.0000000000000000
41.000000000000000,102.00000000000000,0.0000000000000000
42.000000000000000,102.00000000000000,0.0000000000000000
43.000000000000000,102.00000000000000,0.0000000000000000
44.000000000000000,102.00000000000000,0.0000000000000000
45.000000000000000,102.00000000000000,0.0000000000000000
46.000000000000000,102.00000000000000,0.0000000000000000
47.000000000000000,102.00000000000000,0.0000000000000000
48.000000000000000,102.00000000000000,0.0000000000000000
49.000000000000000,102.00000000000000,0.0000000000000000
50.000000000000000,102.00000000000000,0.0000000000000000
51.000000000000000,102.00000000000000,0.0000000000000000
52.000000000000000,102.00000000000000,0.0000000000000000
53.000000000000000,102.00000000000000,0.0000000000000000
54.000000000000000,102.00000000000000,0.0000000000000000
55.000000000000000,102.00000000000000,0.0000000000000000
56.000000000000000,102.00000000000000,0.0000000000000000
57.000000000000000,102.00000000000000,0.0000000000000000
58.000000000000000,102.00000000000000,0.0000000000000000
59.000000000000000,102.00000000000000,0.0000000000000000
60.000000000000000,102.00000000000000,0.0000000000000000
61.000000000000000,102.00000000000000,0.0000000000000000
62.000000000000000,102.00000000000000,0.0000000000000000
63.000000000000000,102.00000000000000,0.0000000000000000
64.000000000000000,102.00000000000000,0.0000000000000000
65.000000000000000,102.00000000000000,0.0000000000000000
66.000000000000000,102.00000000000000,0.0000000000000000
67.000000000000000,102.00000000000000,0.0000000000000000
68.000000000000000,102.00000000000000,0.0000000000000000
69.000000000000000,102.00000000000000,0.0000000000000000
70.000000000000000,102.00000000000000,0.0000000000000000
71.000000000000000,102.00000000000000,0.0000000000000000
72.000000000000000,102.00000000000000,0.0000000000000000
73.000000000000000,102.00000000000000,0.0000000000000000
74.000000000000000,102.00000000000000,0.0000000000000000
75.000000000000000,102.00000000000000,0.0000000000000000
76.000000000000000,102.00000000000000,0.0000000000000000
77.000000000000000,102.00000000000000,0.0000000000000000
78.000000000000000,102.00000000000000,0.0000000000000000
79.000000000000000,102.00000000000000,0.0000000000000000
80.000000000000000,102.00000000000000,0.0000000000000000
81.000000000000000,102.00000000000000,0.0000000000000000
82.000000000000000,102.00000000000000,0.0000000000000000
83.000000000000000,102.00000000000000,0.0000000000000000
84.000000000000000,102.00000000000000,0.30000001192092896
85.000000000000000,102.00000000000000,0.0000000000000000
86.000000000000000,102.00000000000000,0.0000000000000000
87.000000000000000,102.00000000000000,0.0000000000000000
88.000000000000000,102.00000000000000,0.0000000000000000
89.000000000000000,102.00000000000000,0.0000000000000000
90.000000000000000,102.00000000000000,0.0000000000000000
91.000000000000000,102.00000000000000,0.0000000000000000
92.000000000000000,102.00000000000000,0.0000000000000000
93.000000000000000,102.00000000000000,0.0000000000000000
94.000000000000000,102.00000000000000,0.0000000000000000
95.000000000000000,102.00000000000000,0.0000000000000000
96.000000000000000,102.00000000000000,0.0000000000000000
97.000000000000000,102.00000000000000,0.0000000000000000
98.000000000000000,102.00000000000000,0.0000000000000000
99.000000000000000,102.00000000000000,0.0000000000000000
100.00000000000000,102.00000000000000,0.0000000000000000
101.00000000000000,102.00000000000000,0.0000000000000000
102.00000000000000,102.00000000000000,0.0000000000000000
103.00000000000000,102.00000000000000,0.0000000000000000
104.00000000000000,102.00000000000000,0.0000000000000000
105.00000000000000,102.00000000000000,0.0000000000000000
106.00000000000000,102.00000000000000,0.0000000000000000
107.00000000000000,102.00000000000000,0.0000000000000000
108.00000000000000,102.00000000000000,0.0000000000000000
109.00000000000000,102.00000000000000,0.0000000000000000
110.00000000000000,102.00000000000000,0.0000000000000000
111.00000000000000,102.00000000000000,0.0000000000000000
112.00000000000000,102.00000000000000,0.0000000000000000
113.00000000000000,102.00000000000000,0.0000000000000000
1.0000000000000000,103.00000000000000,0.0000000000000000
2.0000000000000000,103.00000000000000,0.0000000000000000
3.0000000000000000,103.00000000000000,0.0000000000000000
4.0000000000000000,103.00000000000000,0.0000000000000000
5.0000000000000000,103.00000000000000,0.0000000000000000
6.0000000000000000,103.00000000000000,0.0000000000000000
7.0000000000000000,103.00000000000000,0.0000000000000000
8.0000000000000000,103.00000000000000,0.0000000000000000
9.0000000000000000,103.00000000000000,0.0000000000000000
10.000000000000000,103.00000000000000,0.0000000000000000
11.000000000000000,103.00000000000000,0.0000000000000000
12.000000000000000,103.00000000000000,0.0000000000000000
13.000000000000000,103.00000000000000,0.0000000000000000
14.000000000000000,103.00000000000000,0.0000000000000000
15.000000000000000,103.00000000000000,0.0000000000000000
16.000000000000000,103.00000000000000,0.0000000000000000
17.000000000000000,103.00000000000000,0.0000000000000000
18.000000000000000,103.00000000000000,0.0000000000000000
19.000000000000000,103.00000000000000,0.0000000000000000
20.000000000000000,103.00000000000000,0.0000000000000000
21.000000000000000,103.00000000000000,0.0000000000000000
22.000000000000000,103.00000000000000,0.0000000000000000
23.000000000000000,103.00000000000000,0.0000000000000000
24.000000000000000,103.00000000000000,0.0000000000000000
25.000000000000000,103.00000000000000,0.0000000000000000
26.000000000000000,103.00000000000000,0.0000000000000000
27.000000000000000,103.00000000000000,0.0000000000000000
28.000000000000000,103.00000000000000,0.0000000000000000
29.000000000000000,103.00000000000000,0.0000000000000000
30.000000000000000,103.00000000000000,0.0000000000000000
31.000000000000000,103.00000000000000,0.0000000000000000
32.000000000000000,103.00000000000000,0.0000000000000000
33.000000000000000,103.00000000000000,0.0000000000000000
34.000000000000000,103.00000000000000,0.0000000000000000
35.000000000000000,103.00000000000000,0.0000000000000000
36.000000000000000,103.00000000000000,0.0000000000000000
37.000000000000000,103.00000000000000,0.0000000000000000
38.000000000000000,103.00000000000000,0.0000000000000000
39.000000000000000,103.00000000000000,0.0000000000000000
40.000000000000000,103.00000000000000,0.0000000000000000
41.000000000000000,103.00000000000000,0.0000000000000000
42.000000000000000,103.00000000000000,0.0000000000000000
43.000000000000000,103.00000000000000,0.0000000000000000
44.000000000000000,103.00000000000000,0.0000000000000000
45.000000000000000,103.00000000000000,0.0000000000000000
46.000000000000000,103.00000000000000,0.0000000000000000
47.000000000000000,103.00000000000000,0.0000000000000000
48.000000000000000,103.00000000000000,0.0000000000000000
49.000000000000000,103.00000000000000,0.0000000000000000
50.000000000000000,103.00000000000000,0.0000000000000000
51.000000000000000,103.00000000000000,0.0000000000000000
52.000000000000000,103.00000000000000,0.0000000000000000
53.000000000000000,103.00000000000000,0.0000000000000000
54.000000000000000,103.00000000000000,0.0000000000000000
55.000000000000000,103.00000000000000,0.0000000000000000
56.000000000000000,103.00000000000000,0.0000000000000000
57.000000000000000,103.00000000000000,0.0000000000000000
58.000000000000000,103.00000000000000,0.0000000000000000
59.000000000000000,103.00000000000000,0.0000000000000000
60.000000000000000,103.00000000000000,0.0000000000000000
61.000000000000000,103.00000000000000,0.0000000000000000
62.000000000000000,103.00000000000000,0.0000000000000000
63.000000000000000,103.00000000000000,0.0000000000000000
64.000000000000000,103.00000000000000,0.0000000000000000
65.000000000000000,103.00000000000000,0.0000000000000000
66.000000000000000,103.00000000000000,0.0000000000000000
67.000000000000000,103.00000000000000,0.0000000000000000
68.000000000000000,103.00000000000000,0.0000000000000000
69.000000000000000,103.00000000000000,0.0000000000000000
70.000000000000000,103.00000000000000,0.0000000000000000
71.000000000000000,103.00000000000000,0.0000000000000000
72.000000000000000,103.00000000000000,0.0000000000000000
73.000000000000000,103.00000000000000,0.0000000000000000
74.000000000000000,103.00000000000000,0.0000000000000000
75.000000000000000,103.00000000000000,0.0000000000000000
76.000000000000000,103.00000000000000,0.0000000000000000
77.000000000000000,103.00000000000000,0.0000000000000000
78.000000000000000,103.00000000000000,0.0000000000000000
79.000000000000000,103.00000000000000,0.0000000000000000
80.000000000000000,103.00000000000000,0.0000000000000000
81.000000000000000,103.00000000000000,0.0000000000000000
82.000000000000000,103.00000000000000,0.0000000000000000
83.000000000000000,103.00000000000000,0.0000000000000000
84.000000000000000,103.00000000000000,0.0000000000000000
85.000000000000000,103.00000000000000,0.0000000000000000
86.000000000000000,103.00000000000000,0.0000000000000000
87.000000000000000,103.00000000000000,0.0000000000000000
88.000000000000000,103.00000000000000,0.0000000000000000
89.000000000000000,103.00000000000000,0.0000000000000000
90.000000000000000,103.00000000000000,0.0000000000000000
91.000000000000000,103.00000000000000,0.0000000000000000
92.000000000000000,103.00000000000000,0.0000000000000000
93.000000000000000,103.00000000000000,0.0000000000000000
94.000000000000000,103.00000000000000,0.0000000000000000
95.000000000000000,103.00000000000000,0.0000000000000000
96.000000000000000,103.00000000000000,0.0000000000000000
97.000000000000000,103.00000000000000,0.0000000000000000
98.000000000000000,103.00000000000000,0.0000000000000000
99.000000000000000,103.00000000000000,0.0000000000000000
100.00000000000000,103.00000000000000,0.0000000000000000
101.00000000000000,103.00000000000000,0.0000000000000000
102.00000000000000,103.00000000000000,0.0000000000000000
103.00000000000000,103.00000000000000,0.0000000000000000
104.00000000000000,103.00000000000000,0.0000000000000000
105.00000000000000,103.00000000000000,0.0000000000000000
106.00000000000000,103.00000000000000,0.0000000000000000
107.00000000000000,103.00000000000000,0.0000000000000000
108.00000000000000,103.00000000000000,0.0000000000000000
109.00000000000000,103.00000000000000,0.0000000000000000
110.00000000000000,103.00000000000000,0.0000000000000000
111.00000000000000,103.00000000000000,0.0000000000000000
112.00000000000000,103.00000000000000,0.0000000000000000
113.00000000000000,103.00000000000000,0.0000000000000000
1.0000000000000000,104.00000000000000,0.0000000000000000
2.0000000000000000,104.00000000000000,0.0000000000000000
3.0000000000000000,104.00000000000000,0.0000000000000000
4.0000000000000000,104.00000000000000,0.0000000000000000
5.0000000000000000,104.00000000000000,0.0000000000000000
6.0000000000000000,104.00000000000000,0.0000000000000000
7.0000000000000000,104.00000000000000,0.0000000000000000
8.0000000000000000,104.00000000000000,0.0000000000000000
9.0000000000000000,104.00000000000000,0.0000000000000000
10.000000000000000,104.00000000000000,0.0000000000000000
11.000000000000000,104.00000000000000,0.0000000000000000
12.000000000000000,104.00000000000000,0.0000000000000000
13.000000000000000,104.00000000000000,0.0000000000000000
14.000000000000000,104.00000000000000,0.0000000000000000
15.000000000000000,104.00000000000000,0.0000000000000000
16.000000000000000,104.00000000000000,0.0000000000000000
17.000000000000000,104.00000000000000,0.0000000000000000
18.000000000000000,104.00000000000000,0.0000000000000000
19.000000000000000,104.00000000000000,0.0000000000000000
20.000000000000000,104.00000000000000,0.0000000000000000
21.000000000000000,104.00000000000000,0.0000000000000000
22.000000000000000,104.00000000000000,0.0000000000000000
23.000000000000000,104.00000000000000,0.0000000000000000
24.000000000000000,104.00000000000000,0.0000000000000000
25.000000000000000,104.00000000000000,0.0000000000000000
26.000000000000000,104.00000000000000,0.0000000000000000
27.000000000000000,104.00000000000000,0.0000000000000000
28.000000000000000,104.00000000000000,0.10000000149011612
29.000000000000000,104.00000000000000,0.10000000149011612
30.000000000000000,104.00000000000000,0.0000000000000000
31.000000000000000,104.00000000000000,0.0000000000000000
32.000000000000000,104.00000000000000,0.0000000000000000
33.000000000000000,104.00000000000000,0.0000000000000000
34.000000000000000,104.00000000000000,0.0000000000000000
35.000000000000000,104.00000000000000,0.0000000000000000
36.000000000000000,104.00000000000000,0.0000000000000000
37.000000000000000,104.00000000000000,0.0000000000000000
38.000000000000000,104.00000000000000,0.0000000000000000
39.000000000000000,104.00000000000000,0.0000000000000000
40.000000000000000,104.00000000000000,0.0000000000000000
41.000000000000000,104.00000000000000,0.0000000000000000
42.000000000000000,104.00000000000000,0.0000000000000000
43.000000000000000,104.00000000000000,0.0000000000000000
44.000000000000000,104.00000000000000,0.0000000000000000
45.000000000000000,104.00000000000000,0.0000000000000000
46.000000000000000,104.00000000000000,0.0000000000000000
47.000000000000000,104.00000000000000,0.0000000000000000
48.000000000000000,104.00000000000000,0.0000000000000000
49.000000000000000,104.00000000000000,0.0000000000000000
50.000000000000000,104.00000000000000,0.0000000000000000
51.000000000000000,104.00000000000000,0.0000000000000000
52.000000000000000,104.00000000000000,0.0000000000000000
53.000000000000000,104.00000000000000,0.0000000000000000
54.000000000000000,104.00000000000000,0.0000000000000000
55.000000000000000,104.00000000000000,0.0000000000000000
56.000000000000000,104.00000000000000,0.0000000000000000
57.000000000000000,104.00000000000000,0.0000000000000000
58.000000000000000,104.00000000000000,0.0000000000000000
59.000000000000000,104.00000000000000,0.0000000000000000
60.000000000000000,104.00000000000000,0.0000000000000000
61.000000000000000,104.00000000000000,0.0000000000000000
62.000000000000000,104.00000000000000,0.0000000000000000
63.000000000000000,104.00000000000000,0.0000000000000000
64.000000000000000,104.00000000000000,0.0000000000000000
65.000000000000000,104.00000000000000,0.0000000000000000
66.000000000000000,104.00000000000000,0.0000000000000000
67.000000000000000,104.00000000000000,0.0000000000000000
68.000000000000000,104.00000000000000,0.0000000000000000
69.000000000000000,104.00000000000000,0.0000000000000000
70.000000000000000,104.00000000000000,0.0000000000000000
71.000000000000000,104.00000000000000,0.0000000000000000
72.000000000000000,104.00000000000000,0.0000000000000000
73.000000000000000,104.00000000000000,0.0000000000000000
74.000000000000000,104.00000000000000,0.0000000000000000
75.000000000000000,104.00000000000000,0.0000000000000000
76.000000000000000,104.00000000000000,0.0000000000000000
77.000000000000000,104.00000000000000,0.0000000000000000
78.000000000000000,104.00000000000000,0.0000000000000000
79.000000000000000,104.00000000000000,0.0000000000000000
80.000000000000000,104.00000000000000,0.0000000000000000
81.000000000000000,104.00000000000000,0.20000000298023224
82.000000000000000,104.00000000000000,0.20000000298023224
83.000000000000000,104.00000000000000,0.0000000000000000
84.000000000000000,104.00000000000000,0.0000000000000000
85.000000000000000,104.00000000000000,0.0000000000000000
86.000000000000000,104.00000000000000,0.0000000000000000
87.000000000000000,104.00000000000000,0.0000000000000000
88.000000000000000,104.00000000000000,0.0000000000000000
89.000000000000000,104.00000000000000,0.0000000000000000
90.000000000000000,104.00000000000000,0.0000000000000000
91.000000000000000,104.00000000000000,0.0000000000000000
92.000000000000000,104.00000000000000,0.0000000000000000
93.000000000000000,104.00000000000000,0.0000000000000000
94.000000000000000,104.00000000000000,0.0000000000000000
95.000000000000000,104.00000000000000,0.0000000000000000
96.000000000000000,104.00000000000000,0.0000000000000000
97.000000000000000,104.00000000000000,0.0000000000000000
98.000000000000000,104.00000000000000,0.0000000000000000
99.000000000000000,104.00000000000000,0.0000000000000000
100.00000000000000,104.00000000000000,0.0000000000000000
101.00000000000000,104.00000000000000,0.0000000000000000
102.00000000000000,104.00000000000000,0.0000000000000000
103.00000000000000,104.00000000000000,0.0000000000000000
104.00000000000000,104.00000000000000,0.0000000000000000
105.00000000000000,104.00000000000000,0.0000000000000000
106.00000000000000,104.00000000000000,0.0000000000000000
107.00000000000000,104.00000000000000,0.0000000000000000
108.00000000000000,104.00000000000000,0.0000000000000000
109.00000000000000,104.00000000000000,0.0000000000000000
110.00000000000000,104.00000000000000,0.0000000000000000
111.00000000000000,104.00000000000000,0.0000000000000000
112.00000000000000,104.00000000000000,0.0000000000000000
113.00000000000000,104.00000000000000,0.0000000000000000
1.0000000000000000,105.00000000000000,0.0000000000000000
2.0000000000000000,105.00000000000000,0.0000000000000000
3.0000000000000000,105.00000000000000,0.0000000000000000
4.0000000000000000,105.00000000000000,0.0000000000000000
5.0000000000000000,105.00000000000000,0.0000000000000000
6.0000000000000000,105.00000000000000,0.0000000000000000
7.0000000000000000,105.00000000000000,0.0000000000000000
8.0000000000000000,105.00000000000000,0.0000000000000000
9.0000000000000000,105.00000000000000,0.0000000000000000
10.000000000000000,105.00000000000000,0.0000000000000000
11.000000000000000,105.00000000000000,0.0000000000000000
12.000000000000000,105.00000000000000,0.0000000000000000
13.000000000000000,105.00000000000000,0.0000000000000000
14.000000000000000,105.00000000000000,0.0000000000000000
15.000000000000000,105.00000000000000,0.0000000000000000
16.000000000000000,105.00000000000000,0.0000000000000000
17.000000000000000,105.00000000000000,0.0000000000000000
18.000000000000000,105.00000000000000,0.0000000000000000
19.000000000000000,105.00000000000000,0.0000000000000000
20.000000000000000,105.00000000000000,0.0000000000000000
21.000000000000000,105.00000000000000,0.0000000000000000
22.000000000000000,105.00000000000000,0.0000000000000000
23.000000000000000,105.00000000000000,0.0000000000000000
24.000000000000000,105.00000000000000,0.0000000000000000
25.000000000000000,105.00000000000000,0.0000000000000000
26.000000000000000,105.00000000000000,0.0000000000000000
27.000000000000000,105.00000000000000,0.0000000000000000
28.000000000000000,105.00000000000000,0.0000000000000000
29.000000000000000,105.00000000000000,0.10000000149011612
30.000000000000000,105.00000000000000,0.0000000000000000
31.000000000000000,105.00000000000000,0.0000000000000000
32.000000000000000,105.00000000000000,0.0000000000000000
33.000000000000000,105.00000000000000,0.0000000000000000
34.000000000000000,105.00000000000000,0.0000000000000000
35.000000000000000,105.00000000000000,0.0000000000000000
36.000000000000000,105.00000000000000,0.0000000000000000
37.000000000000000,105.00000000000000,0.0000000000000000
38.000000000000000,105.00000000000000,0.0000000000000000
39.000000000000000,105.00000000000000,0.0000000000000000
40.000000000000000,105.00000000000000,0.0000000000000000
41.000000000000000,105.00000000000000,0.0000000000000000
42.000000000000000,105.00000000000000,0.0000000000000000
43.000000000000000,105.00000000000000,0.0000000000000000
44.000000000000000,105.00000000000000,0.0000000000000000
45.000000000000000,105.00000000000000,0.0000000000000000
46.000000000000000,105.00000000000000,0.0000000000000000
47.000000000000000,105.00000000000000,0.0000000000000000
48.000000000000000,105.00000000000000,0.0000000000000000
49.000000000000000,105.00000000000000,0.0000000000000000
50.000000000000000,105.00000000000000,0.0000000000000000
51.000000000000000,105.00000000000000,0.0000000000000000
52.000000000000000,105.00000000000000,0.0000000000000000
53.000000000000000,105.00000000000000,0.0000000000000000
54.000000000000000,105.00000000000000,0.0000000000000000
55.000000000000000,105.00000000000000,0.0000000000000000
56.000000000000000,105.00000000000000,0.0000000000000000
57.000000000000000,105.00000000000000,0.0000000000000000
58.000000000000000,105.00000000000000,0.0000000000000000
59.000000000000000,105.00000000000000,0.0000000000000000
60.000000000000000,105.00000000000000,0.0000000000000000
61.000000000000000,105.00000000000000,0.0000000000000000
62.000000000000000,105.00000000000000,0.0000000000000000
63.000000000000000,105.00000000000000,0.0000000000000000
64.000000000000000,105.00000000000000,0.0000000000000000
65.000000000000000,105.00000000000000,0.0000000000000000
66.000000000000000,105.00000000000000,0.0000000000000000
67.000000000000000,105.00000000000000,0.0000000000000000
68.000000000000000,105.00000000000000,0.0000000000000000
69.000000000000000,105.00000000000000,0.0000000000000000
70.000000000000000,105.00000000000000,0.0000000000000000
71.000000000000000,105.00000000000000,0.0000000000000000
72.000000000000000,105.00000000000000,0.0000000000000000
73.000000000000000,105.00000000000000,0.0000000000000000
74.000000000000000,105.00000000000000,0.0000000000000000
75.000000000000000,105.00000000000000,0.0000000000000000
76.000000000000000,105.00000000000000,0.0000000000000000
77.000000000000000,105.00000000000000,0.0000000000000000
78.000000000000000,105.00000000000000,0.0000000000000000
79.000000000000000,105.00000000000000,0.0000000000000000
80.000000000000000,105.00000000000000,0.0000000000000000
81.000000000000000,105.00000000000000,0.20000000298023224
82.000000000000000,105.00000000000000,0.0000000000000000
83.000000000000000,105.00000000000000,0.0000000000000000
84.000000000000000,105.00000000000000,0.0000000000000000
85.000000000000000,105.00000000000000,0.0000000000000000
86.000000000000000,105.00000000000000,0.0000000000000000
87.000000000000000,105.00000000000000,0.0000000000000000
88.000000000000000,105.00000000000000,0.0000000000000000
89.000000000000000,105.00000000000000,0.0000000000000000
90.000000000000000,105.00000000000000,0.0000000000000000
91.000000000000000,105.00000000000000,0.0000000000000000
92.000000000000000,105.00000000000000,0.0000000000000000
93.000000000000000,105.00000000000000,0.0000000000000000
94.000000000000000,105.00000000000000,0.0000000000000000
95.000000000000000,105.00000000000000,0.0000000000000000
96.000000000000000,105.00000000000000,0.0000000000000000
97.000000000000000,105.00000000000000,0.0000000000000000
98.000000000000000,105.00000000000000,0.0000000000000000
99.000000000000000,105.00000000000000,0.0000000000000000
100.00000000000000,105.00000000000000,0.0000000000000000
101.00000000000000,105.00000000000000,0.0000000000000000
102.00000000000000,105.00000000000000,0.0000000000000000
103.00000000000000,105.00000000000000,0.0000000000000000
104.00000000000000,105.00000000000000,0.0000000000000000
105.00000000000000,105.00000000000000,0.0000000000000000
106.00000000000000,105.00000000000000,0.0000000000000000
107.00000000000000,105.00000000000000,0.0000000000000000
108.00000000000000,105.00000000000000,0.0000000000000000
109.00000000000000,105.00000000000000,0.0000000000000000
110.00000000000000,105.00000000000000,0.0000000000000000
111.00000000000000,105.00000000000000,0.0000000000000000
112.00000000000000,105.00000000000000,0.0000000000000000
113.00000000000000,105.00000000000000,0.0000000000000000
1.0000000000000000,106.00000000000000,0.0000000000000000
2.0000000000000000,106.00000000000000,0.0000000000000000
3.0000000000000000,106.00000000000000,0.0000000000000000
4.0000000000000000,106.00000000000000,0.0000000000000000
5.0000000000000000,106.00000000000000,0.0000000000000000
6.0000000000000000,106.00000000000000,0.0000000000000000
7.0000000000000000,106.00000000000000,0.0000000000000000
8.0000000000000000,106.00000000000000,0.0000000000000000
9.0000000000000000,106.00000000000000,0.0000000000000000
10.000000000000000,106.00000000000000,0.0000000000000000
11.000000000000000,106.00000000000000,0.0000000000000000
12.000000000000000,106.00000000000000,0.0000000000000000
13.000000000000000,106.00000000000000,0.0000000000000000
14.000000000000000,106.00000000000000,0.0000000000000000
15.000000000000000,106.00000000000000,0.0000000000000000
16.000000000000000,106.00000000000000,0.0000000000000000
17.000000000000000,106.00000000000000,0.0000000000000000
18.000000000000000,106.00000000000000,0.0000000000000000
19.000000000000000,106.00000000000000,0.0000000000000000
20.000000000000000,106.00000000000000,0.0000000000000000
21.000000000000000,106.00000000000000,0.0000000000000000
22.000000000000000,106.00000000000000,0.0000000000000000
23.000000000000000,106.00000000000000,0.0000000000000000
24.000000000000000,106.00000000000000,0.0000000000000000
25.000000000000000,106.00000000000000,0.0000000000000000
26.000000000000000,106.00000000000000,0.0000000000000000
27.000000000000000,106.00000000000000,0.0000000000000000
28.000000000000000,106.00000000000000,0.0000000000000000
29.000000000000000,106.00000000000000,0.0000000000000000
30.000000000000000,106.00000000000000,0.0000000000000000
31.000000000000000,106.00000000000000,0.0000000000000000
32.000000000000000,106.00000000000000,0.0000000000000000
33.000000000000000,106.00000000000000,0.0000000000000000
34.000000000000000,106.00000000000000,0.0000000000000000
35.000000000000000,106.00000000000000,0.0000000000000000
36.000000000000000,106.00000000000000,0.0000000000000000
37.000000000000000,106.00000000000000,0.0000000000000000
38.000000000000000,106.00000000000000,0.0000000000000000
39.000000000000000,106.00000000000000,0.0000000000000000
40.000000000000000,106.00000000000000,0.0000000000000000
41.000000000000000,106.00000000000000,0.0000000000000000
42.000000000000000,106.00000000000000,0.0000000000000000
43.000000000000000,106.00000000000000,0.0000000000000000
44.000000000000000,106.00000000000000,0.0000000000000000
45.000000000000000,106.00000000000000,0.0000000000000000
46.000000000000000,106.00000000000000,0.0000000000000000
47.000000000000000,106.00000000000000,0.0000000000000000
48.000000000000000,106.00000000000000,0.0000000000000000
49.000000000000000,106.00000000000000,0.0000000000000000
50.000000000000000,106.00000000000000,0.0000000000000000
51.000000000000000,106.00000000000000,0.0000000000000000
52.000000000000000,106.00000000000000,0.0000000000000000
53.000000000000000,106.00000000000000,0.0000000000000000
54.000000000000000,106.00000000000000,0.0000000000000000
55.000000000000000,106.00000000000000,0.0000000000000000
56.000000000000000,106.00000000000000,0.0000000000000000
57.000000000000000,106.00000000000000,0.0000000000000000
58.000000000000000,106.00000000000000,0.0000000000000000
59.000000000000000,106.00000000000000,0.0000000000000000
60.000000000000000,106.00000000000000,0.0000000000000000
61.000000000000000,106.00000000000000,0.0000000000000000
62.000000000000000,106.00000000000000,0.0000000000000000
63.000000000000000,106.00000000000000,0.0000000000000000
64.000000000000000,106.00000000000000,0.0000000000000000
65.000000000000000,106.00000000000000,0.0000000000000000
66.000000000000000,106.00000000000000,0.0000000000000000
67.000000000000000,106.00000000000000,0.0000000000000000
68.000000000000000,106.00000000000000,0.0000000000000000
69.000000000000000,106.00000000000000,0.0000000000000000
70.000000000000000,106.00000000000000,0.0000000000000000
71.000000000000000,106.00000000000000,0.0000000000000000
72.000000000000000,106.00000000000000,0.0000000000000000
73.000000000000000,106.00000000000000,0.0000000000000000
74.000000000000000,106.00000000000000,0.0000000000000000
75.000000000000000,106.00000000000000,0.0000000000000000
76.000000000000000,106.00000000000000,0.0000000000000000
77.000000000000000,106.00000000000000,0.0000000000000000
78.000000000000000,106.00000000000000,0.0000000000000000
79.000000000000000,106.00000000000000,0.0000000000000000
80.000000000000000,106.00000000000000,0.0000000000000000
81.000000000000000,106.00000000000000,0.20000000298023224
82.000000000000000,106.00000000000000,0.20000000298023224
83.000000000000000,106.00000000000000,0.0000000000000000
84.000000000000000,106.00000000000000,0.0000000000000000
85.000000000000000,106.00000000000000,0.0000000000000000
86.000000000000000,106.00000000000000,0.0000000000000000
87.000000000000000,106.00000000000000,0.0000000000000000
88.000000000000000,106.00000000000000,0.0000000000000000
89.000000000000000,106.00000000000000,0.0000000000000000
90.000000000000000,106.00000000000000,0.0000000000000000
91.000000000000000,106.00000000000000,0.0000000000000000
92.000000000000000,106.00000000000000,0.0000000000000000
93.000000000000000,106.00000000000000,0.0000000000000000
94.000000000000000,106.00000000000000,0.0000000000000000
95.000000000000000,106.00000000000000,0.0000000000000000
96.000000000000000,106.00000000000000,0.0000000000000000
97.000000000000000,106.00000000000000,0.0000000000000000
98.000000000000000,106.00000000000000,0.0000000000000000
99.000000000000000,106.00000000000000,0.0000000000000000
100.00000000000000,106.00000000000000,0.0000000000000000
101.00000000000000,106.00000000000000,0.0000000000000000
102.00000000000000,106.00000000000000,0.0000000000000000
103.00000000000000,106.00000000000000,0.0000000000000000
104.00000000000000,106.00000000000000,0.0000000000000000
105.00000000000000,106.00000000000000,0.0000000000000000
106.00000000000000,106.00000000000000,0.0000000000000000
107.00000000000000,106.00000000000000,0.0000000000000000
108.00000000000000,106.00000000000000,0.0000000000000000
109.00000000000000,106.00000000000000,0.0000000000000000
110.00000000000000,106.00000000000000,0.0000000000000000
111.00000000000000,106.00000000000000,0.0000000000000000
112.00000000000000,106.00000000000000,0.0000000000000000
113.00000000000000,106.00000000000000,0.0000000000000000
1.0000000000000000,107.00000000000000,0.0000000000000000
2.0000000000000000,107.00000000000000,0.0000000000000000
3.0000000000000000,107.00000000000000,0.0000000000000000
4.0000000000000000,107.00000000000000,0.0000000000000000
5.0000000000000000,107.00000000000000,0.0000000000000000
6.0000000000000000,107.00000000000000,0.0000000000000000
7.0000000000000000,107.00000000000000,0.0000000000000000
8.0000000000000000,107.00000000000000,0.0000000000000000
9.0000000000000000,107.00000000000000,0.0000000000000000
10.000000000000000,107.00000000000000,0.0000000000000000
11.000000000000000,107.00000000000000,0.0000000000000000
12.000000000000000,107.00000000000000,0.0000000000000000
13.000000000000000,107.00000000000000,0.0000000000000000
14.000000000000000,107.00000000000000,0.0000000000000000
15.000000000000000,107.00000000000000,0.0000000000000000
16.000000000000000,107.00000000000000,0.0000000000000000
17.000000000000000,107.00000000000000,0.0000000000000000
18.000000000000000,107.00000000000000,0.0000000000000000
19.000000000000000,107.00000000000000,0.0000000000000000
20.000000000000000,107.00000000000000,0.0000000000000000
21.000000000000000,107.00000000000000,0.0000000000000000
22.000000000000000,107.00000000000000,0.0000000000000000
23.000000000000000,107.00000000000000,0.0000000000000000
24.000000000000000,107.00000000000000,0.0000000000000000
25.000000000000000,107.00000000000000,0.0000000000000000
26.000000000000000,107.00000000000000,0.0000000000000000
27.000000000000000,107.00000000000000,0.0000000000000000
28.000000000000000,107.00000000000000,0.0000000000000000
29.000000000000000,107.00000000000000,0.0000000000000000
30.000000000000000,107.00000000000000,0.0000000000000000
31.000000000000000,107.00000000000000,0.0000000000000000
32.000000000000000,107.00000000000000,0.0000000000000000
33.000000000000000,107.00000000000000,0.0000000000000000
34.000000000000000,107.00000000000000,0.0000000000000000
35.000000000000000,107.00000000000000,0.0000000000000000
36.000000000000000,107.00000000000000,0.0000000000000000
37.000000000000000,107.00000000000000,0.0000000000000000
38.000000000000000,107.00000000000000,0.0000000000000000
39.000000000000000,107.00000000000000,0.0000000000000000
40.000000000000000,107.00000000000000,0.0000000000000000
41.000000000000000,107.00000000000000,0.0000000000000000
42.000000000000000,107.00000000000000,0.0000000000000000
43.000000000000000,107.00000000000000,0.0000000000000000
44.000000000000000,107.00000000000000,0.0000000000000000
45.000000000000000,107.00000000000000,0.0000000000000000
46.000000000000000,107.00000000000000,0.0000000000000000
47.000000000000000,107.00000000000000,0.0000000000000000
48.000000000000000,107.00000000000000,0.0000000000000000
49.000000000000000,107.00000000000000,0.0000000000000000
50.000000000000000,107.00000000000000,0.0000000000000000
51.000000000000000,107.00000000000000,0.0000000000000000
52.000000000000000,107.00000000000000,0.0000000000000000
53.000000000000000,107.00000000000000,0.0000000000000000
54.000000000000000,107.00000000000000,0.0000000000000000
55.000000000000000,107.00000000000000,0.0000000000000000
56.000000000000000,107.00000000000000,0.0000000000000000
57.000000000000000,107.00000000000000,0.0000000000000000
58.000000000000000,107.00000000000000,0.0000000000000000
59.000000000000000,107.00000000000000,0.0000000000000000
60.000000000000000,107.00000000000000,0.0000000000000000
61.000000000000000,107.00000000000000,0.0000000000000000
62.000000000000000,107.00000000000000,0.0000000000000000
63.000000000000000,107.00000000000000,0.0000000000000000
64.000000000000000,107.00000000000000,0.0000000000000000
65.000000000000000,107.00000000000000,0.0000000000000000
66.000000000000000,107.00000000000000,0.0000000000000000
67.000000000000000,107.00000000000000,0.0000000000000000
68.000000000000000,107.00000000000000,0.0000000000000000
69.000000000000000,107.00000000000000,0.0000000000000000
70.000000000000000,107.00000000000000,0.0000000000000000
71.000000000000000,107.00000000000000,0.0000000000000000
72.000000000000000,107.00000000000000,0.0000000000000000
73.000000000000000,107.00000000000000,0.0000000000000000
74.000000000000000,107.00000000000000,0.0000000000000000
75.000000000000000,107.00000000000000,0.0000000000000000
76.000000000000000,107.00000000000000,0.0000000000000000
77.000000000000000,107.00000000000000,0.0000000000000000
78.000000000000000,107.00000000000000,0.0000000000000000
79.000000000000000,107.00000000000000,0.0000000000000000
80.000000000000000,107.00000000000000,0.0000000000000000
81.000000000000000,107.00000000000000,0.20000000298023224
82.000000000000000,107.00000000000000,0.20000000298023224
83.000000000000000,107.00000000000000,0.0000000000000000
84.000000000000000,107.00000000000000,0.0000000000000000
85.000000000000000,107.00000000000000,0.0000000000000000
86.000000000000000,107.00000000000000,0.0000000000000000
87.000000000000000,107.00000000000000,0.0000000000000000
88.000000000000000,107.00000000000000,0.0000000000000000
89.000000000000000,107.00000000000000,0.0000000000000000
90.000000000000000,107.00000000000000,0.0000000000000000
91.000000000000000,107.00000000000000,0.0000000000000000
92.000000000000000,107.00000000000000,0.0000000000000000
93.000000000000000,107.00000000000000,0.0000000000000000
94.000000000000000,107.00000000000000,0.0000000000000000
95.000000000000000,107.00000000000000,0.0000000000000000
96.000000000000000,107.00000000000000,0.0000000000000000
97.000000000000000,107.00000000000000,0.0000000000000000
98.000000000000000,107.00000000000000,0.0000000000000000
99.000000000000000,107.00000000000000,0.0000000000000000
100.00000000000000,107.00000000000000,0.0000000000000000
101.00000000000000,107.00000000000000,0.0000000000000000
102.00000000000000,107.00000000000000,0.0000000000000000
103.00000000000000,107.00000000000000,0.0000000000000000
104.00000000000000,107.00000000000000,0.0000000000000000
105.00000000000000,107.00000000000000,0.0000000000000000
106.00000000000000,107.00000000000000,0.0000000000000000
107.00000000000000,107.00000000000000,0.0000000000000000
108.00000000000000,107.00000000000000,0.0000000000000000
109.00000000000000,107.00000000000000,0.0000000000000000
110.00000000000000,107.00000000000000,0.0000000000000000
111.00000000000000,107.00000000000000,0.0000000000000000
112.00000000000000,107.00000000000000,0.0000000000000000
113.00000000000000,107.00000000000000,0.0000000000000000
1.0000000000000000,108.00000000000000,0.0000000000000000
2.0000000000000000,108.00000000000000,0.0000000000000000
3.0000000000000000,108.00000000000000,0.0000000000000000
4.0000000000000000,108.00000000000000,0.0000000000000000
5.0000000000000000,108.00000000000000,0.0000000000000000
6.0000000000000000,108.00000000000000,0.0000000000000000
7.0000000000000000,108.00000000000000,0.0000000000000000
8.0000000000000000,108.00000000000000,0.0000000000000000
9.0000000000000000,108.00000000000000,0.0000000000000000
10.000000000000000,108.00000000000000,0.0000000000000000
11.000000000000000,108.00000000000000,0.0000000000000000
12.000000000000000,108.00000000000000,0.0000000000000000
13.000000000000000,108.00000000000000,0.0000000000000000
14.000000000000000,108.00000000000000,0.0000000000000000
15.000000000000000,108.00000000000000,0.0000000000000000
16.000000000000000,108.00000000000000,0.0000000000000000
17.000000000000000,108.00000000000000,0.0000000000000000
18.000000000000000,108.00000000000000,0.0000000000000000
19.000000000000000,108.00000000000000,0.0000000000000000
20.000000000000000,108.00000000000000,0.0000000000000000
21.000000000000000,108.00000000000000,0.0000000000000000
22.000000000000000,108.00000000000000,0.0000000000000000
23.000000000000000,108.00000000000000,0.0000000000000000
24.000000000000000,108.00000000000000,0.0000000000000000
25.000000000000000,108.00000000000000,0.0000000000000000
26.000000000000000,108.00000000000000,0.0000000000000000
27.000000000000000,108.00000000000000,0.0000000000000000
28.000000000000000,108.00000000000000,0.0000000000000000
29.000000000000000,108.00000000000000,0.0000000000000000
30.000000000000000,108.00000000000000,0.0000000000000000
31.000000000000000,108.00000000000000,0.0000000000000000
32.000000000000000,108.00000000000000,0.0000000000000000
33.000000000000000,108.00000000000000,0.0000000000000000
34.000000000000000,108.00000000000000,0.0000000000000000
35.000000000000000,108.00000000000000,0.0000000000000000
36.000000000000000,108.00000000000000,0.0000000000000000
37.000000000000000,108.00000000000000,0.0000000000000000
38.000000000000000,108.00000000000000,0.0000000000000000
39.000000000000000,108.00000000000000,0.0000000000000000
40.000000000000000,108.00000000000000,0.0000000000000000
41.000000000000000,108.00000000000000,0.0000000000000000
42.000000000000000,108.00000000000000,0.0000000000000000
43.000000000000000,108.00000000000000,0.0000000000000000
44.000000000000000,108.00000000000000,0.0000000000000000
45.000000000000000,108.00000000000000,0.0000000000000000
46.000000000000000,108.00000000000000,0.0000000000000000
47.000000000000000,108.00000000000000,0.0000000000000000
48.000000000000000,108.00000000000000,0.0000000000000000
49.000000000000000,108.00000000000000,0.0000000000000000
50.000000000000000,108.00000000000000,0.0000000000000000
51.000000000000000,108.00000000000000,0.0000000000000000
52.000000000000000,108.00000000000000,0.0000000000000000
53.000000000000000,108.00000000000000,0.0000000000000000
54.000000000000000,108.00000000000000,0.0000000000000000
55.000000000000000,108.00000000000000,0.0000000000000000
56.000000000000000,108.00000000000000,0.0000000000000000
57.000000000000000,108.00000000000000,0.0000000000000000
58.000000000000000,108.00000000000000,0.0000000000000000
59.000000000000000,108.00000000000000,0.0000000000000000
60.000000000000000,108.00000000000000,0.0000000000000000
61.000000000000000,108.00000000000000,0.0000000000000000
62.000000000000000,108.00000000000000,0.0000000000000000
63.000000000000000,108.00000000000000,0.0000000000000000
64.000000000000000,108.00000000000000,0.0000000000000000
65.000000000000000,108.00000000000000,0.0000000000000000
66.000000000000000,108.00000000000000,0.0000000000000000
67.000000000000000,108.00000000000000,0.0000000000000000
68.000000000000000,108.00000000000000,0.0000000000000000
69.000000000000000,108.00000000000000,0.0000000000000000
70.000000000000000,108.00000000000000,0.0000000000000000
71.000000000000000,108.00000000000000,0.0000000000000000
72.000000000000000,108.00000000000000,0.0000000000000000
73.000000000000000,108.00000000000000,0.0000000000000000
74.000000000000000,108.00000000000000,0.0000000000000000
75.000000000000000,108.00000000000000,0.0000000000000000
76.000000000000000,108.00000000000000,0.0000000000000000
77.000000000000000,108.00000000000000,0.0000000000000000
78.000000000000000,108.00000000000000,0.0000000000000000
79.000000000000000,108.00000000000000,0.0000000000000000
80.000000000000000,108.00000000000000,0.0000000000000000
81.000000000000000,108.00000000000000,0.20000000298023224
82.000000000000000,108.00000000000000,0.20000000298023224
83.000000000000000,108.00000000000000,0.0000000000000000
84.000000000000000,108.00000000000000,0.0000000000000000
85.000000000000000,108.00000000000000,0.0000000000000000
86.000000000000000,108.00000000000000,0.0000000000000000
87.000000000000000,108.00000000000000,0.0000000000000000
88.000000000000000,108.00000000000000,0.0000000000000000
89.000000000000000,108.00000000000000,0.0000000000000000
90.000000000000000,108.00000000000000,0.0000000000000000
91.000000000000000,108.00000000000000,0.0000000000000000
92.000000000000000,108.00000000000000,0.0000000000000000
93.000000000000000,108.00000000000000,0.0000000000000000
94.000000000000000,108.00000000000000,0.0000000000000000
95.000000000000000,108.00000000000000,0.0000000000000000
96.000000000000000,108.00000000000000,0.0000000000000000
97.000000000000000,108.00000000000000,0.0000000000000000
98.000000000000000,108.00000000000000,0.0000000000000000
99.000000000000000,108.00000000000000,0.0000000000000000
100.00000000000000,108.00000000000000,0.0000000000000000
101.00000000000000,108.00000000000000,0.0000000000000000
102.00000000000000,108.00000000000000,0.0000000000000000
103.00000000000000,108.00000000000000,0.0000000000000000
104.00000000000000,108.00000000000000,0.0000000000000000
105.00000000000000,108.00000000000000,0.0000000000000000
106.00000000000000,108.00000000000000,0.0000000000000000
107.00000000000000,108.00000000000000,0.0000000000000000
108.00000000000000,108.00000000000000,0.0000000000000000
109.00000000000000,108.00000000000000,0.0000000000000000
110.00000000000000,108.00000000000000,0.0000000000000000
111.00000000000000,108.00000000000000,0.0000000000000000
112.00000000000000,108.00000000000000,0.0000000000000000
113.00000000000000,108.00000000000000,0.0000000000000000
1.0000000000000000,109.00000000000000,0.0000000000000000
2.0000000000000000,109.00000000000000,0.0000000000000000
3.0000000000000000,109.00000000000000,0.0000000000000000
4.0000000000000000,109.00000000000000,0.0000000000000000
5.0000000000000000,109.00000000000000,0.0000000000000000
6.0000000000000000,109.00000000000000,0.0000000000000000
7.0000000000000000,109.00000000000000,0.0000000000000000
8.0000000000000000,109.00000000000000,0.0000000000000000
9.0000000000000000,109.00000000000000,0.0000000000000000
10.000000000000000,109.00000000000000,0.0000000000000000
11.000000000000000,109.00000000000000,0.0000000000000000
12.000000000000000,109.00000000000000,0.0000000000000000
13.000000000000000,109.00000000000000,0.0000000000000000
14.000000000000000,109.00000000000000,0.0000000000000000
15.000000000000000,109.00000000000000,0.0000000000000000
16.000000000000000,109.00000000000000,0.0000000000000000
17.000000000000000,109.00000000000000,0.0000000000000000
18.000000000000000,109.00000000000000,0.0000000000000000
19.000000000000000,109.00000000000000,0.0000000000000000
20.000000000000000,109.00000000000000,0.0000000000000000
21.000000000000000,109.00000000000000,0.0000000000000000
22.000000000000000,109.00000000000000,0.0000000000000000
23.000000000000000,109.00000000000000,0.0000000000000000
24.000000000000000,109.00000000000000,0.0000000000000000
25.000000000000000,109.00000000000000,0.0000000000000000
26.000000000000000,109.00000000000000,0.0000000000000000
27.000000000000000,109.00000000000000,0.0000000000000000
28.000000000000000,109.00000000000000,0.0000000000000000
29.000000000000000,109.00000000000000,0.0000000000000000
30.000000000000000,109.00000000000000,0.0000000000000000
31.000000000000000,109.00000000000000,0.0000000000000000
32.000000000000000,109.00000000000000,0.0000000000000000
33.000000000000000,109.00000000000000,0.0000000000000000
34.000000000000000,109.00000000000000,0.0000000000000000
35.000000000000000,109.00000000000000,0.0000000000000000
36.000000000000000,109.00000000000000,0.0000000000000000
37.000000000000000,109.00000000000000,0.0000000000000000
38.000000000000000,109.00000000000000,0.0000000000000000
39.000000000000000,109.00000000000000,0.0000000000000000
40.000000000000000,109.00000000000000,0.0000000000000000
41.000000000000000,109.00000000000000,0.0000000000000000
42.000000000000000,109.00000000000000,0.0000000000000000
43.000000000000000,109.00000000000000,0.0000000000000000
44.000000000000000,109.00000000000000,0.0000000000000000
45.000000000000000,109.00000000000000,0.0000000000000000
46.000000000000000,109.00000000000000,0.0000000000000000
47.000000000000000,109.00000000000000,0.0000000000000000
48.000000000000000,109.00000000000000,0.0000000000000000
49.000000000000000,109.00000000000000,0.0000000000000000
50.000000000000000,109.00000000000000,0.0000000000000000
51.000000000000000,109.00000000000000,0.0000000000000000
52.000000000000000,109.00000000000000,0.0000000000000000
53.000000000000000,109.00000000000000,0.0000000000000000
54.000000000000000,109.00000000000000,0.0000000000000000
55.000000000000000,109.00000000000000,0.0000000000000000
56.000000000000000,109.00000000000000,0.0000000000000000
57.000000000000000,109.00000000000000,0.0000000000000000
58.000000000000000,109.00000000000000,0.0000000000000000
59.000000000000000,109.00000000000000,0.0000000000000000
60.000000000000000,109.00000000000000,0.0000000000000000
61.000000000000000,109.00000000000000,0.0000000000000000
62.000000000000000,109.00000000000000,0.0000000000000000
63.000000000000000,109.00000000000000,0.0000000000000000
64.000000000000000,109.00000000000000,0.0000000000000000
65.000000000000000,109.00000000000000,0.0000000000000000
66.000000000000000,109.00000000000000,0.0000000000000000
67.000000000000000,109.00000000000000,0.0000000000000000
68.000000000000000,109.00000000000000,0.0000000000000000
69.000000000000000,109.00000000000000,0.0000000000000000
70.000000000000000,109.00000000000000,0.0000000000000000
71.000000000000000,109.00000000000000,0.0000000000000000
72.000000000000000,109.00000000000000,0.0000000000000000
73.000000000000000,109.00000000000000,0.0000000000000000
74.000000000000000,109.00000000000000,0.0000000000000000
75.000000000000000,109.00000000000000,0.0000000000000000
76.000000000000000,109.00000000000000,0.0000000000000000
77.000000000000000,109.00000000000000,0.0000000000000000
78.000000000000000,109.00000000000000,0.0000000000000000
79.000000000000000,109.00000000000000,0.0000000000000000
80.000000000000000,109.00000000000000,0.0000000000000000
81.000000000000000,109.00000000000000,0.20000000298023224
82.000000000000000,109.00000000000000,0.20000000298023224
83.000000000000000,109.00000000000000,0.0000000000000000
84.000000000000000,109.00000000000000,0.0000000000000000
85.000000000000000,109.00000000000000,0.0000000000000000
86.000000000000000,109.00000000000000,0.0000000000000000
87.000000000000000,109.00000000000000,0.0000000000000000
88.000000000000000,109.00000000000000,0.0000000000000000
89.000000000000000,109.00000000000000,0.0000000000000000
90.000000000000000,109.00000000000000,0.0000000000000000
91.000000000000000,109.00000000000000,0.0000000000000000
92.000000000000000,109.00000000000000,0.0000000000000000
93.000000000000000,109.00000000000000,0.0000000000000000
94.000000000000000,109.00000000000000,0.0000000000000000
95.000000000000000,109.00000000000000,0.0000000000000000
96.000000000000000,109.00000000000000,0.0000000000000000
97.000000000000000,109.00000000000000,0.0000000000000000
98.000000000000000,109.00000000000000,0.0000000000000000
99.000000000000000,109.00000000000000,0.0000000000000000
100.00000000000000,109.00000000000000,0.0000000000000000
101.00000000000000,109.00000000000000,0.0000000000000000
102.00000000000000,109.00000000000000,0.0000000000000000
103.00000000000000,109.00000000000000,0.0000000000000000
104.00000000000000,109.00000000000000,0.0000000000000000
105.00000000000000,109.00000000000000,0.0000000000000000
106.00000000000000,109.00000000000000,0.0000000000000000
107.00000000000000,109.00000000000000,0.0000000000000000
108.00000000000000,109.00000000000000,0.0000000000000000
109.00000000000000,109.00000000000000,0.0000000000000000
110.00000000000000,109.00000000000000,0.0000000000000000
111.00000000000000,109.00000000000000,0.0000000000000000
112.00000000000000,109.00000000000000,0.0000000000000000
113.00000000000000,109.00000000000000,0.0000000000000000
1.0000000000000000,110.00000000000000,0.0000000000000000
2.0000000000000000,110.00000000000000,0.0000000000000000
3.0000000000000000,110.00000000000000,0.0000000000000000
4.0000000000000000,110.00000000000000,0.0000000000000000
5.0000000000000000,110.00000000000000,0.0000000000000000
6.0000000000000000,110.00000000000000,0.0000000000000000
7.0000000000000000,110.00000000000000,0.0000000000000000
8.0000000000000000,110.00000000000000,0.0000000000000000
9.0000000000000000,110.00000000000000,0.0000000000000000
10.000000000000000,110.00000000000000,0.0000000000000000
11.000000000000000,110.00000000000000,0.0000000000000000
12.000000000000000,110.00000000000000,0.0000000000000000
13.000000000000000,110.00000000000000,0.0000000000000000
14.000000000000000,110.00000000000000,0.0000000000000000
15.000000000000000,110.00000000000000,0.0000000000000000
16.000000000000000,110.00000000000000,0.0000000000000000
17.000000000000000,110.00000000000000,0.0000000000000000
18.000000000000000,110.00000000000000,0.0000000000000000
19.000000000000000,110.00000000000000,0.0000000000000000
20.000000000000000,110.00000000000000,0.0000000000000000
21.000000000000000,110.00000000000000,0.0000000000000000
22.000000000000000,110.00000000000000,0.0000000000000000
23.000000000000000,110.00000000000000,0.0000000000000000
24.000000000000000,110.00000000000000,0.0000000000000000
25.000000000000000,110.00000000000000,0.0000000000000000
26.000000000000000,110.00000000000000,0.0000000000000000
27.000000000000000,110.00000000000000,0.0000000000000000
28.000000000000000,110.00000000000000,0.0000000000000000
29.000000000000000,110.00000000000000,0.0000000000000000
30.000000000000000,110.00000000000000,0.0000000000000000
31.000000000000000,110.00000000000000,0.0000000000000000
32.000000000000000,110.00000000000000,0.0000000000000000
33.000000000000000,110.00000000000000,0.0000000000000000
34.000000000000000,110.00000000000000,0.0000000000000000
35.000000000000000,110.00000000000000,0.0000000000000000
36.000000000000000,110.00000000000000,0.0000000000000000
37.000000000000000,110.00000000000000,0.0000000000000000
38.000000000000000,110.00000000000000,0.0000000000000000
39.000000000000000,110.00000000000000,0.0000000000000000
40.000000000000000,110.00000000000000,0.0000000000000000
41.000000000000000,110.00000000000000,0.0000000000000000
42.000000000000000,110.00000000000000,0.0000000000000000
43.000000000000000,110.00000000000000,0.0000000000000000
44.000000000000000,110.00000000000000,0.0000000000000000
45.000000000000000,110.00000000000000,0.0000000000000000
46.000000000000000,110.00000000000000,0.0000000000000000
47.000000000000000,110.00000000000000,0.0000000000000000
48.000000000000000,110.00000000000000,0.0000000000000000
49.000000000000000,110.00000000000000,0.0000000000000000
50.000000000000000,110.00000000000000,0.0000000000000000
51.000000000000000,110.00000000000000,0.0000000000000000
52.000000000000000,110.00000000000000,0.0000000000000000
53.000000000000000,110.00000000000000,0.0000000000000000
54.000000000000000,110.00000000000000,0.0000000000000000
55.000000000000000,110.00000000000000,0.0000000000000000
56.000000000000000,110.00000000000000,0.0000000000000000
57.000000000000000,110.00000000000000,0.0000000000000000
58.000000000000000,110.00000000000000,0.0000000000000000
59.000000000000000,110.00000000000000,0.0000000000000000
60.000000000000000,110.00000000000000,0.0000000000000000
61.000000000000000,110.00000000000000,0.0000000000000000
62.000000000000000,110.00000000000000,0.0000000000000000
63.000000000000000,110.00000000000000,0.0000000000000000
64.000000000000000,110.00000000000000,0.0000000000000000
65.000000000000000,110.00000000000000,0.0000000000000000
66.000000000000000,110.00000000000000,0.0000000000000000
67.000000000000000,110.00000000000000,0.0000000000000000
68.000000000000000,110.00000000000000,0.0000000000000000
69.000000000000000,110.00000000000000,0.0000000000000000
70.000000000000000,110.00000000000000,0.0000000000000000
71.000000000000000,110.00000000000000,0.0000000000000000
72.000000000000000,110.00000000000000,0.0000000000000000
73.000000000000000,110.00000000000000,0.0000000000000000
74.000000000000000,110.00000000000000,0.0000000000000000
75.000000000000000,110.00000000000000,0.0000000000000000
76.000000000000000,110.00000000000000,0.0000000000000000
77.000000000000000,110.00000000000000,0.0000000000000000
78.000000000000000,110.00000000000000,0.0000000000000000
79.000000000000000,110.00000000000000,0.0000000000000000
80.000000000000000,110.00000000000000,0.0000000000000000
81.000000000000000,110.00000000000000,0.20000000298023224
82.000000000000000,110.00000000000000,0.0000000000000000
83.000000000000000,110.00000000000000,0.0000000000000000
84.000000000000000,110.00000000000000,0.0000000000000000
85.000000000000000,110.00000000000000,0.0000000000000000
86.000000000000000,110.00000000000000,0.0000000000000000
87.000000000000000,110.00000000000000,0.0000000000000000
88.000000000000000,110.00000000000000,0.0000000000000000
89.000000000000000,110.00000000000000,0.0000000000000000
90.000000000000000,110.00000000000000,0.0000000000000000
91.000000000000000,110.00000000000000,0.0000000000000000
92.000000000000000,110.00000000000000,0.0000000000000000
93.000000000000000,110.00000000000000,0.0000000000000000
94.000000000000000,110.00000000000000,0.0000000000000000
95.000000000000000,110.00000000000000,0.0000000000000000
96.000000000000000,110.00000000000000,0.0000000000000000
97.000000000000000,110.00000000000000,0.0000000000000000
98.000000000000000,110.00000000000000,0.0000000000000000
99.000000000000000,110.00000000000000,0.0000000000000000
100.00000000000000,110.00000000000000,0.0000000000000000
101.00000000000000,110.00000000000000,0.0000000000000000
102.00000000000000,110.00000000000000,0.0000000000000000
103.00000000000000,110.00000000000000,0.0000000000000000
104.00000000000000,110.00000000000000,0.0000000000000000
105.00000000000000,110.00000000000000,0.0000000000000000
106.00000000000000,110.00000000000000,0.0000000000000000
107.00000000000000,110.00000000000000,0.0000000000000000
108.00000000000000,110.00000000000000,0.0000000000000000
109.00000000000000,110.00000000000000,0.0000000000000000
110.00000000000000,110.00000000000000,0.0000000000000000
111.00000000000000,110.00000000000000,0.0000000000000000
112.00000000000000,110.00000000000000,0.0000000000000000
113.00000000000000,110.00000000000000,0.0000000000000000
1.0000000000000000,111.00000000000000,0.0000000000000000
2.0000000000000000,111.00000000000000,0.0000000000000000
3.0000000000000000,111.00000000000000,0.0000000000000000
4.0000000000000000,111.00000000000000,0.0000000000000000
5.0000000000000000,111.00000000000000,0.0000000000000000
6.0000000000000000,111.00000000000000,0.0000000000000000
7.0000000000000000,111.00000000000000,0.0000000000000000
8.0000000000000000,111.00000000000000,0.0000000000000000
9.0000000000000000,111.00000000000000,0.0000000000000000
10.000000000000000,111.00000000000000,0.0000000000000000
11.000000000000000,111.00000000000000,0.0000000000000000
12.000000000000000,111.00000000000000,0.0000000000000000
13.000000000000000,111.00000000000000,0.0000000000000000
14.000000000000000,111.00000000000000,0.0000000000000000
15.000000000000000,111.00000000000000,0.0000000000000000
16.000000000000000,111.00000000000000,0.0000000000000000
17.000000000000000,111.00000000000000,0.0000000000000000
18.000000000000000,111.00000000000000,0.0000000000000000
19.000000000000000,111.00000000000000,0.0000000000000000
20.000000000000000,111.00000000000000,0.0000000000000000
21.000000000000000,111.00000000000000,0.0000000000000000
22.000000000000000,111.00000000000000,0.0000000000000000
23.000000000000000,111.00000000000000,0.0000000000000000
24.000000000000000,111.00000000000000,0.0000000000000000
25.000000000000000,111.00000000000000,0.0000000000000000
26.000000000000000,111.00000000000000,0.0000000000000000
27.000000000000000,111.00000000000000,0.0000000000000000
28.000000000000000,111.00000000000000,0.0000000000000000
29.000000000000000,111.00000000000000,0.0000000000000000
30.000000000000000,111.00000000000000,0.0000000000000000
31.000000000000000,111.00000000000000,0.0000000000000000
32.000000000000000,111.00000000000000,0.0000000000000000
33.000000000000000,111.00000000000000,0.0000000000000000
34.000000000000000,111.00000000000000,0.0000000000000000
35.000000000000000,111.00000000000000,0.0000000000000000
36.000000000000000,111.00000000000000,0.0000000000000000
37.000000000000000,111.00000000000000,0.0000000000000000
38.000000000000000,111.00000000000000,0.0000000000000000
39.000000000000000,111.00000000000000,0.0000000000000000
40.000000000000000,111.00000000000000,0.0000000000000000
41.000000000000000,111.00000000000000,0.0000000000000000
42.000000000000000,111.00000000000000,0.0000000000000000
43.000000000000000,111.00000000000000,0.0000000000000000
44.000000000000000,111.00000000000000,0.0000000000000000
45.000000000000000,111.00000000000000,0.0000000000000000
46.000000000000000,111.00000000000000,0.0000000000000000
47.000000000000000,111.00000000000000,0.0000000000000000
48.000000000000000,111.00000000000000,0.0000000000000000
49.000000000000000,111.00000000000000,0.0000000000000000
50.000000000000000,111.00000000000000,0.0000000000000000
51.000000000000000,111.00000000000000,0.0000000000000000
52.000000000000000,111.00000000000000,0.0000000000000000
53.000000000000000,111.00000000000000,0.0000000000000000
54.000000000000000,111.00000000000000,0.0000000000000000
55.000000000000000,111.00000000000000,0.0000000000000000
56.000000000000000,111.00000000000000,0.0000000000000000
57.000000000000000,111.00000000000000,0.0000000000000000
58.000000000000000,111.00000000000000,0.0000000000000000
59.000000000000000,111.00000000000000,0.0000000000000000
60.000000000000000,111.00000000000000,0.0000000000000000
61.000000000000000,111.00000000000000,0.0000000000000000
62.000000000000000,111.00000000000000,0.0000000000000000
63.000000000000000,111.00000000000000,0.0000000000000000
64.000000000000000,111.00000000000000,0.0000000000000000
65.000000000000000,111.00000000000000,0.0000000000000000
66.000000000000000,111.00000000000000,0.0000000000000000
67.000000000000000,111.00000000000000,0.0000000000000000
68.000000000000000,111.00000000000000,0.0000000000000000
69.000000000000000,111.00000000000000,0.0000000000000000
70.000000000000000,111.00000000000000,0.0000000000000000
71.000000000000000,111.00000000000000,0.0000000000000000
72.000000000000000,111.00000000000000,0.0000000000000000
73.000000000000000,111.00000000000000,0.0000000000000000
74.000000000000000,111.00000000000000,0.0000000000000000
75.000000000000000,111.00000000000000,0.0000000000000000
76.000000000000000,111.00000000000000,0.0000000000000000
77.000000000000000,111.00000000000000,0.0000000000000000
78.000000000000000,111.00000000000000,0.0000000000000000
79.000000000000000,111.00000000000000,0.0000000000000000
80.000000000000000,111.00000000000000,0.0000000000000000
81.000000000000000,111.00000000000000,0.20000000298023224
82.000000000000000,111.00000000000000,0.0000000000000000
83.000000000000000,111.00000000000000,0.0000000000000000
84.000000000000000,111.00000000000000,0.0000000000000000
85.000000000000000,111.00000000000000,0.0000000000000000
86.000000000000000,111.00000000000000,0.0000000000000000
87.000000000000000,111.00000000000000,0.0000000000000000
88.000000000000000,111.00000000000000,0.0000000000000000
89.000000000000000,111.00000000000000,0.0000000000000000
90.000000000000000,111.00000000000000,0.0000000000000000
91.000000000000000,111.00000000000000,0.0000000000000000
92.000000000000000,111.00000000000000,0.0000000000000000
93.000000000000000,111.00000000000000,0.0000000000000000
94.000000000000000,111.00000000000000,0.0000000000000000
95.000000000000000,111.00000000000000,0.0000000000000000
96.000000000000000,111.00000000000000,0.0000000000000000
97.000000000000000,111.00000000000000,0.0000000000000000
98.000000000000000,111.00000000000000,0.0000000000000000
99.000000000000000,111.00000000000000,0.0000000000000000
100.00000000000000,111.00000000000000,0.0000000000000000
101.00000000000000,111.00000000000000,0.0000000000000000
102.00000000000000,111.00000000000000,0.0000000000000000
103.00000000000000,111.00000000000000,0.0000000000000000
104.00000000000000,111.00000000000000,0.0000000000000000
105.00000000000000,111.00000000000000,0.0000000000000000
106.00000000000000,111.00000000000000,0.0000000000000000
107.00000000000000,111.00000000000000,0.0000000000000000
108.00000000000000,111.00000000000000,0.0000000000000000
109.00000000000000,111.00000000000000,0.0000000000000000
110.00000000000000,111.00000000000000,0.0000000000000000
111.00000000000000,111.00000000000000,0.0000000000000000
112.00000000000000,111.00000000000000,0.0000000000000000
113.00000000000000,111.00000000000000,0.0000000000000000
1.0000000000000000,112.00000000000000,0.0000000000000000
2.0000000000000000,112.00000000000000,0.0000000000000000
3.0000000000000000,112.00000000000000,0.0000000000000000
4.0000000000000000,112.00000000000000,0.0000000000000000
5.0000000000000000,112.00000000000000,0.0000000000000000
6.0000000000000000,112.00000000000000,0.0000000000000000
7.0000000000000000,112.00000000000000,0.0000000000000000
8.0000000000000000,112.00000000000000,0.0000000000000000
9.0000000000000000,112.00000000000000,0.0000000000000000
10.000000000000000,112.00000000000000,0.0000000000000000
11.000000000000000,112.00000000000000,0.0000000000000000
12.000000000000000,112.00000000000000,0.0000000000000000
13.000000000000000,112.00000000000000,0.0000000000000000
14.000000000000000,112.00000000000000,0.0000000000000000
15.000000000000000,112.00000000000000,0.0000000000000000
16.000000000000000,112.00000000000000,0.0000000000000000
17.000000000000000,112.00000000000000,0.0000000000000000
18.000000000000000,112.00000000000000,0.0000000000000000
19.000000000000000,112.00000000000000,0.0000000000000000
20.000000000000000,112.00000000000000,0.0000000000000000
21.000000000000000,112.00000000000000,0.0000000000000000
22.000000000000000,112.00000000000000,0.0000000000000000
23.000000000000000,112.00000000000000,0.0000000000000000
24.000000000000000,112.00000000000000,0.0000000000000000
25.000000000000000,112.00000000000000,0.0000000000000000
26.000000000000000,112.00000000000000,0.0000000000000000
27.000000000000000,112.00000000000000,0.0000000000000000
28.000000000000000,112.00000000000000,0.0000000000000000
29.000000000000000,112.00000000000000,0.0000000000000000
30.000000000000000,112.00000000000000,0.0000000000000000
31.000000000000000,112.00000000000000,0.0000000000000000
32.000000000000000,112.00000000000000,0.0000000000000000
33.000000000000000,112.00000000000000,0.0000000000000000
34.000000000000000,112.00000000000000,0.0000000000000000
35.000000000000000,112.00000000000000,0.0000000000000000
36.000000000000000,112.00000000000000,0.0000000000000000
37.000000000000000,112.00000000000000,0.0000000000000000
38.000000000000000,112.00000000000000,0.0000000000000000
39.000000000000000,112.00000000000000,0.0000000000000000
40.000000000000000,112.00000000000000,0.0000000000000000
41.000000000000000,112.00000000000000,0.0000000000000000
42.000000000000000,112.00000000000000,0.0000000000000000
43.000000000000000,112.00000000000000,0.0000000000000000
44.000000000000000,112.00000000000000,0.0000000000000000
45.000000000000000,112.00000000000000,0.0000000000000000
46.000000000000000,112.00000000000000,0.0000000000000000
47.000000000000000,112.00000000000000,0.0000000000000000
48.000000000000000,112.00000000000000,0.0000000000000000
49.000000000000000,112.00000000000000,0.0000000000000000
50.000000000000000,112.00000000000000,0.0000000000000000
51.000000000000000,112.00000000000000,0.0000000000000000
52.000000000000000,112.00000000000000,0.0000000000000000
53.000000000000000,112.00000000000000,0.0000000000000000
54.000000000000000,112.00000000000000,0.0000000000000000
55.000000000000000,112.00000000000000,0.0000000000000000
56.000000000000000,112.00000000000000,0.0000000000000000
57.000000000000000,112.00000000000000,0.0000000000000000
58.000000000000000,112.00000000000000,0.0000000000000000
59.000000000000000,112.00000000000000,0.0000000000000000
60.000000000000000,112.00000000000000,0.0000000000000000
61.000000000000000,112.00000000000000,0.0000000000000000
62.000000000000000,112.00000000000000,0.0000000000000000
63.000000000000000,112.00000000000000,0.0000000000000000
64.000000000000000,112.00000000000000,0.0000000000000000
65.000000000000000,112.00000000000000,0.0000000000000000
66.000000000000000,112.00000000000000,0.0000000000000000
67.000000000000000,112.00000000000000,0.0000000000000000
68.000000000000000,112.00000000000000,0.0000000000000000
69.000000000000000,112.00000000000000,0.0000000000000000
70.000000000000000,112.00000000000000,0.0000000000000000
71.000000000000000,112.00000000000000,0.0000000000000000
72.000000000000000,112.00000000000000,0.0000000000000000
73.000000000000000,112.00000000000000,0.0000000000000000
74.000000000000000,112.00000000000000,0.0000000000000000
75.000000000000000,112.00000000000000,0.0000000000000000
76.000000000000000,112.00000000000000,0.0000000000000000
77.000000000000000,112.00000000000000,0.0000000000000000
78.000000000000000,112.00000000000000,0.0000000000000000
79.000000000000000,112.00000000000000,0.0000000000000000
80.000000000000000,112.00000000000000,0.0000000000000000
81.000000000000000,112.00000000000000,0.20000000298023224
82.000000000000000,112.00000000000000,0.20000000298023224
83.000000000000000,112.00000000000000,0.0000000000000000
84.000000000000000,112.00000000000000,0.0000000000000000
85.000000000000000,112.00000000000000,0.0000000000000000
86.000000000000000,112.00000000000000,0.0000000000000000
87.000000000000000,112.00000000000000,0.0000000000000000
88.000000000000000,112.00000000000000,0.0000000000000000
89.000000000000000,112.00000000000000,0.0000000000000000
90.000000000000000,112.00000000000000,0.0000000000000000
91.000000000000000,112.00000000000000,0.0000000000000000
92.000000000000000,112.00000000000000,0.0000000000000000
93.000000000000000,112.00000000000000,0.0000000000000000
94.000000000000000,112.00000000000000,0.0000000000000000
95.000000000000000,112.00000000000000,0.0000000000000000
96.000000000000000,112.00000000000000,0.0000000000000000
97.000000000000000,112.00000000000000,0.0000000000000000
98.000000000000000,112.00000000000000,0.0000000000000000
99.000000000000000,112.00000000000000,0.0000000000000000
100.00000000000000,112.00000000000000,0.0000000000000000
101.00000000000000,112.00000000000000,0.0000000000000000
102.00000000000000,112.00000000000000,0.0000000000000000
103.00000000000000,112.00000000000000,0.0000000000000000
104.00000000000000,112.00000000000000,0.0000000000000000
105.00000000000000,112.00000000000000,0.0000000000000000
106.00000000000000,112.00000000000000,0.0000000000000000
107.00000000000000,112.00000000000000,0.0000000000000000
108.00000000000000,112.00000000000000,0.0000000000000000
109.00000000000000,112.00000000000000,0.0000000000000000
110.00000000000000,112.00000000000000,0.0000000000000000
111.00000000000000,112.00000000000000,0.0000000000000000
112.00000000000000,112.00000000000000,0.0000000000000000
113.00000000000000,112.00000000000000,0.0000000000000000
1.0000000000000000,113.00000000000000,0.0000000000000000
2.0000000000000000,113.00000000000000,0.0000000000000000
3.0000000000000000,113.00000000000000,0.0000000000000000
4.0000000000000000,113.00000000000000,0.0000000000000000
5.0000000000000000,113.00000000000000,0.0000000000000000
6.0000000000000000,113.00000000000000,0.0000000000000000
7.0000000000000000,113.00000000000000,0.0000000000000000
8.0000000000000000,113.00000000000000,0.0000000000000000
9.0000000000000000,113.00000000000000,0.0000000000000000
10.000000000000000,113.00000000000000,0.0000000000000000
11.000000000000000,113.00000000000000,0.0000000000000000
12.000000000000000,113.00000000000000,0.0000000000000000
13.000000000000000,113.00000000000000,0.0000000000000000
14.000000000000000,113.00000000000000,0.0000000000000000
15.000000000000000,113.00000000000000,0.0000000000000000
16.000000000000000,113.00000000000000,0.0000000000000000
17.000000000000000,113.00000000000000,0.0000000000000000
18.000000000000000,113.00000000000000,0.0000000000000000
19.000000000000000,113.00000000000000,0.0000000000000000
20.000000000000000,113.00000000000000,0.0000000000000000
21.000000000000000,113.00000000000000,0.0000000000000000
22.000000000000000,113.00000000000000,0.0000000000000000
23.000000000000000,113.00000000000000,0.0000000000000000
24.000000000000000,113.00000000000000,0.0000000000000000
25.000000000000000,113.00000000000000,0.0000000000000000
26.000000000000000,113.00000000000000,0.0000000000000000
27.000000000000000,113.00000000000000,0.0000000000000000
28.000000000000000,113.00000000000000,0.0000000000000000
29.000000000000000,113.00000000000000,0.0000000000000000
30.000000000000000,113.00000000000000,0.0000000000000000
31.000000000000000,113.00000000000000,0.0000000000000000
32.000000000000000,113.00000000000000,0.0000000000000000
33.000000000000000,113.00000000000000,0.0000000000000000
34.000000000000000,113.00000000000000,0.0000000000000000
35.000000000000000,113.00000000000000,0.0000000000000000
36.000000000000000,113.00000000000000,0.0000000000000000
37.000000000000000,113.00000000000000,0.0000000000000000
38.000000000000000,113.00000000000000,0.0000000000000000
39.000000000000000,113.00000000000000,0.0000000000000000
40.000000000000000,113.00000000000000,0.0000000000000000
41.000000000000000,113.00000000000000,0.0000000000000000
42.000000000000000,113.00000000000000,0.0000000000000000
43.000000000000000,113.00000000000000,0.0000000000000000
44.000000000000000,113.00000000000000,0.0000000000000000
45.000000000000000,113.00000000000000,0.0000000000000000
46.000000000000000,113.00000000000000,0.0000000000000000
47.000000000000000,113.00000000000000,0.0000000000000000
48.000000000000000,113.00000000000000,0.0000000000000000
49.000000000000000,113.00000000000000,0.0000000000000000
50.000000000000000,113.00000000000000,0.0000000000000000
51.000000000000000,113.00000000000000,0.0000000000000000
52.000000000000000,113.00000000000000,0.0000000000000000
53.000000000000000,113.00000000000000,0.0000000000000000
54.000000000000000,113.00000000000000,0.0000000000000000
55.000000000000000,113.00000000000000,0.0000000000000000
56.000000000000000,113.00000000000000,0.0000000000000000
57.000000000000000,113.00000000000000,0.0000000000000000
58.000000000000000,113.00000000000000,0.0000000000000000
59.000000000000000,113.00000000000000,0.0000000000000000
60.000000000000000,113.00000000000000,0.0000000000000000
61.000000000000000,113.00000000000000,0.0000000000000000
62.000000000000000,113.00000000000000,0.0000000000000000
63.000000000000000,113.00000000000000,0.0000000000000000
64.000000000000000,113.00000000000000,0.0000000000000000
65.000000000000000,113.00000000000000,0.0000000000000000
66.000000000000000,113.00000000000000,0.0000000000000000
67.000000000000000,113.00000000000000,0.0000000000000000
68.000000000000000,113.00000000000000,0.0000000000000000
69.000000000000000,113.00000000000000,0.0000000000000000
70.000000000000000,113.00000000000000,0.0000000000000000
71.000000000000000,113.00000000000000,0.0000000000000000
72.000000000000000,113.00000000000000,0.0000000000000000
73.000000000000000,113.00000000000000,0.0000000000000000
74.000000000000000,113.00000000000000,0.0000000000000000
75.000000000000000,113.00000000000000,0.0000000000000000
76.000000000000000,113.00000000000000,0.0000000000000000
77.000000000000000,113.00000000000000,0.0000000000000000
78.000000000000000,113.00000000000000,0.0000000000000000
79.000000000000000,113.00000000000000,0.0000000000000000
80.000000000000000,113.00000000000000,0.0000000000000000
81.000000000000000,113.00000000000000,0.0000000000000000
82.000000000000000,113.00000000000000,0.0000000000000000
83.000000000000000,113.00000000000000,0.0000000000000000
84.000000000000000,113.00000000000000,0.0000000000000000
85.000000000000000,113.00000000000000,0.0000000000000000
86.000000000000000,113.00000000000000,0.0000000000000000
87.000000000000000,113.00000000000000,0.0000000000000000
88.000000000000000,113.00000000000000,0.0000000000000000
89.000000000000000,113.00000000000000,0.0000000000000000
90.000000000000000,113.00000000000000,0.0000000000000000
91.000000000000000,113.00000000000000,0.0000000000000000
92.000000000000000,113.00000000000000,0.0000000000000000
93.000000000000000,113.00000000000000,0.0000000000000000
94.000000000000000,113.00000000000000,0.0000000000000000
95.000000000000000,113.00000000000000,0.0000000000000000
96.000000000000000,113.00000000000000,0.0000000000000000
97.000000000000000,113.00000000000000,0.0000000000000000
98.000000000000000,113.00000000000000,0.0000000000000000
99.000000000000000,113.00000000000000,0.0000000000000000
100.00000000000000,113.00000000000000,0.0000000000000000
101.00000000000000,113.00000000000000,0.0000000000000000
102.00000000000000,113.00000000000000,0.0000000000000000
103.00000000000000,113.00000000000000,0.0000000000000000
104.00000000000000,113.00000000000000,0.0000000000000000
105.00000000000000,113.00000000000000,0.0000000000000000
106.00000000000000,113.00000000000000,0.0000000000000000
107.00000000000000,113.00000000000000,0.0000000000000000
108.00000000000000,113.00000000000000,0.0000000000000000
109.00000000000000,113.00000000000000,0.0000000000000000
110.00000000000000,113.00000000000000,0.0000000000000000
111.00000000000000,113.00000000000000,0.0000000000000000
112.00000000000000,113.00000000000000,0.0000000000000000
113.00000000000000,113.00000000000000,0.0000000000000000
1.0000000000000000,114.00000000000000,0.0000000000000000
2.0000000000000000,114.00000000000000,0.0000000000000000
3.0000000000000000,114.00000000000000,0.0000000000000000
4.0000000000000000,114.00000000000000,0.0000000000000000
5.0000000000000000,114.00000000000000,0.0000000000000000
6.0000000000000000,114.00000000000000,0.0000000000000000
7.0000000000000000,114.00000000000000,0.0000000000000000
8.0000000000000000,114.00000000000000,0.0000000000000000
9.0000000000000000,114.00000000000000,0.0000000000000000
10.000000000000000,114.00000000000000,0.0000000000000000
11.000000000000000,114.00000000000000,0.0000000000000000
12.000000000000000,114.00000000000000,0.0000000000000000
13.000000000000000,114.00000000000000,0.0000000000000000
14.000000000000000,114.00000000000000,0.0000000000000000
15.000000000000000,114.00000000000000,0.0000000000000000
16.000000000000000,114.00000000000000,0.0000000000000000
17.000000000000000,114.00000000000000,0.0000000000000000
18.000000000000000,114.00000000000000,0.0000000000000000
19.000000000000000,114.00000000000000,0.0000000000000000
20.000000000000000,114.00000000000000,0.0000000000000000
21.000000000000000,114.00000000000000,0.0000000000000000
22.000000000000000,114.00000000000000,0.0000000000000000
23.000000000000000,114.00000000000000,0.0000000000000000
24.000000000000000,114.00000000000000,0.0000000000000000
25.000000000000000,114.00000000000000,0.0000000000000000
26.000000000000000,114.00000000000000,0.0000000000000000
27.000000000000000,114.00000000000000,0.0000000000000000
28.000000000000000,114.00000000000000,0.0000000000000000
29.000000000000000,114.00000000000000,0.0000000000000000
30.000000000000000,114.00000000000000,0.0000000000000000
31.000000000000000,114.00000000000000,0.0000000000000000
32.000000000000000,114.00000000000000,0.0000000000000000
33.000000000000000,114.00000000000000,0.0000000000000000
34.000000000000000,114.00000000000000,0.0000000000000000
35.000000000000000,114.00000000000000,0.0000000000000000
36.000000000000000,114.00000000000000,0.0000000000000000
37.000000000000000,114.00000000000000,0.0000000000000000
38.000000000000000,114.00000000000000,0.0000000000000000
39.000000000000000,114.00000000000000,0.0000000000000000
40.000000000000000,114.00000000000000,0.0000000000000000
41.000000000000000,114.00000000000000,0.0000000000000000
42.000000000000000,114.00000000000000,0.0000000000000000
43.000000000000000,114.00000000000000,0.0000000000000000
44.000000000000000,114.00000000000000,0.0000000000000000
45.000000000000000,114.00000000000000,0.0000000000000000
46.000000000000000,114.00000000000000,0.0000000000000000
47.000000000000000,114.00000000000000,0.0000000000000000
48.000000000000000,114.00000000000000,0.0000000000000000
49.000000000000000,114.00000000000000,0.0000000000000000
50.000000000000000,114.00000000000000,0.0000000000000000
51.000000000000000,114.00000000000000,0.0000000000000000
52.000000000000000,114.00000000000000,0.0000000000000000
53.000000000000000,114.00000000000000,0.0000000000000000
54.000000000000000,114.00000000000000,0.0000000000000000
55.000000000000000,114.00000000000000,0.0000000000000000
56.000000000000000,114.00000000000000,0.0000000000000000
57.000000000000000,114.00000000000000,0.0000000000000000
58.000000000000000,114.00000000000000,0.0000000000000000
59.000000000000000,114.00000000000000,0.0000000000000000
60.000000000000000,114.00000000000000,0.0000000000000000
61.000000000000000,114.00000000000000,0.0000000000000000
62.000000000000000,114.00000000000000,0.0000000000000000
63.000000000000000,114.00000000000000,0.0000000000000000
64.000000000000000,114.00000000000000,0.0000000000000000
65.000000000000000,114.00000000000000,0.0000000000000000
66.000000000000000,114.00000000000000,0.0000000000000000
67.000000000000000,114.00000000000000,0.0000000000000000
68.000000000000000,114.00000000000000,0.0000000000000000
69.000000000000000,114.00000000000000,0.0000000000000000
70.000000000000000,114.00000000000000,0.0000000000000000
71.000000000000000,114.00000000000000,0.0000000000000000
72.000000000000000,114.00000000000000,0.0000000000000000
73.000000000000000,114.00000000000000,0.0000000000000000
74.000000000000000,114.00000000000000,0.0000000000000000
75.000000000000000,114.00000000000000,0.0000000000000000
76.000000000000000,114.00000000000000,0.0000000000000000
77.000000000000000,114.00000000000000,0.0000000000000000
78.000000000000000,114.00000000000000,0.0000000000000000
79.000000000000000,114.00000000000000,0.0000000000000000
80.000000000000000,114.00000000000000,0.0000000000000000
81.000000000000000,114.00000000000000,0.0000000000000000
82.000000000000000,114.00000000000000,0.0000000000000000
83.000000000000000,114.00000000000000,0.0000000000000000
84.000000000000000,114.00000000000000,0.0000000000000000
85.000000000000000,114.00000000000000,0.0000000000000000
86.000000000000000,114.00000000000000,0.0000000000000000
87.000000000000000,114.00000000000000,0.0000000000000000
88.000000000000000,114.00000000000000,0.0000000000000000
89.000000000000000,114.00000000000000,0.0000000000000000
90.000000000000000,114.00000000000000,0.0000000000000000
91.000000000000000,114.00000000000000,0.0000000000000000
92.000000000000000,114.00000000000000,0.0000000000000000
93.000000000000000,114.00000000000000,0.0000000000000000
94.000000000000000,114.00000000000000,0.0000000000000000
95.000000000000000,114.00000000000000,0.0000000000000000
96.000000000000000,114.00000000000000,0.0000000000000000
97.000000000000000,114.00000000000000,0.0000000000000000
98.000000000000000,114.00000000000000,0.0000000000000000
99.000000000000000,114.00000000000000,0.0000000000000000
100.00000000000000,114.00000000000000,0.0000000000000000
101.00000000000000,114.00000000000000,0.0000000000000000
102.00000000000000,114.00000000000000,0.0000000000000000
103.00000000000000,114.00000000000000,0.0000000000000000
104.00000000000000,114.00000000000000,0.0000000000000000
105.00000000000000,114.00000000000000,0.0000000000000000
106.00000000000000,114.00000000000000,0.0000000000000000
107.00000000000000,114.00000000000000,0.0000000000000000
108.00000000000000,114.00000000000000,0.0000000000000000
109.00000000000000,114.00000000000000,0.0000000000000000
110.00000000000000,114.00000000000000,0.0000000000000000
111.00000000000000,114.00000000000000,0.0000000000000000
112.00000000000000,114.00000000000000,0.0000000000000000
113.00000000000000,114.00000000000000,0.0000000000000000
1.0000000000000000,115.00000000000000,0.0000000000000000
2.0000000000000000,115.00000000000000,0.0000000000000000
3.0000000000000000,115.00000000000000,0.0000000000000000
4.0000000000000000,115.00000000000000,0.0000000000000000
5.0000000000000000,115.00000000000000,0.0000000000000000
6.0000000000000000,115.00000000000000,0.0000000000000000
7.0000000000000000,115.00000000000000,0.0000000000000000
8.0000000000000000,115.00000000000000,0.0000000000000000
9.0000000000000000,115.00000000000000,0.0000000000000000
10.000000000000000,115.00000000000000,0.0000000000000000
11.000000000000000,115.00000000000000,0.0000000000000000
12.000000000000000,115.00000000000000,0.0000000000000000
13.000000000000000,115.00000000000000,0.0000000000000000
14.000000000000000,115.00000000000000,0.0000000000000000
15.000000000000000,115.00000000000000,0.0000000000000000
16.000000000000000,115.00000000000000,0.0000000000000000
17.000000000000000,115.00000000000000,0.0000000000000000
18.000000000000000,115.00000000000000,0.0000000000000000
19.000000000000000,115.00000000000000,0.0000000000000000
20.000000000000000,115.00000000000000,0.0000000000000000
21.000000000000000,115.00000000000000,0.0000000000000000
22.000000000000000,115.00000000000000,0.0000000000000000
23.000000000000000,115.00000000000000,0.0000000000000000
24.000000000000000,115.00000000000000,0.0000000000000000
25.000000000000000,115.00000000000000,0.0000000000000000
26.000000000000000,115.00000000000000,0.0000000000000000
27.000000000000000,115.00000000000000,0.0000000000000000
28.000000000000000,115.00000000000000,0.0000000000000000
29.000000000000000,115.00000000000000,0.0000000000000000
30.000000000000000,115.00000000000000,0.0000000000000000
31.000000000000000,115.00000000000000,0.0000000000000000
32.000000000000000,115.00000000000000,0.0000000000000000
33.000000000000000,115.00000000000000,0.0000000000000000
34.000000000000000,115.00000000000000,0.0000000000000000
35.000000000000000,115.00000000000000,0.0000000000000000
36.000000000000000,115.00000000000000,0.0000000000000000
37.000000000000000,115.00000000000000,0.0000000000000000
38.000000000000000,115.00000000000000,0.0000000000000000
39.000000000000000,115.00000000000000,0.0000000000000000
40.000000000000000,115.00000000000000,0.0000000000000000
41.000000000000000,115.00000000000000,0.0000000000000000
42.000000000000000,115.00000000000000,0.0000000000000000
43.000000000000000,115.00000000000000,0.0000000000000000
44.000000000000000,115.00000000000000,0.0000000000000000
45.000000000000000,115.00000000000000,0.0000000000000000
46.000000000000000,115.00000000000000,0.0000000000000000
47.000000000000000,115.00000000000000,0.0000000000000000
48.000000000000000,115.00000000000000,0.0000000000000000
49.000000000000000,115.00000000000000,0.0000000000000000
50.000000000000000,115.00000000000000,0.0000000000000000
51.000000000000000,115.00000000000000,0.0000000000000000
52.000000000000000,115.00000000000000,0.0000000000000000
53.000000000000000,115.00000000000000,0.0000000000000000
54.000000000000000,115.00000000000000,0.0000000000000000
55.000000000000000,115.00000000000000,0.0000000000000000
56.000000000000000,115.00000000000000,0.0000000000000000
57.000000000000000,115.00000000000000,0.0000000000000000
58.000000000000000,115.00000000000000,0.0000000000000000
59.000000000000000,115.00000000000000,0.0000000000000000
60.000000000000000,115.00000000000000,0.0000000000000000
61.000000000000000,115.00000000000000,0.0000000000000000
62.000000000000000,115.00000000000000,0.0000000000000000
63.000000000000000,115.00000000000000,0.0000000000000000
64.000000000000000,115.00000000000000,0.0000000000000000
65.000000000000000,115.00000000000000,0.0000000000000000
66.000000000000000,115.00000000000000,0.0000000000000000
67.000000000000000,115.00000000000000,0.0000000000000000
68.000000000000000,115.00000000000000,0.0000000000000000
69.000000000000000,115.00000000000000,0.0000000000000000
70.000000000000000,115.00000000000000,0.0000000000000000
71.000000000000000,115.00000000000000,0.0000000000000000
72.000000000000000,115.00000000000000,0.0000000000000000
73.000000000000000,115.00000000000000,0.0000000000000000
74.000000000000000,115.00000000000000,0.0000000000000000
75.000000000000000,115.00000000000000,0.0000000000000000
76.000000000000000,115.00000000000000,0.0000000000000000
77.000000000000000,115.00000000000000,0.0000000000000000
78.000000000000000,115.00000000000000,0.0000000000000000
79.000000000000000,115.00000000000000,0.0000000000000000
80.000000000000000,115.00000000000000,0.0000000000000000
81.000000000000000,115.00000000000000,0.0000000000000000
82.000000000000000,115.00000000000000,0.0000000000000000
83.000000000000000,115.00000000000000,0.0000000000000000
84.000000000000000,115.00000000000000,0.0000000000000000
85.000000000000000,115.00000000000000,0.0000000000000000
86.000000000000000,115.00000000000000,0.0000000000000000
87.000000000000000,115.00000000000000,0.0000000000000000
88.000000000000000,115.00000000000000,0.0000000000000000
89.000000000000000,115.00000000000000,0.0000000000000000
90.000000000000000,115.00000000000000,0.0000000000000000
91.000000000000000,115.00000000000000,0.0000000000000000
92.000000000000000,115.00000000000000,0.0000000000000000
93.000000000000000,115.00000000000000,0.0000000000000000
94.000000000000000,115.00000000000000,0.0000000000000000
95.000000000000000,115.00000000000000,0.0000000000000000
96.000000000000000,115.00000000000000,0.0000000000000000
97.000000000000000,115.00000000000000,0.0000000000000000
98.000000000000000,115.00000000000000,0.0000000000000000
99.000000000000000,115.00000000000000,0.0000000000000000
100.00000000000000,115.00000000000000,0.0000000000000000
101.00000000000000,115.00000000000000,0.0000000000000000
102.00000000000000,115.00000000000000,0.0000000000000000
103.00000000000000,115.00000000000000,0.0000000000000000
104.00000000000000,115.00000000000000,0.0000000000000000
105.00000000000000,115.00000000000000,0.0000000000000000
106.00000000000000,115.00000000000000,0.0000000000000000
107.00000000000000,115.00000000000000,0.0000000000000000
108.00000000000000,115.00000000000000,0.0000000000000000
109.00000000000000,115.00000000000000,0.0000000000000000
110.00000000000000,115.00000000000000,0.0000000000000000
111.00000000000000,115.00000000000000,0.0000000000000000
112.00000000000000,115.00000000000000,0.0000000000000000
113.00000000000000,115.00000000000000,0.0000000000000000
1.0000000000000000,116.00000000000000,0.0000000000000000
2.0000000000000000,116.00000000000000,0.0000000000000000
3.0000000000000000,116.00000000000000,0.0000000000000000
4.0000000000000000,116.00000000000000,0.0000000000000000
5.0000000000000000,116.00000000000000,0.0000000000000000
6.0000000000000000,116.00000000000000,0.0000000000000000
7.0000000000000000,116.00000000000000,0.0000000000000000
8.0000000000000000,116.00000000000000,0.0000000000000000
9.0000000000000000,116.00000000000000,0.0000000000000000
10.000000000000000,116.00000000000000,0.0000000000000000
11.000000000000000,116.00000000000000,0.0000000000000000
12.000000000000000,116.00000000000000,0.0000000000000000
13.000000000000000,116.00000000000000,0.0000000000000000
14.000000000000000,116.00000000000000,0.0000000000000000
15.000000000000000,116.00000000000000,0.0000000000000000
16.000000000000000,116.00000000000000,0.0000000000000000
17.000000000000000,116.00000000000000,0.0000000000000000
18.000000000000000,116.00000000000000,0.0000000000000000
19.000000000000000,116.00000000000000,0.0000000000000000
20.000000000000000,116.00000000000000,0.0000000000000000
21.000000000000000,116.00000000000000,0.0000000000000000
22.000000000000000,116.00000000000000,0.0000000000000000
23.000000000000000,116.00000000000000,0.0000000000000000
24.000000000000000,116.00000000000000,0.0000000000000000
25.000000000000000,116.00000000000000,0.0000000000000000
26.000000000000000,116.00000000000000,0.0000000000000000
27.000000000000000,116.00000000000000,0.0000000000000000
28.000000000000000,116.00000000000000,0.0000000000000000
29.000000000000000,116.00000000000000,0.0000000000000000
30.000000000000000,116.00000000000000,0.0000000000000000
31.000000000000000,116.00000000000000,0.0000000000000000
32.000000000000000,116.00000000000000,0.0000000000000000
33.000000000000000,116.00000000000000,0.0000000000000000
34.000000000000000,116.00000000000000,0.0000000000000000
35.000000000000000,116.00000000000000,0.0000000000000000
36.000000000000000,116.00000000000000,0.0000000000000000
37.000000000000000,116.00000000000000,0.0000000000000000
38.000000000000000,116.00000000000000,0.0000000000000000
39.000000000000000,116.00000000000000,0.0000000000000000
40.000000000000000,116.00000000000000,0.0000000000000000
41.000000000000000,116.00000000000000,0.0000000000000000
42.000000000000000,116.00000000000000,0.0000000000000000
43.000000000000000,116.00000000000000,0.0000000000000000
44.000000000000000,116.00000000000000,0.0000000000000000
45.000000000000000,116.00000000000000,0.0000000000000000
46.000000000000000,116.00000000000000,0.0000000000000000
47.000000000000000,116.00000000000000,0.0000000000000000
48.000000000000000,116.00000000000000,0.0000000000000000
49.000000000000000,116.00000000000000,0.0000000000000000
50.000000000000000,116.00000000000000,0.0000000000000000
51.000000000000000,116.00000000000000,0.0000000000000000
52.000000000000000,116.00000000000000,0.0000000000000000
53.000000000000000,116.00000000000000,0.0000000000000000
54.000000000000000,116.00000000000000,0.0000000000000000
55.000000000000000,116.00000000000000,0.0000000000000000
56.000000000000000,116.00000000000000,0.0000000000000000
57.000000000000000,116.00000000000000,0.0000000000000000
58.000000000000000,116.00000000000000,0.0000000000000000
59.000000000000000,116.00000000000000,0.0000000000000000
60.000000000000000,116.00000000000000,0.0000000000000000
61.000000000000000,116.00000000000000,0.0000000000000000
62.000000000000000,116.00000000000000,0.0000000000000000
63.000000000000000,116.00000000000000,0.0000000000000000
64.000000000000000,116.00000000000000,0.0000000000000000
65.000000000000000,116.00000000000000,0.0000000000000000
66.000000000000000,116.00000000000000,0.0000000000000000
67.000000000000000,116.00000000000000,0.0000000000000000
68.000000000000000,116.00000000000000,0.0000000000000000
69.000000000000000,116.00000000000000,0.20000000298023224
70.000000000000000,116.00000000000000,0.20000000298023224
71.000000000000000,116.00000000000000,0.20000000298023224
72.000000000000000,116.00000000000000,0.0000000000000000
73.000000000000000,116.00000000000000,0.0000000000000000
74.000000000000000,116.00000000000000,0.0000000000000000
75.000000000000000,116.00000000000000,0.0000000000000000
76.000000000000000,116.00000000000000,0.0000000000000000
77.000000000000000,116.00000000000000,0.0000000000000000
78.000000000000000,116.00000000000000,0.0000000000000000
79.000000000000000,116.00000000000000,0.0000000000000000
80.000000000000000,116.00000000000000,0.0000000000000000
81.000000000000000,116.00000000000000,0.20000000298023224
82.000000000000000,116.00000000000000,0.20000000298023224
83.000000000000000,116.00000000000000,0.20000000298023224
84.000000000000000,116.00000000000000,0.0000000000000000
85.000000000000000,116.00000000000000,0.0000000000000000
86.000000000000000,116.00000000000000,0.0000000000000000
87.000000000000000,116.00000000000000,0.0000000000000000
88.000000000000000,116.00000000000000,0.0000000000000000
89.000000000000000,116.00000000000000,0.0000000000000000
90.000000000000000,116.00000000000000,0.0000000000000000
91.000000000000000,116.00000000000000,0.0000000000000000
92.000000000000000,116.00000000000000,0.0000000000000000
93.000000000000000,116.00000000000000,0.0000000000000000
94.000000000000000,116.00000000000000,0.0000000000000000
95.000000000000000,116.00000000000000,0.0000000000000000
96.000000000000000,116.00000000000000,0.0000000000000000
97.000000000000000,116.00000000000000,0.0000000000000000
98.000000000000000,116.00000000000000,0.0000000000000000
99.000000000000000,116.00000000000000,0.0000000000000000
100.00000000000000,116.00000000000000,0.0000000000000000
101.00000000000000,116.00000000000000,0.0000000000000000
102.00000000000000,116.00000000000000,0.0000000000000000
103.00000000000000,116.00000000000000,0.0000000000000000
104.00000000000000,116.00000000000000,0.0000000000000000
105.00000000000000,116.00000000000000,0.0000000000000000
106.00000000000000,116.00000000000000,0.0000000000000000
107.00000000000000,116.00000000000000,0.0000000000000000
108.00000000000000,116.00000000000000,0.0000000000000000
109.00000000000000,116.00000000000000,0.0000000000000000
110.00000000000000,116.00000000000000,0.0000000000000000
111.00000000000000,116.00000000000000,0.0000000000000000
112.00000000000000,116.00000000000000,0.0000000000000000
113.00000000000000,116.00000000000000,0.0000000000000000
1.0000000000000000,117.00000000000000,0.0000000000000000
2.0000000000000000,117.00000000000000,0.0000000000000000
3.0000000000000000,117.00000000000000,0.0000000000000000
4.0000000000000000,117.00000000000000,0.0000000000000000
5.0000000000000000,117.00000000000000,0.0000000000000000
6.0000000000000000,117.00000000000000,0.0000000000000000
7.0000000000000000,117.00000000000000,0.0000000000000000
8.0000000000000000,117.00000000000000,0.0000000000000000
9.0000000000000000,117.00000000000000,0.0000000000000000
10.000000000000000,117.00000000000000,0.0000000000000000
11.000000000000000,117.00000000000000,0.0000000000000000
12.000000000000000,117.00000000000000,0.0000000000000000
13.000000000000000,117.00000000000000,0.0000000000000000
14.000000000000000,117.00000000000000,0.0000000000000000
15.000000000000000,117.00000000000000,0.0000000000000000
16.000000000000000,117.00000000000000,0.0000000000000000
17.000000000000000,117.00000000000000,0.0000000000000000
18.000000000000000,117.00000000000000,0.0000000000000000
19.000000000000000,117.00000000000000,0.0000000000000000
20.000000000000000,117.00000000000000,0.0000000000000000
21.000000000000000,117.00000000000000,0.0000000000000000
22.000000000000000,117.00000000000000,0.0000000000000000
23.000000000000000,117.00000000000000,0.0000000000000000
24.000000000000000,117.00000000000000,0.0000000000000000
25.000000000000000,117.00000000000000,0.0000000000000000
26.000000000000000,117.00000000000000,0.0000000000000000
27.000000000000000,117.00000000000000,0.0000000000000000
28.000000000000000,117.00000000000000,0.0000000000000000
29.000000000000000,117.00000000000000,0.0000000000000000
30.000000000000000,117.00000000000000,0.0000000000000000
31.000000000000000,117.00000000000000,0.0000000000000000
32.000000000000000,117.00000000000000,0.0000000000000000
33.000000000000000,117.00000000000000,0.0000000000000000
34.000000000000000,117.00000000000000,0.0000000000000000
35.000000000000000,117.00000000000000,0.0000000000000000
36.000000000000000,117.00000000000000,0.0000000000000000
37.000000000000000,117.00000000000000,0.0000000000000000
38.000000000000000,117.00000000000000,0.0000000000000000
39.000000000000000,117.00000000000000,0.0000000000000000
40.000000000000000,117.00000000000000,0.0000000000000000
41.000000000000000,117.00000000000000,0.0000000000000000
42.000000000000000,117.00000000000000,0.0000000000000000
43.000000000000000,117.00000000000000,0.0000000000000000
44.000000000000000,117.00000000000000,0.0000000000000000
45.000000000000000,117.00000000000000,0.0000000000000000
46.000000000000000,117.00000000000000,0.0000000000000000
47.000000000000000,117.00000000000000,0.0000000000000000
48.000000000000000,117.00000000000000,0.0000000000000000
49.000000000000000,117.00000000000000,0.0000000000000000
50.000000000000000,117.00000000000000,0.0000000000000000
51.000000000000000,117.00000000000000,0.0000000000000000
52.000000000000000,117.00000000000000,0.0000000000000000
53.000000000000000,117.00000000000000,0.0000000000000000
54.000000000000000,117.00000000000000,0.0000000000000000
55.000000000000000,117.00000000000000,0.0000000000000000
56.000000000000000,117.00000000000000,0.0000000000000000
57.000000000000000,117.00000000000000,0.0000000000000000
58.000000000000000,117.00000000000000,0.0000000000000000
59.000000000000000,117.00000000000000,0.0000000000000000
60.000000000000000,117.00000000000000,0.0000000000000000
61.000000000000000,117.00000000000000,0.0000000000000000
62.000000000000000,117.00000000000000,0.0000000000000000
63.000000000000000,117.00000000000000,0.0000000000000000
64.000000000000000,117.00000000000000,0.0000000000000000
65.000000000000000,117.00000000000000,0.0000000000000000
66.000000000000000,117.00000000000000,0.0000000000000000
67.000000000000000,117.00000000000000,0.0000000000000000
68.000000000000000,117.00000000000000,0.0000000000000000
69.000000000000000,117.00000000000000,0.20000000298023224
70.000000000000000,117.00000000000000,0.20000000298023224
71.000000000000000,117.00000000000000,0.20000000298023224
72.000000000000000,117.00000000000000,0.0000000000000000
73.000000000000000,117.00000000000000,0.0000000000000000
74.000000000000000,117.00000000000000,0.0000000000000000
75.000000000000000,117.00000000000000,0.0000000000000000
76.000000000000000,117.00000000000000,0.0000000000000000
77.000000000000000,117.00000000000000,0.0000000000000000
78.000000000000000,117.00000000000000,0.0000000000000000
79.000000000000000,117.00000000000000,0.0000000000000000
80.000000000000000,117.00000000000000,0.0000000000000000
81.000000000000000,117.00000000000000,0.20000000298023224
82.000000000000000,117.00000000000000,0.20000000298023224
83.000000000000000,117.00000000000000,0.20000000298023224
84.000000000000000,117.00000000000000,0.0000000000000000
85.000000000000000,117.00000000000000,0.0000000000000000
86.000000000000000,117.00000000000000,0.0000000000000000
87.000000000000000,117.00000000000000,0.0000000000000000
88.000000000000000,117.00000000000000,0.0000000000000000
89.000000000000000,117.00000000000000,0.0000000000000000
90.000000000000000,117.00000000000000,0.0000000000000000
91.000000000000000,117.00000000000000,0.0000000000000000
92.000000000000000,117.00000000000000,0.0000000000000000
93.000000000000000,117.00000000000000,0.0000000000000000
94.000000000000000,117.00000000000000,0.0000000000000000
95.000000000000000,117.00000000000000,0.0000000000000000
96.000000000000000,117.00000000000000,0.0000000000000000
97.000000000000000,117.00000000000000,0.0000000000000000
98.000000000000000,117.00000000000000,0.0000000000000000
99.000000000000000,117.00000000000000,0.0000000000000000
100.00000000000000,117.00000000000000,0.0000000000000000
101.00000000000000,117.00000000000000,0.0000000000000000
102.00000000000000,117.00000000000000,0.0000000000000000
103.00000000000000,117.00000000000000,0.0000000000000000
104.00000000000000,117.00000000000000,0.0000000000000000
105.00000000000000,117.00000000000000,0.0000000000000000
106.00000000000000,117.00000000000000,0.0000000000000000
107.00000000000000,117.00000000000000,0.0000000000000000
108.00000000000000,117.00000000000000,0.0000000000000000
109.00000000000000,117.00000000000000,0.0000000000000000
110.00000000000000,117.00000000000000,0.0000000000000000
111.00000000000000,117.00000000000000,0.0000000000000000
112.00000000000000,117.00000000000000,0.0000000000000000
113.00000000000000,117.00000000000000,0.0000000000000000
1.0000000000000000,118.00000000000000,0.0000000000000000
2.0000000000000000,118.00000000000000,0.0000000000000000
3.0000000000000000,118.00000000000000,0.0000000000000000
4.0000000000000000,118.00000000000000,0.0000000000000000
5.0000000000000000,118.00000000000000,0.0000000000000000
6.0000000000000000,118.00000000000000,0.0000000000000000
7.0000000000000000,118.00000000000000,0.0000000000000000
8.0000000000000000,118.00000000000000,0.0000000000000000
9.0000000000000000,118.00000000000000,0.0000000000000000
10.000000000000000,118.00000000000000,0.0000000000000000
11.000000000000000,118.00000000000000,0.0000000000000000
12.000000000000000,118.00000000000000,0.0000000000000000
13.000000000000000,118.00000000000000,0.0000000000000000
14.000000000000000,118.00000000000000,0.0000000000000000
15.000000000000000,118.00000000000000,0.0000000000000000
16.000000000000000,118.00000000000000,0.0000000000000000
17.000000000000000,118.00000000000000,0.0000000000000000
18.000000000000000,118.00000000000000,0.0000000000000000
19.000000000000000,118.00000000000000,0.0000000000000000
20.000000000000000,118.00000000000000,0.0000000000000000
21.000000000000000,118.00000000000000,0.0000000000000000
22.000000000000000,118.00000000000000,0.0000000000000000
23.000000000000000,118.00000000000000,0.0000000000000000
24.000000000000000,118.00000000000000,0.0000000000000000
25.000000000000000,118.00000000000000,0.0000000000000000
26.000000000000000,118.00000000000000,0.0000000000000000
27.000000000000000,118.00000000000000,0.0000000000000000
28.000000000000000,118.00000000000000,0.0000000000000000
29.000000000000000,118.00000000000000,0.0000000000000000
30.000000000000000,118.00000000000000,0.0000000000000000
31.000000000000000,118.00000000000000,0.0000000000000000
32.000000000000000,118.00000000000000,0.0000000000000000
33.000000000000000,118.00000000000000,0.0000000000000000
34.000000000000000,118.00000000000000,0.0000000000000000
35.000000000000000,118.00000000000000,0.0000000000000000
36.000000000000000,118.00000000000000,0.0000000000000000
37.000000000000000,118.00000000000000,0.0000000000000000
38.000000000000000,118.00000000000000,0.0000000000000000
39.000000000000000,118.00000000000000,0.0000000000000000
40.000000000000000,118.00000000000000,0.0000000000000000
41.000000000000000,118.00000000000000,0.0000000000000000
42.000000000000000,118.00000000000000,0.0000000000000000
43.000000000000000,118.00000000000000,0.0000000000000000
44.000000000000000,118.00000000000000,0.0000000000000000
45.000000000000000,118.00000000000000,0.0000000000000000
46.000000000000000,118.00000000000000,0.0000000000000000
47.000000000000000,118.00000000000000,0.0000000000000000
48.000000000000000,118.00000000000000,0.0000000000000000
49.000000000000000,118.00000000000000,0.0000000000000000
50.000000000000000,118.00000000000000,0.0000000000000000
51.000000000000000,118.00000000000000,0.0000000000000000
52.000000000000000,118.00000000000000,0.0000000000000000
53.000000000000000,118.00000000000000,0.0000000000000000
54.000000000000000,118.00000000000000,0.0000000000000000
55.000000000000000,118.00000000000000,0.0000000000000000
56.000000000000000,118.00000000000000,0.0000000000000000
57.000000000000000,118.00000000000000,0.0000000000000000
58.000000000000000,118.00000000000000,0.0000000000000000
59.000000000000000,118.00000000000000,0.0000000000000000
60.000000000000000,118.00000000000000,0.0000000000000000
61.000000000000000,118.00000000000000,0.0000000000000000
62.000000000000000,118.00000000000000,0.0000000000000000
63.000000000000000,118.00000000000000,0.0000000000000000
64.000000000000000,118.00000000000000,0.0000000000000000
65.000000000000000,118.00000000000000,0.0000000000000000
66.000000000000000,118.00000000000000,0.0000000000000000
67.000000000000000,118.00000000000000,0.0000000000000000
68.000000000000000,118.00000000000000,0.0000000000000000
69.000000000000000,118.00000000000000,0.20000000298023224
70.000000000000000,118.00000000000000,0.20000000298023224
71.000000000000000,118.00000000000000,0.0000000000000000
72.000000000000000,118.00000000000000,0.0000000000000000
73.000000000000000,118.00000000000000,0.0000000000000000
74.000000000000000,118.00000000000000,0.0000000000000000
75.000000000000000,118.00000000000000,0.0000000000000000
76.000000000000000,118.00000000000000,0.0000000000000000
77.000000000000000,118.00000000000000,0.0000000000000000
78.000000000000000,118.00000000000000,0.0000000000000000
79.000000000000000,118.00000000000000,0.0000000000000000
80.000000000000000,118.00000000000000,0.0000000000000000
81.000000000000000,118.00000000000000,0.20000000298023224
82.000000000000000,118.00000000000000,0.0000000000000000
83.000000000000000,118.00000000000000,0.0000000000000000
84.000000000000000,118.00000000000000,0.0000000000000000
85.000000000000000,118.00000000000000,0.0000000000000000
86.000000000000000,118.00000000000000,0.0000000000000000
87.000000000000000,118.00000000000000,0.0000000000000000
88.000000000000000,118.00000000000000,0.0000000000000000
89.000000000000000,118.00000000000000,0.0000000000000000
90.000000000000000,118.00000000000000,0.0000000000000000
91.000000000000000,118.00000000000000,0.0000000000000000
92.000000000000000,118.00000000000000,0.0000000000000000
93.000000000000000,118.00000000000000,0.0000000000000000
94.000000000000000,118.00000000000000,0.0000000000000000
95.000000000000000,118.00000000000000,0.0000000000000000
96.000000000000000,118.00000000000000,0.0000000000000000
97.000000000000000,118.00000000000000,0.0000000000000000
98.000000000000000,118.00000000000000,0.0000000000000000
99.000000000000000,118.00000000000000,0.0000000000000000
100.00000000000000,118.00000000000000,0.0000000000000000
101.00000000000000,118.00000000000000,0.0000000000000000
102.00000000000000,118.00000000000000,0.0000000000000000
103.00000000000000,118.00000000000000,0.0000000000000000
104.00000000000000,118.00000000000000,0.0000000000000000
105.00000000000000,118.00000000000000,0.0000000000000000
106.00000000000000,118.00000000000000,0.0000000000000000
107.00000000000000,118.00000000000000,0.0000000000000000
108.00000000000000,118.00000000000000,0.0000000000000000
109.00000000000000,118.00000000000000,0.0000000000000000
110.00000000000000,118.00000000000000,0.0000000000000000
111.00000000000000,118.00000000000000,0.0000000000000000
112.00000000000000,118.00000000000000,0.0000000000000000
113.00000000000000,118.00000000000000,0.0000000000000000
1.0000000000000000,119.00000000000000,0.0000000000000000
2.0000000000000000,119.00000000000000,0.0000000000000000
3.0000000000000000,119.00000000000000,0.0000000000000000
4.0000000000000000,119.00000000000000,0.0000000000000000
5.0000000000000000,119.00000000000000,0.0000000000000000
6.0000000000000000,119.00000000000000,0.0000000000000000
7.0000000000000000,119.00000000000000,0.0000000000000000
8.0000000000000000,119.00000000000000,0.0000000000000000
9.0000000000000000,119.00000000000000,0.0000000000000000
10.000000000000000,119.00000000000000,0.0000000000000000
11.000000000000000,119.00000000000000,0.0000000000000000
12.000000000000000,119.00000000000000,0.0000000000000000
13.000000000000000,119.00000000000000,0.0000000000000000
14.000000000000000,119.00000000000000,0.0000000000000000
15.000000000000000,119.00000000000000,0.0000000000000000
16.000000000000000,119.00000000000000,0.0000000000000000
17.000000000000000,119.00000000000000,0.0000000000000000
18.000000000000000,119.00000000000000,0.0000000000000000
19.000000000000000,119.00000000000000,0.0000000000000000
20.000000000000000,119.00000000000000,0.0000000000000000
21.000000000000000,119.00000000000000,0.0000000000000000
22.000000000000000,119.00000000000000,0.0000000000000000
23.000000000000000,119.00000000000000,0.0000000000000000
24.000000000000000,119.00000000000000,0.0000000000000000
25.000000000000000,119.00000000000000,0.0000000000000000
26.000000000000000,119.00000000000000,0.0000000000000000
27.000000000000000,119.00000000000000,0.0000000000000000
28.000000000000000,119.00000000000000,0.0000000000000000
29.000000000000000,119.00000000000000,0.0000000000000000
30.000000000000000,119.00000000000000,0.0000000000000000
31.000000000000000,119.00000000000000,0.0000000000000000
32.000000000000000,119.00000000000000,0.0000000000000000
33.000000000000000,119.00000000000000,0.0000000000000000
34.000000000000000,119.00000000000000,0.0000000000000000
35.000000000000000,119.00000000000000,0.0000000000000000
36.000000000000000,119.00000000000000,0.0000000000000000
37.000000000000000,119.00000000000000,0.0000000000000000
38.000000000000000,119.00000000000000,0.0000000000000000
39.000000000000000,119.00000000000000,0.0000000000000000
40.000000000000000,119.00000000000000,0.0000000000000000
41.000000000000000,119.00000000000000,0.10000000149011612
42.000000000000000,119.00000000000000,0.0000000000000000
43.000000000000000,119.00000000000000,0.0000000000000000
44.000000000000000,119.00000000000000,0.0000000000000000
45.000000000000000,119.00000000000000,0.10000000149011612
46.000000000000000,119.00000000000000,0.10000000149011612
47.000000000000000,119.00000000000000,0.10000000149011612
48.000000000000000,119.00000000000000,0.10000000149011612
49.000000000000000,119.00000000000000,0.10000000149011612
50.000000000000000,119.00000000000000,0.10000000149011612
51.000000000000000,119.00000000000000,0.10000000149011612
52.000000000000000,119.00000000000000,0.10000000149011612
53.000000000000000,119.00000000000000,0.10000000149011612
54.000000000000000,119.00000000000000,0.10000000149011612
55.000000000000000,119.00000000000000,0.10000000149011612
56.000000000000000,119.00000000000000,0.10000000149011612
57.000000000000000,119.00000000000000,0.0000000000000000
58.000000000000000,119.00000000000000,0.0000000000000000
59.000000000000000,119.00000000000000,0.0000000000000000
60.000000000000000,119.00000000000000,0.0000000000000000
61.000000000000000,119.00000000000000,0.0000000000000000
62.000000000000000,119.00000000000000,0.0000000000000000
63.000000000000000,119.00000000000000,0.0000000000000000
64.000000000000000,119.00000000000000,0.0000000000000000
65.000000000000000,119.00000000000000,0.0000000000000000
66.000000000000000,119.00000000000000,0.20000000298023224
67.000000000000000,119.00000000000000,0.20000000298023224
68.000000000000000,119.00000000000000,0.20000000298023224
69.000000000000000,119.00000000000000,0.20000000298023224
70.000000000000000,119.00000000000000,0.0000000000000000
71.000000000000000,119.00000000000000,0.0000000000000000
72.000000000000000,119.00000000000000,0.0000000000000000
73.000000000000000,119.00000000000000,0.0000000000000000
74.000000000000000,119.00000000000000,0.20000000298023224
75.000000000000000,119.00000000000000,0.0000000000000000
76.000000000000000,119.00000000000000,0.0000000000000000
77.000000000000000,119.00000000000000,0.0000000000000000
78.000000000000000,119.00000000000000,0.20000000298023224
79.000000000000000,119.00000000000000,0.20000000298023224
80.000000000000000,119.00000000000000,0.20000000298023224
81.000000000000000,119.00000000000000,0.0000000000000000
82.000000000000000,119.00000000000000,0.0000000000000000
83.000000000000000,119.00000000000000,0.0000000000000000
84.000000000000000,119.00000000000000,0.0000000000000000
85.000000000000000,119.00000000000000,0.0000000000000000
86.000000000000000,119.00000000000000,0.0000000000000000
87.000000000000000,119.00000000000000,0.0000000000000000
88.000000000000000,119.00000000000000,0.0000000000000000
89.000000000000000,119.00000000000000,0.0000000000000000
90.000000000000000,119.00000000000000,0.0000000000000000
91.000000000000000,119.00000000000000,0.0000000000000000
92.000000000000000,119.00000000000000,0.0000000000000000
93.000000000000000,119.00000000000000,0.0000000000000000
94.000000000000000,119.00000000000000,0.0000000000000000
95.000000000000000,119.00000000000000,0.0000000000000000
96.000000000000000,119.00000000000000,0.0000000000000000
97.000000000000000,119.00000000000000,0.0000000000000000
98.000000000000000,119.00000000000000,0.0000000000000000
99.000000000000000,119.00000000000000,0.0000000000000000
100.00000000000000,119.00000000000000,0.0000000000000000
101.00000000000000,119.00000000000000,0.0000000000000000
102.00000000000000,119.00000000000000,0.0000000000000000
103.00000000000000,119.00000000000000,0.0000000000000000
104.00000000000000,119.00000000000000,0.0000000000000000
105.00000000000000,119.00000000000000,0.0000000000000000
106.00000000000000,119.00000000000000,0.0000000000000000
107.00000000000000,119.00000000000000,0.0000000000000000
108.00000000000000,119.00000000000000,0.0000000000000000
109.00000000000000,119.00000000000000,0.0000000000000000
110.00000000000000,119.00000000000000,0.0000000000000000
111.00000000000000,119.00000000000000,0.0000000000000000
112.00000000000000,119.00000000000000,0.0000000000000000
113.00000000000000,119.00000000000000,0.0000000000000000
1.0000000000000000,120.00000000000000,0.0000000000000000
2.0000000000000000,120.00000000000000,0.0000000000000000
3.0000000000000000,120.00000000000000,0.0000000000000000
4.0000000000000000,120.00000000000000,0.0000000000000000
5.0000000000000000,120.00000000000000,0.0000000000000000
6.0000000000000000,120.00000000000000,0.0000000000000000
7.0000000000000000,120.00000000000000,0.0000000000000000
8.0000000000000000,120.00000000000000,0.0000000000000000
9.0000000000000000,120.00000000000000,0.0000000000000000
10.000000000000000,120.00000000000000,0.0000000000000000
11.000000000000000,120.00000000000000,0.0000000000000000
12.000000000000000,120.00000000000000,0.0000000000000000
13.000000000000000,120.00000000000000,0.0000000000000000
14.000000000000000,120.00000000000000,0.0000000000000000
15.000000000000000,120.00000000000000,0.0000000000000000
16.000000000000000,120.00000000000000,0.0000000000000000
17.000000000000000,120.00000000000000,0.0000000000000000
18.000000000000000,120.00000000000000,0.0000000000000000
19.000000000000000,120.00000000000000,0.0000000000000000
20.000000000000000,120.00000000000000,0.0000000000000000
21.000000000000000,120.00000000000000,0.0000000000000000
22.000000000000000,120.00000000000000,0.0000000000000000
23.000000000000000,120.00000000000000,0.0000000000000000
24.000000000000000,120.00000000000000,0.0000000000000000
25.000000000000000,120.00000000000000,0.0000000000000000
26.000000000000000,120.00000000000000,0.0000000000000000
27.000000000000000,120.00000000000000,0.0000000000000000
28.000000000000000,120.00000000000000,0.0000000000000000
29.000000000000000,120.00000000000000,0.0000000000000000
30.000000000000000,120.00000000000000,0.0000000000000000
31.000000000000000,120.00000000000000,0.0000000000000000
32.000000000000000,120.00000000000000,0.0000000000000000
33.000000000000000,120.00000000000000,0.0000000000000000
34.000000000000000,120.00000000000000,0.0000000000000000
35.000000000000000,120.00000000000000,0.0000000000000000
36.000000000000000,120.00000000000000,0.0000000000000000
37.000000000000000,120.00000000000000,0.0000000000000000
38.000000000000000,120.00000000000000,0.0000000000000000
39.000000000000000,120.00000000000000,0.0000000000000000
40.000000000000000,120.00000000000000,0.0000000000000000
41.000000000000000,120.00000000000000,0.0000000000000000
42.000000000000000,120.00000000000000,0.0000000000000000
43.000000000000000,120.00000000000000,0.0000000000000000
44.000000000000000,120.00000000000000,0.0000000000000000
45.000000000000000,120.00000000000000,0.10000000149011612
46.000000000000000,120.00000000000000,0.10000000149011612
47.000000000000000,120.00000000000000,0.10000000149011612
48.000000000000000,120.00000000000000,0.10000000149011612
49.000000000000000,120.00000000000000,0.10000000149011612
50.000000000000000,120.00000000000000,0.10000000149011612
51.000000000000000,120.00000000000000,0.10000000149011612
52.000000000000000,120.00000000000000,0.10000000149011612
53.000000000000000,120.00000000000000,0.10000000149011612
54.000000000000000,120.00000000000000,0.0000000000000000
55.000000000000000,120.00000000000000,0.0000000000000000
56.000000000000000,120.00000000000000,0.0000000000000000
57.000000000000000,120.00000000000000,0.0000000000000000
58.000000000000000,120.00000000000000,0.0000000000000000
59.000000000000000,120.00000000000000,0.0000000000000000
60.000000000000000,120.00000000000000,0.0000000000000000
61.000000000000000,120.00000000000000,0.0000000000000000
62.000000000000000,120.00000000000000,0.0000000000000000
63.000000000000000,120.00000000000000,0.0000000000000000
64.000000000000000,120.00000000000000,0.0000000000000000
65.000000000000000,120.00000000000000,0.0000000000000000
66.000000000000000,120.00000000000000,0.20000000298023224
67.000000000000000,120.00000000000000,0.20000000298023224
68.000000000000000,120.00000000000000,0.20000000298023224
69.000000000000000,120.00000000000000,0.0000000000000000
70.000000000000000,120.00000000000000,0.0000000000000000
71.000000000000000,120.00000000000000,0.0000000000000000
72.000000000000000,120.00000000000000,0.0000000000000000
73.000000000000000,120.00000000000000,0.0000000000000000
74.000000000000000,120.00000000000000,0.0000000000000000
75.000000000000000,120.00000000000000,0.0000000000000000
76.000000000000000,120.00000000000000,0.0000000000000000
77.000000000000000,120.00000000000000,0.0000000000000000
78.000000000000000,120.00000000000000,0.20000000298023224
79.000000000000000,120.00000000000000,0.20000000298023224
80.000000000000000,120.00000000000000,0.0000000000000000
81.000000000000000,120.00000000000000,0.0000000000000000
82.000000000000000,120.00000000000000,0.0000000000000000
83.000000000000000,120.00000000000000,0.0000000000000000
84.000000000000000,120.00000000000000,0.0000000000000000
85.000000000000000,120.00000000000000,0.0000000000000000
86.000000000000000,120.00000000000000,0.0000000000000000
87.000000000000000,120.00000000000000,0.0000000000000000
88.000000000000000,120.00000000000000,0.0000000000000000
89.000000000000000,120.00000000000000,0.0000000000000000
90.000000000000000,120.00000000000000,0.0000000000000000
91.000000000000000,120.00000000000000,0.0000000000000000
92.000000000000000,120.00000000000000,0.0000000000000000
93.000000000000000,120.00000000000000,0.0000000000000000
94.000000000000000,120.00000000000000,0.0000000000000000
95.000000000000000,120.00000000000000,0.0000000000000000
96.000000000000000,120.00000000000000,0.0000000000000000
97.000000000000000,120.00000000000000,0.0000000000000000
98.000000000000000,120.00000000000000,0.0000000000000000
99.000000000000000,120.00000000000000,0.0000000000000000
100.00000000000000,120.00000000000000,0.0000000000000000
101.00000000000000,120.00000000000000,0.0000000000000000
102.00000000000000,120.00000000000000,0.0000000000000000
103.00000000000000,120.00000000000000,0.0000000000000000
104.00000000000000,120.00000000000000,0.0000000000000000
105.00000000000000,120.00000000000000,0.0000000000000000
106.00000000000000,120.00000000000000,0.0000000000000000
107.00000000000000,120.00000000000000,0.0000000000000000
108.00000000000000,120.00000000000000,0.0000000000000000
109.00000000000000,120.00000000000000,0.0000000000000000
110.00000000000000,120.00000000000000,0.0000000000000000
111.00000000000000,120.00000000000000,0.0000000000000000
112.00000000000000,120.00000000000000,0.0000000000000000
113.00000000000000,120.00000000000000,0.0000000000000000
1.0000000000000000,121.00000000000000,0.0000000000000000
2.0000000000000000,121.00000000000000,0.0000000000000000
3.0000000000000000,121.00000000000000,0.0000000000000000
4.0000000000000000,121.00000000000000,0.0000000000000000
5.0000000000000000,121.00000000000000,0.0000000000000000
6.0000000000000000,121.00000000000000,0.0000000000000000
7.0000000000000000,121.00000000000000,0.0000000000000000
8.0000000000000000,121.00000000000000,0.0000000000000000
9.0000000000000000,121.00000000000000,0.0000000000000000
10.000000000000000,121.00000000000000,0.0000000000000000
11.000000000000000,121.00000000000000,0.0000000000000000
12.000000000000000,121.00000000000000,0.0000000000000000
13.000000000000000,121.00000000000000,0.0000000000000000
14.000000000000000,121.00000000000000,0.0000000000000000
15.000000000000000,121.00000000000000,0.0000000000000000
16.000000000000000,121.00000000000000,0.0000000000000000
17.000000000000000,121.00000000000000,0.0000000000000000
18.000000000000000,121.00000000000000,0.0000000000000000
19.000000000000000,121.00000000000000,0.0000000000000000
20.000000000000000,121.00000000000000,0.0000000000000000
21.000000000000000,121.00000000000000,0.0000000000000000
22.000000000000000,121.00000000000000,0.0000000000000000
23.000000000000000,121.00000000000000,0.0000000000000000
24.000000000000000,121.00000000000000,0.0000000000000000
25.000000000000000,121.00000000000000,0.0000000000000000
26.000000000000000,121.00000000000000,0.0000000000000000
27.000000000000000,121.00000000000000,0.0000000000000000
28.000000000000000,121.00000000000000,0.0000000000000000
29.000000000000000,121.00000000000000,0.0000000000000000
30.000000000000000,121.00000000000000,0.0000000000000000
31.000000000000000,121.00000000000000,0.0000000000000000
32.000000000000000,121.00000000000000,0.0000000000000000
33.000000000000000,121.00000000000000,0.0000000000000000
34.000000000000000,121.00000000000000,0.0000000000000000
35.000000000000000,121.00000000000000,0.0000000000000000
36.000000000000000,121.00000000000000,0.0000000000000000
37.000000000000000,121.00000000000000,0.0000000000000000
38.000000000000000,121.00000000000000,0.0000000000000000
39.000000000000000,121.00000000000000,0.0000000000000000
40.000000000000000,121.00000000000000,0.0000000000000000
41.000000000000000,121.00000000000000,0.0000000000000000
42.000000000000000,121.00000000000000,0.0000000000000000
43.000000000000000,121.00000000000000,0.0000000000000000
44.000000000000000,121.00000000000000,0.0000000000000000
45.000000000000000,121.00000000000000,0.10000000149011612
46.000000000000000,121.00000000000000,0.10000000149011612
47.000000000000000,121.00000000000000,0.0000000000000000
48.000000000000000,121.00000000000000,0.0000000000000000
49.000000000000000,121.00000000000000,0.0000000000000000
50.000000000000000,121.00000000000000,0.0000000000000000
51.000000000000000,121.00000000000000,0.0000000000000000
52.000000000000000,121.00000000000000,0.0000000000000000
53.000000000000000,121.00000000000000,0.0000000000000000
54.000000000000000,121.00000000000000,0.0000000000000000
55.000000000000000,121.00000000000000,0.0000000000000000
56.000000000000000,121.00000000000000,0.0000000000000000
57.000000000000000,121.00000000000000,0.0000000000000000
58.000000000000000,121.00000000000000,0.0000000000000000
59.000000000000000,121.00000000000000,0.0000000000000000
60.000000000000000,121.00000000000000,0.0000000000000000
61.000000000000000,121.00000000000000,0.0000000000000000
62.000000000000000,121.00000000000000,0.0000000000000000
63.000000000000000,121.00000000000000,0.0000000000000000
64.000000000000000,121.00000000000000,0.0000000000000000
65.000000000000000,121.00000000000000,0.0000000000000000
66.000000000000000,121.00000000000000,0.20000000298023224
67.000000000000000,121.00000000000000,0.0000000000000000
68.000000000000000,121.00000000000000,0.0000000000000000
69.000000000000000,121.00000000000000,0.0000000000000000
70.000000000000000,121.00000000000000,0.0000000000000000
71.000000000000000,121.00000000000000,0.0000000000000000
72.000000000000000,121.00000000000000,0.0000000000000000
73.000000000000000,121.00000000000000,0.0000000000000000
74.000000000000000,121.00000000000000,0.0000000000000000
75.000000000000000,121.00000000000000,0.0000000000000000
76.000000000000000,121.00000000000000,0.0000000000000000
77.000000000000000,121.00000000000000,0.0000000000000000
78.000000000000000,121.00000000000000,0.20000000298023224
79.000000000000000,121.00000000000000,0.0000000000000000
80.000000000000000,121.00000000000000,0.0000000000000000
81.000000000000000,121.00000000000000,0.0000000000000000
82.000000000000000,121.00000000000000,0.0000000000000000
83.000000000000000,121.00000000000000,0.0000000000000000
84.000000000000000,121.00000000000000,0.0000000000000000
85.000000000000000,121.00000000000000,0.0000000000000000
86.000000000000000,121.00000000000000,0.0000000000000000
87.000000000000000,121.00000000000000,0.0000000000000000
88.000000000000000,121.00000000000000,0.0000000000000000
89.000000000000000,121.00000000000000,0.0000000000000000
90.000000000000000,121.00000000000000,0.0000000000000000
91.000000000000000,121.00000000000000,0.0000000000000000
92.000000000000000,121.00000000000000,0.0000000000000000
93.000000000000000,121.00000000000000,0.0000000000000000
94.000000000000000,121.00000000000000,0.0000000000000000
95.000000000000000,121.00000000000000,0.0000000000000000
96.000000000000000,121.00000000000000,0.0000000000000000
97.000000000000000,121.00000000000000,0.0000000000000000
98.000000000000000,121.00000000000000,0.0000000000000000
99.000000000000000,121.00000000000000,0.0000000000000000
100.00000000000000,121.00000000000000,0.0000000000000000
101.00000000000000,121.00000000000000,0.0000000000000000
102.00000000000000,121.00000000000000,0.0000000000000000
103.00000000000000,121.00000000000000,0.0000000000000000
104.00000000000000,121.00000000000000,0.0000000000000000
105.00000000000000,121.00000000000000,0.0000000000000000
106.00000000000000,121.00000000000000,0.0000000000000000
107.00000000000000,121.00000000000000,0.0000000000000000
108.00000000000000,121.00000000000000,0.0000000000000000
109.00000000000000,121.00000000000000,0.0000000000000000
110.00000000000000,121.00000000000000,0.0000000000000000
111.00000000000000,121.00000000000000,0.0000000000000000
112.00000000000000,121.00000000000000,0.0000000000000000
113.00000000000000,121.00000000000000,0.0000000000000000
1.0000000000000000,122.00000000000000,0.0000000000000000
2.0000000000000000,122.00000000000000,0.0000000000000000
3.0000000000000000,122.00000000000000,0.0000000000000000
4.0000000000000000,122.00000000000000,0.0000000000000000
5.0000000000000000,122.00000000000000,0.0000000000000000
6.0000000000000000,122.00000000000000,0.0000000000000000
7.0000000000000000,122.00000000000000,0.0000000000000000
8.0000000000000000,122.00000000000000,0.0000000000000000
9.0000000000000000,122.00000000000000,0.0000000000000000
10.000000000000000,122.00000000000000,0.0000000000000000
11.000000000000000,122.00000000000000,0.0000000000000000
12.000000000000000,122.00000000000000,0.0000000000000000
13.000000000000000,122.00000000000000,0.0000000000000000
14.000000000000000,122.00000000000000,0.0000000000000000
15.000000000000000,122.00000000000000,0.0000000000000000
16.000000000000000,122.00000000000000,0.0000000000000000
17.000000000000000,122.00000000000000,0.0000000000000000
18.000000000000000,122.00000000000000,0.0000000000000000
19.000000000000000,122.00000000000000,0.0000000000000000
20.000000000000000,122.00000000000000,0.0000000000000000
21.000000000000000,122.00000000000000,0.0000000000000000
22.000000000000000,122.00000000000000,0.0000000000000000
23.000000000000000,122.00000000000000,0.0000000000000000
24.000000000000000,122.00000000000000,0.0000000000000000
25.000000000000000,122.00000000000000,0.0000000000000000
26.000000000000000,122.00000000000000,0.0000000000000000
27.000000000000000,122.00000000000000,0.0000000000000000
28.000000000000000,122.00000000000000,0.0000000000000000
29.000000000000000,122.00000000000000,0.0000000000000000
30.000000000000000,122.00000000000000,0.0000000000000000
31.000000000000000,122.00000000000000,0.0000000000000000
32.000000000000000,122.00000000000000,0.0000000000000000
33.000000000000000,122.00000000000000,0.0000000000000000
34.000000000000000,122.00000000000000,0.0000000000000000
35.000000000000000,122.00000000000000,0.0000000000000000
36.000000000000000,122.00000000000000,0.0000000000000000
37.000000000000000,122.00000000000000,0.0000000000000000
38.000000000000000,122.00000000000000,0.0000000000000000
39.000000000000000,122.00000000000000,0.0000000000000000
40.000000000000000,122.00000000000000,0.0000000000000000
41.000000000000000,122.00000000000000,0.0000000000000000
42.000000000000000,122.00000000000000,0.0000000000000000
43.000000000000000,122.00000000000000,0.0000000000000000
44.000000000000000,122.00000000000000,0.0000000000000000
45.000000000000000,122.00000000000000,0.0000000000000000
46.000000000000000,122.00000000000000,0.0000000000000000
47.000000000000000,122.00000000000000,0.0000000000000000
48.000000000000000,122.00000000000000,0.0000000000000000
49.000000000000000,122.00000000000000,0.0000000000000000
50.000000000000000,122.00000000000000,0.0000000000000000
51.000000000000000,122.00000000000000,0.0000000000000000
52.000000000000000,122.00000000000000,0.0000000000000000
53.000000000000000,122.00000000000000,0.0000000000000000
54.000000000000000,122.00000000000000,0.0000000000000000
55.000000000000000,122.00000000000000,0.0000000000000000
56.000000000000000,122.00000000000000,0.0000000000000000
57.000000000000000,122.00000000000000,0.0000000000000000
58.000000000000000,122.00000000000000,0.0000000000000000
59.000000000000000,122.00000000000000,0.10000000149011612
60.000000000000000,122.00000000000000,0.20000000298023224
61.000000000000000,122.00000000000000,0.20000000298023224
62.000000000000000,122.00000000000000,0.20000000298023224
63.000000000000000,122.00000000000000,0.20000000298023224
64.000000000000000,122.00000000000000,0.0000000000000000
65.000000000000000,122.00000000000000,0.0000000000000000
66.000000000000000,122.00000000000000,0.0000000000000000
67.000000000000000,122.00000000000000,0.0000000000000000
68.000000000000000,122.00000000000000,0.0000000000000000
69.000000000000000,122.00000000000000,0.0000000000000000
70.000000000000000,122.00000000000000,0.0000000000000000
71.000000000000000,122.00000000000000,0.0000000000000000
72.000000000000000,122.00000000000000,0.0000000000000000
73.000000000000000,122.00000000000000,0.0000000000000000
74.000000000000000,122.00000000000000,0.0000000000000000
75.000000000000000,122.00000000000000,0.0000000000000000
76.000000000000000,122.00000000000000,0.20000000298023224
77.000000000000000,122.00000000000000,0.20000000298023224
78.000000000000000,122.00000000000000,0.0000000000000000
79.000000000000000,122.00000000000000,0.0000000000000000
80.000000000000000,122.00000000000000,0.0000000000000000
81.000000000000000,122.00000000000000,0.0000000000000000
82.000000000000000,122.00000000000000,0.0000000000000000
83.000000000000000,122.00000000000000,0.0000000000000000
84.000000000000000,122.00000000000000,0.0000000000000000
85.000000000000000,122.00000000000000,0.0000000000000000
86.000000000000000,122.00000000000000,0.0000000000000000
87.000000000000000,122.00000000000000,0.0000000000000000
88.000000000000000,122.00000000000000,0.0000000000000000
89.000000000000000,122.00000000000000,0.0000000000000000
90.000000000000000,122.00000000000000,0.0000000000000000
91.000000000000000,122.00000000000000,0.0000000000000000
92.000000000000000,122.00000000000000,0.0000000000000000
93.000000000000000,122.00000000000000,0.0000000000000000
94.000000000000000,122.00000000000000,0.0000000000000000
95.000000000000000,122.00000000000000,0.0000000000000000
96.000000000000000,122.00000000000000,0.0000000000000000
97.000000000000000,122.00000000000000,0.0000000000000000
98.000000000000000,122.00000000000000,0.0000000000000000
99.000000000000000,122.00000000000000,0.0000000000000000
100.00000000000000,122.00000000000000,0.0000000000000000
101.00000000000000,122.00000000000000,0.0000000000000000
102.00000000000000,122.00000000000000,0.0000000000000000
103.00000000000000,122.00000000000000,0.0000000000000000
104.00000000000000,122.00000000000000,0.0000000000000000
105.00000000000000,122.00000000000000,0.0000000000000000
106.00000000000000,122.00000000000000,0.0000000000000000
107.00000000000000,122.00000000000000,0.0000000000000000
108.00000000000000,122.00000000000000,0.0000000000000000
109.00000000000000,122.00000000000000,0.0000000000000000
110.00000000000000,122.00000000000000,0.0000000000000000
111.00000000000000,122.00000000000000,0.0000000000000000
112.00000000000000,122.00000000000000,0.0000000000000000
113.00000000000000,122.00000000000000,0.0000000000000000
1.0000000000000000,123.00000000000000,0.0000000000000000
2.0000000000000000,123.00000000000000,0.0000000000000000
3.0000000000000000,123.00000000000000,0.0000000000000000
4.0000000000000000,123.00000000000000,0.0000000000000000
5.0000000000000000,123.00000000000000,0.0000000000000000
6.0000000000000000,123.00000000000000,0.0000000000000000
7.0000000000000000,123.00000000000000,0.0000000000000000
8.0000000000000000,123.00000000000000,0.0000000000000000
9.0000000000000000,123.00000000000000,0.0000000000000000
10.000000000000000,123.00000000000000,0.0000000000000000
11.000000000000000,123.00000000000000,0.0000000000000000
12.000000000000000,123.00000000000000,0.0000000000000000
13.000000000000000,123.00000000000000,0.0000000000000000
14.000000000000000,123.00000000000000,0.0000000000000000
15.000000000000000,123.00000000000000,0.0000000000000000
16.000000000000000,123.00000000000000,0.0000000000000000
17.000000000000000,123.00000000000000,0.0000000000000000
18.000000000000000,123.00000000000000,0.0000000000000000
19.000000000000000,123.00000000000000,0.0000000000000000
20.000000000000000,123.00000000000000,0.0000000000000000
21.000000000000000,123.00000000000000,0.0000000000000000
22.000000000000000,123.00000000000000,0.0000000000000000
23.000000000000000,123.00000000000000,0.0000000000000000
24.000000000000000,123.00000000000000,0.0000000000000000
25.000000000000000,123.00000000000000,0.0000000000000000
26.000000000000000,123.00000000000000,0.0000000000000000
27.000000000000000,123.00000000000000,0.0000000000000000
28.000000000000000,123.00000000000000,0.0000000000000000
29.000000000000000,123.00000000000000,0.0000000000000000
30.000000000000000,123.00000000000000,0.0000000000000000
31.000000000000000,123.00000000000000,0.0000000000000000
32.000000000000000,123.00000000000000,0.0000000000000000
33.000000000000000,123.00000000000000,0.0000000000000000
34.000000000000000,123.00000000000000,0.0000000000000000
35.000000000000000,123.00000000000000,0.0000000000000000
36.000000000000000,123.00000000000000,0.0000000000000000
37.000000000000000,123.00000000000000,0.0000000000000000
38.000000000000000,123.00000000000000,0.0000000000000000
39.000000000000000,123.00000000000000,0.0000000000000000
40.000000000000000,123.00000000000000,0.0000000000000000
41.000000000000000,123.00000000000000,0.0000000000000000
42.000000000000000,123.00000000000000,0.0000000000000000
43.000000000000000,123.00000000000000,0.0000000000000000
44.000000000000000,123.00000000000000,0.0000000000000000
45.000000000000000,123.00000000000000,0.0000000000000000
46.000000000000000,123.00000000000000,0.0000000000000000
47.000000000000000,123.00000000000000,0.0000000000000000
48.000000000000000,123.00000000000000,0.0000000000000000
49.000000000000000,123.00000000000000,0.0000000000000000
50.000000000000000,123.00000000000000,0.0000000000000000
51.000000000000000,123.00000000000000,0.0000000000000000
52.000000000000000,123.00000000000000,0.0000000000000000
53.000000000000000,123.00000000000000,0.0000000000000000
54.000000000000000,123.00000000000000,0.0000000000000000
55.000000000000000,123.00000000000000,0.0000000000000000
56.000000000000000,123.00000000000000,0.0000000000000000
57.000000000000000,123.00000000000000,0.0000000000000000
58.000000000000000,123.00000000000000,0.0000000000000000
59.000000000000000,123.00000000000000,0.0000000000000000
60.000000000000000,123.00000000000000,0.20000000298023224
61.000000000000000,123.00000000000000,0.20000000298023224
62.000000000000000,123.00000000000000,0.0000000000000000
63.000000000000000,123.00000000000000,0.0000000000000000
64.000000000000000,123.00000000000000,0.0000000000000000
65.000000000000000,123.00000000000000,0.0000000000000000
66.000000000000000,123.00000000000000,0.0000000000000000
67.000000000000000,123.00000000000000,0.0000000000000000
68.000000000000000,123.00000000000000,0.0000000000000000
69.000000000000000,123.00000000000000,0.0000000000000000
70.000000000000000,123.00000000000000,0.0000000000000000
71.000000000000000,123.00000000000000,0.0000000000000000
72.000000000000000,123.00000000000000,0.0000000000000000
73.000000000000000,123.00000000000000,0.0000000000000000
74.000000000000000,123.00000000000000,0.0000000000000000
75.000000000000000,123.00000000000000,0.0000000000000000
76.000000000000000,123.00000000000000,0.0000000000000000
77.000000000000000,123.00000000000000,0.0000000000000000
78.000000000000000,123.00000000000000,0.0000000000000000
79.000000000000000,123.00000000000000,0.0000000000000000
80.000000000000000,123.00000000000000,0.0000000000000000
81.000000000000000,123.00000000000000,0.0000000000000000
82.000000000000000,123.00000000000000,0.0000000000000000
83.000000000000000,123.00000000000000,0.0000000000000000
84.000000000000000,123.00000000000000,0.0000000000000000
85.000000000000000,123.00000000000000,0.0000000000000000
86.000000000000000,123.00000000000000,0.0000000000000000
87.000000000000000,123.00000000000000,0.0000000000000000
88.000000000000000,123.00000000000000,0.0000000000000000
89.000000000000000,123.00000000000000,0.0000000000000000
90.000000000000000,123.00000000000000,0.0000000000000000
91.000000000000000,123.00000000000000,0.0000000000000000
92.000000000000000,123.00000000000000,0.0000000000000000
93.000000000000000,123.00000000000000,0.0000000000000000
94.000000000000000,123.00000000000000,0.0000000000000000
95.000000000000000,123.00000000000000,0.0000000000000000
96.000000000000000,123.00000000000000,0.0000000000000000
97.000000000000000,123.00000000000000,0.0000000000000000
98.000000000000000,123.00000000000000,0.0000000000000000
99.000000000000000,123.00000000000000,0.0000000000000000
100.00000000000000,123.00000000000000,0.0000000000000000
101.00000000000000,123.00000000000000,0.0000000000000000
102.00000000000000,123.00000000000000,0.0000000000000000
103.00000000000000,123.00000000000000,0.0000000000000000
104.00000000000000,123.00000000000000,0.0000000000000000
105.00000000000000,123.00000000000000,0.0000000000000000
106.00000000000000,123.00000000000000,0.0000000000000000
107.00000000000000,123.00000000000000,0.0000000000000000
108.00000000000000,123.00000000000000,0.0000000000000000
109.00000000000000,123.00000000000000,0.0000000000000000
110.00000000000000,123.00000000000000,0.0000000000000000
111.00000000000000,123.00000000000000,0.0000000000000000
112.00000000000000,123.00000000000000,0.0000000000000000
113.00000000000000,123.00000000000000,0.0000000000000000
1.0000000000000000,124.00000000000000,0.0000000000000000
2.0000000000000000,124.00000000000000,0.0000000000000000
3.0000000000000000,124.00000000000000,0.0000000000000000
4.0000000000000000,124.00000000000000,0.0000000000000000
5.0000000000000000,124.00000000000000,0.0000000000000000
6.0000000000000000,124.00000000000000,0.0000000000000000
7.0000000000000000,124.00000000000000,0.0000000000000000
8.0000000000000000,124.00000000000000,0.0000000000000000
9.0000000000000000,124.00000000000000,0.0000000000000000
10.000000000000000,124.00000000000000,0.0000000000000000
11.000000000000000,124.00000000000000,0.0000000000000000
12.000000000000000,124.00000000000000,0.0000000000000000
13.000000000000000,124.00000000000000,0.0000000000000000
14.000000000000000,124.00000000000000,0.0000000000000000
15.000000000000000,124.00000000000000,0.0000000000000000
16.000000000000000,124.00000000000000,0.0000000000000000
17.000000000000000,124.00000000000000,0.0000000000000000
18.000000000000000,124.00000000000000,0.0000000000000000
19.000000000000000,124.00000000000000,0.0000000000000000
20.000000000000000,124.00000000000000,0.0000000000000000
21.000000000000000,124.00000000000000,0.0000000000000000
22.000000000000000,124.00000000000000,0.0000000000000000
23.000000000000000,124.00000000000000,0.0000000000000000
24.000000000000000,124.00000000000000,0.0000000000000000
25.000000000000000,124.00000000000000,0.0000000000000000
26.000000000000000,124.00000000000000,0.0000000000000000
27.000000000000000,124.00000000000000,0.0000000000000000
28.000000000000000,124.00000000000000,0.0000000000000000
29.000000000000000,124.00000000000000,0.0000000000000000
30.000000000000000,124.00000000000000,0.0000000000000000
31.000000000000000,124.00000000000000,0.0000000000000000
32.000000000000000,124.00000000000000,0.0000000000000000
33.000000000000000,124.00000000000000,0.0000000000000000
34.000000000000000,124.00000000000000,0.0000000000000000
35.000000000000000,124.00000000000000,0.0000000000000000
36.000000000000000,124.00000000000000,0.0000000000000000
37.000000000000000,124.00000000000000,0.0000000000000000
38.000000000000000,124.00000000000000,0.0000000000000000
39.000000000000000,124.00000000000000,0.0000000000000000
40.000000000000000,124.00000000000000,0.0000000000000000
41.000000000000000,124.00000000000000,0.0000000000000000
42.000000000000000,124.00000000000000,0.0000000000000000
43.000000000000000,124.00000000000000,0.0000000000000000
44.000000000000000,124.00000000000000,0.0000000000000000
45.000000000000000,124.00000000000000,0.0000000000000000
46.000000000000000,124.00000000000000,0.0000000000000000
47.000000000000000,124.00000000000000,0.0000000000000000
48.000000000000000,124.00000000000000,0.0000000000000000
49.000000000000000,124.00000000000000,0.0000000000000000
50.000000000000000,124.00000000000000,0.0000000000000000
51.000000000000000,124.00000000000000,0.0000000000000000
52.000000000000000,124.00000000000000,0.0000000000000000
53.000000000000000,124.00000000000000,0.0000000000000000
54.000000000000000,124.00000000000000,0.0000000000000000
55.000000000000000,124.00000000000000,0.0000000000000000
56.000000000000000,124.00000000000000,0.0000000000000000
57.000000000000000,124.00000000000000,0.0000000000000000
58.000000000000000,124.00000000000000,0.0000000000000000
59.000000000000000,124.00000000000000,0.0000000000000000
60.000000000000000,124.00000000000000,0.0000000000000000
61.000000000000000,124.00000000000000,0.0000000000000000
62.000000000000000,124.00000000000000,0.0000000000000000
63.000000000000000,124.00000000000000,0.0000000000000000
64.000000000000000,124.00000000000000,0.0000000000000000
65.000000000000000,124.00000000000000,0.0000000000000000
66.000000000000000,124.00000000000000,0.0000000000000000
67.000000000000000,124.00000000000000,0.0000000000000000
68.000000000000000,124.00000000000000,0.0000000000000000
69.000000000000000,124.00000000000000,0.0000000000000000
70.000000000000000,124.00000000000000,0.0000000000000000
71.000000000000000,124.00000000000000,0.0000000000000000
72.000000000000000,124.00000000000000,0.0000000000000000
73.000000000000000,124.00000000000000,0.0000000000000000
74.000000000000000,124.00000000000000,0.0000000000000000
75.000000000000000,124.00000000000000,0.0000000000000000
76.000000000000000,124.00000000000000,0.0000000000000000
77.000000000000000,124.00000000000000,0.0000000000000000
78.000000000000000,124.00000000000000,0.0000000000000000
79.000000000000000,124.00000000000000,0.0000000000000000
80.000000000000000,124.00000000000000,0.0000000000000000
81.000000000000000,124.00000000000000,0.0000000000000000
82.000000000000000,124.00000000000000,0.0000000000000000
83.000000000000000,124.00000000000000,0.0000000000000000
84.000000000000000,124.00000000000000,0.0000000000000000
85.000000000000000,124.00000000000000,0.0000000000000000
86.000000000000000,124.00000000000000,0.0000000000000000
87.000000000000000,124.00000000000000,0.0000000000000000
88.000000000000000,124.00000000000000,0.0000000000000000
89.000000000000000,124.00000000000000,0.0000000000000000
90.000000000000000,124.00000000000000,0.0000000000000000
91.000000000000000,124.00000000000000,0.0000000000000000
92.000000000000000,124.00000000000000,0.0000000000000000
93.000000000000000,124.00000000000000,0.0000000000000000
94.000000000000000,124.00000000000000,0.0000000000000000
95.000000000000000,124.00000000000000,0.0000000000000000
96.000000000000000,124.00000000000000,0.0000000000000000
97.000000000000000,124.00000000000000,0.0000000000000000
98.000000000000000,124.00000000000000,0.0000000000000000
99.000000000000000,124.00000000000000,0.0000000000000000
100.00000000000000,124.00000000000000,0.0000000000000000
101.00000000000000,124.00000000000000,0.0000000000000000
102.00000000000000,124.00000000000000,0.0000000000000000
103.00000000000000,124.00000000000000,0.0000000000000000
104.00000000000000,124.00000000000000,0.0000000000000000
105.00000000000000,124.00000000000000,0.0000000000000000
106.00000000000000,124.00000000000000,0.0000000000000000
107.00000000000000,124.00000000000000,0.0000000000000000
108.00000000000000,124.00000000000000,0.0000000000000000
109.00000000000000,124.00000000000000,0.0000000000000000
110.00000000000000,124.00000000000000,0.0000000000000000
111.00000000000000,124.00000000000000,0.0000000000000000
112.00000000000000,124.00000000000000,0.0000000000000000
113.00000000000000,124.00000000000000,0.0000000000000000
1.0000000000000000,125.00000000000000,0.0000000000000000
2.0000000000000000,125.00000000000000,0.0000000000000000
3.0000000000000000,125.00000000000000,0.0000000000000000
4.0000000000000000,125.00000000000000,0.0000000000000000
5.0000000000000000,125.00000000000000,0.0000000000000000
6.0000000000000000,125.00000000000000,0.0000000000000000
7.0000000000000000,125.00000000000000,0.0000000000000000
8.0000000000000000,125.00000000000000,0.0000000000000000
9.0000000000000000,125.00000000000000,0.0000000000000000
10.000000000000000,125.00000000000000,0.0000000000000000
11.000000000000000,125.00000000000000,0.0000000000000000
12.000000000000000,125.00000000000000,0.0000000000000000
13.000000000000000,125.00000000000000,0.0000000000000000
14.000000000000000,125.00000000000000,0.0000000000000000
15.000000000000000,125.00000000000000,0.0000000000000000
16.000000000000000,125.00000000000000,0.0000000000000000
17.000000000000000,125.00000000000000,0.0000000000000000
18.000000000000000,125.00000000000000,0.0000000000000000
19.000000000000000,125.00000000000000,0.0000000000000000
20.000000000000000,125.00000000000000,0.0000000000000000
21.000000000000000,125.00000000000000,0.0000000000000000
22.000000000000000,125.00000000000000,0.0000000000000000
23.000000000000000,125.00000000000000,0.0000000000000000
24.000000000000000,125.00000000000000,0.0000000000000000
25.000000000000000,125.00000000000000,0.0000000000000000
26.000000000000000,125.00000000000000,0.0000000000000000
27.000000000000000,125.00000000000000,0.0000000000000000
28.000000000000000,125.00000000000000,0.0000000000000000
29.000000000000000,125.00000000000000,0.0000000000000000
30.000000000000000,125.00000000000000,0.0000000000000000
31.000000000000000,125.00000000000000,0.0000000000000000
32.000000000000000,125.00000000000000,0.0000000000000000
33.000000000000000,125.00000000000000,0.0000000000000000
34.000000000000000,125.00000000000000,0.0000000000000000
35.000000000000000,125.00000000000000,0.0000000000000000
36.000000000000000,125.00000000000000,0.0000000000000000
37.000000000000000,125.00000000000000,0.0000000000000000
38.000000000000000,125.00000000000000,0.0000000000000000
39.000000000000000,125.00000000000000,0.0000000000000000
40.000000000000000,125.00000000000000,0.0000000000000000
41.000000000000000,125.00000000000000,0.0000000000000000
42.000000000000000,125.00000000000000,0.0000000000000000
43.000000000000000,125.00000000000000,0.0000000000000000
44.000000000000000,125.00000000000000,0.0000000000000000
45.000000000000000,125.00000000000000,0.0000000000000000
46.000000000000000,125.00000000000000,0.0000000000000000
47.000000000000000,125.00000000000000,0.0000000000000000
48.000000000000000,125.00000000000000,0.0000000000000000
49.000000000000000,125.00000000000000,0.0000000000000000
50.000000000000000,125.00000000000000,0.0000000000000000
51.000000000000000,125.00000000000000,0.0000000000000000
52.000000000000000,125.00000000000000,0.0000000000000000
53.000000000000000,125.00000000000000,0.0000000000000000
54.000000000000000,125.00000000000000,0.0000000000000000
55.000000000000000,125.00000000000000,0.0000000000000000
56.000000000000000,125.00000000000000,0.0000000000000000
57.000000000000000,125.00000000000000,0.0000000000000000
58.000000000000000,125.00000000000000,0.0000000000000000
59.000000000000000,125.00000000000000,0.0000000000000000
60.000000000000000,125.00000000000000,0.0000000000000000
61.000000000000000,125.00000000000000,0.0000000000000000
62.000000000000000,125.00000000000000,0.0000000000000000
63.000000000000000,125.00000000000000,0.0000000000000000
64.000000000000000,125.00000000000000,0.0000000000000000
65.000000000000000,125.00000000000000,0.0000000000000000
66.000000000000000,125.00000000000000,0.0000000000000000
67.000000000000000,125.00000000000000,0.0000000000000000
68.000000000000000,125.00000000000000,0.0000000000000000
69.000000000000000,125.00000000000000,0.0000000000000000
70.000000000000000,125.00000000000000,0.0000000000000000
71.000000000000000,125.00000000000000,0.0000000000000000
72.000000000000000,125.00000000000000,0.0000000000000000
73.000000000000000,125.00000000000000,0.0000000000000000
74.000000000000000,125.00000000000000,0.0000000000000000
75.000000000000000,125.00000000000000,0.0000000000000000
76.000000000000000,125.00000000000000,0.0000000000000000
77.000000000000000,125.00000000000000,0.0000000000000000
78.000000000000000,125.00000000000000,0.0000000000000000
79.000000000000000,125.00000000000000,0.0000000000000000
80.000000000000000,125.00000000000000,0.0000000000000000
81.000000000000000,125.00000000000000,0.0000000000000000
82.000000000000000,125.00000000000000,0.0000000000000000
83.000000000000000,125.00000000000000,0.0000000000000000
84.000000000000000,125.00000000000000,0.0000000000000000
85.000000000000000,125.00000000000000,0.0000000000000000
86.000000000000000,125.00000000000000,0.0000000000000000
87.000000000000000,125.00000000000000,0.0000000000000000
88.000000000000000,125.00000000000000,0.0000000000000000
89.000000000000000,125.00000000000000,0.0000000000000000
90.000000000000000,125.00000000000000,0.0000000000000000
91.000000000000000,125.00000000000000,0.0000000000000000
92.000000000000000,125.00000000000000,0.0000000000000000
93.000000000000000,125.00000000000000,0.0000000000000000
94.000000000000000,125.00000000000000,0.0000000000000000
95.000000000000000,125.00000000000000,0.0000000000000000
96.000000000000000,125.00000000000000,0.0000000000000000
97.000000000000000,125.00000000000000,0.0000000000000000
98.000000000000000,125.00000000000000,0.0000000000000000
99.000000000000000,125.00000000000000,0.0000000000000000
100.00000000000000,125.00000000000000,0.0000000000000000
101.00000000000000,125.00000000000000,0.0000000000000000
102.00000000000000,125.00000000000000,0.0000000000000000
103.00000000000000,125.00000000000000,0.0000000000000000
104.00000000000000,125.00000000000000,0.0000000000000000
105.00000000000000,125.00000000000000,0.0000000000000000
106.00000000000000,125.00000000000000,0.0000000000000000
107.00000000000000,125.00000000000000,0.0000000000000000
108.00000000000000,125.00000000000000,0.0000000000000000
109.00000000000000,125.00000000000000,0.0000000000000000
110.00000000000000,125.00000000000000,0.0000000000000000
111.00000000000000,125.00000000000000,0.0000000000000000
112.00000000000000,125.00000000000000,0.0000000000000000
113.00000000000000,125.00000000000000,0.0000000000000000
1.0000000000000000,126.00000000000000,0.0000000000000000
2.0000000000000000,126.00000000000000,0.0000000000000000
3.0000000000000000,126.00000000000000,0.0000000000000000
4.0000000000000000,126.00000000000000,0.0000000000000000
5.0000000000000000,126.00000000000000,0.0000000000000000
6.0000000000000000,126.00000000000000,0.0000000000000000
7.0000000000000000,126.00000000000000,0.0000000000000000
8.0000000000000000,126.00000000000000,0.0000000000000000
9.0000000000000000,126.00000000000000,0.0000000000000000
10.000000000000000,126.00000000000000,0.0000000000000000
11.000000000000000,126.00000000000000,0.0000000000000000
12.000000000000000,126.00000000000000,0.0000000000000000
13.000000000000000,126.00000000000000,0.0000000000000000
14.000000000000000,126.00000000000000,0.0000000000000000
15.000000000000000,126.00000000000000,0.0000000000000000
16.000000000000000,126.00000000000000,0.0000000000000000
17.000000000000000,126.00000000000000,0.0000000000000000
18.000000000000000,126.00000000000000,0.0000000000000000
19.000000000000000,126.00000000000000,0.0000000000000000
20.000000000000000,126.00000000000000,0.0000000000000000
21.000000000000000,126.00000000000000,0.0000000000000000
22.000000000000000,126.00000000000000,0.0000000000000000
23.000000000000000,126.00000000000000,0.0000000000000000
24.000000000000000,126.00000000000000,0.0000000000000000
25.000000000000000,126.00000000000000,0.0000000000000000
26.000000000000000,126.00000000000000,0.0000000000000000
27.000000000000000,126.00000000000000,0.0000000000000000
28.000000000000000,126.00000000000000,0.0000000000000000
29.000000000000000,126.00000000000000,0.0000000000000000
30.000000000000000,126.00000000000000,0.0000000000000000
31.000000000000000,126.00000000000000,0.0000000000000000
32.000000000000000,126.00000000000000,0.0000000000000000
33.000000000000000,126.00000000000000,0.0000000000000000
34.000000000000000,126.00000000000000,0.0000000000000000
35.000000000000000,126.00000000000000,0.0000000000000000
36.000000000000000,126.00000000000000,0.0000000000000000
37.000000000000000,126.00000000000000,0.0000000000000000
38.000000000000000,126.00000000000000,0.0000000000000000
39.000000000000000,126.00000000000000,0.0000000000000000
40.000000000000000,126.00000000000000,0.0000000000000000
41.000000000000000,126.00000000000000,0.0000000000000000
42.000000000000000,126.00000000000000,0.0000000000000000
43.000000000000000,126.00000000000000,0.0000000000000000
44.000000000000000,126.00000000000000,0.0000000000000000
45.000000000000000,126.00000000000000,0.0000000000000000
46.000000000000000,126.00000000000000,0.0000000000000000
47.000000000000000,126.00000000000000,0.0000000000000000
48.000000000000000,126.00000000000000,0.0000000000000000
49.000000000000000,126.00000000000000,0.0000000000000000
50.000000000000000,126.00000000000000,0.0000000000000000
51.000000000000000,126.00000000000000,0.0000000000000000
52.000000000000000,126.00000000000000,0.0000000000000000
53.000000000000000,126.00000000000000,0.0000000000000000
54.000000000000000,126.00000000000000,0.0000000000000000
55.000000000000000,126.00000000000000,0.0000000000000000
56.000000000000000,126.00000000000000,0.0000000000000000
57.000000000000000,126.00000000000000,0.0000000000000000
58.000000000000000,126.00000000000000,0.0000000000000000
59.000000000000000,126.00000000000000,0.0000000000000000
60.000000000000000,126.00000000000000,0.0000000000000000
61.000000000000000,126.00000000000000,0.0000000000000000
62.000000000000000,126.00000000000000,0.0000000000000000
63.000000000000000,126.00000000000000,0.0000000000000000
64.000000000000000,126.00000000000000,0.0000000000000000
65.000000000000000,126.00000000000000,0.0000000000000000
66.000000000000000,126.00000000000000,0.0000000000000000
67.000000000000000,126.00000000000000,0.0000000000000000
68.000000000000000,126.00000000000000,0.0000000000000000
69.000000000000000,126.00000000000000,0.0000000000000000
70.000000000000000,126.00000000000000,0.0000000000000000
71.000000000000000,126.00000000000000,0.0000000000000000
72.000000000000000,126.00000000000000,0.0000000000000000
73.000000000000000,126.00000000000000,0.0000000000000000
74.000000000000000,126.00000000000000,0.0000000000000000
75.000000000000000,126.00000000000000,0.0000000000000000
76.000000000000000,126.00000000000000,0.0000000000000000
77.000000000000000,126.00000000000000,0.0000000000000000
78.000000000000000,126.00000000000000,0.0000000000000000
79.000000000000000,126.00000000000000,0.0000000000000000
80.000000000000000,126.00000000000000,0.0000000000000000
81.000000000000000,126.00000000000000,0.0000000000000000
82.000000000000000,126.00000000000000,0.0000000000000000
83.000000000000000,126.00000000000000,0.0000000000000000
84.000000000000000,126.00000000000000,0.0000000000000000
85.000000000000000,126.00000000000000,0.0000000000000000
86.000000000000000,126.00000000000000,0.0000000000000000
87.000000000000000,126.00000000000000,0.0000000000000000
88.000000000000000,126.00000000000000,0.0000000000000000
89.000000000000000,126.00000000000000,0.0000000000000000
90.000000000000000,126.00000000000000,0.0000000000000000
91.000000000000000,126.00000000000000,0.0000000000000000
92.000000000000000,126.00000000000000,0.0000000000000000
93.000000000000000,126.00000000000000,0.0000000000000000
94.000000000000000,126.00000000000000,0.0000000000000000
95.000000000000000,126.00000000000000,0.0000000000000000
96.000000000000000,126.00000000000000,0.0000000000000000
97.000000000000000,126.00000000000000,0.0000000000000000
98.000000000000000,126.00000000000000,0.0000000000000000
99.000000000000000,126.00000000000000,0.0000000000000000
100.00000000000000,126.00000000000000,0.0000000000000000
101.00000000000000,126.00000000000000,0.0000000000000000
102.00000000000000,126.00000000000000,0.0000000000000000
103.00000000000000,126.00000000000000,0.0000000000000000
104.00000000000000,126.00000000000000,0.0000000000000000
105.00000000000000,126.00000000000000,0.0000000000000000
106.00000000000000,126.00000000000000,0.0000000000000000
107.00000000000000,126.00000000000000,0.0000000000000000
108.00000000000000,126.00000000000000,0.0000000000000000
109.00000000000000,126.00000000000000,0.0000000000000000
110.00000000000000,126.00000000000000,0.0000000000000000
111.00000000000000,126.00000000000000,0.0000000000000000
112.00000000000000,126.00000000000000,0.0000000000000000
113.00000000000000,126.00000000000000,0.0000000000000000
1.0000000000000000,127.00000000000000,0.0000000000000000
2.0000000000000000,127.00000000000000,0.0000000000000000
3.0000000000000000,127.00000000000000,0.0000000000000000
4.0000000000000000,127.00000000000000,0.0000000000000000
5.0000000000000000,127.00000000000000,0.0000000000000000
6.0000000000000000,127.00000000000000,0.0000000000000000
7.0000000000000000,127.00000000000000,0.0000000000000000
8.0000000000000000,127.00000000000000,0.0000000000000000
9.0000000000000000,127.00000000000000,0.0000000000000000
10.000000000000000,127.00000000000000,0.0000000000000000
11.000000000000000,127.00000000000000,0.0000000000000000
12.000000000000000,127.00000000000000,0.0000000000000000
13.000000000000000,127.00000000000000,0.0000000000000000
14.000000000000000,127.00000000000000,0.0000000000000000
15.000000000000000,127.00000000000000,0.0000000000000000
16.000000000000000,127.00000000000000,0.0000000000000000
17.000000000000000,127.00000000000000,0.0000000000000000
18.000000000000000,127.00000000000000,0.0000000000000000
19.000000000000000,127.00000000000000,0.0000000000000000
20.000000000000000,127.00000000000000,0.0000000000000000
21.000000000000000,127.00000000000000,0.0000000000000000
22.000000000000000,127.00000000000000,0.0000000000000000
23.000000000000000,127.00000000000000,0.0000000000000000
24.000000000000000,127.00000000000000,0.0000000000000000
25.000000000000000,127.00000000000000,0.0000000000000000
26.000000000000000,127.00000000000000,0.0000000000000000
27.000000000000000,127.00000000000000,0.0000000000000000
28.000000000000000,127.00000000000000,0.0000000000000000
29.000000000000000,127.00000000000000,0.0000000000000000
30.000000000000000,127.00000000000000,0.0000000000000000
31.000000000000000,127.00000000000000,0.0000000000000000
32.000000000000000,127.00000000000000,0.0000000000000000
33.000000000000000,127.00000000000000,0.0000000000000000
34.000000000000000,127.00000000000000,0.0000000000000000
35.000000000000000,127.00000000000000,0.0000000000000000
36.000000000000000,127.00000000000000,0.0000000000000000
37.000000000000000,127.00000000000000,0.0000000000000000
38.000000000000000,127.00000000000000,0.0000000000000000
39.000000000000000,127.00000000000000,0.0000000000000000
40.000000000000000,127.00000000000000,0.0000000000000000
41.000000000000000,127.00000000000000,0.0000000000000000
42.000000000000000,127.00000000000000,0.0000000000000000
43.000000000000000,127.00000000000000,0.0000000000000000
44.000000000000000,127.00000000000000,0.0000000000000000
45.000000000000000,127.00000000000000,0.0000000000000000
46.000000000000000,127.00000000000000,0.0000000000000000
47.000000000000000,127.00000000000000,0.0000000000000000
48.000000000000000,127.00000000000000,0.0000000000000000
49.000000000000000,127.00000000000000,0.0000000000000000
50.000000000000000,127.00000000000000,0.0000000000000000
51.000000000000000,127.00000000000000,0.0000000000000000
52.000000000000000,127.00000000000000,0.0000000000000000
53.000000000000000,127.00000000000000,0.0000000000000000
54.000000000000000,127.00000000000000,0.0000000000000000
55.000000000000000,127.00000000000000,0.0000000000000000
56.000000000000000,127.00000000000000,0.0000000000000000
57.000000000000000,127.00000000000000,0.0000000000000000
58.000000000000000,127.00000000000000,0.0000000000000000
59.000000000000000,127.00000000000000,0.0000000000000000
60.000000000000000,127.00000000000000,0.0000000000000000
61.000000000000000,127.00000000000000,0.0000000000000000
62.000000000000000,127.00000000000000,0.0000000000000000
63.000000000000000,127.00000000000000,0.0000000000000000
64.000000000000000,127.00000000000000,0.0000000000000000
65.000000000000000,127.00000000000000,0.0000000000000000
66.000000000000000,127.00000000000000,0.0000000000000000
67.000000000000000,127.00000000000000,0.0000000000000000
68.000000000000000,127.00000000000000,0.0000000000000000
69.000000000000000,127.00000000000000,0.0000000000000000
70.000000000000000,127.00000000000000,0.0000000000000000
71.000000000000000,127.00000000000000,0.0000000000000000
72.000000000000000,127.00000000000000,0.0000000000000000
73.000000000000000,127.00000000000000,0.0000000000000000
74.000000000000000,127.00000000000000,0.0000000000000000
75.000000000000000,127.00000000000000,0.0000000000000000
76.000000000000000,127.00000000000000,0.0000000000000000
77.000000000000000,127.00000000000000,0.0000000000000000
78.000000000000000,127.00000000000000,0.0000000000000000
79.000000000000000,127.00000000000000,0.0000000000000000
80.000000000000000,127.00000000000000,0.0000000000000000
81.000000000000000,127.00000000000000,0.0000000000000000
82.000000000000000,127.00000000000000,0.0000000000000000
83.000000000000000,127.00000000000000,0.0000000000000000
84.000000000000000,127.00000000000000,0.0000000000000000
85.000000000000000,127.00000000000000,0.0000000000000000
86.000000000000000,127.00000000000000,0.0000000000000000
87.000000000000000,127.00000000000000,0.0000000000000000
88.000000000000000,127.00000000000000,0.0000000000000000
89.000000000000000,127.00000000000000,0.0000000000000000
90.000000000000000,127.00000000000000,0.0000000000000000
91.000000000000000,127.00000000000000,0.0000000000000000
92.000000000000000,127.00000000000000,0.0000000000000000
93.000000000000000,127.00000000000000,0.0000000000000000
94.000000000000000,127.00000000000000,0.0000000000000000
95.000000000000000,127.00000000000000,0.0000000000000000
96.000000000000000,127.00000000000000,0.0000000000000000
97.000000000000000,127.00000000000000,0.0000000000000000
98.000000000000000,127.00000000000000,0.0000000000000000
99.000000000000000,127.00000000000000,0.0000000000000000
100.00000000000000,127.00000000000000,0.0000000000000000
101.00000000000000,127.00000000000000,0.0000000000000000
102.00000000000000,127.00000000000000,0.0000000000000000
103.00000000000000,127.00000000000000,0.0000000000000000
104.00000000000000,127.00000000000000,0.0000000000000000
105.00000000000000,127.00000000000000,0.0000000000000000
106.00000000000000,127.00000000000000,0.0000000000000000
107.00000000000000,127.00000000000000,0.0000000000000000
108.00000000000000,127.00000000000000,0.0000000000000000
109.00000000000000,127.00000000000000,0.0000000000000000
110.00000000000000,127.00000000000000,0.0000000000000000
111.00000000000000,127.00000000000000,0.0000000000000000
112.00000000000000,127.00000000000000,0.0000000000000000
113.00000000000000,127.00000000000000,0.0000000000000000
1.0000000000000000,128.00000000000000,0.0000000000000000
2.0000000000000000,128.00000000000000,0.0000000000000000
3.0000000000000000,128.00000000000000,0.0000000000000000
4.0000000000000000,128.00000000000000,0.0000000000000000
5.0000000000000000,128.00000000000000,0.0000000000000000
6.0000000000000000,128.00000000000000,0.0000000000000000
7.0000000000000000,128.00000000000000,0.0000000000000000
8.0000000000000000,128.00000000000000,0.0000000000000000
9.0000000000000000,128.00000000000000,0.0000000000000000
10.000000000000000,128.00000000000000,0.0000000000000000
11.000000000000000,128.00000000000000,0.0000000000000000
12.000000000000000,128.00000000000000,0.0000000000000000
13.000000000000000,128.00000000000000,0.0000000000000000
14.000000000000000,128.00000000000000,0.0000000000000000
15.000000000000000,128.00000000000000,0.0000000000000000
16.000000000000000,128.00000000000000,0.0000000000000000
17.000000000000000,128.00000000000000,0.0000000000000000
18.000000000000000,128.00000000000000,0.0000000000000000
19.000000000000000,128.00000000000000,0.0000000000000000
20.000000000000000,128.00000000000000,0.0000000000000000
21.000000000000000,128.00000000000000,0.0000000000000000
22.000000000000000,128.00000000000000,0.0000000000000000
23.000000000000000,128.00000000000000,0.0000000000000000
24.000000000000000,128.00000000000000,0.0000000000000000
25.000000000000000,128.00000000000000,0.0000000000000000
26.000000000000000,128.00000000000000,0.0000000000000000
27.000000000000000,128.00000000000000,0.0000000000000000
28.000000000000000,128.00000000000000,0.0000000000000000
29.000000000000000,128.00000000000000,0.0000000000000000
30.000000000000000,128.00000000000000,0.0000000000000000
31.000000000000000,128.00000000000000,0.0000000000000000
32.000000000000000,128.00000000000000,0.0000000000000000
33.000000000000000,128.00000000000000,0.0000000000000000
34.000000000000000,128.00000000000000,0.0000000000000000
35.000000000000000,128.00000000000000,0.0000000000000000
36.000000000000000,128.00000000000000,0.0000000000000000
37.000000000000000,128.00000000000000,0.0000000000000000
38.000000000000000,128.00000000000000,0.0000000000000000
39.000000000000000,128.00000000000000,0.0000000000000000
40.000000000000000,128.00000000000000,0.0000000000000000
41.000000000000000,128.00000000000000,0.0000000000000000
42.000000000000000,128.00000000000000,0.0000000000000000
43.000000000000000,128.00000000000000,0.0000000000000000
44.000000000000000,128.00000000000000,0.0000000000000000
45.000000000000000,128.00000000000000,0.0000000000000000
46.000000000000000,128.00000000000000,0.0000000000000000
47.000000000000000,128.00000000000000,0.0000000000000000
48.000000000000000,128.00000000000000,0.0000000000000000
49.000000000000000,128.00000000000000,0.0000000000000000
50.000000000000000,128.00000000000000,0.0000000000000000
51.000000000000000,128.00000000000000,0.0000000000000000
52.000000000000000,128.00000000000000,0.0000000000000000
53.000000000000000,128.00000000000000,0.0000000000000000
54.000000000000000,128.00000000000000,0.0000000000000000
55.000000000000000,128.00000000000000,0.0000000000000000
56.000000000000000,128.00000000000000,0.0000000000000000
57.000000000000000,128.00000000000000,0.0000000000000000
58.000000000000000,128.00000000000000,0.0000000000000000
59.000000000000000,128.00000000000000,0.0000000000000000
60.000000000000000,128.00000000000000,0.0000000000000000
61.000000000000000,128.00000000000000,0.0000000000000000
62.000000000000000,128.00000000000000,0.0000000000000000
63.000000000000000,128.00000000000000,0.0000000000000000
64.000000000000000,128.00000000000000,0.0000000000000000
65.000000000000000,128.00000000000000,0.0000000000000000
66.000000000000000,128.00000000000000,0.0000000000000000
67.000000000000000,128.00000000000000,0.0000000000000000
68.000000000000000,128.00000000000000,0.0000000000000000
69.000000000000000,128.00000000000000,0.0000000000000000
70.000000000000000,128.00000000000000,0.0000000000000000
71.000000000000000,128.00000000000000,0.0000000000000000
72.000000000000000,128.00000000000000,0.0000000000000000
73.000000000000000,128.00000000000000,0.0000000000000000
74.000000000000000,128.00000000000000,0.0000000000000000
75.000000000000000,128.00000000000000,0.0000000000000000
76.000000000000000,128.00000000000000,0.0000000000000000
77.000000000000000,128.00000000000000,0.0000000000000000
78.000000000000000,128.00000000000000,0.0000000000000000
79.000000000000000,128.00000000000000,0.0000000000000000
80.000000000000000,128.00000000000000,0.0000000000000000
81.000000000000000,128.00000000000000,0.0000000000000000
82.000000000000000,128.00000000000000,0.0000000000000000
83.000000000000000,128.00000000000000,0.0000000000000000
84.000000000000000,128.00000000000000,0.0000000000000000
85.000000000000000,128.00000000000000,0.0000000000000000
86.000000000000000,128.00000000000000,0.0000000000000000
87.000000000000000,128.00000000000000,0.0000000000000000
88.000000000000000,128.00000000000000,0.0000000000000000
89.000000000000000,128.00000000000000,0.0000000000000000
90.000000000000000,128.00000000000000,0.0000000000000000
91.000000000000000,128.00000000000000,0.0000000000000000
92.000000000000000,128.00000000000000,0.0000000000000000
93.000000000000000,128.00000000000000,0.0000000000000000
94.000000000000000,128.00000000000000,0.0000000000000000
95.000000000000000,128.00000000000000,0.0000000000000000
96.000000000000000,128.00000000000000,0.0000000000000000
97.000000000000000,128.00000000000000,0.0000000000000000
98.000000000000000,128.00000000000000,0.0000000000000000
99.000000000000000,128.00000000000000,0.0000000000000000
100.00000000000000,128.00000000000000,0.0000000000000000
101.00000000000000,128.00000000000000,0.0000000000000000
102.00000000000000,128.00000000000000,0.0000000000000000
103.00000000000000,128.00000000000000,0.0000000000000000
104.00000000000000,128.00000000000000,0.0000000000000000
105.00000000000000,128.00000000000000,0.0000000000000000
106.00000000000000,128.00000000000000,0.0000000000000000
107.00000000000000,128.00000000000000,0.0000000000000000
108.00000000000000,128.00000000000000,0.0000000000000000
109.00000000000000,128.00000000000000,0.0000000000000000
110.00000000000000,128.00000000000000,0.0000000000000000
111.00000000000000,128.00000000000000,0.0000000000000000
112.00000000000000,128.00000000000000,0.0000000000000000
113.00000000000000,128.00000000000000,0.0000000000000000
1.0000000000000000,129.00000000000000,0.0000000000000000
2.0000000000000000,129.00000000000000,0.0000000000000000
3.0000000000000000,129.00000000000000,0.0000000000000000
4.0000000000000000,129.00000000000000,0.0000000000000000
5.0000000000000000,129.00000000000000,0.0000000000000000
6.0000000000000000,129.00000000000000,0.0000000000000000
7.0000000000000000,129.00000000000000,0.0000000000000000
8.0000000000000000,129.00000000000000,0.0000000000000000
9.0000000000000000,129.00000000000000,0.0000000000000000
10.000000000000000,129.00000000000000,0.0000000000000000
11.000000000000000,129.00000000000000,0.0000000000000000
12.000000000000000,129.00000000000000,0.0000000000000000
13.000000000000000,129.00000000000000,0.0000000000000000
14.000000000000000,129.00000000000000,0.0000000000000000
15.000000000000000,129.00000000000000,0.0000000000000000
16.000000000000000,129.00000000000000,0.0000000000000000
17.000000000000000,129.00000000000000,0.0000000000000000
18.000000000000000,129.00000000000000,0.0000000000000000
19.000000000000000,129.00000000000000,0.0000000000000000
20.000000000000000,129.00000000000000,0.0000000000000000
21.000000000000000,129.00000000000000,0.0000000000000000
22.000000000000000,129.00000000000000,0.0000000000000000
23.000000000000000,129.00000000000000,0.0000000000000000
24.000000000000000,129.00000000000000,0.0000000000000000
25.000000000000000,129.00000000000000,0.0000000000000000
26.000000000000000,129.00000000000000,0.0000000000000000
27.000000000000000,129.00000000000000,0.0000000000000000
28.000000000000000,129.00000000000000,0.0000000000000000
29.000000000000000,129.00000000000000,0.0000000000000000
30.000000000000000,129.00000000000000,0.0000000000000000
31.000000000000000,129.00000000000000,0.0000000000000000
32.000000000000000,129.00000000000000,0.0000000000000000
33.000000000000000,129.00000000000000,0.0000000000000000
34.000000000000000,129.00000000000000,0.0000000000000000
35.000000000000000,129.00000000000000,0.0000000000000000
36.000000000000000,129.00000000000000,0.0000000000000000
37.000000000000000,129.00000000000000,0.0000000000000000
38.000000000000000,129.00000000000000,0.0000000000000000
39.000000000000000,129.00000000000000,0.0000000000000000
40.000000000000000,129.00000000000000,0.0000000000000000
41.000000000000000,129.00000000000000,0.0000000000000000
42.000000000000000,129.00000000000000,0.0000000000000000
43.000000000000000,129.00000000000000,0.0000000000000000
44.000000000000000,129.00000000000000,0.0000000000000000
45.000000000000000,129.00000000000000,0.0000000000000000
46.000000000000000,129.00000000000000,0.0000000000000000
47.000000000000000,129.00000000000000,0.0000000000000000
48.000000000000000,129.00000000000000,0.0000000000000000
49.000000000000000,129.00000000000000,0.0000000000000000
50.000000000000000,129.00000000000000,0.0000000000000000
51.000000000000000,129.00000000000000,0.0000000000000000
52.000000000000000,129.00000000000000,0.0000000000000000
53.000000000000000,129.00000000000000,0.0000000000000000
54.000000000000000,129.00000000000000,0.0000000000000000
55.000000000000000,129.00000000000000,0.0000000000000000
56.000000000000000,129.00000000000000,0.0000000000000000
57.000000000000000,129.00000000000000,0.0000000000000000
58.000000000000000,129.00000000000000,0.0000000000000000
59.000000000000000,129.00000000000000,0.0000000000000000
60.000000000000000,129.00000000000000,0.0000000000000000
61.000000000000000,129.00000000000000,0.0000000000000000
62.000000000000000,129.00000000000000,0.0000000000000000
63.000000000000000,129.00000000000000,0.0000000000000000
64.000000000000000,129.00000000000000,0.0000000000000000
65.000000000000000,129.00000000000000,0.0000000000000000
66.000000000000000,129.00000000000000,0.0000000000000000
67.000000000000000,129.00000000000000,0.0000000000000000
68.000000000000000,129.00000000000000,0.0000000000000000
69.000000000000000,129.00000000000000,0.0000000000000000
70.000000000000000,129.00000000000000,0.0000000000000000
71.000000000000000,129.00000000000000,0.0000000000000000
72.000000000000000,129.00000000000000,0.0000000000000000
73.000000000000000,129.00000000000000,0.0000000000000000
74.000000000000000,129.00000000000000,0.0000000000000000
75.000000000000000,129.00000000000000,0.0000000000000000
76.000000000000000,129.00000000000000,0.0000000000000000
77.000000000000000,129.00000000000000,0.0000000000000000
78.000000000000000,129.00000000000000,0.0000000000000000
79.000000000000000,129.00000000000000,0.0000000000000000
80.000000000000000,129.00000000000000,0.0000000000000000
81.000000000000000,129.00000000000000,0.0000000000000000
82.000000000000000,129.00000000000000,0.0000000000000000
83.000000000000000,129.00000000000000,0.0000000000000000
84.000000000000000,129.00000000000000,0.0000000000000000
85.000000000000000,129.00000000000000,0.0000000000000000
86.000000000000000,129.00000000000000,0.0000000000000000
87.000000000000000,129.00000000000000,0.0000000000000000
88.000000000000000,129.00000000000000,0.0000000000000000
89.000000000000000,129.00000000000000,0.0000000000000000
90.000000000000000,129.00000000000000,0.0000000000000000
91.000000000000000,129.00000000000000,0.0000000000000000
92.000000000000000,129.00000000000000,0.0000000000000000
93.000000000000000,129.00000000000000,0.0000000000000000
94.000000000000000,129.00000000000000,0.0000000000000000
95.000000000000000,129.00000000000000,0.0000000000000000
96.000000000000000,129.00000000000000,0.0000000000000000
97.000000000000000,129.00000000000000,0.0000000000000000
98.000000000000000,129.00000000000000,0.0000000000000000
99.000000000000000,129.00000000000000,0.0000000000000000
100.00000000000000,129.00000000000000,0.0000000000000000
101.00000000000000,129.00000000000000,0.0000000000000000
102.00000000000000,129.00000000000000,0.0000000000000000
103.00000000000000,129.00000000000000,0.0000000000000000
104.00000000000000,129.00000000000000,0.0000000000000000
105.00000000000000,129.00000000000000,0.0000000000000000
106.00000000000000,129.00000000000000,0.0000000000000000
107.00000000000000,129.00000000000000,0.0000000000000000
108.00000000000000,129.00000000000000,0.0000000000000000
109.00000000000000,129.00000000000000,0.0000000000000000
110.00000000000000,129.00000000000000,0.0000000000000000
111.00000000000000,129.00000000000000,0.0000000000000000
112.00000000000000,129.00000000000000,0.0000000000000000
113.00000000000000,129.00000000000000,0.0000000000000000
1.0000000000000000,130.00000000000000,0.0000000000000000
2.0000000000000000,130.00000000000000,0.0000000000000000
3.0000000000000000,130.00000000000000,0.0000000000000000
4.0000000000000000,130.00000000000000,0.0000000000000000
5.0000000000000000,130.00000000000000,0.0000000000000000
6.0000000000000000,130.00000000000000,0.0000000000000000
7.0000000000000000,130.00000000000000,0.0000000000000000
8.0000000000000000,130.00000000000000,0.0000000000000000
9.0000000000000000,130.00000000000000,0.0000000000000000
10.000000000000000,130.00000000000000,0.0000000000000000
11.000000000000000,130.00000000000000,0.0000000000000000
12.000000000000000,130.00000000000000,0.0000000000000000
13.000000000000000,130.00000000000000,0.0000000000000000
14.000000000000000,130.00000000000000,0.0000000000000000
15.000000000000000,130.00000000000000,0.0000000000000000
16.000000000000000,130.00000000000000,0.0000000000000000
17.000000000000000,130.00000000000000,0.0000000000000000
18.000000000000000,130.00000000000000,0.0000000000000000
19.000000000000000,130.00000000000000,0.0000000000000000
20.000000000000000,130.00000000000000,0.0000000000000000
21.000000000000000,130.00000000000000,0.0000000000000000
22.000000000000000,130.00000000000000,0.0000000000000000
23.000000000000000,130.00000000000000,0.0000000000000000
24.000000000000000,130.00000000000000,0.0000000000000000
25.000000000000000,130.00000000000000,0.0000000000000000
26.000000000000000,130.00000000000000,0.0000000000000000
27.000000000000000,130.00000000000000,0.0000000000000000
28.000000000000000,130.00000000000000,0.0000000000000000
29.000000000000000,130.00000000000000,0.0000000000000000
30.000000000000000,130.00000000000000,0.0000000000000000
31.000000000000000,130.00000000000000,0.0000000000000000
32.000000000000000,130.00000000000000,0.0000000000000000
33.000000000000000,130.00000000000000,0.0000000000000000
34.000000000000000,130.00000000000000,0.0000000000000000
35.000000000000000,130.00000000000000,0.0000000000000000
36.000000000000000,130.00000000000000,0.0000000000000000
37.000000000000000,130.00000000000000,0.0000000000000000
38.000000000000000,130.00000000000000,0.0000000000000000
39.000000000000000,130.00000000000000,0.0000000000000000
40.000000000000000,130.00000000000000,0.0000000000000000
41.000000000000000,130.00000000000000,0.0000000000000000
42.000000000000000,130.00000000000000,0.0000000000000000
43.000000000000000,130.00000000000000,0.0000000000000000
44.000000000000000,130.00000000000000,0.0000000000000000
45.000000000000000,130.00000000000000,0.0000000000000000
46.000000000000000,130.00000000000000,0.0000000000000000
47.000000000000000,130.00000000000000,0.0000000000000000
48.000000000000000,130.00000000000000,0.0000000000000000
49.000000000000000,130.00000000000000,0.0000000000000000
50.000000000000000,130.00000000000000,0.0000000000000000
51.000000000000000,130.00000000000000,0.0000000000000000
52.000000000000000,130.00000000000000,0.0000000000000000
53.000000000000000,130.00000000000000,0.0000000000000000
54.000000000000000,130.00000000000000,0.0000000000000000
55.000000000000000,130.00000000000000,0.0000000000000000
56.000000000000000,130.00000000000000,0.0000000000000000
57.000000000000000,130.00000000000000,0.0000000000000000
58.000000000000000,130.00000000000000,0.0000000000000000
59.000000000000000,130.00000000000000,0.0000000000000000
60.000000000000000,130.00000000000000,0.0000000000000000
61.000000000000000,130.00000000000000,0.0000000000000000
62.000000000000000,130.00000000000000,0.0000000000000000
63.000000000000000,130.00000000000000,0.0000000000000000
64.000000000000000,130.00000000000000,0.0000000000000000
65.000000000000000,130.00000000000000,0.0000000000000000
66.000000000000000,130.00000000000000,0.0000000000000000
67.000000000000000,130.00000000000000,0.0000000000000000
68.000000000000000,130.00000000000000,0.0000000000000000
69.000000000000000,130.00000000000000,0.0000000000000000
70.000000000000000,130.00000000000000,0.0000000000000000
71.000000000000000,130.00000000000000,0.0000000000000000
72.000000000000000,130.00000000000000,0.0000000000000000
73.000000000000000,130.00000000000000,0.0000000000000000
74.000000000000000,130.00000000000000,0.0000000000000000
75.000000000000000,130.00000000000000,0.0000000000000000
76.000000000000000,130.00000000000000,0.0000000000000000
77.000000000000000,130.00000000000000,0.0000000000000000
78.000000000000000,130.00000000000000,0.0000000000000000
79.000000000000000,130.00000000000000,0.0000000000000000
80.000000000000000,130.00000000000000,0.0000000000000000
81.000000000000000,130.00000000000000,0.0000000000000000
82.000000000000000,130.00000000000000,0.0000000000000000
83.000000000000000,130.00000000000000,0.0000000000000000
84.000000000000000,130.00000000000000,0.0000000000000000
85.000000000000000,130.00000000000000,0.0000000000000000
86.000000000000000,130.00000000000000,0.0000000000000000
87.000000000000000,130.00000000000000,0.0000000000000000
88.000000000000000,130.00000000000000,0.0000000000000000
89.000000000000000,130.00000000000000,0.0000000000000000
90.000000000000000,130.00000000000000,0.0000000000000000
91.000000000000000,130.00000000000000,0.0000000000000000
92.000000000000000,130.00000000000000,0.0000000000000000
93.000000000000000,130.00000000000000,0.0000000000000000
94.000000000000000,130.00000000000000,0.0000000000000000
95.000000000000000,130.00000000000000,0.0000000000000000
96.000000000000000,130.00000000000000,0.0000000000000000
97.000000000000000,130.00000000000000,0.0000000000000000
98.000000000000000,130.00000000000000,0.0000000000000000
99.000000000000000,130.00000000000000,0.0000000000000000
100.00000000000000,130.00000000000000,0.0000000000000000
101.00000000000000,130.00000000000000,0.0000000000000000
102.00000000000000,130.00000000000000,0.0000000000000000
103.00000000000000,130.00000000000000,0.0000000000000000
104.00000000000000,130.00000000000000,0.0000000000000000
105.00000000000000,130.00000000000000,0.0000000000000000
106.00000000000000,130.00000000000000,0.0000000000000000
107.00000000000000,130.00000000000000,0.0000000000000000
108.00000000000000,130.00000000000000,0.0000000000000000
109.00000000000000,130.00000000000000,0.0000000000000000
110.00000000000000,130.00000000000000,0.0000000000000000
111.00000000000000,130.00000000000000,0.0000000000000000
112.00000000000000,130.00000000000000,0.0000000000000000
113.00000000000000,130.00000000000000,0.0000000000000000
1.0000000000000000,131.00000000000000,0.0000000000000000
2.0000000000000000,131.00000000000000,0.0000000000000000
3.0000000000000000,131.00000000000000,0.0000000000000000
4.0000000000000000,131.00000000000000,0.0000000000000000
5.0000000000000000,131.00000000000000,0.0000000000000000
6.0000000000000000,131.00000000000000,0.0000000000000000
7.0000000000000000,131.00000000000000,0.0000000000000000
8.0000000000000000,131.00000000000000,0.0000000000000000
9.0000000000000000,131.00000000000000,0.0000000000000000
10.000000000000000,131.00000000000000,0.0000000000000000
11.000000000000000,131.00000000000000,0.0000000000000000
12.000000000000000,131.00000000000000,0.0000000000000000
13.000000000000000,131.00000000000000,0.0000000000000000
14.000000000000000,131.00000000000000,0.0000000000000000
15.000000000000000,131.00000000000000,0.0000000000000000
16.000000000000000,131.00000000000000,0.0000000000000000
17.000000000000000,131.00000000000000,0.0000000000000000
18.000000000000000,131.00000000000000,0.0000000000000000
19.000000000000000,131.00000000000000,0.0000000000000000
20.000000000000000,131.00000000000000,0.0000000000000000
21.000000000000000,131.00000000000000,0.0000000000000000
22.000000000000000,131.00000000000000,0.0000000000000000
23.000000000000000,131.00000000000000,0.0000000000000000
24.000000000000000,131.00000000000000,0.0000000000000000
25.000000000000000,131.00000000000000,0.0000000000000000
26.000000000000000,131.00000000000000,0.0000000000000000
27.000000000000000,131.00000000000000,0.0000000000000000
28.000000000000000,131.00000000000000,0.0000000000000000
29.000000000000000,131.00000000000000,0.0000000000000000
30.000000000000000,131.00000000000000,0.0000000000000000
31.000000000000000,131.00000000000000,0.0000000000000000
32.000000000000000,131.00000000000000,0.0000000000000000
33.000000000000000,131.00000000000000,0.0000000000000000
34.000000000000000,131.00000000000000,0.0000000000000000
35.000000000000000,131.00000000000000,0.0000000000000000
36.000000000000000,131.00000000000000,0.0000000000000000
37.000000000000000,131.00000000000000,0.0000000000000000
38.000000000000000,131.00000000000000,0.0000000000000000
39.000000000000000,131.00000000000000,0.0000000000000000
40.000000000000000,131.00000000000000,0.0000000000000000
41.000000000000000,131.00000000000000,0.0000000000000000
42.000000000000000,131.00000000000000,0.0000000000000000
43.000000000000000,131.00000000000000,0.0000000000000000
44.000000000000000,131.00000000000000,0.0000000000000000
45.000000000000000,131.00000000000000,0.0000000000000000
46.000000000000000,131.00000000000000,0.0000000000000000
47.000000000000000,131.00000000000000,0.0000000000000000
48.000000000000000,131.00000000000000,0.0000000000000000
49.000000000000000,131.00000000000000,0.0000000000000000
50.000000000000000,131.00000000000000,0.0000000000000000
51.000000000000000,131.00000000000000,0.0000000000000000
52.000000000000000,131.00000000000000,0.0000000000000000
53.000000000000000,131.00000000000000,0.0000000000000000
54.000000000000000,131.00000000000000,0.0000000000000000
55.000000000000000,131.00000000000000,0.0000000000000000
56.000000000000000,131.00000000000000,0.0000000000000000
57.000000000000000,131.00000000000000,0.0000000000000000
58.000000000000000,131.00000000000000,0.0000000000000000
59.000000000000000,131.00000000000000,0.0000000000000000
60.000000000000000,131.00000000000000,0.0000000000000000
61.000000000000000,131.00000000000000,0.0000000000000000
62.000000000000000,131.00000000000000,0.0000000000000000
63.000000000000000,131.00000000000000,0.0000000000000000
64.000000000000000,131.00000000000000,0.0000000000000000
65.000000000000000,131.00000000000000,0.0000000000000000
66.000000000000000,131.00000000000000,0.0000000000000000
67.000000000000000,131.00000000000000,0.0000000000000000
68.000000000000000,131.00000000000000,0.0000000000000000
69.000000000000000,131.00000000000000,0.0000000000000000
70.000000000000000,131.00000000000000,0.0000000000000000
71.000000000000000,131.00000000000000,0.0000000000000000
72.000000000000000,131.00000000000000,0.0000000000000000
73.000000000000000,131.00000000000000,0.0000000000000000
74.000000000000000,131.00000000000000,0.0000000000000000
75.000000000000000,131.00000000000000,0.0000000000000000
76.000000000000000,131.00000000000000,0.0000000000000000
77.000000000000000,131.00000000000000,0.0000000000000000
78.000000000000000,131.00000000000000,0.0000000000000000
79.000000000000000,131.00000000000000,0.0000000000000000
80.000000000000000,131.00000000000000,0.0000000000000000
81.000000000000000,131.00000000000000,0.0000000000000000
82.000000000000000,131.00000000000000,0.0000000000000000
83.000000000000000,131.00000000000000,0.0000000000000000
84.000000000000000,131.00000000000000,0.0000000000000000
85.000000000000000,131.00000000000000,0.0000000000000000
86.000000000000000,131.00000000000000,0.0000000000000000
87.000000000000000,131.00000000000000,0.0000000000000000
88.000000000000000,131.00000000000000,0.0000000000000000
89.000000000000000,131.00000000000000,0.0000000000000000
90.000000000000000,131.00000000000000,0.0000000000000000
91.000000000000000,131.00000000000000,0.0000000000000000
92.000000000000000,131.00000000000000,0.0000000000000000
93.000000000000000,131.00000000000000,0.0000000000000000
94.000000000000000,131.00000000000000,0.0000000000000000
95.000000000000000,131.00000000000000,0.0000000000000000
96.000000000000000,131.00000000000000,0.0000000000000000
97.000000000000000,131.00000000000000,0.0000000000000000
98.000000000000000,131.00000000000000,0.0000000000000000
99.000000000000000,131.00000000000000,0.0000000000000000
100.00000000000000,131.00000000000000,0.0000000000000000
101.00000000000000,131.00000000000000,0.0000000000000000
102.00000000000000,131.00000000000000,0.0000000000000000
103.00000000000000,131.00000000000000,0.0000000000000000
104.00000000000000,131.00000000000000,0.0000000000000000
105.00000000000000,131.00000000000000,0.0000000000000000
106.00000000000000,131.00000000000000,0.0000000000000000
107.00000000000000,131.00000000000000,0.0000000000000000
108.00000000000000,131.00000000000000,0.0000000000000000
109.00000000000000,131.00000000000000,0.0000000000000000
110.00000000000000,131.00000000000000,0.0000000000000000
111.00000000000000,131.00000000000000,0.0000000000000000
112.00000000000000,131.00000000000000,0.0000000000000000
113.00000000000000,131.00000000000000,0.0000000000000000
1.0000000000000000,132.00000000000000,0.0000000000000000
2.0000000000000000,132.00000000000000,0.0000000000000000
3.0000000000000000,132.00000000000000,0.0000000000000000
4.0000000000000000,132.00000000000000,0.0000000000000000
5.0000000000000000,132.00000000000000,0.0000000000000000
6.0000000000000000,132.00000000000000,0.0000000000000000
7.0000000000000000,132.00000000000000,0.0000000000000000
8.0000000000000000,132.00000000000000,0.0000000000000000
9.0000000000000000,132.00000000000000,0.0000000000000000
10.000000000000000,132.00000000000000,0.0000000000000000
11.000000000000000,132.00000000000000,0.0000000000000000
12.000000000000000,132.00000000000000,0.0000000000000000
13.000000000000000,132.00000000000000,0.0000000000000000
14.000000000000000,132.00000000000000,0.0000000000000000
15.000000000000000,132.00000000000000,0.0000000000000000
16.000000000000000,132.00000000000000,0.0000000000000000
17.000000000000000,132.00000000000000,0.0000000000000000
18.000000000000000,132.00000000000000,0.0000000000000000
19.000000000000000,132.00000000000000,0.0000000000000000
20.000000000000000,132.00000000000000,0.0000000000000000
21.000000000000000,132.00000000000000,0.0000000000000000
22.000000000000000,132.00000000000000,0.0000000000000000
23.000000000000000,132.00000000000000,0.0000000000000000
24.000000000000000,132.00000000000000,0.0000000000000000
25.000000000000000,132.00000000000000,0.0000000000000000
26.000000000000000,132.00000000000000,0.0000000000000000
27.000000000000000,132.00000000000000,0.0000000000000000
28.000000000000000,132.00000000000000,0.0000000000000000
29.000000000000000,132.00000000000000,0.0000000000000000
30.000000000000000,132.00000000000000,0.0000000000000000
31.000000000000000,132.00000000000000,0.0000000000000000
32.000000000000000,132.00000000000000,0.0000000000000000
33.000000000000000,132.00000000000000,0.0000000000000000
34.000000000000000,132.00000000000000,0.0000000000000000
35.000000000000000,132.00000000000000,0.0000000000000000
36.000000000000000,132.00000000000000,0.0000000000000000
37.000000000000000,132.00000000000000,0.0000000000000000
38.000000000000000,132.00000000000000,0.0000000000000000
39.000000000000000,132.00000000000000,0.0000000000000000
40.000000000000000,132.00000000000000,0.0000000000000000
41.000000000000000,132.00000000000000,0.0000000000000000
42.000000000000000,132.00000000000000,0.0000000000000000
43.000000000000000,132.00000000000000,0.0000000000000000
44.000000000000000,132.00000000000000,0.0000000000000000
45.000000000000000,132.00000000000000,0.0000000000000000
46.000000000000000,132.00000000000000,0.0000000000000000
47.000000000000000,132.00000000000000,0.0000000000000000
48.000000000000000,132.00000000000000,0.0000000000000000
49.000000000000000,132.00000000000000,0.0000000000000000
50.000000000000000,132.00000000000000,0.0000000000000000
51.000000000000000,132.00000000000000,0.0000000000000000
52.000000000000000,132.00000000000000,0.0000000000000000
53.000000000000000,132.00000000000000,0.0000000000000000
54.000000000000000,132.00000000000000,0.0000000000000000
55.000000000000000,132.00000000000000,0.0000000000000000
56.000000000000000,132.00000000000000,0.0000000000000000
57.000000000000000,132.00000000000000,0.0000000000000000
58.000000000000000,132.00000000000000,0.0000000000000000
59.000000000000000,132.00000000000000,0.0000000000000000
60.000000000000000,132.00000000000000,0.0000000000000000
61.000000000000000,132.00000000000000,0.0000000000000000
62.000000000000000,132.00000000000000,0.0000000000000000
63.000000000000000,132.00000000000000,0.0000000000000000
64.000000000000000,132.00000000000000,0.0000000000000000
65.000000000000000,132.00000000000000,0.0000000000000000
66.000000000000000,132.00000000000000,0.0000000000000000
67.000000000000000,132.00000000000000,0.0000000000000000
68.000000000000000,132.00000000000000,0.0000000000000000
69.000000000000000,132.00000000000000,0.0000000000000000
70.000000000000000,132.00000000000000,0.0000000000000000
71.000000000000000,132.00000000000000,0.0000000000000000
72.000000000000000,132.00000000000000,0.0000000000000000
73.000000000000000,132.00000000000000,0.0000000000000000
74.000000000000000,132.00000000000000,0.0000000000000000
75.000000000000000,132.00000000000000,0.0000000000000000
76.000000000000000,132.00000000000000,0.0000000000000000
77.000000000000000,132.00000000000000,0.0000000000000000
78.000000000000000,132.00000000000000,0.0000000000000000
79.000000000000000,132.00000000000000,0.0000000000000000
80.000000000000000,132.00000000000000,0.0000000000000000
81.000000000000000,132.00000000000000,0.0000000000000000
82.000000000000000,132.00000000000000,0.0000000000000000
83.000000000000000,132.00000000000000,0.0000000000000000
84.000000000000000,132.00000000000000,0.0000000000000000
85.000000000000000,132.00000000000000,0.0000000000000000
86.000000000000000,132.00000000000000,0.0000000000000000
87.000000000000000,132.00000000000000,0.0000000000000000
88.000000000000000,132.00000000000000,0.0000000000000000
89.000000000000000,132.00000000000000,0.0000000000000000
90.000000000000000,132.00000000000000,0.0000000000000000
91.000000000000000,132.00000000000000,0.0000000000000000
92.000000000000000,132.00000000000000,0.0000000000000000
93.000000000000000,132.00000000000000,0.0000000000000000
94.000000000000000,132.00000000000000,0.0000000000000000
95.000000000000000,132.00000000000000,0.0000000000000000
96.000000000000000,132.00000000000000,0.0000000000000000
97.000000000000000,132.00000000000000,0.0000000000000000
98.000000000000000,132.00000000000000,0.0000000000000000
99.000000000000000,132.00000000000000,0.0000000000000000
100.00000000000000,132.00000000000000,0.0000000000000000
101.00000000000000,132.00000000000000,0.0000000000000000
102.00000000000000,132.00000000000000,0.0000000000000000
103.00000000000000,132.00000000000000,0.0000000000000000
104.00000000000000,132.00000000000000,0.0000000000000000
105.00000000000000,132.00000000000000,0.0000000000000000
106.00000000000000,132.00000000000000,0.0000000000000000
107.00000000000000,132.00000000000000,0.0000000000000000
108.00000000000000,132.00000000000000,0.0000000000000000
109.00000000000000,132.00000000000000,0.0000000000000000
110.00000000000000,132.00000000000000,0.0000000000000000
111.00000000000000,132.00000000000000,0.0000000000000000
112.00000000000000,132.00000000000000,0.0000000000000000
113.00000000000000,132.00000000000000,0.0000000000000000
1.0000000000000000,133.00000000000000,0.0000000000000000
2.0000000000000000,133.00000000000000,0.0000000000000000
3.0000000000000000,133.00000000000000,0.0000000000000000
4.0000000000000000,133.00000000000000,0.0000000000000000
5.0000000000000000,133.00000000000000,0.0000000000000000
6.0000000000000000,133.00000000000000,0.0000000000000000
7.0000000000000000,133.00000000000000,0.0000000000000000
8.0000000000000000,133.00000000000000,0.0000000000000000
9.0000000000000000,133.00000000000000,0.0000000000000000
10.000000000000000,133.00000000000000,0.0000000000000000
11.000000000000000,133.00000000000000,0.0000000000000000
12.000000000000000,133.00000000000000,0.0000000000000000
13.000000000000000,133.00000000000000,0.0000000000000000
14.000000000000000,133.00000000000000,0.0000000000000000
15.000000000000000,133.00000000000000,0.0000000000000000
16.000000000000000,133.00000000000000,0.0000000000000000
17.000000000000000,133.00000000000000,0.0000000000000000
18.000000000000000,133.00000000000000,0.0000000000000000
19.000000000000000,133.00000000000000,0.0000000000000000
20.000000000000000,133.00000000000000,0.0000000000000000
21.000000000000000,133.00000000000000,0.0000000000000000
22.000000000000000,133.00000000000000,0.0000000000000000
23.000000000000000,133.00000000000000,0.0000000000000000
24.000000000000000,133.00000000000000,0.0000000000000000
25.000000000000000,133.00000000000000,0.0000000000000000
26.000000000000000,133.00000000000000,0.0000000000000000
27.000000000000000,133.00000000000000,0.0000000000000000
28.000000000000000,133.00000000000000,0.0000000000000000
29.000000000000000,133.00000000000000,0.0000000000000000
30.000000000000000,133.00000000000000,0.0000000000000000
31.000000000000000,133.00000000000000,0.0000000000000000
32.000000000000000,133.00000000000000,0.0000000000000000
33.000000000000000,133.00000000000000,0.0000000000000000
34.000000000000000,133.00000000000000,0.0000000000000000
35.000000000000000,133.00000000000000,0.0000000000000000
36.000000000000000,133.00000000000000,0.0000000000000000
37.000000000000000,133.00000000000000,0.0000000000000000
38.000000000000000,133.00000000000000,0.0000000000000000
39.000000000000000,133.00000000000000,0.0000000000000000
40.000000000000000,133.00000000000000,0.0000000000000000
41.000000000000000,133.00000000000000,0.0000000000000000
42.000000000000000,133.00000000000000,0.0000000000000000
43.000000000000000,133.00000000000000,0.0000000000000000
44.000000000000000,133.00000000000000,0.0000000000000000
45.000000000000000,133.00000000000000,0.0000000000000000
46.000000000000000,133.00000000000000,0.0000000000000000
47.000000000000000,133.00000000000000,0.0000000000000000
48.000000000000000,133.00000000000000,0.0000000000000000
49.000000000000000,133.00000000000000,0.0000000000000000
50.000000000000000,133.00000000000000,0.0000000000000000
51.000000000000000,133.00000000000000,0.0000000000000000
52.000000000000000,133.00000000000000,0.0000000000000000
53.000000000000000,133.00000000000000,0.0000000000000000
54.000000000000000,133.00000000000000,0.0000000000000000
55.000000000000000,133.00000000000000,0.0000000000000000
56.000000000000000,133.00000000000000,0.0000000000000000
57.000000000000000,133.00000000000000,0.0000000000000000
58.000000000000000,133.00000000000000,0.0000000000000000
59.000000000000000,133.00000000000000,0.0000000000000000
60.000000000000000,133.00000000000000,0.0000000000000000
61.000000000000000,133.00000000000000,0.0000000000000000
62.000000000000000,133.00000000000000,0.0000000000000000
63.000000000000000,133.00000000000000,0.0000000000000000
64.000000000000000,133.00000000000000,0.0000000000000000
65.000000000000000,133.00000000000000,0.0000000000000000
66.000000000000000,133.00000000000000,0.0000000000000000
67.000000000000000,133.00000000000000,0.0000000000000000
68.000000000000000,133.00000000000000,0.0000000000000000
69.000000000000000,133.00000000000000,0.0000000000000000
70.000000000000000,133.00000000000000,0.0000000000000000
71.000000000000000,133.00000000000000,0.0000000000000000
72.000000000000000,133.00000000000000,0.0000000000000000
73.000000000000000,133.00000000000000,0.0000000000000000
74.000000000000000,133.00000000000000,0.0000000000000000
75.000000000000000,133.00000000000000,0.0000000000000000
76.000000000000000,133.00000000000000,0.0000000000000000
77.000000000000000,133.00000000000000,0.0000000000000000
78.000000000000000,133.00000000000000,0.0000000000000000
79.000000000000000,133.00000000000000,0.0000000000000000
80.000000000000000,133.00000000000000,0.0000000000000000
81.000000000000000,133.00000000000000,0.0000000000000000
82.000000000000000,133.00000000000000,0.0000000000000000
83.000000000000000,133.00000000000000,0.0000000000000000
84.000000000000000,133.00000000000000,0.0000000000000000
85.000000000000000,133.00000000000000,0.0000000000000000
86.000000000000000,133.00000000000000,0.0000000000000000
87.000000000000000,133.00000000000000,0.0000000000000000
88.000000000000000,133.00000000000000,0.0000000000000000
89.000000000000000,133.00000000000000,0.0000000000000000
90.000000000000000,133.00000000000000,0.0000000000000000
91.000000000000000,133.00000000000000,0.0000000000000000
92.000000000000000,133.00000000000000,0.0000000000000000
93.000000000000000,133.00000000000000,0.0000000000000000
94.000000000000000,133.00000000000000,0.0000000000000000
95.000000000000000,133.00000000000000,0.0000000000000000
96.000000000000000,133.00000000000000,0.0000000000000000
97.000000000000000,133.00000000000000,0.0000000000000000
98.000000000000000,133.00000000000000,0.0000000000000000
99.000000000000000,133.00000000000000,0.0000000000000000
100.00000000000000,133.00000000000000,0.0000000000000000
101.00000000000000,133.00000000000000,0.0000000000000000
102.00000000000000,133.00000000000000,0.0000000000000000
103.00000000000000,133.00000000000000,0.0000000000000000
104.00000000000000,133.00000000000000,0.0000000000000000
105.00000000000000,133.00000000000000,0.0000000000000000
106.00000000000000,133.00000000000000,0.0000000000000000
107.00000000000000,133.00000000000000,0.0000000000000000
108.00000000000000,133.00000000000000,0.0000000000000000
109.00000000000000,133.00000000000000,0.0000000000000000
110.00000000000000,133.00000000000000,0.0000000000000000
111.00000000000000,133.00000000000000,0.0000000000000000
112.00000000000000,133.00000000000000,0.0000000000000000
113.00000000000000,133.00000000000000,0.0000000000000000
1.0000000000000000,134.00000000000000,0.0000000000000000
2.0000000000000000,134.00000000000000,0.0000000000000000
3.0000000000000000,134.00000000000000,0.0000000000000000
4.0000000000000000,134.00000000000000,0.0000000000000000
5.0000000000000000,134.00000000000000,0.0000000000000000
6.0000000000000000,134.00000000000000,0.0000000000000000
7.0000000000000000,134.00000000000000,0.0000000000000000
8.0000000000000000,134.00000000000000,0.0000000000000000
9.0000000000000000,134.00000000000000,0.0000000000000000
10.000000000000000,134.00000000000000,0.0000000000000000
11.000000000000000,134.00000000000000,0.0000000000000000
12.000000000000000,134.00000000000000,0.0000000000000000
13.000000000000000,134.00000000000000,0.0000000000000000
14.000000000000000,134.00000000000000,0.0000000000000000
15.000000000000000,134.00000000000000,0.0000000000000000
16.000000000000000,134.00000000000000,0.0000000000000000
17.000000000000000,134.00000000000000,0.0000000000000000
18.000000000000000,134.00000000000000,0.0000000000000000
19.000000000000000,134.00000000000000,0.0000000000000000
20.000000000000000,134.00000000000000,0.0000000000000000
21.000000000000000,134.00000000000000,0.0000000000000000
22.000000000000000,134.00000000000000,0.0000000000000000
23.000000000000000,134.00000000000000,0.0000000000000000
24.000000000000000,134.00000000000000,0.0000000000000000
25.000000000000000,134.00000000000000,0.0000000000000000
26.000000000000000,134.00000000000000,0.0000000000000000
27.000000000000000,134.00000000000000,0.0000000000000000
28.000000000000000,134.00000000000000,0.0000000000000000
29.000000000000000,134.00000000000000,0.0000000000000000
30.000000000000000,134.00000000000000,0.0000000000000000
31.000000000000000,134.00000000000000,0.0000000000000000
32.000000000000000,134.00000000000000,0.0000000000000000
33.000000000000000,134.00000000000000,0.0000000000000000
34.000000000000000,134.00000000000000,0.0000000000000000
35.000000000000000,134.00000000000000,0.0000000000000000
36.000000000000000,134.00000000000000,0.0000000000000000
37.000000000000000,134.00000000000000,0.0000000000000000
38.000000000000000,134.00000000000000,0.0000000000000000
39.000000000000000,134.00000000000000,0.0000000000000000
40.000000000000000,134.00000000000000,0.0000000000000000
41.000000000000000,134.00000000000000,0.0000000000000000
42.000000000000000,134.00000000000000,0.0000000000000000
43.000000000000000,134.00000000000000,0.0000000000000000
44.000000000000000,134.00000000000000,0.0000000000000000
45.000000000000000,134.00000000000000,0.0000000000000000
46.000000000000000,134.00000000000000,0.0000000000000000
47.000000000000000,134.00000000000000,0.0000000000000000
48.000000000000000,134.00000000000000,0.0000000000000000
49.000000000000000,134.00000000000000,0.0000000000000000
50.000000000000000,134.00000000000000,0.0000000000000000
51.000000000000000,134.00000000000000,0.0000000000000000
52.000000000000000,134.00000000000000,0.0000000000000000
53.000000000000000,134.00000000000000,0.0000000000000000
54.000000000000000,134.00000000000000,0.0000000000000000
55.000000000000000,134.00000000000000,0.0000000000000000
56.000000000000000,134.00000000000000,0.0000000000000000
57.000000000000000,134.00000000000000,0.0000000000000000
58.000000000000000,134.00000000000000,0.0000000000000000
59.000000000000000,134.00000000000000,0.0000000000000000
60.000000000000000,134.00000000000000,0.0000000000000000
61.000000000000000,134.00000000000000,0.0000000000000000
62.000000000000000,134.00000000000000,0.0000000000000000
63.000000000000000,134.00000000000000,0.0000000000000000
64.000000000000000,134.00000000000000,0.0000000000000000
65.000000000000000,134.00000000000000,0.0000000000000000
66.000000000000000,134.00000000000000,0.0000000000000000
67.000000000000000,134.00000000000000,0.0000000000000000
68.000000000000000,134.00000000000000,0.0000000000000000
69.000000000000000,134.00000000000000,0.0000000000000000
70.000000000000000,134.00000000000000,0.0000000000000000
71.000000000000000,134.00000000000000,0.0000000000000000
72.000000000000000,134.00000000000000,0.0000000000000000
73.000000000000000,134.00000000000000,0.0000000000000000
74.000000000000000,134.00000000000000,0.0000000000000000
75.000000000000000,134.00000000000000,0.0000000000000000
76.000000000000000,134.00000000000000,0.0000000000000000
77.000000000000000,134.00000000000000,0.0000000000000000
78.000000000000000,134.00000000000000,0.0000000000000000
79.000000000000000,134.00000000000000,0.0000000000000000
80.000000000000000,134.00000000000000,0.0000000000000000
81.000000000000000,134.00000000000000,0.0000000000000000
82.000000000000000,134.00000000000000,0.0000000000000000
83.000000000000000,134.00000000000000,0.0000000000000000
84.000000000000000,134.00000000000000,0.0000000000000000
85.000000000000000,134.00000000000000,0.0000000000000000
86.000000000000000,134.00000000000000,0.0000000000000000
87.000000000000000,134.00000000000000,0.0000000000000000
88.000000000000000,134.00000000000000,0.0000000000000000
89.000000000000000,134.00000000000000,0.0000000000000000
90.000000000000000,134.00000000000000,0.0000000000000000
91.000000000000000,134.00000000000000,0.0000000000000000
92.000000000000000,134.00000000000000,0.0000000000000000
93.000000000000000,134.00000000000000,0.0000000000000000
94.000000000000000,134.00000000000000,0.0000000000000000
95.000000000000000,134.00000000000000,0.0000000000000000
96.000000000000000,134.00000000000000,0.0000000000000000
97.000000000000000,134.00000000000000,0.0000000000000000
98.000000000000000,134.00000000000000,0.0000000000000000
99.000000000000000,134.00000000000000,0.0000000000000000
100.00000000000000,134.00000000000000,0.0000000000000000
101.00000000000000,134.00000000000000,0.0000000000000000
102.00000000000000,134.00000000000000,0.0000000000000000
103.00000000000000,134.00000000000000,0.0000000000000000
104.00000000000000,134.00000000000000,0.0000000000000000
105.00000000000000,134.00000000000000,0.0000000000000000
106.00000000000000,134.00000000000000,0.0000000000000000
107.00000000000000,134.00000000000000,0.0000000000000000
108.00000000000000,134.00000000000000,0.0000000000000000
109.00000000000000,134.00000000000000,0.0000000000000000
110.00000000000000,134.00000000000000,0.0000000000000000
111.00000000000000,134.00000000000000,0.0000000000000000
112.00000000000000,134.00000000000000,0.0000000000000000
113.00000000000000,134.00000000000000,0.0000000000000000
1.0000000000000000,135.00000000000000,0.0000000000000000
2.0000000000000000,135.00000000000000,0.0000000000000000
3.0000000000000000,135.00000000000000,0.0000000000000000
4.0000000000000000,135.00000000000000,0.0000000000000000
5.0000000000000000,135.00000000000000,0.0000000000000000
6.0000000000000000,135.00000000000000,0.0000000000000000
7.0000000000000000,135.00000000000000,0.0000000000000000
8.0000000000000000,135.00000000000000,0.0000000000000000
9.0000000000000000,135.00000000000000,0.0000000000000000
10.000000000000000,135.00000000000000,0.0000000000000000
11.000000000000000,135.00000000000000,0.0000000000000000
12.000000000000000,135.00000000000000,0.0000000000000000
13.000000000000000,135.00000000000000,0.0000000000000000
14.000000000000000,135.00000000000000,0.0000000000000000
15.000000000000000,135.00000000000000,0.0000000000000000
16.000000000000000,135.00000000000000,0.0000000000000000
17.000000000000000,135.00000000000000,0.0000000000000000
18.000000000000000,135.00000000000000,0.0000000000000000
19.000000000000000,135.00000000000000,0.0000000000000000
20.000000000000000,135.00000000000000,0.0000000000000000
21.000000000000000,135.00000000000000,0.0000000000000000
22.000000000000000,135.00000000000000,0.0000000000000000
23.000000000000000,135.00000000000000,0.0000000000000000
24.000000000000000,135.00000000000000,0.0000000000000000
25.000000000000000,135.00000000000000,0.0000000000000000
26.000000000000000,135.00000000000000,0.0000000000000000
27.000000000000000,135.00000000000000,0.0000000000000000
28.000000000000000,135.00000000000000,0.0000000000000000
29.000000000000000,135.00000000000000,0.0000000000000000
30.000000000000000,135.00000000000000,0.0000000000000000
31.000000000000000,135.00000000000000,0.0000000000000000
32.000000000000000,135.00000000000000,0.0000000000000000
33.000000000000000,135.00000000000000,0.0000000000000000
34.000000000000000,135.00000000000000,0.0000000000000000
35.000000000000000,135.00000000000000,0.0000000000000000
36.000000000000000,135.00000000000000,0.0000000000000000
37.000000000000000,135.00000000000000,0.0000000000000000
38.000000000000000,135.00000000000000,0.0000000000000000
39.000000000000000,135.00000000000000,0.0000000000000000
40.000000000000000,135.00000000000000,0.0000000000000000
41.000000000000000,135.00000000000000,0.0000000000000000
42.000000000000000,135.00000000000000,0.0000000000000000
43.000000000000000,135.00000000000000,0.0000000000000000
44.000000000000000,135.00000000000000,0.0000000000000000
45.000000000000000,135.00000000000000,0.0000000000000000
46.000000000000000,135.00000000000000,0.0000000000000000
47.000000000000000,135.00000000000000,0.0000000000000000
48.000000000000000,135.00000000000000,0.0000000000000000
49.000000000000000,135.00000000000000,0.0000000000000000
50.000000000000000,135.00000000000000,0.0000000000000000
51.000000000000000,135.00000000000000,0.0000000000000000
52.000000000000000,135.00000000000000,0.0000000000000000
53.000000000000000,135.00000000000000,0.0000000000000000
54.000000000000000,135.00000000000000,0.0000000000000000
55.000000000000000,135.00000000000000,0.0000000000000000
56.000000000000000,135.00000000000000,0.0000000000000000
57.000000000000000,135.00000000000000,0.0000000000000000
58.000000000000000,135.00000000000000,0.0000000000000000
59.000000000000000,135.00000000000000,0.0000000000000000
60.000000000000000,135.00000000000000,0.0000000000000000
61.000000000000000,135.00000000000000,0.0000000000000000
62.000000000000000,135.00000000000000,0.0000000000000000
63.000000000000000,135.00000000000000,0.0000000000000000
64.000000000000000,135.00000000000000,0.0000000000000000
65.000000000000000,135.00000000000000,0.0000000000000000
66.000000000000000,135.00000000000000,0.0000000000000000
67.000000000000000,135.00000000000000,0.0000000000000000
68.000000000000000,135.00000000000000,0.0000000000000000
69.000000000000000,135.00000000000000,0.0000000000000000
70.000000000000000,135.00000000000000,0.0000000000000000
71.000000000000000,135.00000000000000,0.0000000000000000
72.000000000000000,135.00000000000000,0.0000000000000000
73.000000000000000,135.00000000000000,0.0000000000000000
74.000000000000000,135.00000000000000,0.0000000000000000
75.000000000000000,135.00000000000000,0.0000000000000000
76.000000000000000,135.00000000000000,0.0000000000000000
77.000000000000000,135.00000000000000,0.0000000000000000
78.000000000000000,135.00000000000000,0.0000000000000000
79.000000000000000,135.00000000000000,0.0000000000000000
80.000000000000000,135.00000000000000,0.0000000000000000
81.000000000000000,135.00000000000000,0.0000000000000000
82.000000000000000,135.00000000000000,0.0000000000000000
83.000000000000000,135.00000000000000,0.0000000000000000
84.000000000000000,135.00000000000000,0.0000000000000000
85.000000000000000,135.00000000000000,0.0000000000000000
86.000000000000000,135.00000000000000,0.0000000000000000
87.000000000000000,135.00000000000000,0.0000000000000000
88.000000000000000,135.00000000000000,0.0000000000000000
89.000000000000000,135.00000000000000,0.0000000000000000
90.000000000000000,135.00000000000000,0.0000000000000000
91.000000000000000,135.00000000000000,0.0000000000000000
92.000000000000000,135.00000000000000,0.0000000000000000
93.000000000000000,135.00000000000000,0.0000000000000000
94.000000000000000,135.00000000000000,0.0000000000000000
95.000000000000000,135.00000000000000,0.0000000000000000
96.000000000000000,135.00000000000000,0.0000000000000000
97.000000000000000,135.00000000000000,0.0000000000000000
98.000000000000000,135.00000000000000,0.0000000000000000
99.000000000000000,135.00000000000000,0.0000000000000000
100.00000000000000,135.00000000000000,0.0000000000000000
101.00000000000000,135.00000000000000,0.0000000000000000
102.00000000000000,135.00000000000000,0.0000000000000000
103.00000000000000,135.00000000000000,0.0000000000000000
104.00000000000000,135.00000000000000,0.0000000000000000
105.00000000000000,135.00000000000000,0.0000000000000000
106.00000000000000,135.00000000000000,0.0000000000000000
107.00000000000000,135.00000000000000,0.0000000000000000
108.00000000000000,135.00000000000000,0.0000000000000000
109.00000000000000,135.00000000000000,0.0000000000000000
110.00000000000000,135.00000000000000,0.0000000000000000
111.00000000000000,135.00000000000000,0.0000000000000000
112.00000000000000,135.00000000000000,0.0000000000000000
113.00000000000000,135.00000000000000,0.0000000000000000
1.0000000000000000,136.00000000000000,0.0000000000000000
2.0000000000000000,136.00000000000000,0.0000000000000000
3.0000000000000000,136.00000000000000,0.0000000000000000
4.0000000000000000,136.00000000000000,0.0000000000000000
5.0000000000000000,136.00000000000000,0.0000000000000000
6.0000000000000000,136.00000000000000,0.0000000000000000
7.0000000000000000,136.00000000000000,0.0000000000000000
8.0000000000000000,136.00000000000000,0.0000000000000000
9.0000000000000000,136.00000000000000,0.0000000000000000
10.000000000000000,136.00000000000000,0.0000000000000000
11.000000000000000,136.00000000000000,0.0000000000000000
12.000000000000000,136.00000000000000,0.0000000000000000
13.000000000000000,136.00000000000000,0.0000000000000000
14.000000000000000,136.00000000000000,0.0000000000000000
15.000000000000000,136.00000000000000,0.0000000000000000
16.000000000000000,136.00000000000000,0.0000000000000000
17.000000000000000,136.00000000000000,0.0000000000000000
18.000000000000000,136.00000000000000,0.0000000000000000
19.000000000000000,136.00000000000000,0.0000000000000000
20.000000000000000,136.00000000000000,0.0000000000000000
21.000000000000000,136.00000000000000,0.0000000000000000
22.000000000000000,136.00000000000000,0.0000000000000000
23.000000000000000,136.00000000000000,0.0000000000000000
24.000000000000000,136.00000000000000,0.0000000000000000
25.000000000000000,136.00000000000000,0.0000000000000000
26.000000000000000,136.00000000000000,0.0000000000000000
27.000000000000000,136.00000000000000,0.0000000000000000
28.000000000000000,136.00000000000000,0.0000000000000000
29.000000000000000,136.00000000000000,0.0000000000000000
30.000000000000000,136.00000000000000,0.0000000000000000
31.000000000000000,136.00000000000000,0.0000000000000000
32.000000000000000,136.00000000000000,0.0000000000000000
33.000000000000000,136.00000000000000,0.0000000000000000
34.000000000000000,136.00000000000000,0.0000000000000000
35.000000000000000,136.00000000000000,0.0000000000000000
36.000000000000000,136.00000000000000,0.0000000000000000
37.000000000000000,136.00000000000000,0.0000000000000000
38.000000000000000,136.00000000000000,0.0000000000000000
39.000000000000000,136.00000000000000,0.0000000000000000
40.000000000000000,136.00000000000000,0.0000000000000000
41.000000000000000,136.00000000000000,0.0000000000000000
42.000000000000000,136.00000000000000,0.0000000000000000
43.000000000000000,136.00000000000000,0.0000000000000000
44.000000000000000,136.00000000000000,0.0000000000000000
45.000000000000000,136.00000000000000,0.0000000000000000
46.000000000000000,136.00000000000000,0.0000000000000000
47.000000000000000,136.00000000000000,0.0000000000000000
48.000000000000000,136.00000000000000,0.0000000000000000
49.000000000000000,136.00000000000000,0.0000000000000000
50.000000000000000,136.00000000000000,0.0000000000000000
51.000000000000000,136.00000000000000,0.0000000000000000
52.000000000000000,136.00000000000000,0.0000000000000000
53.000000000000000,136.00000000000000,0.0000000000000000
54.000000000000000,136.00000000000000,0.0000000000000000
55.000000000000000,136.00000000000000,0.0000000000000000
56.000000000000000,136.00000000000000,0.0000000000000000
57.000000000000000,136.00000000000000,0.0000000000000000
58.000000000000000,136.00000000000000,0.0000000000000000
59.000000000000000,136.00000000000000,0.0000000000000000
60.000000000000000,136.00000000000000,0.0000000000000000
61.000000000000000,136.00000000000000,0.0000000000000000
62.000000000000000,136.00000000000000,0.0000000000000000
63.000000000000000,136.00000000000000,0.0000000000000000
64.000000000000000,136.00000000000000,0.0000000000000000
65.000000000000000,136.00000000000000,0.0000000000000000
66.000000000000000,136.00000000000000,0.0000000000000000
67.000000000000000,136.00000000000000,0.0000000000000000
68.000000000000000,136.00000000000000,0.0000000000000000
69.000000000000000,136.00000000000000,0.0000000000000000
70.000000000000000,136.00000000000000,0.0000000000000000
71.000000000000000,136.00000000000000,0.0000000000000000
72.000000000000000,136.00000000000000,0.0000000000000000
73.000000000000000,136.00000000000000,0.0000000000000000
74.000000000000000,136.00000000000000,0.0000000000000000
75.000000000000000,136.00000000000000,0.0000000000000000
76.000000000000000,136.00000000000000,0.0000000000000000
77.000000000000000,136.00000000000000,0.0000000000000000
78.000000000000000,136.00000000000000,0.0000000000000000
79.000000000000000,136.00000000000000,0.0000000000000000
80.000000000000000,136.00000000000000,0.0000000000000000
81.000000000000000,136.00000000000000,0.0000000000000000
82.000000000000000,136.00000000000000,0.0000000000000000
83.000000000000000,136.00000000000000,0.0000000000000000
84.000000000000000,136.00000000000000,0.0000000000000000
85.000000000000000,136.00000000000000,0.0000000000000000
86.000000000000000,136.00000000000000,0.0000000000000000
87.000000000000000,136.00000000000000,0.0000000000000000
88.000000000000000,136.00000000000000,0.0000000000000000
89.000000000000000,136.00000000000000,0.0000000000000000
90.000000000000000,136.00000000000000,0.0000000000000000
91.000000000000000,136.00000000000000,0.0000000000000000
92.000000000000000,136.00000000000000,0.0000000000000000
93.000000000000000,136.00000000000000,0.0000000000000000
94.000000000000000,136.00000000000000,0.0000000000000000
95.000000000000000,136.00000000000000,0.0000000000000000
96.000000000000000,136.00000000000000,0.0000000000000000
97.000000000000000,136.00000000000000,0.0000000000000000
98.000000000000000,136.00000000000000,0.0000000000000000
99.000000000000000,136.00000000000000,0.0000000000000000
100.00000000000000,136.00000000000000,0.0000000000000000
101.00000000000000,136.00000000000000,0.0000000000000000
102.00000000000000,136.00000000000000,0.0000000000000000
103.00000000000000,136.00000000000000,0.0000000000000000
104.00000000000000,136.00000000000000,0.0000000000000000
105.00000000000000,136.00000000000000,0.0000000000000000
106.00000000000000,136.00000000000000,0.0000000000000000
107.00000000000000,136.00000000000000,0.0000000000000000
108.00000000000000,136.00000000000000,0.0000000000000000
109.00000000000000,136.00000000000000,0.0000000000000000
110.00000000000000,136.00000000000000,0.0000000000000000
111.00000000000000,136.00000000000000,0.0000000000000000
112.00000000000000,136.00000000000000,0.0000000000000000
113.00000000000000,136.00000000000000,0.0000000000000000
1.0000000000000000,137.00000000000000,0.0000000000000000
2.0000000000000000,137.00000000000000,0.0000000000000000
3.0000000000000000,137.00000000000000,0.0000000000000000
4.0000000000000000,137.00000000000000,0.0000000000000000
5.0000000000000000,137.00000000000000,0.0000000000000000
6.0000000000000000,137.00000000000000,0.0000000000000000
7.0000000000000000,137.00000000000000,0.0000000000000000
8.0000000000000000,137.00000000000000,0.0000000000000000
9.0000000000000000,137.00000000000000,0.0000000000000000
10.000000000000000,137.00000000000000,0.0000000000000000
11.000000000000000,137.00000000000000,0.0000000000000000
12.000000000000000,137.00000000000000,0.0000000000000000
13.000000000000000,137.00000000000000,0.0000000000000000
14.000000000000000,137.00000000000000,0.0000000000000000
15.000000000000000,137.00000000000000,0.0000000000000000
16.000000000000000,137.00000000000000,0.0000000000000000
17.000000000000000,137.00000000000000,0.0000000000000000
18.000000000000000,137.00000000000000,0.0000000000000000
19.000000000000000,137.00000000000000,0.0000000000000000
20.000000000000000,137.00000000000000,0.0000000000000000
21.000000000000000,137.00000000000000,0.0000000000000000
22.000000000000000,137.00000000000000,0.0000000000000000
23.000000000000000,137.00000000000000,0.0000000000000000
24.000000000000000,137.00000000000000,0.0000000000000000
25.000000000000000,137.00000000000000,0.0000000000000000
26.000000000000000,137.00000000000000,0.0000000000000000
27.000000000000000,137.00000000000000,0.0000000000000000
28.000000000000000,137.00000000000000,0.0000000000000000
29.000000000000000,137.00000000000000,0.0000000000000000
30.000000000000000,137.00000000000000,0.0000000000000000
31.000000000000000,137.00000000000000,0.0000000000000000
32.000000000000000,137.00000000000000,0.0000000000000000
33.000000000000000,137.00000000000000,0.0000000000000000
34.000000000000000,137.00000000000000,0.0000000000000000
35.000000000000000,137.00000000000000,0.0000000000000000
36.000000000000000,137.00000000000000,0.0000000000000000
37.000000000000000,137.00000000000000,0.0000000000000000
38.000000000000000,137.00000000000000,0.0000000000000000
39.000000000000000,137.00000000000000,0.0000000000000000
40.000000000000000,137.00000000000000,0.0000000000000000
41.000000000000000,137.00000000000000,0.0000000000000000
42.000000000000000,137.00000000000000,0.0000000000000000
43.000000000000000,137.00000000000000,0.0000000000000000
44.000000000000000,137.00000000000000,0.0000000000000000
45.000000000000000,137.00000000000000,0.0000000000000000
46.000000000000000,137.00000000000000,0.0000000000000000
47.000000000000000,137.00000000000000,0.0000000000000000
48.000000000000000,137.00000000000000,0.0000000000000000
49.000000000000000,137.00000000000000,0.0000000000000000
50.000000000000000,137.00000000000000,0.0000000000000000
51.000000000000000,137.00000000000000,0.0000000000000000
52.000000000000000,137.00000000000000,0.0000000000000000
53.000000000000000,137.00000000000000,0.0000000000000000
54.000000000000000,137.00000000000000,0.0000000000000000
55.000000000000000,137.00000000000000,0.0000000000000000
56.000000000000000,137.00000000000000,0.0000000000000000
57.000000000000000,137.00000000000000,0.0000000000000000
58.000000000000000,137.00000000000000,0.0000000000000000
59.000000000000000,137.00000000000000,0.0000000000000000
60.000000000000000,137.00000000000000,0.0000000000000000
61.000000000000000,137.00000000000000,0.0000000000000000
62.000000000000000,137.00000000000000,0.0000000000000000
63.000000000000000,137.00000000000000,0.0000000000000000
64.000000000000000,137.00000000000000,0.0000000000000000
65.000000000000000,137.00000000000000,0.0000000000000000
66.000000000000000,137.00000000000000,0.0000000000000000
67.000000000000000,137.00000000000000,0.0000000000000000
68.000000000000000,137.00000000000000,0.0000000000000000
69.000000000000000,137.00000000000000,0.0000000000000000
70.000000000000000,137.00000000000000,0.0000000000000000
71.000000000000000,137.00000000000000,0.0000000000000000
72.000000000000000,137.00000000000000,0.0000000000000000
73.000000000000000,137.00000000000000,0.0000000000000000
74.000000000000000,137.00000000000000,0.0000000000000000
75.000000000000000,137.00000000000000,0.0000000000000000
76.000000000000000,137.00000000000000,0.0000000000000000
77.000000000000000,137.00000000000000,0.0000000000000000
78.000000000000000,137.00000000000000,0.0000000000000000
79.000000000000000,137.00000000000000,0.0000000000000000
80.000000000000000,137.00000000000000,0.0000000000000000
81.000000000000000,137.00000000000000,0.0000000000000000
82.000000000000000,137.00000000000000,0.0000000000000000
83.000000000000000,137.00000000000000,0.0000000000000000
84.000000000000000,137.00000000000000,0.0000000000000000
85.000000000000000,137.00000000000000,0.0000000000000000
86.000000000000000,137.00000000000000,0.0000000000000000
87.000000000000000,137.00000000000000,0.0000000000000000
88.000000000000000,137.00000000000000,0.0000000000000000
89.000000000000000,137.00000000000000,0.0000000000000000
90.000000000000000,137.00000000000000,0.0000000000000000
91.000000000000000,137.00000000000000,0.0000000000000000
92.000000000000000,137.00000000000000,0.0000000000000000
93.000000000000000,137.00000000000000,0.0000000000000000
94.000000000000000,137.00000000000000,0.0000000000000000
95.000000000000000,137.00000000000000,0.0000000000000000
96.000000000000000,137.00000000000000,0.0000000000000000
97.000000000000000,137.00000000000000,0.0000000000000000
98.000000000000000,137.00000000000000,0.0000000000000000
99.000000000000000,137.00000000000000,0.0000000000000000
100.00000000000000,137.00000000000000,0.0000000000000000
101.00000000000000,137.00000000000000,0.0000000000000000
102.00000000000000,137.00000000000000,0.0000000000000000
103.00000000000000,137.00000000000000,0.0000000000000000
104.00000000000000,137.00000000000000,0.0000000000000000
105.00000000000000,137.00000000000000,0.0000000000000000
106.00000000000000,137.00000000000000,0.0000000000000000
107.00000000000000,137.00000000000000,0.0000000000000000
108.00000000000000,137.00000000000000,0.0000000000000000
109.00000000000000,137.00000000000000,0.0000000000000000
110.00000000000000,137.00000000000000,0.0000000000000000
111.00000000000000,137.00000000000000,0.0000000000000000
112.00000000000000,137.00000000000000,0.0000000000000000
113.00000000000000,137.00000000000000,0.0000000000000000
1.0000000000000000,138.00000000000000,0.0000000000000000
2.0000000000000000,138.00000000000000,0.0000000000000000
3.0000000000000000,138.00000000000000,0.0000000000000000
4.0000000000000000,138.00000000000000,0.0000000000000000
5.0000000000000000,138.00000000000000,0.0000000000000000
6.0000000000000000,138.00000000000000,0.0000000000000000
7.0000000000000000,138.00000000000000,0.0000000000000000
8.0000000000000000,138.00000000000000,0.0000000000000000
9.0000000000000000,138.00000000000000,0.0000000000000000
10.000000000000000,138.00000000000000,0.0000000000000000
11.000000000000000,138.00000000000000,0.0000000000000000
12.000000000000000,138.00000000000000,0.0000000000000000
13.000000000000000,138.00000000000000,0.0000000000000000
14.000000000000000,138.00000000000000,0.0000000000000000
15.000000000000000,138.00000000000000,0.0000000000000000
16.000000000000000,138.00000000000000,0.0000000000000000
17.000000000000000,138.00000000000000,0.0000000000000000
18.000000000000000,138.00000000000000,0.0000000000000000
19.000000000000000,138.00000000000000,0.0000000000000000
20.000000000000000,138.00000000000000,0.0000000000000000
21.000000000000000,138.00000000000000,0.0000000000000000
22.000000000000000,138.00000000000000,0.0000000000000000
23.000000000000000,138.00000000000000,0.0000000000000000
24.000000000000000,138.00000000000000,0.0000000000000000
25.000000000000000,138.00000000000000,0.0000000000000000
26.000000000000000,138.00000000000000,0.0000000000000000
27.000000000000000,138.00000000000000,0.0000000000000000
28.000000000000000,138.00000000000000,0.0000000000000000
29.000000000000000,138.00000000000000,0.0000000000000000
30.000000000000000,138.00000000000000,0.0000000000000000
31.000000000000000,138.00000000000000,0.0000000000000000
32.000000000000000,138.00000000000000,0.0000000000000000
33.000000000000000,138.00000000000000,0.0000000000000000
34.000000000000000,138.00000000000000,0.0000000000000000
35.000000000000000,138.00000000000000,0.0000000000000000
36.000000000000000,138.00000000000000,0.0000000000000000
37.000000000000000,138.00000000000000,0.0000000000000000
38.000000000000000,138.00000000000000,0.0000000000000000
39.000000000000000,138.00000000000000,0.0000000000000000
40.000000000000000,138.00000000000000,0.0000000000000000
41.000000000000000,138.00000000000000,0.0000000000000000
42.000000000000000,138.00000000000000,0.0000000000000000
43.000000000000000,138.00000000000000,0.0000000000000000
44.000000000000000,138.00000000000000,0.0000000000000000
45.000000000000000,138.00000000000000,0.0000000000000000
46.000000000000000,138.00000000000000,0.0000000000000000
47.000000000000000,138.00000000000000,0.0000000000000000
48.000000000000000,138.00000000000000,0.0000000000000000
49.000000000000000,138.00000000000000,0.0000000000000000
50.000000000000000,138.00000000000000,0.0000000000000000
51.000000000000000,138.00000000000000,0.0000000000000000
52.000000000000000,138.00000000000000,0.0000000000000000
53.000000000000000,138.00000000000000,0.0000000000000000
54.000000000000000,138.00000000000000,0.0000000000000000
55.000000000000000,138.00000000000000,0.0000000000000000
56.000000000000000,138.00000000000000,0.0000000000000000
57.000000000000000,138.00000000000000,0.0000000000000000
58.000000000000000,138.00000000000000,0.0000000000000000
59.000000000000000,138.00000000000000,0.0000000000000000
60.000000000000000,138.00000000000000,0.0000000000000000
61.000000000000000,138.00000000000000,0.0000000000000000
62.000000000000000,138.00000000000000,0.0000000000000000
63.000000000000000,138.00000000000000,0.0000000000000000
64.000000000000000,138.00000000000000,0.0000000000000000
65.000000000000000,138.00000000000000,0.0000000000000000
66.000000000000000,138.00000000000000,0.0000000000000000
67.000000000000000,138.00000000000000,0.0000000000000000
68.000000000000000,138.00000000000000,0.0000000000000000
69.000000000000000,138.00000000000000,0.0000000000000000
70.000000000000000,138.00000000000000,0.0000000000000000
71.000000000000000,138.00000000000000,0.0000000000000000
72.000000000000000,138.00000000000000,0.0000000000000000
73.000000000000000,138.00000000000000,0.0000000000000000
74.000000000000000,138.00000000000000,0.0000000000000000
75.000000000000000,138.00000000000000,0.0000000000000000
76.000000000000000,138.00000000000000,0.0000000000000000
77.000000000000000,138.00000000000000,0.0000000000000000
78.000000000000000,138.00000000000000,0.0000000000000000
79.000000000000000,138.00000000000000,0.0000000000000000
80.000000000000000,138.00000000000000,0.0000000000000000
81.000000000000000,138.00000000000000,0.0000000000000000
82.000000000000000,138.00000000000000,0.0000000000000000
83.000000000000000,138.00000000000000,0.0000000000000000
84.000000000000000,138.00000000000000,0.0000000000000000
85.000000000000000,138.00000000000000,0.0000000000000000
86.000000000000000,138.00000000000000,0.0000000000000000
87.000000000000000,138.00000000000000,0.0000000000000000
88.000000000000000,138.00000000000000,0.0000000000000000
89.000000000000000,138.00000000000000,0.0000000000000000
90.000000000000000,138.00000000000000,0.0000000000000000
91.000000000000000,138.00000000000000,0.0000000000000000
92.000000000000000,138.00000000000000,0.0000000000000000
93.000000000000000,138.00000000000000,0.0000000000000000
94.000000000000000,138.00000000000000,0.0000000000000000
95.000000000000000,138.00000000000000,0.0000000000000000
96.000000000000000,138.00000000000000,0.0000000000000000
97.000000000000000,138.00000000000000,0.0000000000000000
98.000000000000000,138.00000000000000,0.0000000000000000
99.000000000000000,138.00000000000000,0.0000000000000000
100.00000000000000,138.00000000000000,0.0000000000000000
101.00000000000000,138.00000000000000,0.0000000000000000
102.00000000000000,138.00000000000000,0.0000000000000000
103.00000000000000,138.00000000000000,0.0000000000000000
104.00000000000000,138.00000000000000,0.0000000000000000
105.00000000000000,138.00000000000000,0.0000000000000000
106.00000000000000,138.00000000000000,0.0000000000000000
107.00000000000000,138.00000000000000,0.0000000000000000
108.00000000000000,138.00000000000000,0.0000000000000000
109.00000000000000,138.00000000000000,0.0000000000000000
110.00000000000000,138.00000000000000,0.0000000000000000
111.00000000000000,138.00000000000000,0.0000000000000000
112.00000000000000,138.00000000000000,0.0000000000000000
113.00000000000000,138.00000000000000,0.0000000000000000
1.0000000000000000,139.00000000000000,0.0000000000000000
2.0000000000000000,139.00000000000000,0.0000000000000000
3.0000000000000000,139.00000000000000,0.0000000000000000
4.0000000000000000,139.00000000000000,0.0000000000000000
5.0000000000000000,139.00000000000000,0.0000000000000000
6.0000000000000000,139.00000000000000,0.0000000000000000
7.0000000000000000,139.00000000000000,0.0000000000000000
8.0000000000000000,139.00000000000000,0.0000000000000000
9.0000000000000000,139.00000000000000,0.0000000000000000
10.000000000000000,139.00000000000000,0.0000000000000000
11.000000000000000,139.00000000000000,0.0000000000000000
12.000000000000000,139.00000000000000,0.0000000000000000
13.000000000000000,139.00000000000000,0.0000000000000000
14.000000000000000,139.00000000000000,0.0000000000000000
15.000000000000000,139.00000000000000,0.0000000000000000
16.000000000000000,139.00000000000000,0.0000000000000000
17.000000000000000,139.00000000000000,0.0000000000000000
18.000000000000000,139.00000000000000,0.0000000000000000
19.000000000000000,139.00000000000000,0.0000000000000000
20.000000000000000,139.00000000000000,0.0000000000000000
21.000000000000000,139.00000000000000,0.0000000000000000
22.000000000000000,139.00000000000000,0.0000000000000000
23.000000000000000,139.00000000000000,0.0000000000000000
24.000000000000000,139.00000000000000,0.0000000000000000
25.000000000000000,139.00000000000000,0.0000000000000000
26.000000000000000,139.00000000000000,0.0000000000000000
27.000000000000000,139.00000000000000,0.0000000000000000
28.000000000000000,139.00000000000000,0.0000000000000000
29.000000000000000,139.00000000000000,0.0000000000000000
30.000000000000000,139.00000000000000,0.0000000000000000
31.000000000000000,139.00000000000000,0.0000000000000000
32.000000000000000,139.00000000000000,0.0000000000000000
33.000000000000000,139.00000000000000,0.0000000000000000
34.000000000000000,139.00000000000000,0.0000000000000000
35.000000000000000,139.00000000000000,0.0000000000000000
36.000000000000000,139.00000000000000,0.0000000000000000
37.000000000000000,139.00000000000000,0.0000000000000000
38.000000000000000,139.00000000000000,0.0000000000000000
39.000000000000000,139.00000000000000,0.0000000000000000
40.000000000000000,139.00000000000000,0.0000000000000000
41.000000000000000,139.00000000000000,0.0000000000000000
42.000000000000000,139.00000000000000,0.0000000000000000
43.000000000000000,139.00000000000000,0.0000000000000000
44.000000000000000,139.00000000000000,0.0000000000000000
45.000000000000000,139.00000000000000,0.0000000000000000
46.000000000000000,139.00000000000000,0.0000000000000000
47.000000000000000,139.00000000000000,0.0000000000000000
48.000000000000000,139.00000000000000,0.0000000000000000
49.000000000000000,139.00000000000000,0.0000000000000000
50.000000000000000,139.00000000000000,0.0000000000000000
51.000000000000000,139.00000000000000,0.0000000000000000
52.000000000000000,139.00000000000000,0.0000000000000000
53.000000000000000,139.00000000000000,0.0000000000000000
54.000000000000000,139.00000000000000,0.0000000000000000
55.000000000000000,139.00000000000000,0.0000000000000000
56.000000000000000,139.00000000000000,0.0000000000000000
57.000000000000000,139.00000000000000,0.0000000000000000
58.000000000000000,139.00000000000000,0.0000000000000000
59.000000000000000,139.00000000000000,0.0000000000000000
60.000000000000000,139.00000000000000,0.0000000000000000
61.000000000000000,139.00000000000000,0.0000000000000000
62.000000000000000,139.00000000000000,0.0000000000000000
63.000000000000000,139.00000000000000,0.0000000000000000
64.000000000000000,139.00000000000000,0.0000000000000000
65.000000000000000,139.00000000000000,0.0000000000000000
66.000000000000000,139.00000000000000,0.0000000000000000
67.000000000000000,139.00000000000000,0.0000000000000000
68.000000000000000,139.00000000000000,0.0000000000000000
69.000000000000000,139.00000000000000,0.0000000000000000
70.000000000000000,139.00000000000000,0.0000000000000000
71.000000000000000,139.00000000000000,0.0000000000000000
72.000000000000000,139.00000000000000,0.0000000000000000
73.000000000000000,139.00000000000000,0.0000000000000000
74.000000000000000,139.00000000000000,0.0000000000000000
75.000000000000000,139.00000000000000,0.0000000000000000
76.000000000000000,139.00000000000000,0.0000000000000000
77.000000000000000,139.00000000000000,0.0000000000000000
78.000000000000000,139.00000000000000,0.0000000000000000
79.000000000000000,139.00000000000000,0.0000000000000000
80.000000000000000,139.00000000000000,0.0000000000000000
81.000000000000000,139.00000000000000,0.0000000000000000
82.000000000000000,139.00000000000000,0.0000000000000000
83.000000000000000,139.00000000000000,0.0000000000000000
84.000000000000000,139.00000000000000,0.0000000000000000
85.000000000000000,139.00000000000000,0.0000000000000000
86.000000000000000,139.00000000000000,0.0000000000000000
87.000000000000000,139.00000000000000,0.0000000000000000
88.000000000000000,139.00000000000000,0.0000000000000000
89.000000000000000,139.00000000000000,0.0000000000000000
90.000000000000000,139.00000000000000,0.0000000000000000
91.000000000000000,139.00000000000000,0.0000000000000000
92.000000000000000,139.00000000000000,0.0000000000000000
93.000000000000000,139.00000000000000,0.0000000000000000
94.000000000000000,139.00000000000000,0.0000000000000000
95.000000000000000,139.00000000000000,0.0000000000000000
96.000000000000000,139.00000000000000,0.0000000000000000
97.000000000000000,139.00000000000000,0.0000000000000000
98.000000000000000,139.00000000000000,0.0000000000000000
99.000000000000000,139.00000000000000,0.0000000000000000
100.00000000000000,139.00000000000000,0.0000000000000000
101.00000000000000,139.00000000000000,0.0000000000000000
102.00000000000000,139.00000000000000,0.0000000000000000
103.00000000000000,139.00000000000000,0.0000000000000000
104.00000000000000,139.00000000000000,0.0000000000000000
105.00000000000000,139.00000000000000,0.0000000000000000
106.00000000000000,139.00000000000000,0.0000000000000000
107.00000000000000,139.00000000000000,0.0000000000000000
108.00000000000000,139.00000000000000,0.0000000000000000
109.00000000000000,139.00000000000000,0.0000000000000000
110.00000000000000,139.00000000000000,0.0000000000000000
111.00000000000000,139.00000000000000,0.0000000000000000
112.00000000000000,139.00000000000000,0.0000000000000000
113.00000000000000,139.00000000000000,0.0000000000000000
1.0000000000000000,140.00000000000000,0.0000000000000000
2.0000000000000000,140.00000000000000,0.0000000000000000
3.0000000000000000,140.00000000000000,0.0000000000000000
4.0000000000000000,140.00000000000000,0.0000000000000000
5.0000000000000000,140.00000000000000,0.0000000000000000
6.0000000000000000,140.00000000000000,0.0000000000000000
7.0000000000000000,140.00000000000000,0.0000000000000000
8.0000000000000000,140.00000000000000,0.0000000000000000
9.0000000000000000,140.00000000000000,0.0000000000000000
10.000000000000000,140.00000000000000,0.0000000000000000
11.000000000000000,140.00000000000000,0.0000000000000000
12.000000000000000,140.00000000000000,0.0000000000000000
13.000000000000000,140.00000000000000,0.0000000000000000
14.000000000000000,140.00000000000000,0.0000000000000000
15.000000000000000,140.00000000000000,0.0000000000000000
16.000000000000000,140.00000000000000,0.0000000000000000
17.000000000000000,140.00000000000000,0.0000000000000000
18.000000000000000,140.00000000000000,0.0000000000000000
19.000000000000000,140.00000000000000,0.0000000000000000
20.000000000000000,140.00000000000000,0.0000000000000000
21.000000000000000,140.00000000000000,0.0000000000000000
22.000000000000000,140.00000000000000,0.0000000000000000
23.000000000000000,140.00000000000000,0.0000000000000000
24.000000000000000,140.00000000000000,0.0000000000000000
25.000000000000000,140.00000000000000,0.0000000000000000
26.000000000000000,140.00000000000000,0.0000000000000000
27.000000000000000,140.00000000000000,0.0000000000000000
28.000000000000000,140.00000000000000,0.0000000000000000
29.000000000000000,140.00000000000000,0.0000000000000000
30.000000000000000,140.00000000000000,0.0000000000000000
31.000000000000000,140.00000000000000,0.0000000000000000
32.000000000000000,140.00000000000000,0.0000000000000000
33.000000000000000,140.00000000000000,0.0000000000000000
34.000000000000000,140.00000000000000,0.0000000000000000
35.000000000000000,140.00000000000000,0.0000000000000000
36.000000000000000,140.00000000000000,0.0000000000000000
37.000000000000000,140.00000000000000,0.0000000000000000
38.000000000000000,140.00000000000000,0.0000000000000000
39.000000000000000,140.00000000000000,0.0000000000000000
40.000000000000000,140.00000000000000,0.0000000000000000
41.000000000000000,140.00000000000000,0.0000000000000000
42.000000000000000,140.00000000000000,0.0000000000000000
43.000000000000000,140.00000000000000,0.0000000000000000
44.000000000000000,140.00000000000000,0.0000000000000000
45.000000000000000,140.00000000000000,0.0000000000000000
46.000000000000000,140.00000000000000,0.0000000000000000
47.000000000000000,140.00000000000000,0.0000000000000000
48.000000000000000,140.00000000000000,0.0000000000000000
49.000000000000000,140.00000000000000,0.0000000000000000
50.000000000000000,140.00000000000000,0.0000000000000000
51.000000000000000,140.00000000000000,0.0000000000000000
52.000000000000000,140.00000000000000,0.0000000000000000
53.000000000000000,140.00000000000000,0.0000000000000000
54.000000000000000,140.00000000000000,0.0000000000000000
55.000000000000000,140.00000000000000,0.0000000000000000
56.000000000000000,140.00000000000000,0.0000000000000000
57.000000000000000,140.00000000000000,0.0000000000000000
58.000000000000000,140.00000000000000,0.0000000000000000
59.000000000000000,140.00000000000000,0.0000000000000000
60.000000000000000,140.00000000000000,0.0000000000000000
61.000000000000000,140.00000000000000,0.0000000000000000
62.000000000000000,140.00000000000000,0.0000000000000000
63.000000000000000,140.00000000000000,0.0000000000000000
64.000000000000000,140.00000000000000,0.0000000000000000
65.000000000000000,140.00000000000000,0.0000000000000000
66.000000000000000,140.00000000000000,0.0000000000000000
67.000000000000000,140.00000000000000,0.0000000000000000
68.000000000000000,140.00000000000000,0.0000000000000000
69.000000000000000,140.00000000000000,0.0000000000000000
70.000000000000000,140.00000000000000,0.0000000000000000
71.000000000000000,140.00000000000000,0.0000000000000000
72.000000000000000,140.00000000000000,0.0000000000000000
73.000000000000000,140.00000000000000,0.0000000000000000
74.000000000000000,140.00000000000000,0.0000000000000000
75.000000000000000,140.00000000000000,0.0000000000000000
76.000000000000000,140.00000000000000,0.0000000000000000
77.000000000000000,140.00000000000000,0.0000000000000000
78.000000000000000,140.00000000000000,0.0000000000000000
79.000000000000000,140.00000000000000,0.0000000000000000
80.000000000000000,140.00000000000000,0.0000000000000000
81.000000000000000,140.00000000000000,0.0000000000000000
82.000000000000000,140.00000000000000,0.0000000000000000
83.000000000000000,140.00000000000000,0.0000000000000000
84.000000000000000,140.00000000000000,0.0000000000000000
85.000000000000000,140.00000000000000,0.0000000000000000
86.000000000000000,140.00000000000000,0.0000000000000000
87.000000000000000,140.00000000000000,0.0000000000000000
88.000000000000000,140.00000000000000,0.0000000000000000
89.000000000000000,140.00000000000000,0.0000000000000000
90.000000000000000,140.00000000000000,0.0000000000000000
91.000000000000000,140.00000000000000,0.0000000000000000
92.000000000000000,140.00000000000000,0.0000000000000000
93.000000000000000,140.00000000000000,0.0000000000000000
94.000000000000000,140.00000000000000,0.0000000000000000
95.000000000000000,140.00000000000000,0.0000000000000000
96.000000000000000,140.00000000000000,0.0000000000000000
97.000000000000000,140.00000000000000,0.0000000000000000
98.000000000000000,140.00000000000000,0.0000000000000000
99.000000000000000,140.00000000000000,0.0000000000000000
100.00000000000000,140.00000000000000,0.0000000000000000
101.00000000000000,140.00000000000000,0.0000000000000000
102.00000000000000,140.00000000000000,0.0000000000000000
103.00000000000000,140.00000000000000,0.0000000000000000
104.00000000000000,140.00000000000000,0.0000000000000000
105.00000000000000,140.00000000000000,0.0000000000000000
106.00000000000000,140.00000000000000,0.0000000000000000
107.00000000000000,140.00000000000000,0.0000000000000000
108.00000000000000,140.00000000000000,0.0000000000000000
109.00000000000000,140.00000000000000,0.0000000000000000
110.00000000000000,140.00000000000000,0.0000000000000000
111.00000000000000,140.00000000000000,0.0000000000000000
112.00000000000000,140.00000000000000,0.0000000000000000
113.00000000000000,140.00000000000000,0.0000000000000000
