1.0000000000000000,1.0000000000000000,0.0000000000000000
2.0000000000000000,1.0000000000000000,0.0000000000000000
3.0000000000000000,1.0000000000000000,0.0000000000000000
4.0000000000000000,1.0000000000000000,0.0000000000000000
5.0000000000000000,1.0000000000000000,0.0000000000000000
6.0000000000000000,1.0000000000000000,0.0000000000000000
7.0000000000000000,1.0000000000000000,0.0000000000000000
8.0000000000000000,1.0000000000000000,0.0000000000000000
9.0000000000000000,1.0000000000000000,0.0000000000000000
10.000000000000000,1.0000000000000000,0.0000000000000000
11.000000000000000,1.0000000000000000,0.0000000000000000
12.000000000000000,1.0000000000000000,0.0000000000000000
13.000000000000000,1.0000000000000000,0.0000000000000000
14.000000000000000,1.0000000000000000,0.0000000000000000
15.000000000000000,1.0000000000000000,0.0000000000000000
16.000000000000000,1.0000000000000000,0.0000000000000000
17.000000000000000,1.0000000000000000,0.0000000000000000
18.000000000000000,1.0000000000000000,0.0000000000000000
19.000000000000000,1.0000000000000000,0.0000000000000000
20.000000000000000,1.0000000000000000,0.0000000000000000
21.000000000000000,1.0000000000000000,0.0000000000000000
22.000000000000000,1.0000000000000000,0.0000000000000000
23.000000000000000,1.0000000000000000,0.0000000000000000
24.000000000000000,1.0000000000000000,0.0000000000000000
25.000000000000000,1.0000000000000000,0.0000000000000000
26.000000000000000,1.0000000000000000,0.0000000000000000
27.000000000000000,1.0000000000000000,0.0000000000000000
28.000000000000000,1.0000000000000000,0.0000000000000000
29.000000000000000,1.0000000000000000,0.0000000000000000
30.000000000000000,1.0000000000000000,0.0000000000000000
31.000000000000000,1.0000000000000000,0.0000000000000000
32.000000000000000,1.0000000000000000,0.0000000000000000
33.000000000000000,1.0000000000000000,0.0000000000000000
34.000000000000000,1.0000000000000000,0.0000000000000000
35.000000000000000,1.0000000000000000,0.0000000000000000
36.000000000000000,1.0000000000000000,0.0000000000000000
37.000000000000000,1.0000000000000000,0.0000000000000000
38.000000000000000,1.0000000000000000,0.0000000000000000
39.000000000000000,1.0000000000000000,0.0000000000000000
40.000000000000000,1.0000000000000000,0.0000000000000000
41.000000000000000,1.0000000000000000,0.0000000000000000
42.000000000000000,1.0000000000000000,0.0000000000000000
43.000000000000000,1.0000000000000000,0.0000000000000000
44.000000000000000,1.0000000000000000,0.0000000000000000
45.000000000000000,1.0000000000000000,0.0000000000000000
46.000000000000000,1.0000000000000000,0.0000000000000000
47.000000000000000,1.0000000000000000,0.0000000000000000
48.000000000000000,1.0000000000000000,0.0000000000000000
49.000000000000000,1.0000000000000000,0.0000000000000000
50.000000000000000,1.0000000000000000,0.0000000000000000
51.000000000000000,1.0000000000000000,0.0000000000000000
52.000000000000000,1.0000000000000000,0.0000000000000000
53.000000000000000,1.0000000000000000,0.0000000000000000
54.000000000000000,1.0000000000000000,0.0000000000000000
55.000000000000000,1.0000000000000000,0.0000000000000000
56.000000000000000,1.0000000000000000,0.0000000000000000
57.000000000000000,1.0000000000000000,0.0000000000000000
58.000000000000000,1.0000000000000000,0.0000000000000000
59.000000000000000,1.0000000000000000,0.0000000000000000
60.000000000000000,1.0000000000000000,0.0000000000000000
61.000000000000000,1.0000000000000000,0.0000000000000000
62.000000000000000,1.0000000000000000,0.0000000000000000
63.000000000000000,1.0000000000000000,0.0000000000000000
64.000000000000000,1.0000000000000000,0.0000000000000000
65.000000000000000,1.0000000000000000,0.0000000000000000
66.000000000000000,1.0000000000000000,0.0000000000000000
67.000000000000000,1.0000000000000000,0.0000000000000000
68.000000000000000,1.0000000000000000,0.0000000000000000
69.000000000000000,1.0000000000000000,0.0000000000000000
70.000000000000000,1.0000000000000000,0.0000000000000000
71.000000000000000,1.0000000000000000,0.0000000000000000
72.000000000000000,1.0000000000000000,0.0000000000000000
73.000000000000000,1.0000000000000000,0.0000000000000000
74.000000000000000,1.0000000000000000,0.0000000000000000
75.000000000000000,1.0000000000000000,0.0000000000000000
76.000000000000000,1.0000000000000000,0.0000000000000000
77.000000000000000,1.0000000000000000,0.0000000000000000
78.000000000000000,1.0000000000000000,0.0000000000000000
79.000000000000000,1.0000000000000000,0.0000000000000000
80.000000000000000,1.0000000000000000,0.0000000000000000
81.000000000000000,1.0000000000000000,0.0000000000000000
82.000000000000000,1.0000000000000000,0.0000000000000000
83.000000000000000,1.0000000000000000,0.0000000000000000
84.000000000000000,1.0000000000000000,0.0000000000000000
85.000000000000000,1.0000000000000000,0.0000000000000000
86.000000000000000,1.0000000000000000,0.0000000000000000
87.000000000000000,1.0000000000000000,0.0000000000000000
88.000000000000000,1.0000000000000000,0.0000000000000000
89.000000000000000,1.0000000000000000,0.0000000000000000
90.000000000000000,1.0000000000000000,0.0000000000000000
91.000000000000000,1.0000000000000000,0.0000000000000000
92.000000000000000,1.0000000000000000,0.0000000000000000
93.000000000000000,1.0000000000000000,0.0000000000000000
94.000000000000000,1.0000000000000000,0.0000000000000000
95.000000000000000,1.0000000000000000,0.0000000000000000
96.000000000000000,1.0000000000000000,0.0000000000000000
97.000000000000000,1.0000000000000000,0.0000000000000000
98.000000000000000,1.0000000000000000,0.0000000000000000
99.000000000000000,1.0000000000000000,0.0000000000000000
100.00000000000000,1.0000000000000000,0.0000000000000000
101.00000000000000,1.0000000000000000,0.0000000000000000
102.00000000000000,1.0000000000000000,0.0000000000000000
103.00000000000000,1.0000000000000000,0.0000000000000000
104.00000000000000,1.0000000000000000,0.0000000000000000
105.00000000000000,1.0000000000000000,0.0000000000000000
106.00000000000000,1.0000000000000000,0.0000000000000000
107.00000000000000,1.0000000000000000,0.0000000000000000
108.00000000000000,1.0000000000000000,0.0000000000000000
109.00000000000000,1.0000000000000000,0.0000000000000000
110.00000000000000,1.0000000000000000,0.0000000000000000
111.00000000000000,1.0000000000000000,0.0000000000000000
112.00000000000000,1.0000000000000000,0.0000000000000000
113.00000000000000,1.0000000000000000,0.0000000000000000
1.0000000000000000,2.0000000000000000,0.0000000000000000
2.0000000000000000,2.0000000000000000,0.0000000000000000
3.0000000000000000,2.0000000000000000,0.0000000000000000
4.0000000000000000,2.0000000000000000,0.0000000000000000
5.0000000000000000,2.0000000000000000,0.0000000000000000
6.0000000000000000,2.0000000000000000,0.0000000000000000
7.0000000000000000,2.0000000000000000,0.0000000000000000
8.0000000000000000,2.0000000000000000,0.0000000000000000
9.0000000000000000,2.0000000000000000,0.0000000000000000
10.000000000000000,2.0000000000000000,0.0000000000000000
11.000000000000000,2.0000000000000000,0.0000000000000000
12.000000000000000,2.0000000000000000,0.0000000000000000
13.000000000000000,2.0000000000000000,0.0000000000000000
14.000000000000000,2.0000000000000000,0.0000000000000000
15.000000000000000,2.0000000000000000,0.0000000000000000
16.000000000000000,2.0000000000000000,0.0000000000000000
17.000000000000000,2.0000000000000000,0.0000000000000000
18.000000000000000,2.0000000000000000,0.0000000000000000
19.000000000000000,2.0000000000000000,0.0000000000000000
20.000000000000000,2.0000000000000000,0.0000000000000000
21.000000000000000,2.0000000000000000,0.0000000000000000
22.000000000000000,2.0000000000000000,0.0000000000000000
23.000000000000000,2.0000000000000000,0.0000000000000000
24.000000000000000,2.0000000000000000,0.0000000000000000
25.000000000000000,2.0000000000000000,0.0000000000000000
26.000000000000000,2.0000000000000000,0.0000000000000000
27.000000000000000,2.0000000000000000,0.0000000000000000
28.000000000000000,2.0000000000000000,0.0000000000000000
29.000000000000000,2.0000000000000000,0.0000000000000000
30.000000000000000,2.0000000000000000,0.0000000000000000
31.000000000000000,2.0000000000000000,0.0000000000000000
32.000000000000000,2.0000000000000000,0.0000000000000000
33.000000000000000,2.0000000000000000,0.0000000000000000
34.000000000000000,2.0000000000000000,0.0000000000000000
35.000000000000000,2.0000000000000000,0.0000000000000000
36.000000000000000,2.0000000000000000,0.0000000000000000
37.000000000000000,2.0000000000000000,0.0000000000000000
38.000000000000000,2.0000000000000000,0.0000000000000000
39.000000000000000,2.0000000000000000,0.0000000000000000
40.000000000000000,2.0000000000000000,0.0000000000000000
41.000000000000000,2.0000000000000000,0.0000000000000000
42.000000000000000,2.0000000000000000,0.0000000000000000
43.000000000000000,2.0000000000000000,0.0000000000000000
44.000000000000000,2.0000000000000000,0.0000000000000000
45.000000000000000,2.0000000000000000,0.0000000000000000
46.000000000000000,2.0000000000000000,0.0000000000000000
47.000000000000000,2.0000000000000000,0.0000000000000000
48.000000000000000,2.0000000000000000,0.0000000000000000
49.000000000000000,2.0000000000000000,0.0000000000000000
50.000000000000000,2.0000000000000000,0.0000000000000000
51.000000000000000,2.0000000000000000,0.0000000000000000
52.000000000000000,2.0000000000000000,0.0000000000000000
53.000000000000000,2.0000000000000000,0.0000000000000000
54.000000000000000,2.0000000000000000,0.0000000000000000
55.000000000000000,2.0000000000000000,0.0000000000000000
56.000000000000000,2.0000000000000000,0.0000000000000000
57.000000000000000,2.0000000000000000,0.0000000000000000
58.000000000000000,2.0000000000000000,0.0000000000000000
59.000000000000000,2.0000000000000000,0.0000000000000000
60.000000000000000,2.0000000000000000,0.0000000000000000
61.000000000000000,2.0000000000000000,0.0000000000000000
62.000000000000000,2.0000000000000000,0.0000000000000000
63.000000000000000,2.0000000000000000,0.0000000000000000
64.000000000000000,2.0000000000000000,0.0000000000000000
65.000000000000000,2.0000000000000000,0.0000000000000000
66.000000000000000,2.0000000000000000,0.0000000000000000
67.000000000000000,2.0000000000000000,0.0000000000000000
68.000000000000000,2.0000000000000000,0.0000000000000000
69.000000000000000,2.0000000000000000,0.0000000000000000
70.000000000000000,2.0000000000000000,0.0000000000000000
71.000000000000000,2.0000000000000000,0.0000000000000000
72.000000000000000,2.0000000000000000,0.0000000000000000
73.000000000000000,2.0000000000000000,0.0000000000000000
74.000000000000000,2.0000000000000000,0.0000000000000000
75.000000000000000,2.0000000000000000,0.0000000000000000
76.000000000000000,2.0000000000000000,0.0000000000000000
77.000000000000000,2.0000000000000000,0.0000000000000000
78.000000000000000,2.0000000000000000,0.0000000000000000
79.000000000000000,2.0000000000000000,0.0000000000000000
80.000000000000000,2.0000000000000000,0.0000000000000000
81.000000000000000,2.0000000000000000,0.0000000000000000
82.000000000000000,2.0000000000000000,0.0000000000000000
83.000000000000000,2.0000000000000000,0.0000000000000000
84.000000000000000,2.0000000000000000,0.0000000000000000
85.000000000000000,2.0000000000000000,0.0000000000000000
86.000000000000000,2.0000000000000000,0.0000000000000000
87.000000000000000,2.0000000000000000,0.0000000000000000
88.000000000000000,2.0000000000000000,0.0000000000000000
89.000000000000000,2.0000000000000000,0.0000000000000000
90.000000000000000,2.0000000000000000,0.0000000000000000
91.000000000000000,2.0000000000000000,0.0000000000000000
92.000000000000000,2.0000000000000000,0.0000000000000000
93.000000000000000,2.0000000000000000,0.0000000000000000
94.000000000000000,2.0000000000000000,0.0000000000000000
95.000000000000000,2.0000000000000000,0.0000000000000000
96.000000000000000,2.0000000000000000,0.0000000000000000
97.000000000000000,2.0000000000000000,0.0000000000000000
98.000000000000000,2.0000000000000000,0.0000000000000000
99.000000000000000,2.0000000000000000,0.0000000000000000
100.00000000000000,2.0000000000000000,0.0000000000000000
101.00000000000000,2.0000000000000000,0.0000000000000000
102.00000000000000,2.0000000000000000,0.0000000000000000
103.00000000000000,2.0000000000000000,0.0000000000000000
104.00000000000000,2.0000000000000000,0.0000000000000000
105.00000000000000,2.0000000000000000,0.0000000000000000
106.00000000000000,2.0000000000000000,0.0000000000000000
107.00000000000000,2.0000000000000000,0.0000000000000000
108.00000000000000,2.0000000000000000,0.0000000000000000
109.00000000000000,2.0000000000000000,0.0000000000000000
110.00000000000000,2.0000000000000000,0.0000000000000000
111.00000000000000,2.0000000000000000,0.0000000000000000
112.00000000000000,2.0000000000000000,0.0000000000000000
113.00000000000000,2.0000000000000000,0.0000000000000000
1.0000000000000000,3.0000000000000000,0.0000000000000000
2.0000000000000000,3.0000000000000000,0.0000000000000000
3.0000000000000000,3.0000000000000000,0.0000000000000000
4.0000000000000000,3.0000000000000000,0.0000000000000000
5.0000000000000000,3.0000000000000000,0.0000000000000000
6.0000000000000000,3.0000000000000000,0.0000000000000000
7.0000000000000000,3.0000000000000000,0.0000000000000000
8.0000000000000000,3.0000000000000000,0.0000000000000000
9.0000000000000000,3.0000000000000000,0.0000000000000000
10.000000000000000,3.0000000000000000,0.0000000000000000
11.000000000000000,3.0000000000000000,0.0000000000000000
12.000000000000000,3.0000000000000000,0.0000000000000000
13.000000000000000,3.0000000000000000,0.0000000000000000
14.000000000000000,3.0000000000000000,0.0000000000000000
15.000000000000000,3.0000000000000000,0.0000000000000000
16.000000000000000,3.0000000000000000,0.0000000000000000
17.000000000000000,3.0000000000000000,0.0000000000000000
18.000000000000000,3.0000000000000000,0.0000000000000000
19.000000000000000,3.0000000000000000,0.0000000000000000
20.000000000000000,3.0000000000000000,0.0000000000000000
21.000000000000000,3.0000000000000000,0.0000000000000000
22.000000000000000,3.0000000000000000,0.0000000000000000
23.000000000000000,3.0000000000000000,0.0000000000000000
24.000000000000000,3.0000000000000000,0.0000000000000000
25.000000000000000,3.0000000000000000,0.0000000000000000
26.000000000000000,3.0000000000000000,0.0000000000000000
27.000000000000000,3.0000000000000000,0.0000000000000000
28.000000000000000,3.0000000000000000,0.0000000000000000
29.000000000000000,3.0000000000000000,0.0000000000000000
30.000000000000000,3.0000000000000000,0.0000000000000000
31.000000000000000,3.0000000000000000,0.0000000000000000
32.000000000000000,3.0000000000000000,0.0000000000000000
33.000000000000000,3.0000000000000000,0.0000000000000000
34.000000000000000,3.0000000000000000,0.0000000000000000
35.000000000000000,3.0000000000000000,0.0000000000000000
36.000000000000000,3.0000000000000000,0.0000000000000000
37.000000000000000,3.0000000000000000,0.0000000000000000
38.000000000000000,3.0000000000000000,0.0000000000000000
39.000000000000000,3.0000000000000000,0.0000000000000000
40.000000000000000,3.0000000000000000,0.0000000000000000
41.000000000000000,3.0000000000000000,0.0000000000000000
42.000000000000000,3.0000000000000000,0.0000000000000000
43.000000000000000,3.0000000000000000,0.0000000000000000
44.000000000000000,3.0000000000000000,0.0000000000000000
45.000000000000000,3.0000000000000000,0.0000000000000000
46.000000000000000,3.0000000000000000,0.0000000000000000
47.000000000000000,3.0000000000000000,0.0000000000000000
48.000000000000000,3.0000000000000000,0.0000000000000000
49.000000000000000,3.0000000000000000,0.0000000000000000
50.000000000000000,3.0000000000000000,0.0000000000000000
51.000000000000000,3.0000000000000000,0.0000000000000000
52.000000000000000,3.0000000000000000,0.0000000000000000
53.000000000000000,3.0000000000000000,0.0000000000000000
54.000000000000000,3.0000000000000000,0.0000000000000000
55.000000000000000,3.0000000000000000,0.0000000000000000
56.000000000000000,3.0000000000000000,0.0000000000000000
57.000000000000000,3.0000000000000000,0.0000000000000000
58.000000000000000,3.0000000000000000,0.0000000000000000
59.000000000000000,3.0000000000000000,0.0000000000000000
60.000000000000000,3.0000000000000000,0.0000000000000000
61.000000000000000,3.0000000000000000,0.0000000000000000
62.000000000000000,3.0000000000000000,0.0000000000000000
63.000000000000000,3.0000000000000000,0.0000000000000000
64.000000000000000,3.0000000000000000,0.0000000000000000
65.000000000000000,3.0000000000000000,0.0000000000000000
66.000000000000000,3.0000000000000000,0.0000000000000000
67.000000000000000,3.0000000000000000,0.0000000000000000
68.000000000000000,3.0000000000000000,0.0000000000000000
69.000000000000000,3.0000000000000000,0.0000000000000000
70.000000000000000,3.0000000000000000,0.0000000000000000
71.000000000000000,3.0000000000000000,0.0000000000000000
72.000000000000000,3.0000000000000000,0.0000000000000000
73.000000000000000,3.0000000000000000,0.0000000000000000
74.000000000000000,3.0000000000000000,0.0000000000000000
75.000000000000000,3.0000000000000000,0.0000000000000000
76.000000000000000,3.0000000000000000,0.0000000000000000
77.000000000000000,3.0000000000000000,0.0000000000000000
78.000000000000000,3.0000000000000000,0.0000000000000000
79.000000000000000,3.0000000000000000,0.0000000000000000
80.000000000000000,3.0000000000000000,0.0000000000000000
81.000000000000000,3.0000000000000000,0.0000000000000000
82.000000000000000,3.0000000000000000,0.0000000000000000
83.000000000000000,3.0000000000000000,0.0000000000000000
84.000000000000000,3.0000000000000000,0.0000000000000000
85.000000000000000,3.0000000000000000,0.0000000000000000
86.000000000000000,3.0000000000000000,0.0000000000000000
87.000000000000000,3.0000000000000000,0.0000000000000000
88.000000000000000,3.0000000000000000,0.0000000000000000
89.000000000000000,3.0000000000000000,0.0000000000000000
90.000000000000000,3.0000000000000000,0.0000000000000000
91.000000000000000,3.0000000000000000,0.0000000000000000
92.000000000000000,3.0000000000000000,0.0000000000000000
93.000000000000000,3.0000000000000000,0.0000000000000000
94.000000000000000,3.0000000000000000,0.0000000000000000
95.000000000000000,3.0000000000000000,0.0000000000000000
96.000000000000000,3.0000000000000000,0.0000000000000000
97.000000000000000,3.0000000000000000,0.0000000000000000
98.000000000000000,3.0000000000000000,0.0000000000000000
99.000000000000000,3.0000000000000000,0.0000000000000000
100.00000000000000,3.0000000000000000,0.0000000000000000
101.00000000000000,3.0000000000000000,0.0000000000000000
102.00000000000000,3.0000000000000000,0.0000000000000000
103.00000000000000,3.0000000000000000,0.0000000000000000
104.00000000000000,3.0000000000000000,0.0000000000000000
105.00000000000000,3.0000000000000000,0.0000000000000000
106.00000000000000,3.0000000000000000,0.0000000000000000
107.00000000000000,3.0000000000000000,0.0000000000000000
108.00000000000000,3.0000000000000000,0.0000000000000000
109.00000000000000,3.0000000000000000,0.0000000000000000
110.00000000000000,3.0000000000000000,0.0000000000000000
111.00000000000000,3.0000000000000000,0.0000000000000000
112.00000000000000,3.0000000000000000,0.0000000000000000
113.00000000000000,3.0000000000000000,0.0000000000000000
1.0000000000000000,4.0000000000000000,0.0000000000000000
2.0000000000000000,4.0000000000000000,0.0000000000000000
3.0000000000000000,4.0000000000000000,0.0000000000000000
4.0000000000000000,4.0000000000000000,0.0000000000000000
5.0000000000000000,4.0000000000000000,0.0000000000000000
6.0000000000000000,4.0000000000000000,0.0000000000000000
7.0000000000000000,4.0000000000000000,0.0000000000000000
8.0000000000000000,4.0000000000000000,0.0000000000000000
9.0000000000000000,4.0000000000000000,0.0000000000000000
10.000000000000000,4.0000000000000000,0.0000000000000000
11.000000000000000,4.0000000000000000,0.0000000000000000
12.000000000000000,4.0000000000000000,0.0000000000000000
13.000000000000000,4.0000000000000000,0.0000000000000000
14.000000000000000,4.0000000000000000,0.0000000000000000
15.000000000000000,4.0000000000000000,0.0000000000000000
16.000000000000000,4.0000000000000000,0.0000000000000000
17.000000000000000,4.0000000000000000,0.0000000000000000
18.000000000000000,4.0000000000000000,0.0000000000000000
19.000000000000000,4.0000000000000000,0.0000000000000000
20.000000000000000,4.0000000000000000,0.0000000000000000
21.000000000000000,4.0000000000000000,0.0000000000000000
22.000000000000000,4.0000000000000000,0.0000000000000000
23.000000000000000,4.0000000000000000,0.0000000000000000
24.000000000000000,4.0000000000000000,0.0000000000000000
25.000000000000000,4.0000000000000000,0.0000000000000000
26.000000000000000,4.0000000000000000,0.0000000000000000
27.000000000000000,4.0000000000000000,0.0000000000000000
28.000000000000000,4.0000000000000000,0.0000000000000000
29.000000000000000,4.0000000000000000,0.0000000000000000
30.000000000000000,4.0000000000000000,0.0000000000000000
31.000000000000000,4.0000000000000000,0.0000000000000000
32.000000000000000,4.0000000000000000,0.0000000000000000
33.000000000000000,4.0000000000000000,0.0000000000000000
34.000000000000000,4.0000000000000000,0.0000000000000000
35.000000000000000,4.0000000000000000,0.0000000000000000
36.000000000000000,4.0000000000000000,0.0000000000000000
37.000000000000000,4.0000000000000000,0.0000000000000000
38.000000000000000,4.0000000000000000,0.0000000000000000
39.000000000000000,4.0000000000000000,0.0000000000000000
40.000000000000000,4.0000000000000000,0.0000000000000000
41.000000000000000,4.0000000000000000,0.0000000000000000
42.000000000000000,4.0000000000000000,0.0000000000000000
43.000000000000000,4.0000000000000000,0.0000000000000000
44.000000000000000,4.0000000000000000,0.0000000000000000
45.000000000000000,4.0000000000000000,0.0000000000000000
46.000000000000000,4.0000000000000000,0.0000000000000000
47.000000000000000,4.0000000000000000,0.0000000000000000
48.000000000000000,4.0000000000000000,0.0000000000000000
49.000000000000000,4.0000000000000000,0.0000000000000000
50.000000000000000,4.0000000000000000,0.0000000000000000
51.000000000000000,4.0000000000000000,0.0000000000000000
52.000000000000000,4.0000000000000000,0.0000000000000000
53.000000000000000,4.0000000000000000,0.0000000000000000
54.000000000000000,4.0000000000000000,0.0000000000000000
55.000000000000000,4.0000000000000000,0.0000000000000000
56.000000000000000,4.0000000000000000,0.0000000000000000
57.000000000000000,4.0000000000000000,0.0000000000000000
58.000000000000000,4.0000000000000000,0.0000000000000000
59.000000000000000,4.0000000000000000,0.0000000000000000
60.000000000000000,4.0000000000000000,0.0000000000000000
61.000000000000000,4.0000000000000000,0.0000000000000000
62.000000000000000,4.0000000000000000,0.0000000000000000
63.000000000000000,4.0000000000000000,0.0000000000000000
64.000000000000000,4.0000000000000000,0.0000000000000000
65.000000000000000,4.0000000000000000,0.0000000000000000
66.000000000000000,4.0000000000000000,0.0000000000000000
67.000000000000000,4.0000000000000000,0.0000000000000000
68.000000000000000,4.0000000000000000,0.0000000000000000
69.000000000000000,4.0000000000000000,0.0000000000000000
70.000000000000000,4.0000000000000000,0.0000000000000000
71.000000000000000,4.0000000000000000,0.0000000000000000
72.000000000000000,4.0000000000000000,0.0000000000000000
73.000000000000000,4.0000000000000000,0.0000000000000000
74.000000000000000,4.0000000000000000,0.0000000000000000
75.000000000000000,4.0000000000000000,0.0000000000000000
76.000000000000000,4.0000000000000000,0.0000000000000000
77.000000000000000,4.0000000000000000,0.0000000000000000
78.000000000000000,4.0000000000000000,0.0000000000000000
79.000000000000000,4.0000000000000000,0.0000000000000000
80.000000000000000,4.0000000000000000,0.0000000000000000
81.000000000000000,4.0000000000000000,0.0000000000000000
82.000000000000000,4.0000000000000000,0.0000000000000000
83.000000000000000,4.0000000000000000,0.0000000000000000
84.000000000000000,4.0000000000000000,0.0000000000000000
85.000000000000000,4.0000000000000000,0.0000000000000000
86.000000000000000,4.0000000000000000,0.0000000000000000
87.000000000000000,4.0000000000000000,0.0000000000000000
88.000000000000000,4.0000000000000000,0.0000000000000000
89.000000000000000,4.0000000000000000,0.0000000000000000
90.000000000000000,4.0000000000000000,0.0000000000000000
91.000000000000000,4.0000000000000000,0.0000000000000000
92.000000000000000,4.0000000000000000,0.0000000000000000
93.000000000000000,4.0000000000000000,0.0000000000000000
94.000000000000000,4.0000000000000000,0.0000000000000000
95.000000000000000,4.0000000000000000,0.0000000000000000
96.000000000000000,4.0000000000000000,0.0000000000000000
97.000000000000000,4.0000000000000000,0.0000000000000000
98.000000000000000,4.0000000000000000,0.0000000000000000
99.000000000000000,4.0000000000000000,0.0000000000000000
100.00000000000000,4.0000000000000000,0.0000000000000000
101.00000000000000,4.0000000000000000,0.0000000000000000
102.00000000000000,4.0000000000000000,0.0000000000000000
103.00000000000000,4.0000000000000000,0.0000000000000000
104.00000000000000,4.0000000000000000,0.0000000000000000
105.00000000000000,4.0000000000000000,0.0000000000000000
106.00000000000000,4.0000000000000000,0.0000000000000000
107.00000000000000,4.0000000000000000,0.0000000000000000
108.00000000000000,4.0000000000000000,0.0000000000000000
109.00000000000000,4.0000000000000000,0.0000000000000000
110.00000000000000,4.0000000000000000,0.0000000000000000
111.00000000000000,4.0000000000000000,0.0000000000000000
112.00000000000000,4.0000000000000000,0.0000000000000000
113.00000000000000,4.0000000000000000,0.0000000000000000
1.0000000000000000,5.0000000000000000,0.0000000000000000
2.0000000000000000,5.0000000000000000,0.0000000000000000
3.0000000000000000,5.0000000000000000,0.0000000000000000
4.0000000000000000,5.0000000000000000,0.0000000000000000
5.0000000000000000,5.0000000000000000,0.0000000000000000
6.0000000000000000,5.0000000000000000,0.0000000000000000
7.0000000000000000,5.0000000000000000,0.0000000000000000
8.0000000000000000,5.0000000000000000,0.0000000000000000
9.0000000000000000,5.0000000000000000,0.0000000000000000
10.000000000000000,5.0000000000000000,0.0000000000000000
11.000000000000000,5.0000000000000000,0.0000000000000000
12.000000000000000,5.0000000000000000,0.0000000000000000
13.000000000000000,5.0000000000000000,0.0000000000000000
14.000000000000000,5.0000000000000000,0.0000000000000000
15.000000000000000,5.0000000000000000,0.0000000000000000
16.000000000000000,5.0000000000000000,0.0000000000000000
17.000000000000000,5.0000000000000000,0.0000000000000000
18.000000000000000,5.0000000000000000,0.0000000000000000
19.000000000000000,5.0000000000000000,0.0000000000000000
20.000000000000000,5.0000000000000000,0.0000000000000000
21.000000000000000,5.0000000000000000,0.0000000000000000
22.000000000000000,5.0000000000000000,0.0000000000000000
23.000000000000000,5.0000000000000000,0.0000000000000000
24.000000000000000,5.0000000000000000,0.0000000000000000
25.000000000000000,5.0000000000000000,0.0000000000000000
26.000000000000000,5.0000000000000000,0.0000000000000000
27.000000000000000,5.0000000000000000,0.0000000000000000
28.000000000000000,5.0000000000000000,0.0000000000000000
29.000000000000000,5.0000000000000000,0.0000000000000000
30.000000000000000,5.0000000000000000,0.0000000000000000
31.000000000000000,5.0000000000000000,0.0000000000000000
32.000000000000000,5.0000000000000000,0.0000000000000000
33.000000000000000,5.0000000000000000,0.0000000000000000
34.000000000000000,5.0000000000000000,0.0000000000000000
35.000000000000000,5.0000000000000000,0.0000000000000000
36.000000000000000,5.0000000000000000,0.0000000000000000
37.000000000000000,5.0000000000000000,0.0000000000000000
38.000000000000000,5.0000000000000000,0.0000000000000000
39.000000000000000,5.0000000000000000,0.0000000000000000
40.000000000000000,5.0000000000000000,0.0000000000000000
41.000000000000000,5.0000000000000000,0.0000000000000000
42.000000000000000,5.0000000000000000,0.0000000000000000
43.000000000000000,5.0000000000000000,0.0000000000000000
44.000000000000000,5.0000000000000000,0.0000000000000000
45.000000000000000,5.0000000000000000,0.0000000000000000
46.000000000000000,5.0000000000000000,0.0000000000000000
47.000000000000000,5.0000000000000000,0.0000000000000000
48.000000000000000,5.0000000000000000,0.0000000000000000
49.000000000000000,5.0000000000000000,0.0000000000000000
50.000000000000000,5.0000000000000000,0.0000000000000000
51.000000000000000,5.0000000000000000,0.0000000000000000
52.000000000000000,5.0000000000000000,0.0000000000000000
53.000000000000000,5.0000000000000000,0.0000000000000000
54.000000000000000,5.0000000000000000,0.0000000000000000
55.000000000000000,5.0000000000000000,0.0000000000000000
56.000000000000000,5.0000000000000000,0.0000000000000000
57.000000000000000,5.0000000000000000,0.0000000000000000
58.000000000000000,5.0000000000000000,0.0000000000000000
59.000000000000000,5.0000000000000000,0.0000000000000000
60.000000000000000,5.0000000000000000,0.0000000000000000
61.000000000000000,5.0000000000000000,0.0000000000000000
62.000000000000000,5.0000000000000000,0.0000000000000000
63.000000000000000,5.0000000000000000,0.0000000000000000
64.000000000000000,5.0000000000000000,0.0000000000000000
65.000000000000000,5.0000000000000000,0.0000000000000000
66.000000000000000,5.0000000000000000,0.0000000000000000
67.000000000000000,5.0000000000000000,0.0000000000000000
68.000000000000000,5.0000000000000000,0.0000000000000000
69.000000000000000,5.0000000000000000,0.0000000000000000
70.000000000000000,5.0000000000000000,0.0000000000000000
71.000000000000000,5.0000000000000000,0.0000000000000000
72.000000000000000,5.0000000000000000,0.0000000000000000
73.000000000000000,5.0000000000000000,0.0000000000000000
74.000000000000000,5.0000000000000000,0.0000000000000000
75.000000000000000,5.0000000000000000,0.0000000000000000
76.000000000000000,5.0000000000000000,0.0000000000000000
77.000000000000000,5.0000000000000000,0.0000000000000000
78.000000000000000,5.0000000000000000,0.0000000000000000
79.000000000000000,5.0000000000000000,0.0000000000000000
80.000000000000000,5.0000000000000000,0.0000000000000000
81.000000000000000,5.0000000000000000,0.0000000000000000
82.000000000000000,5.0000000000000000,0.0000000000000000
83.000000000000000,5.0000000000000000,0.0000000000000000
84.000000000000000,5.0000000000000000,0.0000000000000000
85.000000000000000,5.0000000000000000,0.0000000000000000
86.000000000000000,5.0000000000000000,0.0000000000000000
87.000000000000000,5.0000000000000000,0.0000000000000000
88.000000000000000,5.0000000000000000,0.0000000000000000
89.000000000000000,5.0000000000000000,0.0000000000000000
90.000000000000000,5.0000000000000000,0.0000000000000000
91.000000000000000,5.0000000000000000,0.0000000000000000
92.000000000000000,5.0000000000000000,0.0000000000000000
93.000000000000000,5.0000000000000000,0.0000000000000000
94.000000000000000,5.0000000000000000,0.0000000000000000
95.000000000000000,5.0000000000000000,0.0000000000000000
96.000000000000000,5.0000000000000000,0.0000000000000000
97.000000000000000,5.0000000000000000,0.0000000000000000
98.000000000000000,5.0000000000000000,0.0000000000000000
99.000000000000000,5.0000000000000000,0.0000000000000000
100.00000000000000,5.0000000000000000,0.0000000000000000
101.00000000000000,5.0000000000000000,0.0000000000000000
102.00000000000000,5.0000000000000000,0.0000000000000000
103.00000000000000,5.0000000000000000,0.0000000000000000
104.00000000000000,5.0000000000000000,0.0000000000000000
105.00000000000000,5.0000000000000000,0.0000000000000000
106.00000000000000,5.0000000000000000,0.0000000000000000
107.00000000000000,5.0000000000000000,0.0000000000000000
108.00000000000000,5.0000000000000000,0.0000000000000000
109.00000000000000,5.0000000000000000,0.0000000000000000
110.00000000000000,5.0000000000000000,0.0000000000000000
111.00000000000000,5.0000000000000000,0.0000000000000000
112.00000000000000,5.0000000000000000,0.0000000000000000
113.00000000000000,5.0000000000000000,0.0000000000000000
1.0000000000000000,6.0000000000000000,0.0000000000000000
2.0000000000000000,6.0000000000000000,0.0000000000000000
3.0000000000000000,6.0000000000000000,0.0000000000000000
4.0000000000000000,6.0000000000000000,0.0000000000000000
5.0000000000000000,6.0000000000000000,0.0000000000000000
6.0000000000000000,6.0000000000000000,0.0000000000000000
7.0000000000000000,6.0000000000000000,0.0000000000000000
8.0000000000000000,6.0000000000000000,0.0000000000000000
9.0000000000000000,6.0000000000000000,0.0000000000000000
10.000000000000000,6.0000000000000000,0.0000000000000000
11.000000000000000,6.0000000000000000,0.0000000000000000
12.000000000000000,6.0000000000000000,0.0000000000000000
13.000000000000000,6.0000000000000000,0.0000000000000000
14.000000000000000,6.0000000000000000,0.0000000000000000
15.000000000000000,6.0000000000000000,0.0000000000000000
16.000000000000000,6.0000000000000000,0.0000000000000000
17.000000000000000,6.0000000000000000,0.0000000000000000
18.000000000000000,6.0000000000000000,0.0000000000000000
19.000000000000000,6.0000000000000000,0.0000000000000000
20.000000000000000,6.0000000000000000,0.0000000000000000
21.000000000000000,6.0000000000000000,0.0000000000000000
22.000000000000000,6.0000000000000000,0.0000000000000000
23.000000000000000,6.0000000000000000,0.0000000000000000
24.000000000000000,6.0000000000000000,0.0000000000000000
25.000000000000000,6.0000000000000000,0.0000000000000000
26.000000000000000,6.0000000000000000,0.0000000000000000
27.000000000000000,6.0000000000000000,0.0000000000000000
28.000000000000000,6.0000000000000000,0.0000000000000000
29.000000000000000,6.0000000000000000,0.0000000000000000
30.000000000000000,6.0000000000000000,0.0000000000000000
31.000000000000000,6.0000000000000000,0.0000000000000000
32.000000000000000,6.0000000000000000,0.0000000000000000
33.000000000000000,6.0000000000000000,0.0000000000000000
34.000000000000000,6.0000000000000000,0.0000000000000000
35.000000000000000,6.0000000000000000,0.0000000000000000
36.000000000000000,6.0000000000000000,0.0000000000000000
37.000000000000000,6.0000000000000000,0.0000000000000000
38.000000000000000,6.0000000000000000,0.0000000000000000
39.000000000000000,6.0000000000000000,0.0000000000000000
40.000000000000000,6.0000000000000000,0.0000000000000000
41.000000000000000,6.0000000000000000,0.0000000000000000
42.000000000000000,6.0000000000000000,0.0000000000000000
43.000000000000000,6.0000000000000000,0.0000000000000000
44.000000000000000,6.0000000000000000,0.0000000000000000
45.000000000000000,6.0000000000000000,0.0000000000000000
46.000000000000000,6.0000000000000000,0.0000000000000000
47.000000000000000,6.0000000000000000,0.0000000000000000
48.000000000000000,6.0000000000000000,0.0000000000000000
49.000000000000000,6.0000000000000000,0.0000000000000000
50.000000000000000,6.0000000000000000,0.0000000000000000
51.000000000000000,6.0000000000000000,0.0000000000000000
52.000000000000000,6.0000000000000000,0.0000000000000000
53.000000000000000,6.0000000000000000,0.0000000000000000
54.000000000000000,6.0000000000000000,0.0000000000000000
55.000000000000000,6.0000000000000000,0.0000000000000000
56.000000000000000,6.0000000000000000,0.0000000000000000
57.000000000000000,6.0000000000000000,0.0000000000000000
58.000000000000000,6.0000000000000000,0.0000000000000000
59.000000000000000,6.0000000000000000,0.0000000000000000
60.000000000000000,6.0000000000000000,0.0000000000000000
61.000000000000000,6.0000000000000000,0.0000000000000000
62.000000000000000,6.0000000000000000,0.0000000000000000
63.000000000000000,6.0000000000000000,0.0000000000000000
64.000000000000000,6.0000000000000000,0.0000000000000000
65.000000000000000,6.0000000000000000,0.0000000000000000
66.000000000000000,6.0000000000000000,0.0000000000000000
67.000000000000000,6.0000000000000000,0.0000000000000000
68.000000000000000,6.0000000000000000,0.0000000000000000
69.000000000000000,6.0000000000000000,0.0000000000000000
70.000000000000000,6.0000000000000000,0.0000000000000000
71.000000000000000,6.0000000000000000,0.0000000000000000
72.000000000000000,6.0000000000000000,0.0000000000000000
73.000000000000000,6.0000000000000000,0.0000000000000000
74.000000000000000,6.0000000000000000,0.0000000000000000
75.000000000000000,6.0000000000000000,0.0000000000000000
76.000000000000000,6.0000000000000000,0.0000000000000000
77.000000000000000,6.0000000000000000,0.0000000000000000
78.000000000000000,6.0000000000000000,0.0000000000000000
79.000000000000000,6.0000000000000000,0.0000000000000000
80.000000000000000,6.0000000000000000,0.0000000000000000
81.000000000000000,6.0000000000000000,0.0000000000000000
82.000000000000000,6.0000000000000000,0.0000000000000000
83.000000000000000,6.0000000000000000,0.0000000000000000
84.000000000000000,6.0000000000000000,0.0000000000000000
85.000000000000000,6.0000000000000000,0.0000000000000000
86.000000000000000,6.0000000000000000,0.0000000000000000
87.000000000000000,6.0000000000000000,0.0000000000000000
88.000000000000000,6.0000000000000000,0.0000000000000000
89.000000000000000,6.0000000000000000,0.0000000000000000
90.000000000000000,6.0000000000000000,0.0000000000000000
91.000000000000000,6.0000000000000000,0.0000000000000000
92.000000000000000,6.0000000000000000,0.0000000000000000
93.000000000000000,6.0000000000000000,0.0000000000000000
94.000000000000000,6.0000000000000000,0.0000000000000000
95.000000000000000,6.0000000000000000,0.0000000000000000
96.000000000000000,6.0000000000000000,0.0000000000000000
97.000000000000000,6.0000000000000000,0.0000000000000000
98.000000000000000,6.0000000000000000,0.0000000000000000
99.000000000000000,6.0000000000000000,0.0000000000000000
100.00000000000000,6.0000000000000000,0.0000000000000000
101.00000000000000,6.0000000000000000,0.0000000000000000
102.00000000000000,6.0000000000000000,0.0000000000000000
103.00000000000000,6.0000000000000000,0.0000000000000000
104.00000000000000,6.0000000000000000,0.0000000000000000
105.00000000000000,6.0000000000000000,0.0000000000000000
106.00000000000000,6.0000000000000000,0.0000000000000000
107.00000000000000,6.0000000000000000,0.0000000000000000
108.00000000000000,6.0000000000000000,0.0000000000000000
109.00000000000000,6.0000000000000000,0.0000000000000000
110.00000000000000,6.0000000000000000,0.0000000000000000
111.00000000000000,6.0000000000000000,0.0000000000000000
112.00000000000000,6.0000000000000000,0.0000000000000000
113.00000000000000,6.0000000000000000,0.0000000000000000
1.0000000000000000,7.0000000000000000,0.0000000000000000
2.0000000000000000,7.0000000000000000,0.0000000000000000
3.0000000000000000,7.0000000000000000,0.0000000000000000
4.0000000000000000,7.0000000000000000,0.0000000000000000
5.0000000000000000,7.0000000000000000,0.0000000000000000
6.0000000000000000,7.0000000000000000,0.0000000000000000
7.0000000000000000,7.0000000000000000,0.0000000000000000
8.0000000000000000,7.0000000000000000,0.0000000000000000
9.0000000000000000,7.0000000000000000,0.0000000000000000
10.000000000000000,7.0000000000000000,0.0000000000000000
11.000000000000000,7.0000000000000000,0.0000000000000000
12.000000000000000,7.0000000000000000,0.0000000000000000
13.000000000000000,7.0000000000000000,0.0000000000000000
14.000000000000000,7.0000000000000000,0.0000000000000000
15.000000000000000,7.0000000000000000,0.0000000000000000
16.000000000000000,7.0000000000000000,0.0000000000000000
17.000000000000000,7.0000000000000000,0.0000000000000000
18.000000000000000,7.0000000000000000,0.0000000000000000
19.000000000000000,7.0000000000000000,0.0000000000000000
20.000000000000000,7.0000000000000000,0.0000000000000000
21.000000000000000,7.0000000000000000,0.0000000000000000
22.000000000000000,7.0000000000000000,0.0000000000000000
23.000000000000000,7.0000000000000000,0.0000000000000000
24.000000000000000,7.0000000000000000,0.0000000000000000
25.000000000000000,7.0000000000000000,0.0000000000000000
26.000000000000000,7.0000000000000000,0.0000000000000000
27.000000000000000,7.0000000000000000,0.0000000000000000
28.000000000000000,7.0000000000000000,0.0000000000000000
29.000000000000000,7.0000000000000000,0.0000000000000000
30.000000000000000,7.0000000000000000,0.0000000000000000
31.000000000000000,7.0000000000000000,0.0000000000000000
32.000000000000000,7.0000000000000000,0.0000000000000000
33.000000000000000,7.0000000000000000,0.0000000000000000
34.000000000000000,7.0000000000000000,0.0000000000000000
35.000000000000000,7.0000000000000000,0.0000000000000000
36.000000000000000,7.0000000000000000,0.0000000000000000
37.000000000000000,7.0000000000000000,0.0000000000000000
38.000000000000000,7.0000000000000000,0.0000000000000000
39.000000000000000,7.0000000000000000,0.0000000000000000
40.000000000000000,7.0000000000000000,0.0000000000000000
41.000000000000000,7.0000000000000000,0.0000000000000000
42.000000000000000,7.0000000000000000,0.0000000000000000
43.000000000000000,7.0000000000000000,0.0000000000000000
44.000000000000000,7.0000000000000000,0.0000000000000000
45.000000000000000,7.0000000000000000,0.0000000000000000
46.000000000000000,7.0000000000000000,0.0000000000000000
47.000000000000000,7.0000000000000000,0.0000000000000000
48.000000000000000,7.0000000000000000,0.0000000000000000
49.000000000000000,7.0000000000000000,0.0000000000000000
50.000000000000000,7.0000000000000000,0.0000000000000000
51.000000000000000,7.0000000000000000,0.0000000000000000
52.000000000000000,7.0000000000000000,0.0000000000000000
53.000000000000000,7.0000000000000000,0.0000000000000000
54.000000000000000,7.0000000000000000,0.0000000000000000
55.000000000000000,7.0000000000000000,0.0000000000000000
56.000000000000000,7.0000000000000000,0.0000000000000000
57.000000000000000,7.0000000000000000,0.0000000000000000
58.000000000000000,7.0000000000000000,0.0000000000000000
59.000000000000000,7.0000000000000000,0.0000000000000000
60.000000000000000,7.0000000000000000,0.0000000000000000
61.000000000000000,7.0000000000000000,0.0000000000000000
62.000000000000000,7.0000000000000000,0.0000000000000000
63.000000000000000,7.0000000000000000,0.0000000000000000
64.000000000000000,7.0000000000000000,0.0000000000000000
65.000000000000000,7.0000000000000000,0.0000000000000000
66.000000000000000,7.0000000000000000,0.0000000000000000
67.000000000000000,7.0000000000000000,0.0000000000000000
68.000000000000000,7.0000000000000000,0.0000000000000000
69.000000000000000,7.0000000000000000,0.0000000000000000
70.000000000000000,7.0000000000000000,0.0000000000000000
71.000000000000000,7.0000000000000000,0.0000000000000000
72.000000000000000,7.0000000000000000,0.0000000000000000
73.000000000000000,7.0000000000000000,0.0000000000000000
74.000000000000000,7.0000000000000000,0.0000000000000000
75.000000000000000,7.0000000000000000,0.0000000000000000
76.000000000000000,7.0000000000000000,0.0000000000000000
77.000000000000000,7.0000000000000000,0.0000000000000000
78.000000000000000,7.0000000000000000,0.0000000000000000
79.000000000000000,7.0000000000000000,0.0000000000000000
80.000000000000000,7.0000000000000000,0.0000000000000000
81.000000000000000,7.0000000000000000,0.0000000000000000
82.000000000000000,7.0000000000000000,0.0000000000000000
83.000000000000000,7.0000000000000000,0.0000000000000000
84.000000000000000,7.0000000000000000,0.0000000000000000
85.000000000000000,7.0000000000000000,0.0000000000000000
86.000000000000000,7.0000000000000000,0.0000000000000000
87.000000000000000,7.0000000000000000,0.0000000000000000
88.000000000000000,7.0000000000000000,0.0000000000000000
89.000000000000000,7.0000000000000000,0.0000000000000000
90.000000000000000,7.0000000000000000,0.0000000000000000
91.000000000000000,7.0000000000000000,0.0000000000000000
92.000000000000000,7.0000000000000000,0.0000000000000000
93.000000000000000,7.0000000000000000,0.0000000000000000
94.000000000000000,7.0000000000000000,0.0000000000000000
95.000000000000000,7.0000000000000000,0.0000000000000000
96.000000000000000,7.0000000000000000,0.0000000000000000
97.000000000000000,7.0000000000000000,0.0000000000000000
98.000000000000000,7.0000000000000000,0.0000000000000000
99.000000000000000,7.0000000000000000,0.0000000000000000
100.00000000000000,7.0000000000000000,0.0000000000000000
101.00000000000000,7.0000000000000000,0.0000000000000000
102.00000000000000,7.0000000000000000,0.0000000000000000
103.00000000000000,7.0000000000000000,0.0000000000000000
104.00000000000000,7.0000000000000000,0.0000000000000000
105.00000000000000,7.0000000000000000,0.0000000000000000
106.00000000000000,7.0000000000000000,0.0000000000000000
107.00000000000000,7.0000000000000000,0.0000000000000000
108.00000000000000,7.0000000000000000,0.0000000000000000
109.00000000000000,7.0000000000000000,0.0000000000000000
110.00000000000000,7.0000000000000000,0.0000000000000000
111.00000000000000,7.0000000000000000,0.0000000000000000
112.00000000000000,7.0000000000000000,0.0000000000000000
113.00000000000000,7.0000000000000000,0.0000000000000000
1.0000000000000000,8.0000000000000000,0.0000000000000000
2.0000000000000000,8.0000000000000000,0.0000000000000000
3.0000000000000000,8.0000000000000000,0.0000000000000000
4.0000000000000000,8.0000000000000000,0.0000000000000000
5.0000000000000000,8.0000000000000000,0.0000000000000000
6.0000000000000000,8.0000000000000000,0.0000000000000000
7.0000000000000000,8.0000000000000000,0.0000000000000000
8.0000000000000000,8.0000000000000000,0.0000000000000000
9.0000000000000000,8.0000000000000000,0.0000000000000000
10.000000000000000,8.0000000000000000,0.0000000000000000
11.000000000000000,8.0000000000000000,0.0000000000000000
12.000000000000000,8.0000000000000000,0.0000000000000000
13.000000000000000,8.0000000000000000,0.0000000000000000
14.000000000000000,8.0000000000000000,0.0000000000000000
15.000000000000000,8.0000000000000000,0.0000000000000000
16.000000000000000,8.0000000000000000,0.0000000000000000
17.000000000000000,8.0000000000000000,0.0000000000000000
18.000000000000000,8.0000000000000000,0.0000000000000000
19.000000000000000,8.0000000000000000,0.0000000000000000
20.000000000000000,8.0000000000000000,0.0000000000000000
21.000000000000000,8.0000000000000000,0.0000000000000000
22.000000000000000,8.0000000000000000,0.0000000000000000
23.000000000000000,8.0000000000000000,0.0000000000000000
24.000000000000000,8.0000000000000000,0.0000000000000000
25.000000000000000,8.0000000000000000,0.0000000000000000
26.000000000000000,8.0000000000000000,0.0000000000000000
27.000000000000000,8.0000000000000000,0.0000000000000000
28.000000000000000,8.0000000000000000,0.0000000000000000
29.000000000000000,8.0000000000000000,0.0000000000000000
30.000000000000000,8.0000000000000000,0.0000000000000000
31.000000000000000,8.0000000000000000,0.0000000000000000
32.000000000000000,8.0000000000000000,0.0000000000000000
33.000000000000000,8.0000000000000000,0.0000000000000000
34.000000000000000,8.0000000000000000,0.0000000000000000
35.000000000000000,8.0000000000000000,0.0000000000000000
36.000000000000000,8.0000000000000000,0.0000000000000000
37.000000000000000,8.0000000000000000,0.0000000000000000
38.000000000000000,8.0000000000000000,0.0000000000000000
39.000000000000000,8.0000000000000000,0.0000000000000000
40.000000000000000,8.0000000000000000,0.0000000000000000
41.000000000000000,8.0000000000000000,0.0000000000000000
42.000000000000000,8.0000000000000000,0.0000000000000000
43.000000000000000,8.0000000000000000,0.0000000000000000
44.000000000000000,8.0000000000000000,0.0000000000000000
45.000000000000000,8.0000000000000000,0.0000000000000000
46.000000000000000,8.0000000000000000,0.0000000000000000
47.000000000000000,8.0000000000000000,0.0000000000000000
48.000000000000000,8.0000000000000000,0.0000000000000000
49.000000000000000,8.0000000000000000,0.0000000000000000
50.000000000000000,8.0000000000000000,0.0000000000000000
51.000000000000000,8.0000000000000000,0.0000000000000000
52.000000000000000,8.0000000000000000,0.0000000000000000
53.000000000000000,8.0000000000000000,0.0000000000000000
54.000000000000000,8.0000000000000000,0.0000000000000000
55.000000000000000,8.0000000000000000,0.0000000000000000
56.000000000000000,8.0000000000000000,0.0000000000000000
57.000000000000000,8.0000000000000000,0.0000000000000000
58.000000000000000,8.0000000000000000,0.0000000000000000
59.000000000000000,8.0000000000000000,0.0000000000000000
60.000000000000000,8.0000000000000000,0.0000000000000000
61.000000000000000,8.0000000000000000,0.0000000000000000
62.000000000000000,8.0000000000000000,0.0000000000000000
63.000000000000000,8.0000000000000000,0.0000000000000000
64.000000000000000,8.0000000000000000,0.0000000000000000
65.000000000000000,8.0000000000000000,0.0000000000000000
66.000000000000000,8.0000000000000000,0.0000000000000000
67.000000000000000,8.0000000000000000,0.0000000000000000
68.000000000000000,8.0000000000000000,0.0000000000000000
69.000000000000000,8.0000000000000000,0.0000000000000000
70.000000000000000,8.0000000000000000,0.0000000000000000
71.000000000000000,8.0000000000000000,0.0000000000000000
72.000000000000000,8.0000000000000000,0.0000000000000000
73.000000000000000,8.0000000000000000,0.0000000000000000
74.000000000000000,8.0000000000000000,0.0000000000000000
75.000000000000000,8.0000000000000000,0.0000000000000000
76.000000000000000,8.0000000000000000,0.0000000000000000
77.000000000000000,8.0000000000000000,0.0000000000000000
78.000000000000000,8.0000000000000000,0.0000000000000000
79.000000000000000,8.0000000000000000,0.0000000000000000
80.000000000000000,8.0000000000000000,0.0000000000000000
81.000000000000000,8.0000000000000000,0.0000000000000000
82.000000000000000,8.0000000000000000,0.0000000000000000
83.000000000000000,8.0000000000000000,0.0000000000000000
84.000000000000000,8.0000000000000000,0.0000000000000000
85.000000000000000,8.0000000000000000,0.0000000000000000
86.000000000000000,8.0000000000000000,0.0000000000000000
87.000000000000000,8.0000000000000000,0.0000000000000000
88.000000000000000,8.0000000000000000,0.0000000000000000
89.000000000000000,8.0000000000000000,0.0000000000000000
90.000000000000000,8.0000000000000000,0.0000000000000000
91.000000000000000,8.0000000000000000,0.0000000000000000
92.000000000000000,8.0000000000000000,0.0000000000000000
93.000000000000000,8.0000000000000000,0.0000000000000000
94.000000000000000,8.0000000000000000,0.0000000000000000
95.000000000000000,8.0000000000000000,0.0000000000000000
96.000000000000000,8.0000000000000000,0.0000000000000000
97.000000000000000,8.0000000000000000,0.0000000000000000
98.000000000000000,8.0000000000000000,0.0000000000000000
99.000000000000000,8.0000000000000000,0.0000000000000000
100.00000000000000,8.0000000000000000,0.0000000000000000
101.00000000000000,8.0000000000000000,0.0000000000000000
102.00000000000000,8.0000000000000000,0.0000000000000000
103.00000000000000,8.0000000000000000,0.0000000000000000
104.00000000000000,8.0000000000000000,0.0000000000000000
105.00000000000000,8.0000000000000000,0.0000000000000000
106.00000000000000,8.0000000000000000,0.0000000000000000
107.00000000000000,8.0000000000000000,0.0000000000000000
108.00000000000000,8.0000000000000000,0.0000000000000000
109.00000000000000,8.0000000000000000,0.0000000000000000
110.00000000000000,8.0000000000000000,0.0000000000000000
111.00000000000000,8.0000000000000000,0.0000000000000000
112.00000000000000,8.0000000000000000,0.0000000000000000
113.00000000000000,8.0000000000000000,0.0000000000000000
1.0000000000000000,9.0000000000000000,0.0000000000000000
2.0000000000000000,9.0000000000000000,0.0000000000000000
3.0000000000000000,9.0000000000000000,0.0000000000000000
4.0000000000000000,9.0000000000000000,0.0000000000000000
5.0000000000000000,9.0000000000000000,0.0000000000000000
6.0000000000000000,9.0000000000000000,0.0000000000000000
7.0000000000000000,9.0000000000000000,0.0000000000000000
8.0000000000000000,9.0000000000000000,0.0000000000000000
9.0000000000000000,9.0000000000000000,0.0000000000000000
10.000000000000000,9.0000000000000000,0.0000000000000000
11.000000000000000,9.0000000000000000,0.0000000000000000
12.000000000000000,9.0000000000000000,0.0000000000000000
13.000000000000000,9.0000000000000000,0.0000000000000000
14.000000000000000,9.0000000000000000,0.0000000000000000
15.000000000000000,9.0000000000000000,0.0000000000000000
16.000000000000000,9.0000000000000000,0.0000000000000000
17.000000000000000,9.0000000000000000,0.0000000000000000
18.000000000000000,9.0000000000000000,0.0000000000000000
19.000000000000000,9.0000000000000000,0.0000000000000000
20.000000000000000,9.0000000000000000,0.0000000000000000
21.000000000000000,9.0000000000000000,0.0000000000000000
22.000000000000000,9.0000000000000000,0.0000000000000000
23.000000000000000,9.0000000000000000,0.0000000000000000
24.000000000000000,9.0000000000000000,0.0000000000000000
25.000000000000000,9.0000000000000000,0.0000000000000000
26.000000000000000,9.0000000000000000,0.0000000000000000
27.000000000000000,9.0000000000000000,0.0000000000000000
28.000000000000000,9.0000000000000000,0.0000000000000000
29.000000000000000,9.0000000000000000,0.0000000000000000
30.000000000000000,9.0000000000000000,0.0000000000000000
31.000000000000000,9.0000000000000000,0.0000000000000000
32.000000000000000,9.0000000000000000,0.0000000000000000
33.000000000000000,9.0000000000000000,0.0000000000000000
34.000000000000000,9.0000000000000000,0.0000000000000000
35.000000000000000,9.0000000000000000,0.0000000000000000
36.000000000000000,9.0000000000000000,0.0000000000000000
37.000000000000000,9.0000000000000000,0.0000000000000000
38.000000000000000,9.0000000000000000,0.0000000000000000
39.000000000000000,9.0000000000000000,0.0000000000000000
40.000000000000000,9.0000000000000000,0.0000000000000000
41.000000000000000,9.0000000000000000,0.0000000000000000
42.000000000000000,9.0000000000000000,0.0000000000000000
43.000000000000000,9.0000000000000000,0.0000000000000000
44.000000000000000,9.0000000000000000,0.0000000000000000
45.000000000000000,9.0000000000000000,0.0000000000000000
46.000000000000000,9.0000000000000000,0.0000000000000000
47.000000000000000,9.0000000000000000,0.0000000000000000
48.000000000000000,9.0000000000000000,0.0000000000000000
49.000000000000000,9.0000000000000000,0.0000000000000000
50.000000000000000,9.0000000000000000,0.0000000000000000
51.000000000000000,9.0000000000000000,0.0000000000000000
52.000000000000000,9.0000000000000000,0.0000000000000000
53.000000000000000,9.0000000000000000,0.0000000000000000
54.000000000000000,9.0000000000000000,0.0000000000000000
55.000000000000000,9.0000000000000000,0.0000000000000000
56.000000000000000,9.0000000000000000,0.0000000000000000
57.000000000000000,9.0000000000000000,0.0000000000000000
58.000000000000000,9.0000000000000000,0.0000000000000000
59.000000000000000,9.0000000000000000,0.0000000000000000
60.000000000000000,9.0000000000000000,0.0000000000000000
61.000000000000000,9.0000000000000000,0.0000000000000000
62.000000000000000,9.0000000000000000,0.0000000000000000
63.000000000000000,9.0000000000000000,0.0000000000000000
64.000000000000000,9.0000000000000000,0.0000000000000000
65.000000000000000,9.0000000000000000,0.0000000000000000
66.000000000000000,9.0000000000000000,0.0000000000000000
67.000000000000000,9.0000000000000000,0.0000000000000000
68.000000000000000,9.0000000000000000,0.0000000000000000
69.000000000000000,9.0000000000000000,0.0000000000000000
70.000000000000000,9.0000000000000000,0.0000000000000000
71.000000000000000,9.0000000000000000,0.0000000000000000
72.000000000000000,9.0000000000000000,0.0000000000000000
73.000000000000000,9.0000000000000000,0.0000000000000000
74.000000000000000,9.0000000000000000,0.0000000000000000
75.000000000000000,9.0000000000000000,0.0000000000000000
76.000000000000000,9.0000000000000000,0.0000000000000000
77.000000000000000,9.0000000000000000,0.0000000000000000
78.000000000000000,9.0000000000000000,0.0000000000000000
79.000000000000000,9.0000000000000000,0.0000000000000000
80.000000000000000,9.0000000000000000,0.0000000000000000
81.000000000000000,9.0000000000000000,0.0000000000000000
82.000000000000000,9.0000000000000000,0.0000000000000000
83.000000000000000,9.0000000000000000,0.0000000000000000
84.000000000000000,9.0000000000000000,0.0000000000000000
85.000000000000000,9.0000000000000000,0.0000000000000000
86.000000000000000,9.0000000000000000,0.0000000000000000
87.000000000000000,9.0000000000000000,0.0000000000000000
88.000000000000000,9.0000000000000000,0.0000000000000000
89.000000000000000,9.0000000000000000,0.0000000000000000
90.000000000000000,9.0000000000000000,0.0000000000000000
91.000000000000000,9.0000000000000000,0.0000000000000000
92.000000000000000,9.0000000000000000,0.0000000000000000
93.000000000000000,9.0000000000000000,0.0000000000000000
94.000000000000000,9.0000000000000000,0.0000000000000000
95.000000000000000,9.0000000000000000,0.0000000000000000
96.000000000000000,9.0000000000000000,0.0000000000000000
97.000000000000000,9.0000000000000000,0.0000000000000000
98.000000000000000,9.0000000000000000,0.0000000000000000
99.000000000000000,9.0000000000000000,0.0000000000000000
100.00000000000000,9.0000000000000000,0.0000000000000000
101.00000000000000,9.0000000000000000,0.0000000000000000
102.00000000000000,9.0000000000000000,0.0000000000000000
103.00000000000000,9.0000000000000000,0.0000000000000000
104.00000000000000,9.0000000000000000,0.0000000000000000
105.00000000000000,9.0000000000000000,0.0000000000000000
106.00000000000000,9.0000000000000000,0.0000000000000000
107.00000000000000,9.0000000000000000,0.0000000000000000
108.00000000000000,9.0000000000000000,0.0000000000000000
109.00000000000000,9.0000000000000000,0.0000000000000000
110.00000000000000,9.0000000000000000,0.0000000000000000
111.00000000000000,9.0000000000000000,0.0000000000000000
112.00000000000000,9.0000000000000000,0.0000000000000000
113.00000000000000,9.0000000000000000,0.0000000000000000
1.0000000000000000,10.000000000000000,0.0000000000000000
2.0000000000000000,10.000000000000000,0.0000000000000000
3.0000000000000000,10.000000000000000,0.0000000000000000
4.0000000000000000,10.000000000000000,0.0000000000000000
5.0000000000000000,10.000000000000000,0.0000000000000000
6.0000000000000000,10.000000000000000,0.0000000000000000
7.0000000000000000,10.000000000000000,0.0000000000000000
8.0000000000000000,10.000000000000000,0.0000000000000000
9.0000000000000000,10.000000000000000,0.0000000000000000
10.000000000000000,10.000000000000000,0.0000000000000000
11.000000000000000,10.000000000000000,0.0000000000000000
12.000000000000000,10.000000000000000,0.0000000000000000
13.000000000000000,10.000000000000000,0.0000000000000000
14.000000000000000,10.000000000000000,0.0000000000000000
15.000000000000000,10.000000000000000,0.0000000000000000
16.000000000000000,10.000000000000000,0.0000000000000000
17.000000000000000,10.000000000000000,0.0000000000000000
18.000000000000000,10.000000000000000,0.0000000000000000
19.000000000000000,10.000000000000000,0.0000000000000000
20.000000000000000,10.000000000000000,0.0000000000000000
21.000000000000000,10.000000000000000,0.0000000000000000
22.000000000000000,10.000000000000000,0.0000000000000000
23.000000000000000,10.000000000000000,0.0000000000000000
24.000000000000000,10.000000000000000,0.0000000000000000
25.000000000000000,10.000000000000000,0.0000000000000000
26.000000000000000,10.000000000000000,0.0000000000000000
27.000000000000000,10.000000000000000,0.0000000000000000
28.000000000000000,10.000000000000000,0.0000000000000000
29.000000000000000,10.000000000000000,0.0000000000000000
30.000000000000000,10.000000000000000,0.0000000000000000
31.000000000000000,10.000000000000000,0.0000000000000000
32.000000000000000,10.000000000000000,0.0000000000000000
33.000000000000000,10.000000000000000,0.0000000000000000
34.000000000000000,10.000000000000000,0.0000000000000000
35.000000000000000,10.000000000000000,0.0000000000000000
36.000000000000000,10.000000000000000,0.0000000000000000
37.000000000000000,10.000000000000000,0.0000000000000000
38.000000000000000,10.000000000000000,0.0000000000000000
39.000000000000000,10.000000000000000,0.0000000000000000
40.000000000000000,10.000000000000000,0.0000000000000000
41.000000000000000,10.000000000000000,0.0000000000000000
42.000000000000000,10.000000000000000,0.0000000000000000
43.000000000000000,10.000000000000000,0.0000000000000000
44.000000000000000,10.000000000000000,0.0000000000000000
45.000000000000000,10.000000000000000,0.0000000000000000
46.000000000000000,10.000000000000000,0.0000000000000000
47.000000000000000,10.000000000000000,0.0000000000000000
48.000000000000000,10.000000000000000,0.0000000000000000
49.000000000000000,10.000000000000000,0.0000000000000000
50.000000000000000,10.000000000000000,0.0000000000000000
51.000000000000000,10.000000000000000,0.0000000000000000
52.000000000000000,10.000000000000000,0.0000000000000000
53.000000000000000,10.000000000000000,0.0000000000000000
54.000000000000000,10.000000000000000,0.0000000000000000
55.000000000000000,10.000000000000000,0.0000000000000000
56.000000000000000,10.000000000000000,0.0000000000000000
57.000000000000000,10.000000000000000,0.0000000000000000
58.000000000000000,10.000000000000000,0.0000000000000000
59.000000000000000,10.000000000000000,0.0000000000000000
60.000000000000000,10.000000000000000,0.0000000000000000
61.000000000000000,10.000000000000000,0.0000000000000000
62.000000000000000,10.000000000000000,0.0000000000000000
63.000000000000000,10.000000000000000,0.0000000000000000
64.000000000000000,10.000000000000000,0.0000000000000000
65.000000000000000,10.000000000000000,0.0000000000000000
66.000000000000000,10.000000000000000,0.0000000000000000
67.000000000000000,10.000000000000000,0.0000000000000000
68.000000000000000,10.000000000000000,0.0000000000000000
69.000000000000000,10.000000000000000,0.0000000000000000
70.000000000000000,10.000000000000000,0.0000000000000000
71.000000000000000,10.000000000000000,0.0000000000000000
72.000000000000000,10.000000000000000,0.0000000000000000
73.000000000000000,10.000000000000000,0.0000000000000000
74.000000000000000,10.000000000000000,0.0000000000000000
75.000000000000000,10.000000000000000,0.0000000000000000
76.000000000000000,10.000000000000000,0.0000000000000000
77.000000000000000,10.000000000000000,0.0000000000000000
78.000000000000000,10.000000000000000,0.0000000000000000
79.000000000000000,10.000000000000000,0.0000000000000000
80.000000000000000,10.000000000000000,0.0000000000000000
81.000000000000000,10.000000000000000,0.0000000000000000
82.000000000000000,10.000000000000000,0.0000000000000000
83.000000000000000,10.000000000000000,0.0000000000000000
84.000000000000000,10.000000000000000,0.0000000000000000
85.000000000000000,10.000000000000000,0.0000000000000000
86.000000000000000,10.000000000000000,0.0000000000000000
87.000000000000000,10.000000000000000,0.0000000000000000
88.000000000000000,10.000000000000000,0.0000000000000000
89.000000000000000,10.000000000000000,0.0000000000000000
90.000000000000000,10.000000000000000,0.0000000000000000
91.000000000000000,10.000000000000000,0.0000000000000000
92.000000000000000,10.000000000000000,0.0000000000000000
93.000000000000000,10.000000000000000,0.0000000000000000
94.000000000000000,10.000000000000000,0.0000000000000000
95.000000000000000,10.000000000000000,0.0000000000000000
96.000000000000000,10.000000000000000,0.0000000000000000
97.000000000000000,10.000000000000000,0.0000000000000000
98.000000000000000,10.000000000000000,0.0000000000000000
99.000000000000000,10.000000000000000,0.0000000000000000
100.00000000000000,10.000000000000000,0.0000000000000000
101.00000000000000,10.000000000000000,0.0000000000000000
102.00000000000000,10.000000000000000,0.0000000000000000
103.00000000000000,10.000000000000000,0.0000000000000000
104.00000000000000,10.000000000000000,0.0000000000000000
105.00000000000000,10.000000000000000,0.0000000000000000
106.00000000000000,10.000000000000000,0.0000000000000000
107.00000000000000,10.000000000000000,0.0000000000000000
108.00000000000000,10.000000000000000,0.0000000000000000
109.00000000000000,10.000000000000000,0.0000000000000000
110.00000000000000,10.000000000000000,0.0000000000000000
111.00000000000000,10.000000000000000,0.0000000000000000
112.00000000000000,10.000000000000000,0.0000000000000000
113.00000000000000,10.000000000000000,0.0000000000000000
1.0000000000000000,11.000000000000000,0.0000000000000000
2.0000000000000000,11.000000000000000,0.0000000000000000
3.0000000000000000,11.000000000000000,0.0000000000000000
4.0000000000000000,11.000000000000000,0.0000000000000000
5.0000000000000000,11.000000000000000,0.0000000000000000
6.0000000000000000,11.000000000000000,0.0000000000000000
7.0000000000000000,11.000000000000000,0.0000000000000000
8.0000000000000000,11.000000000000000,0.0000000000000000
9.0000000000000000,11.000000000000000,0.0000000000000000
10.000000000000000,11.000000000000000,0.0000000000000000
11.000000000000000,11.000000000000000,0.0000000000000000
12.000000000000000,11.000000000000000,0.0000000000000000
13.000000000000000,11.000000000000000,0.0000000000000000
14.000000000000000,11.000000000000000,0.0000000000000000
15.000000000000000,11.000000000000000,0.0000000000000000
16.000000000000000,11.000000000000000,0.0000000000000000
17.000000000000000,11.000000000000000,0.0000000000000000
18.000000000000000,11.000000000000000,0.0000000000000000
19.000000000000000,11.000000000000000,0.0000000000000000
20.000000000000000,11.000000000000000,0.0000000000000000
21.000000000000000,11.000000000000000,0.0000000000000000
22.000000000000000,11.000000000000000,0.0000000000000000
23.000000000000000,11.000000000000000,0.0000000000000000
24.000000000000000,11.000000000000000,0.0000000000000000
25.000000000000000,11.000000000000000,0.0000000000000000
26.000000000000000,11.000000000000000,0.0000000000000000
27.000000000000000,11.000000000000000,0.0000000000000000
28.000000000000000,11.000000000000000,0.0000000000000000
29.000000000000000,11.000000000000000,0.0000000000000000
30.000000000000000,11.000000000000000,0.0000000000000000
31.000000000000000,11.000000000000000,0.0000000000000000
32.000000000000000,11.000000000000000,0.0000000000000000
33.000000000000000,11.000000000000000,0.0000000000000000
34.000000000000000,11.000000000000000,0.0000000000000000
35.000000000000000,11.000000000000000,0.0000000000000000
36.000000000000000,11.000000000000000,0.0000000000000000
37.000000000000000,11.000000000000000,0.0000000000000000
38.000000000000000,11.000000000000000,0.0000000000000000
39.000000000000000,11.000000000000000,0.0000000000000000
40.000000000000000,11.000000000000000,0.0000000000000000
41.000000000000000,11.000000000000000,0.0000000000000000
42.000000000000000,11.000000000000000,0.0000000000000000
43.000000000000000,11.000000000000000,0.0000000000000000
44.000000000000000,11.000000000000000,0.0000000000000000
45.000000000000000,11.000000000000000,0.0000000000000000
46.000000000000000,11.000000000000000,0.0000000000000000
47.000000000000000,11.000000000000000,0.0000000000000000
48.000000000000000,11.000000000000000,0.0000000000000000
49.000000000000000,11.000000000000000,0.0000000000000000
50.000000000000000,11.000000000000000,0.0000000000000000
51.000000000000000,11.000000000000000,0.0000000000000000
52.000000000000000,11.000000000000000,0.0000000000000000
53.000000000000000,11.000000000000000,0.0000000000000000
54.000000000000000,11.000000000000000,0.0000000000000000
55.000000000000000,11.000000000000000,0.0000000000000000
56.000000000000000,11.000000000000000,0.0000000000000000
57.000000000000000,11.000000000000000,0.0000000000000000
58.000000000000000,11.000000000000000,0.0000000000000000
59.000000000000000,11.000000000000000,0.0000000000000000
60.000000000000000,11.000000000000000,0.0000000000000000
61.000000000000000,11.000000000000000,0.0000000000000000
62.000000000000000,11.000000000000000,0.0000000000000000
63.000000000000000,11.000000000000000,0.0000000000000000
64.000000000000000,11.000000000000000,0.0000000000000000
65.000000000000000,11.000000000000000,0.0000000000000000
66.000000000000000,11.000000000000000,0.0000000000000000
67.000000000000000,11.000000000000000,0.0000000000000000
68.000000000000000,11.000000000000000,0.0000000000000000
69.000000000000000,11.000000000000000,0.0000000000000000
70.000000000000000,11.000000000000000,0.0000000000000000
71.000000000000000,11.000000000000000,0.0000000000000000
72.000000000000000,11.000000000000000,0.0000000000000000
73.000000000000000,11.000000000000000,0.0000000000000000
74.000000000000000,11.000000000000000,0.0000000000000000
75.000000000000000,11.000000000000000,0.0000000000000000
76.000000000000000,11.000000000000000,0.0000000000000000
77.000000000000000,11.000000000000000,0.0000000000000000
78.000000000000000,11.000000000000000,0.0000000000000000
79.000000000000000,11.000000000000000,0.0000000000000000
80.000000000000000,11.000000000000000,0.0000000000000000
81.000000000000000,11.000000000000000,0.0000000000000000
82.000000000000000,11.000000000000000,0.0000000000000000
83.000000000000000,11.000000000000000,0.0000000000000000
84.000000000000000,11.000000000000000,0.0000000000000000
85.000000000000000,11.000000000000000,0.0000000000000000
86.000000000000000,11.000000000000000,0.0000000000000000
87.000000000000000,11.000000000000000,0.0000000000000000
88.000000000000000,11.000000000000000,0.0000000000000000
89.000000000000000,11.000000000000000,0.0000000000000000
90.000000000000000,11.000000000000000,0.0000000000000000
91.000000000000000,11.000000000000000,0.0000000000000000
92.000000000000000,11.000000000000000,0.0000000000000000
93.000000000000000,11.000000000000000,0.0000000000000000
94.000000000000000,11.000000000000000,0.0000000000000000
95.000000000000000,11.000000000000000,0.0000000000000000
96.000000000000000,11.000000000000000,0.0000000000000000
97.000000000000000,11.000000000000000,0.0000000000000000
98.000000000000000,11.000000000000000,0.0000000000000000
99.000000000000000,11.000000000000000,0.0000000000000000
100.00000000000000,11.000000000000000,0.0000000000000000
101.00000000000000,11.000000000000000,0.0000000000000000
102.00000000000000,11.000000000000000,0.0000000000000000
103.00000000000000,11.000000000000000,0.0000000000000000
104.00000000000000,11.000000000000000,0.0000000000000000
105.00000000000000,11.000000000000000,0.0000000000000000
106.00000000000000,11.000000000000000,0.0000000000000000
107.00000000000000,11.000000000000000,0.0000000000000000
108.00000000000000,11.000000000000000,0.0000000000000000
109.00000000000000,11.000000000000000,0.0000000000000000
110.00000000000000,11.000000000000000,0.0000000000000000
111.00000000000000,11.000000000000000,0.0000000000000000
112.00000000000000,11.000000000000000,0.0000000000000000
113.00000000000000,11.000000000000000,0.0000000000000000
1.0000000000000000,12.000000000000000,0.0000000000000000
2.0000000000000000,12.000000000000000,0.0000000000000000
3.0000000000000000,12.000000000000000,0.0000000000000000
4.0000000000000000,12.000000000000000,0.0000000000000000
5.0000000000000000,12.000000000000000,0.0000000000000000
6.0000000000000000,12.000000000000000,0.0000000000000000
7.0000000000000000,12.000000000000000,0.0000000000000000
8.0000000000000000,12.000000000000000,0.0000000000000000
9.0000000000000000,12.000000000000000,0.0000000000000000
10.000000000000000,12.000000000000000,0.0000000000000000
11.000000000000000,12.000000000000000,0.0000000000000000
12.000000000000000,12.000000000000000,0.0000000000000000
13.000000000000000,12.000000000000000,0.0000000000000000
14.000000000000000,12.000000000000000,0.0000000000000000
15.000000000000000,12.000000000000000,0.0000000000000000
16.000000000000000,12.000000000000000,0.0000000000000000
17.000000000000000,12.000000000000000,0.0000000000000000
18.000000000000000,12.000000000000000,0.0000000000000000
19.000000000000000,12.000000000000000,0.0000000000000000
20.000000000000000,12.000000000000000,0.0000000000000000
21.000000000000000,12.000000000000000,0.0000000000000000
22.000000000000000,12.000000000000000,0.0000000000000000
23.000000000000000,12.000000000000000,0.0000000000000000
24.000000000000000,12.000000000000000,0.0000000000000000
25.000000000000000,12.000000000000000,0.0000000000000000
26.000000000000000,12.000000000000000,0.0000000000000000
27.000000000000000,12.000000000000000,0.0000000000000000
28.000000000000000,12.000000000000000,0.0000000000000000
29.000000000000000,12.000000000000000,0.0000000000000000
30.000000000000000,12.000000000000000,0.0000000000000000
31.000000000000000,12.000000000000000,0.0000000000000000
32.000000000000000,12.000000000000000,0.0000000000000000
33.000000000000000,12.000000000000000,0.0000000000000000
34.000000000000000,12.000000000000000,0.0000000000000000
35.000000000000000,12.000000000000000,0.0000000000000000
36.000000000000000,12.000000000000000,0.0000000000000000
37.000000000000000,12.000000000000000,0.0000000000000000
38.000000000000000,12.000000000000000,0.0000000000000000
39.000000000000000,12.000000000000000,0.0000000000000000
40.000000000000000,12.000000000000000,0.0000000000000000
41.000000000000000,12.000000000000000,0.0000000000000000
42.000000000000000,12.000000000000000,0.0000000000000000
43.000000000000000,12.000000000000000,0.0000000000000000
44.000000000000000,12.000000000000000,0.0000000000000000
45.000000000000000,12.000000000000000,0.0000000000000000
46.000000000000000,12.000000000000000,0.0000000000000000
47.000000000000000,12.000000000000000,0.0000000000000000
48.000000000000000,12.000000000000000,0.0000000000000000
49.000000000000000,12.000000000000000,0.0000000000000000
50.000000000000000,12.000000000000000,0.0000000000000000
51.000000000000000,12.000000000000000,0.0000000000000000
52.000000000000000,12.000000000000000,0.0000000000000000
53.000000000000000,12.000000000000000,0.0000000000000000
54.000000000000000,12.000000000000000,0.0000000000000000
55.000000000000000,12.000000000000000,0.0000000000000000
56.000000000000000,12.000000000000000,0.0000000000000000
57.000000000000000,12.000000000000000,0.0000000000000000
58.000000000000000,12.000000000000000,0.0000000000000000
59.000000000000000,12.000000000000000,0.0000000000000000
60.000000000000000,12.000000000000000,0.0000000000000000
61.000000000000000,12.000000000000000,0.0000000000000000
62.000000000000000,12.000000000000000,0.0000000000000000
63.000000000000000,12.000000000000000,0.0000000000000000
64.000000000000000,12.000000000000000,0.0000000000000000
65.000000000000000,12.000000000000000,0.0000000000000000
66.000000000000000,12.000000000000000,0.0000000000000000
67.000000000000000,12.000000000000000,0.0000000000000000
68.000000000000000,12.000000000000000,0.0000000000000000
69.000000000000000,12.000000000000000,0.0000000000000000
70.000000000000000,12.000000000000000,0.0000000000000000
71.000000000000000,12.000000000000000,0.0000000000000000
72.000000000000000,12.000000000000000,0.0000000000000000
73.000000000000000,12.000000000000000,0.0000000000000000
74.000000000000000,12.000000000000000,0.0000000000000000
75.000000000000000,12.000000000000000,0.0000000000000000
76.000000000000000,12.000000000000000,0.0000000000000000
77.000000000000000,12.000000000000000,0.0000000000000000
78.000000000000000,12.000000000000000,0.0000000000000000
79.000000000000000,12.000000000000000,0.0000000000000000
80.000000000000000,12.000000000000000,0.0000000000000000
81.000000000000000,12.000000000000000,0.0000000000000000
82.000000000000000,12.000000000000000,0.0000000000000000
83.000000000000000,12.000000000000000,0.0000000000000000
84.000000000000000,12.000000000000000,0.0000000000000000
85.000000000000000,12.000000000000000,0.0000000000000000
86.000000000000000,12.000000000000000,0.0000000000000000
87.000000000000000,12.000000000000000,0.0000000000000000
88.000000000000000,12.000000000000000,0.0000000000000000
89.000000000000000,12.000000000000000,0.0000000000000000
90.000000000000000,12.000000000000000,0.0000000000000000
91.000000000000000,12.000000000000000,0.0000000000000000
92.000000000000000,12.000000000000000,0.0000000000000000
93.000000000000000,12.000000000000000,0.0000000000000000
94.000000000000000,12.000000000000000,0.0000000000000000
95.000000000000000,12.000000000000000,0.0000000000000000
96.000000000000000,12.000000000000000,0.0000000000000000
97.000000000000000,12.000000000000000,0.0000000000000000
98.000000000000000,12.000000000000000,0.0000000000000000
99.000000000000000,12.000000000000000,0.0000000000000000
100.00000000000000,12.000000000000000,0.0000000000000000
101.00000000000000,12.000000000000000,0.0000000000000000
102.00000000000000,12.000000000000000,0.0000000000000000
103.00000000000000,12.000000000000000,0.0000000000000000
104.00000000000000,12.000000000000000,0.0000000000000000
105.00000000000000,12.000000000000000,0.0000000000000000
106.00000000000000,12.000000000000000,0.0000000000000000
107.00000000000000,12.000000000000000,0.0000000000000000
108.00000000000000,12.000000000000000,0.0000000000000000
109.00000000000000,12.000000000000000,0.0000000000000000
110.00000000000000,12.000000000000000,0.0000000000000000
111.00000000000000,12.000000000000000,0.0000000000000000
112.00000000000000,12.000000000000000,0.0000000000000000
113.00000000000000,12.000000000000000,0.0000000000000000
1.0000000000000000,13.000000000000000,0.0000000000000000
2.0000000000000000,13.000000000000000,0.0000000000000000
3.0000000000000000,13.000000000000000,0.0000000000000000
4.0000000000000000,13.000000000000000,0.0000000000000000
5.0000000000000000,13.000000000000000,0.0000000000000000
6.0000000000000000,13.000000000000000,0.0000000000000000
7.0000000000000000,13.000000000000000,0.0000000000000000
8.0000000000000000,13.000000000000000,0.0000000000000000
9.0000000000000000,13.000000000000000,0.0000000000000000
10.000000000000000,13.000000000000000,0.0000000000000000
11.000000000000000,13.000000000000000,0.0000000000000000
12.000000000000000,13.000000000000000,0.0000000000000000
13.000000000000000,13.000000000000000,0.0000000000000000
14.000000000000000,13.000000000000000,0.0000000000000000
15.000000000000000,13.000000000000000,0.0000000000000000
16.000000000000000,13.000000000000000,0.0000000000000000
17.000000000000000,13.000000000000000,0.0000000000000000
18.000000000000000,13.000000000000000,0.0000000000000000
19.000000000000000,13.000000000000000,0.0000000000000000
20.000000000000000,13.000000000000000,0.0000000000000000
21.000000000000000,13.000000000000000,0.0000000000000000
22.000000000000000,13.000000000000000,0.0000000000000000
23.000000000000000,13.000000000000000,0.0000000000000000
24.000000000000000,13.000000000000000,0.0000000000000000
25.000000000000000,13.000000000000000,0.0000000000000000
26.000000000000000,13.000000000000000,0.0000000000000000
27.000000000000000,13.000000000000000,0.0000000000000000
28.000000000000000,13.000000000000000,0.0000000000000000
29.000000000000000,13.000000000000000,0.0000000000000000
30.000000000000000,13.000000000000000,0.0000000000000000
31.000000000000000,13.000000000000000,0.0000000000000000
32.000000000000000,13.000000000000000,0.0000000000000000
33.000000000000000,13.000000000000000,0.0000000000000000
34.000000000000000,13.000000000000000,0.0000000000000000
35.000000000000000,13.000000000000000,0.0000000000000000
36.000000000000000,13.000000000000000,0.0000000000000000
37.000000000000000,13.000000000000000,0.0000000000000000
38.000000000000000,13.000000000000000,0.0000000000000000
39.000000000000000,13.000000000000000,0.0000000000000000
40.000000000000000,13.000000000000000,0.0000000000000000
41.000000000000000,13.000000000000000,0.0000000000000000
42.000000000000000,13.000000000000000,0.0000000000000000
43.000000000000000,13.000000000000000,0.0000000000000000
44.000000000000000,13.000000000000000,0.0000000000000000
45.000000000000000,13.000000000000000,0.0000000000000000
46.000000000000000,13.000000000000000,0.0000000000000000
47.000000000000000,13.000000000000000,0.0000000000000000
48.000000000000000,13.000000000000000,0.0000000000000000
49.000000000000000,13.000000000000000,0.0000000000000000
50.000000000000000,13.000000000000000,0.0000000000000000
51.000000000000000,13.000000000000000,0.0000000000000000
52.000000000000000,13.000000000000000,0.0000000000000000
53.000000000000000,13.000000000000000,0.0000000000000000
54.000000000000000,13.000000000000000,0.0000000000000000
55.000000000000000,13.000000000000000,0.0000000000000000
56.000000000000000,13.000000000000000,0.0000000000000000
57.000000000000000,13.000000000000000,0.0000000000000000
58.000000000000000,13.000000000000000,0.0000000000000000
59.000000000000000,13.000000000000000,0.0000000000000000
60.000000000000000,13.000000000000000,0.0000000000000000
61.000000000000000,13.000000000000000,0.0000000000000000
62.000000000000000,13.000000000000000,0.0000000000000000
63.000000000000000,13.000000000000000,0.0000000000000000
64.000000000000000,13.000000000000000,0.0000000000000000
65.000000000000000,13.000000000000000,0.0000000000000000
66.000000000000000,13.000000000000000,0.0000000000000000
67.000000000000000,13.000000000000000,0.0000000000000000
68.000000000000000,13.000000000000000,0.0000000000000000
69.000000000000000,13.000000000000000,0.0000000000000000
70.000000000000000,13.000000000000000,0.0000000000000000
71.000000000000000,13.000000000000000,0.0000000000000000
72.000000000000000,13.000000000000000,0.0000000000000000
73.000000000000000,13.000000000000000,0.0000000000000000
74.000000000000000,13.000000000000000,0.0000000000000000
75.000000000000000,13.000000000000000,0.0000000000000000
76.000000000000000,13.000000000000000,0.0000000000000000
77.000000000000000,13.000000000000000,0.0000000000000000
78.000000000000000,13.000000000000000,0.0000000000000000
79.000000000000000,13.000000000000000,0.0000000000000000
80.000000000000000,13.000000000000000,0.0000000000000000
81.000000000000000,13.000000000000000,0.0000000000000000
82.000000000000000,13.000000000000000,0.0000000000000000
83.000000000000000,13.000000000000000,0.0000000000000000
84.000000000000000,13.000000000000000,0.0000000000000000
85.000000000000000,13.000000000000000,0.0000000000000000
86.000000000000000,13.000000000000000,0.0000000000000000
87.000000000000000,13.000000000000000,0.0000000000000000
88.000000000000000,13.000000000000000,0.0000000000000000
89.000000000000000,13.000000000000000,0.0000000000000000
90.000000000000000,13.000000000000000,0.0000000000000000
91.000000000000000,13.000000000000000,0.0000000000000000
92.000000000000000,13.000000000000000,0.0000000000000000
93.000000000000000,13.000000000000000,0.0000000000000000
94.000000000000000,13.000000000000000,0.0000000000000000
95.000000000000000,13.000000000000000,0.0000000000000000
96.000000000000000,13.000000000000000,0.0000000000000000
97.000000000000000,13.000000000000000,0.0000000000000000
98.000000000000000,13.000000000000000,0.0000000000000000
99.000000000000000,13.000000000000000,0.0000000000000000
100.00000000000000,13.000000000000000,0.0000000000000000
101.00000000000000,13.000000000000000,0.0000000000000000
102.00000000000000,13.000000000000000,0.0000000000000000
103.00000000000000,13.000000000000000,0.0000000000000000
104.00000000000000,13.000000000000000,0.0000000000000000
105.00000000000000,13.000000000000000,0.0000000000000000
106.00000000000000,13.000000000000000,0.0000000000000000
107.00000000000000,13.000000000000000,0.0000000000000000
108.00000000000000,13.000000000000000,0.0000000000000000
109.00000000000000,13.000000000000000,0.0000000000000000
110.00000000000000,13.000000000000000,0.0000000000000000
111.00000000000000,13.000000000000000,0.0000000000000000
112.00000000000000,13.000000000000000,0.0000000000000000
113.00000000000000,13.000000000000000,0.0000000000000000
1.0000000000000000,14.000000000000000,0.0000000000000000
2.0000000000000000,14.000000000000000,0.0000000000000000
3.0000000000000000,14.000000000000000,0.0000000000000000
4.0000000000000000,14.000000000000000,0.0000000000000000
5.0000000000000000,14.000000000000000,0.0000000000000000
6.0000000000000000,14.000000000000000,0.0000000000000000
7.0000000000000000,14.000000000000000,0.0000000000000000
8.0000000000000000,14.000000000000000,0.0000000000000000
9.0000000000000000,14.000000000000000,0.0000000000000000
10.000000000000000,14.000000000000000,0.0000000000000000
11.000000000000000,14.000000000000000,0.0000000000000000
12.000000000000000,14.000000000000000,0.0000000000000000
13.000000000000000,14.000000000000000,0.0000000000000000
14.000000000000000,14.000000000000000,0.0000000000000000
15.000000000000000,14.000000000000000,0.0000000000000000
16.000000000000000,14.000000000000000,0.0000000000000000
17.000000000000000,14.000000000000000,0.0000000000000000
18.000000000000000,14.000000000000000,0.0000000000000000
19.000000000000000,14.000000000000000,0.0000000000000000
20.000000000000000,14.000000000000000,0.0000000000000000
21.000000000000000,14.000000000000000,0.0000000000000000
22.000000000000000,14.000000000000000,0.0000000000000000
23.000000000000000,14.000000000000000,0.0000000000000000
24.000000000000000,14.000000000000000,0.0000000000000000
25.000000000000000,14.000000000000000,0.0000000000000000
26.000000000000000,14.000000000000000,0.0000000000000000
27.000000000000000,14.000000000000000,0.0000000000000000
28.000000000000000,14.000000000000000,0.0000000000000000
29.000000000000000,14.000000000000000,0.0000000000000000
30.000000000000000,14.000000000000000,0.0000000000000000
31.000000000000000,14.000000000000000,0.0000000000000000
32.000000000000000,14.000000000000000,0.0000000000000000
33.000000000000000,14.000000000000000,0.0000000000000000
34.000000000000000,14.000000000000000,0.0000000000000000
35.000000000000000,14.000000000000000,0.0000000000000000
36.000000000000000,14.000000000000000,0.0000000000000000
37.000000000000000,14.000000000000000,0.0000000000000000
38.000000000000000,14.000000000000000,0.0000000000000000
39.000000000000000,14.000000000000000,0.0000000000000000
40.000000000000000,14.000000000000000,0.0000000000000000
41.000000000000000,14.000000000000000,0.0000000000000000
42.000000000000000,14.000000000000000,0.0000000000000000
43.000000000000000,14.000000000000000,0.0000000000000000
44.000000000000000,14.000000000000000,0.0000000000000000
45.000000000000000,14.000000000000000,0.0000000000000000
46.000000000000000,14.000000000000000,0.0000000000000000
47.000000000000000,14.000000000000000,0.0000000000000000
48.000000000000000,14.000000000000000,0.0000000000000000
49.000000000000000,14.000000000000000,0.0000000000000000
50.000000000000000,14.000000000000000,0.0000000000000000
51.000000000000000,14.000000000000000,0.0000000000000000
52.000000000000000,14.000000000000000,0.0000000000000000
53.000000000000000,14.000000000000000,0.0000000000000000
54.000000000000000,14.000000000000000,0.0000000000000000
55.000000000000000,14.000000000000000,0.0000000000000000
56.000000000000000,14.000000000000000,0.0000000000000000
57.000000000000000,14.000000000000000,0.0000000000000000
58.000000000000000,14.000000000000000,0.0000000000000000
59.000000000000000,14.000000000000000,0.0000000000000000
60.000000000000000,14.000000000000000,0.0000000000000000
61.000000000000000,14.000000000000000,0.0000000000000000
62.000000000000000,14.000000000000000,0.0000000000000000
63.000000000000000,14.000000000000000,0.0000000000000000
64.000000000000000,14.000000000000000,0.0000000000000000
65.000000000000000,14.000000000000000,0.0000000000000000
66.000000000000000,14.000000000000000,0.0000000000000000
67.000000000000000,14.000000000000000,0.0000000000000000
68.000000000000000,14.000000000000000,0.0000000000000000
69.000000000000000,14.000000000000000,0.0000000000000000
70.000000000000000,14.000000000000000,0.0000000000000000
71.000000000000000,14.000000000000000,0.0000000000000000
72.000000000000000,14.000000000000000,0.0000000000000000
73.000000000000000,14.000000000000000,0.0000000000000000
74.000000000000000,14.000000000000000,0.0000000000000000
75.000000000000000,14.000000000000000,0.0000000000000000
76.000000000000000,14.000000000000000,0.0000000000000000
77.000000000000000,14.000000000000000,0.0000000000000000
78.000000000000000,14.000000000000000,0.0000000000000000
79.000000000000000,14.000000000000000,0.0000000000000000
80.000000000000000,14.000000000000000,0.0000000000000000
81.000000000000000,14.000000000000000,0.0000000000000000
82.000000000000000,14.000000000000000,0.0000000000000000
83.000000000000000,14.000000000000000,0.0000000000000000
84.000000000000000,14.000000000000000,0.0000000000000000
85.000000000000000,14.000000000000000,0.0000000000000000
86.000000000000000,14.000000000000000,0.0000000000000000
87.000000000000000,14.000000000000000,0.0000000000000000
88.000000000000000,14.000000000000000,0.0000000000000000
89.000000000000000,14.000000000000000,0.0000000000000000
90.000000000000000,14.000000000000000,0.0000000000000000
91.000000000000000,14.000000000000000,0.0000000000000000
92.000000000000000,14.000000000000000,0.0000000000000000
93.000000000000000,14.000000000000000,0.0000000000000000
94.000000000000000,14.000000000000000,0.0000000000000000
95.000000000000000,14.000000000000000,0.0000000000000000
96.000000000000000,14.000000000000000,0.0000000000000000
97.000000000000000,14.000000000000000,0.0000000000000000
98.000000000000000,14.000000000000000,0.0000000000000000
99.000000000000000,14.000000000000000,0.0000000000000000
100.00000000000000,14.000000000000000,0.0000000000000000
101.00000000000000,14.000000000000000,0.0000000000000000
102.00000000000000,14.000000000000000,0.0000000000000000
103.00000000000000,14.000000000000000,0.0000000000000000
104.00000000000000,14.000000000000000,0.0000000000000000
105.00000000000000,14.000000000000000,0.0000000000000000
106.00000000000000,14.000000000000000,0.0000000000000000
107.00000000000000,14.000000000000000,0.0000000000000000
108.00000000000000,14.000000000000000,0.0000000000000000
109.00000000000000,14.000000000000000,0.0000000000000000
110.00000000000000,14.000000000000000,0.0000000000000000
111.00000000000000,14.000000000000000,0.0000000000000000
112.00000000000000,14.000000000000000,0.0000000000000000
113.00000000000000,14.000000000000000,0.0000000000000000
1.0000000000000000,15.000000000000000,0.0000000000000000
2.0000000000000000,15.000000000000000,0.0000000000000000
3.0000000000000000,15.000000000000000,0.0000000000000000
4.0000000000000000,15.000000000000000,0.0000000000000000
5.0000000000000000,15.000000000000000,0.0000000000000000
6.0000000000000000,15.000000000000000,0.0000000000000000
7.0000000000000000,15.000000000000000,0.0000000000000000
8.0000000000000000,15.000000000000000,0.0000000000000000
9.0000000000000000,15.000000000000000,0.0000000000000000
10.000000000000000,15.000000000000000,0.0000000000000000
11.000000000000000,15.000000000000000,0.0000000000000000
12.000000000000000,15.000000000000000,0.0000000000000000
13.000000000000000,15.000000000000000,0.0000000000000000
14.000000000000000,15.000000000000000,0.0000000000000000
15.000000000000000,15.000000000000000,0.0000000000000000
16.000000000000000,15.000000000000000,0.0000000000000000
17.000000000000000,15.000000000000000,0.0000000000000000
18.000000000000000,15.000000000000000,0.0000000000000000
19.000000000000000,15.000000000000000,0.0000000000000000
20.000000000000000,15.000000000000000,0.0000000000000000
21.000000000000000,15.000000000000000,0.0000000000000000
22.000000000000000,15.000000000000000,0.0000000000000000
23.000000000000000,15.000000000000000,0.0000000000000000
24.000000000000000,15.000000000000000,0.0000000000000000
25.000000000000000,15.000000000000000,0.0000000000000000
26.000000000000000,15.000000000000000,0.0000000000000000
27.000000000000000,15.000000000000000,0.0000000000000000
28.000000000000000,15.000000000000000,0.0000000000000000
29.000000000000000,15.000000000000000,0.0000000000000000
30.000000000000000,15.000000000000000,0.0000000000000000
31.000000000000000,15.000000000000000,0.0000000000000000
32.000000000000000,15.000000000000000,0.0000000000000000
33.000000000000000,15.000000000000000,0.0000000000000000
34.000000000000000,15.000000000000000,0.0000000000000000
35.000000000000000,15.000000000000000,0.0000000000000000
36.000000000000000,15.000000000000000,0.0000000000000000
37.000000000000000,15.000000000000000,0.0000000000000000
38.000000000000000,15.000000000000000,0.0000000000000000
39.000000000000000,15.000000000000000,0.0000000000000000
40.000000000000000,15.000000000000000,0.0000000000000000
41.000000000000000,15.000000000000000,0.0000000000000000
42.000000000000000,15.000000000000000,0.0000000000000000
43.000000000000000,15.000000000000000,0.0000000000000000
44.000000000000000,15.000000000000000,0.0000000000000000
45.000000000000000,15.000000000000000,0.0000000000000000
46.000000000000000,15.000000000000000,0.0000000000000000
47.000000000000000,15.000000000000000,0.0000000000000000
48.000000000000000,15.000000000000000,0.0000000000000000
49.000000000000000,15.000000000000000,0.0000000000000000
50.000000000000000,15.000000000000000,0.0000000000000000
51.000000000000000,15.000000000000000,0.0000000000000000
52.000000000000000,15.000000000000000,0.0000000000000000
53.000000000000000,15.000000000000000,0.0000000000000000
54.000000000000000,15.000000000000000,0.0000000000000000
55.000000000000000,15.000000000000000,0.0000000000000000
56.000000000000000,15.000000000000000,0.0000000000000000
57.000000000000000,15.000000000000000,0.0000000000000000
58.000000000000000,15.000000000000000,0.0000000000000000
59.000000000000000,15.000000000000000,0.0000000000000000
60.000000000000000,15.000000000000000,0.0000000000000000
61.000000000000000,15.000000000000000,0.0000000000000000
62.000000000000000,15.000000000000000,0.0000000000000000
63.000000000000000,15.000000000000000,0.0000000000000000
64.000000000000000,15.000000000000000,0.0000000000000000
65.000000000000000,15.000000000000000,0.0000000000000000
66.000000000000000,15.000000000000000,0.0000000000000000
67.000000000000000,15.000000000000000,0.0000000000000000
68.000000000000000,15.000000000000000,0.0000000000000000
69.000000000000000,15.000000000000000,0.0000000000000000
70.000000000000000,15.000000000000000,0.0000000000000000
71.000000000000000,15.000000000000000,0.0000000000000000
72.000000000000000,15.000000000000000,0.0000000000000000
73.000000000000000,15.000000000000000,0.0000000000000000
74.000000000000000,15.000000000000000,0.0000000000000000
75.000000000000000,15.000000000000000,0.0000000000000000
76.000000000000000,15.000000000000000,0.0000000000000000
77.000000000000000,15.000000000000000,0.0000000000000000
78.000000000000000,15.000000000000000,0.0000000000000000
79.000000000000000,15.000000000000000,0.0000000000000000
80.000000000000000,15.000000000000000,0.0000000000000000
81.000000000000000,15.000000000000000,0.0000000000000000
82.000000000000000,15.000000000000000,0.0000000000000000
83.000000000000000,15.000000000000000,0.0000000000000000
84.000000000000000,15.000000000000000,0.0000000000000000
85.000000000000000,15.000000000000000,0.0000000000000000
86.000000000000000,15.000000000000000,0.0000000000000000
87.000000000000000,15.000000000000000,0.0000000000000000
88.000000000000000,15.000000000000000,0.0000000000000000
89.000000000000000,15.000000000000000,0.0000000000000000
90.000000000000000,15.000000000000000,0.0000000000000000
91.000000000000000,15.000000000000000,0.0000000000000000
92.000000000000000,15.000000000000000,0.0000000000000000
93.000000000000000,15.000000000000000,0.0000000000000000
94.000000000000000,15.000000000000000,0.0000000000000000
95.000000000000000,15.000000000000000,0.0000000000000000
96.000000000000000,15.000000000000000,0.0000000000000000
97.000000000000000,15.000000000000000,0.0000000000000000
98.000000000000000,15.000000000000000,0.0000000000000000
99.000000000000000,15.000000000000000,0.0000000000000000
100.00000000000000,15.000000000000000,0.0000000000000000
101.00000000000000,15.000000000000000,0.0000000000000000
102.00000000000000,15.000000000000000,0.0000000000000000
103.00000000000000,15.000000000000000,0.0000000000000000
104.00000000000000,15.000000000000000,0.0000000000000000
105.00000000000000,15.000000000000000,0.0000000000000000
106.00000000000000,15.000000000000000,0.0000000000000000
107.00000000000000,15.000000000000000,0.0000000000000000
108.00000000000000,15.000000000000000,0.0000000000000000
109.00000000000000,15.000000000000000,0.0000000000000000
110.00000000000000,15.000000000000000,0.0000000000000000
111.00000000000000,15.000000000000000,0.0000000000000000
112.00000000000000,15.000000000000000,0.0000000000000000
113.00000000000000,15.000000000000000,0.0000000000000000
1.0000000000000000,16.000000000000000,0.0000000000000000
2.0000000000000000,16.000000000000000,0.0000000000000000
3.0000000000000000,16.000000000000000,0.0000000000000000
4.0000000000000000,16.000000000000000,0.0000000000000000
5.0000000000000000,16.000000000000000,0.0000000000000000
6.0000000000000000,16.000000000000000,0.0000000000000000
7.0000000000000000,16.000000000000000,0.0000000000000000
8.0000000000000000,16.000000000000000,0.0000000000000000
9.0000000000000000,16.000000000000000,0.0000000000000000
10.000000000000000,16.000000000000000,0.0000000000000000
11.000000000000000,16.000000000000000,0.0000000000000000
12.000000000000000,16.000000000000000,0.0000000000000000
13.000000000000000,16.000000000000000,0.0000000000000000
14.000000000000000,16.000000000000000,0.0000000000000000
15.000000000000000,16.000000000000000,0.0000000000000000
16.000000000000000,16.000000000000000,0.0000000000000000
17.000000000000000,16.000000000000000,0.0000000000000000
18.000000000000000,16.000000000000000,0.0000000000000000
19.000000000000000,16.000000000000000,0.0000000000000000
20.000000000000000,16.000000000000000,0.0000000000000000
21.000000000000000,16.000000000000000,0.0000000000000000
22.000000000000000,16.000000000000000,0.0000000000000000
23.000000000000000,16.000000000000000,0.0000000000000000
24.000000000000000,16.000000000000000,0.0000000000000000
25.000000000000000,16.000000000000000,0.0000000000000000
26.000000000000000,16.000000000000000,0.0000000000000000
27.000000000000000,16.000000000000000,0.0000000000000000
28.000000000000000,16.000000000000000,0.0000000000000000
29.000000000000000,16.000000000000000,0.0000000000000000
30.000000000000000,16.000000000000000,0.0000000000000000
31.000000000000000,16.000000000000000,0.0000000000000000
32.000000000000000,16.000000000000000,0.0000000000000000
33.000000000000000,16.000000000000000,0.0000000000000000
34.000000000000000,16.000000000000000,0.0000000000000000
35.000000000000000,16.000000000000000,0.0000000000000000
36.000000000000000,16.000000000000000,0.0000000000000000
37.000000000000000,16.000000000000000,0.0000000000000000
38.000000000000000,16.000000000000000,0.0000000000000000
39.000000000000000,16.000000000000000,0.0000000000000000
40.000000000000000,16.000000000000000,0.0000000000000000
41.000000000000000,16.000000000000000,0.0000000000000000
42.000000000000000,16.000000000000000,0.0000000000000000
43.000000000000000,16.000000000000000,0.0000000000000000
44.000000000000000,16.000000000000000,0.0000000000000000
45.000000000000000,16.000000000000000,0.0000000000000000
46.000000000000000,16.000000000000000,0.0000000000000000
47.000000000000000,16.000000000000000,0.0000000000000000
48.000000000000000,16.000000000000000,0.0000000000000000
49.000000000000000,16.000000000000000,0.0000000000000000
50.000000000000000,16.000000000000000,0.0000000000000000
51.000000000000000,16.000000000000000,0.0000000000000000
52.000000000000000,16.000000000000000,0.0000000000000000
53.000000000000000,16.000000000000000,0.0000000000000000
54.000000000000000,16.000000000000000,0.0000000000000000
55.000000000000000,16.000000000000000,0.0000000000000000
56.000000000000000,16.000000000000000,0.0000000000000000
57.000000000000000,16.000000000000000,0.0000000000000000
58.000000000000000,16.000000000000000,0.0000000000000000
59.000000000000000,16.000000000000000,0.0000000000000000
60.000000000000000,16.000000000000000,0.0000000000000000
61.000000000000000,16.000000000000000,0.0000000000000000
62.000000000000000,16.000000000000000,0.0000000000000000
63.000000000000000,16.000000000000000,0.0000000000000000
64.000000000000000,16.000000000000000,0.0000000000000000
65.000000000000000,16.000000000000000,0.0000000000000000
66.000000000000000,16.000000000000000,0.0000000000000000
67.000000000000000,16.000000000000000,0.0000000000000000
68.000000000000000,16.000000000000000,0.0000000000000000
69.000000000000000,16.000000000000000,0.0000000000000000
70.000000000000000,16.000000000000000,0.0000000000000000
71.000000000000000,16.000000000000000,0.0000000000000000
72.000000000000000,16.000000000000000,0.0000000000000000
73.000000000000000,16.000000000000000,0.0000000000000000
74.000000000000000,16.000000000000000,0.0000000000000000
75.000000000000000,16.000000000000000,0.0000000000000000
76.000000000000000,16.000000000000000,0.0000000000000000
77.000000000000000,16.000000000000000,0.0000000000000000
78.000000000000000,16.000000000000000,0.0000000000000000
79.000000000000000,16.000000000000000,0.0000000000000000
80.000000000000000,16.000000000000000,0.0000000000000000
81.000000000000000,16.000000000000000,0.0000000000000000
82.000000000000000,16.000000000000000,0.0000000000000000
83.000000000000000,16.000000000000000,0.0000000000000000
84.000000000000000,16.000000000000000,0.0000000000000000
85.000000000000000,16.000000000000000,0.0000000000000000
86.000000000000000,16.000000000000000,0.0000000000000000
87.000000000000000,16.000000000000000,0.0000000000000000
88.000000000000000,16.000000000000000,0.0000000000000000
89.000000000000000,16.000000000000000,0.0000000000000000
90.000000000000000,16.000000000000000,0.0000000000000000
91.000000000000000,16.000000000000000,0.0000000000000000
92.000000000000000,16.000000000000000,0.0000000000000000
93.000000000000000,16.000000000000000,0.0000000000000000
94.000000000000000,16.000000000000000,0.0000000000000000
95.000000000000000,16.000000000000000,0.0000000000000000
96.000000000000000,16.000000000000000,0.0000000000000000
97.000000000000000,16.000000000000000,0.0000000000000000
98.000000000000000,16.000000000000000,0.0000000000000000
99.000000000000000,16.000000000000000,0.0000000000000000
100.00000000000000,16.000000000000000,0.0000000000000000
101.00000000000000,16.000000000000000,0.0000000000000000
102.00000000000000,16.000000000000000,0.0000000000000000
103.00000000000000,16.000000000000000,0.0000000000000000
104.00000000000000,16.000000000000000,0.0000000000000000
105.00000000000000,16.000000000000000,0.0000000000000000
106.00000000000000,16.000000000000000,0.0000000000000000
107.00000000000000,16.000000000000000,0.0000000000000000
108.00000000000000,16.000000000000000,0.0000000000000000
109.00000000000000,16.000000000000000,0.0000000000000000
110.00000000000000,16.000000000000000,0.0000000000000000
111.00000000000000,16.000000000000000,0.0000000000000000
112.00000000000000,16.000000000000000,0.0000000000000000
113.00000000000000,16.000000000000000,0.0000000000000000
1.0000000000000000,17.000000000000000,0.0000000000000000
2.0000000000000000,17.000000000000000,0.0000000000000000
3.0000000000000000,17.000000000000000,0.0000000000000000
4.0000000000000000,17.000000000000000,0.0000000000000000
5.0000000000000000,17.000000000000000,0.0000000000000000
6.0000000000000000,17.000000000000000,0.0000000000000000
7.0000000000000000,17.000000000000000,0.0000000000000000
8.0000000000000000,17.000000000000000,0.0000000000000000
9.0000000000000000,17.000000000000000,0.0000000000000000
10.000000000000000,17.000000000000000,0.0000000000000000
11.000000000000000,17.000000000000000,0.0000000000000000
12.000000000000000,17.000000000000000,0.0000000000000000
13.000000000000000,17.000000000000000,0.0000000000000000
14.000000000000000,17.000000000000000,0.0000000000000000
15.000000000000000,17.000000000000000,0.0000000000000000
16.000000000000000,17.000000000000000,0.0000000000000000
17.000000000000000,17.000000000000000,0.0000000000000000
18.000000000000000,17.000000000000000,0.0000000000000000
19.000000000000000,17.000000000000000,0.0000000000000000
20.000000000000000,17.000000000000000,0.0000000000000000
21.000000000000000,17.000000000000000,0.0000000000000000
22.000000000000000,17.000000000000000,0.0000000000000000
23.000000000000000,17.000000000000000,0.0000000000000000
24.000000000000000,17.000000000000000,0.0000000000000000
25.000000000000000,17.000000000000000,0.0000000000000000
26.000000000000000,17.000000000000000,0.0000000000000000
27.000000000000000,17.000000000000000,0.0000000000000000
28.000000000000000,17.000000000000000,0.0000000000000000
29.000000000000000,17.000000000000000,0.0000000000000000
30.000000000000000,17.000000000000000,0.0000000000000000
31.000000000000000,17.000000000000000,0.0000000000000000
32.000000000000000,17.000000000000000,0.0000000000000000
33.000000000000000,17.000000000000000,0.0000000000000000
34.000000000000000,17.000000000000000,0.0000000000000000
35.000000000000000,17.000000000000000,0.0000000000000000
36.000000000000000,17.000000000000000,0.0000000000000000
37.000000000000000,17.000000000000000,0.0000000000000000
38.000000000000000,17.000000000000000,0.0000000000000000
39.000000000000000,17.000000000000000,0.0000000000000000
40.000000000000000,17.000000000000000,0.0000000000000000
41.000000000000000,17.000000000000000,0.0000000000000000
42.000000000000000,17.000000000000000,0.0000000000000000
43.000000000000000,17.000000000000000,0.0000000000000000
44.000000000000000,17.000000000000000,0.0000000000000000
45.000000000000000,17.000000000000000,0.0000000000000000
46.000000000000000,17.000000000000000,0.0000000000000000
47.000000000000000,17.000000000000000,0.0000000000000000
48.000000000000000,17.000000000000000,0.0000000000000000
49.000000000000000,17.000000000000000,0.0000000000000000
50.000000000000000,17.000000000000000,0.0000000000000000
51.000000000000000,17.000000000000000,0.0000000000000000
52.000000000000000,17.000000000000000,0.0000000000000000
53.000000000000000,17.000000000000000,0.0000000000000000
54.000000000000000,17.000000000000000,0.0000000000000000
55.000000000000000,17.000000000000000,0.0000000000000000
56.000000000000000,17.000000000000000,0.0000000000000000
57.000000000000000,17.000000000000000,0.0000000000000000
58.000000000000000,17.000000000000000,0.0000000000000000
59.000000000000000,17.000000000000000,0.0000000000000000
60.000000000000000,17.000000000000000,0.0000000000000000
61.000000000000000,17.000000000000000,0.0000000000000000
62.000000000000000,17.000000000000000,0.0000000000000000
63.000000000000000,17.000000000000000,0.0000000000000000
64.000000000000000,17.000000000000000,0.0000000000000000
65.000000000000000,17.000000000000000,0.0000000000000000
66.000000000000000,17.000000000000000,0.0000000000000000
67.000000000000000,17.000000000000000,0.0000000000000000
68.000000000000000,17.000000000000000,0.0000000000000000
69.000000000000000,17.000000000000000,0.0000000000000000
70.000000000000000,17.000000000000000,0.0000000000000000
71.000000000000000,17.000000000000000,0.0000000000000000
72.000000000000000,17.000000000000000,0.0000000000000000
73.000000000000000,17.000000000000000,0.0000000000000000
74.000000000000000,17.000000000000000,0.0000000000000000
75.000000000000000,17.000000000000000,0.0000000000000000
76.000000000000000,17.000000000000000,0.0000000000000000
77.000000000000000,17.000000000000000,0.0000000000000000
78.000000000000000,17.000000000000000,0.0000000000000000
79.000000000000000,17.000000000000000,0.0000000000000000
80.000000000000000,17.000000000000000,0.0000000000000000
81.000000000000000,17.000000000000000,0.0000000000000000
82.000000000000000,17.000000000000000,0.0000000000000000
83.000000000000000,17.000000000000000,0.0000000000000000
84.000000000000000,17.000000000000000,0.0000000000000000
85.000000000000000,17.000000000000000,0.0000000000000000
86.000000000000000,17.000000000000000,0.0000000000000000
87.000000000000000,17.000000000000000,0.0000000000000000
88.000000000000000,17.000000000000000,0.0000000000000000
89.000000000000000,17.000000000000000,0.0000000000000000
90.000000000000000,17.000000000000000,0.0000000000000000
91.000000000000000,17.000000000000000,0.0000000000000000
92.000000000000000,17.000000000000000,0.0000000000000000
93.000000000000000,17.000000000000000,0.0000000000000000
94.000000000000000,17.000000000000000,0.0000000000000000
95.000000000000000,17.000000000000000,0.0000000000000000
96.000000000000000,17.000000000000000,0.0000000000000000
97.000000000000000,17.000000000000000,0.0000000000000000
98.000000000000000,17.000000000000000,0.0000000000000000
99.000000000000000,17.000000000000000,0.0000000000000000
100.00000000000000,17.000000000000000,0.0000000000000000
101.00000000000000,17.000000000000000,0.0000000000000000
102.00000000000000,17.000000000000000,0.0000000000000000
103.00000000000000,17.000000000000000,0.0000000000000000
104.00000000000000,17.000000000000000,0.0000000000000000
105.00000000000000,17.000000000000000,0.0000000000000000
106.00000000000000,17.000000000000000,0.0000000000000000
107.00000000000000,17.000000000000000,0.0000000000000000
108.00000000000000,17.000000000000000,0.0000000000000000
109.00000000000000,17.000000000000000,0.0000000000000000
110.00000000000000,17.000000000000000,0.0000000000000000
111.00000000000000,17.000000000000000,0.0000000000000000
112.00000000000000,17.000000000000000,0.0000000000000000
113.00000000000000,17.000000000000000,0.0000000000000000
1.0000000000000000,18.000000000000000,0.0000000000000000
2.0000000000000000,18.000000000000000,0.0000000000000000
3.0000000000000000,18.000000000000000,0.0000000000000000
4.0000000000000000,18.000000000000000,0.0000000000000000
5.0000000000000000,18.000000000000000,0.0000000000000000
6.0000000000000000,18.000000000000000,0.0000000000000000
7.0000000000000000,18.000000000000000,0.0000000000000000
8.0000000000000000,18.000000000000000,0.0000000000000000
9.0000000000000000,18.000000000000000,0.0000000000000000
10.000000000000000,18.000000000000000,0.0000000000000000
11.000000000000000,18.000000000000000,0.0000000000000000
12.000000000000000,18.000000000000000,0.0000000000000000
13.000000000000000,18.000000000000000,0.0000000000000000
14.000000000000000,18.000000000000000,0.0000000000000000
15.000000000000000,18.000000000000000,0.0000000000000000
16.000000000000000,18.000000000000000,0.0000000000000000
17.000000000000000,18.000000000000000,0.0000000000000000
18.000000000000000,18.000000000000000,0.0000000000000000
19.000000000000000,18.000000000000000,0.0000000000000000
20.000000000000000,18.000000000000000,0.0000000000000000
21.000000000000000,18.000000000000000,0.0000000000000000
22.000000000000000,18.000000000000000,0.0000000000000000
23.000000000000000,18.000000000000000,0.0000000000000000
24.000000000000000,18.000000000000000,0.0000000000000000
25.000000000000000,18.000000000000000,0.0000000000000000
26.000000000000000,18.000000000000000,0.0000000000000000
27.000000000000000,18.000000000000000,0.0000000000000000
28.000000000000000,18.000000000000000,0.0000000000000000
29.000000000000000,18.000000000000000,0.0000000000000000
30.000000000000000,18.000000000000000,0.0000000000000000
31.000000000000000,18.000000000000000,0.0000000000000000
32.000000000000000,18.000000000000000,0.0000000000000000
33.000000000000000,18.000000000000000,0.0000000000000000
34.000000000000000,18.000000000000000,0.0000000000000000
35.000000000000000,18.000000000000000,0.0000000000000000
36.000000000000000,18.000000000000000,0.0000000000000000
37.000000000000000,18.000000000000000,0.0000000000000000
38.000000000000000,18.000000000000000,0.0000000000000000
39.000000000000000,18.000000000000000,0.0000000000000000
40.000000000000000,18.000000000000000,0.0000000000000000
41.000000000000000,18.000000000000000,0.0000000000000000
42.000000000000000,18.000000000000000,0.0000000000000000
43.000000000000000,18.000000000000000,0.0000000000000000
44.000000000000000,18.000000000000000,0.0000000000000000
45.000000000000000,18.000000000000000,0.0000000000000000
46.000000000000000,18.000000000000000,0.0000000000000000
47.000000000000000,18.000000000000000,0.0000000000000000
48.000000000000000,18.000000000000000,0.0000000000000000
49.000000000000000,18.000000000000000,0.0000000000000000
50.000000000000000,18.000000000000000,0.0000000000000000
51.000000000000000,18.000000000000000,0.0000000000000000
52.000000000000000,18.000000000000000,0.0000000000000000
53.000000000000000,18.000000000000000,0.0000000000000000
54.000000000000000,18.000000000000000,0.0000000000000000
55.000000000000000,18.000000000000000,0.0000000000000000
56.000000000000000,18.000000000000000,0.0000000000000000
57.000000000000000,18.000000000000000,0.0000000000000000
58.000000000000000,18.000000000000000,0.0000000000000000
59.000000000000000,18.000000000000000,0.0000000000000000
60.000000000000000,18.000000000000000,0.0000000000000000
61.000000000000000,18.000000000000000,0.0000000000000000
62.000000000000000,18.000000000000000,0.0000000000000000
63.000000000000000,18.000000000000000,0.0000000000000000
64.000000000000000,18.000000000000000,0.0000000000000000
65.000000000000000,18.000000000000000,0.0000000000000000
66.000000000000000,18.000000000000000,0.0000000000000000
67.000000000000000,18.000000000000000,0.0000000000000000
68.000000000000000,18.000000000000000,0.0000000000000000
69.000000000000000,18.000000000000000,0.0000000000000000
70.000000000000000,18.000000000000000,0.0000000000000000
71.000000000000000,18.000000000000000,0.0000000000000000
72.000000000000000,18.000000000000000,0.0000000000000000
73.000000000000000,18.000000000000000,0.0000000000000000
74.000000000000000,18.000000000000000,0.0000000000000000
75.000000000000000,18.000000000000000,0.0000000000000000
76.000000000000000,18.000000000000000,0.0000000000000000
77.000000000000000,18.000000000000000,0.0000000000000000
78.000000000000000,18.000000000000000,0.0000000000000000
79.000000000000000,18.000000000000000,0.0000000000000000
80.000000000000000,18.000000000000000,0.0000000000000000
81.000000000000000,18.000000000000000,0.0000000000000000
82.000000000000000,18.000000000000000,0.0000000000000000
83.000000000000000,18.000000000000000,0.0000000000000000
84.000000000000000,18.000000000000000,0.0000000000000000
85.000000000000000,18.000000000000000,0.0000000000000000
86.000000000000000,18.000000000000000,0.0000000000000000
87.000000000000000,18.000000000000000,0.0000000000000000
88.000000000000000,18.000000000000000,0.0000000000000000
89.000000000000000,18.000000000000000,0.0000000000000000
90.000000000000000,18.000000000000000,0.0000000000000000
91.000000000000000,18.000000000000000,0.0000000000000000
92.000000000000000,18.000000000000000,0.0000000000000000
93.000000000000000,18.000000000000000,0.0000000000000000
94.000000000000000,18.000000000000000,0.0000000000000000
95.000000000000000,18.000000000000000,0.0000000000000000
96.000000000000000,18.000000000000000,0.0000000000000000
97.000000000000000,18.000000000000000,0.0000000000000000
98.000000000000000,18.000000000000000,0.0000000000000000
99.000000000000000,18.000000000000000,0.0000000000000000
100.00000000000000,18.000000000000000,0.0000000000000000
101.00000000000000,18.000000000000000,0.0000000000000000
102.00000000000000,18.000000000000000,0.0000000000000000
103.00000000000000,18.000000000000000,0.0000000000000000
104.00000000000000,18.000000000000000,0.0000000000000000
105.00000000000000,18.000000000000000,0.0000000000000000
106.00000000000000,18.000000000000000,0.0000000000000000
107.00000000000000,18.000000000000000,0.0000000000000000
108.00000000000000,18.000000000000000,0.0000000000000000
109.00000000000000,18.000000000000000,0.0000000000000000
110.00000000000000,18.000000000000000,0.0000000000000000
111.00000000000000,18.000000000000000,0.0000000000000000
112.00000000000000,18.000000000000000,0.0000000000000000
113.00000000000000,18.000000000000000,0.0000000000000000
1.0000000000000000,19.000000000000000,0.0000000000000000
2.0000000000000000,19.000000000000000,0.0000000000000000
3.0000000000000000,19.000000000000000,0.0000000000000000
4.0000000000000000,19.000000000000000,0.0000000000000000
5.0000000000000000,19.000000000000000,0.0000000000000000
6.0000000000000000,19.000000000000000,0.0000000000000000
7.0000000000000000,19.000000000000000,0.0000000000000000
8.0000000000000000,19.000000000000000,0.0000000000000000
9.0000000000000000,19.000000000000000,0.0000000000000000
10.000000000000000,19.000000000000000,0.0000000000000000
11.000000000000000,19.000000000000000,0.0000000000000000
12.000000000000000,19.000000000000000,0.0000000000000000
13.000000000000000,19.000000000000000,0.0000000000000000
14.000000000000000,19.000000000000000,0.0000000000000000
15.000000000000000,19.000000000000000,0.0000000000000000
16.000000000000000,19.000000000000000,0.0000000000000000
17.000000000000000,19.000000000000000,0.0000000000000000
18.000000000000000,19.000000000000000,0.0000000000000000
19.000000000000000,19.000000000000000,0.0000000000000000
20.000000000000000,19.000000000000000,0.0000000000000000
21.000000000000000,19.000000000000000,0.0000000000000000
22.000000000000000,19.000000000000000,0.0000000000000000
23.000000000000000,19.000000000000000,0.0000000000000000
24.000000000000000,19.000000000000000,0.0000000000000000
25.000000000000000,19.000000000000000,0.0000000000000000
26.000000000000000,19.000000000000000,0.0000000000000000
27.000000000000000,19.000000000000000,0.0000000000000000
28.000000000000000,19.000000000000000,0.0000000000000000
29.000000000000000,19.000000000000000,0.0000000000000000
30.000000000000000,19.000000000000000,0.0000000000000000
31.000000000000000,19.000000000000000,0.0000000000000000
32.000000000000000,19.000000000000000,0.0000000000000000
33.000000000000000,19.000000000000000,0.0000000000000000
34.000000000000000,19.000000000000000,0.0000000000000000
35.000000000000000,19.000000000000000,0.0000000000000000
36.000000000000000,19.000000000000000,0.0000000000000000
37.000000000000000,19.000000000000000,0.0000000000000000
38.000000000000000,19.000000000000000,0.0000000000000000
39.000000000000000,19.000000000000000,0.0000000000000000
40.000000000000000,19.000000000000000,0.0000000000000000
41.000000000000000,19.000000000000000,0.0000000000000000
42.000000000000000,19.000000000000000,0.0000000000000000
43.000000000000000,19.000000000000000,0.0000000000000000
44.000000000000000,19.000000000000000,0.0000000000000000
45.000000000000000,19.000000000000000,0.0000000000000000
46.000000000000000,19.000000000000000,0.0000000000000000
47.000000000000000,19.000000000000000,0.0000000000000000
48.000000000000000,19.000000000000000,0.0000000000000000
49.000000000000000,19.000000000000000,0.0000000000000000
50.000000000000000,19.000000000000000,0.0000000000000000
51.000000000000000,19.000000000000000,0.0000000000000000
52.000000000000000,19.000000000000000,0.0000000000000000
53.000000000000000,19.000000000000000,0.0000000000000000
54.000000000000000,19.000000000000000,0.0000000000000000
55.000000000000000,19.000000000000000,0.0000000000000000
56.000000000000000,19.000000000000000,0.0000000000000000
57.000000000000000,19.000000000000000,0.0000000000000000
58.000000000000000,19.000000000000000,0.0000000000000000
59.000000000000000,19.000000000000000,0.0000000000000000
60.000000000000000,19.000000000000000,0.0000000000000000
61.000000000000000,19.000000000000000,0.0000000000000000
62.000000000000000,19.000000000000000,0.0000000000000000
63.000000000000000,19.000000000000000,0.0000000000000000
64.000000000000000,19.000000000000000,0.0000000000000000
65.000000000000000,19.000000000000000,0.0000000000000000
66.000000000000000,19.000000000000000,0.0000000000000000
67.000000000000000,19.000000000000000,0.0000000000000000
68.000000000000000,19.000000000000000,0.0000000000000000
69.000000000000000,19.000000000000000,0.0000000000000000
70.000000000000000,19.000000000000000,0.0000000000000000
71.000000000000000,19.000000000000000,0.0000000000000000
72.000000000000000,19.000000000000000,0.0000000000000000
73.000000000000000,19.000000000000000,0.0000000000000000
74.000000000000000,19.000000000000000,0.0000000000000000
75.000000000000000,19.000000000000000,0.0000000000000000
76.000000000000000,19.000000000000000,0.0000000000000000
77.000000000000000,19.000000000000000,0.0000000000000000
78.000000000000000,19.000000000000000,0.0000000000000000
79.000000000000000,19.000000000000000,0.0000000000000000
80.000000000000000,19.000000000000000,0.0000000000000000
81.000000000000000,19.000000000000000,0.0000000000000000
82.000000000000000,19.000000000000000,0.0000000000000000
83.000000000000000,19.000000000000000,0.0000000000000000
84.000000000000000,19.000000000000000,0.0000000000000000
85.000000000000000,19.000000000000000,0.0000000000000000
86.000000000000000,19.000000000000000,0.0000000000000000
87.000000000000000,19.000000000000000,0.0000000000000000
88.000000000000000,19.000000000000000,0.0000000000000000
89.000000000000000,19.000000000000000,0.0000000000000000
90.000000000000000,19.000000000000000,0.0000000000000000
91.000000000000000,19.000000000000000,0.0000000000000000
92.000000000000000,19.000000000000000,0.0000000000000000
93.000000000000000,19.000000000000000,0.0000000000000000
94.000000000000000,19.000000000000000,0.0000000000000000
95.000000000000000,19.000000000000000,0.0000000000000000
96.000000000000000,19.000000000000000,0.0000000000000000
97.000000000000000,19.000000000000000,0.0000000000000000
98.000000000000000,19.000000000000000,0.0000000000000000
99.000000000000000,19.000000000000000,0.0000000000000000
100.00000000000000,19.000000000000000,0.0000000000000000
101.00000000000000,19.000000000000000,0.0000000000000000
102.00000000000000,19.000000000000000,0.0000000000000000
103.00000000000000,19.000000000000000,0.0000000000000000
104.00000000000000,19.000000000000000,0.0000000000000000
105.00000000000000,19.000000000000000,0.0000000000000000
106.00000000000000,19.000000000000000,0.0000000000000000
107.00000000000000,19.000000000000000,0.0000000000000000
108.00000000000000,19.000000000000000,0.0000000000000000
109.00000000000000,19.000000000000000,0.0000000000000000
110.00000000000000,19.000000000000000,0.0000000000000000
111.00000000000000,19.000000000000000,0.0000000000000000
112.00000000000000,19.000000000000000,0.0000000000000000
113.00000000000000,19.000000000000000,0.0000000000000000
1.0000000000000000,20.000000000000000,0.0000000000000000
2.0000000000000000,20.000000000000000,0.0000000000000000
3.0000000000000000,20.000000000000000,0.0000000000000000
4.0000000000000000,20.000000000000000,0.0000000000000000
5.0000000000000000,20.000000000000000,0.0000000000000000
6.0000000000000000,20.000000000000000,0.0000000000000000
7.0000000000000000,20.000000000000000,0.0000000000000000
8.0000000000000000,20.000000000000000,0.0000000000000000
9.0000000000000000,20.000000000000000,0.0000000000000000
10.000000000000000,20.000000000000000,0.0000000000000000
11.000000000000000,20.000000000000000,0.0000000000000000
12.000000000000000,20.000000000000000,0.0000000000000000
13.000000000000000,20.000000000000000,0.0000000000000000
14.000000000000000,20.000000000000000,0.0000000000000000
15.000000000000000,20.000000000000000,0.0000000000000000
16.000000000000000,20.000000000000000,0.0000000000000000
17.000000000000000,20.000000000000000,0.0000000000000000
18.000000000000000,20.000000000000000,0.0000000000000000
19.000000000000000,20.000000000000000,0.0000000000000000
20.000000000000000,20.000000000000000,0.0000000000000000
21.000000000000000,20.000000000000000,0.0000000000000000
22.000000000000000,20.000000000000000,0.0000000000000000
23.000000000000000,20.000000000000000,0.0000000000000000
24.000000000000000,20.000000000000000,0.0000000000000000
25.000000000000000,20.000000000000000,0.0000000000000000
26.000000000000000,20.000000000000000,0.0000000000000000
27.000000000000000,20.000000000000000,0.0000000000000000
28.000000000000000,20.000000000000000,0.0000000000000000
29.000000000000000,20.000000000000000,0.0000000000000000
30.000000000000000,20.000000000000000,0.0000000000000000
31.000000000000000,20.000000000000000,0.0000000000000000
32.000000000000000,20.000000000000000,0.0000000000000000
33.000000000000000,20.000000000000000,0.0000000000000000
34.000000000000000,20.000000000000000,0.0000000000000000
35.000000000000000,20.000000000000000,0.0000000000000000
36.000000000000000,20.000000000000000,0.0000000000000000
37.000000000000000,20.000000000000000,0.0000000000000000
38.000000000000000,20.000000000000000,0.0000000000000000
39.000000000000000,20.000000000000000,0.0000000000000000
40.000000000000000,20.000000000000000,0.0000000000000000
41.000000000000000,20.000000000000000,0.0000000000000000
42.000000000000000,20.000000000000000,0.0000000000000000
43.000000000000000,20.000000000000000,0.0000000000000000
44.000000000000000,20.000000000000000,0.0000000000000000
45.000000000000000,20.000000000000000,0.0000000000000000
46.000000000000000,20.000000000000000,0.0000000000000000
47.000000000000000,20.000000000000000,0.0000000000000000
48.000000000000000,20.000000000000000,0.0000000000000000
49.000000000000000,20.000000000000000,0.0000000000000000
50.000000000000000,20.000000000000000,0.0000000000000000
51.000000000000000,20.000000000000000,0.0000000000000000
52.000000000000000,20.000000000000000,0.0000000000000000
53.000000000000000,20.000000000000000,0.0000000000000000
54.000000000000000,20.000000000000000,0.0000000000000000
55.000000000000000,20.000000000000000,0.0000000000000000
56.000000000000000,20.000000000000000,0.0000000000000000
57.000000000000000,20.000000000000000,0.0000000000000000
58.000000000000000,20.000000000000000,0.0000000000000000
59.000000000000000,20.000000000000000,0.0000000000000000
60.000000000000000,20.000000000000000,0.0000000000000000
61.000000000000000,20.000000000000000,0.0000000000000000
62.000000000000000,20.000000000000000,0.0000000000000000
63.000000000000000,20.000000000000000,0.0000000000000000
64.000000000000000,20.000000000000000,0.0000000000000000
65.000000000000000,20.000000000000000,0.0000000000000000
66.000000000000000,20.000000000000000,0.0000000000000000
67.000000000000000,20.000000000000000,0.0000000000000000
68.000000000000000,20.000000000000000,0.0000000000000000
69.000000000000000,20.000000000000000,0.0000000000000000
70.000000000000000,20.000000000000000,0.0000000000000000
71.000000000000000,20.000000000000000,0.0000000000000000
72.000000000000000,20.000000000000000,0.0000000000000000
73.000000000000000,20.000000000000000,0.0000000000000000
74.000000000000000,20.000000000000000,0.0000000000000000
75.000000000000000,20.000000000000000,0.0000000000000000
76.000000000000000,20.000000000000000,0.0000000000000000
77.000000000000000,20.000000000000000,0.0000000000000000
78.000000000000000,20.000000000000000,0.0000000000000000
79.000000000000000,20.000000000000000,0.0000000000000000
80.000000000000000,20.000000000000000,0.0000000000000000
81.000000000000000,20.000000000000000,0.0000000000000000
82.000000000000000,20.000000000000000,0.0000000000000000
83.000000000000000,20.000000000000000,0.0000000000000000
84.000000000000000,20.000000000000000,0.0000000000000000
85.000000000000000,20.000000000000000,0.0000000000000000
86.000000000000000,20.000000000000000,0.0000000000000000
87.000000000000000,20.000000000000000,0.0000000000000000
88.000000000000000,20.000000000000000,0.0000000000000000
89.000000000000000,20.000000000000000,0.0000000000000000
90.000000000000000,20.000000000000000,0.0000000000000000
91.000000000000000,20.000000000000000,0.0000000000000000
92.000000000000000,20.000000000000000,0.0000000000000000
93.000000000000000,20.000000000000000,0.0000000000000000
94.000000000000000,20.000000000000000,0.0000000000000000
95.000000000000000,20.000000000000000,0.0000000000000000
96.000000000000000,20.000000000000000,0.0000000000000000
97.000000000000000,20.000000000000000,0.0000000000000000
98.000000000000000,20.000000000000000,0.0000000000000000
99.000000000000000,20.000000000000000,0.0000000000000000
100.00000000000000,20.000000000000000,0.0000000000000000
101.00000000000000,20.000000000000000,0.0000000000000000
102.00000000000000,20.000000000000000,0.0000000000000000
103.00000000000000,20.000000000000000,0.0000000000000000
104.00000000000000,20.000000000000000,0.0000000000000000
105.00000000000000,20.000000000000000,0.0000000000000000
106.00000000000000,20.000000000000000,0.0000000000000000
107.00000000000000,20.000000000000000,0.0000000000000000
108.00000000000000,20.000000000000000,0.0000000000000000
109.00000000000000,20.000000000000000,0.0000000000000000
110.00000000000000,20.000000000000000,0.0000000000000000
111.00000000000000,20.000000000000000,0.0000000000000000
112.00000000000000,20.000000000000000,0.0000000000000000
113.00000000000000,20.000000000000000,0.0000000000000000
1.0000000000000000,21.000000000000000,0.0000000000000000
2.0000000000000000,21.000000000000000,0.0000000000000000
3.0000000000000000,21.000000000000000,0.0000000000000000
4.0000000000000000,21.000000000000000,0.0000000000000000
5.0000000000000000,21.000000000000000,0.0000000000000000
6.0000000000000000,21.000000000000000,0.0000000000000000
7.0000000000000000,21.000000000000000,0.0000000000000000
8.0000000000000000,21.000000000000000,0.0000000000000000
9.0000000000000000,21.000000000000000,0.0000000000000000
10.000000000000000,21.000000000000000,0.0000000000000000
11.000000000000000,21.000000000000000,0.0000000000000000
12.000000000000000,21.000000000000000,0.0000000000000000
13.000000000000000,21.000000000000000,0.0000000000000000
14.000000000000000,21.000000000000000,0.0000000000000000
15.000000000000000,21.000000000000000,0.0000000000000000
16.000000000000000,21.000000000000000,0.0000000000000000
17.000000000000000,21.000000000000000,0.0000000000000000
18.000000000000000,21.000000000000000,0.0000000000000000
19.000000000000000,21.000000000000000,0.0000000000000000
20.000000000000000,21.000000000000000,0.0000000000000000
21.000000000000000,21.000000000000000,0.0000000000000000
22.000000000000000,21.000000000000000,0.0000000000000000
23.000000000000000,21.000000000000000,0.0000000000000000
24.000000000000000,21.000000000000000,0.0000000000000000
25.000000000000000,21.000000000000000,0.0000000000000000
26.000000000000000,21.000000000000000,0.0000000000000000
27.000000000000000,21.000000000000000,0.0000000000000000
28.000000000000000,21.000000000000000,0.0000000000000000
29.000000000000000,21.000000000000000,0.0000000000000000
30.000000000000000,21.000000000000000,0.0000000000000000
31.000000000000000,21.000000000000000,0.0000000000000000
32.000000000000000,21.000000000000000,0.0000000000000000
33.000000000000000,21.000000000000000,0.0000000000000000
34.000000000000000,21.000000000000000,0.0000000000000000
35.000000000000000,21.000000000000000,0.0000000000000000
36.000000000000000,21.000000000000000,0.0000000000000000
37.000000000000000,21.000000000000000,0.0000000000000000
38.000000000000000,21.000000000000000,0.0000000000000000
39.000000000000000,21.000000000000000,0.0000000000000000
40.000000000000000,21.000000000000000,0.0000000000000000
41.000000000000000,21.000000000000000,0.0000000000000000
42.000000000000000,21.000000000000000,0.0000000000000000
43.000000000000000,21.000000000000000,0.0000000000000000
44.000000000000000,21.000000000000000,0.0000000000000000
45.000000000000000,21.000000000000000,0.0000000000000000
46.000000000000000,21.000000000000000,0.0000000000000000
47.000000000000000,21.000000000000000,0.0000000000000000
48.000000000000000,21.000000000000000,0.0000000000000000
49.000000000000000,21.000000000000000,0.0000000000000000
50.000000000000000,21.000000000000000,0.0000000000000000
51.000000000000000,21.000000000000000,0.0000000000000000
52.000000000000000,21.000000000000000,0.0000000000000000
53.000000000000000,21.000000000000000,0.0000000000000000
54.000000000000000,21.000000000000000,0.0000000000000000
55.000000000000000,21.000000000000000,0.0000000000000000
56.000000000000000,21.000000000000000,0.0000000000000000
57.000000000000000,21.000000000000000,0.0000000000000000
58.000000000000000,21.000000000000000,0.0000000000000000
59.000000000000000,21.000000000000000,0.0000000000000000
60.000000000000000,21.000000000000000,0.0000000000000000
61.000000000000000,21.000000000000000,0.0000000000000000
62.000000000000000,21.000000000000000,0.0000000000000000
63.000000000000000,21.000000000000000,0.0000000000000000
64.000000000000000,21.000000000000000,0.0000000000000000
65.000000000000000,21.000000000000000,0.0000000000000000
66.000000000000000,21.000000000000000,0.0000000000000000
67.000000000000000,21.000000000000000,0.0000000000000000
68.000000000000000,21.000000000000000,0.0000000000000000
69.000000000000000,21.000000000000000,0.0000000000000000
70.000000000000000,21.000000000000000,0.0000000000000000
71.000000000000000,21.000000000000000,0.0000000000000000
72.000000000000000,21.000000000000000,0.0000000000000000
73.000000000000000,21.000000000000000,0.0000000000000000
74.000000000000000,21.000000000000000,0.0000000000000000
75.000000000000000,21.000000000000000,0.0000000000000000
76.000000000000000,21.000000000000000,0.0000000000000000
77.000000000000000,21.000000000000000,0.0000000000000000
78.000000000000000,21.000000000000000,0.0000000000000000
79.000000000000000,21.000000000000000,0.0000000000000000
80.000000000000000,21.000000000000000,0.0000000000000000
81.000000000000000,21.000000000000000,0.0000000000000000
82.000000000000000,21.000000000000000,0.0000000000000000
83.000000000000000,21.000000000000000,0.0000000000000000
84.000000000000000,21.000000000000000,0.0000000000000000
85.000000000000000,21.000000000000000,0.0000000000000000
86.000000000000000,21.000000000000000,0.0000000000000000
87.000000000000000,21.000000000000000,0.0000000000000000
88.000000000000000,21.000000000000000,0.0000000000000000
89.000000000000000,21.000000000000000,0.0000000000000000
90.000000000000000,21.000000000000000,0.0000000000000000
91.000000000000000,21.000000000000000,0.0000000000000000
92.000000000000000,21.000000000000000,0.0000000000000000
93.000000000000000,21.000000000000000,0.0000000000000000
94.000000000000000,21.000000000000000,0.0000000000000000
95.000000000000000,21.000000000000000,0.0000000000000000
96.000000000000000,21.000000000000000,0.0000000000000000
97.000000000000000,21.000000000000000,0.0000000000000000
98.000000000000000,21.000000000000000,0.0000000000000000
99.000000000000000,21.000000000000000,0.0000000000000000
100.00000000000000,21.000000000000000,0.0000000000000000
101.00000000000000,21.000000000000000,0.0000000000000000
102.00000000000000,21.000000000000000,0.0000000000000000
103.00000000000000,21.000000000000000,0.0000000000000000
104.00000000000000,21.000000000000000,0.0000000000000000
105.00000000000000,21.000000000000000,0.0000000000000000
106.00000000000000,21.000000000000000,0.0000000000000000
107.00000000000000,21.000000000000000,0.0000000000000000
108.00000000000000,21.000000000000000,0.0000000000000000
109.00000000000000,21.000000000000000,0.0000000000000000
110.00000000000000,21.000000000000000,0.0000000000000000
111.00000000000000,21.000000000000000,0.0000000000000000
112.00000000000000,21.000000000000000,0.0000000000000000
113.00000000000000,21.000000000000000,0.0000000000000000
1.0000000000000000,22.000000000000000,0.0000000000000000
2.0000000000000000,22.000000000000000,0.0000000000000000
3.0000000000000000,22.000000000000000,0.0000000000000000
4.0000000000000000,22.000000000000000,0.0000000000000000
5.0000000000000000,22.000000000000000,0.0000000000000000
6.0000000000000000,22.000000000000000,0.0000000000000000
7.0000000000000000,22.000000000000000,0.0000000000000000
8.0000000000000000,22.000000000000000,0.0000000000000000
9.0000000000000000,22.000000000000000,0.0000000000000000
10.000000000000000,22.000000000000000,0.0000000000000000
11.000000000000000,22.000000000000000,0.0000000000000000
12.000000000000000,22.000000000000000,0.0000000000000000
13.000000000000000,22.000000000000000,0.0000000000000000
14.000000000000000,22.000000000000000,0.0000000000000000
15.000000000000000,22.000000000000000,0.0000000000000000
16.000000000000000,22.000000000000000,0.0000000000000000
17.000000000000000,22.000000000000000,0.0000000000000000
18.000000000000000,22.000000000000000,0.0000000000000000
19.000000000000000,22.000000000000000,0.0000000000000000
20.000000000000000,22.000000000000000,0.0000000000000000
21.000000000000000,22.000000000000000,0.0000000000000000
22.000000000000000,22.000000000000000,0.0000000000000000
23.000000000000000,22.000000000000000,0.0000000000000000
24.000000000000000,22.000000000000000,0.0000000000000000
25.000000000000000,22.000000000000000,0.0000000000000000
26.000000000000000,22.000000000000000,0.0000000000000000
27.000000000000000,22.000000000000000,0.0000000000000000
28.000000000000000,22.000000000000000,0.0000000000000000
29.000000000000000,22.000000000000000,0.0000000000000000
30.000000000000000,22.000000000000000,0.0000000000000000
31.000000000000000,22.000000000000000,0.0000000000000000
32.000000000000000,22.000000000000000,0.0000000000000000
33.000000000000000,22.000000000000000,0.0000000000000000
34.000000000000000,22.000000000000000,0.0000000000000000
35.000000000000000,22.000000000000000,0.0000000000000000
36.000000000000000,22.000000000000000,0.0000000000000000
37.000000000000000,22.000000000000000,0.0000000000000000
38.000000000000000,22.000000000000000,0.0000000000000000
39.000000000000000,22.000000000000000,0.0000000000000000
40.000000000000000,22.000000000000000,0.0000000000000000
41.000000000000000,22.000000000000000,0.0000000000000000
42.000000000000000,22.000000000000000,0.0000000000000000
43.000000000000000,22.000000000000000,0.0000000000000000
44.000000000000000,22.000000000000000,0.0000000000000000
45.000000000000000,22.000000000000000,0.0000000000000000
46.000000000000000,22.000000000000000,0.0000000000000000
47.000000000000000,22.000000000000000,0.0000000000000000
48.000000000000000,22.000000000000000,0.0000000000000000
49.000000000000000,22.000000000000000,0.0000000000000000
50.000000000000000,22.000000000000000,0.0000000000000000
51.000000000000000,22.000000000000000,0.0000000000000000
52.000000000000000,22.000000000000000,0.0000000000000000
53.000000000000000,22.000000000000000,0.0000000000000000
54.000000000000000,22.000000000000000,0.0000000000000000
55.000000000000000,22.000000000000000,0.0000000000000000
56.000000000000000,22.000000000000000,0.0000000000000000
57.000000000000000,22.000000000000000,0.0000000000000000
58.000000000000000,22.000000000000000,0.0000000000000000
59.000000000000000,22.000000000000000,0.0000000000000000
60.000000000000000,22.000000000000000,0.0000000000000000
61.000000000000000,22.000000000000000,0.0000000000000000
62.000000000000000,22.000000000000000,0.0000000000000000
63.000000000000000,22.000000000000000,0.0000000000000000
64.000000000000000,22.000000000000000,0.0000000000000000
65.000000000000000,22.000000000000000,0.0000000000000000
66.000000000000000,22.000000000000000,0.0000000000000000
67.000000000000000,22.000000000000000,0.0000000000000000
68.000000000000000,22.000000000000000,0.0000000000000000
69.000000000000000,22.000000000000000,0.0000000000000000
70.000000000000000,22.000000000000000,0.0000000000000000
71.000000000000000,22.000000000000000,0.0000000000000000
72.000000000000000,22.000000000000000,0.0000000000000000
73.000000000000000,22.000000000000000,0.0000000000000000
74.000000000000000,22.000000000000000,0.0000000000000000
75.000000000000000,22.000000000000000,0.0000000000000000
76.000000000000000,22.000000000000000,0.0000000000000000
77.000000000000000,22.000000000000000,0.0000000000000000
78.000000000000000,22.000000000000000,0.0000000000000000
79.000000000000000,22.000000000000000,0.0000000000000000
80.000000000000000,22.000000000000000,0.0000000000000000
81.000000000000000,22.000000000000000,0.0000000000000000
82.000000000000000,22.000000000000000,0.0000000000000000
83.000000000000000,22.000000000000000,0.0000000000000000
84.000000000000000,22.000000000000000,0.0000000000000000
85.000000000000000,22.000000000000000,0.0000000000000000
86.000000000000000,22.000000000000000,0.0000000000000000
87.000000000000000,22.000000000000000,0.0000000000000000
88.000000000000000,22.000000000000000,0.0000000000000000
89.000000000000000,22.000000000000000,0.0000000000000000
90.000000000000000,22.000000000000000,0.0000000000000000
91.000000000000000,22.000000000000000,0.0000000000000000
92.000000000000000,22.000000000000000,0.0000000000000000
93.000000000000000,22.000000000000000,0.0000000000000000
94.000000000000000,22.000000000000000,0.0000000000000000
95.000000000000000,22.000000000000000,0.0000000000000000
96.000000000000000,22.000000000000000,0.0000000000000000
97.000000000000000,22.000000000000000,0.0000000000000000
98.000000000000000,22.000000000000000,0.0000000000000000
99.000000000000000,22.000000000000000,0.0000000000000000
100.00000000000000,22.000000000000000,0.0000000000000000
101.00000000000000,22.000000000000000,0.0000000000000000
102.00000000000000,22.000000000000000,0.0000000000000000
103.00000000000000,22.000000000000000,0.0000000000000000
104.00000000000000,22.000000000000000,0.0000000000000000
105.00000000000000,22.000000000000000,0.0000000000000000
106.00000000000000,22.000000000000000,0.0000000000000000
107.00000000000000,22.000000000000000,0.0000000000000000
108.00000000000000,22.000000000000000,0.0000000000000000
109.00000000000000,22.000000000000000,0.0000000000000000
110.00000000000000,22.000000000000000,0.0000000000000000
111.00000000000000,22.000000000000000,0.0000000000000000
112.00000000000000,22.000000000000000,0.0000000000000000
113.00000000000000,22.000000000000000,0.0000000000000000
1.0000000000000000,23.000000000000000,0.0000000000000000
2.0000000000000000,23.000000000000000,0.0000000000000000
3.0000000000000000,23.000000000000000,0.0000000000000000
4.0000000000000000,23.000000000000000,0.0000000000000000
5.0000000000000000,23.000000000000000,0.0000000000000000
6.0000000000000000,23.000000000000000,0.0000000000000000
7.0000000000000000,23.000000000000000,0.0000000000000000
8.0000000000000000,23.000000000000000,0.0000000000000000
9.0000000000000000,23.000000000000000,0.0000000000000000
10.000000000000000,23.000000000000000,0.0000000000000000
11.000000000000000,23.000000000000000,0.0000000000000000
12.000000000000000,23.000000000000000,0.0000000000000000
13.000000000000000,23.000000000000000,0.0000000000000000
14.000000000000000,23.000000000000000,0.0000000000000000
15.000000000000000,23.000000000000000,0.0000000000000000
16.000000000000000,23.000000000000000,0.0000000000000000
17.000000000000000,23.000000000000000,0.0000000000000000
18.000000000000000,23.000000000000000,0.0000000000000000
19.000000000000000,23.000000000000000,0.0000000000000000
20.000000000000000,23.000000000000000,0.0000000000000000
21.000000000000000,23.000000000000000,0.0000000000000000
22.000000000000000,23.000000000000000,0.0000000000000000
23.000000000000000,23.000000000000000,0.0000000000000000
24.000000000000000,23.000000000000000,0.0000000000000000
25.000000000000000,23.000000000000000,0.0000000000000000
26.000000000000000,23.000000000000000,0.0000000000000000
27.000000000000000,23.000000000000000,0.0000000000000000
28.000000000000000,23.000000000000000,0.0000000000000000
29.000000000000000,23.000000000000000,0.0000000000000000
30.000000000000000,23.000000000000000,0.0000000000000000
31.000000000000000,23.000000000000000,0.0000000000000000
32.000000000000000,23.000000000000000,0.0000000000000000
33.000000000000000,23.000000000000000,0.0000000000000000
34.000000000000000,23.000000000000000,0.0000000000000000
35.000000000000000,23.000000000000000,0.0000000000000000
36.000000000000000,23.000000000000000,0.0000000000000000
37.000000000000000,23.000000000000000,0.0000000000000000
38.000000000000000,23.000000000000000,0.0000000000000000
39.000000000000000,23.000000000000000,0.0000000000000000
40.000000000000000,23.000000000000000,0.0000000000000000
41.000000000000000,23.000000000000000,0.0000000000000000
42.000000000000000,23.000000000000000,0.0000000000000000
43.000000000000000,23.000000000000000,0.0000000000000000
44.000000000000000,23.000000000000000,0.0000000000000000
45.000000000000000,23.000000000000000,0.0000000000000000
46.000000000000000,23.000000000000000,0.0000000000000000
47.000000000000000,23.000000000000000,0.0000000000000000
48.000000000000000,23.000000000000000,0.0000000000000000
49.000000000000000,23.000000000000000,0.0000000000000000
50.000000000000000,23.000000000000000,0.0000000000000000
51.000000000000000,23.000000000000000,0.0000000000000000
52.000000000000000,23.000000000000000,0.0000000000000000
53.000000000000000,23.000000000000000,0.0000000000000000
54.000000000000000,23.000000000000000,0.0000000000000000
55.000000000000000,23.000000000000000,0.0000000000000000
56.000000000000000,23.000000000000000,0.0000000000000000
57.000000000000000,23.000000000000000,0.0000000000000000
58.000000000000000,23.000000000000000,0.0000000000000000
59.000000000000000,23.000000000000000,0.0000000000000000
60.000000000000000,23.000000000000000,0.0000000000000000
61.000000000000000,23.000000000000000,0.0000000000000000
62.000000000000000,23.000000000000000,0.0000000000000000
63.000000000000000,23.000000000000000,0.0000000000000000
64.000000000000000,23.000000000000000,0.0000000000000000
65.000000000000000,23.000000000000000,0.0000000000000000
66.000000000000000,23.000000000000000,0.0000000000000000
67.000000000000000,23.000000000000000,0.0000000000000000
68.000000000000000,23.000000000000000,0.0000000000000000
69.000000000000000,23.000000000000000,0.0000000000000000
70.000000000000000,23.000000000000000,0.0000000000000000
71.000000000000000,23.000000000000000,0.0000000000000000
72.000000000000000,23.000000000000000,0.0000000000000000
73.000000000000000,23.000000000000000,0.0000000000000000
74.000000000000000,23.000000000000000,0.0000000000000000
75.000000000000000,23.000000000000000,0.0000000000000000
76.000000000000000,23.000000000000000,0.0000000000000000
77.000000000000000,23.000000000000000,0.0000000000000000
78.000000000000000,23.000000000000000,0.0000000000000000
79.000000000000000,23.000000000000000,0.0000000000000000
80.000000000000000,23.000000000000000,0.0000000000000000
81.000000000000000,23.000000000000000,0.0000000000000000
82.000000000000000,23.000000000000000,0.0000000000000000
83.000000000000000,23.000000000000000,0.0000000000000000
84.000000000000000,23.000000000000000,0.0000000000000000
85.000000000000000,23.000000000000000,0.0000000000000000
86.000000000000000,23.000000000000000,0.0000000000000000
87.000000000000000,23.000000000000000,0.0000000000000000
88.000000000000000,23.000000000000000,0.0000000000000000
89.000000000000000,23.000000000000000,0.0000000000000000
90.000000000000000,23.000000000000000,0.0000000000000000
91.000000000000000,23.000000000000000,0.0000000000000000
92.000000000000000,23.000000000000000,0.0000000000000000
93.000000000000000,23.000000000000000,0.0000000000000000
94.000000000000000,23.000000000000000,0.0000000000000000
95.000000000000000,23.000000000000000,0.0000000000000000
96.000000000000000,23.000000000000000,0.0000000000000000
97.000000000000000,23.000000000000000,0.0000000000000000
98.000000000000000,23.000000000000000,0.0000000000000000
99.000000000000000,23.000000000000000,0.0000000000000000
100.00000000000000,23.000000000000000,0.0000000000000000
101.00000000000000,23.000000000000000,0.0000000000000000
102.00000000000000,23.000000000000000,0.0000000000000000
103.00000000000000,23.000000000000000,0.0000000000000000
104.00000000000000,23.000000000000000,0.0000000000000000
105.00000000000000,23.000000000000000,0.0000000000000000
106.00000000000000,23.000000000000000,0.0000000000000000
107.00000000000000,23.000000000000000,0.0000000000000000
108.00000000000000,23.000000000000000,0.0000000000000000
109.00000000000000,23.000000000000000,0.0000000000000000
110.00000000000000,23.000000000000000,0.0000000000000000
111.00000000000000,23.000000000000000,4.0999999046325684
112.00000000000000,23.000000000000000,4.0999999046325684
113.00000000000000,23.000000000000000,0.0000000000000000
1.0000000000000000,24.000000000000000,0.0000000000000000
2.0000000000000000,24.000000000000000,0.0000000000000000
3.0000000000000000,24.000000000000000,0.0000000000000000
4.0000000000000000,24.000000000000000,0.0000000000000000
5.0000000000000000,24.000000000000000,0.0000000000000000
6.0000000000000000,24.000000000000000,0.0000000000000000
7.0000000000000000,24.000000000000000,0.0000000000000000
8.0000000000000000,24.000000000000000,0.0000000000000000
9.0000000000000000,24.000000000000000,0.0000000000000000
10.000000000000000,24.000000000000000,0.0000000000000000
11.000000000000000,24.000000000000000,0.0000000000000000
12.000000000000000,24.000000000000000,0.0000000000000000
13.000000000000000,24.000000000000000,0.0000000000000000
14.000000000000000,24.000000000000000,0.0000000000000000
15.000000000000000,24.000000000000000,0.0000000000000000
16.000000000000000,24.000000000000000,0.0000000000000000
17.000000000000000,24.000000000000000,0.0000000000000000
18.000000000000000,24.000000000000000,0.0000000000000000
19.000000000000000,24.000000000000000,0.0000000000000000
20.000000000000000,24.000000000000000,0.0000000000000000
21.000000000000000,24.000000000000000,0.0000000000000000
22.000000000000000,24.000000000000000,0.0000000000000000
23.000000000000000,24.000000000000000,0.0000000000000000
24.000000000000000,24.000000000000000,0.0000000000000000
25.000000000000000,24.000000000000000,0.0000000000000000
26.000000000000000,24.000000000000000,0.0000000000000000
27.000000000000000,24.000000000000000,0.0000000000000000
28.000000000000000,24.000000000000000,0.0000000000000000
29.000000000000000,24.000000000000000,0.0000000000000000
30.000000000000000,24.000000000000000,0.0000000000000000
31.000000000000000,24.000000000000000,0.0000000000000000
32.000000000000000,24.000000000000000,0.0000000000000000
33.000000000000000,24.000000000000000,0.0000000000000000
34.000000000000000,24.000000000000000,0.0000000000000000
35.000000000000000,24.000000000000000,0.0000000000000000
36.000000000000000,24.000000000000000,0.0000000000000000
37.000000000000000,24.000000000000000,0.0000000000000000
38.000000000000000,24.000000000000000,0.0000000000000000
39.000000000000000,24.000000000000000,0.0000000000000000
40.000000000000000,24.000000000000000,0.0000000000000000
41.000000000000000,24.000000000000000,0.0000000000000000
42.000000000000000,24.000000000000000,0.0000000000000000
43.000000000000000,24.000000000000000,0.0000000000000000
44.000000000000000,24.000000000000000,0.0000000000000000
45.000000000000000,24.000000000000000,0.0000000000000000
46.000000000000000,24.000000000000000,0.0000000000000000
47.000000000000000,24.000000000000000,0.0000000000000000
48.000000000000000,24.000000000000000,0.0000000000000000
49.000000000000000,24.000000000000000,0.0000000000000000
50.000000000000000,24.000000000000000,0.0000000000000000
51.000000000000000,24.000000000000000,0.0000000000000000
52.000000000000000,24.000000000000000,0.0000000000000000
53.000000000000000,24.000000000000000,0.0000000000000000
54.000000000000000,24.000000000000000,0.0000000000000000
55.000000000000000,24.000000000000000,0.0000000000000000
56.000000000000000,24.000000000000000,0.0000000000000000
57.000000000000000,24.000000000000000,0.0000000000000000
58.000000000000000,24.000000000000000,0.0000000000000000
59.000000000000000,24.000000000000000,0.0000000000000000
60.000000000000000,24.000000000000000,0.0000000000000000
61.000000000000000,24.000000000000000,0.0000000000000000
62.000000000000000,24.000000000000000,0.0000000000000000
63.000000000000000,24.000000000000000,0.0000000000000000
64.000000000000000,24.000000000000000,0.0000000000000000
65.000000000000000,24.000000000000000,0.0000000000000000
66.000000000000000,24.000000000000000,0.0000000000000000
67.000000000000000,24.000000000000000,0.0000000000000000
68.000000000000000,24.000000000000000,0.0000000000000000
69.000000000000000,24.000000000000000,0.0000000000000000
70.000000000000000,24.000000000000000,0.0000000000000000
71.000000000000000,24.000000000000000,0.0000000000000000
72.000000000000000,24.000000000000000,0.0000000000000000
73.000000000000000,24.000000000000000,0.0000000000000000
74.000000000000000,24.000000000000000,0.0000000000000000
75.000000000000000,24.000000000000000,0.0000000000000000
76.000000000000000,24.000000000000000,0.0000000000000000
77.000000000000000,24.000000000000000,0.0000000000000000
78.000000000000000,24.000000000000000,0.0000000000000000
79.000000000000000,24.000000000000000,0.0000000000000000
80.000000000000000,24.000000000000000,0.0000000000000000
81.000000000000000,24.000000000000000,0.0000000000000000
82.000000000000000,24.000000000000000,0.0000000000000000
83.000000000000000,24.000000000000000,0.0000000000000000
84.000000000000000,24.000000000000000,0.0000000000000000
85.000000000000000,24.000000000000000,0.0000000000000000
86.000000000000000,24.000000000000000,0.0000000000000000
87.000000000000000,24.000000000000000,0.0000000000000000
88.000000000000000,24.000000000000000,0.0000000000000000
89.000000000000000,24.000000000000000,0.0000000000000000
90.000000000000000,24.000000000000000,0.0000000000000000
91.000000000000000,24.000000000000000,0.0000000000000000
92.000000000000000,24.000000000000000,0.0000000000000000
93.000000000000000,24.000000000000000,0.0000000000000000
94.000000000000000,24.000000000000000,0.0000000000000000
95.000000000000000,24.000000000000000,0.0000000000000000
96.000000000000000,24.000000000000000,0.0000000000000000
97.000000000000000,24.000000000000000,0.0000000000000000
98.000000000000000,24.000000000000000,0.0000000000000000
99.000000000000000,24.000000000000000,0.0000000000000000
100.00000000000000,24.000000000000000,0.0000000000000000
101.00000000000000,24.000000000000000,0.0000000000000000
102.00000000000000,24.000000000000000,0.0000000000000000
103.00000000000000,24.000000000000000,0.0000000000000000
104.00000000000000,24.000000000000000,0.0000000000000000
105.00000000000000,24.000000000000000,0.0000000000000000
106.00000000000000,24.000000000000000,0.0000000000000000
107.00000000000000,24.000000000000000,0.0000000000000000
108.00000000000000,24.000000000000000,0.0000000000000000
109.00000000000000,24.000000000000000,0.0000000000000000
110.00000000000000,24.000000000000000,0.0000000000000000
111.00000000000000,24.000000000000000,4.0999999046325684
112.00000000000000,24.000000000000000,4.0999999046325684
113.00000000000000,24.000000000000000,0.0000000000000000
1.0000000000000000,25.000000000000000,0.0000000000000000
2.0000000000000000,25.000000000000000,0.0000000000000000
3.0000000000000000,25.000000000000000,0.0000000000000000
4.0000000000000000,25.000000000000000,0.0000000000000000
5.0000000000000000,25.000000000000000,0.0000000000000000
6.0000000000000000,25.000000000000000,0.0000000000000000
7.0000000000000000,25.000000000000000,0.0000000000000000
8.0000000000000000,25.000000000000000,0.0000000000000000
9.0000000000000000,25.000000000000000,0.0000000000000000
10.000000000000000,25.000000000000000,0.0000000000000000
11.000000000000000,25.000000000000000,0.0000000000000000
12.000000000000000,25.000000000000000,0.0000000000000000
13.000000000000000,25.000000000000000,0.0000000000000000
14.000000000000000,25.000000000000000,0.0000000000000000
15.000000000000000,25.000000000000000,0.0000000000000000
16.000000000000000,25.000000000000000,0.0000000000000000
17.000000000000000,25.000000000000000,0.0000000000000000
18.000000000000000,25.000000000000000,0.0000000000000000
19.000000000000000,25.000000000000000,0.0000000000000000
20.000000000000000,25.000000000000000,0.0000000000000000
21.000000000000000,25.000000000000000,0.0000000000000000
22.000000000000000,25.000000000000000,0.0000000000000000
23.000000000000000,25.000000000000000,0.0000000000000000
24.000000000000000,25.000000000000000,0.0000000000000000
25.000000000000000,25.000000000000000,0.0000000000000000
26.000000000000000,25.000000000000000,0.0000000000000000
27.000000000000000,25.000000000000000,0.0000000000000000
28.000000000000000,25.000000000000000,0.0000000000000000
29.000000000000000,25.000000000000000,0.0000000000000000
30.000000000000000,25.000000000000000,0.0000000000000000
31.000000000000000,25.000000000000000,0.0000000000000000
32.000000000000000,25.000000000000000,0.0000000000000000
33.000000000000000,25.000000000000000,0.0000000000000000
34.000000000000000,25.000000000000000,0.0000000000000000
35.000000000000000,25.000000000000000,0.0000000000000000
36.000000000000000,25.000000000000000,0.0000000000000000
37.000000000000000,25.000000000000000,0.0000000000000000
38.000000000000000,25.000000000000000,0.0000000000000000
39.000000000000000,25.000000000000000,0.0000000000000000
40.000000000000000,25.000000000000000,0.0000000000000000
41.000000000000000,25.000000000000000,0.0000000000000000
42.000000000000000,25.000000000000000,0.0000000000000000
43.000000000000000,25.000000000000000,0.0000000000000000
44.000000000000000,25.000000000000000,0.0000000000000000
45.000000000000000,25.000000000000000,0.0000000000000000
46.000000000000000,25.000000000000000,0.0000000000000000
47.000000000000000,25.000000000000000,0.0000000000000000
48.000000000000000,25.000000000000000,0.0000000000000000
49.000000000000000,25.000000000000000,0.0000000000000000
50.000000000000000,25.000000000000000,0.0000000000000000
51.000000000000000,25.000000000000000,0.0000000000000000
52.000000000000000,25.000000000000000,0.0000000000000000
53.000000000000000,25.000000000000000,0.0000000000000000
54.000000000000000,25.000000000000000,0.0000000000000000
55.000000000000000,25.000000000000000,0.0000000000000000
56.000000000000000,25.000000000000000,0.0000000000000000
57.000000000000000,25.000000000000000,0.0000000000000000
58.000000000000000,25.000000000000000,0.0000000000000000
59.000000000000000,25.000000000000000,0.0000000000000000
60.000000000000000,25.000000000000000,0.0000000000000000
61.000000000000000,25.000000000000000,0.0000000000000000
62.000000000000000,25.000000000000000,0.0000000000000000
63.000000000000000,25.000000000000000,0.0000000000000000
64.000000000000000,25.000000000000000,0.0000000000000000
65.000000000000000,25.000000000000000,0.0000000000000000
66.000000000000000,25.000000000000000,0.0000000000000000
67.000000000000000,25.000000000000000,0.0000000000000000
68.000000000000000,25.000000000000000,0.0000000000000000
69.000000000000000,25.000000000000000,0.0000000000000000
70.000000000000000,25.000000000000000,0.0000000000000000
71.000000000000000,25.000000000000000,0.0000000000000000
72.000000000000000,25.000000000000000,0.0000000000000000
73.000000000000000,25.000000000000000,0.0000000000000000
74.000000000000000,25.000000000000000,0.0000000000000000
75.000000000000000,25.000000000000000,0.0000000000000000
76.000000000000000,25.000000000000000,0.0000000000000000
77.000000000000000,25.000000000000000,0.0000000000000000
78.000000000000000,25.000000000000000,0.0000000000000000
79.000000000000000,25.000000000000000,0.0000000000000000
80.000000000000000,25.000000000000000,0.0000000000000000
81.000000000000000,25.000000000000000,0.0000000000000000
82.000000000000000,25.000000000000000,0.0000000000000000
83.000000000000000,25.000000000000000,0.0000000000000000
84.000000000000000,25.000000000000000,0.0000000000000000
85.000000000000000,25.000000000000000,0.0000000000000000
86.000000000000000,25.000000000000000,0.0000000000000000
87.000000000000000,25.000000000000000,0.0000000000000000
88.000000000000000,25.000000000000000,0.0000000000000000
89.000000000000000,25.000000000000000,0.0000000000000000
90.000000000000000,25.000000000000000,0.0000000000000000
91.000000000000000,25.000000000000000,0.0000000000000000
92.000000000000000,25.000000000000000,0.0000000000000000
93.000000000000000,25.000000000000000,0.0000000000000000
94.000000000000000,25.000000000000000,0.0000000000000000
95.000000000000000,25.000000000000000,0.0000000000000000
96.000000000000000,25.000000000000000,0.0000000000000000
97.000000000000000,25.000000000000000,0.0000000000000000
98.000000000000000,25.000000000000000,0.0000000000000000
99.000000000000000,25.000000000000000,0.0000000000000000
100.00000000000000,25.000000000000000,0.0000000000000000
101.00000000000000,25.000000000000000,0.0000000000000000
102.00000000000000,25.000000000000000,0.0000000000000000
103.00000000000000,25.000000000000000,0.0000000000000000
104.00000000000000,25.000000000000000,0.0000000000000000
105.00000000000000,25.000000000000000,0.0000000000000000
106.00000000000000,25.000000000000000,0.0000000000000000
107.00000000000000,25.000000000000000,0.0000000000000000
108.00000000000000,25.000000000000000,0.0000000000000000
109.00000000000000,25.000000000000000,0.0000000000000000
110.00000000000000,25.000000000000000,0.0000000000000000
111.00000000000000,25.000000000000000,4.0999999046325684
112.00000000000000,25.000000000000000,4.0999999046325684
113.00000000000000,25.000000000000000,0.0000000000000000
1.0000000000000000,26.000000000000000,0.0000000000000000
2.0000000000000000,26.000000000000000,0.0000000000000000
3.0000000000000000,26.000000000000000,0.0000000000000000
4.0000000000000000,26.000000000000000,0.0000000000000000
5.0000000000000000,26.000000000000000,0.0000000000000000
6.0000000000000000,26.000000000000000,0.0000000000000000
7.0000000000000000,26.000000000000000,0.0000000000000000
8.0000000000000000,26.000000000000000,0.0000000000000000
9.0000000000000000,26.000000000000000,0.0000000000000000
10.000000000000000,26.000000000000000,0.0000000000000000
11.000000000000000,26.000000000000000,0.0000000000000000
12.000000000000000,26.000000000000000,0.0000000000000000
13.000000000000000,26.000000000000000,0.0000000000000000
14.000000000000000,26.000000000000000,0.0000000000000000
15.000000000000000,26.000000000000000,0.0000000000000000
16.000000000000000,26.000000000000000,0.0000000000000000
17.000000000000000,26.000000000000000,0.0000000000000000
18.000000000000000,26.000000000000000,0.0000000000000000
19.000000000000000,26.000000000000000,0.0000000000000000
20.000000000000000,26.000000000000000,0.0000000000000000
21.000000000000000,26.000000000000000,0.0000000000000000
22.000000000000000,26.000000000000000,0.0000000000000000
23.000000000000000,26.000000000000000,0.0000000000000000
24.000000000000000,26.000000000000000,0.0000000000000000
25.000000000000000,26.000000000000000,0.0000000000000000
26.000000000000000,26.000000000000000,0.0000000000000000
27.000000000000000,26.000000000000000,0.0000000000000000
28.000000000000000,26.000000000000000,0.0000000000000000
29.000000000000000,26.000000000000000,0.0000000000000000
30.000000000000000,26.000000000000000,0.0000000000000000
31.000000000000000,26.000000000000000,0.0000000000000000
32.000000000000000,26.000000000000000,0.0000000000000000
33.000000000000000,26.000000000000000,0.0000000000000000
34.000000000000000,26.000000000000000,0.0000000000000000
35.000000000000000,26.000000000000000,0.0000000000000000
36.000000000000000,26.000000000000000,0.0000000000000000
37.000000000000000,26.000000000000000,0.0000000000000000
38.000000000000000,26.000000000000000,0.0000000000000000
39.000000000000000,26.000000000000000,0.0000000000000000
40.000000000000000,26.000000000000000,0.0000000000000000
41.000000000000000,26.000000000000000,0.0000000000000000
42.000000000000000,26.000000000000000,0.0000000000000000
43.000000000000000,26.000000000000000,0.0000000000000000
44.000000000000000,26.000000000000000,0.0000000000000000
45.000000000000000,26.000000000000000,0.0000000000000000
46.000000000000000,26.000000000000000,0.0000000000000000
47.000000000000000,26.000000000000000,0.0000000000000000
48.000000000000000,26.000000000000000,0.0000000000000000
49.000000000000000,26.000000000000000,0.0000000000000000
50.000000000000000,26.000000000000000,0.0000000000000000
51.000000000000000,26.000000000000000,0.0000000000000000
52.000000000000000,26.000000000000000,0.0000000000000000
53.000000000000000,26.000000000000000,0.0000000000000000
54.000000000000000,26.000000000000000,0.0000000000000000
55.000000000000000,26.000000000000000,0.0000000000000000
56.000000000000000,26.000000000000000,0.0000000000000000
57.000000000000000,26.000000000000000,0.0000000000000000
58.000000000000000,26.000000000000000,0.0000000000000000
59.000000000000000,26.000000000000000,0.0000000000000000
60.000000000000000,26.000000000000000,0.0000000000000000
61.000000000000000,26.000000000000000,0.0000000000000000
62.000000000000000,26.000000000000000,0.0000000000000000
63.000000000000000,26.000000000000000,0.0000000000000000
64.000000000000000,26.000000000000000,0.0000000000000000
65.000000000000000,26.000000000000000,0.0000000000000000
66.000000000000000,26.000000000000000,0.0000000000000000
67.000000000000000,26.000000000000000,0.0000000000000000
68.000000000000000,26.000000000000000,0.0000000000000000
69.000000000000000,26.000000000000000,0.0000000000000000
70.000000000000000,26.000000000000000,0.0000000000000000
71.000000000000000,26.000000000000000,0.0000000000000000
72.000000000000000,26.000000000000000,0.0000000000000000
73.000000000000000,26.000000000000000,0.0000000000000000
74.000000000000000,26.000000000000000,0.0000000000000000
75.000000000000000,26.000000000000000,0.0000000000000000
76.000000000000000,26.000000000000000,0.0000000000000000
77.000000000000000,26.000000000000000,0.0000000000000000
78.000000000000000,26.000000000000000,0.0000000000000000
79.000000000000000,26.000000000000000,0.0000000000000000
80.000000000000000,26.000000000000000,0.0000000000000000
81.000000000000000,26.000000000000000,0.0000000000000000
82.000000000000000,26.000000000000000,0.0000000000000000
83.000000000000000,26.000000000000000,0.0000000000000000
84.000000000000000,26.000000000000000,0.0000000000000000
85.000000000000000,26.000000000000000,0.0000000000000000
86.000000000000000,26.000000000000000,0.0000000000000000
87.000000000000000,26.000000000000000,0.0000000000000000
88.000000000000000,26.000000000000000,0.0000000000000000
89.000000000000000,26.000000000000000,0.0000000000000000
90.000000000000000,26.000000000000000,0.0000000000000000
91.000000000000000,26.000000000000000,0.0000000000000000
92.000000000000000,26.000000000000000,0.0000000000000000
93.000000000000000,26.000000000000000,0.0000000000000000
94.000000000000000,26.000000000000000,0.0000000000000000
95.000000000000000,26.000000000000000,0.0000000000000000
96.000000000000000,26.000000000000000,0.0000000000000000
97.000000000000000,26.000000000000000,0.0000000000000000
98.000000000000000,26.000000000000000,0.0000000000000000
99.000000000000000,26.000000000000000,0.0000000000000000
100.00000000000000,26.000000000000000,0.0000000000000000
101.00000000000000,26.000000000000000,0.0000000000000000
102.00000000000000,26.000000000000000,0.0000000000000000
103.00000000000000,26.000000000000000,0.0000000000000000
104.00000000000000,26.000000000000000,0.0000000000000000
105.00000000000000,26.000000000000000,0.0000000000000000
106.00000000000000,26.000000000000000,0.0000000000000000
107.00000000000000,26.000000000000000,0.0000000000000000
108.00000000000000,26.000000000000000,0.0000000000000000
109.00000000000000,26.000000000000000,0.0000000000000000
110.00000000000000,26.000000000000000,0.0000000000000000
111.00000000000000,26.000000000000000,4.0000000000000000
112.00000000000000,26.000000000000000,4.0000000000000000
113.00000000000000,26.000000000000000,0.0000000000000000
1.0000000000000000,27.000000000000000,0.0000000000000000
2.0000000000000000,27.000000000000000,0.0000000000000000
3.0000000000000000,27.000000000000000,0.0000000000000000
4.0000000000000000,27.000000000000000,0.0000000000000000
5.0000000000000000,27.000000000000000,0.0000000000000000
6.0000000000000000,27.000000000000000,0.0000000000000000
7.0000000000000000,27.000000000000000,0.0000000000000000
8.0000000000000000,27.000000000000000,0.0000000000000000
9.0000000000000000,27.000000000000000,0.0000000000000000
10.000000000000000,27.000000000000000,0.0000000000000000
11.000000000000000,27.000000000000000,0.0000000000000000
12.000000000000000,27.000000000000000,0.0000000000000000
13.000000000000000,27.000000000000000,0.0000000000000000
14.000000000000000,27.000000000000000,0.0000000000000000
15.000000000000000,27.000000000000000,0.0000000000000000
16.000000000000000,27.000000000000000,0.0000000000000000
17.000000000000000,27.000000000000000,0.0000000000000000
18.000000000000000,27.000000000000000,0.0000000000000000
19.000000000000000,27.000000000000000,0.0000000000000000
20.000000000000000,27.000000000000000,0.0000000000000000
21.000000000000000,27.000000000000000,0.0000000000000000
22.000000000000000,27.000000000000000,0.0000000000000000
23.000000000000000,27.000000000000000,0.0000000000000000
24.000000000000000,27.000000000000000,0.0000000000000000
25.000000000000000,27.000000000000000,0.0000000000000000
26.000000000000000,27.000000000000000,0.0000000000000000
27.000000000000000,27.000000000000000,0.0000000000000000
28.000000000000000,27.000000000000000,0.0000000000000000
29.000000000000000,27.000000000000000,0.0000000000000000
30.000000000000000,27.000000000000000,0.0000000000000000
31.000000000000000,27.000000000000000,0.0000000000000000
32.000000000000000,27.000000000000000,0.0000000000000000
33.000000000000000,27.000000000000000,0.0000000000000000
34.000000000000000,27.000000000000000,0.0000000000000000
35.000000000000000,27.000000000000000,0.0000000000000000
36.000000000000000,27.000000000000000,0.0000000000000000
37.000000000000000,27.000000000000000,0.0000000000000000
38.000000000000000,27.000000000000000,0.0000000000000000
39.000000000000000,27.000000000000000,0.0000000000000000
40.000000000000000,27.000000000000000,0.0000000000000000
41.000000000000000,27.000000000000000,0.0000000000000000
42.000000000000000,27.000000000000000,0.0000000000000000
43.000000000000000,27.000000000000000,0.0000000000000000
44.000000000000000,27.000000000000000,0.0000000000000000
45.000000000000000,27.000000000000000,0.0000000000000000
46.000000000000000,27.000000000000000,0.0000000000000000
47.000000000000000,27.000000000000000,0.0000000000000000
48.000000000000000,27.000000000000000,0.0000000000000000
49.000000000000000,27.000000000000000,0.0000000000000000
50.000000000000000,27.000000000000000,0.0000000000000000
51.000000000000000,27.000000000000000,0.0000000000000000
52.000000000000000,27.000000000000000,0.0000000000000000
53.000000000000000,27.000000000000000,0.0000000000000000
54.000000000000000,27.000000000000000,0.0000000000000000
55.000000000000000,27.000000000000000,0.0000000000000000
56.000000000000000,27.000000000000000,0.0000000000000000
57.000000000000000,27.000000000000000,0.0000000000000000
58.000000000000000,27.000000000000000,0.0000000000000000
59.000000000000000,27.000000000000000,0.0000000000000000
60.000000000000000,27.000000000000000,0.0000000000000000
61.000000000000000,27.000000000000000,0.0000000000000000
62.000000000000000,27.000000000000000,0.0000000000000000
63.000000000000000,27.000000000000000,0.0000000000000000
64.000000000000000,27.000000000000000,0.0000000000000000
65.000000000000000,27.000000000000000,0.0000000000000000
66.000000000000000,27.000000000000000,0.0000000000000000
67.000000000000000,27.000000000000000,0.0000000000000000
68.000000000000000,27.000000000000000,0.0000000000000000
69.000000000000000,27.000000000000000,0.0000000000000000
70.000000000000000,27.000000000000000,0.0000000000000000
71.000000000000000,27.000000000000000,0.0000000000000000
72.000000000000000,27.000000000000000,0.0000000000000000
73.000000000000000,27.000000000000000,0.0000000000000000
74.000000000000000,27.000000000000000,0.0000000000000000
75.000000000000000,27.000000000000000,0.0000000000000000
76.000000000000000,27.000000000000000,0.0000000000000000
77.000000000000000,27.000000000000000,0.0000000000000000
78.000000000000000,27.000000000000000,0.0000000000000000
79.000000000000000,27.000000000000000,0.0000000000000000
80.000000000000000,27.000000000000000,0.0000000000000000
81.000000000000000,27.000000000000000,0.0000000000000000
82.000000000000000,27.000000000000000,0.0000000000000000
83.000000000000000,27.000000000000000,0.0000000000000000
84.000000000000000,27.000000000000000,0.0000000000000000
85.000000000000000,27.000000000000000,0.0000000000000000
86.000000000000000,27.000000000000000,0.0000000000000000
87.000000000000000,27.000000000000000,0.0000000000000000
88.000000000000000,27.000000000000000,0.0000000000000000
89.000000000000000,27.000000000000000,0.0000000000000000
90.000000000000000,27.000000000000000,0.0000000000000000
91.000000000000000,27.000000000000000,0.0000000000000000
92.000000000000000,27.000000000000000,0.0000000000000000
93.000000000000000,27.000000000000000,0.0000000000000000
94.000000000000000,27.000000000000000,0.0000000000000000
95.000000000000000,27.000000000000000,0.0000000000000000
96.000000000000000,27.000000000000000,0.0000000000000000
97.000000000000000,27.000000000000000,0.0000000000000000
98.000000000000000,27.000000000000000,0.0000000000000000
99.000000000000000,27.000000000000000,0.0000000000000000
100.00000000000000,27.000000000000000,0.0000000000000000
101.00000000000000,27.000000000000000,0.0000000000000000
102.00000000000000,27.000000000000000,0.0000000000000000
103.00000000000000,27.000000000000000,0.0000000000000000
104.00000000000000,27.000000000000000,0.0000000000000000
105.00000000000000,27.000000000000000,0.0000000000000000
106.00000000000000,27.000000000000000,0.0000000000000000
107.00000000000000,27.000000000000000,0.0000000000000000
108.00000000000000,27.000000000000000,0.0000000000000000
109.00000000000000,27.000000000000000,0.0000000000000000
110.00000000000000,27.000000000000000,0.0000000000000000
111.00000000000000,27.000000000000000,4.0000000000000000
112.00000000000000,27.000000000000000,0.0000000000000000
113.00000000000000,27.000000000000000,0.0000000000000000
1.0000000000000000,28.000000000000000,0.0000000000000000
2.0000000000000000,28.000000000000000,0.0000000000000000
3.0000000000000000,28.000000000000000,0.0000000000000000
4.0000000000000000,28.000000000000000,0.0000000000000000
5.0000000000000000,28.000000000000000,0.0000000000000000
6.0000000000000000,28.000000000000000,0.0000000000000000
7.0000000000000000,28.000000000000000,0.0000000000000000
8.0000000000000000,28.000000000000000,0.0000000000000000
9.0000000000000000,28.000000000000000,0.0000000000000000
10.000000000000000,28.000000000000000,0.0000000000000000
11.000000000000000,28.000000000000000,0.0000000000000000
12.000000000000000,28.000000000000000,0.0000000000000000
13.000000000000000,28.000000000000000,0.0000000000000000
14.000000000000000,28.000000000000000,0.0000000000000000
15.000000000000000,28.000000000000000,0.0000000000000000
16.000000000000000,28.000000000000000,0.0000000000000000
17.000000000000000,28.000000000000000,0.0000000000000000
18.000000000000000,28.000000000000000,0.0000000000000000
19.000000000000000,28.000000000000000,0.0000000000000000
20.000000000000000,28.000000000000000,0.0000000000000000
21.000000000000000,28.000000000000000,0.0000000000000000
22.000000000000000,28.000000000000000,0.0000000000000000
23.000000000000000,28.000000000000000,0.0000000000000000
24.000000000000000,28.000000000000000,0.0000000000000000
25.000000000000000,28.000000000000000,0.0000000000000000
26.000000000000000,28.000000000000000,0.0000000000000000
27.000000000000000,28.000000000000000,0.0000000000000000
28.000000000000000,28.000000000000000,0.0000000000000000
29.000000000000000,28.000000000000000,0.0000000000000000
30.000000000000000,28.000000000000000,0.0000000000000000
31.000000000000000,28.000000000000000,0.0000000000000000
32.000000000000000,28.000000000000000,0.0000000000000000
33.000000000000000,28.000000000000000,0.0000000000000000
34.000000000000000,28.000000000000000,0.0000000000000000
35.000000000000000,28.000000000000000,0.0000000000000000
36.000000000000000,28.000000000000000,0.0000000000000000
37.000000000000000,28.000000000000000,0.0000000000000000
38.000000000000000,28.000000000000000,0.0000000000000000
39.000000000000000,28.000000000000000,0.0000000000000000
40.000000000000000,28.000000000000000,0.0000000000000000
41.000000000000000,28.000000000000000,0.0000000000000000
42.000000000000000,28.000000000000000,0.0000000000000000
43.000000000000000,28.000000000000000,0.0000000000000000
44.000000000000000,28.000000000000000,0.0000000000000000
45.000000000000000,28.000000000000000,0.0000000000000000
46.000000000000000,28.000000000000000,0.0000000000000000
47.000000000000000,28.000000000000000,0.0000000000000000
48.000000000000000,28.000000000000000,0.0000000000000000
49.000000000000000,28.000000000000000,0.0000000000000000
50.000000000000000,28.000000000000000,0.0000000000000000
51.000000000000000,28.000000000000000,0.0000000000000000
52.000000000000000,28.000000000000000,0.0000000000000000
53.000000000000000,28.000000000000000,0.0000000000000000
54.000000000000000,28.000000000000000,0.0000000000000000
55.000000000000000,28.000000000000000,0.0000000000000000
56.000000000000000,28.000000000000000,0.0000000000000000
57.000000000000000,28.000000000000000,0.0000000000000000
58.000000000000000,28.000000000000000,0.0000000000000000
59.000000000000000,28.000000000000000,0.0000000000000000
60.000000000000000,28.000000000000000,0.0000000000000000
61.000000000000000,28.000000000000000,0.0000000000000000
62.000000000000000,28.000000000000000,0.0000000000000000
63.000000000000000,28.000000000000000,0.0000000000000000
64.000000000000000,28.000000000000000,0.0000000000000000
65.000000000000000,28.000000000000000,0.0000000000000000
66.000000000000000,28.000000000000000,0.0000000000000000
67.000000000000000,28.000000000000000,0.0000000000000000
68.000000000000000,28.000000000000000,0.0000000000000000
69.000000000000000,28.000000000000000,0.0000000000000000
70.000000000000000,28.000000000000000,0.0000000000000000
71.000000000000000,28.000000000000000,0.0000000000000000
72.000000000000000,28.000000000000000,0.0000000000000000
73.000000000000000,28.000000000000000,0.0000000000000000
74.000000000000000,28.000000000000000,0.0000000000000000
75.000000000000000,28.000000000000000,0.0000000000000000
76.000000000000000,28.000000000000000,0.0000000000000000
77.000000000000000,28.000000000000000,0.0000000000000000
78.000000000000000,28.000000000000000,0.0000000000000000
79.000000000000000,28.000000000000000,0.0000000000000000
80.000000000000000,28.000000000000000,0.0000000000000000
81.000000000000000,28.000000000000000,0.0000000000000000
82.000000000000000,28.000000000000000,0.0000000000000000
83.000000000000000,28.000000000000000,0.0000000000000000
84.000000000000000,28.000000000000000,0.0000000000000000
85.000000000000000,28.000000000000000,0.0000000000000000
86.000000000000000,28.000000000000000,0.0000000000000000
87.000000000000000,28.000000000000000,0.0000000000000000
88.000000000000000,28.000000000000000,0.0000000000000000
89.000000000000000,28.000000000000000,0.0000000000000000
90.000000000000000,28.000000000000000,0.0000000000000000
91.000000000000000,28.000000000000000,0.0000000000000000
92.000000000000000,28.000000000000000,0.0000000000000000
93.000000000000000,28.000000000000000,0.0000000000000000
94.000000000000000,28.000000000000000,0.0000000000000000
95.000000000000000,28.000000000000000,0.0000000000000000
96.000000000000000,28.000000000000000,0.0000000000000000
97.000000000000000,28.000000000000000,0.0000000000000000
98.000000000000000,28.000000000000000,0.0000000000000000
99.000000000000000,28.000000000000000,0.0000000000000000
100.00000000000000,28.000000000000000,0.0000000000000000
101.00000000000000,28.000000000000000,0.0000000000000000
102.00000000000000,28.000000000000000,0.0000000000000000
103.00000000000000,28.000000000000000,0.0000000000000000
104.00000000000000,28.000000000000000,0.0000000000000000
105.00000000000000,28.000000000000000,0.0000000000000000
106.00000000000000,28.000000000000000,0.0000000000000000
107.00000000000000,28.000000000000000,0.0000000000000000
108.00000000000000,28.000000000000000,0.0000000000000000
109.00000000000000,28.000000000000000,0.0000000000000000
110.00000000000000,28.000000000000000,0.0000000000000000
111.00000000000000,28.000000000000000,4.0000000000000000
112.00000000000000,28.000000000000000,0.0000000000000000
113.00000000000000,28.000000000000000,0.0000000000000000
1.0000000000000000,29.000000000000000,0.0000000000000000
2.0000000000000000,29.000000000000000,0.0000000000000000
3.0000000000000000,29.000000000000000,0.0000000000000000
4.0000000000000000,29.000000000000000,0.0000000000000000
5.0000000000000000,29.000000000000000,0.0000000000000000
6.0000000000000000,29.000000000000000,0.0000000000000000
7.0000000000000000,29.000000000000000,0.0000000000000000
8.0000000000000000,29.000000000000000,0.0000000000000000
9.0000000000000000,29.000000000000000,0.0000000000000000
10.000000000000000,29.000000000000000,0.0000000000000000
11.000000000000000,29.000000000000000,0.0000000000000000
12.000000000000000,29.000000000000000,0.0000000000000000
13.000000000000000,29.000000000000000,0.0000000000000000
14.000000000000000,29.000000000000000,0.0000000000000000
15.000000000000000,29.000000000000000,0.0000000000000000
16.000000000000000,29.000000000000000,0.0000000000000000
17.000000000000000,29.000000000000000,0.0000000000000000
18.000000000000000,29.000000000000000,0.0000000000000000
19.000000000000000,29.000000000000000,0.0000000000000000
20.000000000000000,29.000000000000000,0.0000000000000000
21.000000000000000,29.000000000000000,0.0000000000000000
22.000000000000000,29.000000000000000,0.0000000000000000
23.000000000000000,29.000000000000000,0.0000000000000000
24.000000000000000,29.000000000000000,0.0000000000000000
25.000000000000000,29.000000000000000,0.0000000000000000
26.000000000000000,29.000000000000000,0.0000000000000000
27.000000000000000,29.000000000000000,0.0000000000000000
28.000000000000000,29.000000000000000,0.0000000000000000
29.000000000000000,29.000000000000000,0.0000000000000000
30.000000000000000,29.000000000000000,0.0000000000000000
31.000000000000000,29.000000000000000,0.0000000000000000
32.000000000000000,29.000000000000000,0.0000000000000000
33.000000000000000,29.000000000000000,0.0000000000000000
34.000000000000000,29.000000000000000,0.0000000000000000
35.000000000000000,29.000000000000000,0.0000000000000000
36.000000000000000,29.000000000000000,0.0000000000000000
37.000000000000000,29.000000000000000,0.0000000000000000
38.000000000000000,29.000000000000000,0.0000000000000000
39.000000000000000,29.000000000000000,0.0000000000000000
40.000000000000000,29.000000000000000,0.0000000000000000
41.000000000000000,29.000000000000000,0.0000000000000000
42.000000000000000,29.000000000000000,0.0000000000000000
43.000000000000000,29.000000000000000,0.0000000000000000
44.000000000000000,29.000000000000000,0.0000000000000000
45.000000000000000,29.000000000000000,0.0000000000000000
46.000000000000000,29.000000000000000,0.0000000000000000
47.000000000000000,29.000000000000000,0.0000000000000000
48.000000000000000,29.000000000000000,0.0000000000000000
49.000000000000000,29.000000000000000,0.0000000000000000
50.000000000000000,29.000000000000000,0.0000000000000000
51.000000000000000,29.000000000000000,0.0000000000000000
52.000000000000000,29.000000000000000,0.0000000000000000
53.000000000000000,29.000000000000000,0.0000000000000000
54.000000000000000,29.000000000000000,0.0000000000000000
55.000000000000000,29.000000000000000,0.0000000000000000
56.000000000000000,29.000000000000000,0.0000000000000000
57.000000000000000,29.000000000000000,0.0000000000000000
58.000000000000000,29.000000000000000,0.0000000000000000
59.000000000000000,29.000000000000000,0.0000000000000000
60.000000000000000,29.000000000000000,0.0000000000000000
61.000000000000000,29.000000000000000,0.0000000000000000
62.000000000000000,29.000000000000000,0.0000000000000000
63.000000000000000,29.000000000000000,0.0000000000000000
64.000000000000000,29.000000000000000,0.0000000000000000
65.000000000000000,29.000000000000000,0.0000000000000000
66.000000000000000,29.000000000000000,0.0000000000000000
67.000000000000000,29.000000000000000,0.0000000000000000
68.000000000000000,29.000000000000000,0.0000000000000000
69.000000000000000,29.000000000000000,0.0000000000000000
70.000000000000000,29.000000000000000,0.0000000000000000
71.000000000000000,29.000000000000000,0.0000000000000000
72.000000000000000,29.000000000000000,0.0000000000000000
73.000000000000000,29.000000000000000,0.0000000000000000
74.000000000000000,29.000000000000000,0.0000000000000000
75.000000000000000,29.000000000000000,0.0000000000000000
76.000000000000000,29.000000000000000,0.0000000000000000
77.000000000000000,29.000000000000000,0.0000000000000000
78.000000000000000,29.000000000000000,0.0000000000000000
79.000000000000000,29.000000000000000,0.0000000000000000
80.000000000000000,29.000000000000000,0.0000000000000000
81.000000000000000,29.000000000000000,0.0000000000000000
82.000000000000000,29.000000000000000,0.0000000000000000
83.000000000000000,29.000000000000000,0.0000000000000000
84.000000000000000,29.000000000000000,0.0000000000000000
85.000000000000000,29.000000000000000,0.0000000000000000
86.000000000000000,29.000000000000000,0.0000000000000000
87.000000000000000,29.000000000000000,0.0000000000000000
88.000000000000000,29.000000000000000,0.0000000000000000
89.000000000000000,29.000000000000000,0.0000000000000000
90.000000000000000,29.000000000000000,0.0000000000000000
91.000000000000000,29.000000000000000,0.0000000000000000
92.000000000000000,29.000000000000000,0.0000000000000000
93.000000000000000,29.000000000000000,0.0000000000000000
94.000000000000000,29.000000000000000,0.0000000000000000
95.000000000000000,29.000000000000000,0.0000000000000000
96.000000000000000,29.000000000000000,0.0000000000000000
97.000000000000000,29.000000000000000,0.0000000000000000
98.000000000000000,29.000000000000000,0.0000000000000000
99.000000000000000,29.000000000000000,3.5000000000000000
100.00000000000000,29.000000000000000,3.5000000000000000
101.00000000000000,29.000000000000000,3.5000000000000000
102.00000000000000,29.000000000000000,3.7999999523162842
103.00000000000000,29.000000000000000,0.0000000000000000
104.00000000000000,29.000000000000000,0.0000000000000000
105.00000000000000,29.000000000000000,3.7999999523162842
106.00000000000000,29.000000000000000,3.7999999523162842
107.00000000000000,29.000000000000000,3.7999999523162842
108.00000000000000,29.000000000000000,3.7999999523162842
109.00000000000000,29.000000000000000,3.7999999523162842
110.00000000000000,29.000000000000000,0.0000000000000000
111.00000000000000,29.000000000000000,0.0000000000000000
112.00000000000000,29.000000000000000,0.0000000000000000
113.00000000000000,29.000000000000000,0.0000000000000000
1.0000000000000000,30.000000000000000,0.0000000000000000
2.0000000000000000,30.000000000000000,0.0000000000000000
3.0000000000000000,30.000000000000000,0.0000000000000000
4.0000000000000000,30.000000000000000,0.0000000000000000
5.0000000000000000,30.000000000000000,0.0000000000000000
6.0000000000000000,30.000000000000000,0.0000000000000000
7.0000000000000000,30.000000000000000,0.0000000000000000
8.0000000000000000,30.000000000000000,0.0000000000000000
9.0000000000000000,30.000000000000000,0.0000000000000000
10.000000000000000,30.000000000000000,0.0000000000000000
11.000000000000000,30.000000000000000,0.0000000000000000
12.000000000000000,30.000000000000000,0.0000000000000000
13.000000000000000,30.000000000000000,0.0000000000000000
14.000000000000000,30.000000000000000,0.0000000000000000
15.000000000000000,30.000000000000000,0.0000000000000000
16.000000000000000,30.000000000000000,0.0000000000000000
17.000000000000000,30.000000000000000,0.0000000000000000
18.000000000000000,30.000000000000000,0.0000000000000000
19.000000000000000,30.000000000000000,0.0000000000000000
20.000000000000000,30.000000000000000,0.0000000000000000
21.000000000000000,30.000000000000000,0.0000000000000000
22.000000000000000,30.000000000000000,0.0000000000000000
23.000000000000000,30.000000000000000,0.0000000000000000
24.000000000000000,30.000000000000000,0.0000000000000000
25.000000000000000,30.000000000000000,0.0000000000000000
26.000000000000000,30.000000000000000,0.0000000000000000
27.000000000000000,30.000000000000000,0.0000000000000000
28.000000000000000,30.000000000000000,0.0000000000000000
29.000000000000000,30.000000000000000,0.0000000000000000
30.000000000000000,30.000000000000000,0.0000000000000000
31.000000000000000,30.000000000000000,0.0000000000000000
32.000000000000000,30.000000000000000,0.0000000000000000
33.000000000000000,30.000000000000000,0.0000000000000000
34.000000000000000,30.000000000000000,0.0000000000000000
35.000000000000000,30.000000000000000,0.0000000000000000
36.000000000000000,30.000000000000000,0.0000000000000000
37.000000000000000,30.000000000000000,0.0000000000000000
38.000000000000000,30.000000000000000,0.0000000000000000
39.000000000000000,30.000000000000000,0.0000000000000000
40.000000000000000,30.000000000000000,0.0000000000000000
41.000000000000000,30.000000000000000,0.0000000000000000
42.000000000000000,30.000000000000000,0.0000000000000000
43.000000000000000,30.000000000000000,0.0000000000000000
44.000000000000000,30.000000000000000,0.0000000000000000
45.000000000000000,30.000000000000000,0.0000000000000000
46.000000000000000,30.000000000000000,0.0000000000000000
47.000000000000000,30.000000000000000,0.0000000000000000
48.000000000000000,30.000000000000000,0.0000000000000000
49.000000000000000,30.000000000000000,0.0000000000000000
50.000000000000000,30.000000000000000,0.0000000000000000
51.000000000000000,30.000000000000000,0.0000000000000000
52.000000000000000,30.000000000000000,0.0000000000000000
53.000000000000000,30.000000000000000,0.0000000000000000
54.000000000000000,30.000000000000000,0.0000000000000000
55.000000000000000,30.000000000000000,0.0000000000000000
56.000000000000000,30.000000000000000,0.0000000000000000
57.000000000000000,30.000000000000000,0.0000000000000000
58.000000000000000,30.000000000000000,0.0000000000000000
59.000000000000000,30.000000000000000,0.0000000000000000
60.000000000000000,30.000000000000000,0.0000000000000000
61.000000000000000,30.000000000000000,0.0000000000000000
62.000000000000000,30.000000000000000,0.0000000000000000
63.000000000000000,30.000000000000000,0.0000000000000000
64.000000000000000,30.000000000000000,0.0000000000000000
65.000000000000000,30.000000000000000,0.0000000000000000
66.000000000000000,30.000000000000000,0.0000000000000000
67.000000000000000,30.000000000000000,0.0000000000000000
68.000000000000000,30.000000000000000,0.0000000000000000
69.000000000000000,30.000000000000000,0.0000000000000000
70.000000000000000,30.000000000000000,0.0000000000000000
71.000000000000000,30.000000000000000,0.0000000000000000
72.000000000000000,30.000000000000000,0.0000000000000000
73.000000000000000,30.000000000000000,0.0000000000000000
74.000000000000000,30.000000000000000,0.0000000000000000
75.000000000000000,30.000000000000000,0.0000000000000000
76.000000000000000,30.000000000000000,0.0000000000000000
77.000000000000000,30.000000000000000,0.0000000000000000
78.000000000000000,30.000000000000000,0.0000000000000000
79.000000000000000,30.000000000000000,0.0000000000000000
80.000000000000000,30.000000000000000,0.0000000000000000
81.000000000000000,30.000000000000000,0.0000000000000000
82.000000000000000,30.000000000000000,0.0000000000000000
83.000000000000000,30.000000000000000,0.0000000000000000
84.000000000000000,30.000000000000000,0.0000000000000000
85.000000000000000,30.000000000000000,0.0000000000000000
86.000000000000000,30.000000000000000,0.0000000000000000
87.000000000000000,30.000000000000000,0.0000000000000000
88.000000000000000,30.000000000000000,0.0000000000000000
89.000000000000000,30.000000000000000,0.0000000000000000
90.000000000000000,30.000000000000000,0.0000000000000000
91.000000000000000,30.000000000000000,0.0000000000000000
92.000000000000000,30.000000000000000,0.0000000000000000
93.000000000000000,30.000000000000000,0.0000000000000000
94.000000000000000,30.000000000000000,0.0000000000000000
95.000000000000000,30.000000000000000,0.0000000000000000
96.000000000000000,30.000000000000000,0.0000000000000000
97.000000000000000,30.000000000000000,0.0000000000000000
98.000000000000000,30.000000000000000,0.0000000000000000
99.000000000000000,30.000000000000000,3.5000000000000000
100.00000000000000,30.000000000000000,3.5000000000000000
101.00000000000000,30.000000000000000,3.5000000000000000
102.00000000000000,30.000000000000000,0.0000000000000000
103.00000000000000,30.000000000000000,0.0000000000000000
104.00000000000000,30.000000000000000,0.0000000000000000
105.00000000000000,30.000000000000000,0.0000000000000000
106.00000000000000,30.000000000000000,3.7999999523162842
107.00000000000000,30.000000000000000,3.7999999523162842
108.00000000000000,30.000000000000000,3.7999999523162842
109.00000000000000,30.000000000000000,0.0000000000000000
110.00000000000000,30.000000000000000,0.0000000000000000
111.00000000000000,30.000000000000000,0.0000000000000000
112.00000000000000,30.000000000000000,0.0000000000000000
113.00000000000000,30.000000000000000,0.0000000000000000
1.0000000000000000,31.000000000000000,0.0000000000000000
2.0000000000000000,31.000000000000000,0.0000000000000000
3.0000000000000000,31.000000000000000,0.0000000000000000
4.0000000000000000,31.000000000000000,0.0000000000000000
5.0000000000000000,31.000000000000000,0.0000000000000000
6.0000000000000000,31.000000000000000,0.0000000000000000
7.0000000000000000,31.000000000000000,0.0000000000000000
8.0000000000000000,31.000000000000000,0.0000000000000000
9.0000000000000000,31.000000000000000,0.0000000000000000
10.000000000000000,31.000000000000000,0.0000000000000000
11.000000000000000,31.000000000000000,0.0000000000000000
12.000000000000000,31.000000000000000,0.0000000000000000
13.000000000000000,31.000000000000000,0.0000000000000000
14.000000000000000,31.000000000000000,0.0000000000000000
15.000000000000000,31.000000000000000,0.0000000000000000
16.000000000000000,31.000000000000000,0.0000000000000000
17.000000000000000,31.000000000000000,0.0000000000000000
18.000000000000000,31.000000000000000,0.0000000000000000
19.000000000000000,31.000000000000000,0.0000000000000000
20.000000000000000,31.000000000000000,0.0000000000000000
21.000000000000000,31.000000000000000,0.0000000000000000
22.000000000000000,31.000000000000000,0.0000000000000000
23.000000000000000,31.000000000000000,0.0000000000000000
24.000000000000000,31.000000000000000,0.0000000000000000
25.000000000000000,31.000000000000000,0.0000000000000000
26.000000000000000,31.000000000000000,0.0000000000000000
27.000000000000000,31.000000000000000,0.0000000000000000
28.000000000000000,31.000000000000000,0.0000000000000000
29.000000000000000,31.000000000000000,0.0000000000000000
30.000000000000000,31.000000000000000,0.0000000000000000
31.000000000000000,31.000000000000000,0.0000000000000000
32.000000000000000,31.000000000000000,0.0000000000000000
33.000000000000000,31.000000000000000,0.0000000000000000
34.000000000000000,31.000000000000000,0.0000000000000000
35.000000000000000,31.000000000000000,0.0000000000000000
36.000000000000000,31.000000000000000,0.0000000000000000
37.000000000000000,31.000000000000000,0.0000000000000000
38.000000000000000,31.000000000000000,0.0000000000000000
39.000000000000000,31.000000000000000,0.0000000000000000
40.000000000000000,31.000000000000000,0.0000000000000000
41.000000000000000,31.000000000000000,0.0000000000000000
42.000000000000000,31.000000000000000,0.0000000000000000
43.000000000000000,31.000000000000000,0.0000000000000000
44.000000000000000,31.000000000000000,0.0000000000000000
45.000000000000000,31.000000000000000,0.0000000000000000
46.000000000000000,31.000000000000000,0.0000000000000000
47.000000000000000,31.000000000000000,0.0000000000000000
48.000000000000000,31.000000000000000,0.0000000000000000
49.000000000000000,31.000000000000000,0.0000000000000000
50.000000000000000,31.000000000000000,0.0000000000000000
51.000000000000000,31.000000000000000,0.0000000000000000
52.000000000000000,31.000000000000000,0.0000000000000000
53.000000000000000,31.000000000000000,0.0000000000000000
54.000000000000000,31.000000000000000,0.0000000000000000
55.000000000000000,31.000000000000000,0.0000000000000000
56.000000000000000,31.000000000000000,0.0000000000000000
57.000000000000000,31.000000000000000,0.0000000000000000
58.000000000000000,31.000000000000000,0.0000000000000000
59.000000000000000,31.000000000000000,0.0000000000000000
60.000000000000000,31.000000000000000,0.0000000000000000
61.000000000000000,31.000000000000000,0.0000000000000000
62.000000000000000,31.000000000000000,0.0000000000000000
63.000000000000000,31.000000000000000,0.0000000000000000
64.000000000000000,31.000000000000000,0.0000000000000000
65.000000000000000,31.000000000000000,0.0000000000000000
66.000000000000000,31.000000000000000,0.0000000000000000
67.000000000000000,31.000000000000000,0.0000000000000000
68.000000000000000,31.000000000000000,0.0000000000000000
69.000000000000000,31.000000000000000,0.0000000000000000
70.000000000000000,31.000000000000000,0.0000000000000000
71.000000000000000,31.000000000000000,0.0000000000000000
72.000000000000000,31.000000000000000,0.0000000000000000
73.000000000000000,31.000000000000000,0.0000000000000000
74.000000000000000,31.000000000000000,0.0000000000000000
75.000000000000000,31.000000000000000,0.0000000000000000
76.000000000000000,31.000000000000000,0.0000000000000000
77.000000000000000,31.000000000000000,0.0000000000000000
78.000000000000000,31.000000000000000,0.0000000000000000
79.000000000000000,31.000000000000000,0.0000000000000000
80.000000000000000,31.000000000000000,0.0000000000000000
81.000000000000000,31.000000000000000,0.0000000000000000
82.000000000000000,31.000000000000000,0.0000000000000000
83.000000000000000,31.000000000000000,0.0000000000000000
84.000000000000000,31.000000000000000,0.0000000000000000
85.000000000000000,31.000000000000000,0.0000000000000000
86.000000000000000,31.000000000000000,0.0000000000000000
87.000000000000000,31.000000000000000,0.0000000000000000
88.000000000000000,31.000000000000000,0.0000000000000000
89.000000000000000,31.000000000000000,0.0000000000000000
90.000000000000000,31.000000000000000,0.0000000000000000
91.000000000000000,31.000000000000000,0.0000000000000000
92.000000000000000,31.000000000000000,0.0000000000000000
93.000000000000000,31.000000000000000,0.0000000000000000
94.000000000000000,31.000000000000000,0.0000000000000000
95.000000000000000,31.000000000000000,0.0000000000000000
96.000000000000000,31.000000000000000,0.0000000000000000
97.000000000000000,31.000000000000000,0.0000000000000000
98.000000000000000,31.000000000000000,0.0000000000000000
99.000000000000000,31.000000000000000,3.5000000000000000
100.00000000000000,31.000000000000000,3.5000000000000000
101.00000000000000,31.000000000000000,0.0000000000000000
102.00000000000000,31.000000000000000,0.0000000000000000
103.00000000000000,31.000000000000000,0.0000000000000000
104.00000000000000,31.000000000000000,0.0000000000000000
105.00000000000000,31.000000000000000,0.0000000000000000
106.00000000000000,31.000000000000000,0.0000000000000000
107.00000000000000,31.000000000000000,0.0000000000000000
108.00000000000000,31.000000000000000,0.0000000000000000
109.00000000000000,31.000000000000000,0.0000000000000000
110.00000000000000,31.000000000000000,0.0000000000000000
111.00000000000000,31.000000000000000,0.0000000000000000
112.00000000000000,31.000000000000000,0.0000000000000000
113.00000000000000,31.000000000000000,0.0000000000000000
1.0000000000000000,32.000000000000000,0.0000000000000000
2.0000000000000000,32.000000000000000,0.0000000000000000
3.0000000000000000,32.000000000000000,0.0000000000000000
4.0000000000000000,32.000000000000000,0.0000000000000000
5.0000000000000000,32.000000000000000,0.0000000000000000
6.0000000000000000,32.000000000000000,0.0000000000000000
7.0000000000000000,32.000000000000000,0.0000000000000000
8.0000000000000000,32.000000000000000,0.0000000000000000
9.0000000000000000,32.000000000000000,0.0000000000000000
10.000000000000000,32.000000000000000,0.0000000000000000
11.000000000000000,32.000000000000000,0.0000000000000000
12.000000000000000,32.000000000000000,0.0000000000000000
13.000000000000000,32.000000000000000,0.0000000000000000
14.000000000000000,32.000000000000000,0.0000000000000000
15.000000000000000,32.000000000000000,0.0000000000000000
16.000000000000000,32.000000000000000,0.0000000000000000
17.000000000000000,32.000000000000000,0.0000000000000000
18.000000000000000,32.000000000000000,0.0000000000000000
19.000000000000000,32.000000000000000,0.0000000000000000
20.000000000000000,32.000000000000000,0.0000000000000000
21.000000000000000,32.000000000000000,0.0000000000000000
22.000000000000000,32.000000000000000,0.0000000000000000
23.000000000000000,32.000000000000000,0.0000000000000000
24.000000000000000,32.000000000000000,0.0000000000000000
25.000000000000000,32.000000000000000,0.0000000000000000
26.000000000000000,32.000000000000000,0.0000000000000000
27.000000000000000,32.000000000000000,0.0000000000000000
28.000000000000000,32.000000000000000,0.0000000000000000
29.000000000000000,32.000000000000000,0.0000000000000000
30.000000000000000,32.000000000000000,0.0000000000000000
31.000000000000000,32.000000000000000,0.0000000000000000
32.000000000000000,32.000000000000000,0.0000000000000000
33.000000000000000,32.000000000000000,0.0000000000000000
34.000000000000000,32.000000000000000,0.0000000000000000
35.000000000000000,32.000000000000000,0.0000000000000000
36.000000000000000,32.000000000000000,0.0000000000000000
37.000000000000000,32.000000000000000,0.0000000000000000
38.000000000000000,32.000000000000000,0.0000000000000000
39.000000000000000,32.000000000000000,0.0000000000000000
40.000000000000000,32.000000000000000,0.0000000000000000
41.000000000000000,32.000000000000000,0.0000000000000000
42.000000000000000,32.000000000000000,0.0000000000000000
43.000000000000000,32.000000000000000,0.0000000000000000
44.000000000000000,32.000000000000000,0.0000000000000000
45.000000000000000,32.000000000000000,0.0000000000000000
46.000000000000000,32.000000000000000,0.0000000000000000
47.000000000000000,32.000000000000000,0.0000000000000000
48.000000000000000,32.000000000000000,0.0000000000000000
49.000000000000000,32.000000000000000,0.0000000000000000
50.000000000000000,32.000000000000000,0.0000000000000000
51.000000000000000,32.000000000000000,0.0000000000000000
52.000000000000000,32.000000000000000,0.0000000000000000
53.000000000000000,32.000000000000000,0.0000000000000000
54.000000000000000,32.000000000000000,0.0000000000000000
55.000000000000000,32.000000000000000,0.0000000000000000
56.000000000000000,32.000000000000000,0.0000000000000000
57.000000000000000,32.000000000000000,0.0000000000000000
58.000000000000000,32.000000000000000,0.0000000000000000
59.000000000000000,32.000000000000000,0.0000000000000000
60.000000000000000,32.000000000000000,0.0000000000000000
61.000000000000000,32.000000000000000,0.0000000000000000
62.000000000000000,32.000000000000000,0.0000000000000000
63.000000000000000,32.000000000000000,0.0000000000000000
64.000000000000000,32.000000000000000,0.0000000000000000
65.000000000000000,32.000000000000000,0.0000000000000000
66.000000000000000,32.000000000000000,0.0000000000000000
67.000000000000000,32.000000000000000,0.0000000000000000
68.000000000000000,32.000000000000000,0.0000000000000000
69.000000000000000,32.000000000000000,0.0000000000000000
70.000000000000000,32.000000000000000,0.0000000000000000
71.000000000000000,32.000000000000000,0.0000000000000000
72.000000000000000,32.000000000000000,0.0000000000000000
73.000000000000000,32.000000000000000,0.0000000000000000
74.000000000000000,32.000000000000000,0.0000000000000000
75.000000000000000,32.000000000000000,0.0000000000000000
76.000000000000000,32.000000000000000,0.0000000000000000
77.000000000000000,32.000000000000000,0.0000000000000000
78.000000000000000,32.000000000000000,0.0000000000000000
79.000000000000000,32.000000000000000,0.0000000000000000
80.000000000000000,32.000000000000000,0.0000000000000000
81.000000000000000,32.000000000000000,0.0000000000000000
82.000000000000000,32.000000000000000,0.0000000000000000
83.000000000000000,32.000000000000000,0.0000000000000000
84.000000000000000,32.000000000000000,0.0000000000000000
85.000000000000000,32.000000000000000,0.0000000000000000
86.000000000000000,32.000000000000000,0.0000000000000000
87.000000000000000,32.000000000000000,0.0000000000000000
88.000000000000000,32.000000000000000,0.0000000000000000
89.000000000000000,32.000000000000000,0.0000000000000000
90.000000000000000,32.000000000000000,1.2999999523162842
91.000000000000000,32.000000000000000,0.0000000000000000
92.000000000000000,32.000000000000000,0.0000000000000000
93.000000000000000,32.000000000000000,0.0000000000000000
94.000000000000000,32.000000000000000,0.0000000000000000
95.000000000000000,32.000000000000000,2.2000000476837158
96.000000000000000,32.000000000000000,0.0000000000000000
97.000000000000000,32.000000000000000,0.0000000000000000
98.000000000000000,32.000000000000000,0.0000000000000000
99.000000000000000,32.000000000000000,0.0000000000000000
100.00000000000000,32.000000000000000,0.0000000000000000
101.00000000000000,32.000000000000000,0.0000000000000000
102.00000000000000,32.000000000000000,0.0000000000000000
103.00000000000000,32.000000000000000,0.0000000000000000
104.00000000000000,32.000000000000000,0.0000000000000000
105.00000000000000,32.000000000000000,0.0000000000000000
106.00000000000000,32.000000000000000,0.0000000000000000
107.00000000000000,32.000000000000000,0.0000000000000000
108.00000000000000,32.000000000000000,0.0000000000000000
109.00000000000000,32.000000000000000,0.0000000000000000
110.00000000000000,32.000000000000000,0.0000000000000000
111.00000000000000,32.000000000000000,0.0000000000000000
112.00000000000000,32.000000000000000,0.0000000000000000
113.00000000000000,32.000000000000000,0.0000000000000000
1.0000000000000000,33.000000000000000,0.0000000000000000
2.0000000000000000,33.000000000000000,0.0000000000000000
3.0000000000000000,33.000000000000000,0.0000000000000000
4.0000000000000000,33.000000000000000,0.0000000000000000
5.0000000000000000,33.000000000000000,0.0000000000000000
6.0000000000000000,33.000000000000000,0.0000000000000000
7.0000000000000000,33.000000000000000,0.0000000000000000
8.0000000000000000,33.000000000000000,0.0000000000000000
9.0000000000000000,33.000000000000000,0.0000000000000000
10.000000000000000,33.000000000000000,0.0000000000000000
11.000000000000000,33.000000000000000,0.0000000000000000
12.000000000000000,33.000000000000000,0.0000000000000000
13.000000000000000,33.000000000000000,0.0000000000000000
14.000000000000000,33.000000000000000,0.0000000000000000
15.000000000000000,33.000000000000000,0.0000000000000000
16.000000000000000,33.000000000000000,0.0000000000000000
17.000000000000000,33.000000000000000,0.0000000000000000
18.000000000000000,33.000000000000000,0.0000000000000000
19.000000000000000,33.000000000000000,0.0000000000000000
20.000000000000000,33.000000000000000,0.0000000000000000
21.000000000000000,33.000000000000000,0.0000000000000000
22.000000000000000,33.000000000000000,0.0000000000000000
23.000000000000000,33.000000000000000,0.0000000000000000
24.000000000000000,33.000000000000000,0.0000000000000000
25.000000000000000,33.000000000000000,0.0000000000000000
26.000000000000000,33.000000000000000,0.0000000000000000
27.000000000000000,33.000000000000000,0.0000000000000000
28.000000000000000,33.000000000000000,0.0000000000000000
29.000000000000000,33.000000000000000,0.0000000000000000
30.000000000000000,33.000000000000000,0.0000000000000000
31.000000000000000,33.000000000000000,0.0000000000000000
32.000000000000000,33.000000000000000,0.0000000000000000
33.000000000000000,33.000000000000000,0.0000000000000000
34.000000000000000,33.000000000000000,0.0000000000000000
35.000000000000000,33.000000000000000,0.0000000000000000
36.000000000000000,33.000000000000000,0.0000000000000000
37.000000000000000,33.000000000000000,0.0000000000000000
38.000000000000000,33.000000000000000,0.0000000000000000
39.000000000000000,33.000000000000000,0.0000000000000000
40.000000000000000,33.000000000000000,0.0000000000000000
41.000000000000000,33.000000000000000,0.0000000000000000
42.000000000000000,33.000000000000000,0.0000000000000000
43.000000000000000,33.000000000000000,0.0000000000000000
44.000000000000000,33.000000000000000,0.0000000000000000
45.000000000000000,33.000000000000000,0.0000000000000000
46.000000000000000,33.000000000000000,0.0000000000000000
47.000000000000000,33.000000000000000,0.0000000000000000
48.000000000000000,33.000000000000000,0.0000000000000000
49.000000000000000,33.000000000000000,0.0000000000000000
50.000000000000000,33.000000000000000,0.0000000000000000
51.000000000000000,33.000000000000000,0.0000000000000000
52.000000000000000,33.000000000000000,0.0000000000000000
53.000000000000000,33.000000000000000,0.0000000000000000
54.000000000000000,33.000000000000000,0.0000000000000000
55.000000000000000,33.000000000000000,0.0000000000000000
56.000000000000000,33.000000000000000,0.0000000000000000
57.000000000000000,33.000000000000000,0.0000000000000000
58.000000000000000,33.000000000000000,0.0000000000000000
59.000000000000000,33.000000000000000,0.0000000000000000
60.000000000000000,33.000000000000000,0.0000000000000000
61.000000000000000,33.000000000000000,0.0000000000000000
62.000000000000000,33.000000000000000,0.0000000000000000
63.000000000000000,33.000000000000000,0.0000000000000000
64.000000000000000,33.000000000000000,0.0000000000000000
65.000000000000000,33.000000000000000,0.0000000000000000
66.000000000000000,33.000000000000000,0.0000000000000000
67.000000000000000,33.000000000000000,0.0000000000000000
68.000000000000000,33.000000000000000,0.0000000000000000
69.000000000000000,33.000000000000000,0.0000000000000000
70.000000000000000,33.000000000000000,0.0000000000000000
71.000000000000000,33.000000000000000,0.0000000000000000
72.000000000000000,33.000000000000000,0.0000000000000000
73.000000000000000,33.000000000000000,0.0000000000000000
74.000000000000000,33.000000000000000,0.0000000000000000
75.000000000000000,33.000000000000000,0.0000000000000000
76.000000000000000,33.000000000000000,0.0000000000000000
77.000000000000000,33.000000000000000,0.0000000000000000
78.000000000000000,33.000000000000000,0.0000000000000000
79.000000000000000,33.000000000000000,0.0000000000000000
80.000000000000000,33.000000000000000,0.0000000000000000
81.000000000000000,33.000000000000000,0.0000000000000000
82.000000000000000,33.000000000000000,0.0000000000000000
83.000000000000000,33.000000000000000,0.0000000000000000
84.000000000000000,33.000000000000000,0.0000000000000000
85.000000000000000,33.000000000000000,0.0000000000000000
86.000000000000000,33.000000000000000,0.0000000000000000
87.000000000000000,33.000000000000000,0.0000000000000000
88.000000000000000,33.000000000000000,0.0000000000000000
89.000000000000000,33.000000000000000,0.0000000000000000
90.000000000000000,33.000000000000000,1.2999999523162842
91.000000000000000,33.000000000000000,0.0000000000000000
92.000000000000000,33.000000000000000,0.0000000000000000
93.000000000000000,33.000000000000000,0.0000000000000000
94.000000000000000,33.000000000000000,0.0000000000000000
95.000000000000000,33.000000000000000,0.0000000000000000
96.000000000000000,33.000000000000000,0.0000000000000000
97.000000000000000,33.000000000000000,0.0000000000000000
98.000000000000000,33.000000000000000,0.0000000000000000
99.000000000000000,33.000000000000000,0.0000000000000000
100.00000000000000,33.000000000000000,0.0000000000000000
101.00000000000000,33.000000000000000,0.0000000000000000
102.00000000000000,33.000000000000000,0.0000000000000000
103.00000000000000,33.000000000000000,0.0000000000000000
104.00000000000000,33.000000000000000,0.0000000000000000
105.00000000000000,33.000000000000000,0.0000000000000000
106.00000000000000,33.000000000000000,0.0000000000000000
107.00000000000000,33.000000000000000,0.0000000000000000
108.00000000000000,33.000000000000000,0.0000000000000000
109.00000000000000,33.000000000000000,0.0000000000000000
110.00000000000000,33.000000000000000,0.0000000000000000
111.00000000000000,33.000000000000000,0.0000000000000000
112.00000000000000,33.000000000000000,0.0000000000000000
113.00000000000000,33.000000000000000,0.0000000000000000
1.0000000000000000,34.000000000000000,0.0000000000000000
2.0000000000000000,34.000000000000000,0.0000000000000000
3.0000000000000000,34.000000000000000,0.0000000000000000
4.0000000000000000,34.000000000000000,0.0000000000000000
5.0000000000000000,34.000000000000000,0.0000000000000000
6.0000000000000000,34.000000000000000,0.0000000000000000
7.0000000000000000,34.000000000000000,0.0000000000000000
8.0000000000000000,34.000000000000000,0.0000000000000000
9.0000000000000000,34.000000000000000,0.0000000000000000
10.000000000000000,34.000000000000000,0.0000000000000000
11.000000000000000,34.000000000000000,0.0000000000000000
12.000000000000000,34.000000000000000,0.0000000000000000
13.000000000000000,34.000000000000000,0.0000000000000000
14.000000000000000,34.000000000000000,0.0000000000000000
15.000000000000000,34.000000000000000,0.0000000000000000
16.000000000000000,34.000000000000000,0.0000000000000000
17.000000000000000,34.000000000000000,0.0000000000000000
18.000000000000000,34.000000000000000,0.0000000000000000
19.000000000000000,34.000000000000000,0.0000000000000000
20.000000000000000,34.000000000000000,0.0000000000000000
21.000000000000000,34.000000000000000,0.0000000000000000
22.000000000000000,34.000000000000000,0.0000000000000000
23.000000000000000,34.000000000000000,0.0000000000000000
24.000000000000000,34.000000000000000,0.0000000000000000
25.000000000000000,34.000000000000000,0.0000000000000000
26.000000000000000,34.000000000000000,0.0000000000000000
27.000000000000000,34.000000000000000,0.0000000000000000
28.000000000000000,34.000000000000000,0.0000000000000000
29.000000000000000,34.000000000000000,0.0000000000000000
30.000000000000000,34.000000000000000,0.0000000000000000
31.000000000000000,34.000000000000000,0.0000000000000000
32.000000000000000,34.000000000000000,0.0000000000000000
33.000000000000000,34.000000000000000,0.0000000000000000
34.000000000000000,34.000000000000000,0.0000000000000000
35.000000000000000,34.000000000000000,0.0000000000000000
36.000000000000000,34.000000000000000,0.0000000000000000
37.000000000000000,34.000000000000000,0.0000000000000000
38.000000000000000,34.000000000000000,0.0000000000000000
39.000000000000000,34.000000000000000,0.0000000000000000
40.000000000000000,34.000000000000000,0.0000000000000000
41.000000000000000,34.000000000000000,0.0000000000000000
42.000000000000000,34.000000000000000,0.0000000000000000
43.000000000000000,34.000000000000000,0.0000000000000000
44.000000000000000,34.000000000000000,0.0000000000000000
45.000000000000000,34.000000000000000,0.0000000000000000
46.000000000000000,34.000000000000000,0.0000000000000000
47.000000000000000,34.000000000000000,0.0000000000000000
48.000000000000000,34.000000000000000,0.0000000000000000
49.000000000000000,34.000000000000000,0.0000000000000000
50.000000000000000,34.000000000000000,0.0000000000000000
51.000000000000000,34.000000000000000,0.0000000000000000
52.000000000000000,34.000000000000000,0.0000000000000000
53.000000000000000,34.000000000000000,0.0000000000000000
54.000000000000000,34.000000000000000,0.0000000000000000
55.000000000000000,34.000000000000000,0.0000000000000000
56.000000000000000,34.000000000000000,0.0000000000000000
57.000000000000000,34.000000000000000,0.0000000000000000
58.000000000000000,34.000000000000000,0.0000000000000000
59.000000000000000,34.000000000000000,0.0000000000000000
60.000000000000000,34.000000000000000,0.0000000000000000
61.000000000000000,34.000000000000000,0.0000000000000000
62.000000000000000,34.000000000000000,0.0000000000000000
63.000000000000000,34.000000000000000,0.0000000000000000
64.000000000000000,34.000000000000000,0.0000000000000000
65.000000000000000,34.000000000000000,0.0000000000000000
66.000000000000000,34.000000000000000,0.0000000000000000
67.000000000000000,34.000000000000000,0.0000000000000000
68.000000000000000,34.000000000000000,0.0000000000000000
69.000000000000000,34.000000000000000,0.0000000000000000
70.000000000000000,34.000000000000000,0.0000000000000000
71.000000000000000,34.000000000000000,0.0000000000000000
72.000000000000000,34.000000000000000,0.0000000000000000
73.000000000000000,34.000000000000000,0.0000000000000000
74.000000000000000,34.000000000000000,0.0000000000000000
75.000000000000000,34.000000000000000,0.0000000000000000
76.000000000000000,34.000000000000000,0.0000000000000000
77.000000000000000,34.000000000000000,0.0000000000000000
78.000000000000000,34.000000000000000,0.0000000000000000
79.000000000000000,34.000000000000000,0.0000000000000000
80.000000000000000,34.000000000000000,0.0000000000000000
81.000000000000000,34.000000000000000,0.0000000000000000
82.000000000000000,34.000000000000000,0.0000000000000000
83.000000000000000,34.000000000000000,0.0000000000000000
84.000000000000000,34.000000000000000,0.0000000000000000
85.000000000000000,34.000000000000000,0.0000000000000000
86.000000000000000,34.000000000000000,0.0000000000000000
87.000000000000000,34.000000000000000,0.0000000000000000
88.000000000000000,34.000000000000000,0.0000000000000000
89.000000000000000,34.000000000000000,0.0000000000000000
90.000000000000000,34.000000000000000,1.2999999523162842
91.000000000000000,34.000000000000000,0.0000000000000000
92.000000000000000,34.000000000000000,0.0000000000000000
93.000000000000000,34.000000000000000,0.0000000000000000
94.000000000000000,34.000000000000000,0.0000000000000000
95.000000000000000,34.000000000000000,0.0000000000000000
96.000000000000000,34.000000000000000,0.0000000000000000
97.000000000000000,34.000000000000000,0.0000000000000000
98.000000000000000,34.000000000000000,0.0000000000000000
99.000000000000000,34.000000000000000,0.0000000000000000
100.00000000000000,34.000000000000000,0.0000000000000000
101.00000000000000,34.000000000000000,0.0000000000000000
102.00000000000000,34.000000000000000,0.0000000000000000
103.00000000000000,34.000000000000000,0.0000000000000000
104.00000000000000,34.000000000000000,0.0000000000000000
105.00000000000000,34.000000000000000,0.0000000000000000
106.00000000000000,34.000000000000000,0.0000000000000000
107.00000000000000,34.000000000000000,0.0000000000000000
108.00000000000000,34.000000000000000,0.0000000000000000
109.00000000000000,34.000000000000000,0.0000000000000000
110.00000000000000,34.000000000000000,0.0000000000000000
111.00000000000000,34.000000000000000,0.0000000000000000
112.00000000000000,34.000000000000000,0.0000000000000000
113.00000000000000,34.000000000000000,0.0000000000000000
1.0000000000000000,35.000000000000000,0.0000000000000000
2.0000000000000000,35.000000000000000,0.0000000000000000
3.0000000000000000,35.000000000000000,0.0000000000000000
4.0000000000000000,35.000000000000000,0.0000000000000000
5.0000000000000000,35.000000000000000,0.0000000000000000
6.0000000000000000,35.000000000000000,0.0000000000000000
7.0000000000000000,35.000000000000000,0.0000000000000000
8.0000000000000000,35.000000000000000,0.0000000000000000
9.0000000000000000,35.000000000000000,0.0000000000000000
10.000000000000000,35.000000000000000,0.0000000000000000
11.000000000000000,35.000000000000000,0.0000000000000000
12.000000000000000,35.000000000000000,0.0000000000000000
13.000000000000000,35.000000000000000,0.0000000000000000
14.000000000000000,35.000000000000000,0.0000000000000000
15.000000000000000,35.000000000000000,0.0000000000000000
16.000000000000000,35.000000000000000,0.0000000000000000
17.000000000000000,35.000000000000000,0.0000000000000000
18.000000000000000,35.000000000000000,0.0000000000000000
19.000000000000000,35.000000000000000,0.0000000000000000
20.000000000000000,35.000000000000000,0.0000000000000000
21.000000000000000,35.000000000000000,0.0000000000000000
22.000000000000000,35.000000000000000,0.0000000000000000
23.000000000000000,35.000000000000000,0.0000000000000000
24.000000000000000,35.000000000000000,0.0000000000000000
25.000000000000000,35.000000000000000,0.0000000000000000
26.000000000000000,35.000000000000000,0.0000000000000000
27.000000000000000,35.000000000000000,0.0000000000000000
28.000000000000000,35.000000000000000,0.0000000000000000
29.000000000000000,35.000000000000000,0.0000000000000000
30.000000000000000,35.000000000000000,0.0000000000000000
31.000000000000000,35.000000000000000,0.0000000000000000
32.000000000000000,35.000000000000000,0.0000000000000000
33.000000000000000,35.000000000000000,0.0000000000000000
34.000000000000000,35.000000000000000,0.0000000000000000
35.000000000000000,35.000000000000000,0.0000000000000000
36.000000000000000,35.000000000000000,0.0000000000000000
37.000000000000000,35.000000000000000,0.0000000000000000
38.000000000000000,35.000000000000000,0.0000000000000000
39.000000000000000,35.000000000000000,0.0000000000000000
40.000000000000000,35.000000000000000,0.0000000000000000
41.000000000000000,35.000000000000000,0.0000000000000000
42.000000000000000,35.000000000000000,0.0000000000000000
43.000000000000000,35.000000000000000,0.0000000000000000
44.000000000000000,35.000000000000000,0.0000000000000000
45.000000000000000,35.000000000000000,0.0000000000000000
46.000000000000000,35.000000000000000,0.0000000000000000
47.000000000000000,35.000000000000000,0.0000000000000000
48.000000000000000,35.000000000000000,0.0000000000000000
49.000000000000000,35.000000000000000,0.0000000000000000
50.000000000000000,35.000000000000000,0.0000000000000000
51.000000000000000,35.000000000000000,0.0000000000000000
52.000000000000000,35.000000000000000,0.0000000000000000
53.000000000000000,35.000000000000000,0.0000000000000000
54.000000000000000,35.000000000000000,0.0000000000000000
55.000000000000000,35.000000000000000,0.0000000000000000
56.000000000000000,35.000000000000000,0.0000000000000000
57.000000000000000,35.000000000000000,0.0000000000000000
58.000000000000000,35.000000000000000,0.0000000000000000
59.000000000000000,35.000000000000000,0.0000000000000000
60.000000000000000,35.000000000000000,0.0000000000000000
61.000000000000000,35.000000000000000,0.0000000000000000
62.000000000000000,35.000000000000000,0.0000000000000000
63.000000000000000,35.000000000000000,0.0000000000000000
64.000000000000000,35.000000000000000,0.0000000000000000
65.000000000000000,35.000000000000000,0.0000000000000000
66.000000000000000,35.000000000000000,0.0000000000000000
67.000000000000000,35.000000000000000,0.0000000000000000
68.000000000000000,35.000000000000000,0.0000000000000000
69.000000000000000,35.000000000000000,0.0000000000000000
70.000000000000000,35.000000000000000,0.0000000000000000
71.000000000000000,35.000000000000000,0.0000000000000000
72.000000000000000,35.000000000000000,0.0000000000000000
73.000000000000000,35.000000000000000,0.0000000000000000
74.000000000000000,35.000000000000000,0.0000000000000000
75.000000000000000,35.000000000000000,0.0000000000000000
76.000000000000000,35.000000000000000,0.0000000000000000
77.000000000000000,35.000000000000000,0.0000000000000000
78.000000000000000,35.000000000000000,0.0000000000000000
79.000000000000000,35.000000000000000,0.0000000000000000
80.000000000000000,35.000000000000000,0.0000000000000000
81.000000000000000,35.000000000000000,0.0000000000000000
82.000000000000000,35.000000000000000,0.0000000000000000
83.000000000000000,35.000000000000000,0.0000000000000000
84.000000000000000,35.000000000000000,0.0000000000000000
85.000000000000000,35.000000000000000,0.0000000000000000
86.000000000000000,35.000000000000000,0.0000000000000000
87.000000000000000,35.000000000000000,0.0000000000000000
88.000000000000000,35.000000000000000,0.0000000000000000
89.000000000000000,35.000000000000000,0.0000000000000000
90.000000000000000,35.000000000000000,2.2000000476837158
91.000000000000000,35.000000000000000,0.0000000000000000
92.000000000000000,35.000000000000000,0.0000000000000000
93.000000000000000,35.000000000000000,0.0000000000000000
94.000000000000000,35.000000000000000,0.0000000000000000
95.000000000000000,35.000000000000000,0.0000000000000000
96.000000000000000,35.000000000000000,0.0000000000000000
97.000000000000000,35.000000000000000,0.0000000000000000
98.000000000000000,35.000000000000000,0.0000000000000000
99.000000000000000,35.000000000000000,0.0000000000000000
100.00000000000000,35.000000000000000,0.0000000000000000
101.00000000000000,35.000000000000000,0.0000000000000000
102.00000000000000,35.000000000000000,0.0000000000000000
103.00000000000000,35.000000000000000,0.0000000000000000
104.00000000000000,35.000000000000000,0.0000000000000000
105.00000000000000,35.000000000000000,0.0000000000000000
106.00000000000000,35.000000000000000,0.0000000000000000
107.00000000000000,35.000000000000000,0.0000000000000000
108.00000000000000,35.000000000000000,0.0000000000000000
109.00000000000000,35.000000000000000,0.0000000000000000
110.00000000000000,35.000000000000000,0.0000000000000000
111.00000000000000,35.000000000000000,0.0000000000000000
112.00000000000000,35.000000000000000,0.0000000000000000
113.00000000000000,35.000000000000000,0.0000000000000000
1.0000000000000000,36.000000000000000,0.0000000000000000
2.0000000000000000,36.000000000000000,0.0000000000000000
3.0000000000000000,36.000000000000000,0.0000000000000000
4.0000000000000000,36.000000000000000,0.0000000000000000
5.0000000000000000,36.000000000000000,0.0000000000000000
6.0000000000000000,36.000000000000000,0.0000000000000000
7.0000000000000000,36.000000000000000,0.0000000000000000
8.0000000000000000,36.000000000000000,0.0000000000000000
9.0000000000000000,36.000000000000000,0.0000000000000000
10.000000000000000,36.000000000000000,0.0000000000000000
11.000000000000000,36.000000000000000,0.0000000000000000
12.000000000000000,36.000000000000000,0.0000000000000000
13.000000000000000,36.000000000000000,0.0000000000000000
14.000000000000000,36.000000000000000,0.0000000000000000
15.000000000000000,36.000000000000000,0.0000000000000000
16.000000000000000,36.000000000000000,0.0000000000000000
17.000000000000000,36.000000000000000,0.0000000000000000
18.000000000000000,36.000000000000000,0.0000000000000000
19.000000000000000,36.000000000000000,0.0000000000000000
20.000000000000000,36.000000000000000,0.0000000000000000
21.000000000000000,36.000000000000000,0.0000000000000000
22.000000000000000,36.000000000000000,0.0000000000000000
23.000000000000000,36.000000000000000,0.0000000000000000
24.000000000000000,36.000000000000000,0.0000000000000000
25.000000000000000,36.000000000000000,0.0000000000000000
26.000000000000000,36.000000000000000,0.0000000000000000
27.000000000000000,36.000000000000000,0.0000000000000000
28.000000000000000,36.000000000000000,0.0000000000000000
29.000000000000000,36.000000000000000,0.0000000000000000
30.000000000000000,36.000000000000000,0.0000000000000000
31.000000000000000,36.000000000000000,0.0000000000000000
32.000000000000000,36.000000000000000,0.0000000000000000
33.000000000000000,36.000000000000000,0.0000000000000000
34.000000000000000,36.000000000000000,0.0000000000000000
35.000000000000000,36.000000000000000,0.0000000000000000
36.000000000000000,36.000000000000000,0.0000000000000000
37.000000000000000,36.000000000000000,0.0000000000000000
38.000000000000000,36.000000000000000,0.0000000000000000
39.000000000000000,36.000000000000000,0.0000000000000000
40.000000000000000,36.000000000000000,0.0000000000000000
41.000000000000000,36.000000000000000,0.0000000000000000
42.000000000000000,36.000000000000000,0.0000000000000000
43.000000000000000,36.000000000000000,0.0000000000000000
44.000000000000000,36.000000000000000,0.0000000000000000
45.000000000000000,36.000000000000000,0.0000000000000000
46.000000000000000,36.000000000000000,0.0000000000000000
47.000000000000000,36.000000000000000,0.0000000000000000
48.000000000000000,36.000000000000000,0.0000000000000000
49.000000000000000,36.000000000000000,0.0000000000000000
50.000000000000000,36.000000000000000,0.0000000000000000
51.000000000000000,36.000000000000000,0.0000000000000000
52.000000000000000,36.000000000000000,0.0000000000000000
53.000000000000000,36.000000000000000,0.0000000000000000
54.000000000000000,36.000000000000000,0.0000000000000000
55.000000000000000,36.000000000000000,0.0000000000000000
56.000000000000000,36.000000000000000,0.0000000000000000
57.000000000000000,36.000000000000000,0.0000000000000000
58.000000000000000,36.000000000000000,0.0000000000000000
59.000000000000000,36.000000000000000,0.0000000000000000
60.000000000000000,36.000000000000000,0.0000000000000000
61.000000000000000,36.000000000000000,0.0000000000000000
62.000000000000000,36.000000000000000,0.0000000000000000
63.000000000000000,36.000000000000000,0.0000000000000000
64.000000000000000,36.000000000000000,0.0000000000000000
65.000000000000000,36.000000000000000,0.0000000000000000
66.000000000000000,36.000000000000000,0.0000000000000000
67.000000000000000,36.000000000000000,0.0000000000000000
68.000000000000000,36.000000000000000,0.0000000000000000
69.000000000000000,36.000000000000000,0.0000000000000000
70.000000000000000,36.000000000000000,0.0000000000000000
71.000000000000000,36.000000000000000,0.0000000000000000
72.000000000000000,36.000000000000000,0.0000000000000000
73.000000000000000,36.000000000000000,0.0000000000000000
74.000000000000000,36.000000000000000,0.0000000000000000
75.000000000000000,36.000000000000000,0.0000000000000000
76.000000000000000,36.000000000000000,0.0000000000000000
77.000000000000000,36.000000000000000,0.0000000000000000
78.000000000000000,36.000000000000000,0.0000000000000000
79.000000000000000,36.000000000000000,0.0000000000000000
80.000000000000000,36.000000000000000,0.0000000000000000
81.000000000000000,36.000000000000000,0.0000000000000000
82.000000000000000,36.000000000000000,0.0000000000000000
83.000000000000000,36.000000000000000,0.0000000000000000
84.000000000000000,36.000000000000000,0.0000000000000000
85.000000000000000,36.000000000000000,0.0000000000000000
86.000000000000000,36.000000000000000,0.0000000000000000
87.000000000000000,36.000000000000000,0.0000000000000000
88.000000000000000,36.000000000000000,0.0000000000000000
89.000000000000000,36.000000000000000,0.0000000000000000
90.000000000000000,36.000000000000000,2.2000000476837158
91.000000000000000,36.000000000000000,2.2000000476837158
92.000000000000000,36.000000000000000,0.0000000000000000
93.000000000000000,36.000000000000000,0.0000000000000000
94.000000000000000,36.000000000000000,0.0000000000000000
95.000000000000000,36.000000000000000,0.0000000000000000
96.000000000000000,36.000000000000000,0.0000000000000000
97.000000000000000,36.000000000000000,0.0000000000000000
98.000000000000000,36.000000000000000,0.0000000000000000
99.000000000000000,36.000000000000000,0.0000000000000000
100.00000000000000,36.000000000000000,0.0000000000000000
101.00000000000000,36.000000000000000,0.0000000000000000
102.00000000000000,36.000000000000000,0.0000000000000000
103.00000000000000,36.000000000000000,0.0000000000000000
104.00000000000000,36.000000000000000,0.0000000000000000
105.00000000000000,36.000000000000000,0.0000000000000000
106.00000000000000,36.000000000000000,0.0000000000000000
107.00000000000000,36.000000000000000,0.0000000000000000
108.00000000000000,36.000000000000000,0.0000000000000000
109.00000000000000,36.000000000000000,0.0000000000000000
110.00000000000000,36.000000000000000,0.0000000000000000
111.00000000000000,36.000000000000000,0.0000000000000000
112.00000000000000,36.000000000000000,0.0000000000000000
113.00000000000000,36.000000000000000,0.0000000000000000
1.0000000000000000,37.000000000000000,0.0000000000000000
2.0000000000000000,37.000000000000000,0.0000000000000000
3.0000000000000000,37.000000000000000,0.0000000000000000
4.0000000000000000,37.000000000000000,0.0000000000000000
5.0000000000000000,37.000000000000000,0.0000000000000000
6.0000000000000000,37.000000000000000,0.0000000000000000
7.0000000000000000,37.000000000000000,0.0000000000000000
8.0000000000000000,37.000000000000000,0.0000000000000000
9.0000000000000000,37.000000000000000,0.0000000000000000
10.000000000000000,37.000000000000000,0.0000000000000000
11.000000000000000,37.000000000000000,0.0000000000000000
12.000000000000000,37.000000000000000,0.0000000000000000
13.000000000000000,37.000000000000000,0.0000000000000000
14.000000000000000,37.000000000000000,0.0000000000000000
15.000000000000000,37.000000000000000,0.0000000000000000
16.000000000000000,37.000000000000000,0.0000000000000000
17.000000000000000,37.000000000000000,0.0000000000000000
18.000000000000000,37.000000000000000,0.0000000000000000
19.000000000000000,37.000000000000000,0.0000000000000000
20.000000000000000,37.000000000000000,0.0000000000000000
21.000000000000000,37.000000000000000,0.0000000000000000
22.000000000000000,37.000000000000000,0.0000000000000000
23.000000000000000,37.000000000000000,0.0000000000000000
24.000000000000000,37.000000000000000,0.0000000000000000
25.000000000000000,37.000000000000000,0.0000000000000000
26.000000000000000,37.000000000000000,0.0000000000000000
27.000000000000000,37.000000000000000,0.0000000000000000
28.000000000000000,37.000000000000000,0.0000000000000000
29.000000000000000,37.000000000000000,0.0000000000000000
30.000000000000000,37.000000000000000,0.0000000000000000
31.000000000000000,37.000000000000000,0.0000000000000000
32.000000000000000,37.000000000000000,0.0000000000000000
33.000000000000000,37.000000000000000,0.0000000000000000
34.000000000000000,37.000000000000000,0.0000000000000000
35.000000000000000,37.000000000000000,0.0000000000000000
36.000000000000000,37.000000000000000,0.0000000000000000
37.000000000000000,37.000000000000000,0.0000000000000000
38.000000000000000,37.000000000000000,0.0000000000000000
39.000000000000000,37.000000000000000,0.0000000000000000
40.000000000000000,37.000000000000000,0.0000000000000000
41.000000000000000,37.000000000000000,0.0000000000000000
42.000000000000000,37.000000000000000,0.0000000000000000
43.000000000000000,37.000000000000000,0.0000000000000000
44.000000000000000,37.000000000000000,0.0000000000000000
45.000000000000000,37.000000000000000,0.0000000000000000
46.000000000000000,37.000000000000000,0.0000000000000000
47.000000000000000,37.000000000000000,0.0000000000000000
48.000000000000000,37.000000000000000,0.0000000000000000
49.000000000000000,37.000000000000000,0.0000000000000000
50.000000000000000,37.000000000000000,0.0000000000000000
51.000000000000000,37.000000000000000,0.0000000000000000
52.000000000000000,37.000000000000000,0.0000000000000000
53.000000000000000,37.000000000000000,0.0000000000000000
54.000000000000000,37.000000000000000,0.0000000000000000
55.000000000000000,37.000000000000000,0.0000000000000000
56.000000000000000,37.000000000000000,0.0000000000000000
57.000000000000000,37.000000000000000,0.0000000000000000
58.000000000000000,37.000000000000000,0.0000000000000000
59.000000000000000,37.000000000000000,0.0000000000000000
60.000000000000000,37.000000000000000,0.0000000000000000
61.000000000000000,37.000000000000000,0.0000000000000000
62.000000000000000,37.000000000000000,0.0000000000000000
63.000000000000000,37.000000000000000,0.0000000000000000
64.000000000000000,37.000000000000000,0.0000000000000000
65.000000000000000,37.000000000000000,0.0000000000000000
66.000000000000000,37.000000000000000,0.0000000000000000
67.000000000000000,37.000000000000000,0.0000000000000000
68.000000000000000,37.000000000000000,0.0000000000000000
69.000000000000000,37.000000000000000,0.0000000000000000
70.000000000000000,37.000000000000000,0.0000000000000000
71.000000000000000,37.000000000000000,0.0000000000000000
72.000000000000000,37.000000000000000,0.0000000000000000
73.000000000000000,37.000000000000000,0.0000000000000000
74.000000000000000,37.000000000000000,0.0000000000000000
75.000000000000000,37.000000000000000,0.0000000000000000
76.000000000000000,37.000000000000000,0.0000000000000000
77.000000000000000,37.000000000000000,0.0000000000000000
78.000000000000000,37.000000000000000,0.0000000000000000
79.000000000000000,37.000000000000000,0.0000000000000000
80.000000000000000,37.000000000000000,0.0000000000000000
81.000000000000000,37.000000000000000,0.0000000000000000
82.000000000000000,37.000000000000000,0.0000000000000000
83.000000000000000,37.000000000000000,0.0000000000000000
84.000000000000000,37.000000000000000,0.0000000000000000
85.000000000000000,37.000000000000000,0.0000000000000000
86.000000000000000,37.000000000000000,0.0000000000000000
87.000000000000000,37.000000000000000,0.0000000000000000
88.000000000000000,37.000000000000000,0.0000000000000000
89.000000000000000,37.000000000000000,0.0000000000000000
90.000000000000000,37.000000000000000,2.2000000476837158
91.000000000000000,37.000000000000000,2.2000000476837158
92.000000000000000,37.000000000000000,0.0000000000000000
93.000000000000000,37.000000000000000,0.0000000000000000
94.000000000000000,37.000000000000000,0.0000000000000000
95.000000000000000,37.000000000000000,0.0000000000000000
96.000000000000000,37.000000000000000,0.0000000000000000
97.000000000000000,37.000000000000000,0.0000000000000000
98.000000000000000,37.000000000000000,0.0000000000000000
99.000000000000000,37.000000000000000,0.0000000000000000
100.00000000000000,37.000000000000000,0.0000000000000000
101.00000000000000,37.000000000000000,0.0000000000000000
102.00000000000000,37.000000000000000,0.0000000000000000
103.00000000000000,37.000000000000000,0.0000000000000000
104.00000000000000,37.000000000000000,0.0000000000000000
105.00000000000000,37.000000000000000,0.0000000000000000
106.00000000000000,37.000000000000000,0.0000000000000000
107.00000000000000,37.000000000000000,0.0000000000000000
108.00000000000000,37.000000000000000,0.0000000000000000
109.00000000000000,37.000000000000000,0.0000000000000000
110.00000000000000,37.000000000000000,0.0000000000000000
111.00000000000000,37.000000000000000,0.0000000000000000
112.00000000000000,37.000000000000000,0.0000000000000000
113.00000000000000,37.000000000000000,0.0000000000000000
1.0000000000000000,38.000000000000000,0.0000000000000000
2.0000000000000000,38.000000000000000,0.0000000000000000
3.0000000000000000,38.000000000000000,0.0000000000000000
4.0000000000000000,38.000000000000000,0.0000000000000000
5.0000000000000000,38.000000000000000,0.0000000000000000
6.0000000000000000,38.000000000000000,0.0000000000000000
7.0000000000000000,38.000000000000000,0.0000000000000000
8.0000000000000000,38.000000000000000,0.0000000000000000
9.0000000000000000,38.000000000000000,0.0000000000000000
10.000000000000000,38.000000000000000,0.0000000000000000
11.000000000000000,38.000000000000000,0.0000000000000000
12.000000000000000,38.000000000000000,0.0000000000000000
13.000000000000000,38.000000000000000,0.0000000000000000
14.000000000000000,38.000000000000000,0.0000000000000000
15.000000000000000,38.000000000000000,0.0000000000000000
16.000000000000000,38.000000000000000,0.0000000000000000
17.000000000000000,38.000000000000000,0.0000000000000000
18.000000000000000,38.000000000000000,0.0000000000000000
19.000000000000000,38.000000000000000,0.0000000000000000
20.000000000000000,38.000000000000000,0.0000000000000000
21.000000000000000,38.000000000000000,0.0000000000000000
22.000000000000000,38.000000000000000,0.0000000000000000
23.000000000000000,38.000000000000000,0.0000000000000000
24.000000000000000,38.000000000000000,0.0000000000000000
25.000000000000000,38.000000000000000,0.0000000000000000
26.000000000000000,38.000000000000000,0.0000000000000000
27.000000000000000,38.000000000000000,0.0000000000000000
28.000000000000000,38.000000000000000,0.0000000000000000
29.000000000000000,38.000000000000000,0.0000000000000000
30.000000000000000,38.000000000000000,0.0000000000000000
31.000000000000000,38.000000000000000,0.0000000000000000
32.000000000000000,38.000000000000000,0.0000000000000000
33.000000000000000,38.000000000000000,0.0000000000000000
34.000000000000000,38.000000000000000,0.0000000000000000
35.000000000000000,38.000000000000000,0.0000000000000000
36.000000000000000,38.000000000000000,0.0000000000000000
37.000000000000000,38.000000000000000,0.0000000000000000
38.000000000000000,38.000000000000000,0.0000000000000000
39.000000000000000,38.000000000000000,0.0000000000000000
40.000000000000000,38.000000000000000,0.0000000000000000
41.000000000000000,38.000000000000000,0.0000000000000000
42.000000000000000,38.000000000000000,0.0000000000000000
43.000000000000000,38.000000000000000,0.0000000000000000
44.000000000000000,38.000000000000000,0.0000000000000000
45.000000000000000,38.000000000000000,0.0000000000000000
46.000000000000000,38.000000000000000,0.0000000000000000
47.000000000000000,38.000000000000000,0.0000000000000000
48.000000000000000,38.000000000000000,0.0000000000000000
49.000000000000000,38.000000000000000,0.0000000000000000
50.000000000000000,38.000000000000000,0.0000000000000000
51.000000000000000,38.000000000000000,0.0000000000000000
52.000000000000000,38.000000000000000,0.0000000000000000
53.000000000000000,38.000000000000000,0.0000000000000000
54.000000000000000,38.000000000000000,0.0000000000000000
55.000000000000000,38.000000000000000,0.0000000000000000
56.000000000000000,38.000000000000000,0.0000000000000000
57.000000000000000,38.000000000000000,0.0000000000000000
58.000000000000000,38.000000000000000,0.0000000000000000
59.000000000000000,38.000000000000000,0.0000000000000000
60.000000000000000,38.000000000000000,0.0000000000000000
61.000000000000000,38.000000000000000,0.0000000000000000
62.000000000000000,38.000000000000000,0.0000000000000000
63.000000000000000,38.000000000000000,0.0000000000000000
64.000000000000000,38.000000000000000,0.0000000000000000
65.000000000000000,38.000000000000000,0.0000000000000000
66.000000000000000,38.000000000000000,0.0000000000000000
67.000000000000000,38.000000000000000,0.0000000000000000
68.000000000000000,38.000000000000000,0.0000000000000000
69.000000000000000,38.000000000000000,0.0000000000000000
70.000000000000000,38.000000000000000,0.0000000000000000
71.000000000000000,38.000000000000000,0.0000000000000000
72.000000000000000,38.000000000000000,0.0000000000000000
73.000000000000000,38.000000000000000,0.0000000000000000
74.000000000000000,38.000000000000000,0.0000000000000000
75.000000000000000,38.000000000000000,0.0000000000000000
76.000000000000000,38.000000000000000,0.0000000000000000
77.000000000000000,38.000000000000000,0.0000000000000000
78.000000000000000,38.000000000000000,0.0000000000000000
79.000000000000000,38.000000000000000,0.0000000000000000
80.000000000000000,38.000000000000000,0.0000000000000000
81.000000000000000,38.000000000000000,0.0000000000000000
82.000000000000000,38.000000000000000,0.0000000000000000
83.000000000000000,38.000000000000000,0.0000000000000000
84.000000000000000,38.000000000000000,0.0000000000000000
85.000000000000000,38.000000000000000,0.0000000000000000
86.000000000000000,38.000000000000000,0.0000000000000000
87.000000000000000,38.000000000000000,0.0000000000000000
88.000000000000000,38.000000000000000,0.0000000000000000
89.000000000000000,38.000000000000000,0.0000000000000000
90.000000000000000,38.000000000000000,2.9000000953674316
91.000000000000000,38.000000000000000,2.9000000953674316
92.000000000000000,38.000000000000000,0.0000000000000000
93.000000000000000,38.000000000000000,0.0000000000000000
94.000000000000000,38.000000000000000,0.0000000000000000
95.000000000000000,38.000000000000000,0.0000000000000000
96.000000000000000,38.000000000000000,0.0000000000000000
97.000000000000000,38.000000000000000,0.0000000000000000
98.000000000000000,38.000000000000000,0.0000000000000000
99.000000000000000,38.000000000000000,0.0000000000000000
100.00000000000000,38.000000000000000,0.0000000000000000
101.00000000000000,38.000000000000000,0.0000000000000000
102.00000000000000,38.000000000000000,0.0000000000000000
103.00000000000000,38.000000000000000,0.0000000000000000
104.00000000000000,38.000000000000000,0.0000000000000000
105.00000000000000,38.000000000000000,0.0000000000000000
106.00000000000000,38.000000000000000,0.0000000000000000
107.00000000000000,38.000000000000000,0.0000000000000000
108.00000000000000,38.000000000000000,0.0000000000000000
109.00000000000000,38.000000000000000,0.0000000000000000
110.00000000000000,38.000000000000000,0.0000000000000000
111.00000000000000,38.000000000000000,0.0000000000000000
112.00000000000000,38.000000000000000,0.0000000000000000
113.00000000000000,38.000000000000000,0.0000000000000000
1.0000000000000000,39.000000000000000,0.0000000000000000
2.0000000000000000,39.000000000000000,0.0000000000000000
3.0000000000000000,39.000000000000000,0.0000000000000000
4.0000000000000000,39.000000000000000,0.0000000000000000
5.0000000000000000,39.000000000000000,0.0000000000000000
6.0000000000000000,39.000000000000000,0.0000000000000000
7.0000000000000000,39.000000000000000,0.0000000000000000
8.0000000000000000,39.000000000000000,0.0000000000000000
9.0000000000000000,39.000000000000000,0.0000000000000000
10.000000000000000,39.000000000000000,0.0000000000000000
11.000000000000000,39.000000000000000,0.0000000000000000
12.000000000000000,39.000000000000000,0.0000000000000000
13.000000000000000,39.000000000000000,0.0000000000000000
14.000000000000000,39.000000000000000,0.0000000000000000
15.000000000000000,39.000000000000000,0.0000000000000000
16.000000000000000,39.000000000000000,0.0000000000000000
17.000000000000000,39.000000000000000,0.0000000000000000
18.000000000000000,39.000000000000000,0.0000000000000000
19.000000000000000,39.000000000000000,0.0000000000000000
20.000000000000000,39.000000000000000,0.0000000000000000
21.000000000000000,39.000000000000000,0.0000000000000000
22.000000000000000,39.000000000000000,0.0000000000000000
23.000000000000000,39.000000000000000,0.0000000000000000
24.000000000000000,39.000000000000000,0.0000000000000000
25.000000000000000,39.000000000000000,0.0000000000000000
26.000000000000000,39.000000000000000,0.0000000000000000
27.000000000000000,39.000000000000000,0.0000000000000000
28.000000000000000,39.000000000000000,0.0000000000000000
29.000000000000000,39.000000000000000,0.0000000000000000
30.000000000000000,39.000000000000000,0.0000000000000000
31.000000000000000,39.000000000000000,0.0000000000000000
32.000000000000000,39.000000000000000,0.0000000000000000
33.000000000000000,39.000000000000000,0.0000000000000000
34.000000000000000,39.000000000000000,0.0000000000000000
35.000000000000000,39.000000000000000,0.0000000000000000
36.000000000000000,39.000000000000000,0.0000000000000000
37.000000000000000,39.000000000000000,0.0000000000000000
38.000000000000000,39.000000000000000,0.0000000000000000
39.000000000000000,39.000000000000000,0.0000000000000000
40.000000000000000,39.000000000000000,0.0000000000000000
41.000000000000000,39.000000000000000,0.0000000000000000
42.000000000000000,39.000000000000000,0.0000000000000000
43.000000000000000,39.000000000000000,0.0000000000000000
44.000000000000000,39.000000000000000,0.0000000000000000
45.000000000000000,39.000000000000000,0.0000000000000000
46.000000000000000,39.000000000000000,0.0000000000000000
47.000000000000000,39.000000000000000,0.0000000000000000
48.000000000000000,39.000000000000000,0.0000000000000000
49.000000000000000,39.000000000000000,0.0000000000000000
50.000000000000000,39.000000000000000,0.0000000000000000
51.000000000000000,39.000000000000000,0.0000000000000000
52.000000000000000,39.000000000000000,0.0000000000000000
53.000000000000000,39.000000000000000,0.0000000000000000
54.000000000000000,39.000000000000000,0.0000000000000000
55.000000000000000,39.000000000000000,0.0000000000000000
56.000000000000000,39.000000000000000,0.0000000000000000
57.000000000000000,39.000000000000000,0.0000000000000000
58.000000000000000,39.000000000000000,0.0000000000000000
59.000000000000000,39.000000000000000,0.0000000000000000
60.000000000000000,39.000000000000000,0.0000000000000000
61.000000000000000,39.000000000000000,0.0000000000000000
62.000000000000000,39.000000000000000,0.0000000000000000
63.000000000000000,39.000000000000000,0.0000000000000000
64.000000000000000,39.000000000000000,0.0000000000000000
65.000000000000000,39.000000000000000,0.0000000000000000
66.000000000000000,39.000000000000000,0.0000000000000000
67.000000000000000,39.000000000000000,0.0000000000000000
68.000000000000000,39.000000000000000,0.0000000000000000
69.000000000000000,39.000000000000000,0.0000000000000000
70.000000000000000,39.000000000000000,0.0000000000000000
71.000000000000000,39.000000000000000,0.0000000000000000
72.000000000000000,39.000000000000000,0.0000000000000000
73.000000000000000,39.000000000000000,0.0000000000000000
74.000000000000000,39.000000000000000,0.0000000000000000
75.000000000000000,39.000000000000000,0.0000000000000000
76.000000000000000,39.000000000000000,0.0000000000000000
77.000000000000000,39.000000000000000,0.0000000000000000
78.000000000000000,39.000000000000000,0.0000000000000000
79.000000000000000,39.000000000000000,0.0000000000000000
80.000000000000000,39.000000000000000,0.0000000000000000
81.000000000000000,39.000000000000000,0.0000000000000000
82.000000000000000,39.000000000000000,0.0000000000000000
83.000000000000000,39.000000000000000,0.0000000000000000
84.000000000000000,39.000000000000000,0.0000000000000000
85.000000000000000,39.000000000000000,0.0000000000000000
86.000000000000000,39.000000000000000,0.0000000000000000
87.000000000000000,39.000000000000000,0.0000000000000000
88.000000000000000,39.000000000000000,0.0000000000000000
89.000000000000000,39.000000000000000,0.0000000000000000
90.000000000000000,39.000000000000000,2.9000000953674316
91.000000000000000,39.000000000000000,2.9000000953674316
92.000000000000000,39.000000000000000,0.0000000000000000
93.000000000000000,39.000000000000000,0.0000000000000000
94.000000000000000,39.000000000000000,0.0000000000000000
95.000000000000000,39.000000000000000,0.0000000000000000
96.000000000000000,39.000000000000000,0.0000000000000000
97.000000000000000,39.000000000000000,0.0000000000000000
98.000000000000000,39.000000000000000,0.0000000000000000
99.000000000000000,39.000000000000000,0.0000000000000000
100.00000000000000,39.000000000000000,0.0000000000000000
101.00000000000000,39.000000000000000,0.0000000000000000
102.00000000000000,39.000000000000000,0.0000000000000000
103.00000000000000,39.000000000000000,0.0000000000000000
104.00000000000000,39.000000000000000,0.0000000000000000
105.00000000000000,39.000000000000000,0.0000000000000000
106.00000000000000,39.000000000000000,0.0000000000000000
107.00000000000000,39.000000000000000,0.0000000000000000
108.00000000000000,39.000000000000000,0.0000000000000000
109.00000000000000,39.000000000000000,0.0000000000000000
110.00000000000000,39.000000000000000,0.0000000000000000
111.00000000000000,39.000000000000000,0.0000000000000000
112.00000000000000,39.000000000000000,0.0000000000000000
113.00000000000000,39.000000000000000,0.0000000000000000
1.0000000000000000,40.000000000000000,0.0000000000000000
2.0000000000000000,40.000000000000000,0.0000000000000000
3.0000000000000000,40.000000000000000,0.0000000000000000
4.0000000000000000,40.000000000000000,0.0000000000000000
5.0000000000000000,40.000000000000000,0.0000000000000000
6.0000000000000000,40.000000000000000,0.0000000000000000
7.0000000000000000,40.000000000000000,0.0000000000000000
8.0000000000000000,40.000000000000000,0.0000000000000000
9.0000000000000000,40.000000000000000,0.0000000000000000
10.000000000000000,40.000000000000000,0.0000000000000000
11.000000000000000,40.000000000000000,0.0000000000000000
12.000000000000000,40.000000000000000,0.0000000000000000
13.000000000000000,40.000000000000000,0.0000000000000000
14.000000000000000,40.000000000000000,0.0000000000000000
15.000000000000000,40.000000000000000,0.0000000000000000
16.000000000000000,40.000000000000000,0.0000000000000000
17.000000000000000,40.000000000000000,0.0000000000000000
18.000000000000000,40.000000000000000,0.0000000000000000
19.000000000000000,40.000000000000000,0.0000000000000000
20.000000000000000,40.000000000000000,0.0000000000000000
21.000000000000000,40.000000000000000,0.0000000000000000
22.000000000000000,40.000000000000000,0.0000000000000000
23.000000000000000,40.000000000000000,0.0000000000000000
24.000000000000000,40.000000000000000,0.0000000000000000
25.000000000000000,40.000000000000000,0.0000000000000000
26.000000000000000,40.000000000000000,0.0000000000000000
27.000000000000000,40.000000000000000,0.0000000000000000
28.000000000000000,40.000000000000000,0.0000000000000000
29.000000000000000,40.000000000000000,0.0000000000000000
30.000000000000000,40.000000000000000,0.0000000000000000
31.000000000000000,40.000000000000000,0.0000000000000000
32.000000000000000,40.000000000000000,0.0000000000000000
33.000000000000000,40.000000000000000,0.0000000000000000
34.000000000000000,40.000000000000000,0.0000000000000000
35.000000000000000,40.000000000000000,0.0000000000000000
36.000000000000000,40.000000000000000,0.0000000000000000
37.000000000000000,40.000000000000000,0.0000000000000000
38.000000000000000,40.000000000000000,0.0000000000000000
39.000000000000000,40.000000000000000,0.0000000000000000
40.000000000000000,40.000000000000000,0.0000000000000000
41.000000000000000,40.000000000000000,0.0000000000000000
42.000000000000000,40.000000000000000,0.0000000000000000
43.000000000000000,40.000000000000000,0.0000000000000000
44.000000000000000,40.000000000000000,0.0000000000000000
45.000000000000000,40.000000000000000,0.0000000000000000
46.000000000000000,40.000000000000000,0.0000000000000000
47.000000000000000,40.000000000000000,0.0000000000000000
48.000000000000000,40.000000000000000,0.0000000000000000
49.000000000000000,40.000000000000000,0.0000000000000000
50.000000000000000,40.000000000000000,0.0000000000000000
51.000000000000000,40.000000000000000,0.0000000000000000
52.000000000000000,40.000000000000000,0.0000000000000000
53.000000000000000,40.000000000000000,0.0000000000000000
54.000000000000000,40.000000000000000,0.0000000000000000
55.000000000000000,40.000000000000000,0.0000000000000000
56.000000000000000,40.000000000000000,0.0000000000000000
57.000000000000000,40.000000000000000,0.0000000000000000
58.000000000000000,40.000000000000000,0.0000000000000000
59.000000000000000,40.000000000000000,0.0000000000000000
60.000000000000000,40.000000000000000,0.0000000000000000
61.000000000000000,40.000000000000000,0.0000000000000000
62.000000000000000,40.000000000000000,0.0000000000000000
63.000000000000000,40.000000000000000,0.0000000000000000
64.000000000000000,40.000000000000000,0.0000000000000000
65.000000000000000,40.000000000000000,0.0000000000000000
66.000000000000000,40.000000000000000,0.0000000000000000
67.000000000000000,40.000000000000000,0.0000000000000000
68.000000000000000,40.000000000000000,0.0000000000000000
69.000000000000000,40.000000000000000,0.0000000000000000
70.000000000000000,40.000000000000000,0.0000000000000000
71.000000000000000,40.000000000000000,0.0000000000000000
72.000000000000000,40.000000000000000,0.0000000000000000
73.000000000000000,40.000000000000000,0.0000000000000000
74.000000000000000,40.000000000000000,0.0000000000000000
75.000000000000000,40.000000000000000,0.0000000000000000
76.000000000000000,40.000000000000000,0.0000000000000000
77.000000000000000,40.000000000000000,0.0000000000000000
78.000000000000000,40.000000000000000,0.0000000000000000
79.000000000000000,40.000000000000000,0.0000000000000000
80.000000000000000,40.000000000000000,0.0000000000000000
81.000000000000000,40.000000000000000,0.0000000000000000
82.000000000000000,40.000000000000000,0.0000000000000000
83.000000000000000,40.000000000000000,0.0000000000000000
84.000000000000000,40.000000000000000,0.0000000000000000
85.000000000000000,40.000000000000000,0.0000000000000000
86.000000000000000,40.000000000000000,0.0000000000000000
87.000000000000000,40.000000000000000,0.0000000000000000
88.000000000000000,40.000000000000000,0.0000000000000000
89.000000000000000,40.000000000000000,0.0000000000000000
90.000000000000000,40.000000000000000,2.9000000953674316
91.000000000000000,40.000000000000000,2.9000000953674316
92.000000000000000,40.000000000000000,0.0000000000000000
93.000000000000000,40.000000000000000,0.0000000000000000
94.000000000000000,40.000000000000000,0.0000000000000000
95.000000000000000,40.000000000000000,0.0000000000000000
96.000000000000000,40.000000000000000,0.0000000000000000
97.000000000000000,40.000000000000000,0.0000000000000000
98.000000000000000,40.000000000000000,0.0000000000000000
99.000000000000000,40.000000000000000,0.0000000000000000
100.00000000000000,40.000000000000000,0.0000000000000000
101.00000000000000,40.000000000000000,0.0000000000000000
102.00000000000000,40.000000000000000,0.0000000000000000
103.00000000000000,40.000000000000000,0.0000000000000000
104.00000000000000,40.000000000000000,0.0000000000000000
105.00000000000000,40.000000000000000,0.0000000000000000
106.00000000000000,40.000000000000000,0.0000000000000000
107.00000000000000,40.000000000000000,0.0000000000000000
108.00000000000000,40.000000000000000,0.0000000000000000
109.00000000000000,40.000000000000000,0.0000000000000000
110.00000000000000,40.000000000000000,0.0000000000000000
111.00000000000000,40.000000000000000,0.0000000000000000
112.00000000000000,40.000000000000000,0.0000000000000000
113.00000000000000,40.000000000000000,0.0000000000000000
1.0000000000000000,41.000000000000000,0.0000000000000000
2.0000000000000000,41.000000000000000,0.0000000000000000
3.0000000000000000,41.000000000000000,0.0000000000000000
4.0000000000000000,41.000000000000000,0.0000000000000000
5.0000000000000000,41.000000000000000,0.0000000000000000
6.0000000000000000,41.000000000000000,0.0000000000000000
7.0000000000000000,41.000000000000000,0.0000000000000000
8.0000000000000000,41.000000000000000,0.0000000000000000
9.0000000000000000,41.000000000000000,0.0000000000000000
10.000000000000000,41.000000000000000,0.0000000000000000
11.000000000000000,41.000000000000000,0.0000000000000000
12.000000000000000,41.000000000000000,0.0000000000000000
13.000000000000000,41.000000000000000,0.0000000000000000
14.000000000000000,41.000000000000000,0.0000000000000000
15.000000000000000,41.000000000000000,0.0000000000000000
16.000000000000000,41.000000000000000,0.0000000000000000
17.000000000000000,41.000000000000000,0.0000000000000000
18.000000000000000,41.000000000000000,0.0000000000000000
19.000000000000000,41.000000000000000,0.0000000000000000
20.000000000000000,41.000000000000000,0.0000000000000000
21.000000000000000,41.000000000000000,0.0000000000000000
22.000000000000000,41.000000000000000,0.0000000000000000
23.000000000000000,41.000000000000000,0.0000000000000000
24.000000000000000,41.000000000000000,0.0000000000000000
25.000000000000000,41.000000000000000,0.0000000000000000
26.000000000000000,41.000000000000000,0.0000000000000000
27.000000000000000,41.000000000000000,0.0000000000000000
28.000000000000000,41.000000000000000,0.0000000000000000
29.000000000000000,41.000000000000000,0.0000000000000000
30.000000000000000,41.000000000000000,0.0000000000000000
31.000000000000000,41.000000000000000,0.0000000000000000
32.000000000000000,41.000000000000000,0.0000000000000000
33.000000000000000,41.000000000000000,0.0000000000000000
34.000000000000000,41.000000000000000,0.0000000000000000
35.000000000000000,41.000000000000000,0.0000000000000000
36.000000000000000,41.000000000000000,0.0000000000000000
37.000000000000000,41.000000000000000,0.0000000000000000
38.000000000000000,41.000000000000000,0.0000000000000000
39.000000000000000,41.000000000000000,0.0000000000000000
40.000000000000000,41.000000000000000,0.0000000000000000
41.000000000000000,41.000000000000000,0.0000000000000000
42.000000000000000,41.000000000000000,0.0000000000000000
43.000000000000000,41.000000000000000,0.0000000000000000
44.000000000000000,41.000000000000000,0.0000000000000000
45.000000000000000,41.000000000000000,0.0000000000000000
46.000000000000000,41.000000000000000,0.0000000000000000
47.000000000000000,41.000000000000000,0.0000000000000000
48.000000000000000,41.000000000000000,0.0000000000000000
49.000000000000000,41.000000000000000,0.0000000000000000
50.000000000000000,41.000000000000000,0.0000000000000000
51.000000000000000,41.000000000000000,0.0000000000000000
52.000000000000000,41.000000000000000,0.0000000000000000
53.000000000000000,41.000000000000000,0.0000000000000000
54.000000000000000,41.000000000000000,0.0000000000000000
55.000000000000000,41.000000000000000,0.0000000000000000
56.000000000000000,41.000000000000000,0.0000000000000000
57.000000000000000,41.000000000000000,0.0000000000000000
58.000000000000000,41.000000000000000,0.0000000000000000
59.000000000000000,41.000000000000000,0.0000000000000000
60.000000000000000,41.000000000000000,0.0000000000000000
61.000000000000000,41.000000000000000,0.0000000000000000
62.000000000000000,41.000000000000000,0.0000000000000000
63.000000000000000,41.000000000000000,0.0000000000000000
64.000000000000000,41.000000000000000,0.0000000000000000
65.000000000000000,41.000000000000000,0.0000000000000000
66.000000000000000,41.000000000000000,0.0000000000000000
67.000000000000000,41.000000000000000,0.0000000000000000
68.000000000000000,41.000000000000000,0.0000000000000000
69.000000000000000,41.000000000000000,0.0000000000000000
70.000000000000000,41.000000000000000,0.0000000000000000
71.000000000000000,41.000000000000000,0.0000000000000000
72.000000000000000,41.000000000000000,0.0000000000000000
73.000000000000000,41.000000000000000,0.0000000000000000
74.000000000000000,41.000000000000000,0.0000000000000000
75.000000000000000,41.000000000000000,0.0000000000000000
76.000000000000000,41.000000000000000,0.0000000000000000
77.000000000000000,41.000000000000000,0.0000000000000000
78.000000000000000,41.000000000000000,0.0000000000000000
79.000000000000000,41.000000000000000,0.0000000000000000
80.000000000000000,41.000000000000000,0.0000000000000000
81.000000000000000,41.000000000000000,0.0000000000000000
82.000000000000000,41.000000000000000,0.0000000000000000
83.000000000000000,41.000000000000000,0.0000000000000000
84.000000000000000,41.000000000000000,0.0000000000000000
85.000000000000000,41.000000000000000,0.0000000000000000
86.000000000000000,41.000000000000000,0.0000000000000000
87.000000000000000,41.000000000000000,0.0000000000000000
88.000000000000000,41.000000000000000,0.0000000000000000
89.000000000000000,41.000000000000000,0.0000000000000000
90.000000000000000,41.000000000000000,3.7999999523162842
91.000000000000000,41.000000000000000,3.7999999523162842
92.000000000000000,41.000000000000000,0.0000000000000000
93.000000000000000,41.000000000000000,0.0000000000000000
94.000000000000000,41.000000000000000,0.0000000000000000
95.000000000000000,41.000000000000000,0.0000000000000000
96.000000000000000,41.000000000000000,0.0000000000000000
97.000000000000000,41.000000000000000,0.0000000000000000
98.000000000000000,41.000000000000000,0.0000000000000000
99.000000000000000,41.000000000000000,0.0000000000000000
100.00000000000000,41.000000000000000,0.0000000000000000
101.00000000000000,41.000000000000000,0.0000000000000000
102.00000000000000,41.000000000000000,0.0000000000000000
103.00000000000000,41.000000000000000,0.0000000000000000
104.00000000000000,41.000000000000000,0.0000000000000000
105.00000000000000,41.000000000000000,0.0000000000000000
106.00000000000000,41.000000000000000,0.0000000000000000
107.00000000000000,41.000000000000000,0.0000000000000000
108.00000000000000,41.000000000000000,0.0000000000000000
109.00000000000000,41.000000000000000,0.0000000000000000
110.00000000000000,41.000000000000000,0.0000000000000000
111.00000000000000,41.000000000000000,0.0000000000000000
112.00000000000000,41.000000000000000,0.0000000000000000
113.00000000000000,41.000000000000000,0.0000000000000000
1.0000000000000000,42.000000000000000,0.0000000000000000
2.0000000000000000,42.000000000000000,0.0000000000000000
3.0000000000000000,42.000000000000000,0.0000000000000000
4.0000000000000000,42.000000000000000,0.0000000000000000
5.0000000000000000,42.000000000000000,0.0000000000000000
6.0000000000000000,42.000000000000000,0.0000000000000000
7.0000000000000000,42.000000000000000,0.0000000000000000
8.0000000000000000,42.000000000000000,0.0000000000000000
9.0000000000000000,42.000000000000000,0.0000000000000000
10.000000000000000,42.000000000000000,0.0000000000000000
11.000000000000000,42.000000000000000,0.0000000000000000
12.000000000000000,42.000000000000000,0.0000000000000000
13.000000000000000,42.000000000000000,0.0000000000000000
14.000000000000000,42.000000000000000,0.0000000000000000
15.000000000000000,42.000000000000000,0.0000000000000000
16.000000000000000,42.000000000000000,0.0000000000000000
17.000000000000000,42.000000000000000,0.0000000000000000
18.000000000000000,42.000000000000000,0.0000000000000000
19.000000000000000,42.000000000000000,0.0000000000000000
20.000000000000000,42.000000000000000,0.0000000000000000
21.000000000000000,42.000000000000000,0.0000000000000000
22.000000000000000,42.000000000000000,0.0000000000000000
23.000000000000000,42.000000000000000,0.0000000000000000
24.000000000000000,42.000000000000000,0.0000000000000000
25.000000000000000,42.000000000000000,0.0000000000000000
26.000000000000000,42.000000000000000,0.0000000000000000
27.000000000000000,42.000000000000000,0.0000000000000000
28.000000000000000,42.000000000000000,0.0000000000000000
29.000000000000000,42.000000000000000,0.0000000000000000
30.000000000000000,42.000000000000000,0.0000000000000000
31.000000000000000,42.000000000000000,0.0000000000000000
32.000000000000000,42.000000000000000,0.0000000000000000
33.000000000000000,42.000000000000000,0.0000000000000000
34.000000000000000,42.000000000000000,0.0000000000000000
35.000000000000000,42.000000000000000,0.0000000000000000
36.000000000000000,42.000000000000000,0.0000000000000000
37.000000000000000,42.000000000000000,0.0000000000000000
38.000000000000000,42.000000000000000,0.0000000000000000
39.000000000000000,42.000000000000000,0.0000000000000000
40.000000000000000,42.000000000000000,0.0000000000000000
41.000000000000000,42.000000000000000,0.0000000000000000
42.000000000000000,42.000000000000000,0.0000000000000000
43.000000000000000,42.000000000000000,0.0000000000000000
44.000000000000000,42.000000000000000,0.0000000000000000
45.000000000000000,42.000000000000000,0.0000000000000000
46.000000000000000,42.000000000000000,0.0000000000000000
47.000000000000000,42.000000000000000,0.0000000000000000
48.000000000000000,42.000000000000000,0.0000000000000000
49.000000000000000,42.000000000000000,0.0000000000000000
50.000000000000000,42.000000000000000,0.0000000000000000
51.000000000000000,42.000000000000000,0.0000000000000000
52.000000000000000,42.000000000000000,0.0000000000000000
53.000000000000000,42.000000000000000,0.0000000000000000
54.000000000000000,42.000000000000000,0.0000000000000000
55.000000000000000,42.000000000000000,0.0000000000000000
56.000000000000000,42.000000000000000,0.0000000000000000
57.000000000000000,42.000000000000000,0.0000000000000000
58.000000000000000,42.000000000000000,0.0000000000000000
59.000000000000000,42.000000000000000,0.0000000000000000
60.000000000000000,42.000000000000000,0.0000000000000000
61.000000000000000,42.000000000000000,0.0000000000000000
62.000000000000000,42.000000000000000,0.0000000000000000
63.000000000000000,42.000000000000000,0.0000000000000000
64.000000000000000,42.000000000000000,0.0000000000000000
65.000000000000000,42.000000000000000,0.0000000000000000
66.000000000000000,42.000000000000000,0.0000000000000000
67.000000000000000,42.000000000000000,0.0000000000000000
68.000000000000000,42.000000000000000,0.0000000000000000
69.000000000000000,42.000000000000000,0.0000000000000000
70.000000000000000,42.000000000000000,0.0000000000000000
71.000000000000000,42.000000000000000,0.0000000000000000
72.000000000000000,42.000000000000000,0.0000000000000000
73.000000000000000,42.000000000000000,0.0000000000000000
74.000000000000000,42.000000000000000,0.0000000000000000
75.000000000000000,42.000000000000000,0.0000000000000000
76.000000000000000,42.000000000000000,0.0000000000000000
77.000000000000000,42.000000000000000,0.0000000000000000
78.000000000000000,42.000000000000000,0.0000000000000000
79.000000000000000,42.000000000000000,0.0000000000000000
80.000000000000000,42.000000000000000,0.0000000000000000
81.000000000000000,42.000000000000000,0.0000000000000000
82.000000000000000,42.000000000000000,0.0000000000000000
83.000000000000000,42.000000000000000,0.0000000000000000
84.000000000000000,42.000000000000000,0.0000000000000000
85.000000000000000,42.000000000000000,0.0000000000000000
86.000000000000000,42.000000000000000,0.0000000000000000
87.000000000000000,42.000000000000000,0.0000000000000000
88.000000000000000,42.000000000000000,0.0000000000000000
89.000000000000000,42.000000000000000,0.0000000000000000
90.000000000000000,42.000000000000000,3.7999999523162842
91.000000000000000,42.000000000000000,3.7999999523162842
92.000000000000000,42.000000000000000,0.0000000000000000
93.000000000000000,42.000000000000000,0.0000000000000000
94.000000000000000,42.000000000000000,0.0000000000000000
95.000000000000000,42.000000000000000,0.0000000000000000
96.000000000000000,42.000000000000000,0.0000000000000000
97.000000000000000,42.000000000000000,0.0000000000000000
98.000000000000000,42.000000000000000,0.0000000000000000
99.000000000000000,42.000000000000000,0.0000000000000000
100.00000000000000,42.000000000000000,0.0000000000000000
101.00000000000000,42.000000000000000,0.0000000000000000
102.00000000000000,42.000000000000000,0.0000000000000000
103.00000000000000,42.000000000000000,0.0000000000000000
104.00000000000000,42.000000000000000,0.0000000000000000
105.00000000000000,42.000000000000000,0.0000000000000000
106.00000000000000,42.000000000000000,0.0000000000000000
107.00000000000000,42.000000000000000,0.0000000000000000
108.00000000000000,42.000000000000000,0.0000000000000000
109.00000000000000,42.000000000000000,0.0000000000000000
110.00000000000000,42.000000000000000,0.0000000000000000
111.00000000000000,42.000000000000000,0.0000000000000000
112.00000000000000,42.000000000000000,0.0000000000000000
113.00000000000000,42.000000000000000,0.0000000000000000
1.0000000000000000,43.000000000000000,0.0000000000000000
2.0000000000000000,43.000000000000000,0.0000000000000000
3.0000000000000000,43.000000000000000,0.0000000000000000
4.0000000000000000,43.000000000000000,0.0000000000000000
5.0000000000000000,43.000000000000000,0.0000000000000000
6.0000000000000000,43.000000000000000,0.0000000000000000
7.0000000000000000,43.000000000000000,0.0000000000000000
8.0000000000000000,43.000000000000000,0.0000000000000000
9.0000000000000000,43.000000000000000,0.0000000000000000
10.000000000000000,43.000000000000000,0.0000000000000000
11.000000000000000,43.000000000000000,0.0000000000000000
12.000000000000000,43.000000000000000,0.0000000000000000
13.000000000000000,43.000000000000000,0.0000000000000000
14.000000000000000,43.000000000000000,0.0000000000000000
15.000000000000000,43.000000000000000,0.0000000000000000
16.000000000000000,43.000000000000000,0.0000000000000000
17.000000000000000,43.000000000000000,0.0000000000000000
18.000000000000000,43.000000000000000,0.0000000000000000
19.000000000000000,43.000000000000000,0.0000000000000000
20.000000000000000,43.000000000000000,0.0000000000000000
21.000000000000000,43.000000000000000,0.0000000000000000
22.000000000000000,43.000000000000000,0.0000000000000000
23.000000000000000,43.000000000000000,0.0000000000000000
24.000000000000000,43.000000000000000,0.0000000000000000
25.000000000000000,43.000000000000000,0.0000000000000000
26.000000000000000,43.000000000000000,0.0000000000000000
27.000000000000000,43.000000000000000,0.0000000000000000
28.000000000000000,43.000000000000000,0.0000000000000000
29.000000000000000,43.000000000000000,0.0000000000000000
30.000000000000000,43.000000000000000,0.0000000000000000
31.000000000000000,43.000000000000000,0.0000000000000000
32.000000000000000,43.000000000000000,0.0000000000000000
33.000000000000000,43.000000000000000,0.0000000000000000
34.000000000000000,43.000000000000000,0.0000000000000000
35.000000000000000,43.000000000000000,0.0000000000000000
36.000000000000000,43.000000000000000,0.0000000000000000
37.000000000000000,43.000000000000000,0.0000000000000000
38.000000000000000,43.000000000000000,0.0000000000000000
39.000000000000000,43.000000000000000,0.0000000000000000
40.000000000000000,43.000000000000000,0.0000000000000000
41.000000000000000,43.000000000000000,0.0000000000000000
42.000000000000000,43.000000000000000,0.0000000000000000
43.000000000000000,43.000000000000000,0.0000000000000000
44.000000000000000,43.000000000000000,0.0000000000000000
45.000000000000000,43.000000000000000,0.0000000000000000
46.000000000000000,43.000000000000000,0.0000000000000000
47.000000000000000,43.000000000000000,0.0000000000000000
48.000000000000000,43.000000000000000,0.0000000000000000
49.000000000000000,43.000000000000000,0.0000000000000000
50.000000000000000,43.000000000000000,0.0000000000000000
51.000000000000000,43.000000000000000,0.0000000000000000
52.000000000000000,43.000000000000000,0.0000000000000000
53.000000000000000,43.000000000000000,0.0000000000000000
54.000000000000000,43.000000000000000,0.0000000000000000
55.000000000000000,43.000000000000000,0.0000000000000000
56.000000000000000,43.000000000000000,0.0000000000000000
57.000000000000000,43.000000000000000,0.0000000000000000
58.000000000000000,43.000000000000000,0.0000000000000000
59.000000000000000,43.000000000000000,0.0000000000000000
60.000000000000000,43.000000000000000,0.0000000000000000
61.000000000000000,43.000000000000000,0.0000000000000000
62.000000000000000,43.000000000000000,0.0000000000000000
63.000000000000000,43.000000000000000,0.0000000000000000
64.000000000000000,43.000000000000000,0.0000000000000000
65.000000000000000,43.000000000000000,0.0000000000000000
66.000000000000000,43.000000000000000,0.0000000000000000
67.000000000000000,43.000000000000000,0.0000000000000000
68.000000000000000,43.000000000000000,0.0000000000000000
69.000000000000000,43.000000000000000,0.0000000000000000
70.000000000000000,43.000000000000000,0.0000000000000000
71.000000000000000,43.000000000000000,0.0000000000000000
72.000000000000000,43.000000000000000,0.0000000000000000
73.000000000000000,43.000000000000000,0.0000000000000000
74.000000000000000,43.000000000000000,0.0000000000000000
75.000000000000000,43.000000000000000,0.0000000000000000
76.000000000000000,43.000000000000000,0.0000000000000000
77.000000000000000,43.000000000000000,0.0000000000000000
78.000000000000000,43.000000000000000,0.0000000000000000
79.000000000000000,43.000000000000000,0.0000000000000000
80.000000000000000,43.000000000000000,0.0000000000000000
81.000000000000000,43.000000000000000,0.0000000000000000
82.000000000000000,43.000000000000000,0.0000000000000000
83.000000000000000,43.000000000000000,0.0000000000000000
84.000000000000000,43.000000000000000,0.0000000000000000
85.000000000000000,43.000000000000000,0.0000000000000000
86.000000000000000,43.000000000000000,0.0000000000000000
87.000000000000000,43.000000000000000,0.0000000000000000
88.000000000000000,43.000000000000000,0.0000000000000000
89.000000000000000,43.000000000000000,0.0000000000000000
90.000000000000000,43.000000000000000,3.7999999523162842
91.000000000000000,43.000000000000000,0.0000000000000000
92.000000000000000,43.000000000000000,0.0000000000000000
93.000000000000000,43.000000000000000,0.0000000000000000
94.000000000000000,43.000000000000000,0.0000000000000000
95.000000000000000,43.000000000000000,0.0000000000000000
96.000000000000000,43.000000000000000,0.0000000000000000
97.000000000000000,43.000000000000000,0.0000000000000000
98.000000000000000,43.000000000000000,0.0000000000000000
99.000000000000000,43.000000000000000,0.0000000000000000
100.00000000000000,43.000000000000000,0.0000000000000000
101.00000000000000,43.000000000000000,0.0000000000000000
102.00000000000000,43.000000000000000,0.0000000000000000
103.00000000000000,43.000000000000000,0.0000000000000000
104.00000000000000,43.000000000000000,0.0000000000000000
105.00000000000000,43.000000000000000,0.0000000000000000
106.00000000000000,43.000000000000000,0.0000000000000000
107.00000000000000,43.000000000000000,0.0000000000000000
108.00000000000000,43.000000000000000,0.0000000000000000
109.00000000000000,43.000000000000000,0.0000000000000000
110.00000000000000,43.000000000000000,0.0000000000000000
111.00000000000000,43.000000000000000,0.0000000000000000
112.00000000000000,43.000000000000000,0.0000000000000000
113.00000000000000,43.000000000000000,0.0000000000000000
1.0000000000000000,44.000000000000000,0.0000000000000000
2.0000000000000000,44.000000000000000,0.0000000000000000
3.0000000000000000,44.000000000000000,0.0000000000000000
4.0000000000000000,44.000000000000000,0.0000000000000000
5.0000000000000000,44.000000000000000,0.0000000000000000
6.0000000000000000,44.000000000000000,0.0000000000000000
7.0000000000000000,44.000000000000000,0.0000000000000000
8.0000000000000000,44.000000000000000,0.0000000000000000
9.0000000000000000,44.000000000000000,0.0000000000000000
10.000000000000000,44.000000000000000,0.0000000000000000
11.000000000000000,44.000000000000000,0.0000000000000000
12.000000000000000,44.000000000000000,0.0000000000000000
13.000000000000000,44.000000000000000,0.0000000000000000
14.000000000000000,44.000000000000000,0.0000000000000000
15.000000000000000,44.000000000000000,0.0000000000000000
16.000000000000000,44.000000000000000,0.0000000000000000
17.000000000000000,44.000000000000000,0.0000000000000000
18.000000000000000,44.000000000000000,0.0000000000000000
19.000000000000000,44.000000000000000,0.0000000000000000
20.000000000000000,44.000000000000000,0.0000000000000000
21.000000000000000,44.000000000000000,0.0000000000000000
22.000000000000000,44.000000000000000,0.0000000000000000
23.000000000000000,44.000000000000000,0.0000000000000000
24.000000000000000,44.000000000000000,0.0000000000000000
25.000000000000000,44.000000000000000,0.0000000000000000
26.000000000000000,44.000000000000000,0.0000000000000000
27.000000000000000,44.000000000000000,0.0000000000000000
28.000000000000000,44.000000000000000,0.0000000000000000
29.000000000000000,44.000000000000000,0.0000000000000000
30.000000000000000,44.000000000000000,0.0000000000000000
31.000000000000000,44.000000000000000,0.0000000000000000
32.000000000000000,44.000000000000000,0.0000000000000000
33.000000000000000,44.000000000000000,0.0000000000000000
34.000000000000000,44.000000000000000,0.0000000000000000
35.000000000000000,44.000000000000000,0.0000000000000000
36.000000000000000,44.000000000000000,0.0000000000000000
37.000000000000000,44.000000000000000,0.0000000000000000
38.000000000000000,44.000000000000000,0.0000000000000000
39.000000000000000,44.000000000000000,0.0000000000000000
40.000000000000000,44.000000000000000,0.0000000000000000
41.000000000000000,44.000000000000000,0.0000000000000000
42.000000000000000,44.000000000000000,0.0000000000000000
43.000000000000000,44.000000000000000,0.0000000000000000
44.000000000000000,44.000000000000000,0.0000000000000000
45.000000000000000,44.000000000000000,0.0000000000000000
46.000000000000000,44.000000000000000,0.0000000000000000
47.000000000000000,44.000000000000000,0.0000000000000000
48.000000000000000,44.000000000000000,0.0000000000000000
49.000000000000000,44.000000000000000,0.0000000000000000
50.000000000000000,44.000000000000000,0.0000000000000000
51.000000000000000,44.000000000000000,0.0000000000000000
52.000000000000000,44.000000000000000,0.0000000000000000
53.000000000000000,44.000000000000000,0.0000000000000000
54.000000000000000,44.000000000000000,0.0000000000000000
55.000000000000000,44.000000000000000,0.0000000000000000
56.000000000000000,44.000000000000000,0.0000000000000000
57.000000000000000,44.000000000000000,0.0000000000000000
58.000000000000000,44.000000000000000,0.0000000000000000
59.000000000000000,44.000000000000000,0.0000000000000000
60.000000000000000,44.000000000000000,0.0000000000000000
61.000000000000000,44.000000000000000,0.0000000000000000
62.000000000000000,44.000000000000000,0.0000000000000000
63.000000000000000,44.000000000000000,0.0000000000000000
64.000000000000000,44.000000000000000,0.0000000000000000
65.000000000000000,44.000000000000000,0.0000000000000000
66.000000000000000,44.000000000000000,0.0000000000000000
67.000000000000000,44.000000000000000,0.0000000000000000
68.000000000000000,44.000000000000000,0.0000000000000000
69.000000000000000,44.000000000000000,0.0000000000000000
70.000000000000000,44.000000000000000,0.0000000000000000
71.000000000000000,44.000000000000000,0.0000000000000000
72.000000000000000,44.000000000000000,0.0000000000000000
73.000000000000000,44.000000000000000,0.0000000000000000
74.000000000000000,44.000000000000000,0.0000000000000000
75.000000000000000,44.000000000000000,0.0000000000000000
76.000000000000000,44.000000000000000,0.0000000000000000
77.000000000000000,44.000000000000000,0.0000000000000000
78.000000000000000,44.000000000000000,0.0000000000000000
79.000000000000000,44.000000000000000,0.0000000000000000
80.000000000000000,44.000000000000000,0.0000000000000000
81.000000000000000,44.000000000000000,0.0000000000000000
82.000000000000000,44.000000000000000,0.0000000000000000
83.000000000000000,44.000000000000000,0.0000000000000000
84.000000000000000,44.000000000000000,0.0000000000000000
85.000000000000000,44.000000000000000,0.0000000000000000
86.000000000000000,44.000000000000000,0.0000000000000000
87.000000000000000,44.000000000000000,0.0000000000000000
88.000000000000000,44.000000000000000,0.0000000000000000
89.000000000000000,44.000000000000000,0.0000000000000000
90.000000000000000,44.000000000000000,4.4000000953674316
91.000000000000000,44.000000000000000,0.0000000000000000
92.000000000000000,44.000000000000000,0.0000000000000000
93.000000000000000,44.000000000000000,0.0000000000000000
94.000000000000000,44.000000000000000,0.0000000000000000
95.000000000000000,44.000000000000000,0.0000000000000000
96.000000000000000,44.000000000000000,0.0000000000000000
97.000000000000000,44.000000000000000,0.0000000000000000
98.000000000000000,44.000000000000000,0.0000000000000000
99.000000000000000,44.000000000000000,0.0000000000000000
100.00000000000000,44.000000000000000,0.0000000000000000
101.00000000000000,44.000000000000000,0.0000000000000000
102.00000000000000,44.000000000000000,0.0000000000000000
103.00000000000000,44.000000000000000,0.0000000000000000
104.00000000000000,44.000000000000000,0.0000000000000000
105.00000000000000,44.000000000000000,0.0000000000000000
106.00000000000000,44.000000000000000,0.0000000000000000
107.00000000000000,44.000000000000000,0.0000000000000000
108.00000000000000,44.000000000000000,0.0000000000000000
109.00000000000000,44.000000000000000,0.0000000000000000
110.00000000000000,44.000000000000000,0.0000000000000000
111.00000000000000,44.000000000000000,0.0000000000000000
112.00000000000000,44.000000000000000,0.0000000000000000
113.00000000000000,44.000000000000000,0.0000000000000000
1.0000000000000000,45.000000000000000,0.0000000000000000
2.0000000000000000,45.000000000000000,0.0000000000000000
3.0000000000000000,45.000000000000000,0.0000000000000000
4.0000000000000000,45.000000000000000,0.0000000000000000
5.0000000000000000,45.000000000000000,0.0000000000000000
6.0000000000000000,45.000000000000000,0.0000000000000000
7.0000000000000000,45.000000000000000,0.0000000000000000
8.0000000000000000,45.000000000000000,0.0000000000000000
9.0000000000000000,45.000000000000000,0.0000000000000000
10.000000000000000,45.000000000000000,0.0000000000000000
11.000000000000000,45.000000000000000,0.0000000000000000
12.000000000000000,45.000000000000000,0.0000000000000000
13.000000000000000,45.000000000000000,0.0000000000000000
14.000000000000000,45.000000000000000,0.0000000000000000
15.000000000000000,45.000000000000000,0.0000000000000000
16.000000000000000,45.000000000000000,0.0000000000000000
17.000000000000000,45.000000000000000,0.0000000000000000
18.000000000000000,45.000000000000000,0.0000000000000000
19.000000000000000,45.000000000000000,0.0000000000000000
20.000000000000000,45.000000000000000,0.0000000000000000
21.000000000000000,45.000000000000000,0.0000000000000000
22.000000000000000,45.000000000000000,0.0000000000000000
23.000000000000000,45.000000000000000,0.0000000000000000
24.000000000000000,45.000000000000000,0.0000000000000000
25.000000000000000,45.000000000000000,0.0000000000000000
26.000000000000000,45.000000000000000,0.0000000000000000
27.000000000000000,45.000000000000000,0.0000000000000000
28.000000000000000,45.000000000000000,0.0000000000000000
29.000000000000000,45.000000000000000,0.0000000000000000
30.000000000000000,45.000000000000000,0.0000000000000000
31.000000000000000,45.000000000000000,0.0000000000000000
32.000000000000000,45.000000000000000,0.0000000000000000
33.000000000000000,45.000000000000000,0.0000000000000000
34.000000000000000,45.000000000000000,0.0000000000000000
35.000000000000000,45.000000000000000,0.0000000000000000
36.000000000000000,45.000000000000000,0.0000000000000000
37.000000000000000,45.000000000000000,0.0000000000000000
38.000000000000000,45.000000000000000,0.0000000000000000
39.000000000000000,45.000000000000000,0.0000000000000000
40.000000000000000,45.000000000000000,0.0000000000000000
41.000000000000000,45.000000000000000,0.0000000000000000
42.000000000000000,45.000000000000000,0.0000000000000000
43.000000000000000,45.000000000000000,0.0000000000000000
44.000000000000000,45.000000000000000,0.0000000000000000
45.000000000000000,45.000000000000000,0.0000000000000000
46.000000000000000,45.000000000000000,0.0000000000000000
47.000000000000000,45.000000000000000,0.0000000000000000
48.000000000000000,45.000000000000000,0.0000000000000000
49.000000000000000,45.000000000000000,0.0000000000000000
50.000000000000000,45.000000000000000,0.0000000000000000
51.000000000000000,45.000000000000000,0.0000000000000000
52.000000000000000,45.000000000000000,0.0000000000000000
53.000000000000000,45.000000000000000,0.0000000000000000
54.000000000000000,45.000000000000000,0.0000000000000000
55.000000000000000,45.000000000000000,0.0000000000000000
56.000000000000000,45.000000000000000,0.0000000000000000
57.000000000000000,45.000000000000000,0.0000000000000000
58.000000000000000,45.000000000000000,0.0000000000000000
59.000000000000000,45.000000000000000,0.0000000000000000
60.000000000000000,45.000000000000000,0.0000000000000000
61.000000000000000,45.000000000000000,0.0000000000000000
62.000000000000000,45.000000000000000,0.0000000000000000
63.000000000000000,45.000000000000000,0.0000000000000000
64.000000000000000,45.000000000000000,0.0000000000000000
65.000000000000000,45.000000000000000,0.0000000000000000
66.000000000000000,45.000000000000000,0.0000000000000000
67.000000000000000,45.000000000000000,0.0000000000000000
68.000000000000000,45.000000000000000,0.0000000000000000
69.000000000000000,45.000000000000000,0.0000000000000000
70.000000000000000,45.000000000000000,0.0000000000000000
71.000000000000000,45.000000000000000,0.0000000000000000
72.000000000000000,45.000000000000000,0.0000000000000000
73.000000000000000,45.000000000000000,0.0000000000000000
74.000000000000000,45.000000000000000,0.0000000000000000
75.000000000000000,45.000000000000000,0.0000000000000000
76.000000000000000,45.000000000000000,0.0000000000000000
77.000000000000000,45.000000000000000,0.0000000000000000
78.000000000000000,45.000000000000000,0.0000000000000000
79.000000000000000,45.000000000000000,0.0000000000000000
80.000000000000000,45.000000000000000,0.0000000000000000
81.000000000000000,45.000000000000000,0.0000000000000000
82.000000000000000,45.000000000000000,0.0000000000000000
83.000000000000000,45.000000000000000,0.0000000000000000
84.000000000000000,45.000000000000000,0.0000000000000000
85.000000000000000,45.000000000000000,0.0000000000000000
86.000000000000000,45.000000000000000,0.0000000000000000
87.000000000000000,45.000000000000000,0.0000000000000000
88.000000000000000,45.000000000000000,0.0000000000000000
89.000000000000000,45.000000000000000,0.0000000000000000
90.000000000000000,45.000000000000000,4.4000000953674316
91.000000000000000,45.000000000000000,0.0000000000000000
92.000000000000000,45.000000000000000,0.0000000000000000
93.000000000000000,45.000000000000000,0.0000000000000000
94.000000000000000,45.000000000000000,0.0000000000000000
95.000000000000000,45.000000000000000,0.0000000000000000
96.000000000000000,45.000000000000000,0.0000000000000000
97.000000000000000,45.000000000000000,0.0000000000000000
98.000000000000000,45.000000000000000,0.0000000000000000
99.000000000000000,45.000000000000000,0.0000000000000000
100.00000000000000,45.000000000000000,0.0000000000000000
101.00000000000000,45.000000000000000,0.0000000000000000
102.00000000000000,45.000000000000000,0.0000000000000000
103.00000000000000,45.000000000000000,0.0000000000000000
104.00000000000000,45.000000000000000,0.0000000000000000
105.00000000000000,45.000000000000000,0.0000000000000000
106.00000000000000,45.000000000000000,0.0000000000000000
107.00000000000000,45.000000000000000,0.0000000000000000
108.00000000000000,45.000000000000000,0.0000000000000000
109.00000000000000,45.000000000000000,0.0000000000000000
110.00000000000000,45.000000000000000,0.0000000000000000
111.00000000000000,45.000000000000000,0.0000000000000000
112.00000000000000,45.000000000000000,0.0000000000000000
113.00000000000000,45.000000000000000,0.0000000000000000
1.0000000000000000,46.000000000000000,0.0000000000000000
2.0000000000000000,46.000000000000000,0.0000000000000000
3.0000000000000000,46.000000000000000,0.0000000000000000
4.0000000000000000,46.000000000000000,0.0000000000000000
5.0000000000000000,46.000000000000000,0.0000000000000000
6.0000000000000000,46.000000000000000,0.0000000000000000
7.0000000000000000,46.000000000000000,0.0000000000000000
8.0000000000000000,46.000000000000000,0.0000000000000000
9.0000000000000000,46.000000000000000,0.0000000000000000
10.000000000000000,46.000000000000000,0.0000000000000000
11.000000000000000,46.000000000000000,0.0000000000000000
12.000000000000000,46.000000000000000,0.0000000000000000
13.000000000000000,46.000000000000000,0.0000000000000000
14.000000000000000,46.000000000000000,0.0000000000000000
15.000000000000000,46.000000000000000,0.0000000000000000
16.000000000000000,46.000000000000000,0.0000000000000000
17.000000000000000,46.000000000000000,0.0000000000000000
18.000000000000000,46.000000000000000,0.0000000000000000
19.000000000000000,46.000000000000000,0.0000000000000000
20.000000000000000,46.000000000000000,0.0000000000000000
21.000000000000000,46.000000000000000,0.0000000000000000
22.000000000000000,46.000000000000000,0.0000000000000000
23.000000000000000,46.000000000000000,0.0000000000000000
24.000000000000000,46.000000000000000,0.0000000000000000
25.000000000000000,46.000000000000000,0.0000000000000000
26.000000000000000,46.000000000000000,0.0000000000000000
27.000000000000000,46.000000000000000,0.0000000000000000
28.000000000000000,46.000000000000000,0.0000000000000000
29.000000000000000,46.000000000000000,0.0000000000000000
30.000000000000000,46.000000000000000,0.0000000000000000
31.000000000000000,46.000000000000000,0.0000000000000000
32.000000000000000,46.000000000000000,0.0000000000000000
33.000000000000000,46.000000000000000,0.0000000000000000
34.000000000000000,46.000000000000000,0.0000000000000000
35.000000000000000,46.000000000000000,0.0000000000000000
36.000000000000000,46.000000000000000,0.0000000000000000
37.000000000000000,46.000000000000000,0.0000000000000000
38.000000000000000,46.000000000000000,0.0000000000000000
39.000000000000000,46.000000000000000,0.0000000000000000
40.000000000000000,46.000000000000000,0.0000000000000000
41.000000000000000,46.000000000000000,0.0000000000000000
42.000000000000000,46.000000000000000,0.0000000000000000
43.000000000000000,46.000000000000000,0.0000000000000000
44.000000000000000,46.000000000000000,0.0000000000000000
45.000000000000000,46.000000000000000,0.0000000000000000
46.000000000000000,46.000000000000000,0.0000000000000000
47.000000000000000,46.000000000000000,0.0000000000000000
48.000000000000000,46.000000000000000,0.0000000000000000
49.000000000000000,46.000000000000000,0.0000000000000000
50.000000000000000,46.000000000000000,0.0000000000000000
51.000000000000000,46.000000000000000,0.0000000000000000
52.000000000000000,46.000000000000000,0.0000000000000000
53.000000000000000,46.000000000000000,0.0000000000000000
54.000000000000000,46.000000000000000,0.0000000000000000
55.000000000000000,46.000000000000000,0.0000000000000000
56.000000000000000,46.000000000000000,0.0000000000000000
57.000000000000000,46.000000000000000,0.0000000000000000
58.000000000000000,46.000000000000000,0.0000000000000000
59.000000000000000,46.000000000000000,0.0000000000000000
60.000000000000000,46.000000000000000,0.0000000000000000
61.000000000000000,46.000000000000000,0.0000000000000000
62.000000000000000,46.000000000000000,0.0000000000000000
63.000000000000000,46.000000000000000,0.0000000000000000
64.000000000000000,46.000000000000000,0.0000000000000000
65.000000000000000,46.000000000000000,0.0000000000000000
66.000000000000000,46.000000000000000,0.0000000000000000
67.000000000000000,46.000000000000000,0.0000000000000000
68.000000000000000,46.000000000000000,0.0000000000000000
69.000000000000000,46.000000000000000,0.0000000000000000
70.000000000000000,46.000000000000000,0.0000000000000000
71.000000000000000,46.000000000000000,0.0000000000000000
72.000000000000000,46.000000000000000,0.0000000000000000
73.000000000000000,46.000000000000000,0.0000000000000000
74.000000000000000,46.000000000000000,0.0000000000000000
75.000000000000000,46.000000000000000,0.0000000000000000
76.000000000000000,46.000000000000000,0.0000000000000000
77.000000000000000,46.000000000000000,0.0000000000000000
78.000000000000000,46.000000000000000,0.0000000000000000
79.000000000000000,46.000000000000000,0.0000000000000000
80.000000000000000,46.000000000000000,0.0000000000000000
81.000000000000000,46.000000000000000,0.0000000000000000
82.000000000000000,46.000000000000000,0.0000000000000000
83.000000000000000,46.000000000000000,0.0000000000000000
84.000000000000000,46.000000000000000,0.0000000000000000
85.000000000000000,46.000000000000000,0.0000000000000000
86.000000000000000,46.000000000000000,0.0000000000000000
87.000000000000000,46.000000000000000,0.0000000000000000
88.000000000000000,46.000000000000000,0.0000000000000000
89.000000000000000,46.000000000000000,0.0000000000000000
90.000000000000000,46.000000000000000,4.4000000953674316
91.000000000000000,46.000000000000000,0.0000000000000000
92.000000000000000,46.000000000000000,0.0000000000000000
93.000000000000000,46.000000000000000,0.0000000000000000
94.000000000000000,46.000000000000000,0.0000000000000000
95.000000000000000,46.000000000000000,0.0000000000000000
96.000000000000000,46.000000000000000,0.0000000000000000
97.000000000000000,46.000000000000000,0.0000000000000000
98.000000000000000,46.000000000000000,0.0000000000000000
99.000000000000000,46.000000000000000,0.0000000000000000
100.00000000000000,46.000000000000000,0.0000000000000000
101.00000000000000,46.000000000000000,0.0000000000000000
102.00000000000000,46.000000000000000,0.0000000000000000
103.00000000000000,46.000000000000000,0.0000000000000000
104.00000000000000,46.000000000000000,0.0000000000000000
105.00000000000000,46.000000000000000,0.0000000000000000
106.00000000000000,46.000000000000000,0.0000000000000000
107.00000000000000,46.000000000000000,0.0000000000000000
108.00000000000000,46.000000000000000,0.0000000000000000
109.00000000000000,46.000000000000000,0.0000000000000000
110.00000000000000,46.000000000000000,0.0000000000000000
111.00000000000000,46.000000000000000,0.0000000000000000
112.00000000000000,46.000000000000000,0.0000000000000000
113.00000000000000,46.000000000000000,0.0000000000000000
1.0000000000000000,47.000000000000000,0.0000000000000000
2.0000000000000000,47.000000000000000,0.0000000000000000
3.0000000000000000,47.000000000000000,0.0000000000000000
4.0000000000000000,47.000000000000000,0.0000000000000000
5.0000000000000000,47.000000000000000,0.0000000000000000
6.0000000000000000,47.000000000000000,0.0000000000000000
7.0000000000000000,47.000000000000000,0.0000000000000000
8.0000000000000000,47.000000000000000,0.0000000000000000
9.0000000000000000,47.000000000000000,0.0000000000000000
10.000000000000000,47.000000000000000,0.0000000000000000
11.000000000000000,47.000000000000000,0.0000000000000000
12.000000000000000,47.000000000000000,0.0000000000000000
13.000000000000000,47.000000000000000,0.0000000000000000
14.000000000000000,47.000000000000000,0.0000000000000000
15.000000000000000,47.000000000000000,0.0000000000000000
16.000000000000000,47.000000000000000,0.0000000000000000
17.000000000000000,47.000000000000000,0.0000000000000000
18.000000000000000,47.000000000000000,0.0000000000000000
19.000000000000000,47.000000000000000,0.0000000000000000
20.000000000000000,47.000000000000000,0.0000000000000000
21.000000000000000,47.000000000000000,0.0000000000000000
22.000000000000000,47.000000000000000,0.0000000000000000
23.000000000000000,47.000000000000000,0.0000000000000000
24.000000000000000,47.000000000000000,0.0000000000000000
25.000000000000000,47.000000000000000,0.0000000000000000
26.000000000000000,47.000000000000000,0.0000000000000000
27.000000000000000,47.000000000000000,0.0000000000000000
28.000000000000000,47.000000000000000,0.0000000000000000
29.000000000000000,47.000000000000000,0.0000000000000000
30.000000000000000,47.000000000000000,0.0000000000000000
31.000000000000000,47.000000000000000,0.0000000000000000
32.000000000000000,47.000000000000000,0.0000000000000000
33.000000000000000,47.000000000000000,0.0000000000000000
34.000000000000000,47.000000000000000,0.0000000000000000
35.000000000000000,47.000000000000000,0.0000000000000000
36.000000000000000,47.000000000000000,0.0000000000000000
37.000000000000000,47.000000000000000,0.0000000000000000
38.000000000000000,47.000000000000000,0.0000000000000000
39.000000000000000,47.000000000000000,0.0000000000000000
40.000000000000000,47.000000000000000,0.0000000000000000
41.000000000000000,47.000000000000000,0.0000000000000000
42.000000000000000,47.000000000000000,0.0000000000000000
43.000000000000000,47.000000000000000,0.0000000000000000
44.000000000000000,47.000000000000000,0.0000000000000000
45.000000000000000,47.000000000000000,0.0000000000000000
46.000000000000000,47.000000000000000,0.0000000000000000
47.000000000000000,47.000000000000000,0.0000000000000000
48.000000000000000,47.000000000000000,0.0000000000000000
49.000000000000000,47.000000000000000,0.0000000000000000
50.000000000000000,47.000000000000000,0.0000000000000000
51.000000000000000,47.000000000000000,0.0000000000000000
52.000000000000000,47.000000000000000,0.0000000000000000
53.000000000000000,47.000000000000000,0.0000000000000000
54.000000000000000,47.000000000000000,0.0000000000000000
55.000000000000000,47.000000000000000,0.0000000000000000
56.000000000000000,47.000000000000000,0.0000000000000000
57.000000000000000,47.000000000000000,0.0000000000000000
58.000000000000000,47.000000000000000,0.0000000000000000
59.000000000000000,47.000000000000000,0.0000000000000000
60.000000000000000,47.000000000000000,0.0000000000000000
61.000000000000000,47.000000000000000,0.0000000000000000
62.000000000000000,47.000000000000000,0.0000000000000000
63.000000000000000,47.000000000000000,0.0000000000000000
64.000000000000000,47.000000000000000,0.0000000000000000
65.000000000000000,47.000000000000000,0.0000000000000000
66.000000000000000,47.000000000000000,0.0000000000000000
67.000000000000000,47.000000000000000,0.0000000000000000
68.000000000000000,47.000000000000000,0.0000000000000000
69.000000000000000,47.000000000000000,0.0000000000000000
70.000000000000000,47.000000000000000,0.0000000000000000
71.000000000000000,47.000000000000000,0.0000000000000000
72.000000000000000,47.000000000000000,0.0000000000000000
73.000000000000000,47.000000000000000,0.0000000000000000
74.000000000000000,47.000000000000000,0.0000000000000000
75.000000000000000,47.000000000000000,0.0000000000000000
76.000000000000000,47.000000000000000,0.0000000000000000
77.000000000000000,47.000000000000000,0.0000000000000000
78.000000000000000,47.000000000000000,0.0000000000000000
79.000000000000000,47.000000000000000,0.0000000000000000
80.000000000000000,47.000000000000000,0.0000000000000000
81.000000000000000,47.000000000000000,0.0000000000000000
82.000000000000000,47.000000000000000,0.0000000000000000
83.000000000000000,47.000000000000000,0.0000000000000000
84.000000000000000,47.000000000000000,0.0000000000000000
85.000000000000000,47.000000000000000,0.0000000000000000
86.000000000000000,47.000000000000000,0.0000000000000000
87.000000000000000,47.000000000000000,0.0000000000000000
88.000000000000000,47.000000000000000,0.0000000000000000
89.000000000000000,47.000000000000000,0.0000000000000000
90.000000000000000,47.000000000000000,4.9000000953674316
91.000000000000000,47.000000000000000,0.0000000000000000
92.000000000000000,47.000000000000000,0.0000000000000000
93.000000000000000,47.000000000000000,0.0000000000000000
94.000000000000000,47.000000000000000,0.0000000000000000
95.000000000000000,47.000000000000000,0.0000000000000000
96.000000000000000,47.000000000000000,0.0000000000000000
97.000000000000000,47.000000000000000,0.0000000000000000
98.000000000000000,47.000000000000000,0.0000000000000000
99.000000000000000,47.000000000000000,0.0000000000000000
100.00000000000000,47.000000000000000,0.0000000000000000
101.00000000000000,47.000000000000000,0.0000000000000000
102.00000000000000,47.000000000000000,0.0000000000000000
103.00000000000000,47.000000000000000,0.0000000000000000
104.00000000000000,47.000000000000000,0.0000000000000000
105.00000000000000,47.000000000000000,0.0000000000000000
106.00000000000000,47.000000000000000,0.0000000000000000
107.00000000000000,47.000000000000000,0.0000000000000000
108.00000000000000,47.000000000000000,0.0000000000000000
109.00000000000000,47.000000000000000,0.0000000000000000
110.00000000000000,47.000000000000000,0.0000000000000000
111.00000000000000,47.000000000000000,0.0000000000000000
112.00000000000000,47.000000000000000,0.0000000000000000
113.00000000000000,47.000000000000000,0.0000000000000000
1.0000000000000000,48.000000000000000,0.0000000000000000
2.0000000000000000,48.000000000000000,0.0000000000000000
3.0000000000000000,48.000000000000000,0.0000000000000000
4.0000000000000000,48.000000000000000,0.0000000000000000
5.0000000000000000,48.000000000000000,0.0000000000000000
6.0000000000000000,48.000000000000000,0.0000000000000000
7.0000000000000000,48.000000000000000,0.0000000000000000
8.0000000000000000,48.000000000000000,0.0000000000000000
9.0000000000000000,48.000000000000000,0.0000000000000000
10.000000000000000,48.000000000000000,0.0000000000000000
11.000000000000000,48.000000000000000,0.0000000000000000
12.000000000000000,48.000000000000000,0.0000000000000000
13.000000000000000,48.000000000000000,0.0000000000000000
14.000000000000000,48.000000000000000,0.0000000000000000
15.000000000000000,48.000000000000000,0.0000000000000000
16.000000000000000,48.000000000000000,0.0000000000000000
17.000000000000000,48.000000000000000,0.0000000000000000
18.000000000000000,48.000000000000000,0.0000000000000000
19.000000000000000,48.000000000000000,0.0000000000000000
20.000000000000000,48.000000000000000,0.0000000000000000
21.000000000000000,48.000000000000000,0.0000000000000000
22.000000000000000,48.000000000000000,0.0000000000000000
23.000000000000000,48.000000000000000,0.0000000000000000
24.000000000000000,48.000000000000000,0.0000000000000000
25.000000000000000,48.000000000000000,0.0000000000000000
26.000000000000000,48.000000000000000,0.0000000000000000
27.000000000000000,48.000000000000000,0.0000000000000000
28.000000000000000,48.000000000000000,0.0000000000000000
29.000000000000000,48.000000000000000,0.0000000000000000
30.000000000000000,48.000000000000000,0.0000000000000000
31.000000000000000,48.000000000000000,0.0000000000000000
32.000000000000000,48.000000000000000,0.0000000000000000
33.000000000000000,48.000000000000000,0.0000000000000000
34.000000000000000,48.000000000000000,0.0000000000000000
35.000000000000000,48.000000000000000,0.0000000000000000
36.000000000000000,48.000000000000000,0.0000000000000000
37.000000000000000,48.000000000000000,0.0000000000000000
38.000000000000000,48.000000000000000,0.0000000000000000
39.000000000000000,48.000000000000000,0.0000000000000000
40.000000000000000,48.000000000000000,0.0000000000000000
41.000000000000000,48.000000000000000,0.0000000000000000
42.000000000000000,48.000000000000000,0.0000000000000000
43.000000000000000,48.000000000000000,0.0000000000000000
44.000000000000000,48.000000000000000,0.0000000000000000
45.000000000000000,48.000000000000000,0.0000000000000000
46.000000000000000,48.000000000000000,0.0000000000000000
47.000000000000000,48.000000000000000,0.0000000000000000
48.000000000000000,48.000000000000000,0.0000000000000000
49.000000000000000,48.000000000000000,0.0000000000000000
50.000000000000000,48.000000000000000,0.0000000000000000
51.000000000000000,48.000000000000000,0.0000000000000000
52.000000000000000,48.000000000000000,0.0000000000000000
53.000000000000000,48.000000000000000,0.0000000000000000
54.000000000000000,48.000000000000000,0.0000000000000000
55.000000000000000,48.000000000000000,0.0000000000000000
56.000000000000000,48.000000000000000,0.0000000000000000
57.000000000000000,48.000000000000000,0.0000000000000000
58.000000000000000,48.000000000000000,0.0000000000000000
59.000000000000000,48.000000000000000,0.0000000000000000
60.000000000000000,48.000000000000000,0.0000000000000000
61.000000000000000,48.000000000000000,0.0000000000000000
62.000000000000000,48.000000000000000,0.0000000000000000
63.000000000000000,48.000000000000000,0.0000000000000000
64.000000000000000,48.000000000000000,0.0000000000000000
65.000000000000000,48.000000000000000,0.0000000000000000
66.000000000000000,48.000000000000000,0.0000000000000000
67.000000000000000,48.000000000000000,0.0000000000000000
68.000000000000000,48.000000000000000,0.0000000000000000
69.000000000000000,48.000000000000000,0.0000000000000000
70.000000000000000,48.000000000000000,0.0000000000000000
71.000000000000000,48.000000000000000,0.0000000000000000
72.000000000000000,48.000000000000000,0.0000000000000000
73.000000000000000,48.000000000000000,0.0000000000000000
74.000000000000000,48.000000000000000,0.0000000000000000
75.000000000000000,48.000000000000000,0.0000000000000000
76.000000000000000,48.000000000000000,0.0000000000000000
77.000000000000000,48.000000000000000,0.0000000000000000
78.000000000000000,48.000000000000000,0.0000000000000000
79.000000000000000,48.000000000000000,0.0000000000000000
80.000000000000000,48.000000000000000,0.0000000000000000
81.000000000000000,48.000000000000000,0.0000000000000000
82.000000000000000,48.000000000000000,0.0000000000000000
83.000000000000000,48.000000000000000,0.0000000000000000
84.000000000000000,48.000000000000000,0.0000000000000000
85.000000000000000,48.000000000000000,0.0000000000000000
86.000000000000000,48.000000000000000,0.0000000000000000
87.000000000000000,48.000000000000000,0.0000000000000000
88.000000000000000,48.000000000000000,0.0000000000000000
89.000000000000000,48.000000000000000,0.0000000000000000
90.000000000000000,48.000000000000000,4.9000000953674316
91.000000000000000,48.000000000000000,0.0000000000000000
92.000000000000000,48.000000000000000,0.0000000000000000
93.000000000000000,48.000000000000000,0.0000000000000000
94.000000000000000,48.000000000000000,0.0000000000000000
95.000000000000000,48.000000000000000,0.0000000000000000
96.000000000000000,48.000000000000000,0.0000000000000000
97.000000000000000,48.000000000000000,0.0000000000000000
98.000000000000000,48.000000000000000,0.0000000000000000
99.000000000000000,48.000000000000000,0.0000000000000000
100.00000000000000,48.000000000000000,0.0000000000000000
101.00000000000000,48.000000000000000,0.0000000000000000
102.00000000000000,48.000000000000000,0.0000000000000000
103.00000000000000,48.000000000000000,0.0000000000000000
104.00000000000000,48.000000000000000,0.0000000000000000
105.00000000000000,48.000000000000000,0.0000000000000000
106.00000000000000,48.000000000000000,0.0000000000000000
107.00000000000000,48.000000000000000,0.0000000000000000
108.00000000000000,48.000000000000000,0.0000000000000000
109.00000000000000,48.000000000000000,0.0000000000000000
110.00000000000000,48.000000000000000,0.0000000000000000
111.00000000000000,48.000000000000000,0.0000000000000000
112.00000000000000,48.000000000000000,0.0000000000000000
113.00000000000000,48.000000000000000,0.0000000000000000
1.0000000000000000,49.000000000000000,0.0000000000000000
2.0000000000000000,49.000000000000000,0.0000000000000000
3.0000000000000000,49.000000000000000,0.0000000000000000
4.0000000000000000,49.000000000000000,0.0000000000000000
5.0000000000000000,49.000000000000000,0.0000000000000000
6.0000000000000000,49.000000000000000,0.0000000000000000
7.0000000000000000,49.000000000000000,0.0000000000000000
8.0000000000000000,49.000000000000000,0.0000000000000000
9.0000000000000000,49.000000000000000,0.0000000000000000
10.000000000000000,49.000000000000000,0.0000000000000000
11.000000000000000,49.000000000000000,0.0000000000000000
12.000000000000000,49.000000000000000,0.0000000000000000
13.000000000000000,49.000000000000000,0.0000000000000000
14.000000000000000,49.000000000000000,0.0000000000000000
15.000000000000000,49.000000000000000,0.0000000000000000
16.000000000000000,49.000000000000000,0.0000000000000000
17.000000000000000,49.000000000000000,0.0000000000000000
18.000000000000000,49.000000000000000,0.0000000000000000
19.000000000000000,49.000000000000000,0.0000000000000000
20.000000000000000,49.000000000000000,0.0000000000000000
21.000000000000000,49.000000000000000,0.0000000000000000
22.000000000000000,49.000000000000000,0.0000000000000000
23.000000000000000,49.000000000000000,0.0000000000000000
24.000000000000000,49.000000000000000,0.0000000000000000
25.000000000000000,49.000000000000000,0.0000000000000000
26.000000000000000,49.000000000000000,0.0000000000000000
27.000000000000000,49.000000000000000,0.0000000000000000
28.000000000000000,49.000000000000000,0.0000000000000000
29.000000000000000,49.000000000000000,0.0000000000000000
30.000000000000000,49.000000000000000,0.0000000000000000
31.000000000000000,49.000000000000000,0.0000000000000000
32.000000000000000,49.000000000000000,0.0000000000000000
33.000000000000000,49.000000000000000,0.0000000000000000
34.000000000000000,49.000000000000000,0.0000000000000000
35.000000000000000,49.000000000000000,0.0000000000000000
36.000000000000000,49.000000000000000,0.0000000000000000
37.000000000000000,49.000000000000000,0.0000000000000000
38.000000000000000,49.000000000000000,0.0000000000000000
39.000000000000000,49.000000000000000,0.0000000000000000
40.000000000000000,49.000000000000000,0.0000000000000000
41.000000000000000,49.000000000000000,0.0000000000000000
42.000000000000000,49.000000000000000,0.0000000000000000
43.000000000000000,49.000000000000000,0.0000000000000000
44.000000000000000,49.000000000000000,0.0000000000000000
45.000000000000000,49.000000000000000,0.0000000000000000
46.000000000000000,49.000000000000000,0.0000000000000000
47.000000000000000,49.000000000000000,0.0000000000000000
48.000000000000000,49.000000000000000,0.0000000000000000
49.000000000000000,49.000000000000000,0.0000000000000000
50.000000000000000,49.000000000000000,0.0000000000000000
51.000000000000000,49.000000000000000,0.0000000000000000
52.000000000000000,49.000000000000000,0.0000000000000000
53.000000000000000,49.000000000000000,0.0000000000000000
54.000000000000000,49.000000000000000,0.0000000000000000
55.000000000000000,49.000000000000000,0.0000000000000000
56.000000000000000,49.000000000000000,0.0000000000000000
57.000000000000000,49.000000000000000,0.0000000000000000
58.000000000000000,49.000000000000000,0.0000000000000000
59.000000000000000,49.000000000000000,0.0000000000000000
60.000000000000000,49.000000000000000,0.0000000000000000
61.000000000000000,49.000000000000000,0.0000000000000000
62.000000000000000,49.000000000000000,0.0000000000000000
63.000000000000000,49.000000000000000,0.0000000000000000
64.000000000000000,49.000000000000000,0.0000000000000000
65.000000000000000,49.000000000000000,0.0000000000000000
66.000000000000000,49.000000000000000,0.0000000000000000
67.000000000000000,49.000000000000000,0.0000000000000000
68.000000000000000,49.000000000000000,0.0000000000000000
69.000000000000000,49.000000000000000,0.0000000000000000
70.000000000000000,49.000000000000000,0.0000000000000000
71.000000000000000,49.000000000000000,0.0000000000000000
72.000000000000000,49.000000000000000,0.0000000000000000
73.000000000000000,49.000000000000000,0.0000000000000000
74.000000000000000,49.000000000000000,0.0000000000000000
75.000000000000000,49.000000000000000,0.0000000000000000
76.000000000000000,49.000000000000000,0.0000000000000000
77.000000000000000,49.000000000000000,0.0000000000000000
78.000000000000000,49.000000000000000,0.0000000000000000
79.000000000000000,49.000000000000000,0.0000000000000000
80.000000000000000,49.000000000000000,0.0000000000000000
81.000000000000000,49.000000000000000,0.0000000000000000
82.000000000000000,49.000000000000000,0.0000000000000000
83.000000000000000,49.000000000000000,0.0000000000000000
84.000000000000000,49.000000000000000,0.0000000000000000
85.000000000000000,49.000000000000000,0.0000000000000000
86.000000000000000,49.000000000000000,0.0000000000000000
87.000000000000000,49.000000000000000,0.0000000000000000
88.000000000000000,49.000000000000000,0.0000000000000000
89.000000000000000,49.000000000000000,0.0000000000000000
90.000000000000000,49.000000000000000,4.9000000953674316
91.000000000000000,49.000000000000000,4.9000000953674316
92.000000000000000,49.000000000000000,0.0000000000000000
93.000000000000000,49.000000000000000,0.0000000000000000
94.000000000000000,49.000000000000000,0.0000000000000000
95.000000000000000,49.000000000000000,0.0000000000000000
96.000000000000000,49.000000000000000,0.0000000000000000
97.000000000000000,49.000000000000000,0.0000000000000000
98.000000000000000,49.000000000000000,0.0000000000000000
99.000000000000000,49.000000000000000,0.0000000000000000
100.00000000000000,49.000000000000000,0.0000000000000000
101.00000000000000,49.000000000000000,0.0000000000000000
102.00000000000000,49.000000000000000,0.0000000000000000
103.00000000000000,49.000000000000000,0.0000000000000000
104.00000000000000,49.000000000000000,0.0000000000000000
105.00000000000000,49.000000000000000,0.0000000000000000
106.00000000000000,49.000000000000000,0.0000000000000000
107.00000000000000,49.000000000000000,0.0000000000000000
108.00000000000000,49.000000000000000,0.0000000000000000
109.00000000000000,49.000000000000000,0.0000000000000000
110.00000000000000,49.000000000000000,0.0000000000000000
111.00000000000000,49.000000000000000,0.0000000000000000
112.00000000000000,49.000000000000000,0.0000000000000000
113.00000000000000,49.000000000000000,0.0000000000000000
1.0000000000000000,50.000000000000000,0.0000000000000000
2.0000000000000000,50.000000000000000,0.0000000000000000
3.0000000000000000,50.000000000000000,0.0000000000000000
4.0000000000000000,50.000000000000000,0.0000000000000000
5.0000000000000000,50.000000000000000,0.0000000000000000
6.0000000000000000,50.000000000000000,0.0000000000000000
7.0000000000000000,50.000000000000000,0.0000000000000000
8.0000000000000000,50.000000000000000,0.0000000000000000
9.0000000000000000,50.000000000000000,0.0000000000000000
10.000000000000000,50.000000000000000,0.0000000000000000
11.000000000000000,50.000000000000000,0.0000000000000000
12.000000000000000,50.000000000000000,0.0000000000000000
13.000000000000000,50.000000000000000,0.0000000000000000
14.000000000000000,50.000000000000000,0.0000000000000000
15.000000000000000,50.000000000000000,0.0000000000000000
16.000000000000000,50.000000000000000,0.0000000000000000
17.000000000000000,50.000000000000000,0.0000000000000000
18.000000000000000,50.000000000000000,0.0000000000000000
19.000000000000000,50.000000000000000,0.0000000000000000
20.000000000000000,50.000000000000000,0.0000000000000000
21.000000000000000,50.000000000000000,0.0000000000000000
22.000000000000000,50.000000000000000,0.0000000000000000
23.000000000000000,50.000000000000000,0.0000000000000000
24.000000000000000,50.000000000000000,0.0000000000000000
25.000000000000000,50.000000000000000,0.0000000000000000
26.000000000000000,50.000000000000000,0.0000000000000000
27.000000000000000,50.000000000000000,0.0000000000000000
28.000000000000000,50.000000000000000,0.0000000000000000
29.000000000000000,50.000000000000000,0.0000000000000000
30.000000000000000,50.000000000000000,0.0000000000000000
31.000000000000000,50.000000000000000,0.0000000000000000
32.000000000000000,50.000000000000000,0.0000000000000000
33.000000000000000,50.000000000000000,0.0000000000000000
34.000000000000000,50.000000000000000,0.0000000000000000
35.000000000000000,50.000000000000000,0.0000000000000000
36.000000000000000,50.000000000000000,0.0000000000000000
37.000000000000000,50.000000000000000,0.0000000000000000
38.000000000000000,50.000000000000000,0.0000000000000000
39.000000000000000,50.000000000000000,0.0000000000000000
40.000000000000000,50.000000000000000,0.0000000000000000
41.000000000000000,50.000000000000000,0.0000000000000000
42.000000000000000,50.000000000000000,0.0000000000000000
43.000000000000000,50.000000000000000,0.0000000000000000
44.000000000000000,50.000000000000000,0.0000000000000000
45.000000000000000,50.000000000000000,0.0000000000000000
46.000000000000000,50.000000000000000,0.0000000000000000
47.000000000000000,50.000000000000000,0.0000000000000000
48.000000000000000,50.000000000000000,0.0000000000000000
49.000000000000000,50.000000000000000,0.0000000000000000
50.000000000000000,50.000000000000000,0.0000000000000000
51.000000000000000,50.000000000000000,0.0000000000000000
52.000000000000000,50.000000000000000,0.0000000000000000
53.000000000000000,50.000000000000000,0.0000000000000000
54.000000000000000,50.000000000000000,0.0000000000000000
55.000000000000000,50.000000000000000,0.0000000000000000
56.000000000000000,50.000000000000000,0.0000000000000000
57.000000000000000,50.000000000000000,0.0000000000000000
58.000000000000000,50.000000000000000,0.0000000000000000
59.000000000000000,50.000000000000000,0.0000000000000000
60.000000000000000,50.000000000000000,0.0000000000000000
61.000000000000000,50.000000000000000,0.0000000000000000
62.000000000000000,50.000000000000000,0.0000000000000000
63.000000000000000,50.000000000000000,0.0000000000000000
64.000000000000000,50.000000000000000,0.0000000000000000
65.000000000000000,50.000000000000000,0.0000000000000000
66.000000000000000,50.000000000000000,0.0000000000000000
67.000000000000000,50.000000000000000,0.0000000000000000
68.000000000000000,50.000000000000000,0.0000000000000000
69.000000000000000,50.000000000000000,0.0000000000000000
70.000000000000000,50.000000000000000,0.0000000000000000
71.000000000000000,50.000000000000000,0.0000000000000000
72.000000000000000,50.000000000000000,0.0000000000000000
73.000000000000000,50.000000000000000,0.0000000000000000
74.000000000000000,50.000000000000000,0.0000000000000000
75.000000000000000,50.000000000000000,0.0000000000000000
76.000000000000000,50.000000000000000,0.0000000000000000
77.000000000000000,50.000000000000000,0.0000000000000000
78.000000000000000,50.000000000000000,0.0000000000000000
79.000000000000000,50.000000000000000,0.0000000000000000
80.000000000000000,50.000000000000000,0.0000000000000000
81.000000000000000,50.000000000000000,0.0000000000000000
82.000000000000000,50.000000000000000,0.0000000000000000
83.000000000000000,50.000000000000000,0.0000000000000000
84.000000000000000,50.000000000000000,0.0000000000000000
85.000000000000000,50.000000000000000,0.0000000000000000
86.000000000000000,50.000000000000000,0.0000000000000000
87.000000000000000,50.000000000000000,0.0000000000000000
88.000000000000000,50.000000000000000,0.0000000000000000
89.000000000000000,50.000000000000000,0.0000000000000000
90.000000000000000,50.000000000000000,0.0000000000000000
91.000000000000000,50.000000000000000,0.0000000000000000
92.000000000000000,50.000000000000000,0.0000000000000000
93.000000000000000,50.000000000000000,0.0000000000000000
94.000000000000000,50.000000000000000,0.0000000000000000
95.000000000000000,50.000000000000000,0.0000000000000000
96.000000000000000,50.000000000000000,0.0000000000000000
97.000000000000000,50.000000000000000,0.0000000000000000
98.000000000000000,50.000000000000000,0.0000000000000000
99.000000000000000,50.000000000000000,0.0000000000000000
100.00000000000000,50.000000000000000,0.0000000000000000
101.00000000000000,50.000000000000000,0.0000000000000000
102.00000000000000,50.000000000000000,0.0000000000000000
103.00000000000000,50.000000000000000,0.0000000000000000
104.00000000000000,50.000000000000000,0.0000000000000000
105.00000000000000,50.000000000000000,0.0000000000000000
106.00000000000000,50.000000000000000,0.0000000000000000
107.00000000000000,50.000000000000000,0.0000000000000000
108.00000000000000,50.000000000000000,0.0000000000000000
109.00000000000000,50.000000000000000,0.0000000000000000
110.00000000000000,50.000000000000000,0.0000000000000000
111.00000000000000,50.000000000000000,0.0000000000000000
112.00000000000000,50.000000000000000,0.0000000000000000
113.00000000000000,50.000000000000000,0.0000000000000000
1.0000000000000000,51.000000000000000,0.0000000000000000
2.0000000000000000,51.000000000000000,0.0000000000000000
3.0000000000000000,51.000000000000000,0.0000000000000000
4.0000000000000000,51.000000000000000,0.0000000000000000
5.0000000000000000,51.000000000000000,0.0000000000000000
6.0000000000000000,51.000000000000000,0.0000000000000000
7.0000000000000000,51.000000000000000,0.0000000000000000
8.0000000000000000,51.000000000000000,0.0000000000000000
9.0000000000000000,51.000000000000000,0.0000000000000000
10.000000000000000,51.000000000000000,0.0000000000000000
11.000000000000000,51.000000000000000,0.0000000000000000
12.000000000000000,51.000000000000000,0.0000000000000000
13.000000000000000,51.000000000000000,0.0000000000000000
14.000000000000000,51.000000000000000,0.0000000000000000
15.000000000000000,51.000000000000000,0.0000000000000000
16.000000000000000,51.000000000000000,0.0000000000000000
17.000000000000000,51.000000000000000,0.0000000000000000
18.000000000000000,51.000000000000000,0.0000000000000000
19.000000000000000,51.000000000000000,0.0000000000000000
20.000000000000000,51.000000000000000,0.0000000000000000
21.000000000000000,51.000000000000000,0.0000000000000000
22.000000000000000,51.000000000000000,0.0000000000000000
23.000000000000000,51.000000000000000,0.0000000000000000
24.000000000000000,51.000000000000000,0.0000000000000000
25.000000000000000,51.000000000000000,0.0000000000000000
26.000000000000000,51.000000000000000,0.0000000000000000
27.000000000000000,51.000000000000000,0.0000000000000000
28.000000000000000,51.000000000000000,0.0000000000000000
29.000000000000000,51.000000000000000,0.0000000000000000
30.000000000000000,51.000000000000000,0.0000000000000000
31.000000000000000,51.000000000000000,0.0000000000000000
32.000000000000000,51.000000000000000,0.0000000000000000
33.000000000000000,51.000000000000000,0.0000000000000000
34.000000000000000,51.000000000000000,0.0000000000000000
35.000000000000000,51.000000000000000,0.0000000000000000
36.000000000000000,51.000000000000000,0.0000000000000000
37.000000000000000,51.000000000000000,0.0000000000000000
38.000000000000000,51.000000000000000,0.0000000000000000
39.000000000000000,51.000000000000000,0.0000000000000000
40.000000000000000,51.000000000000000,0.0000000000000000
41.000000000000000,51.000000000000000,0.0000000000000000
42.000000000000000,51.000000000000000,0.0000000000000000
43.000000000000000,51.000000000000000,0.0000000000000000
44.000000000000000,51.000000000000000,0.0000000000000000
45.000000000000000,51.000000000000000,0.0000000000000000
46.000000000000000,51.000000000000000,0.0000000000000000
47.000000000000000,51.000000000000000,0.0000000000000000
48.000000000000000,51.000000000000000,0.0000000000000000
49.000000000000000,51.000000000000000,0.0000000000000000
50.000000000000000,51.000000000000000,0.0000000000000000
51.000000000000000,51.000000000000000,0.0000000000000000
52.000000000000000,51.000000000000000,0.0000000000000000
53.000000000000000,51.000000000000000,0.0000000000000000
54.000000000000000,51.000000000000000,0.0000000000000000
55.000000000000000,51.000000000000000,0.0000000000000000
56.000000000000000,51.000000000000000,0.0000000000000000
57.000000000000000,51.000000000000000,0.0000000000000000
58.000000000000000,51.000000000000000,0.0000000000000000
59.000000000000000,51.000000000000000,0.0000000000000000
60.000000000000000,51.000000000000000,0.0000000000000000
61.000000000000000,51.000000000000000,0.0000000000000000
62.000000000000000,51.000000000000000,0.0000000000000000
63.000000000000000,51.000000000000000,0.0000000000000000
64.000000000000000,51.000000000000000,0.0000000000000000
65.000000000000000,51.000000000000000,0.0000000000000000
66.000000000000000,51.000000000000000,0.0000000000000000
67.000000000000000,51.000000000000000,0.0000000000000000
68.000000000000000,51.000000000000000,0.0000000000000000
69.000000000000000,51.000000000000000,0.0000000000000000
70.000000000000000,51.000000000000000,0.0000000000000000
71.000000000000000,51.000000000000000,0.0000000000000000
72.000000000000000,51.000000000000000,0.0000000000000000
73.000000000000000,51.000000000000000,0.0000000000000000
74.000000000000000,51.000000000000000,0.0000000000000000
75.000000000000000,51.000000000000000,0.0000000000000000
76.000000000000000,51.000000000000000,0.0000000000000000
77.000000000000000,51.000000000000000,0.0000000000000000
78.000000000000000,51.000000000000000,0.0000000000000000
79.000000000000000,51.000000000000000,0.0000000000000000
80.000000000000000,51.000000000000000,0.0000000000000000
81.000000000000000,51.000000000000000,0.0000000000000000
82.000000000000000,51.000000000000000,0.0000000000000000
83.000000000000000,51.000000000000000,0.0000000000000000
84.000000000000000,51.000000000000000,0.0000000000000000
85.000000000000000,51.000000000000000,0.0000000000000000
86.000000000000000,51.000000000000000,0.0000000000000000
87.000000000000000,51.000000000000000,0.0000000000000000
88.000000000000000,51.000000000000000,0.0000000000000000
89.000000000000000,51.000000000000000,0.0000000000000000
90.000000000000000,51.000000000000000,0.0000000000000000
91.000000000000000,51.000000000000000,0.0000000000000000
92.000000000000000,51.000000000000000,0.0000000000000000
93.000000000000000,51.000000000000000,0.0000000000000000
94.000000000000000,51.000000000000000,0.0000000000000000
95.000000000000000,51.000000000000000,0.0000000000000000
96.000000000000000,51.000000000000000,0.0000000000000000
97.000000000000000,51.000000000000000,0.0000000000000000
98.000000000000000,51.000000000000000,0.0000000000000000
99.000000000000000,51.000000000000000,0.0000000000000000
100.00000000000000,51.000000000000000,0.0000000000000000
101.00000000000000,51.000000000000000,0.0000000000000000
102.00000000000000,51.000000000000000,0.0000000000000000
103.00000000000000,51.000000000000000,0.0000000000000000
104.00000000000000,51.000000000000000,0.0000000000000000
105.00000000000000,51.000000000000000,0.0000000000000000
106.00000000000000,51.000000000000000,0.0000000000000000
107.00000000000000,51.000000000000000,0.0000000000000000
108.00000000000000,51.000000000000000,0.0000000000000000
109.00000000000000,51.000000000000000,0.0000000000000000
110.00000000000000,51.000000000000000,0.0000000000000000
111.00000000000000,51.000000000000000,0.0000000000000000
112.00000000000000,51.000000000000000,0.0000000000000000
113.00000000000000,51.000000000000000,0.0000000000000000
1.0000000000000000,52.000000000000000,0.0000000000000000
2.0000000000000000,52.000000000000000,0.0000000000000000
3.0000000000000000,52.000000000000000,0.0000000000000000
4.0000000000000000,52.000000000000000,0.0000000000000000
5.0000000000000000,52.000000000000000,0.0000000000000000
6.0000000000000000,52.000000000000000,0.0000000000000000
7.0000000000000000,52.000000000000000,0.0000000000000000
8.0000000000000000,52.000000000000000,0.0000000000000000
9.0000000000000000,52.000000000000000,0.0000000000000000
10.000000000000000,52.000000000000000,0.0000000000000000
11.000000000000000,52.000000000000000,0.0000000000000000
12.000000000000000,52.000000000000000,0.0000000000000000
13.000000000000000,52.000000000000000,0.0000000000000000
14.000000000000000,52.000000000000000,0.0000000000000000
15.000000000000000,52.000000000000000,0.0000000000000000
16.000000000000000,52.000000000000000,0.0000000000000000
17.000000000000000,52.000000000000000,0.0000000000000000
18.000000000000000,52.000000000000000,0.0000000000000000
19.000000000000000,52.000000000000000,0.0000000000000000
20.000000000000000,52.000000000000000,0.0000000000000000
21.000000000000000,52.000000000000000,0.0000000000000000
22.000000000000000,52.000000000000000,0.0000000000000000
23.000000000000000,52.000000000000000,0.0000000000000000
24.000000000000000,52.000000000000000,0.0000000000000000
25.000000000000000,52.000000000000000,0.0000000000000000
26.000000000000000,52.000000000000000,0.0000000000000000
27.000000000000000,52.000000000000000,0.0000000000000000
28.000000000000000,52.000000000000000,0.0000000000000000
29.000000000000000,52.000000000000000,0.0000000000000000
30.000000000000000,52.000000000000000,0.0000000000000000
31.000000000000000,52.000000000000000,0.0000000000000000
32.000000000000000,52.000000000000000,0.0000000000000000
33.000000000000000,52.000000000000000,0.0000000000000000
34.000000000000000,52.000000000000000,0.0000000000000000
35.000000000000000,52.000000000000000,0.0000000000000000
36.000000000000000,52.000000000000000,0.0000000000000000
37.000000000000000,52.000000000000000,0.0000000000000000
38.000000000000000,52.000000000000000,0.0000000000000000
39.000000000000000,52.000000000000000,0.0000000000000000
40.000000000000000,52.000000000000000,0.0000000000000000
41.000000000000000,52.000000000000000,0.0000000000000000
42.000000000000000,52.000000000000000,0.0000000000000000
43.000000000000000,52.000000000000000,0.0000000000000000
44.000000000000000,52.000000000000000,0.0000000000000000
45.000000000000000,52.000000000000000,0.0000000000000000
46.000000000000000,52.000000000000000,0.0000000000000000
47.000000000000000,52.000000000000000,0.0000000000000000
48.000000000000000,52.000000000000000,0.0000000000000000
49.000000000000000,52.000000000000000,0.0000000000000000
50.000000000000000,52.000000000000000,0.0000000000000000
51.000000000000000,52.000000000000000,0.0000000000000000
52.000000000000000,52.000000000000000,0.0000000000000000
53.000000000000000,52.000000000000000,0.0000000000000000
54.000000000000000,52.000000000000000,0.0000000000000000
55.000000000000000,52.000000000000000,0.0000000000000000
56.000000000000000,52.000000000000000,0.0000000000000000
57.000000000000000,52.000000000000000,0.0000000000000000
58.000000000000000,52.000000000000000,0.0000000000000000
59.000000000000000,52.000000000000000,0.0000000000000000
60.000000000000000,52.000000000000000,0.0000000000000000
61.000000000000000,52.000000000000000,0.0000000000000000
62.000000000000000,52.000000000000000,0.0000000000000000
63.000000000000000,52.000000000000000,0.0000000000000000
64.000000000000000,52.000000000000000,0.0000000000000000
65.000000000000000,52.000000000000000,0.0000000000000000
66.000000000000000,52.000000000000000,0.0000000000000000
67.000000000000000,52.000000000000000,0.0000000000000000
68.000000000000000,52.000000000000000,0.0000000000000000
69.000000000000000,52.000000000000000,0.0000000000000000
70.000000000000000,52.000000000000000,0.0000000000000000
71.000000000000000,52.000000000000000,0.0000000000000000
72.000000000000000,52.000000000000000,0.0000000000000000
73.000000000000000,52.000000000000000,0.0000000000000000
74.000000000000000,52.000000000000000,0.0000000000000000
75.000000000000000,52.000000000000000,0.0000000000000000
76.000000000000000,52.000000000000000,0.0000000000000000
77.000000000000000,52.000000000000000,0.0000000000000000
78.000000000000000,52.000000000000000,0.0000000000000000
79.000000000000000,52.000000000000000,0.0000000000000000
80.000000000000000,52.000000000000000,0.0000000000000000
81.000000000000000,52.000000000000000,0.0000000000000000
82.000000000000000,52.000000000000000,0.0000000000000000
83.000000000000000,52.000000000000000,0.0000000000000000
84.000000000000000,52.000000000000000,0.0000000000000000
85.000000000000000,52.000000000000000,0.0000000000000000
86.000000000000000,52.000000000000000,0.0000000000000000
87.000000000000000,52.000000000000000,0.0000000000000000
88.000000000000000,52.000000000000000,0.0000000000000000
89.000000000000000,52.000000000000000,0.0000000000000000
90.000000000000000,52.000000000000000,0.0000000000000000
91.000000000000000,52.000000000000000,0.0000000000000000
92.000000000000000,52.000000000000000,0.0000000000000000
93.000000000000000,52.000000000000000,5.0999999046325684
94.000000000000000,52.000000000000000,0.0000000000000000
95.000000000000000,52.000000000000000,0.0000000000000000
96.000000000000000,52.000000000000000,0.0000000000000000
97.000000000000000,52.000000000000000,0.0000000000000000
98.000000000000000,52.000000000000000,0.0000000000000000
99.000000000000000,52.000000000000000,0.0000000000000000
100.00000000000000,52.000000000000000,0.0000000000000000
101.00000000000000,52.000000000000000,0.0000000000000000
102.00000000000000,52.000000000000000,0.0000000000000000
103.00000000000000,52.000000000000000,0.0000000000000000
104.00000000000000,52.000000000000000,0.0000000000000000
105.00000000000000,52.000000000000000,0.0000000000000000
106.00000000000000,52.000000000000000,0.0000000000000000
107.00000000000000,52.000000000000000,0.0000000000000000
108.00000000000000,52.000000000000000,0.0000000000000000
109.00000000000000,52.000000000000000,0.0000000000000000
110.00000000000000,52.000000000000000,0.0000000000000000
111.00000000000000,52.000000000000000,0.0000000000000000
112.00000000000000,52.000000000000000,0.0000000000000000
113.00000000000000,52.000000000000000,0.0000000000000000
1.0000000000000000,53.000000000000000,0.0000000000000000
2.0000000000000000,53.000000000000000,0.0000000000000000
3.0000000000000000,53.000000000000000,0.0000000000000000
4.0000000000000000,53.000000000000000,0.0000000000000000
5.0000000000000000,53.000000000000000,0.0000000000000000
6.0000000000000000,53.000000000000000,0.0000000000000000
7.0000000000000000,53.000000000000000,0.0000000000000000
8.0000000000000000,53.000000000000000,0.0000000000000000
9.0000000000000000,53.000000000000000,0.0000000000000000
10.000000000000000,53.000000000000000,0.0000000000000000
11.000000000000000,53.000000000000000,0.0000000000000000
12.000000000000000,53.000000000000000,0.0000000000000000
13.000000000000000,53.000000000000000,0.0000000000000000
14.000000000000000,53.000000000000000,0.0000000000000000
15.000000000000000,53.000000000000000,0.0000000000000000
16.000000000000000,53.000000000000000,0.0000000000000000
17.000000000000000,53.000000000000000,0.0000000000000000
18.000000000000000,53.000000000000000,0.0000000000000000
19.000000000000000,53.000000000000000,0.0000000000000000
20.000000000000000,53.000000000000000,0.0000000000000000
21.000000000000000,53.000000000000000,0.0000000000000000
22.000000000000000,53.000000000000000,0.0000000000000000
23.000000000000000,53.000000000000000,0.0000000000000000
24.000000000000000,53.000000000000000,0.0000000000000000
25.000000000000000,53.000000000000000,0.0000000000000000
26.000000000000000,53.000000000000000,0.0000000000000000
27.000000000000000,53.000000000000000,0.0000000000000000
28.000000000000000,53.000000000000000,0.0000000000000000
29.000000000000000,53.000000000000000,0.0000000000000000
30.000000000000000,53.000000000000000,0.0000000000000000
31.000000000000000,53.000000000000000,0.0000000000000000
32.000000000000000,53.000000000000000,0.0000000000000000
33.000000000000000,53.000000000000000,0.0000000000000000
34.000000000000000,53.000000000000000,0.0000000000000000
35.000000000000000,53.000000000000000,0.0000000000000000
36.000000000000000,53.000000000000000,0.0000000000000000
37.000000000000000,53.000000000000000,0.0000000000000000
38.000000000000000,53.000000000000000,0.0000000000000000
39.000000000000000,53.000000000000000,0.0000000000000000
40.000000000000000,53.000000000000000,0.0000000000000000
41.000000000000000,53.000000000000000,0.0000000000000000
42.000000000000000,53.000000000000000,0.0000000000000000
43.000000000000000,53.000000000000000,0.0000000000000000
44.000000000000000,53.000000000000000,0.0000000000000000
45.000000000000000,53.000000000000000,0.0000000000000000
46.000000000000000,53.000000000000000,0.0000000000000000
47.000000000000000,53.000000000000000,0.0000000000000000
48.000000000000000,53.000000000000000,0.0000000000000000
49.000000000000000,53.000000000000000,0.0000000000000000
50.000000000000000,53.000000000000000,0.0000000000000000
51.000000000000000,53.000000000000000,0.0000000000000000
52.000000000000000,53.000000000000000,0.0000000000000000
53.000000000000000,53.000000000000000,0.0000000000000000
54.000000000000000,53.000000000000000,0.0000000000000000
55.000000000000000,53.000000000000000,0.0000000000000000
56.000000000000000,53.000000000000000,0.0000000000000000
57.000000000000000,53.000000000000000,0.0000000000000000
58.000000000000000,53.000000000000000,0.0000000000000000
59.000000000000000,53.000000000000000,0.0000000000000000
60.000000000000000,53.000000000000000,0.0000000000000000
61.000000000000000,53.000000000000000,0.0000000000000000
62.000000000000000,53.000000000000000,0.0000000000000000
63.000000000000000,53.000000000000000,0.0000000000000000
64.000000000000000,53.000000000000000,0.0000000000000000
65.000000000000000,53.000000000000000,0.0000000000000000
66.000000000000000,53.000000000000000,0.0000000000000000
67.000000000000000,53.000000000000000,0.0000000000000000
68.000000000000000,53.000000000000000,0.0000000000000000
69.000000000000000,53.000000000000000,0.0000000000000000
70.000000000000000,53.000000000000000,0.0000000000000000
71.000000000000000,53.000000000000000,0.0000000000000000
72.000000000000000,53.000000000000000,0.0000000000000000
73.000000000000000,53.000000000000000,0.0000000000000000
74.000000000000000,53.000000000000000,0.0000000000000000
75.000000000000000,53.000000000000000,0.0000000000000000
76.000000000000000,53.000000000000000,0.0000000000000000
77.000000000000000,53.000000000000000,0.0000000000000000
78.000000000000000,53.000000000000000,0.0000000000000000
79.000000000000000,53.000000000000000,0.0000000000000000
80.000000000000000,53.000000000000000,0.0000000000000000
81.000000000000000,53.000000000000000,0.0000000000000000
82.000000000000000,53.000000000000000,0.0000000000000000
83.000000000000000,53.000000000000000,0.0000000000000000
84.000000000000000,53.000000000000000,0.0000000000000000
85.000000000000000,53.000000000000000,0.0000000000000000
86.000000000000000,53.000000000000000,0.0000000000000000
87.000000000000000,53.000000000000000,0.0000000000000000
88.000000000000000,53.000000000000000,0.0000000000000000
89.000000000000000,53.000000000000000,0.0000000000000000
90.000000000000000,53.000000000000000,0.0000000000000000
91.000000000000000,53.000000000000000,0.0000000000000000
92.000000000000000,53.000000000000000,0.0000000000000000
93.000000000000000,53.000000000000000,5.3000001907348633
94.000000000000000,53.000000000000000,5.3000001907348633
95.000000000000000,53.000000000000000,0.0000000000000000
96.000000000000000,53.000000000000000,0.0000000000000000
97.000000000000000,53.000000000000000,0.0000000000000000
98.000000000000000,53.000000000000000,0.0000000000000000
99.000000000000000,53.000000000000000,0.0000000000000000
100.00000000000000,53.000000000000000,0.0000000000000000
101.00000000000000,53.000000000000000,0.0000000000000000
102.00000000000000,53.000000000000000,0.0000000000000000
103.00000000000000,53.000000000000000,0.0000000000000000
104.00000000000000,53.000000000000000,0.0000000000000000
105.00000000000000,53.000000000000000,0.0000000000000000
106.00000000000000,53.000000000000000,0.0000000000000000
107.00000000000000,53.000000000000000,0.0000000000000000
108.00000000000000,53.000000000000000,0.0000000000000000
109.00000000000000,53.000000000000000,0.0000000000000000
110.00000000000000,53.000000000000000,0.0000000000000000
111.00000000000000,53.000000000000000,0.0000000000000000
112.00000000000000,53.000000000000000,0.0000000000000000
113.00000000000000,53.000000000000000,0.0000000000000000
1.0000000000000000,54.000000000000000,0.0000000000000000
2.0000000000000000,54.000000000000000,0.0000000000000000
3.0000000000000000,54.000000000000000,0.0000000000000000
4.0000000000000000,54.000000000000000,0.0000000000000000
5.0000000000000000,54.000000000000000,0.0000000000000000
6.0000000000000000,54.000000000000000,0.0000000000000000
7.0000000000000000,54.000000000000000,0.0000000000000000
8.0000000000000000,54.000000000000000,0.0000000000000000
9.0000000000000000,54.000000000000000,0.0000000000000000
10.000000000000000,54.000000000000000,0.0000000000000000
11.000000000000000,54.000000000000000,0.0000000000000000
12.000000000000000,54.000000000000000,0.0000000000000000
13.000000000000000,54.000000000000000,0.0000000000000000
14.000000000000000,54.000000000000000,0.0000000000000000
15.000000000000000,54.000000000000000,0.0000000000000000
16.000000000000000,54.000000000000000,0.0000000000000000
17.000000000000000,54.000000000000000,0.0000000000000000
18.000000000000000,54.000000000000000,0.0000000000000000
19.000000000000000,54.000000000000000,0.0000000000000000
20.000000000000000,54.000000000000000,0.0000000000000000
21.000000000000000,54.000000000000000,0.0000000000000000
22.000000000000000,54.000000000000000,0.0000000000000000
23.000000000000000,54.000000000000000,0.0000000000000000
24.000000000000000,54.000000000000000,0.0000000000000000
25.000000000000000,54.000000000000000,0.0000000000000000
26.000000000000000,54.000000000000000,0.0000000000000000
27.000000000000000,54.000000000000000,0.0000000000000000
28.000000000000000,54.000000000000000,0.0000000000000000
29.000000000000000,54.000000000000000,0.0000000000000000
30.000000000000000,54.000000000000000,0.0000000000000000
31.000000000000000,54.000000000000000,0.0000000000000000
32.000000000000000,54.000000000000000,0.0000000000000000
33.000000000000000,54.000000000000000,0.0000000000000000
34.000000000000000,54.000000000000000,0.0000000000000000
35.000000000000000,54.000000000000000,0.0000000000000000
36.000000000000000,54.000000000000000,0.0000000000000000
37.000000000000000,54.000000000000000,0.0000000000000000
38.000000000000000,54.000000000000000,0.0000000000000000
39.000000000000000,54.000000000000000,0.0000000000000000
40.000000000000000,54.000000000000000,0.0000000000000000
41.000000000000000,54.000000000000000,0.0000000000000000
42.000000000000000,54.000000000000000,0.0000000000000000
43.000000000000000,54.000000000000000,0.0000000000000000
44.000000000000000,54.000000000000000,0.0000000000000000
45.000000000000000,54.000000000000000,0.0000000000000000
46.000000000000000,54.000000000000000,0.0000000000000000
47.000000000000000,54.000000000000000,0.0000000000000000
48.000000000000000,54.000000000000000,0.0000000000000000
49.000000000000000,54.000000000000000,0.0000000000000000
50.000000000000000,54.000000000000000,0.0000000000000000
51.000000000000000,54.000000000000000,0.0000000000000000
52.000000000000000,54.000000000000000,0.0000000000000000
53.000000000000000,54.000000000000000,0.0000000000000000
54.000000000000000,54.000000000000000,0.0000000000000000
55.000000000000000,54.000000000000000,0.0000000000000000
56.000000000000000,54.000000000000000,0.0000000000000000
57.000000000000000,54.000000000000000,0.0000000000000000
58.000000000000000,54.000000000000000,0.0000000000000000
59.000000000000000,54.000000000000000,0.0000000000000000
60.000000000000000,54.000000000000000,0.0000000000000000
61.000000000000000,54.000000000000000,0.0000000000000000
62.000000000000000,54.000000000000000,0.0000000000000000
63.000000000000000,54.000000000000000,0.0000000000000000
64.000000000000000,54.000000000000000,0.0000000000000000
65.000000000000000,54.000000000000000,0.0000000000000000
66.000000000000000,54.000000000000000,0.0000000000000000
67.000000000000000,54.000000000000000,0.0000000000000000
68.000000000000000,54.000000000000000,0.0000000000000000
69.000000000000000,54.000000000000000,0.0000000000000000
70.000000000000000,54.000000000000000,0.0000000000000000
71.000000000000000,54.000000000000000,0.0000000000000000
72.000000000000000,54.000000000000000,0.0000000000000000
73.000000000000000,54.000000000000000,0.0000000000000000
74.000000000000000,54.000000000000000,0.0000000000000000
75.000000000000000,54.000000000000000,0.0000000000000000
76.000000000000000,54.000000000000000,0.0000000000000000
77.000000000000000,54.000000000000000,0.0000000000000000
78.000000000000000,54.000000000000000,0.0000000000000000
79.000000000000000,54.000000000000000,0.0000000000000000
80.000000000000000,54.000000000000000,0.0000000000000000
81.000000000000000,54.000000000000000,0.0000000000000000
82.000000000000000,54.000000000000000,0.0000000000000000
83.000000000000000,54.000000000000000,0.0000000000000000
84.000000000000000,54.000000000000000,0.0000000000000000
85.000000000000000,54.000000000000000,0.0000000000000000
86.000000000000000,54.000000000000000,0.0000000000000000
87.000000000000000,54.000000000000000,0.0000000000000000
88.000000000000000,54.000000000000000,0.0000000000000000
89.000000000000000,54.000000000000000,0.0000000000000000
90.000000000000000,54.000000000000000,0.0000000000000000
91.000000000000000,54.000000000000000,0.0000000000000000
92.000000000000000,54.000000000000000,0.0000000000000000
93.000000000000000,54.000000000000000,5.3000001907348633
94.000000000000000,54.000000000000000,0.0000000000000000
95.000000000000000,54.000000000000000,0.0000000000000000
96.000000000000000,54.000000000000000,0.0000000000000000
97.000000000000000,54.000000000000000,0.0000000000000000
98.000000000000000,54.000000000000000,0.0000000000000000
99.000000000000000,54.000000000000000,0.0000000000000000
100.00000000000000,54.000000000000000,0.0000000000000000
101.00000000000000,54.000000000000000,0.0000000000000000
102.00000000000000,54.000000000000000,0.0000000000000000
103.00000000000000,54.000000000000000,0.0000000000000000
104.00000000000000,54.000000000000000,0.0000000000000000
105.00000000000000,54.000000000000000,0.0000000000000000
106.00000000000000,54.000000000000000,0.0000000000000000
107.00000000000000,54.000000000000000,0.0000000000000000
108.00000000000000,54.000000000000000,0.0000000000000000
109.00000000000000,54.000000000000000,0.0000000000000000
110.00000000000000,54.000000000000000,0.0000000000000000
111.00000000000000,54.000000000000000,0.0000000000000000
112.00000000000000,54.000000000000000,0.0000000000000000
113.00000000000000,54.000000000000000,0.0000000000000000
1.0000000000000000,55.000000000000000,0.0000000000000000
2.0000000000000000,55.000000000000000,0.0000000000000000
3.0000000000000000,55.000000000000000,0.0000000000000000
4.0000000000000000,55.000000000000000,0.0000000000000000
5.0000000000000000,55.000000000000000,0.0000000000000000
6.0000000000000000,55.000000000000000,0.0000000000000000
7.0000000000000000,55.000000000000000,0.0000000000000000
8.0000000000000000,55.000000000000000,0.0000000000000000
9.0000000000000000,55.000000000000000,0.0000000000000000
10.000000000000000,55.000000000000000,0.0000000000000000
11.000000000000000,55.000000000000000,0.0000000000000000
12.000000000000000,55.000000000000000,0.0000000000000000
13.000000000000000,55.000000000000000,0.0000000000000000
14.000000000000000,55.000000000000000,0.0000000000000000
15.000000000000000,55.000000000000000,0.0000000000000000
16.000000000000000,55.000000000000000,0.0000000000000000
17.000000000000000,55.000000000000000,0.0000000000000000
18.000000000000000,55.000000000000000,0.0000000000000000
19.000000000000000,55.000000000000000,0.0000000000000000
20.000000000000000,55.000000000000000,0.0000000000000000
21.000000000000000,55.000000000000000,0.0000000000000000
22.000000000000000,55.000000000000000,0.0000000000000000
23.000000000000000,55.000000000000000,0.0000000000000000
24.000000000000000,55.000000000000000,0.0000000000000000
25.000000000000000,55.000000000000000,0.0000000000000000
26.000000000000000,55.000000000000000,0.0000000000000000
27.000000000000000,55.000000000000000,0.0000000000000000
28.000000000000000,55.000000000000000,0.0000000000000000
29.000000000000000,55.000000000000000,0.0000000000000000
30.000000000000000,55.000000000000000,0.0000000000000000
31.000000000000000,55.000000000000000,0.0000000000000000
32.000000000000000,55.000000000000000,0.0000000000000000
33.000000000000000,55.000000000000000,0.0000000000000000
34.000000000000000,55.000000000000000,0.0000000000000000
35.000000000000000,55.000000000000000,0.0000000000000000
36.000000000000000,55.000000000000000,0.0000000000000000
37.000000000000000,55.000000000000000,0.0000000000000000
38.000000000000000,55.000000000000000,0.0000000000000000
39.000000000000000,55.000000000000000,0.0000000000000000
40.000000000000000,55.000000000000000,0.0000000000000000
41.000000000000000,55.000000000000000,0.0000000000000000
42.000000000000000,55.000000000000000,0.0000000000000000
43.000000000000000,55.000000000000000,0.0000000000000000
44.000000000000000,55.000000000000000,0.0000000000000000
45.000000000000000,55.000000000000000,0.0000000000000000
46.000000000000000,55.000000000000000,0.0000000000000000
47.000000000000000,55.000000000000000,0.0000000000000000
48.000000000000000,55.000000000000000,0.0000000000000000
49.000000000000000,55.000000000000000,0.0000000000000000
50.000000000000000,55.000000000000000,0.0000000000000000
51.000000000000000,55.000000000000000,0.0000000000000000
52.000000000000000,55.000000000000000,0.0000000000000000
53.000000000000000,55.000000000000000,0.0000000000000000
54.000000000000000,55.000000000000000,0.0000000000000000
55.000000000000000,55.000000000000000,0.0000000000000000
56.000000000000000,55.000000000000000,0.0000000000000000
57.000000000000000,55.000000000000000,0.0000000000000000
58.000000000000000,55.000000000000000,0.0000000000000000
59.000000000000000,55.000000000000000,0.0000000000000000
60.000000000000000,55.000000000000000,0.0000000000000000
61.000000000000000,55.000000000000000,0.0000000000000000
62.000000000000000,55.000000000000000,0.0000000000000000
63.000000000000000,55.000000000000000,0.0000000000000000
64.000000000000000,55.000000000000000,0.0000000000000000
65.000000000000000,55.000000000000000,0.0000000000000000
66.000000000000000,55.000000000000000,0.0000000000000000
67.000000000000000,55.000000000000000,0.0000000000000000
68.000000000000000,55.000000000000000,0.0000000000000000
69.000000000000000,55.000000000000000,0.0000000000000000
70.000000000000000,55.000000000000000,0.0000000000000000
71.000000000000000,55.000000000000000,0.0000000000000000
72.000000000000000,55.000000000000000,0.0000000000000000
73.000000000000000,55.000000000000000,0.0000000000000000
74.000000000000000,55.000000000000000,0.0000000000000000
75.000000000000000,55.000000000000000,0.0000000000000000
76.000000000000000,55.000000000000000,0.0000000000000000
77.000000000000000,55.000000000000000,0.0000000000000000
78.000000000000000,55.000000000000000,0.0000000000000000
79.000000000000000,55.000000000000000,0.0000000000000000
80.000000000000000,55.000000000000000,0.0000000000000000
81.000000000000000,55.000000000000000,0.0000000000000000
82.000000000000000,55.000000000000000,0.0000000000000000
83.000000000000000,55.000000000000000,0.0000000000000000
84.000000000000000,55.000000000000000,0.0000000000000000
85.000000000000000,55.000000000000000,0.0000000000000000
86.000000000000000,55.000000000000000,0.0000000000000000
87.000000000000000,55.000000000000000,0.0000000000000000
88.000000000000000,55.000000000000000,0.0000000000000000
89.000000000000000,55.000000000000000,0.0000000000000000
90.000000000000000,55.000000000000000,0.0000000000000000
91.000000000000000,55.000000000000000,0.0000000000000000
92.000000000000000,55.000000000000000,0.0000000000000000
93.000000000000000,55.000000000000000,5.3000001907348633
94.000000000000000,55.000000000000000,0.0000000000000000
95.000000000000000,55.000000000000000,0.0000000000000000
96.000000000000000,55.000000000000000,0.0000000000000000
97.000000000000000,55.000000000000000,0.0000000000000000
98.000000000000000,55.000000000000000,0.0000000000000000
99.000000000000000,55.000000000000000,0.0000000000000000
100.00000000000000,55.000000000000000,0.0000000000000000
101.00000000000000,55.000000000000000,0.0000000000000000
102.00000000000000,55.000000000000000,0.0000000000000000
103.00000000000000,55.000000000000000,0.0000000000000000
104.00000000000000,55.000000000000000,0.0000000000000000
105.00000000000000,55.000000000000000,0.0000000000000000
106.00000000000000,55.000000000000000,0.0000000000000000
107.00000000000000,55.000000000000000,0.0000000000000000
108.00000000000000,55.000000000000000,0.0000000000000000
109.00000000000000,55.000000000000000,0.0000000000000000
110.00000000000000,55.000000000000000,0.0000000000000000
111.00000000000000,55.000000000000000,0.0000000000000000
112.00000000000000,55.000000000000000,0.0000000000000000
113.00000000000000,55.000000000000000,0.0000000000000000
1.0000000000000000,56.000000000000000,0.0000000000000000
2.0000000000000000,56.000000000000000,0.0000000000000000
3.0000000000000000,56.000000000000000,0.0000000000000000
4.0000000000000000,56.000000000000000,0.0000000000000000
5.0000000000000000,56.000000000000000,0.0000000000000000
6.0000000000000000,56.000000000000000,0.0000000000000000
7.0000000000000000,56.000000000000000,0.0000000000000000
8.0000000000000000,56.000000000000000,0.0000000000000000
9.0000000000000000,56.000000000000000,0.0000000000000000
10.000000000000000,56.000000000000000,0.0000000000000000
11.000000000000000,56.000000000000000,0.0000000000000000
12.000000000000000,56.000000000000000,0.0000000000000000
13.000000000000000,56.000000000000000,0.0000000000000000
14.000000000000000,56.000000000000000,0.0000000000000000
15.000000000000000,56.000000000000000,0.0000000000000000
16.000000000000000,56.000000000000000,0.0000000000000000
17.000000000000000,56.000000000000000,0.0000000000000000
18.000000000000000,56.000000000000000,0.0000000000000000
19.000000000000000,56.000000000000000,0.0000000000000000
20.000000000000000,56.000000000000000,0.0000000000000000
21.000000000000000,56.000000000000000,0.0000000000000000
22.000000000000000,56.000000000000000,0.0000000000000000
23.000000000000000,56.000000000000000,0.0000000000000000
24.000000000000000,56.000000000000000,0.0000000000000000
25.000000000000000,56.000000000000000,0.0000000000000000
26.000000000000000,56.000000000000000,0.0000000000000000
27.000000000000000,56.000000000000000,0.0000000000000000
28.000000000000000,56.000000000000000,0.0000000000000000
29.000000000000000,56.000000000000000,0.0000000000000000
30.000000000000000,56.000000000000000,0.0000000000000000
31.000000000000000,56.000000000000000,0.0000000000000000
32.000000000000000,56.000000000000000,0.0000000000000000
33.000000000000000,56.000000000000000,0.0000000000000000
34.000000000000000,56.000000000000000,0.0000000000000000
35.000000000000000,56.000000000000000,0.0000000000000000
36.000000000000000,56.000000000000000,0.0000000000000000
37.000000000000000,56.000000000000000,0.0000000000000000
38.000000000000000,56.000000000000000,0.0000000000000000
39.000000000000000,56.000000000000000,0.0000000000000000
40.000000000000000,56.000000000000000,0.0000000000000000
41.000000000000000,56.000000000000000,0.0000000000000000
42.000000000000000,56.000000000000000,0.0000000000000000
43.000000000000000,56.000000000000000,0.0000000000000000
44.000000000000000,56.000000000000000,0.0000000000000000
45.000000000000000,56.000000000000000,0.0000000000000000
46.000000000000000,56.000000000000000,0.0000000000000000
47.000000000000000,56.000000000000000,0.0000000000000000
48.000000000000000,56.000000000000000,0.0000000000000000
49.000000000000000,56.000000000000000,0.0000000000000000
50.000000000000000,56.000000000000000,0.0000000000000000
51.000000000000000,56.000000000000000,0.0000000000000000
52.000000000000000,56.000000000000000,0.0000000000000000
53.000000000000000,56.000000000000000,0.0000000000000000
54.000000000000000,56.000000000000000,0.0000000000000000
55.000000000000000,56.000000000000000,0.0000000000000000
56.000000000000000,56.000000000000000,0.0000000000000000
57.000000000000000,56.000000000000000,0.0000000000000000
58.000000000000000,56.000000000000000,0.0000000000000000
59.000000000000000,56.000000000000000,0.0000000000000000
60.000000000000000,56.000000000000000,0.0000000000000000
61.000000000000000,56.000000000000000,0.0000000000000000
62.000000000000000,56.000000000000000,0.0000000000000000
63.000000000000000,56.000000000000000,0.0000000000000000
64.000000000000000,56.000000000000000,0.0000000000000000
65.000000000000000,56.000000000000000,0.0000000000000000
66.000000000000000,56.000000000000000,0.0000000000000000
67.000000000000000,56.000000000000000,0.0000000000000000
68.000000000000000,56.000000000000000,0.0000000000000000
69.000000000000000,56.000000000000000,0.0000000000000000
70.000000000000000,56.000000000000000,0.0000000000000000
71.000000000000000,56.000000000000000,0.0000000000000000
72.000000000000000,56.000000000000000,0.0000000000000000
73.000000000000000,56.000000000000000,0.0000000000000000
74.000000000000000,56.000000000000000,0.0000000000000000
75.000000000000000,56.000000000000000,0.0000000000000000
76.000000000000000,56.000000000000000,0.0000000000000000
77.000000000000000,56.000000000000000,0.0000000000000000
78.000000000000000,56.000000000000000,0.0000000000000000
79.000000000000000,56.000000000000000,0.0000000000000000
80.000000000000000,56.000000000000000,0.0000000000000000
81.000000000000000,56.000000000000000,0.0000000000000000
82.000000000000000,56.000000000000000,0.0000000000000000
83.000000000000000,56.000000000000000,0.0000000000000000
84.000000000000000,56.000000000000000,0.0000000000000000
85.000000000000000,56.000000000000000,0.0000000000000000
86.000000000000000,56.000000000000000,0.0000000000000000
87.000000000000000,56.000000000000000,0.0000000000000000
88.000000000000000,56.000000000000000,0.0000000000000000
89.000000000000000,56.000000000000000,0.0000000000000000
90.000000000000000,56.000000000000000,0.0000000000000000
91.000000000000000,56.000000000000000,0.0000000000000000
92.000000000000000,56.000000000000000,0.0000000000000000
93.000000000000000,56.000000000000000,5.4000000953674316
94.000000000000000,56.000000000000000,0.0000000000000000
95.000000000000000,56.000000000000000,0.0000000000000000
96.000000000000000,56.000000000000000,0.0000000000000000
97.000000000000000,56.000000000000000,0.0000000000000000
98.000000000000000,56.000000000000000,0.0000000000000000
99.000000000000000,56.000000000000000,0.0000000000000000
100.00000000000000,56.000000000000000,0.0000000000000000
101.00000000000000,56.000000000000000,0.0000000000000000
102.00000000000000,56.000000000000000,0.0000000000000000
103.00000000000000,56.000000000000000,0.0000000000000000
104.00000000000000,56.000000000000000,0.0000000000000000
105.00000000000000,56.000000000000000,0.0000000000000000
106.00000000000000,56.000000000000000,0.0000000000000000
107.00000000000000,56.000000000000000,0.0000000000000000
108.00000000000000,56.000000000000000,0.0000000000000000
109.00000000000000,56.000000000000000,0.0000000000000000
110.00000000000000,56.000000000000000,0.0000000000000000
111.00000000000000,56.000000000000000,0.0000000000000000
112.00000000000000,56.000000000000000,0.0000000000000000
113.00000000000000,56.000000000000000,0.0000000000000000
1.0000000000000000,57.000000000000000,0.0000000000000000
2.0000000000000000,57.000000000000000,0.0000000000000000
3.0000000000000000,57.000000000000000,0.0000000000000000
4.0000000000000000,57.000000000000000,0.0000000000000000
5.0000000000000000,57.000000000000000,0.0000000000000000
6.0000000000000000,57.000000000000000,0.0000000000000000
7.0000000000000000,57.000000000000000,0.0000000000000000
8.0000000000000000,57.000000000000000,0.0000000000000000
9.0000000000000000,57.000000000000000,0.0000000000000000
10.000000000000000,57.000000000000000,0.0000000000000000
11.000000000000000,57.000000000000000,0.0000000000000000
12.000000000000000,57.000000000000000,0.0000000000000000
13.000000000000000,57.000000000000000,0.0000000000000000
14.000000000000000,57.000000000000000,0.0000000000000000
15.000000000000000,57.000000000000000,0.0000000000000000
16.000000000000000,57.000000000000000,0.0000000000000000
17.000000000000000,57.000000000000000,0.0000000000000000
18.000000000000000,57.000000000000000,0.0000000000000000
19.000000000000000,57.000000000000000,0.0000000000000000
20.000000000000000,57.000000000000000,0.0000000000000000
21.000000000000000,57.000000000000000,0.0000000000000000
22.000000000000000,57.000000000000000,0.0000000000000000
23.000000000000000,57.000000000000000,0.0000000000000000
24.000000000000000,57.000000000000000,0.0000000000000000
25.000000000000000,57.000000000000000,0.0000000000000000
26.000000000000000,57.000000000000000,0.0000000000000000
27.000000000000000,57.000000000000000,0.0000000000000000
28.000000000000000,57.000000000000000,0.0000000000000000
29.000000000000000,57.000000000000000,0.0000000000000000
30.000000000000000,57.000000000000000,0.0000000000000000
31.000000000000000,57.000000000000000,0.0000000000000000
32.000000000000000,57.000000000000000,0.0000000000000000
33.000000000000000,57.000000000000000,0.0000000000000000
34.000000000000000,57.000000000000000,0.0000000000000000
35.000000000000000,57.000000000000000,0.0000000000000000
36.000000000000000,57.000000000000000,0.0000000000000000
37.000000000000000,57.000000000000000,0.0000000000000000
38.000000000000000,57.000000000000000,0.0000000000000000
39.000000000000000,57.000000000000000,0.0000000000000000
40.000000000000000,57.000000000000000,0.0000000000000000
41.000000000000000,57.000000000000000,0.0000000000000000
42.000000000000000,57.000000000000000,0.0000000000000000
43.000000000000000,57.000000000000000,0.0000000000000000
44.000000000000000,57.000000000000000,0.0000000000000000
45.000000000000000,57.000000000000000,0.0000000000000000
46.000000000000000,57.000000000000000,0.0000000000000000
47.000000000000000,57.000000000000000,0.0000000000000000
48.000000000000000,57.000000000000000,0.0000000000000000
49.000000000000000,57.000000000000000,0.0000000000000000
50.000000000000000,57.000000000000000,0.0000000000000000
51.000000000000000,57.000000000000000,0.0000000000000000
52.000000000000000,57.000000000000000,0.0000000000000000
53.000000000000000,57.000000000000000,0.0000000000000000
54.000000000000000,57.000000000000000,0.0000000000000000
55.000000000000000,57.000000000000000,0.0000000000000000
56.000000000000000,57.000000000000000,0.0000000000000000
57.000000000000000,57.000000000000000,0.0000000000000000
58.000000000000000,57.000000000000000,0.0000000000000000
59.000000000000000,57.000000000000000,0.0000000000000000
60.000000000000000,57.000000000000000,0.0000000000000000
61.000000000000000,57.000000000000000,0.0000000000000000
62.000000000000000,57.000000000000000,0.0000000000000000
63.000000000000000,57.000000000000000,0.0000000000000000
64.000000000000000,57.000000000000000,0.0000000000000000
65.000000000000000,57.000000000000000,0.0000000000000000
66.000000000000000,57.000000000000000,0.0000000000000000
67.000000000000000,57.000000000000000,0.0000000000000000
68.000000000000000,57.000000000000000,0.0000000000000000
69.000000000000000,57.000000000000000,0.0000000000000000
70.000000000000000,57.000000000000000,0.0000000000000000
71.000000000000000,57.000000000000000,0.0000000000000000
72.000000000000000,57.000000000000000,0.0000000000000000
73.000000000000000,57.000000000000000,0.0000000000000000
74.000000000000000,57.000000000000000,0.0000000000000000
75.000000000000000,57.000000000000000,0.0000000000000000
76.000000000000000,57.000000000000000,0.0000000000000000
77.000000000000000,57.000000000000000,0.0000000000000000
78.000000000000000,57.000000000000000,0.0000000000000000
79.000000000000000,57.000000000000000,0.0000000000000000
80.000000000000000,57.000000000000000,0.0000000000000000
81.000000000000000,57.000000000000000,0.0000000000000000
82.000000000000000,57.000000000000000,0.0000000000000000
83.000000000000000,57.000000000000000,0.0000000000000000
84.000000000000000,57.000000000000000,0.0000000000000000
85.000000000000000,57.000000000000000,0.0000000000000000
86.000000000000000,57.000000000000000,0.0000000000000000
87.000000000000000,57.000000000000000,0.0000000000000000
88.000000000000000,57.000000000000000,0.0000000000000000
89.000000000000000,57.000000000000000,0.0000000000000000
90.000000000000000,57.000000000000000,0.0000000000000000
91.000000000000000,57.000000000000000,0.0000000000000000
92.000000000000000,57.000000000000000,0.0000000000000000
93.000000000000000,57.000000000000000,5.4000000953674316
94.000000000000000,57.000000000000000,0.0000000000000000
95.000000000000000,57.000000000000000,0.0000000000000000
96.000000000000000,57.000000000000000,0.0000000000000000
97.000000000000000,57.000000000000000,0.0000000000000000
98.000000000000000,57.000000000000000,0.0000000000000000
99.000000000000000,57.000000000000000,0.0000000000000000
100.00000000000000,57.000000000000000,0.0000000000000000
101.00000000000000,57.000000000000000,0.0000000000000000
102.00000000000000,57.000000000000000,0.0000000000000000
103.00000000000000,57.000000000000000,0.0000000000000000
104.00000000000000,57.000000000000000,0.0000000000000000
105.00000000000000,57.000000000000000,0.0000000000000000
106.00000000000000,57.000000000000000,0.0000000000000000
107.00000000000000,57.000000000000000,0.0000000000000000
108.00000000000000,57.000000000000000,0.0000000000000000
109.00000000000000,57.000000000000000,0.0000000000000000
110.00000000000000,57.000000000000000,0.0000000000000000
111.00000000000000,57.000000000000000,0.0000000000000000
112.00000000000000,57.000000000000000,0.0000000000000000
113.00000000000000,57.000000000000000,0.0000000000000000
1.0000000000000000,58.000000000000000,0.0000000000000000
2.0000000000000000,58.000000000000000,0.0000000000000000
3.0000000000000000,58.000000000000000,0.0000000000000000
4.0000000000000000,58.000000000000000,0.0000000000000000
5.0000000000000000,58.000000000000000,0.0000000000000000
6.0000000000000000,58.000000000000000,0.0000000000000000
7.0000000000000000,58.000000000000000,0.0000000000000000
8.0000000000000000,58.000000000000000,0.0000000000000000
9.0000000000000000,58.000000000000000,0.0000000000000000
10.000000000000000,58.000000000000000,0.0000000000000000
11.000000000000000,58.000000000000000,0.0000000000000000
12.000000000000000,58.000000000000000,0.0000000000000000
13.000000000000000,58.000000000000000,0.0000000000000000
14.000000000000000,58.000000000000000,0.0000000000000000
15.000000000000000,58.000000000000000,0.0000000000000000
16.000000000000000,58.000000000000000,0.0000000000000000
17.000000000000000,58.000000000000000,0.0000000000000000
18.000000000000000,58.000000000000000,0.0000000000000000
19.000000000000000,58.000000000000000,0.0000000000000000
20.000000000000000,58.000000000000000,0.0000000000000000
21.000000000000000,58.000000000000000,0.0000000000000000
22.000000000000000,58.000000000000000,0.0000000000000000
23.000000000000000,58.000000000000000,0.0000000000000000
24.000000000000000,58.000000000000000,0.0000000000000000
25.000000000000000,58.000000000000000,0.0000000000000000
26.000000000000000,58.000000000000000,0.0000000000000000
27.000000000000000,58.000000000000000,0.0000000000000000
28.000000000000000,58.000000000000000,0.0000000000000000
29.000000000000000,58.000000000000000,0.0000000000000000
30.000000000000000,58.000000000000000,0.0000000000000000
31.000000000000000,58.000000000000000,0.0000000000000000
32.000000000000000,58.000000000000000,0.0000000000000000
33.000000000000000,58.000000000000000,0.0000000000000000
34.000000000000000,58.000000000000000,0.0000000000000000
35.000000000000000,58.000000000000000,0.0000000000000000
36.000000000000000,58.000000000000000,0.0000000000000000
37.000000000000000,58.000000000000000,0.0000000000000000
38.000000000000000,58.000000000000000,0.0000000000000000
39.000000000000000,58.000000000000000,0.0000000000000000
40.000000000000000,58.000000000000000,0.0000000000000000
41.000000000000000,58.000000000000000,0.0000000000000000
42.000000000000000,58.000000000000000,0.0000000000000000
43.000000000000000,58.000000000000000,0.0000000000000000
44.000000000000000,58.000000000000000,0.0000000000000000
45.000000000000000,58.000000000000000,0.0000000000000000
46.000000000000000,58.000000000000000,0.0000000000000000
47.000000000000000,58.000000000000000,0.0000000000000000
48.000000000000000,58.000000000000000,0.0000000000000000
49.000000000000000,58.000000000000000,0.0000000000000000
50.000000000000000,58.000000000000000,0.0000000000000000
51.000000000000000,58.000000000000000,0.0000000000000000
52.000000000000000,58.000000000000000,0.0000000000000000
53.000000000000000,58.000000000000000,0.0000000000000000
54.000000000000000,58.000000000000000,0.0000000000000000
55.000000000000000,58.000000000000000,0.0000000000000000
56.000000000000000,58.000000000000000,0.0000000000000000
57.000000000000000,58.000000000000000,0.0000000000000000
58.000000000000000,58.000000000000000,0.0000000000000000
59.000000000000000,58.000000000000000,0.0000000000000000
60.000000000000000,58.000000000000000,0.0000000000000000
61.000000000000000,58.000000000000000,0.0000000000000000
62.000000000000000,58.000000000000000,0.0000000000000000
63.000000000000000,58.000000000000000,0.0000000000000000
64.000000000000000,58.000000000000000,0.0000000000000000
65.000000000000000,58.000000000000000,0.0000000000000000
66.000000000000000,58.000000000000000,0.0000000000000000
67.000000000000000,58.000000000000000,0.0000000000000000
68.000000000000000,58.000000000000000,0.0000000000000000
69.000000000000000,58.000000000000000,0.0000000000000000
70.000000000000000,58.000000000000000,0.0000000000000000
71.000000000000000,58.000000000000000,0.0000000000000000
72.000000000000000,58.000000000000000,0.0000000000000000
73.000000000000000,58.000000000000000,0.0000000000000000
74.000000000000000,58.000000000000000,0.0000000000000000
75.000000000000000,58.000000000000000,0.0000000000000000
76.000000000000000,58.000000000000000,0.0000000000000000
77.000000000000000,58.000000000000000,0.0000000000000000
78.000000000000000,58.000000000000000,0.0000000000000000
79.000000000000000,58.000000000000000,0.0000000000000000
80.000000000000000,58.000000000000000,0.0000000000000000
81.000000000000000,58.000000000000000,0.0000000000000000
82.000000000000000,58.000000000000000,0.0000000000000000
83.000000000000000,58.000000000000000,0.0000000000000000
84.000000000000000,58.000000000000000,0.0000000000000000
85.000000000000000,58.000000000000000,0.0000000000000000
86.000000000000000,58.000000000000000,0.0000000000000000
87.000000000000000,58.000000000000000,0.0000000000000000
88.000000000000000,58.000000000000000,0.0000000000000000
89.000000000000000,58.000000000000000,0.0000000000000000
90.000000000000000,58.000000000000000,0.0000000000000000
91.000000000000000,58.000000000000000,0.0000000000000000
92.000000000000000,58.000000000000000,0.0000000000000000
93.000000000000000,58.000000000000000,5.4000000953674316
94.000000000000000,58.000000000000000,5.4000000953674316
95.000000000000000,58.000000000000000,0.0000000000000000
96.000000000000000,58.000000000000000,0.0000000000000000
97.000000000000000,58.000000000000000,0.0000000000000000
98.000000000000000,58.000000000000000,0.0000000000000000
99.000000000000000,58.000000000000000,0.0000000000000000
100.00000000000000,58.000000000000000,0.0000000000000000
101.00000000000000,58.000000000000000,0.0000000000000000
102.00000000000000,58.000000000000000,0.0000000000000000
103.00000000000000,58.000000000000000,0.0000000000000000
104.00000000000000,58.000000000000000,0.0000000000000000
105.00000000000000,58.000000000000000,0.0000000000000000
106.00000000000000,58.000000000000000,0.0000000000000000
107.00000000000000,58.000000000000000,0.0000000000000000
108.00000000000000,58.000000000000000,0.0000000000000000
109.00000000000000,58.000000000000000,0.0000000000000000
110.00000000000000,58.000000000000000,0.0000000000000000
111.00000000000000,58.000000000000000,0.0000000000000000
112.00000000000000,58.000000000000000,0.0000000000000000
113.00000000000000,58.000000000000000,0.0000000000000000
1.0000000000000000,59.000000000000000,0.0000000000000000
2.0000000000000000,59.000000000000000,0.0000000000000000
3.0000000000000000,59.000000000000000,0.0000000000000000
4.0000000000000000,59.000000000000000,0.0000000000000000
5.0000000000000000,59.000000000000000,0.0000000000000000
6.0000000000000000,59.000000000000000,0.0000000000000000
7.0000000000000000,59.000000000000000,0.0000000000000000
8.0000000000000000,59.000000000000000,0.0000000000000000
9.0000000000000000,59.000000000000000,0.0000000000000000
10.000000000000000,59.000000000000000,0.0000000000000000
11.000000000000000,59.000000000000000,0.0000000000000000
12.000000000000000,59.000000000000000,0.0000000000000000
13.000000000000000,59.000000000000000,0.0000000000000000
14.000000000000000,59.000000000000000,0.0000000000000000
15.000000000000000,59.000000000000000,0.0000000000000000
16.000000000000000,59.000000000000000,0.0000000000000000
17.000000000000000,59.000000000000000,0.0000000000000000
18.000000000000000,59.000000000000000,0.0000000000000000
19.000000000000000,59.000000000000000,0.0000000000000000
20.000000000000000,59.000000000000000,0.0000000000000000
21.000000000000000,59.000000000000000,0.0000000000000000
22.000000000000000,59.000000000000000,0.0000000000000000
23.000000000000000,59.000000000000000,0.0000000000000000
24.000000000000000,59.000000000000000,0.0000000000000000
25.000000000000000,59.000000000000000,0.0000000000000000
26.000000000000000,59.000000000000000,0.0000000000000000
27.000000000000000,59.000000000000000,0.0000000000000000
28.000000000000000,59.000000000000000,0.0000000000000000
29.000000000000000,59.000000000000000,0.0000000000000000
30.000000000000000,59.000000000000000,0.0000000000000000
31.000000000000000,59.000000000000000,0.0000000000000000
32.000000000000000,59.000000000000000,0.0000000000000000
33.000000000000000,59.000000000000000,0.0000000000000000
34.000000000000000,59.000000000000000,0.0000000000000000
35.000000000000000,59.000000000000000,0.0000000000000000
36.000000000000000,59.000000000000000,0.0000000000000000
37.000000000000000,59.000000000000000,0.0000000000000000
38.000000000000000,59.000000000000000,0.0000000000000000
39.000000000000000,59.000000000000000,0.0000000000000000
40.000000000000000,59.000000000000000,0.0000000000000000
41.000000000000000,59.000000000000000,0.0000000000000000
42.000000000000000,59.000000000000000,0.0000000000000000
43.000000000000000,59.000000000000000,0.0000000000000000
44.000000000000000,59.000000000000000,0.0000000000000000
45.000000000000000,59.000000000000000,0.0000000000000000
46.000000000000000,59.000000000000000,0.0000000000000000
47.000000000000000,59.000000000000000,0.0000000000000000
48.000000000000000,59.000000000000000,0.0000000000000000
49.000000000000000,59.000000000000000,0.0000000000000000
50.000000000000000,59.000000000000000,0.0000000000000000
51.000000000000000,59.000000000000000,0.0000000000000000
52.000000000000000,59.000000000000000,0.0000000000000000
53.000000000000000,59.000000000000000,0.0000000000000000
54.000000000000000,59.000000000000000,0.0000000000000000
55.000000000000000,59.000000000000000,0.0000000000000000
56.000000000000000,59.000000000000000,0.0000000000000000
57.000000000000000,59.000000000000000,0.0000000000000000
58.000000000000000,59.000000000000000,0.0000000000000000
59.000000000000000,59.000000000000000,0.0000000000000000
60.000000000000000,59.000000000000000,0.0000000000000000
61.000000000000000,59.000000000000000,0.0000000000000000
62.000000000000000,59.000000000000000,0.0000000000000000
63.000000000000000,59.000000000000000,0.0000000000000000
64.000000000000000,59.000000000000000,0.0000000000000000
65.000000000000000,59.000000000000000,0.0000000000000000
66.000000000000000,59.000000000000000,0.0000000000000000
67.000000000000000,59.000000000000000,0.0000000000000000
68.000000000000000,59.000000000000000,0.0000000000000000
69.000000000000000,59.000000000000000,0.0000000000000000
70.000000000000000,59.000000000000000,0.0000000000000000
71.000000000000000,59.000000000000000,0.0000000000000000
72.000000000000000,59.000000000000000,0.0000000000000000
73.000000000000000,59.000000000000000,0.0000000000000000
74.000000000000000,59.000000000000000,0.0000000000000000
75.000000000000000,59.000000000000000,0.0000000000000000
76.000000000000000,59.000000000000000,0.0000000000000000
77.000000000000000,59.000000000000000,0.0000000000000000
78.000000000000000,59.000000000000000,0.0000000000000000
79.000000000000000,59.000000000000000,0.0000000000000000
80.000000000000000,59.000000000000000,0.0000000000000000
81.000000000000000,59.000000000000000,0.0000000000000000
82.000000000000000,59.000000000000000,0.0000000000000000
83.000000000000000,59.000000000000000,0.0000000000000000
84.000000000000000,59.000000000000000,0.0000000000000000
85.000000000000000,59.000000000000000,0.0000000000000000
86.000000000000000,59.000000000000000,0.0000000000000000
87.000000000000000,59.000000000000000,0.0000000000000000
88.000000000000000,59.000000000000000,0.0000000000000000
89.000000000000000,59.000000000000000,0.0000000000000000
90.000000000000000,59.000000000000000,0.0000000000000000
91.000000000000000,59.000000000000000,0.0000000000000000
92.000000000000000,59.000000000000000,0.0000000000000000
93.000000000000000,59.000000000000000,5.5000000000000000
94.000000000000000,59.000000000000000,5.5000000000000000
95.000000000000000,59.000000000000000,0.0000000000000000
96.000000000000000,59.000000000000000,0.0000000000000000
97.000000000000000,59.000000000000000,0.0000000000000000
98.000000000000000,59.000000000000000,0.0000000000000000
99.000000000000000,59.000000000000000,0.0000000000000000
100.00000000000000,59.000000000000000,0.0000000000000000
101.00000000000000,59.000000000000000,0.0000000000000000
102.00000000000000,59.000000000000000,0.0000000000000000
103.00000000000000,59.000000000000000,0.0000000000000000
104.00000000000000,59.000000000000000,0.0000000000000000
105.00000000000000,59.000000000000000,0.0000000000000000
106.00000000000000,59.000000000000000,0.0000000000000000
107.00000000000000,59.000000000000000,0.0000000000000000
108.00000000000000,59.000000000000000,0.0000000000000000
109.00000000000000,59.000000000000000,0.0000000000000000
110.00000000000000,59.000000000000000,0.0000000000000000
111.00000000000000,59.000000000000000,0.0000000000000000
112.00000000000000,59.000000000000000,0.0000000000000000
113.00000000000000,59.000000000000000,0.0000000000000000
1.0000000000000000,60.000000000000000,0.0000000000000000
2.0000000000000000,60.000000000000000,0.0000000000000000
3.0000000000000000,60.000000000000000,0.0000000000000000
4.0000000000000000,60.000000000000000,0.0000000000000000
5.0000000000000000,60.000000000000000,0.0000000000000000
6.0000000000000000,60.000000000000000,0.0000000000000000
7.0000000000000000,60.000000000000000,0.0000000000000000
8.0000000000000000,60.000000000000000,0.0000000000000000
9.0000000000000000,60.000000000000000,0.0000000000000000
10.000000000000000,60.000000000000000,0.0000000000000000
11.000000000000000,60.000000000000000,0.0000000000000000
12.000000000000000,60.000000000000000,0.0000000000000000
13.000000000000000,60.000000000000000,0.0000000000000000
14.000000000000000,60.000000000000000,0.0000000000000000
15.000000000000000,60.000000000000000,0.0000000000000000
16.000000000000000,60.000000000000000,0.0000000000000000
17.000000000000000,60.000000000000000,0.0000000000000000
18.000000000000000,60.000000000000000,0.0000000000000000
19.000000000000000,60.000000000000000,0.0000000000000000
20.000000000000000,60.000000000000000,0.0000000000000000
21.000000000000000,60.000000000000000,0.0000000000000000
22.000000000000000,60.000000000000000,0.0000000000000000
23.000000000000000,60.000000000000000,0.0000000000000000
24.000000000000000,60.000000000000000,0.0000000000000000
25.000000000000000,60.000000000000000,0.0000000000000000
26.000000000000000,60.000000000000000,0.0000000000000000
27.000000000000000,60.000000000000000,0.0000000000000000
28.000000000000000,60.000000000000000,0.0000000000000000
29.000000000000000,60.000000000000000,0.0000000000000000
30.000000000000000,60.000000000000000,0.0000000000000000
31.000000000000000,60.000000000000000,0.0000000000000000
32.000000000000000,60.000000000000000,0.0000000000000000
33.000000000000000,60.000000000000000,0.0000000000000000
34.000000000000000,60.000000000000000,0.0000000000000000
35.000000000000000,60.000000000000000,0.0000000000000000
36.000000000000000,60.000000000000000,0.0000000000000000
37.000000000000000,60.000000000000000,0.0000000000000000
38.000000000000000,60.000000000000000,0.0000000000000000
39.000000000000000,60.000000000000000,0.0000000000000000
40.000000000000000,60.000000000000000,0.0000000000000000
41.000000000000000,60.000000000000000,0.0000000000000000
42.000000000000000,60.000000000000000,0.0000000000000000
43.000000000000000,60.000000000000000,0.0000000000000000
44.000000000000000,60.000000000000000,0.0000000000000000
45.000000000000000,60.000000000000000,0.0000000000000000
46.000000000000000,60.000000000000000,0.0000000000000000
47.000000000000000,60.000000000000000,0.0000000000000000
48.000000000000000,60.000000000000000,0.0000000000000000
49.000000000000000,60.000000000000000,0.0000000000000000
50.000000000000000,60.000000000000000,0.0000000000000000
51.000000000000000,60.000000000000000,0.0000000000000000
52.000000000000000,60.000000000000000,0.0000000000000000
53.000000000000000,60.000000000000000,0.0000000000000000
54.000000000000000,60.000000000000000,0.0000000000000000
55.000000000000000,60.000000000000000,0.0000000000000000
56.000000000000000,60.000000000000000,0.0000000000000000
57.000000000000000,60.000000000000000,0.0000000000000000
58.000000000000000,60.000000000000000,0.0000000000000000
59.000000000000000,60.000000000000000,0.0000000000000000
60.000000000000000,60.000000000000000,0.0000000000000000
61.000000000000000,60.000000000000000,0.0000000000000000
62.000000000000000,60.000000000000000,0.0000000000000000
63.000000000000000,60.000000000000000,0.0000000000000000
64.000000000000000,60.000000000000000,0.0000000000000000
65.000000000000000,60.000000000000000,0.0000000000000000
66.000000000000000,60.000000000000000,0.0000000000000000
67.000000000000000,60.000000000000000,0.0000000000000000
68.000000000000000,60.000000000000000,0.0000000000000000
69.000000000000000,60.000000000000000,0.0000000000000000
70.000000000000000,60.000000000000000,0.0000000000000000
71.000000000000000,60.000000000000000,0.0000000000000000
72.000000000000000,60.000000000000000,0.0000000000000000
73.000000000000000,60.000000000000000,0.0000000000000000
74.000000000000000,60.000000000000000,0.0000000000000000
75.000000000000000,60.000000000000000,0.0000000000000000
76.000000000000000,60.000000000000000,0.0000000000000000
77.000000000000000,60.000000000000000,0.0000000000000000
78.000000000000000,60.000000000000000,0.0000000000000000
79.000000000000000,60.000000000000000,0.0000000000000000
80.000000000000000,60.000000000000000,0.0000000000000000
81.000000000000000,60.000000000000000,0.0000000000000000
82.000000000000000,60.000000000000000,0.0000000000000000
83.000000000000000,60.000000000000000,0.0000000000000000
84.000000000000000,60.000000000000000,0.0000000000000000
85.000000000000000,60.000000000000000,0.0000000000000000
86.000000000000000,60.000000000000000,0.0000000000000000
87.000000000000000,60.000000000000000,0.0000000000000000
88.000000000000000,60.000000000000000,0.0000000000000000
89.000000000000000,60.000000000000000,0.0000000000000000
90.000000000000000,60.000000000000000,0.0000000000000000
91.000000000000000,60.000000000000000,0.0000000000000000
92.000000000000000,60.000000000000000,0.0000000000000000
93.000000000000000,60.000000000000000,5.5000000000000000
94.000000000000000,60.000000000000000,5.5000000000000000
95.000000000000000,60.000000000000000,0.0000000000000000
96.000000000000000,60.000000000000000,0.0000000000000000
97.000000000000000,60.000000000000000,0.0000000000000000
98.000000000000000,60.000000000000000,0.0000000000000000
99.000000000000000,60.000000000000000,0.0000000000000000
100.00000000000000,60.000000000000000,0.0000000000000000
101.00000000000000,60.000000000000000,0.0000000000000000
102.00000000000000,60.000000000000000,0.0000000000000000
103.00000000000000,60.000000000000000,0.0000000000000000
104.00000000000000,60.000000000000000,0.0000000000000000
105.00000000000000,60.000000000000000,0.0000000000000000
106.00000000000000,60.000000000000000,0.0000000000000000
107.00000000000000,60.000000000000000,0.0000000000000000
108.00000000000000,60.000000000000000,0.0000000000000000
109.00000000000000,60.000000000000000,0.0000000000000000
110.00000000000000,60.000000000000000,0.0000000000000000
111.00000000000000,60.000000000000000,0.0000000000000000
112.00000000000000,60.000000000000000,0.0000000000000000
113.00000000000000,60.000000000000000,0.0000000000000000
1.0000000000000000,61.000000000000000,0.0000000000000000
2.0000000000000000,61.000000000000000,0.0000000000000000
3.0000000000000000,61.000000000000000,0.0000000000000000
4.0000000000000000,61.000000000000000,0.0000000000000000
5.0000000000000000,61.000000000000000,0.0000000000000000
6.0000000000000000,61.000000000000000,0.0000000000000000
7.0000000000000000,61.000000000000000,0.0000000000000000
8.0000000000000000,61.000000000000000,0.0000000000000000
9.0000000000000000,61.000000000000000,0.0000000000000000
10.000000000000000,61.000000000000000,0.0000000000000000
11.000000000000000,61.000000000000000,0.0000000000000000
12.000000000000000,61.000000000000000,0.0000000000000000
13.000000000000000,61.000000000000000,0.0000000000000000
14.000000000000000,61.000000000000000,0.0000000000000000
15.000000000000000,61.000000000000000,0.0000000000000000
16.000000000000000,61.000000000000000,0.0000000000000000
17.000000000000000,61.000000000000000,0.0000000000000000
18.000000000000000,61.000000000000000,0.0000000000000000
19.000000000000000,61.000000000000000,0.0000000000000000
20.000000000000000,61.000000000000000,0.0000000000000000
21.000000000000000,61.000000000000000,0.0000000000000000
22.000000000000000,61.000000000000000,0.0000000000000000
23.000000000000000,61.000000000000000,0.0000000000000000
24.000000000000000,61.000000000000000,0.0000000000000000
25.000000000000000,61.000000000000000,0.0000000000000000
26.000000000000000,61.000000000000000,0.0000000000000000
27.000000000000000,61.000000000000000,0.0000000000000000
28.000000000000000,61.000000000000000,0.0000000000000000
29.000000000000000,61.000000000000000,0.0000000000000000
30.000000000000000,61.000000000000000,0.0000000000000000
31.000000000000000,61.000000000000000,0.0000000000000000
32.000000000000000,61.000000000000000,0.0000000000000000
33.000000000000000,61.000000000000000,0.0000000000000000
34.000000000000000,61.000000000000000,0.0000000000000000
35.000000000000000,61.000000000000000,0.0000000000000000
36.000000000000000,61.000000000000000,0.0000000000000000
37.000000000000000,61.000000000000000,0.0000000000000000
38.000000000000000,61.000000000000000,0.0000000000000000
39.000000000000000,61.000000000000000,0.0000000000000000
40.000000000000000,61.000000000000000,0.0000000000000000
41.000000000000000,61.000000000000000,0.0000000000000000
42.000000000000000,61.000000000000000,0.0000000000000000
43.000000000000000,61.000000000000000,0.0000000000000000
44.000000000000000,61.000000000000000,0.0000000000000000
45.000000000000000,61.000000000000000,0.0000000000000000
46.000000000000000,61.000000000000000,0.0000000000000000
47.000000000000000,61.000000000000000,0.0000000000000000
48.000000000000000,61.000000000000000,0.0000000000000000
49.000000000000000,61.000000000000000,0.0000000000000000
50.000000000000000,61.000000000000000,0.0000000000000000
51.000000000000000,61.000000000000000,0.0000000000000000
52.000000000000000,61.000000000000000,0.0000000000000000
53.000000000000000,61.000000000000000,0.0000000000000000
54.000000000000000,61.000000000000000,0.0000000000000000
55.000000000000000,61.000000000000000,0.0000000000000000
56.000000000000000,61.000000000000000,0.0000000000000000
57.000000000000000,61.000000000000000,0.0000000000000000
58.000000000000000,61.000000000000000,0.0000000000000000
59.000000000000000,61.000000000000000,0.0000000000000000
60.000000000000000,61.000000000000000,0.0000000000000000
61.000000000000000,61.000000000000000,0.0000000000000000
62.000000000000000,61.000000000000000,0.0000000000000000
63.000000000000000,61.000000000000000,0.0000000000000000
64.000000000000000,61.000000000000000,0.0000000000000000
65.000000000000000,61.000000000000000,0.0000000000000000
66.000000000000000,61.000000000000000,0.0000000000000000
67.000000000000000,61.000000000000000,0.0000000000000000
68.000000000000000,61.000000000000000,0.0000000000000000
69.000000000000000,61.000000000000000,0.0000000000000000
70.000000000000000,61.000000000000000,0.0000000000000000
71.000000000000000,61.000000000000000,0.0000000000000000
72.000000000000000,61.000000000000000,0.0000000000000000
73.000000000000000,61.000000000000000,0.0000000000000000
74.000000000000000,61.000000000000000,0.0000000000000000
75.000000000000000,61.000000000000000,0.0000000000000000
76.000000000000000,61.000000000000000,0.0000000000000000
77.000000000000000,61.000000000000000,0.0000000000000000
78.000000000000000,61.000000000000000,0.0000000000000000
79.000000000000000,61.000000000000000,0.0000000000000000
80.000000000000000,61.000000000000000,0.0000000000000000
81.000000000000000,61.000000000000000,0.0000000000000000
82.000000000000000,61.000000000000000,0.0000000000000000
83.000000000000000,61.000000000000000,0.0000000000000000
84.000000000000000,61.000000000000000,0.0000000000000000
85.000000000000000,61.000000000000000,0.0000000000000000
86.000000000000000,61.000000000000000,0.0000000000000000
87.000000000000000,61.000000000000000,0.0000000000000000
88.000000000000000,61.000000000000000,0.0000000000000000
89.000000000000000,61.000000000000000,0.0000000000000000
90.000000000000000,61.000000000000000,0.0000000000000000
91.000000000000000,61.000000000000000,0.0000000000000000
92.000000000000000,61.000000000000000,0.0000000000000000
93.000000000000000,61.000000000000000,5.5000000000000000
94.000000000000000,61.000000000000000,5.5000000000000000
95.000000000000000,61.000000000000000,0.0000000000000000
96.000000000000000,61.000000000000000,0.0000000000000000
97.000000000000000,61.000000000000000,0.0000000000000000
98.000000000000000,61.000000000000000,0.0000000000000000
99.000000000000000,61.000000000000000,0.0000000000000000
100.00000000000000,61.000000000000000,0.0000000000000000
101.00000000000000,61.000000000000000,0.0000000000000000
102.00000000000000,61.000000000000000,0.0000000000000000
103.00000000000000,61.000000000000000,0.0000000000000000
104.00000000000000,61.000000000000000,0.0000000000000000
105.00000000000000,61.000000000000000,0.0000000000000000
106.00000000000000,61.000000000000000,0.0000000000000000
107.00000000000000,61.000000000000000,0.0000000000000000
108.00000000000000,61.000000000000000,0.0000000000000000
109.00000000000000,61.000000000000000,0.0000000000000000
110.00000000000000,61.000000000000000,0.0000000000000000
111.00000000000000,61.000000000000000,0.0000000000000000
112.00000000000000,61.000000000000000,0.0000000000000000
113.00000000000000,61.000000000000000,0.0000000000000000
1.0000000000000000,62.000000000000000,0.0000000000000000
2.0000000000000000,62.000000000000000,0.0000000000000000
3.0000000000000000,62.000000000000000,0.0000000000000000
4.0000000000000000,62.000000000000000,0.0000000000000000
5.0000000000000000,62.000000000000000,0.0000000000000000
6.0000000000000000,62.000000000000000,0.0000000000000000
7.0000000000000000,62.000000000000000,0.0000000000000000
8.0000000000000000,62.000000000000000,0.0000000000000000
9.0000000000000000,62.000000000000000,0.0000000000000000
10.000000000000000,62.000000000000000,0.0000000000000000
11.000000000000000,62.000000000000000,0.0000000000000000
12.000000000000000,62.000000000000000,0.0000000000000000
13.000000000000000,62.000000000000000,0.0000000000000000
14.000000000000000,62.000000000000000,0.0000000000000000
15.000000000000000,62.000000000000000,0.0000000000000000
16.000000000000000,62.000000000000000,0.0000000000000000
17.000000000000000,62.000000000000000,0.0000000000000000
18.000000000000000,62.000000000000000,0.0000000000000000
19.000000000000000,62.000000000000000,0.0000000000000000
20.000000000000000,62.000000000000000,0.0000000000000000
21.000000000000000,62.000000000000000,0.0000000000000000
22.000000000000000,62.000000000000000,0.0000000000000000
23.000000000000000,62.000000000000000,0.0000000000000000
24.000000000000000,62.000000000000000,0.0000000000000000
25.000000000000000,62.000000000000000,0.0000000000000000
26.000000000000000,62.000000000000000,0.0000000000000000
27.000000000000000,62.000000000000000,0.0000000000000000
28.000000000000000,62.000000000000000,0.0000000000000000
29.000000000000000,62.000000000000000,0.0000000000000000
30.000000000000000,62.000000000000000,0.0000000000000000
31.000000000000000,62.000000000000000,0.0000000000000000
32.000000000000000,62.000000000000000,0.0000000000000000
33.000000000000000,62.000000000000000,0.0000000000000000
34.000000000000000,62.000000000000000,0.0000000000000000
35.000000000000000,62.000000000000000,0.0000000000000000
36.000000000000000,62.000000000000000,0.0000000000000000
37.000000000000000,62.000000000000000,0.0000000000000000
38.000000000000000,62.000000000000000,0.0000000000000000
39.000000000000000,62.000000000000000,0.0000000000000000
40.000000000000000,62.000000000000000,0.0000000000000000
41.000000000000000,62.000000000000000,0.0000000000000000
42.000000000000000,62.000000000000000,0.0000000000000000
43.000000000000000,62.000000000000000,0.0000000000000000
44.000000000000000,62.000000000000000,0.0000000000000000
45.000000000000000,62.000000000000000,0.0000000000000000
46.000000000000000,62.000000000000000,0.0000000000000000
47.000000000000000,62.000000000000000,0.0000000000000000
48.000000000000000,62.000000000000000,0.0000000000000000
49.000000000000000,62.000000000000000,0.0000000000000000
50.000000000000000,62.000000000000000,0.0000000000000000
51.000000000000000,62.000000000000000,0.0000000000000000
52.000000000000000,62.000000000000000,0.0000000000000000
53.000000000000000,62.000000000000000,0.0000000000000000
54.000000000000000,62.000000000000000,0.0000000000000000
55.000000000000000,62.000000000000000,0.0000000000000000
56.000000000000000,62.000000000000000,0.0000000000000000
57.000000000000000,62.000000000000000,0.0000000000000000
58.000000000000000,62.000000000000000,0.0000000000000000
59.000000000000000,62.000000000000000,0.0000000000000000
60.000000000000000,62.000000000000000,0.0000000000000000
61.000000000000000,62.000000000000000,0.0000000000000000
62.000000000000000,62.000000000000000,0.0000000000000000
63.000000000000000,62.000000000000000,0.0000000000000000
64.000000000000000,62.000000000000000,0.0000000000000000
65.000000000000000,62.000000000000000,0.0000000000000000
66.000000000000000,62.000000000000000,0.0000000000000000
67.000000000000000,62.000000000000000,0.0000000000000000
68.000000000000000,62.000000000000000,0.0000000000000000
69.000000000000000,62.000000000000000,0.0000000000000000
70.000000000000000,62.000000000000000,0.0000000000000000
71.000000000000000,62.000000000000000,0.0000000000000000
72.000000000000000,62.000000000000000,0.0000000000000000
73.000000000000000,62.000000000000000,0.0000000000000000
74.000000000000000,62.000000000000000,0.0000000000000000
75.000000000000000,62.000000000000000,0.0000000000000000
76.000000000000000,62.000000000000000,0.0000000000000000
77.000000000000000,62.000000000000000,0.0000000000000000
78.000000000000000,62.000000000000000,0.0000000000000000
79.000000000000000,62.000000000000000,0.0000000000000000
80.000000000000000,62.000000000000000,0.0000000000000000
81.000000000000000,62.000000000000000,0.0000000000000000
82.000000000000000,62.000000000000000,0.0000000000000000
83.000000000000000,62.000000000000000,0.0000000000000000
84.000000000000000,62.000000000000000,0.0000000000000000
85.000000000000000,62.000000000000000,0.0000000000000000
86.000000000000000,62.000000000000000,0.0000000000000000
87.000000000000000,62.000000000000000,0.0000000000000000
88.000000000000000,62.000000000000000,0.0000000000000000
89.000000000000000,62.000000000000000,0.0000000000000000
90.000000000000000,62.000000000000000,0.0000000000000000
91.000000000000000,62.000000000000000,0.0000000000000000
92.000000000000000,62.000000000000000,0.0000000000000000
93.000000000000000,62.000000000000000,0.0000000000000000
94.000000000000000,62.000000000000000,0.0000000000000000
95.000000000000000,62.000000000000000,0.0000000000000000
96.000000000000000,62.000000000000000,0.0000000000000000
97.000000000000000,62.000000000000000,0.0000000000000000
98.000000000000000,62.000000000000000,0.0000000000000000
99.000000000000000,62.000000000000000,0.0000000000000000
100.00000000000000,62.000000000000000,0.0000000000000000
101.00000000000000,62.000000000000000,0.0000000000000000
102.00000000000000,62.000000000000000,0.0000000000000000
103.00000000000000,62.000000000000000,0.0000000000000000
104.00000000000000,62.000000000000000,0.0000000000000000
105.00000000000000,62.000000000000000,0.0000000000000000
106.00000000000000,62.000000000000000,0.0000000000000000
107.00000000000000,62.000000000000000,0.0000000000000000
108.00000000000000,62.000000000000000,0.0000000000000000
109.00000000000000,62.000000000000000,0.0000000000000000
110.00000000000000,62.000000000000000,0.0000000000000000
111.00000000000000,62.000000000000000,0.0000000000000000
112.00000000000000,62.000000000000000,0.0000000000000000
113.00000000000000,62.000000000000000,0.0000000000000000
1.0000000000000000,63.000000000000000,0.0000000000000000
2.0000000000000000,63.000000000000000,0.0000000000000000
3.0000000000000000,63.000000000000000,0.0000000000000000
4.0000000000000000,63.000000000000000,0.0000000000000000
5.0000000000000000,63.000000000000000,0.0000000000000000
6.0000000000000000,63.000000000000000,0.0000000000000000
7.0000000000000000,63.000000000000000,0.0000000000000000
8.0000000000000000,63.000000000000000,0.0000000000000000
9.0000000000000000,63.000000000000000,0.0000000000000000
10.000000000000000,63.000000000000000,0.0000000000000000
11.000000000000000,63.000000000000000,0.0000000000000000
12.000000000000000,63.000000000000000,0.0000000000000000
13.000000000000000,63.000000000000000,0.0000000000000000
14.000000000000000,63.000000000000000,0.0000000000000000
15.000000000000000,63.000000000000000,0.0000000000000000
16.000000000000000,63.000000000000000,0.0000000000000000
17.000000000000000,63.000000000000000,0.0000000000000000
18.000000000000000,63.000000000000000,0.0000000000000000
19.000000000000000,63.000000000000000,0.0000000000000000
20.000000000000000,63.000000000000000,0.0000000000000000
21.000000000000000,63.000000000000000,0.0000000000000000
22.000000000000000,63.000000000000000,0.0000000000000000
23.000000000000000,63.000000000000000,0.0000000000000000
24.000000000000000,63.000000000000000,0.0000000000000000
25.000000000000000,63.000000000000000,0.0000000000000000
26.000000000000000,63.000000000000000,0.0000000000000000
27.000000000000000,63.000000000000000,0.0000000000000000
28.000000000000000,63.000000000000000,0.0000000000000000
29.000000000000000,63.000000000000000,0.0000000000000000
30.000000000000000,63.000000000000000,0.0000000000000000
31.000000000000000,63.000000000000000,0.0000000000000000
32.000000000000000,63.000000000000000,0.0000000000000000
33.000000000000000,63.000000000000000,0.0000000000000000
34.000000000000000,63.000000000000000,0.0000000000000000
35.000000000000000,63.000000000000000,0.0000000000000000
36.000000000000000,63.000000000000000,0.0000000000000000
37.000000000000000,63.000000000000000,0.0000000000000000
38.000000000000000,63.000000000000000,0.0000000000000000
39.000000000000000,63.000000000000000,0.0000000000000000
40.000000000000000,63.000000000000000,0.0000000000000000
41.000000000000000,63.000000000000000,0.0000000000000000
42.000000000000000,63.000000000000000,0.0000000000000000
43.000000000000000,63.000000000000000,0.0000000000000000
44.000000000000000,63.000000000000000,0.0000000000000000
45.000000000000000,63.000000000000000,0.0000000000000000
46.000000000000000,63.000000000000000,0.0000000000000000
47.000000000000000,63.000000000000000,0.0000000000000000
48.000000000000000,63.000000000000000,0.0000000000000000
49.000000000000000,63.000000000000000,0.0000000000000000
50.000000000000000,63.000000000000000,0.0000000000000000
51.000000000000000,63.000000000000000,0.0000000000000000
52.000000000000000,63.000000000000000,0.0000000000000000
53.000000000000000,63.000000000000000,0.0000000000000000
54.000000000000000,63.000000000000000,0.0000000000000000
55.000000000000000,63.000000000000000,0.0000000000000000
56.000000000000000,63.000000000000000,0.0000000000000000
57.000000000000000,63.000000000000000,0.0000000000000000
58.000000000000000,63.000000000000000,0.0000000000000000
59.000000000000000,63.000000000000000,0.0000000000000000
60.000000000000000,63.000000000000000,0.0000000000000000
61.000000000000000,63.000000000000000,0.0000000000000000
62.000000000000000,63.000000000000000,0.0000000000000000
63.000000000000000,63.000000000000000,0.0000000000000000
64.000000000000000,63.000000000000000,0.0000000000000000
65.000000000000000,63.000000000000000,0.0000000000000000
66.000000000000000,63.000000000000000,0.0000000000000000
67.000000000000000,63.000000000000000,0.0000000000000000
68.000000000000000,63.000000000000000,0.0000000000000000
69.000000000000000,63.000000000000000,0.0000000000000000
70.000000000000000,63.000000000000000,0.0000000000000000
71.000000000000000,63.000000000000000,0.0000000000000000
72.000000000000000,63.000000000000000,0.0000000000000000
73.000000000000000,63.000000000000000,0.0000000000000000
74.000000000000000,63.000000000000000,0.0000000000000000
75.000000000000000,63.000000000000000,0.0000000000000000
76.000000000000000,63.000000000000000,0.0000000000000000
77.000000000000000,63.000000000000000,0.0000000000000000
78.000000000000000,63.000000000000000,0.0000000000000000
79.000000000000000,63.000000000000000,0.0000000000000000
80.000000000000000,63.000000000000000,0.0000000000000000
81.000000000000000,63.000000000000000,0.0000000000000000
82.000000000000000,63.000000000000000,0.0000000000000000
83.000000000000000,63.000000000000000,0.0000000000000000
84.000000000000000,63.000000000000000,0.0000000000000000
85.000000000000000,63.000000000000000,0.0000000000000000
86.000000000000000,63.000000000000000,0.0000000000000000
87.000000000000000,63.000000000000000,0.0000000000000000
88.000000000000000,63.000000000000000,0.0000000000000000
89.000000000000000,63.000000000000000,0.0000000000000000
90.000000000000000,63.000000000000000,0.0000000000000000
91.000000000000000,63.000000000000000,0.0000000000000000
92.000000000000000,63.000000000000000,0.0000000000000000
93.000000000000000,63.000000000000000,0.0000000000000000
94.000000000000000,63.000000000000000,0.0000000000000000
95.000000000000000,63.000000000000000,0.0000000000000000
96.000000000000000,63.000000000000000,0.0000000000000000
97.000000000000000,63.000000000000000,0.0000000000000000
98.000000000000000,63.000000000000000,0.0000000000000000
99.000000000000000,63.000000000000000,0.0000000000000000
100.00000000000000,63.000000000000000,0.0000000000000000
101.00000000000000,63.000000000000000,0.0000000000000000
102.00000000000000,63.000000000000000,0.0000000000000000
103.00000000000000,63.000000000000000,0.0000000000000000
104.00000000000000,63.000000000000000,0.0000000000000000
105.00000000000000,63.000000000000000,0.0000000000000000
106.00000000000000,63.000000000000000,0.0000000000000000
107.00000000000000,63.000000000000000,0.0000000000000000
108.00000000000000,63.000000000000000,0.0000000000000000
109.00000000000000,63.000000000000000,0.0000000000000000
110.00000000000000,63.000000000000000,0.0000000000000000
111.00000000000000,63.000000000000000,0.0000000000000000
112.00000000000000,63.000000000000000,0.0000000000000000
113.00000000000000,63.000000000000000,0.0000000000000000
1.0000000000000000,64.000000000000000,0.0000000000000000
2.0000000000000000,64.000000000000000,0.0000000000000000
3.0000000000000000,64.000000000000000,0.0000000000000000
4.0000000000000000,64.000000000000000,0.0000000000000000
5.0000000000000000,64.000000000000000,0.0000000000000000
6.0000000000000000,64.000000000000000,0.0000000000000000
7.0000000000000000,64.000000000000000,0.0000000000000000
8.0000000000000000,64.000000000000000,0.0000000000000000
9.0000000000000000,64.000000000000000,0.0000000000000000
10.000000000000000,64.000000000000000,0.0000000000000000
11.000000000000000,64.000000000000000,0.0000000000000000
12.000000000000000,64.000000000000000,0.0000000000000000
13.000000000000000,64.000000000000000,0.0000000000000000
14.000000000000000,64.000000000000000,0.0000000000000000
15.000000000000000,64.000000000000000,0.0000000000000000
16.000000000000000,64.000000000000000,0.0000000000000000
17.000000000000000,64.000000000000000,0.0000000000000000
18.000000000000000,64.000000000000000,0.0000000000000000
19.000000000000000,64.000000000000000,0.0000000000000000
20.000000000000000,64.000000000000000,0.0000000000000000
21.000000000000000,64.000000000000000,0.0000000000000000
22.000000000000000,64.000000000000000,0.0000000000000000
23.000000000000000,64.000000000000000,0.0000000000000000
24.000000000000000,64.000000000000000,0.0000000000000000
25.000000000000000,64.000000000000000,0.0000000000000000
26.000000000000000,64.000000000000000,0.0000000000000000
27.000000000000000,64.000000000000000,0.0000000000000000
28.000000000000000,64.000000000000000,0.0000000000000000
29.000000000000000,64.000000000000000,0.0000000000000000
30.000000000000000,64.000000000000000,0.0000000000000000
31.000000000000000,64.000000000000000,0.0000000000000000
32.000000000000000,64.000000000000000,0.0000000000000000
33.000000000000000,64.000000000000000,0.0000000000000000
34.000000000000000,64.000000000000000,0.0000000000000000
35.000000000000000,64.000000000000000,0.0000000000000000
36.000000000000000,64.000000000000000,0.0000000000000000
37.000000000000000,64.000000000000000,0.0000000000000000
38.000000000000000,64.000000000000000,0.0000000000000000
39.000000000000000,64.000000000000000,0.0000000000000000
40.000000000000000,64.000000000000000,0.0000000000000000
41.000000000000000,64.000000000000000,0.0000000000000000
42.000000000000000,64.000000000000000,0.0000000000000000
43.000000000000000,64.000000000000000,0.0000000000000000
44.000000000000000,64.000000000000000,0.0000000000000000
45.000000000000000,64.000000000000000,0.0000000000000000
46.000000000000000,64.000000000000000,0.0000000000000000
47.000000000000000,64.000000000000000,0.0000000000000000
48.000000000000000,64.000000000000000,0.0000000000000000
49.000000000000000,64.000000000000000,0.0000000000000000
50.000000000000000,64.000000000000000,0.0000000000000000
51.000000000000000,64.000000000000000,0.0000000000000000
52.000000000000000,64.000000000000000,0.0000000000000000
53.000000000000000,64.000000000000000,0.0000000000000000
54.000000000000000,64.000000000000000,0.0000000000000000
55.000000000000000,64.000000000000000,0.0000000000000000
56.000000000000000,64.000000000000000,0.0000000000000000
57.000000000000000,64.000000000000000,0.0000000000000000
58.000000000000000,64.000000000000000,0.0000000000000000
59.000000000000000,64.000000000000000,0.0000000000000000
60.000000000000000,64.000000000000000,0.0000000000000000
61.000000000000000,64.000000000000000,0.0000000000000000
62.000000000000000,64.000000000000000,0.0000000000000000
63.000000000000000,64.000000000000000,0.0000000000000000
64.000000000000000,64.000000000000000,0.0000000000000000
65.000000000000000,64.000000000000000,0.0000000000000000
66.000000000000000,64.000000000000000,0.0000000000000000
67.000000000000000,64.000000000000000,0.0000000000000000
68.000000000000000,64.000000000000000,0.0000000000000000
69.000000000000000,64.000000000000000,0.0000000000000000
70.000000000000000,64.000000000000000,0.0000000000000000
71.000000000000000,64.000000000000000,0.0000000000000000
72.000000000000000,64.000000000000000,0.0000000000000000
73.000000000000000,64.000000000000000,0.0000000000000000
74.000000000000000,64.000000000000000,0.0000000000000000
75.000000000000000,64.000000000000000,0.0000000000000000
76.000000000000000,64.000000000000000,0.0000000000000000
77.000000000000000,64.000000000000000,0.0000000000000000
78.000000000000000,64.000000000000000,0.0000000000000000
79.000000000000000,64.000000000000000,0.0000000000000000
80.000000000000000,64.000000000000000,0.0000000000000000
81.000000000000000,64.000000000000000,0.0000000000000000
82.000000000000000,64.000000000000000,0.0000000000000000
83.000000000000000,64.000000000000000,0.0000000000000000
84.000000000000000,64.000000000000000,0.0000000000000000
85.000000000000000,64.000000000000000,0.0000000000000000
86.000000000000000,64.000000000000000,0.0000000000000000
87.000000000000000,64.000000000000000,0.0000000000000000
88.000000000000000,64.000000000000000,0.0000000000000000
89.000000000000000,64.000000000000000,0.0000000000000000
90.000000000000000,64.000000000000000,0.0000000000000000
91.000000000000000,64.000000000000000,0.0000000000000000
92.000000000000000,64.000000000000000,0.0000000000000000
93.000000000000000,64.000000000000000,0.0000000000000000
94.000000000000000,64.000000000000000,0.0000000000000000
95.000000000000000,64.000000000000000,0.0000000000000000
96.000000000000000,64.000000000000000,0.0000000000000000
97.000000000000000,64.000000000000000,0.0000000000000000
98.000000000000000,64.000000000000000,0.0000000000000000
99.000000000000000,64.000000000000000,0.0000000000000000
100.00000000000000,64.000000000000000,0.0000000000000000
101.00000000000000,64.000000000000000,0.0000000000000000
102.00000000000000,64.000000000000000,0.0000000000000000
103.00000000000000,64.000000000000000,0.0000000000000000
104.00000000000000,64.000000000000000,0.0000000000000000
105.00000000000000,64.000000000000000,0.0000000000000000
106.00000000000000,64.000000000000000,0.0000000000000000
107.00000000000000,64.000000000000000,0.0000000000000000
108.00000000000000,64.000000000000000,0.0000000000000000
109.00000000000000,64.000000000000000,0.0000000000000000
110.00000000000000,64.000000000000000,0.0000000000000000
111.00000000000000,64.000000000000000,0.0000000000000000
112.00000000000000,64.000000000000000,0.0000000000000000
113.00000000000000,64.000000000000000,0.0000000000000000
1.0000000000000000,65.000000000000000,0.0000000000000000
2.0000000000000000,65.000000000000000,0.0000000000000000
3.0000000000000000,65.000000000000000,0.0000000000000000
4.0000000000000000,65.000000000000000,0.0000000000000000
5.0000000000000000,65.000000000000000,0.0000000000000000
6.0000000000000000,65.000000000000000,0.0000000000000000
7.0000000000000000,65.000000000000000,0.0000000000000000
8.0000000000000000,65.000000000000000,0.0000000000000000
9.0000000000000000,65.000000000000000,0.0000000000000000
10.000000000000000,65.000000000000000,0.0000000000000000
11.000000000000000,65.000000000000000,0.0000000000000000
12.000000000000000,65.000000000000000,0.0000000000000000
13.000000000000000,65.000000000000000,0.0000000000000000
14.000000000000000,65.000000000000000,0.0000000000000000
15.000000000000000,65.000000000000000,0.0000000000000000
16.000000000000000,65.000000000000000,0.0000000000000000
17.000000000000000,65.000000000000000,0.0000000000000000
18.000000000000000,65.000000000000000,0.0000000000000000
19.000000000000000,65.000000000000000,0.0000000000000000
20.000000000000000,65.000000000000000,0.0000000000000000
21.000000000000000,65.000000000000000,0.0000000000000000
22.000000000000000,65.000000000000000,0.0000000000000000
23.000000000000000,65.000000000000000,0.0000000000000000
24.000000000000000,65.000000000000000,0.0000000000000000
25.000000000000000,65.000000000000000,0.0000000000000000
26.000000000000000,65.000000000000000,0.0000000000000000
27.000000000000000,65.000000000000000,0.0000000000000000
28.000000000000000,65.000000000000000,0.0000000000000000
29.000000000000000,65.000000000000000,0.0000000000000000
30.000000000000000,65.000000000000000,0.0000000000000000
31.000000000000000,65.000000000000000,0.0000000000000000
32.000000000000000,65.000000000000000,0.0000000000000000
33.000000000000000,65.000000000000000,0.0000000000000000
34.000000000000000,65.000000000000000,0.0000000000000000
35.000000000000000,65.000000000000000,0.0000000000000000
36.000000000000000,65.000000000000000,0.0000000000000000
37.000000000000000,65.000000000000000,0.0000000000000000
38.000000000000000,65.000000000000000,0.0000000000000000
39.000000000000000,65.000000000000000,0.0000000000000000
40.000000000000000,65.000000000000000,0.0000000000000000
41.000000000000000,65.000000000000000,0.0000000000000000
42.000000000000000,65.000000000000000,0.0000000000000000
43.000000000000000,65.000000000000000,0.0000000000000000
44.000000000000000,65.000000000000000,0.0000000000000000
45.000000000000000,65.000000000000000,0.0000000000000000
46.000000000000000,65.000000000000000,0.0000000000000000
47.000000000000000,65.000000000000000,0.0000000000000000
48.000000000000000,65.000000000000000,0.0000000000000000
49.000000000000000,65.000000000000000,0.0000000000000000
50.000000000000000,65.000000000000000,0.0000000000000000
51.000000000000000,65.000000000000000,0.0000000000000000
52.000000000000000,65.000000000000000,0.0000000000000000
53.000000000000000,65.000000000000000,0.0000000000000000
54.000000000000000,65.000000000000000,0.0000000000000000
55.000000000000000,65.000000000000000,0.0000000000000000
56.000000000000000,65.000000000000000,0.0000000000000000
57.000000000000000,65.000000000000000,0.0000000000000000
58.000000000000000,65.000000000000000,0.0000000000000000
59.000000000000000,65.000000000000000,0.0000000000000000
60.000000000000000,65.000000000000000,0.0000000000000000
61.000000000000000,65.000000000000000,0.0000000000000000
62.000000000000000,65.000000000000000,0.0000000000000000
63.000000000000000,65.000000000000000,0.0000000000000000
64.000000000000000,65.000000000000000,0.0000000000000000
65.000000000000000,65.000000000000000,0.0000000000000000
66.000000000000000,65.000000000000000,0.0000000000000000
67.000000000000000,65.000000000000000,0.0000000000000000
68.000000000000000,65.000000000000000,0.0000000000000000
69.000000000000000,65.000000000000000,0.0000000000000000
70.000000000000000,65.000000000000000,0.0000000000000000
71.000000000000000,65.000000000000000,0.0000000000000000
72.000000000000000,65.000000000000000,0.0000000000000000
73.000000000000000,65.000000000000000,0.0000000000000000
74.000000000000000,65.000000000000000,0.0000000000000000
75.000000000000000,65.000000000000000,0.0000000000000000
76.000000000000000,65.000000000000000,0.0000000000000000
77.000000000000000,65.000000000000000,0.0000000000000000
78.000000000000000,65.000000000000000,0.0000000000000000
79.000000000000000,65.000000000000000,0.0000000000000000
80.000000000000000,65.000000000000000,0.0000000000000000
81.000000000000000,65.000000000000000,0.0000000000000000
82.000000000000000,65.000000000000000,0.0000000000000000
83.000000000000000,65.000000000000000,0.0000000000000000
84.000000000000000,65.000000000000000,0.0000000000000000
85.000000000000000,65.000000000000000,0.0000000000000000
86.000000000000000,65.000000000000000,0.0000000000000000
87.000000000000000,65.000000000000000,0.0000000000000000
88.000000000000000,65.000000000000000,0.0000000000000000
89.000000000000000,65.000000000000000,0.0000000000000000
90.000000000000000,65.000000000000000,0.0000000000000000
91.000000000000000,65.000000000000000,0.0000000000000000
92.000000000000000,65.000000000000000,0.0000000000000000
93.000000000000000,65.000000000000000,0.0000000000000000
94.000000000000000,65.000000000000000,0.0000000000000000
95.000000000000000,65.000000000000000,0.0000000000000000
96.000000000000000,65.000000000000000,5.4000000953674316
97.000000000000000,65.000000000000000,0.0000000000000000
98.000000000000000,65.000000000000000,0.0000000000000000
99.000000000000000,65.000000000000000,0.0000000000000000
100.00000000000000,65.000000000000000,0.0000000000000000
101.00000000000000,65.000000000000000,0.0000000000000000
102.00000000000000,65.000000000000000,0.0000000000000000
103.00000000000000,65.000000000000000,0.0000000000000000
104.00000000000000,65.000000000000000,0.0000000000000000
105.00000000000000,65.000000000000000,0.0000000000000000
106.00000000000000,65.000000000000000,0.0000000000000000
107.00000000000000,65.000000000000000,0.0000000000000000
108.00000000000000,65.000000000000000,0.0000000000000000
109.00000000000000,65.000000000000000,0.0000000000000000
110.00000000000000,65.000000000000000,0.0000000000000000
111.00000000000000,65.000000000000000,0.0000000000000000
112.00000000000000,65.000000000000000,0.0000000000000000
113.00000000000000,65.000000000000000,0.0000000000000000
1.0000000000000000,66.000000000000000,0.0000000000000000
2.0000000000000000,66.000000000000000,0.0000000000000000
3.0000000000000000,66.000000000000000,0.0000000000000000
4.0000000000000000,66.000000000000000,0.0000000000000000
5.0000000000000000,66.000000000000000,0.0000000000000000
6.0000000000000000,66.000000000000000,0.0000000000000000
7.0000000000000000,66.000000000000000,0.0000000000000000
8.0000000000000000,66.000000000000000,0.0000000000000000
9.0000000000000000,66.000000000000000,0.0000000000000000
10.000000000000000,66.000000000000000,0.0000000000000000
11.000000000000000,66.000000000000000,0.0000000000000000
12.000000000000000,66.000000000000000,0.0000000000000000
13.000000000000000,66.000000000000000,0.0000000000000000
14.000000000000000,66.000000000000000,0.0000000000000000
15.000000000000000,66.000000000000000,0.0000000000000000
16.000000000000000,66.000000000000000,0.0000000000000000
17.000000000000000,66.000000000000000,0.0000000000000000
18.000000000000000,66.000000000000000,0.0000000000000000
19.000000000000000,66.000000000000000,0.0000000000000000
20.000000000000000,66.000000000000000,0.0000000000000000
21.000000000000000,66.000000000000000,0.0000000000000000
22.000000000000000,66.000000000000000,0.0000000000000000
23.000000000000000,66.000000000000000,0.0000000000000000
24.000000000000000,66.000000000000000,0.0000000000000000
25.000000000000000,66.000000000000000,0.0000000000000000
26.000000000000000,66.000000000000000,0.0000000000000000
27.000000000000000,66.000000000000000,0.0000000000000000
28.000000000000000,66.000000000000000,0.0000000000000000
29.000000000000000,66.000000000000000,0.0000000000000000
30.000000000000000,66.000000000000000,0.0000000000000000
31.000000000000000,66.000000000000000,0.0000000000000000
32.000000000000000,66.000000000000000,0.0000000000000000
33.000000000000000,66.000000000000000,0.0000000000000000
34.000000000000000,66.000000000000000,0.0000000000000000
35.000000000000000,66.000000000000000,0.0000000000000000
36.000000000000000,66.000000000000000,0.0000000000000000
37.000000000000000,66.000000000000000,0.0000000000000000
38.000000000000000,66.000000000000000,0.0000000000000000
39.000000000000000,66.000000000000000,0.0000000000000000
40.000000000000000,66.000000000000000,0.0000000000000000
41.000000000000000,66.000000000000000,0.0000000000000000
42.000000000000000,66.000000000000000,0.0000000000000000
43.000000000000000,66.000000000000000,0.0000000000000000
44.000000000000000,66.000000000000000,0.0000000000000000
45.000000000000000,66.000000000000000,0.0000000000000000
46.000000000000000,66.000000000000000,0.0000000000000000
47.000000000000000,66.000000000000000,0.0000000000000000
48.000000000000000,66.000000000000000,0.0000000000000000
49.000000000000000,66.000000000000000,0.0000000000000000
50.000000000000000,66.000000000000000,0.0000000000000000
51.000000000000000,66.000000000000000,0.0000000000000000
52.000000000000000,66.000000000000000,0.0000000000000000
53.000000000000000,66.000000000000000,0.0000000000000000
54.000000000000000,66.000000000000000,0.0000000000000000
55.000000000000000,66.000000000000000,0.0000000000000000
56.000000000000000,66.000000000000000,0.0000000000000000
57.000000000000000,66.000000000000000,0.0000000000000000
58.000000000000000,66.000000000000000,0.0000000000000000
59.000000000000000,66.000000000000000,0.0000000000000000
60.000000000000000,66.000000000000000,0.0000000000000000
61.000000000000000,66.000000000000000,0.0000000000000000
62.000000000000000,66.000000000000000,0.0000000000000000
63.000000000000000,66.000000000000000,0.0000000000000000
64.000000000000000,66.000000000000000,0.0000000000000000
65.000000000000000,66.000000000000000,0.0000000000000000
66.000000000000000,66.000000000000000,0.0000000000000000
67.000000000000000,66.000000000000000,0.0000000000000000
68.000000000000000,66.000000000000000,0.0000000000000000
69.000000000000000,66.000000000000000,0.0000000000000000
70.000000000000000,66.000000000000000,0.0000000000000000
71.000000000000000,66.000000000000000,0.0000000000000000
72.000000000000000,66.000000000000000,0.0000000000000000
73.000000000000000,66.000000000000000,0.0000000000000000
74.000000000000000,66.000000000000000,0.0000000000000000
75.000000000000000,66.000000000000000,0.0000000000000000
76.000000000000000,66.000000000000000,0.0000000000000000
77.000000000000000,66.000000000000000,0.0000000000000000
78.000000000000000,66.000000000000000,0.0000000000000000
79.000000000000000,66.000000000000000,0.0000000000000000
80.000000000000000,66.000000000000000,0.0000000000000000
81.000000000000000,66.000000000000000,0.0000000000000000
82.000000000000000,66.000000000000000,0.0000000000000000
83.000000000000000,66.000000000000000,0.0000000000000000
84.000000000000000,66.000000000000000,0.0000000000000000
85.000000000000000,66.000000000000000,0.0000000000000000
86.000000000000000,66.000000000000000,0.0000000000000000
87.000000000000000,66.000000000000000,0.0000000000000000
88.000000000000000,66.000000000000000,0.0000000000000000
89.000000000000000,66.000000000000000,0.0000000000000000
90.000000000000000,66.000000000000000,0.0000000000000000
91.000000000000000,66.000000000000000,0.0000000000000000
92.000000000000000,66.000000000000000,0.0000000000000000
93.000000000000000,66.000000000000000,0.0000000000000000
94.000000000000000,66.000000000000000,0.0000000000000000
95.000000000000000,66.000000000000000,0.0000000000000000
96.000000000000000,66.000000000000000,5.4000000953674316
97.000000000000000,66.000000000000000,0.0000000000000000
98.000000000000000,66.000000000000000,0.0000000000000000
99.000000000000000,66.000000000000000,0.0000000000000000
100.00000000000000,66.000000000000000,0.0000000000000000
101.00000000000000,66.000000000000000,0.0000000000000000
102.00000000000000,66.000000000000000,0.0000000000000000
103.00000000000000,66.000000000000000,0.0000000000000000
104.00000000000000,66.000000000000000,0.0000000000000000
105.00000000000000,66.000000000000000,0.0000000000000000
106.00000000000000,66.000000000000000,0.0000000000000000
107.00000000000000,66.000000000000000,0.0000000000000000
108.00000000000000,66.000000000000000,0.0000000000000000
109.00000000000000,66.000000000000000,0.0000000000000000
110.00000000000000,66.000000000000000,0.0000000000000000
111.00000000000000,66.000000000000000,0.0000000000000000
112.00000000000000,66.000000000000000,0.0000000000000000
113.00000000000000,66.000000000000000,0.0000000000000000
1.0000000000000000,67.000000000000000,0.0000000000000000
2.0000000000000000,67.000000000000000,0.0000000000000000
3.0000000000000000,67.000000000000000,0.0000000000000000
4.0000000000000000,67.000000000000000,0.0000000000000000
5.0000000000000000,67.000000000000000,0.0000000000000000
6.0000000000000000,67.000000000000000,0.0000000000000000
7.0000000000000000,67.000000000000000,0.0000000000000000
8.0000000000000000,67.000000000000000,0.0000000000000000
9.0000000000000000,67.000000000000000,0.0000000000000000
10.000000000000000,67.000000000000000,0.0000000000000000
11.000000000000000,67.000000000000000,0.0000000000000000
12.000000000000000,67.000000000000000,0.0000000000000000
13.000000000000000,67.000000000000000,0.0000000000000000
14.000000000000000,67.000000000000000,0.0000000000000000
15.000000000000000,67.000000000000000,0.0000000000000000
16.000000000000000,67.000000000000000,0.0000000000000000
17.000000000000000,67.000000000000000,0.0000000000000000
18.000000000000000,67.000000000000000,0.0000000000000000
19.000000000000000,67.000000000000000,0.0000000000000000
20.000000000000000,67.000000000000000,0.0000000000000000
21.000000000000000,67.000000000000000,0.0000000000000000
22.000000000000000,67.000000000000000,0.0000000000000000
23.000000000000000,67.000000000000000,0.0000000000000000
24.000000000000000,67.000000000000000,0.0000000000000000
25.000000000000000,67.000000000000000,0.0000000000000000
26.000000000000000,67.000000000000000,0.0000000000000000
27.000000000000000,67.000000000000000,0.0000000000000000
28.000000000000000,67.000000000000000,0.0000000000000000
29.000000000000000,67.000000000000000,0.0000000000000000
30.000000000000000,67.000000000000000,0.0000000000000000
31.000000000000000,67.000000000000000,0.0000000000000000
32.000000000000000,67.000000000000000,0.0000000000000000
33.000000000000000,67.000000000000000,0.0000000000000000
34.000000000000000,67.000000000000000,0.0000000000000000
35.000000000000000,67.000000000000000,0.0000000000000000
36.000000000000000,67.000000000000000,0.0000000000000000
37.000000000000000,67.000000000000000,0.0000000000000000
38.000000000000000,67.000000000000000,0.0000000000000000
39.000000000000000,67.000000000000000,0.0000000000000000
40.000000000000000,67.000000000000000,0.0000000000000000
41.000000000000000,67.000000000000000,0.0000000000000000
42.000000000000000,67.000000000000000,0.0000000000000000
43.000000000000000,67.000000000000000,0.0000000000000000
44.000000000000000,67.000000000000000,0.0000000000000000
45.000000000000000,67.000000000000000,0.0000000000000000
46.000000000000000,67.000000000000000,0.0000000000000000
47.000000000000000,67.000000000000000,0.0000000000000000
48.000000000000000,67.000000000000000,0.0000000000000000
49.000000000000000,67.000000000000000,0.0000000000000000
50.000000000000000,67.000000000000000,0.0000000000000000
51.000000000000000,67.000000000000000,0.0000000000000000
52.000000000000000,67.000000000000000,0.0000000000000000
53.000000000000000,67.000000000000000,0.0000000000000000
54.000000000000000,67.000000000000000,0.0000000000000000
55.000000000000000,67.000000000000000,0.0000000000000000
56.000000000000000,67.000000000000000,0.0000000000000000
57.000000000000000,67.000000000000000,0.0000000000000000
58.000000000000000,67.000000000000000,0.0000000000000000
59.000000000000000,67.000000000000000,0.0000000000000000
60.000000000000000,67.000000000000000,0.0000000000000000
61.000000000000000,67.000000000000000,0.0000000000000000
62.000000000000000,67.000000000000000,0.0000000000000000
63.000000000000000,67.000000000000000,0.0000000000000000
64.000000000000000,67.000000000000000,0.0000000000000000
65.000000000000000,67.000000000000000,0.0000000000000000
66.000000000000000,67.000000000000000,0.0000000000000000
67.000000000000000,67.000000000000000,0.0000000000000000
68.000000000000000,67.000000000000000,0.0000000000000000
69.000000000000000,67.000000000000000,0.0000000000000000
70.000000000000000,67.000000000000000,0.0000000000000000
71.000000000000000,67.000000000000000,0.0000000000000000
72.000000000000000,67.000000000000000,0.0000000000000000
73.000000000000000,67.000000000000000,0.0000000000000000
74.000000000000000,67.000000000000000,0.0000000000000000
75.000000000000000,67.000000000000000,0.0000000000000000
76.000000000000000,67.000000000000000,0.0000000000000000
77.000000000000000,67.000000000000000,0.0000000000000000
78.000000000000000,67.000000000000000,0.0000000000000000
79.000000000000000,67.000000000000000,0.0000000000000000
80.000000000000000,67.000000000000000,0.0000000000000000
81.000000000000000,67.000000000000000,0.0000000000000000
82.000000000000000,67.000000000000000,0.0000000000000000
83.000000000000000,67.000000000000000,0.0000000000000000
84.000000000000000,67.000000000000000,0.0000000000000000
85.000000000000000,67.000000000000000,0.0000000000000000
86.000000000000000,67.000000000000000,0.0000000000000000
87.000000000000000,67.000000000000000,0.0000000000000000
88.000000000000000,67.000000000000000,0.0000000000000000
89.000000000000000,67.000000000000000,0.0000000000000000
90.000000000000000,67.000000000000000,0.0000000000000000
91.000000000000000,67.000000000000000,0.0000000000000000
92.000000000000000,67.000000000000000,0.0000000000000000
93.000000000000000,67.000000000000000,0.0000000000000000
94.000000000000000,67.000000000000000,0.0000000000000000
95.000000000000000,67.000000000000000,0.0000000000000000
96.000000000000000,67.000000000000000,5.4000000953674316
97.000000000000000,67.000000000000000,0.0000000000000000
98.000000000000000,67.000000000000000,0.0000000000000000
99.000000000000000,67.000000000000000,0.0000000000000000
100.00000000000000,67.000000000000000,0.0000000000000000
101.00000000000000,67.000000000000000,0.0000000000000000
102.00000000000000,67.000000000000000,0.0000000000000000
103.00000000000000,67.000000000000000,0.0000000000000000
104.00000000000000,67.000000000000000,0.0000000000000000
105.00000000000000,67.000000000000000,0.0000000000000000
106.00000000000000,67.000000000000000,0.0000000000000000
107.00000000000000,67.000000000000000,0.0000000000000000
108.00000000000000,67.000000000000000,0.0000000000000000
109.00000000000000,67.000000000000000,0.0000000000000000
110.00000000000000,67.000000000000000,0.0000000000000000
111.00000000000000,67.000000000000000,0.0000000000000000
112.00000000000000,67.000000000000000,0.0000000000000000
113.00000000000000,67.000000000000000,0.0000000000000000
1.0000000000000000,68.000000000000000,0.0000000000000000
2.0000000000000000,68.000000000000000,0.0000000000000000
3.0000000000000000,68.000000000000000,0.0000000000000000
4.0000000000000000,68.000000000000000,0.0000000000000000
5.0000000000000000,68.000000000000000,0.0000000000000000
6.0000000000000000,68.000000000000000,0.0000000000000000
7.0000000000000000,68.000000000000000,0.0000000000000000
8.0000000000000000,68.000000000000000,0.0000000000000000
9.0000000000000000,68.000000000000000,0.0000000000000000
10.000000000000000,68.000000000000000,0.0000000000000000
11.000000000000000,68.000000000000000,0.0000000000000000
12.000000000000000,68.000000000000000,0.0000000000000000
13.000000000000000,68.000000000000000,0.0000000000000000
14.000000000000000,68.000000000000000,0.0000000000000000
15.000000000000000,68.000000000000000,0.0000000000000000
16.000000000000000,68.000000000000000,0.0000000000000000
17.000000000000000,68.000000000000000,0.0000000000000000
18.000000000000000,68.000000000000000,0.0000000000000000
19.000000000000000,68.000000000000000,0.0000000000000000
20.000000000000000,68.000000000000000,0.0000000000000000
21.000000000000000,68.000000000000000,0.0000000000000000
22.000000000000000,68.000000000000000,0.0000000000000000
23.000000000000000,68.000000000000000,0.0000000000000000
24.000000000000000,68.000000000000000,0.0000000000000000
25.000000000000000,68.000000000000000,0.0000000000000000
26.000000000000000,68.000000000000000,0.0000000000000000
27.000000000000000,68.000000000000000,0.0000000000000000
28.000000000000000,68.000000000000000,0.0000000000000000
29.000000000000000,68.000000000000000,0.0000000000000000
30.000000000000000,68.000000000000000,0.0000000000000000
31.000000000000000,68.000000000000000,0.0000000000000000
32.000000000000000,68.000000000000000,0.0000000000000000
33.000000000000000,68.000000000000000,0.0000000000000000
34.000000000000000,68.000000000000000,0.0000000000000000
35.000000000000000,68.000000000000000,0.0000000000000000
36.000000000000000,68.000000000000000,0.0000000000000000
37.000000000000000,68.000000000000000,0.0000000000000000
38.000000000000000,68.000000000000000,0.0000000000000000
39.000000000000000,68.000000000000000,0.0000000000000000
40.000000000000000,68.000000000000000,0.0000000000000000
41.000000000000000,68.000000000000000,0.0000000000000000
42.000000000000000,68.000000000000000,0.0000000000000000
43.000000000000000,68.000000000000000,0.0000000000000000
44.000000000000000,68.000000000000000,0.0000000000000000
45.000000000000000,68.000000000000000,0.0000000000000000
46.000000000000000,68.000000000000000,0.0000000000000000
47.000000000000000,68.000000000000000,0.0000000000000000
48.000000000000000,68.000000000000000,0.0000000000000000
49.000000000000000,68.000000000000000,0.0000000000000000
50.000000000000000,68.000000000000000,0.0000000000000000
51.000000000000000,68.000000000000000,0.0000000000000000
52.000000000000000,68.000000000000000,0.0000000000000000
53.000000000000000,68.000000000000000,0.0000000000000000
54.000000000000000,68.000000000000000,0.0000000000000000
55.000000000000000,68.000000000000000,0.0000000000000000
56.000000000000000,68.000000000000000,0.0000000000000000
57.000000000000000,68.000000000000000,0.0000000000000000
58.000000000000000,68.000000000000000,0.0000000000000000
59.000000000000000,68.000000000000000,0.0000000000000000
60.000000000000000,68.000000000000000,0.0000000000000000
61.000000000000000,68.000000000000000,0.0000000000000000
62.000000000000000,68.000000000000000,0.0000000000000000
63.000000000000000,68.000000000000000,0.0000000000000000
64.000000000000000,68.000000000000000,0.0000000000000000
65.000000000000000,68.000000000000000,0.0000000000000000
66.000000000000000,68.000000000000000,0.0000000000000000
67.000000000000000,68.000000000000000,0.0000000000000000
68.000000000000000,68.000000000000000,0.0000000000000000
69.000000000000000,68.000000000000000,0.0000000000000000
70.000000000000000,68.000000000000000,0.0000000000000000
71.000000000000000,68.000000000000000,0.0000000000000000
72.000000000000000,68.000000000000000,0.0000000000000000
73.000000000000000,68.000000000000000,0.0000000000000000
74.000000000000000,68.000000000000000,0.0000000000000000
75.000000000000000,68.000000000000000,0.0000000000000000
76.000000000000000,68.000000000000000,0.0000000000000000
77.000000000000000,68.000000000000000,0.0000000000000000
78.000000000000000,68.000000000000000,0.0000000000000000
79.000000000000000,68.000000000000000,0.0000000000000000
80.000000000000000,68.000000000000000,0.0000000000000000
81.000000000000000,68.000000000000000,0.0000000000000000
82.000000000000000,68.000000000000000,0.0000000000000000
83.000000000000000,68.000000000000000,0.0000000000000000
84.000000000000000,68.000000000000000,0.0000000000000000
85.000000000000000,68.000000000000000,0.0000000000000000
86.000000000000000,68.000000000000000,0.0000000000000000
87.000000000000000,68.000000000000000,0.0000000000000000
88.000000000000000,68.000000000000000,0.0000000000000000
89.000000000000000,68.000000000000000,0.0000000000000000
90.000000000000000,68.000000000000000,0.0000000000000000
91.000000000000000,68.000000000000000,0.0000000000000000
92.000000000000000,68.000000000000000,0.0000000000000000
93.000000000000000,68.000000000000000,0.0000000000000000
94.000000000000000,68.000000000000000,0.0000000000000000
95.000000000000000,68.000000000000000,0.0000000000000000
96.000000000000000,68.000000000000000,5.1999998092651367
97.000000000000000,68.000000000000000,0.0000000000000000
98.000000000000000,68.000000000000000,0.0000000000000000
99.000000000000000,68.000000000000000,0.0000000000000000
100.00000000000000,68.000000000000000,0.0000000000000000
101.00000000000000,68.000000000000000,0.0000000000000000
102.00000000000000,68.000000000000000,0.0000000000000000
103.00000000000000,68.000000000000000,0.0000000000000000
104.00000000000000,68.000000000000000,0.0000000000000000
105.00000000000000,68.000000000000000,0.0000000000000000
106.00000000000000,68.000000000000000,0.0000000000000000
107.00000000000000,68.000000000000000,0.0000000000000000
108.00000000000000,68.000000000000000,0.0000000000000000
109.00000000000000,68.000000000000000,0.0000000000000000
110.00000000000000,68.000000000000000,0.0000000000000000
111.00000000000000,68.000000000000000,0.0000000000000000
112.00000000000000,68.000000000000000,0.0000000000000000
113.00000000000000,68.000000000000000,0.0000000000000000
1.0000000000000000,69.000000000000000,0.0000000000000000
2.0000000000000000,69.000000000000000,0.0000000000000000
3.0000000000000000,69.000000000000000,0.0000000000000000
4.0000000000000000,69.000000000000000,0.0000000000000000
5.0000000000000000,69.000000000000000,0.0000000000000000
6.0000000000000000,69.000000000000000,0.0000000000000000
7.0000000000000000,69.000000000000000,0.0000000000000000
8.0000000000000000,69.000000000000000,0.0000000000000000
9.0000000000000000,69.000000000000000,0.0000000000000000
10.000000000000000,69.000000000000000,0.0000000000000000
11.000000000000000,69.000000000000000,0.0000000000000000
12.000000000000000,69.000000000000000,0.0000000000000000
13.000000000000000,69.000000000000000,0.0000000000000000
14.000000000000000,69.000000000000000,0.0000000000000000
15.000000000000000,69.000000000000000,0.0000000000000000
16.000000000000000,69.000000000000000,0.0000000000000000
17.000000000000000,69.000000000000000,0.0000000000000000
18.000000000000000,69.000000000000000,0.0000000000000000
19.000000000000000,69.000000000000000,0.0000000000000000
20.000000000000000,69.000000000000000,0.0000000000000000
21.000000000000000,69.000000000000000,0.0000000000000000
22.000000000000000,69.000000000000000,0.0000000000000000
23.000000000000000,69.000000000000000,0.0000000000000000
24.000000000000000,69.000000000000000,0.0000000000000000
25.000000000000000,69.000000000000000,0.0000000000000000
26.000000000000000,69.000000000000000,0.0000000000000000
27.000000000000000,69.000000000000000,0.0000000000000000
28.000000000000000,69.000000000000000,0.0000000000000000
29.000000000000000,69.000000000000000,0.0000000000000000
30.000000000000000,69.000000000000000,0.0000000000000000
31.000000000000000,69.000000000000000,0.0000000000000000
32.000000000000000,69.000000000000000,0.0000000000000000
33.000000000000000,69.000000000000000,0.0000000000000000
34.000000000000000,69.000000000000000,0.0000000000000000
35.000000000000000,69.000000000000000,0.0000000000000000
36.000000000000000,69.000000000000000,0.0000000000000000
37.000000000000000,69.000000000000000,0.0000000000000000
38.000000000000000,69.000000000000000,0.0000000000000000
39.000000000000000,69.000000000000000,0.0000000000000000
40.000000000000000,69.000000000000000,0.0000000000000000
41.000000000000000,69.000000000000000,0.0000000000000000
42.000000000000000,69.000000000000000,0.0000000000000000
43.000000000000000,69.000000000000000,0.0000000000000000
44.000000000000000,69.000000000000000,0.0000000000000000
45.000000000000000,69.000000000000000,0.0000000000000000
46.000000000000000,69.000000000000000,0.0000000000000000
47.000000000000000,69.000000000000000,0.0000000000000000
48.000000000000000,69.000000000000000,0.0000000000000000
49.000000000000000,69.000000000000000,0.0000000000000000
50.000000000000000,69.000000000000000,0.0000000000000000
51.000000000000000,69.000000000000000,0.0000000000000000
52.000000000000000,69.000000000000000,0.0000000000000000
53.000000000000000,69.000000000000000,0.0000000000000000
54.000000000000000,69.000000000000000,0.0000000000000000
55.000000000000000,69.000000000000000,0.0000000000000000
56.000000000000000,69.000000000000000,0.0000000000000000
57.000000000000000,69.000000000000000,0.0000000000000000
58.000000000000000,69.000000000000000,0.0000000000000000
59.000000000000000,69.000000000000000,0.0000000000000000
60.000000000000000,69.000000000000000,0.0000000000000000
61.000000000000000,69.000000000000000,0.0000000000000000
62.000000000000000,69.000000000000000,0.0000000000000000
63.000000000000000,69.000000000000000,0.0000000000000000
64.000000000000000,69.000000000000000,0.0000000000000000
65.000000000000000,69.000000000000000,0.0000000000000000
66.000000000000000,69.000000000000000,0.0000000000000000
67.000000000000000,69.000000000000000,0.0000000000000000
68.000000000000000,69.000000000000000,0.0000000000000000
69.000000000000000,69.000000000000000,0.0000000000000000
70.000000000000000,69.000000000000000,0.0000000000000000
71.000000000000000,69.000000000000000,0.0000000000000000
72.000000000000000,69.000000000000000,0.0000000000000000
73.000000000000000,69.000000000000000,0.0000000000000000
74.000000000000000,69.000000000000000,0.0000000000000000
75.000000000000000,69.000000000000000,0.0000000000000000
76.000000000000000,69.000000000000000,0.0000000000000000
77.000000000000000,69.000000000000000,0.0000000000000000
78.000000000000000,69.000000000000000,0.0000000000000000
79.000000000000000,69.000000000000000,0.0000000000000000
80.000000000000000,69.000000000000000,0.0000000000000000
81.000000000000000,69.000000000000000,0.0000000000000000
82.000000000000000,69.000000000000000,0.0000000000000000
83.000000000000000,69.000000000000000,0.0000000000000000
84.000000000000000,69.000000000000000,0.0000000000000000
85.000000000000000,69.000000000000000,0.0000000000000000
86.000000000000000,69.000000000000000,0.0000000000000000
87.000000000000000,69.000000000000000,0.0000000000000000
88.000000000000000,69.000000000000000,0.0000000000000000
89.000000000000000,69.000000000000000,0.0000000000000000
90.000000000000000,69.000000000000000,0.0000000000000000
91.000000000000000,69.000000000000000,0.0000000000000000
92.000000000000000,69.000000000000000,0.0000000000000000
93.000000000000000,69.000000000000000,0.0000000000000000
94.000000000000000,69.000000000000000,0.0000000000000000
95.000000000000000,69.000000000000000,0.0000000000000000
96.000000000000000,69.000000000000000,5.1999998092651367
97.000000000000000,69.000000000000000,0.0000000000000000
98.000000000000000,69.000000000000000,0.0000000000000000
99.000000000000000,69.000000000000000,0.0000000000000000
100.00000000000000,69.000000000000000,0.0000000000000000
101.00000000000000,69.000000000000000,0.0000000000000000
102.00000000000000,69.000000000000000,0.0000000000000000
103.00000000000000,69.000000000000000,0.0000000000000000
104.00000000000000,69.000000000000000,0.0000000000000000
105.00000000000000,69.000000000000000,0.0000000000000000
106.00000000000000,69.000000000000000,0.0000000000000000
107.00000000000000,69.000000000000000,0.0000000000000000
108.00000000000000,69.000000000000000,0.0000000000000000
109.00000000000000,69.000000000000000,0.0000000000000000
110.00000000000000,69.000000000000000,0.0000000000000000
111.00000000000000,69.000000000000000,0.0000000000000000
112.00000000000000,69.000000000000000,0.0000000000000000
113.00000000000000,69.000000000000000,0.0000000000000000
1.0000000000000000,70.000000000000000,0.0000000000000000
2.0000000000000000,70.000000000000000,0.0000000000000000
3.0000000000000000,70.000000000000000,0.0000000000000000
4.0000000000000000,70.000000000000000,0.0000000000000000
5.0000000000000000,70.000000000000000,0.0000000000000000
6.0000000000000000,70.000000000000000,0.0000000000000000
7.0000000000000000,70.000000000000000,0.0000000000000000
8.0000000000000000,70.000000000000000,0.0000000000000000
9.0000000000000000,70.000000000000000,0.0000000000000000
10.000000000000000,70.000000000000000,0.0000000000000000
11.000000000000000,70.000000000000000,0.0000000000000000
12.000000000000000,70.000000000000000,0.0000000000000000
13.000000000000000,70.000000000000000,0.0000000000000000
14.000000000000000,70.000000000000000,0.0000000000000000
15.000000000000000,70.000000000000000,0.0000000000000000
16.000000000000000,70.000000000000000,0.0000000000000000
17.000000000000000,70.000000000000000,0.0000000000000000
18.000000000000000,70.000000000000000,0.0000000000000000
19.000000000000000,70.000000000000000,0.0000000000000000
20.000000000000000,70.000000000000000,0.0000000000000000
21.000000000000000,70.000000000000000,0.0000000000000000
22.000000000000000,70.000000000000000,0.0000000000000000
23.000000000000000,70.000000000000000,0.0000000000000000
24.000000000000000,70.000000000000000,0.0000000000000000
25.000000000000000,70.000000000000000,0.0000000000000000
26.000000000000000,70.000000000000000,0.0000000000000000
27.000000000000000,70.000000000000000,0.0000000000000000
28.000000000000000,70.000000000000000,0.0000000000000000
29.000000000000000,70.000000000000000,0.0000000000000000
30.000000000000000,70.000000000000000,0.0000000000000000
31.000000000000000,70.000000000000000,0.0000000000000000
32.000000000000000,70.000000000000000,0.0000000000000000
33.000000000000000,70.000000000000000,0.0000000000000000
34.000000000000000,70.000000000000000,0.0000000000000000
35.000000000000000,70.000000000000000,0.0000000000000000
36.000000000000000,70.000000000000000,0.0000000000000000
37.000000000000000,70.000000000000000,0.0000000000000000
38.000000000000000,70.000000000000000,0.0000000000000000
39.000000000000000,70.000000000000000,0.0000000000000000
40.000000000000000,70.000000000000000,0.0000000000000000
41.000000000000000,70.000000000000000,0.0000000000000000
42.000000000000000,70.000000000000000,0.0000000000000000
43.000000000000000,70.000000000000000,0.0000000000000000
44.000000000000000,70.000000000000000,0.0000000000000000
45.000000000000000,70.000000000000000,0.0000000000000000
46.000000000000000,70.000000000000000,0.0000000000000000
47.000000000000000,70.000000000000000,0.0000000000000000
48.000000000000000,70.000000000000000,0.0000000000000000
49.000000000000000,70.000000000000000,0.0000000000000000
50.000000000000000,70.000000000000000,0.0000000000000000
51.000000000000000,70.000000000000000,0.0000000000000000
52.000000000000000,70.000000000000000,0.0000000000000000
53.000000000000000,70.000000000000000,0.0000000000000000
54.000000000000000,70.000000000000000,0.0000000000000000
55.000000000000000,70.000000000000000,0.0000000000000000
56.000000000000000,70.000000000000000,0.0000000000000000
57.000000000000000,70.000000000000000,0.0000000000000000
58.000000000000000,70.000000000000000,0.0000000000000000
59.000000000000000,70.000000000000000,0.0000000000000000
60.000000000000000,70.000000000000000,0.0000000000000000
61.000000000000000,70.000000000000000,0.0000000000000000
62.000000000000000,70.000000000000000,0.0000000000000000
63.000000000000000,70.000000000000000,0.0000000000000000
64.000000000000000,70.000000000000000,0.0000000000000000
65.000000000000000,70.000000000000000,0.0000000000000000
66.000000000000000,70.000000000000000,0.0000000000000000
67.000000000000000,70.000000000000000,0.0000000000000000
68.000000000000000,70.000000000000000,0.0000000000000000
69.000000000000000,70.000000000000000,0.0000000000000000
70.000000000000000,70.000000000000000,0.0000000000000000
71.000000000000000,70.000000000000000,0.0000000000000000
72.000000000000000,70.000000000000000,0.0000000000000000
73.000000000000000,70.000000000000000,0.0000000000000000
74.000000000000000,70.000000000000000,0.0000000000000000
75.000000000000000,70.000000000000000,0.0000000000000000
76.000000000000000,70.000000000000000,0.0000000000000000
77.000000000000000,70.000000000000000,0.0000000000000000
78.000000000000000,70.000000000000000,0.0000000000000000
79.000000000000000,70.000000000000000,0.0000000000000000
80.000000000000000,70.000000000000000,0.0000000000000000
81.000000000000000,70.000000000000000,0.0000000000000000
82.000000000000000,70.000000000000000,0.0000000000000000
83.000000000000000,70.000000000000000,0.0000000000000000
84.000000000000000,70.000000000000000,0.0000000000000000
85.000000000000000,70.000000000000000,0.0000000000000000
86.000000000000000,70.000000000000000,0.0000000000000000
87.000000000000000,70.000000000000000,0.0000000000000000
88.000000000000000,70.000000000000000,0.0000000000000000
89.000000000000000,70.000000000000000,0.0000000000000000
90.000000000000000,70.000000000000000,0.0000000000000000
91.000000000000000,70.000000000000000,0.0000000000000000
92.000000000000000,70.000000000000000,0.0000000000000000
93.000000000000000,70.000000000000000,0.0000000000000000
94.000000000000000,70.000000000000000,0.0000000000000000
95.000000000000000,70.000000000000000,0.0000000000000000
96.000000000000000,70.000000000000000,5.1999998092651367
97.000000000000000,70.000000000000000,0.0000000000000000
98.000000000000000,70.000000000000000,0.0000000000000000
99.000000000000000,70.000000000000000,0.0000000000000000
100.00000000000000,70.000000000000000,0.0000000000000000
101.00000000000000,70.000000000000000,0.0000000000000000
102.00000000000000,70.000000000000000,0.0000000000000000
103.00000000000000,70.000000000000000,0.0000000000000000
104.00000000000000,70.000000000000000,0.0000000000000000
105.00000000000000,70.000000000000000,0.0000000000000000
106.00000000000000,70.000000000000000,0.0000000000000000
107.00000000000000,70.000000000000000,0.0000000000000000
108.00000000000000,70.000000000000000,0.0000000000000000
109.00000000000000,70.000000000000000,0.0000000000000000
110.00000000000000,70.000000000000000,0.0000000000000000
111.00000000000000,70.000000000000000,0.0000000000000000
112.00000000000000,70.000000000000000,0.0000000000000000
113.00000000000000,70.000000000000000,0.0000000000000000
1.0000000000000000,71.000000000000000,0.0000000000000000
2.0000000000000000,71.000000000000000,0.0000000000000000
3.0000000000000000,71.000000000000000,0.0000000000000000
4.0000000000000000,71.000000000000000,0.0000000000000000
5.0000000000000000,71.000000000000000,0.0000000000000000
6.0000000000000000,71.000000000000000,0.0000000000000000
7.0000000000000000,71.000000000000000,0.0000000000000000
8.0000000000000000,71.000000000000000,0.0000000000000000
9.0000000000000000,71.000000000000000,0.0000000000000000
10.000000000000000,71.000000000000000,0.0000000000000000
11.000000000000000,71.000000000000000,0.0000000000000000
12.000000000000000,71.000000000000000,0.0000000000000000
13.000000000000000,71.000000000000000,0.0000000000000000
14.000000000000000,71.000000000000000,0.0000000000000000
15.000000000000000,71.000000000000000,0.0000000000000000
16.000000000000000,71.000000000000000,0.0000000000000000
17.000000000000000,71.000000000000000,0.0000000000000000
18.000000000000000,71.000000000000000,0.0000000000000000
19.000000000000000,71.000000000000000,0.0000000000000000
20.000000000000000,71.000000000000000,0.0000000000000000
21.000000000000000,71.000000000000000,0.0000000000000000
22.000000000000000,71.000000000000000,0.0000000000000000
23.000000000000000,71.000000000000000,0.0000000000000000
24.000000000000000,71.000000000000000,0.0000000000000000
25.000000000000000,71.000000000000000,0.0000000000000000
26.000000000000000,71.000000000000000,0.0000000000000000
27.000000000000000,71.000000000000000,0.0000000000000000
28.000000000000000,71.000000000000000,0.0000000000000000
29.000000000000000,71.000000000000000,0.0000000000000000
30.000000000000000,71.000000000000000,0.0000000000000000
31.000000000000000,71.000000000000000,0.0000000000000000
32.000000000000000,71.000000000000000,0.0000000000000000
33.000000000000000,71.000000000000000,0.0000000000000000
34.000000000000000,71.000000000000000,0.0000000000000000
35.000000000000000,71.000000000000000,0.0000000000000000
36.000000000000000,71.000000000000000,0.0000000000000000
37.000000000000000,71.000000000000000,0.0000000000000000
38.000000000000000,71.000000000000000,0.0000000000000000
39.000000000000000,71.000000000000000,0.0000000000000000
40.000000000000000,71.000000000000000,0.0000000000000000
41.000000000000000,71.000000000000000,0.0000000000000000
42.000000000000000,71.000000000000000,0.0000000000000000
43.000000000000000,71.000000000000000,0.0000000000000000
44.000000000000000,71.000000000000000,0.0000000000000000
45.000000000000000,71.000000000000000,0.0000000000000000
46.000000000000000,71.000000000000000,0.0000000000000000
47.000000000000000,71.000000000000000,0.0000000000000000
48.000000000000000,71.000000000000000,0.0000000000000000
49.000000000000000,71.000000000000000,0.0000000000000000
50.000000000000000,71.000000000000000,0.0000000000000000
51.000000000000000,71.000000000000000,0.0000000000000000
52.000000000000000,71.000000000000000,0.0000000000000000
53.000000000000000,71.000000000000000,0.0000000000000000
54.000000000000000,71.000000000000000,0.0000000000000000
55.000000000000000,71.000000000000000,0.0000000000000000
56.000000000000000,71.000000000000000,0.0000000000000000
57.000000000000000,71.000000000000000,0.0000000000000000
58.000000000000000,71.000000000000000,0.0000000000000000
59.000000000000000,71.000000000000000,0.0000000000000000
60.000000000000000,71.000000000000000,0.0000000000000000
61.000000000000000,71.000000000000000,0.0000000000000000
62.000000000000000,71.000000000000000,0.0000000000000000
63.000000000000000,71.000000000000000,0.0000000000000000
64.000000000000000,71.000000000000000,0.0000000000000000
65.000000000000000,71.000000000000000,0.0000000000000000
66.000000000000000,71.000000000000000,0.0000000000000000
67.000000000000000,71.000000000000000,0.0000000000000000
68.000000000000000,71.000000000000000,0.0000000000000000
69.000000000000000,71.000000000000000,0.0000000000000000
70.000000000000000,71.000000000000000,0.0000000000000000
71.000000000000000,71.000000000000000,0.0000000000000000
72.000000000000000,71.000000000000000,0.0000000000000000
73.000000000000000,71.000000000000000,0.0000000000000000
74.000000000000000,71.000000000000000,0.0000000000000000
75.000000000000000,71.000000000000000,0.0000000000000000
76.000000000000000,71.000000000000000,0.0000000000000000
77.000000000000000,71.000000000000000,0.0000000000000000
78.000000000000000,71.000000000000000,0.0000000000000000
79.000000000000000,71.000000000000000,0.0000000000000000
80.000000000000000,71.000000000000000,0.0000000000000000
81.000000000000000,71.000000000000000,0.0000000000000000
82.000000000000000,71.000000000000000,0.0000000000000000
83.000000000000000,71.000000000000000,0.0000000000000000
84.000000000000000,71.000000000000000,0.0000000000000000
85.000000000000000,71.000000000000000,0.0000000000000000
86.000000000000000,71.000000000000000,0.0000000000000000
87.000000000000000,71.000000000000000,0.0000000000000000
88.000000000000000,71.000000000000000,0.0000000000000000
89.000000000000000,71.000000000000000,0.0000000000000000
90.000000000000000,71.000000000000000,0.0000000000000000
91.000000000000000,71.000000000000000,0.0000000000000000
92.000000000000000,71.000000000000000,0.0000000000000000
93.000000000000000,71.000000000000000,0.0000000000000000
94.000000000000000,71.000000000000000,0.0000000000000000
95.000000000000000,71.000000000000000,0.0000000000000000
96.000000000000000,71.000000000000000,4.9000000953674316
97.000000000000000,71.000000000000000,4.9000000953674316
98.000000000000000,71.000000000000000,0.0000000000000000
99.000000000000000,71.000000000000000,0.0000000000000000
100.00000000000000,71.000000000000000,0.0000000000000000
101.00000000000000,71.000000000000000,0.0000000000000000
102.00000000000000,71.000000000000000,0.0000000000000000
103.00000000000000,71.000000000000000,0.0000000000000000
104.00000000000000,71.000000000000000,0.0000000000000000
105.00000000000000,71.000000000000000,0.0000000000000000
106.00000000000000,71.000000000000000,0.0000000000000000
107.00000000000000,71.000000000000000,0.0000000000000000
108.00000000000000,71.000000000000000,0.0000000000000000
109.00000000000000,71.000000000000000,0.0000000000000000
110.00000000000000,71.000000000000000,0.0000000000000000
111.00000000000000,71.000000000000000,0.0000000000000000
112.00000000000000,71.000000000000000,0.0000000000000000
113.00000000000000,71.000000000000000,0.0000000000000000
1.0000000000000000,72.000000000000000,0.0000000000000000
2.0000000000000000,72.000000000000000,0.0000000000000000
3.0000000000000000,72.000000000000000,0.0000000000000000
4.0000000000000000,72.000000000000000,0.0000000000000000
5.0000000000000000,72.000000000000000,0.0000000000000000
6.0000000000000000,72.000000000000000,0.0000000000000000
7.0000000000000000,72.000000000000000,0.0000000000000000
8.0000000000000000,72.000000000000000,0.0000000000000000
9.0000000000000000,72.000000000000000,0.0000000000000000
10.000000000000000,72.000000000000000,0.0000000000000000
11.000000000000000,72.000000000000000,0.0000000000000000
12.000000000000000,72.000000000000000,0.0000000000000000
13.000000000000000,72.000000000000000,0.0000000000000000
14.000000000000000,72.000000000000000,0.0000000000000000
15.000000000000000,72.000000000000000,0.0000000000000000
16.000000000000000,72.000000000000000,0.0000000000000000
17.000000000000000,72.000000000000000,0.0000000000000000
18.000000000000000,72.000000000000000,0.0000000000000000
19.000000000000000,72.000000000000000,0.0000000000000000
20.000000000000000,72.000000000000000,0.0000000000000000
21.000000000000000,72.000000000000000,0.0000000000000000
22.000000000000000,72.000000000000000,0.0000000000000000
23.000000000000000,72.000000000000000,0.0000000000000000
24.000000000000000,72.000000000000000,0.0000000000000000
25.000000000000000,72.000000000000000,0.0000000000000000
26.000000000000000,72.000000000000000,0.0000000000000000
27.000000000000000,72.000000000000000,0.0000000000000000
28.000000000000000,72.000000000000000,0.0000000000000000
29.000000000000000,72.000000000000000,0.0000000000000000
30.000000000000000,72.000000000000000,0.0000000000000000
31.000000000000000,72.000000000000000,0.0000000000000000
32.000000000000000,72.000000000000000,0.0000000000000000
33.000000000000000,72.000000000000000,0.0000000000000000
34.000000000000000,72.000000000000000,0.0000000000000000
35.000000000000000,72.000000000000000,0.0000000000000000
36.000000000000000,72.000000000000000,0.0000000000000000
37.000000000000000,72.000000000000000,0.0000000000000000
38.000000000000000,72.000000000000000,0.0000000000000000
39.000000000000000,72.000000000000000,0.0000000000000000
40.000000000000000,72.000000000000000,0.0000000000000000
41.000000000000000,72.000000000000000,0.0000000000000000
42.000000000000000,72.000000000000000,0.0000000000000000
43.000000000000000,72.000000000000000,0.0000000000000000
44.000000000000000,72.000000000000000,0.0000000000000000
45.000000000000000,72.000000000000000,0.0000000000000000
46.000000000000000,72.000000000000000,0.0000000000000000
47.000000000000000,72.000000000000000,0.0000000000000000
48.000000000000000,72.000000000000000,0.0000000000000000
49.000000000000000,72.000000000000000,0.0000000000000000
50.000000000000000,72.000000000000000,0.0000000000000000
51.000000000000000,72.000000000000000,0.0000000000000000
52.000000000000000,72.000000000000000,0.0000000000000000
53.000000000000000,72.000000000000000,0.0000000000000000
54.000000000000000,72.000000000000000,0.0000000000000000
55.000000000000000,72.000000000000000,0.0000000000000000
56.000000000000000,72.000000000000000,0.0000000000000000
57.000000000000000,72.000000000000000,0.0000000000000000
58.000000000000000,72.000000000000000,0.0000000000000000
59.000000000000000,72.000000000000000,0.0000000000000000
60.000000000000000,72.000000000000000,0.0000000000000000
61.000000000000000,72.000000000000000,0.0000000000000000
62.000000000000000,72.000000000000000,0.0000000000000000
63.000000000000000,72.000000000000000,0.0000000000000000
64.000000000000000,72.000000000000000,0.0000000000000000
65.000000000000000,72.000000000000000,0.0000000000000000
66.000000000000000,72.000000000000000,0.0000000000000000
67.000000000000000,72.000000000000000,0.0000000000000000
68.000000000000000,72.000000000000000,0.0000000000000000
69.000000000000000,72.000000000000000,0.0000000000000000
70.000000000000000,72.000000000000000,0.0000000000000000
71.000000000000000,72.000000000000000,0.0000000000000000
72.000000000000000,72.000000000000000,0.0000000000000000
73.000000000000000,72.000000000000000,0.0000000000000000
74.000000000000000,72.000000000000000,0.0000000000000000
75.000000000000000,72.000000000000000,0.0000000000000000
76.000000000000000,72.000000000000000,0.0000000000000000
77.000000000000000,72.000000000000000,0.0000000000000000
78.000000000000000,72.000000000000000,0.0000000000000000
79.000000000000000,72.000000000000000,0.0000000000000000
80.000000000000000,72.000000000000000,0.0000000000000000
81.000000000000000,72.000000000000000,0.0000000000000000
82.000000000000000,72.000000000000000,0.0000000000000000
83.000000000000000,72.000000000000000,0.0000000000000000
84.000000000000000,72.000000000000000,0.0000000000000000
85.000000000000000,72.000000000000000,0.0000000000000000
86.000000000000000,72.000000000000000,0.0000000000000000
87.000000000000000,72.000000000000000,0.0000000000000000
88.000000000000000,72.000000000000000,0.0000000000000000
89.000000000000000,72.000000000000000,0.0000000000000000
90.000000000000000,72.000000000000000,0.0000000000000000
91.000000000000000,72.000000000000000,0.0000000000000000
92.000000000000000,72.000000000000000,0.0000000000000000
93.000000000000000,72.000000000000000,0.0000000000000000
94.000000000000000,72.000000000000000,0.0000000000000000
95.000000000000000,72.000000000000000,0.0000000000000000
96.000000000000000,72.000000000000000,4.9000000953674316
97.000000000000000,72.000000000000000,4.9000000953674316
98.000000000000000,72.000000000000000,0.0000000000000000
99.000000000000000,72.000000000000000,0.0000000000000000
100.00000000000000,72.000000000000000,0.0000000000000000
101.00000000000000,72.000000000000000,0.0000000000000000
102.00000000000000,72.000000000000000,0.0000000000000000
103.00000000000000,72.000000000000000,0.0000000000000000
104.00000000000000,72.000000000000000,0.0000000000000000
105.00000000000000,72.000000000000000,0.0000000000000000
106.00000000000000,72.000000000000000,0.0000000000000000
107.00000000000000,72.000000000000000,0.0000000000000000
108.00000000000000,72.000000000000000,0.0000000000000000
109.00000000000000,72.000000000000000,0.0000000000000000
110.00000000000000,72.000000000000000,0.0000000000000000
111.00000000000000,72.000000000000000,0.0000000000000000
112.00000000000000,72.000000000000000,0.0000000000000000
113.00000000000000,72.000000000000000,0.0000000000000000
1.0000000000000000,73.000000000000000,0.0000000000000000
2.0000000000000000,73.000000000000000,0.0000000000000000
3.0000000000000000,73.000000000000000,0.0000000000000000
4.0000000000000000,73.000000000000000,0.0000000000000000
5.0000000000000000,73.000000000000000,0.0000000000000000
6.0000000000000000,73.000000000000000,0.0000000000000000
7.0000000000000000,73.000000000000000,0.0000000000000000
8.0000000000000000,73.000000000000000,0.0000000000000000
9.0000000000000000,73.000000000000000,0.0000000000000000
10.000000000000000,73.000000000000000,0.0000000000000000
11.000000000000000,73.000000000000000,0.0000000000000000
12.000000000000000,73.000000000000000,0.0000000000000000
13.000000000000000,73.000000000000000,0.0000000000000000
14.000000000000000,73.000000000000000,0.0000000000000000
15.000000000000000,73.000000000000000,0.0000000000000000
16.000000000000000,73.000000000000000,0.0000000000000000
17.000000000000000,73.000000000000000,0.0000000000000000
18.000000000000000,73.000000000000000,0.0000000000000000
19.000000000000000,73.000000000000000,0.0000000000000000
20.000000000000000,73.000000000000000,0.0000000000000000
21.000000000000000,73.000000000000000,0.0000000000000000
22.000000000000000,73.000000000000000,0.0000000000000000
23.000000000000000,73.000000000000000,0.0000000000000000
24.000000000000000,73.000000000000000,0.0000000000000000
25.000000000000000,73.000000000000000,0.0000000000000000
26.000000000000000,73.000000000000000,0.0000000000000000
27.000000000000000,73.000000000000000,0.0000000000000000
28.000000000000000,73.000000000000000,0.0000000000000000
29.000000000000000,73.000000000000000,0.0000000000000000
30.000000000000000,73.000000000000000,0.0000000000000000
31.000000000000000,73.000000000000000,0.0000000000000000
32.000000000000000,73.000000000000000,0.0000000000000000
33.000000000000000,73.000000000000000,0.0000000000000000
34.000000000000000,73.000000000000000,0.0000000000000000
35.000000000000000,73.000000000000000,0.0000000000000000
36.000000000000000,73.000000000000000,0.0000000000000000
37.000000000000000,73.000000000000000,0.0000000000000000
38.000000000000000,73.000000000000000,0.0000000000000000
39.000000000000000,73.000000000000000,0.0000000000000000
40.000000000000000,73.000000000000000,0.0000000000000000
41.000000000000000,73.000000000000000,0.0000000000000000
42.000000000000000,73.000000000000000,0.0000000000000000
43.000000000000000,73.000000000000000,0.0000000000000000
44.000000000000000,73.000000000000000,0.0000000000000000
45.000000000000000,73.000000000000000,0.0000000000000000
46.000000000000000,73.000000000000000,0.0000000000000000
47.000000000000000,73.000000000000000,0.0000000000000000
48.000000000000000,73.000000000000000,0.0000000000000000
49.000000000000000,73.000000000000000,0.0000000000000000
50.000000000000000,73.000000000000000,0.0000000000000000
51.000000000000000,73.000000000000000,0.0000000000000000
52.000000000000000,73.000000000000000,0.0000000000000000
53.000000000000000,73.000000000000000,0.0000000000000000
54.000000000000000,73.000000000000000,0.0000000000000000
55.000000000000000,73.000000000000000,0.0000000000000000
56.000000000000000,73.000000000000000,0.0000000000000000
57.000000000000000,73.000000000000000,0.0000000000000000
58.000000000000000,73.000000000000000,0.0000000000000000
59.000000000000000,73.000000000000000,0.0000000000000000
60.000000000000000,73.000000000000000,0.0000000000000000
61.000000000000000,73.000000000000000,0.0000000000000000
62.000000000000000,73.000000000000000,0.0000000000000000
63.000000000000000,73.000000000000000,0.0000000000000000
64.000000000000000,73.000000000000000,0.0000000000000000
65.000000000000000,73.000000000000000,0.0000000000000000
66.000000000000000,73.000000000000000,0.0000000000000000
67.000000000000000,73.000000000000000,0.0000000000000000
68.000000000000000,73.000000000000000,0.0000000000000000
69.000000000000000,73.000000000000000,0.0000000000000000
70.000000000000000,73.000000000000000,0.0000000000000000
71.000000000000000,73.000000000000000,0.0000000000000000
72.000000000000000,73.000000000000000,0.0000000000000000
73.000000000000000,73.000000000000000,0.0000000000000000
74.000000000000000,73.000000000000000,0.0000000000000000
75.000000000000000,73.000000000000000,0.0000000000000000
76.000000000000000,73.000000000000000,0.0000000000000000
77.000000000000000,73.000000000000000,0.0000000000000000
78.000000000000000,73.000000000000000,0.0000000000000000
79.000000000000000,73.000000000000000,0.0000000000000000
80.000000000000000,73.000000000000000,0.0000000000000000
81.000000000000000,73.000000000000000,0.0000000000000000
82.000000000000000,73.000000000000000,0.0000000000000000
83.000000000000000,73.000000000000000,0.0000000000000000
84.000000000000000,73.000000000000000,0.0000000000000000
85.000000000000000,73.000000000000000,0.0000000000000000
86.000000000000000,73.000000000000000,0.0000000000000000
87.000000000000000,73.000000000000000,0.0000000000000000
88.000000000000000,73.000000000000000,0.0000000000000000
89.000000000000000,73.000000000000000,0.0000000000000000
90.000000000000000,73.000000000000000,0.0000000000000000
91.000000000000000,73.000000000000000,0.0000000000000000
92.000000000000000,73.000000000000000,0.0000000000000000
93.000000000000000,73.000000000000000,0.0000000000000000
94.000000000000000,73.000000000000000,0.0000000000000000
95.000000000000000,73.000000000000000,0.0000000000000000
96.000000000000000,73.000000000000000,4.9000000953674316
97.000000000000000,73.000000000000000,4.9000000953674316
98.000000000000000,73.000000000000000,0.0000000000000000
99.000000000000000,73.000000000000000,0.0000000000000000
100.00000000000000,73.000000000000000,0.0000000000000000
101.00000000000000,73.000000000000000,0.0000000000000000
102.00000000000000,73.000000000000000,0.0000000000000000
103.00000000000000,73.000000000000000,0.0000000000000000
104.00000000000000,73.000000000000000,0.0000000000000000
105.00000000000000,73.000000000000000,0.0000000000000000
106.00000000000000,73.000000000000000,0.0000000000000000
107.00000000000000,73.000000000000000,0.0000000000000000
108.00000000000000,73.000000000000000,0.0000000000000000
109.00000000000000,73.000000000000000,0.0000000000000000
110.00000000000000,73.000000000000000,0.0000000000000000
111.00000000000000,73.000000000000000,0.0000000000000000
112.00000000000000,73.000000000000000,0.0000000000000000
113.00000000000000,73.000000000000000,0.0000000000000000
1.0000000000000000,74.000000000000000,0.0000000000000000
2.0000000000000000,74.000000000000000,0.0000000000000000
3.0000000000000000,74.000000000000000,0.0000000000000000
4.0000000000000000,74.000000000000000,0.0000000000000000
5.0000000000000000,74.000000000000000,0.0000000000000000
6.0000000000000000,74.000000000000000,0.0000000000000000
7.0000000000000000,74.000000000000000,0.0000000000000000
8.0000000000000000,74.000000000000000,0.0000000000000000
9.0000000000000000,74.000000000000000,0.0000000000000000
10.000000000000000,74.000000000000000,0.0000000000000000
11.000000000000000,74.000000000000000,0.0000000000000000
12.000000000000000,74.000000000000000,0.0000000000000000
13.000000000000000,74.000000000000000,0.0000000000000000
14.000000000000000,74.000000000000000,0.0000000000000000
15.000000000000000,74.000000000000000,0.0000000000000000
16.000000000000000,74.000000000000000,0.0000000000000000
17.000000000000000,74.000000000000000,0.0000000000000000
18.000000000000000,74.000000000000000,0.0000000000000000
19.000000000000000,74.000000000000000,0.0000000000000000
20.000000000000000,74.000000000000000,0.0000000000000000
21.000000000000000,74.000000000000000,0.0000000000000000
22.000000000000000,74.000000000000000,0.0000000000000000
23.000000000000000,74.000000000000000,0.0000000000000000
24.000000000000000,74.000000000000000,0.0000000000000000
25.000000000000000,74.000000000000000,0.0000000000000000
26.000000000000000,74.000000000000000,0.0000000000000000
27.000000000000000,74.000000000000000,0.0000000000000000
28.000000000000000,74.000000000000000,0.0000000000000000
29.000000000000000,74.000000000000000,0.0000000000000000
30.000000000000000,74.000000000000000,0.0000000000000000
31.000000000000000,74.000000000000000,0.0000000000000000
32.000000000000000,74.000000000000000,0.0000000000000000
33.000000000000000,74.000000000000000,0.0000000000000000
34.000000000000000,74.000000000000000,0.0000000000000000
35.000000000000000,74.000000000000000,0.0000000000000000
36.000000000000000,74.000000000000000,0.0000000000000000
37.000000000000000,74.000000000000000,0.0000000000000000
38.000000000000000,74.000000000000000,0.0000000000000000
39.000000000000000,74.000000000000000,0.0000000000000000
40.000000000000000,74.000000000000000,0.0000000000000000
41.000000000000000,74.000000000000000,0.0000000000000000
42.000000000000000,74.000000000000000,0.0000000000000000
43.000000000000000,74.000000000000000,0.0000000000000000
44.000000000000000,74.000000000000000,0.0000000000000000
45.000000000000000,74.000000000000000,0.0000000000000000
46.000000000000000,74.000000000000000,0.0000000000000000
47.000000000000000,74.000000000000000,0.0000000000000000
48.000000000000000,74.000000000000000,0.0000000000000000
49.000000000000000,74.000000000000000,0.0000000000000000
50.000000000000000,74.000000000000000,0.0000000000000000
51.000000000000000,74.000000000000000,0.0000000000000000
52.000000000000000,74.000000000000000,0.0000000000000000
53.000000000000000,74.000000000000000,0.0000000000000000
54.000000000000000,74.000000000000000,0.0000000000000000
55.000000000000000,74.000000000000000,0.0000000000000000
56.000000000000000,74.000000000000000,0.0000000000000000
57.000000000000000,74.000000000000000,0.0000000000000000
58.000000000000000,74.000000000000000,0.0000000000000000
59.000000000000000,74.000000000000000,0.0000000000000000
60.000000000000000,74.000000000000000,0.0000000000000000
61.000000000000000,74.000000000000000,0.0000000000000000
62.000000000000000,74.000000000000000,0.0000000000000000
63.000000000000000,74.000000000000000,0.0000000000000000
64.000000000000000,74.000000000000000,0.0000000000000000
65.000000000000000,74.000000000000000,0.0000000000000000
66.000000000000000,74.000000000000000,0.0000000000000000
67.000000000000000,74.000000000000000,0.0000000000000000
68.000000000000000,74.000000000000000,0.0000000000000000
69.000000000000000,74.000000000000000,0.0000000000000000
70.000000000000000,74.000000000000000,0.0000000000000000
71.000000000000000,74.000000000000000,0.0000000000000000
72.000000000000000,74.000000000000000,0.0000000000000000
73.000000000000000,74.000000000000000,0.0000000000000000
74.000000000000000,74.000000000000000,0.0000000000000000
75.000000000000000,74.000000000000000,0.0000000000000000
76.000000000000000,74.000000000000000,0.0000000000000000
77.000000000000000,74.000000000000000,0.0000000000000000
78.000000000000000,74.000000000000000,0.0000000000000000
79.000000000000000,74.000000000000000,0.0000000000000000
80.000000000000000,74.000000000000000,0.0000000000000000
81.000000000000000,74.000000000000000,0.0000000000000000
82.000000000000000,74.000000000000000,0.0000000000000000
83.000000000000000,74.000000000000000,0.0000000000000000
84.000000000000000,74.000000000000000,0.0000000000000000
85.000000000000000,74.000000000000000,0.0000000000000000
86.000000000000000,74.000000000000000,0.0000000000000000
87.000000000000000,74.000000000000000,0.0000000000000000
88.000000000000000,74.000000000000000,0.0000000000000000
89.000000000000000,74.000000000000000,0.0000000000000000
90.000000000000000,74.000000000000000,0.0000000000000000
91.000000000000000,74.000000000000000,0.0000000000000000
92.000000000000000,74.000000000000000,0.0000000000000000
93.000000000000000,74.000000000000000,0.0000000000000000
94.000000000000000,74.000000000000000,0.0000000000000000
95.000000000000000,74.000000000000000,0.0000000000000000
96.000000000000000,74.000000000000000,4.3000001907348633
97.000000000000000,74.000000000000000,4.3000001907348633
98.000000000000000,74.000000000000000,0.0000000000000000
99.000000000000000,74.000000000000000,0.0000000000000000
100.00000000000000,74.000000000000000,0.0000000000000000
101.00000000000000,74.000000000000000,0.0000000000000000
102.00000000000000,74.000000000000000,0.0000000000000000
103.00000000000000,74.000000000000000,0.0000000000000000
104.00000000000000,74.000000000000000,0.0000000000000000
105.00000000000000,74.000000000000000,0.0000000000000000
106.00000000000000,74.000000000000000,0.0000000000000000
107.00000000000000,74.000000000000000,0.0000000000000000
108.00000000000000,74.000000000000000,0.0000000000000000
109.00000000000000,74.000000000000000,0.0000000000000000
110.00000000000000,74.000000000000000,0.0000000000000000
111.00000000000000,74.000000000000000,0.0000000000000000
112.00000000000000,74.000000000000000,0.0000000000000000
113.00000000000000,74.000000000000000,0.0000000000000000
1.0000000000000000,75.000000000000000,0.0000000000000000
2.0000000000000000,75.000000000000000,0.0000000000000000
3.0000000000000000,75.000000000000000,0.0000000000000000
4.0000000000000000,75.000000000000000,0.0000000000000000
5.0000000000000000,75.000000000000000,0.0000000000000000
6.0000000000000000,75.000000000000000,0.0000000000000000
7.0000000000000000,75.000000000000000,0.0000000000000000
8.0000000000000000,75.000000000000000,0.0000000000000000
9.0000000000000000,75.000000000000000,0.0000000000000000
10.000000000000000,75.000000000000000,0.0000000000000000
11.000000000000000,75.000000000000000,0.0000000000000000
12.000000000000000,75.000000000000000,0.0000000000000000
13.000000000000000,75.000000000000000,0.0000000000000000
14.000000000000000,75.000000000000000,0.0000000000000000
15.000000000000000,75.000000000000000,0.0000000000000000
16.000000000000000,75.000000000000000,0.0000000000000000
17.000000000000000,75.000000000000000,0.0000000000000000
18.000000000000000,75.000000000000000,0.0000000000000000
19.000000000000000,75.000000000000000,0.0000000000000000
20.000000000000000,75.000000000000000,0.0000000000000000
21.000000000000000,75.000000000000000,0.0000000000000000
22.000000000000000,75.000000000000000,0.0000000000000000
23.000000000000000,75.000000000000000,0.0000000000000000
24.000000000000000,75.000000000000000,0.0000000000000000
25.000000000000000,75.000000000000000,0.0000000000000000
26.000000000000000,75.000000000000000,0.0000000000000000
27.000000000000000,75.000000000000000,0.0000000000000000
28.000000000000000,75.000000000000000,0.0000000000000000
29.000000000000000,75.000000000000000,0.0000000000000000
30.000000000000000,75.000000000000000,0.0000000000000000
31.000000000000000,75.000000000000000,0.0000000000000000
32.000000000000000,75.000000000000000,0.0000000000000000
33.000000000000000,75.000000000000000,0.0000000000000000
34.000000000000000,75.000000000000000,0.0000000000000000
35.000000000000000,75.000000000000000,0.0000000000000000
36.000000000000000,75.000000000000000,0.0000000000000000
37.000000000000000,75.000000000000000,0.0000000000000000
38.000000000000000,75.000000000000000,0.0000000000000000
39.000000000000000,75.000000000000000,0.0000000000000000
40.000000000000000,75.000000000000000,0.0000000000000000
41.000000000000000,75.000000000000000,0.0000000000000000
42.000000000000000,75.000000000000000,0.0000000000000000
43.000000000000000,75.000000000000000,0.0000000000000000
44.000000000000000,75.000000000000000,0.0000000000000000
45.000000000000000,75.000000000000000,0.0000000000000000
46.000000000000000,75.000000000000000,0.0000000000000000
47.000000000000000,75.000000000000000,0.0000000000000000
48.000000000000000,75.000000000000000,0.0000000000000000
49.000000000000000,75.000000000000000,0.0000000000000000
50.000000000000000,75.000000000000000,0.0000000000000000
51.000000000000000,75.000000000000000,0.0000000000000000
52.000000000000000,75.000000000000000,0.0000000000000000
53.000000000000000,75.000000000000000,0.0000000000000000
54.000000000000000,75.000000000000000,0.0000000000000000
55.000000000000000,75.000000000000000,0.0000000000000000
56.000000000000000,75.000000000000000,0.0000000000000000
57.000000000000000,75.000000000000000,0.0000000000000000
58.000000000000000,75.000000000000000,0.0000000000000000
59.000000000000000,75.000000000000000,0.0000000000000000
60.000000000000000,75.000000000000000,0.0000000000000000
61.000000000000000,75.000000000000000,0.0000000000000000
62.000000000000000,75.000000000000000,0.0000000000000000
63.000000000000000,75.000000000000000,0.0000000000000000
64.000000000000000,75.000000000000000,0.0000000000000000
65.000000000000000,75.000000000000000,0.0000000000000000
66.000000000000000,75.000000000000000,0.0000000000000000
67.000000000000000,75.000000000000000,0.0000000000000000
68.000000000000000,75.000000000000000,0.0000000000000000
69.000000000000000,75.000000000000000,0.0000000000000000
70.000000000000000,75.000000000000000,0.0000000000000000
71.000000000000000,75.000000000000000,0.0000000000000000
72.000000000000000,75.000000000000000,0.0000000000000000
73.000000000000000,75.000000000000000,0.0000000000000000
74.000000000000000,75.000000000000000,0.0000000000000000
75.000000000000000,75.000000000000000,0.0000000000000000
76.000000000000000,75.000000000000000,0.0000000000000000
77.000000000000000,75.000000000000000,0.0000000000000000
78.000000000000000,75.000000000000000,0.0000000000000000
79.000000000000000,75.000000000000000,0.0000000000000000
80.000000000000000,75.000000000000000,0.0000000000000000
81.000000000000000,75.000000000000000,0.0000000000000000
82.000000000000000,75.000000000000000,0.0000000000000000
83.000000000000000,75.000000000000000,0.0000000000000000
84.000000000000000,75.000000000000000,0.0000000000000000
85.000000000000000,75.000000000000000,0.0000000000000000
86.000000000000000,75.000000000000000,0.0000000000000000
87.000000000000000,75.000000000000000,0.0000000000000000
88.000000000000000,75.000000000000000,0.0000000000000000
89.000000000000000,75.000000000000000,0.0000000000000000
90.000000000000000,75.000000000000000,0.0000000000000000
91.000000000000000,75.000000000000000,0.0000000000000000
92.000000000000000,75.000000000000000,0.0000000000000000
93.000000000000000,75.000000000000000,0.0000000000000000
94.000000000000000,75.000000000000000,0.0000000000000000
95.000000000000000,75.000000000000000,0.0000000000000000
96.000000000000000,75.000000000000000,4.3000001907348633
97.000000000000000,75.000000000000000,4.3000001907348633
98.000000000000000,75.000000000000000,0.0000000000000000
99.000000000000000,75.000000000000000,0.0000000000000000
100.00000000000000,75.000000000000000,0.0000000000000000
101.00000000000000,75.000000000000000,0.0000000000000000
102.00000000000000,75.000000000000000,0.0000000000000000
103.00000000000000,75.000000000000000,0.0000000000000000
104.00000000000000,75.000000000000000,0.0000000000000000
105.00000000000000,75.000000000000000,0.0000000000000000
106.00000000000000,75.000000000000000,0.0000000000000000
107.00000000000000,75.000000000000000,0.0000000000000000
108.00000000000000,75.000000000000000,0.0000000000000000
109.00000000000000,75.000000000000000,0.0000000000000000
110.00000000000000,75.000000000000000,0.0000000000000000
111.00000000000000,75.000000000000000,0.0000000000000000
112.00000000000000,75.000000000000000,0.0000000000000000
113.00000000000000,75.000000000000000,0.0000000000000000
1.0000000000000000,76.000000000000000,0.0000000000000000
2.0000000000000000,76.000000000000000,0.0000000000000000
3.0000000000000000,76.000000000000000,0.0000000000000000
4.0000000000000000,76.000000000000000,0.0000000000000000
5.0000000000000000,76.000000000000000,0.0000000000000000
6.0000000000000000,76.000000000000000,0.0000000000000000
7.0000000000000000,76.000000000000000,0.0000000000000000
8.0000000000000000,76.000000000000000,0.0000000000000000
9.0000000000000000,76.000000000000000,0.0000000000000000
10.000000000000000,76.000000000000000,0.0000000000000000
11.000000000000000,76.000000000000000,0.0000000000000000
12.000000000000000,76.000000000000000,0.0000000000000000
13.000000000000000,76.000000000000000,0.0000000000000000
14.000000000000000,76.000000000000000,0.0000000000000000
15.000000000000000,76.000000000000000,0.0000000000000000
16.000000000000000,76.000000000000000,0.0000000000000000
17.000000000000000,76.000000000000000,0.0000000000000000
18.000000000000000,76.000000000000000,0.0000000000000000
19.000000000000000,76.000000000000000,0.0000000000000000
20.000000000000000,76.000000000000000,0.0000000000000000
21.000000000000000,76.000000000000000,0.0000000000000000
22.000000000000000,76.000000000000000,0.0000000000000000
23.000000000000000,76.000000000000000,0.0000000000000000
24.000000000000000,76.000000000000000,0.0000000000000000
25.000000000000000,76.000000000000000,0.0000000000000000
26.000000000000000,76.000000000000000,0.0000000000000000
27.000000000000000,76.000000000000000,0.0000000000000000
28.000000000000000,76.000000000000000,0.0000000000000000
29.000000000000000,76.000000000000000,0.0000000000000000
30.000000000000000,76.000000000000000,0.0000000000000000
31.000000000000000,76.000000000000000,0.0000000000000000
32.000000000000000,76.000000000000000,0.0000000000000000
33.000000000000000,76.000000000000000,0.0000000000000000
34.000000000000000,76.000000000000000,0.0000000000000000
35.000000000000000,76.000000000000000,0.0000000000000000
36.000000000000000,76.000000000000000,0.0000000000000000
37.000000000000000,76.000000000000000,0.0000000000000000
38.000000000000000,76.000000000000000,0.0000000000000000
39.000000000000000,76.000000000000000,0.0000000000000000
40.000000000000000,76.000000000000000,0.0000000000000000
41.000000000000000,76.000000000000000,0.0000000000000000
42.000000000000000,76.000000000000000,0.0000000000000000
43.000000000000000,76.000000000000000,0.0000000000000000
44.000000000000000,76.000000000000000,0.0000000000000000
45.000000000000000,76.000000000000000,0.0000000000000000
46.000000000000000,76.000000000000000,0.0000000000000000
47.000000000000000,76.000000000000000,0.0000000000000000
48.000000000000000,76.000000000000000,0.0000000000000000
49.000000000000000,76.000000000000000,0.0000000000000000
50.000000000000000,76.000000000000000,0.0000000000000000
51.000000000000000,76.000000000000000,0.0000000000000000
52.000000000000000,76.000000000000000,0.0000000000000000
53.000000000000000,76.000000000000000,0.0000000000000000
54.000000000000000,76.000000000000000,0.0000000000000000
55.000000000000000,76.000000000000000,0.0000000000000000
56.000000000000000,76.000000000000000,0.0000000000000000
57.000000000000000,76.000000000000000,0.0000000000000000
58.000000000000000,76.000000000000000,0.0000000000000000
59.000000000000000,76.000000000000000,0.0000000000000000
60.000000000000000,76.000000000000000,0.0000000000000000
61.000000000000000,76.000000000000000,0.0000000000000000
62.000000000000000,76.000000000000000,0.0000000000000000
63.000000000000000,76.000000000000000,0.0000000000000000
64.000000000000000,76.000000000000000,0.0000000000000000
65.000000000000000,76.000000000000000,0.0000000000000000
66.000000000000000,76.000000000000000,0.0000000000000000
67.000000000000000,76.000000000000000,0.0000000000000000
68.000000000000000,76.000000000000000,0.0000000000000000
69.000000000000000,76.000000000000000,0.0000000000000000
70.000000000000000,76.000000000000000,0.0000000000000000
71.000000000000000,76.000000000000000,0.0000000000000000
72.000000000000000,76.000000000000000,0.0000000000000000
73.000000000000000,76.000000000000000,0.0000000000000000
74.000000000000000,76.000000000000000,0.0000000000000000
75.000000000000000,76.000000000000000,0.0000000000000000
76.000000000000000,76.000000000000000,0.0000000000000000
77.000000000000000,76.000000000000000,0.0000000000000000
78.000000000000000,76.000000000000000,0.0000000000000000
79.000000000000000,76.000000000000000,0.0000000000000000
80.000000000000000,76.000000000000000,0.0000000000000000
81.000000000000000,76.000000000000000,0.0000000000000000
82.000000000000000,76.000000000000000,0.0000000000000000
83.000000000000000,76.000000000000000,0.0000000000000000
84.000000000000000,76.000000000000000,0.0000000000000000
85.000000000000000,76.000000000000000,0.0000000000000000
86.000000000000000,76.000000000000000,0.0000000000000000
87.000000000000000,76.000000000000000,0.0000000000000000
88.000000000000000,76.000000000000000,0.0000000000000000
89.000000000000000,76.000000000000000,0.0000000000000000
90.000000000000000,76.000000000000000,0.0000000000000000
91.000000000000000,76.000000000000000,0.0000000000000000
92.000000000000000,76.000000000000000,0.0000000000000000
93.000000000000000,76.000000000000000,0.0000000000000000
94.000000000000000,76.000000000000000,0.0000000000000000
95.000000000000000,76.000000000000000,0.0000000000000000
96.000000000000000,76.000000000000000,4.3000001907348633
97.000000000000000,76.000000000000000,0.0000000000000000
98.000000000000000,76.000000000000000,0.0000000000000000
99.000000000000000,76.000000000000000,0.0000000000000000
100.00000000000000,76.000000000000000,0.0000000000000000
101.00000000000000,76.000000000000000,0.0000000000000000
102.00000000000000,76.000000000000000,0.0000000000000000
103.00000000000000,76.000000000000000,0.0000000000000000
104.00000000000000,76.000000000000000,0.0000000000000000
105.00000000000000,76.000000000000000,0.0000000000000000
106.00000000000000,76.000000000000000,0.0000000000000000
107.00000000000000,76.000000000000000,0.0000000000000000
108.00000000000000,76.000000000000000,0.0000000000000000
109.00000000000000,76.000000000000000,0.0000000000000000
110.00000000000000,76.000000000000000,0.0000000000000000
111.00000000000000,76.000000000000000,0.0000000000000000
112.00000000000000,76.000000000000000,0.0000000000000000
113.00000000000000,76.000000000000000,0.0000000000000000
1.0000000000000000,77.000000000000000,0.0000000000000000
2.0000000000000000,77.000000000000000,0.0000000000000000
3.0000000000000000,77.000000000000000,0.0000000000000000
4.0000000000000000,77.000000000000000,0.0000000000000000
5.0000000000000000,77.000000000000000,0.0000000000000000
6.0000000000000000,77.000000000000000,0.0000000000000000
7.0000000000000000,77.000000000000000,0.0000000000000000
8.0000000000000000,77.000000000000000,0.0000000000000000
9.0000000000000000,77.000000000000000,0.0000000000000000
10.000000000000000,77.000000000000000,0.0000000000000000
11.000000000000000,77.000000000000000,0.0000000000000000
12.000000000000000,77.000000000000000,0.0000000000000000
13.000000000000000,77.000000000000000,0.0000000000000000
14.000000000000000,77.000000000000000,0.0000000000000000
15.000000000000000,77.000000000000000,0.0000000000000000
16.000000000000000,77.000000000000000,0.0000000000000000
17.000000000000000,77.000000000000000,0.0000000000000000
18.000000000000000,77.000000000000000,0.0000000000000000
19.000000000000000,77.000000000000000,0.0000000000000000
20.000000000000000,77.000000000000000,0.0000000000000000
21.000000000000000,77.000000000000000,0.0000000000000000
22.000000000000000,77.000000000000000,0.0000000000000000
23.000000000000000,77.000000000000000,0.0000000000000000
24.000000000000000,77.000000000000000,0.0000000000000000
25.000000000000000,77.000000000000000,0.0000000000000000
26.000000000000000,77.000000000000000,0.0000000000000000
27.000000000000000,77.000000000000000,0.0000000000000000
28.000000000000000,77.000000000000000,0.0000000000000000
29.000000000000000,77.000000000000000,0.0000000000000000
30.000000000000000,77.000000000000000,0.0000000000000000
31.000000000000000,77.000000000000000,0.0000000000000000
32.000000000000000,77.000000000000000,0.0000000000000000
33.000000000000000,77.000000000000000,0.0000000000000000
34.000000000000000,77.000000000000000,0.0000000000000000
35.000000000000000,77.000000000000000,0.0000000000000000
36.000000000000000,77.000000000000000,0.0000000000000000
37.000000000000000,77.000000000000000,0.0000000000000000
38.000000000000000,77.000000000000000,0.0000000000000000
39.000000000000000,77.000000000000000,0.0000000000000000
40.000000000000000,77.000000000000000,0.0000000000000000
41.000000000000000,77.000000000000000,0.0000000000000000
42.000000000000000,77.000000000000000,0.0000000000000000
43.000000000000000,77.000000000000000,0.0000000000000000
44.000000000000000,77.000000000000000,0.0000000000000000
45.000000000000000,77.000000000000000,0.0000000000000000
46.000000000000000,77.000000000000000,0.0000000000000000
47.000000000000000,77.000000000000000,0.0000000000000000
48.000000000000000,77.000000000000000,0.0000000000000000
49.000000000000000,77.000000000000000,0.0000000000000000
50.000000000000000,77.000000000000000,0.0000000000000000
51.000000000000000,77.000000000000000,0.0000000000000000
52.000000000000000,77.000000000000000,0.0000000000000000
53.000000000000000,77.000000000000000,0.0000000000000000
54.000000000000000,77.000000000000000,0.0000000000000000
55.000000000000000,77.000000000000000,0.0000000000000000
56.000000000000000,77.000000000000000,0.0000000000000000
57.000000000000000,77.000000000000000,0.0000000000000000
58.000000000000000,77.000000000000000,0.0000000000000000
59.000000000000000,77.000000000000000,0.0000000000000000
60.000000000000000,77.000000000000000,0.0000000000000000
61.000000000000000,77.000000000000000,0.0000000000000000
62.000000000000000,77.000000000000000,0.0000000000000000
63.000000000000000,77.000000000000000,0.0000000000000000
64.000000000000000,77.000000000000000,0.0000000000000000
65.000000000000000,77.000000000000000,0.0000000000000000
66.000000000000000,77.000000000000000,0.0000000000000000
67.000000000000000,77.000000000000000,0.0000000000000000
68.000000000000000,77.000000000000000,0.0000000000000000
69.000000000000000,77.000000000000000,0.0000000000000000
70.000000000000000,77.000000000000000,0.0000000000000000
71.000000000000000,77.000000000000000,0.0000000000000000
72.000000000000000,77.000000000000000,0.0000000000000000
73.000000000000000,77.000000000000000,0.0000000000000000
74.000000000000000,77.000000000000000,0.0000000000000000
75.000000000000000,77.000000000000000,0.0000000000000000
76.000000000000000,77.000000000000000,0.0000000000000000
77.000000000000000,77.000000000000000,0.0000000000000000
78.000000000000000,77.000000000000000,0.0000000000000000
79.000000000000000,77.000000000000000,0.0000000000000000
80.000000000000000,77.000000000000000,0.0000000000000000
81.000000000000000,77.000000000000000,0.0000000000000000
82.000000000000000,77.000000000000000,0.0000000000000000
83.000000000000000,77.000000000000000,0.0000000000000000
84.000000000000000,77.000000000000000,0.0000000000000000
85.000000000000000,77.000000000000000,0.0000000000000000
86.000000000000000,77.000000000000000,0.0000000000000000
87.000000000000000,77.000000000000000,0.0000000000000000
88.000000000000000,77.000000000000000,0.0000000000000000
89.000000000000000,77.000000000000000,0.0000000000000000
90.000000000000000,77.000000000000000,0.0000000000000000
91.000000000000000,77.000000000000000,0.0000000000000000
92.000000000000000,77.000000000000000,0.0000000000000000
93.000000000000000,77.000000000000000,0.0000000000000000
94.000000000000000,77.000000000000000,0.0000000000000000
95.000000000000000,77.000000000000000,0.0000000000000000
96.000000000000000,77.000000000000000,3.2999999523162842
97.000000000000000,77.000000000000000,0.0000000000000000
98.000000000000000,77.000000000000000,0.0000000000000000
99.000000000000000,77.000000000000000,0.0000000000000000
100.00000000000000,77.000000000000000,0.0000000000000000
101.00000000000000,77.000000000000000,0.0000000000000000
102.00000000000000,77.000000000000000,0.0000000000000000
103.00000000000000,77.000000000000000,0.0000000000000000
104.00000000000000,77.000000000000000,0.0000000000000000
105.00000000000000,77.000000000000000,0.0000000000000000
106.00000000000000,77.000000000000000,0.0000000000000000
107.00000000000000,77.000000000000000,0.0000000000000000
108.00000000000000,77.000000000000000,0.0000000000000000
109.00000000000000,77.000000000000000,0.0000000000000000
110.00000000000000,77.000000000000000,0.0000000000000000
111.00000000000000,77.000000000000000,0.0000000000000000
112.00000000000000,77.000000000000000,0.0000000000000000
113.00000000000000,77.000000000000000,0.0000000000000000
1.0000000000000000,78.000000000000000,0.0000000000000000
2.0000000000000000,78.000000000000000,0.0000000000000000
3.0000000000000000,78.000000000000000,0.0000000000000000
4.0000000000000000,78.000000000000000,0.0000000000000000
5.0000000000000000,78.000000000000000,0.0000000000000000
6.0000000000000000,78.000000000000000,0.0000000000000000
7.0000000000000000,78.000000000000000,0.0000000000000000
8.0000000000000000,78.000000000000000,0.0000000000000000
9.0000000000000000,78.000000000000000,0.0000000000000000
10.000000000000000,78.000000000000000,0.0000000000000000
11.000000000000000,78.000000000000000,0.0000000000000000
12.000000000000000,78.000000000000000,0.0000000000000000
13.000000000000000,78.000000000000000,0.0000000000000000
14.000000000000000,78.000000000000000,0.0000000000000000
15.000000000000000,78.000000000000000,0.0000000000000000
16.000000000000000,78.000000000000000,0.0000000000000000
17.000000000000000,78.000000000000000,0.0000000000000000
18.000000000000000,78.000000000000000,0.0000000000000000
19.000000000000000,78.000000000000000,0.0000000000000000
20.000000000000000,78.000000000000000,0.0000000000000000
21.000000000000000,78.000000000000000,0.0000000000000000
22.000000000000000,78.000000000000000,0.0000000000000000
23.000000000000000,78.000000000000000,0.0000000000000000
24.000000000000000,78.000000000000000,0.0000000000000000
25.000000000000000,78.000000000000000,0.0000000000000000
26.000000000000000,78.000000000000000,0.0000000000000000
27.000000000000000,78.000000000000000,0.0000000000000000
28.000000000000000,78.000000000000000,0.0000000000000000
29.000000000000000,78.000000000000000,0.0000000000000000
30.000000000000000,78.000000000000000,0.0000000000000000
31.000000000000000,78.000000000000000,0.0000000000000000
32.000000000000000,78.000000000000000,0.0000000000000000
33.000000000000000,78.000000000000000,0.0000000000000000
34.000000000000000,78.000000000000000,0.0000000000000000
35.000000000000000,78.000000000000000,0.0000000000000000
36.000000000000000,78.000000000000000,0.0000000000000000
37.000000000000000,78.000000000000000,0.0000000000000000
38.000000000000000,78.000000000000000,0.0000000000000000
39.000000000000000,78.000000000000000,0.0000000000000000
40.000000000000000,78.000000000000000,0.0000000000000000
41.000000000000000,78.000000000000000,0.0000000000000000
42.000000000000000,78.000000000000000,0.0000000000000000
43.000000000000000,78.000000000000000,0.0000000000000000
44.000000000000000,78.000000000000000,0.0000000000000000
45.000000000000000,78.000000000000000,0.0000000000000000
46.000000000000000,78.000000000000000,0.0000000000000000
47.000000000000000,78.000000000000000,0.0000000000000000
48.000000000000000,78.000000000000000,0.0000000000000000
49.000000000000000,78.000000000000000,0.0000000000000000
50.000000000000000,78.000000000000000,0.0000000000000000
51.000000000000000,78.000000000000000,0.0000000000000000
52.000000000000000,78.000000000000000,0.0000000000000000
53.000000000000000,78.000000000000000,0.0000000000000000
54.000000000000000,78.000000000000000,0.0000000000000000
55.000000000000000,78.000000000000000,0.0000000000000000
56.000000000000000,78.000000000000000,0.0000000000000000
57.000000000000000,78.000000000000000,0.0000000000000000
58.000000000000000,78.000000000000000,0.0000000000000000
59.000000000000000,78.000000000000000,0.0000000000000000
60.000000000000000,78.000000000000000,0.0000000000000000
61.000000000000000,78.000000000000000,0.0000000000000000
62.000000000000000,78.000000000000000,0.0000000000000000
63.000000000000000,78.000000000000000,0.0000000000000000
64.000000000000000,78.000000000000000,0.0000000000000000
65.000000000000000,78.000000000000000,0.0000000000000000
66.000000000000000,78.000000000000000,0.0000000000000000
67.000000000000000,78.000000000000000,0.0000000000000000
68.000000000000000,78.000000000000000,0.0000000000000000
69.000000000000000,78.000000000000000,0.0000000000000000
70.000000000000000,78.000000000000000,0.0000000000000000
71.000000000000000,78.000000000000000,0.0000000000000000
72.000000000000000,78.000000000000000,0.0000000000000000
73.000000000000000,78.000000000000000,0.0000000000000000
74.000000000000000,78.000000000000000,0.0000000000000000
75.000000000000000,78.000000000000000,0.0000000000000000
76.000000000000000,78.000000000000000,0.0000000000000000
77.000000000000000,78.000000000000000,0.0000000000000000
78.000000000000000,78.000000000000000,0.0000000000000000
79.000000000000000,78.000000000000000,0.0000000000000000
80.000000000000000,78.000000000000000,0.0000000000000000
81.000000000000000,78.000000000000000,0.0000000000000000
82.000000000000000,78.000000000000000,0.0000000000000000
83.000000000000000,78.000000000000000,0.0000000000000000
84.000000000000000,78.000000000000000,0.0000000000000000
85.000000000000000,78.000000000000000,0.0000000000000000
86.000000000000000,78.000000000000000,0.0000000000000000
87.000000000000000,78.000000000000000,0.0000000000000000
88.000000000000000,78.000000000000000,0.0000000000000000
89.000000000000000,78.000000000000000,0.0000000000000000
90.000000000000000,78.000000000000000,0.0000000000000000
91.000000000000000,78.000000000000000,0.0000000000000000
92.000000000000000,78.000000000000000,0.0000000000000000
93.000000000000000,78.000000000000000,0.0000000000000000
94.000000000000000,78.000000000000000,0.0000000000000000
95.000000000000000,78.000000000000000,0.0000000000000000
96.000000000000000,78.000000000000000,3.2999999523162842
97.000000000000000,78.000000000000000,3.2999999523162842
98.000000000000000,78.000000000000000,0.0000000000000000
99.000000000000000,78.000000000000000,0.0000000000000000
100.00000000000000,78.000000000000000,0.0000000000000000
101.00000000000000,78.000000000000000,0.0000000000000000
102.00000000000000,78.000000000000000,0.0000000000000000
103.00000000000000,78.000000000000000,0.0000000000000000
104.00000000000000,78.000000000000000,0.0000000000000000
105.00000000000000,78.000000000000000,0.0000000000000000
106.00000000000000,78.000000000000000,0.0000000000000000
107.00000000000000,78.000000000000000,0.0000000000000000
108.00000000000000,78.000000000000000,0.0000000000000000
109.00000000000000,78.000000000000000,0.0000000000000000
110.00000000000000,78.000000000000000,0.0000000000000000
111.00000000000000,78.000000000000000,0.0000000000000000
112.00000000000000,78.000000000000000,0.0000000000000000
113.00000000000000,78.000000000000000,0.0000000000000000
1.0000000000000000,79.000000000000000,0.0000000000000000
2.0000000000000000,79.000000000000000,0.0000000000000000
3.0000000000000000,79.000000000000000,0.0000000000000000
4.0000000000000000,79.000000000000000,0.0000000000000000
5.0000000000000000,79.000000000000000,0.0000000000000000
6.0000000000000000,79.000000000000000,0.0000000000000000
7.0000000000000000,79.000000000000000,0.0000000000000000
8.0000000000000000,79.000000000000000,0.0000000000000000
9.0000000000000000,79.000000000000000,0.0000000000000000
10.000000000000000,79.000000000000000,0.0000000000000000
11.000000000000000,79.000000000000000,0.0000000000000000
12.000000000000000,79.000000000000000,0.0000000000000000
13.000000000000000,79.000000000000000,0.0000000000000000
14.000000000000000,79.000000000000000,0.0000000000000000
15.000000000000000,79.000000000000000,0.0000000000000000
16.000000000000000,79.000000000000000,0.0000000000000000
17.000000000000000,79.000000000000000,0.0000000000000000
18.000000000000000,79.000000000000000,0.0000000000000000
19.000000000000000,79.000000000000000,0.0000000000000000
20.000000000000000,79.000000000000000,0.0000000000000000
21.000000000000000,79.000000000000000,0.0000000000000000
22.000000000000000,79.000000000000000,0.0000000000000000
23.000000000000000,79.000000000000000,0.0000000000000000
24.000000000000000,79.000000000000000,0.0000000000000000
25.000000000000000,79.000000000000000,0.0000000000000000
26.000000000000000,79.000000000000000,0.0000000000000000
27.000000000000000,79.000000000000000,0.0000000000000000
28.000000000000000,79.000000000000000,0.0000000000000000
29.000000000000000,79.000000000000000,0.0000000000000000
30.000000000000000,79.000000000000000,0.0000000000000000
31.000000000000000,79.000000000000000,0.0000000000000000
32.000000000000000,79.000000000000000,0.0000000000000000
33.000000000000000,79.000000000000000,0.0000000000000000
34.000000000000000,79.000000000000000,0.0000000000000000
35.000000000000000,79.000000000000000,0.0000000000000000
36.000000000000000,79.000000000000000,0.0000000000000000
37.000000000000000,79.000000000000000,0.0000000000000000
38.000000000000000,79.000000000000000,0.0000000000000000
39.000000000000000,79.000000000000000,0.0000000000000000
40.000000000000000,79.000000000000000,0.0000000000000000
41.000000000000000,79.000000000000000,0.0000000000000000
42.000000000000000,79.000000000000000,0.0000000000000000
43.000000000000000,79.000000000000000,0.0000000000000000
44.000000000000000,79.000000000000000,0.0000000000000000
45.000000000000000,79.000000000000000,0.0000000000000000
46.000000000000000,79.000000000000000,0.0000000000000000
47.000000000000000,79.000000000000000,0.0000000000000000
48.000000000000000,79.000000000000000,0.0000000000000000
49.000000000000000,79.000000000000000,0.0000000000000000
50.000000000000000,79.000000000000000,0.0000000000000000
51.000000000000000,79.000000000000000,0.0000000000000000
52.000000000000000,79.000000000000000,0.0000000000000000
53.000000000000000,79.000000000000000,0.0000000000000000
54.000000000000000,79.000000000000000,0.0000000000000000
55.000000000000000,79.000000000000000,0.0000000000000000
56.000000000000000,79.000000000000000,0.0000000000000000
57.000000000000000,79.000000000000000,0.0000000000000000
58.000000000000000,79.000000000000000,0.0000000000000000
59.000000000000000,79.000000000000000,0.0000000000000000
60.000000000000000,79.000000000000000,0.0000000000000000
61.000000000000000,79.000000000000000,0.0000000000000000
62.000000000000000,79.000000000000000,0.0000000000000000
63.000000000000000,79.000000000000000,0.0000000000000000
64.000000000000000,79.000000000000000,0.0000000000000000
65.000000000000000,79.000000000000000,0.0000000000000000
66.000000000000000,79.000000000000000,0.0000000000000000
67.000000000000000,79.000000000000000,0.0000000000000000
68.000000000000000,79.000000000000000,0.0000000000000000
69.000000000000000,79.000000000000000,0.0000000000000000
70.000000000000000,79.000000000000000,0.0000000000000000
71.000000000000000,79.000000000000000,0.0000000000000000
72.000000000000000,79.000000000000000,0.0000000000000000
73.000000000000000,79.000000000000000,0.0000000000000000
74.000000000000000,79.000000000000000,0.0000000000000000
75.000000000000000,79.000000000000000,0.0000000000000000
76.000000000000000,79.000000000000000,0.0000000000000000
77.000000000000000,79.000000000000000,0.0000000000000000
78.000000000000000,79.000000000000000,0.0000000000000000
79.000000000000000,79.000000000000000,0.0000000000000000
80.000000000000000,79.000000000000000,0.0000000000000000
81.000000000000000,79.000000000000000,0.0000000000000000
82.000000000000000,79.000000000000000,0.0000000000000000
83.000000000000000,79.000000000000000,0.0000000000000000
84.000000000000000,79.000000000000000,0.0000000000000000
85.000000000000000,79.000000000000000,0.0000000000000000
86.000000000000000,79.000000000000000,0.0000000000000000
87.000000000000000,79.000000000000000,0.0000000000000000
88.000000000000000,79.000000000000000,0.0000000000000000
89.000000000000000,79.000000000000000,0.0000000000000000
90.000000000000000,79.000000000000000,0.0000000000000000
91.000000000000000,79.000000000000000,0.0000000000000000
92.000000000000000,79.000000000000000,0.0000000000000000
93.000000000000000,79.000000000000000,0.0000000000000000
94.000000000000000,79.000000000000000,0.0000000000000000
95.000000000000000,79.000000000000000,0.0000000000000000
96.000000000000000,79.000000000000000,3.2999999523162842
97.000000000000000,79.000000000000000,3.2999999523162842
98.000000000000000,79.000000000000000,0.0000000000000000
99.000000000000000,79.000000000000000,0.0000000000000000
100.00000000000000,79.000000000000000,0.0000000000000000
101.00000000000000,79.000000000000000,0.0000000000000000
102.00000000000000,79.000000000000000,0.0000000000000000
103.00000000000000,79.000000000000000,0.0000000000000000
104.00000000000000,79.000000000000000,0.0000000000000000
105.00000000000000,79.000000000000000,0.0000000000000000
106.00000000000000,79.000000000000000,0.0000000000000000
107.00000000000000,79.000000000000000,0.0000000000000000
108.00000000000000,79.000000000000000,0.0000000000000000
109.00000000000000,79.000000000000000,0.0000000000000000
110.00000000000000,79.000000000000000,0.0000000000000000
111.00000000000000,79.000000000000000,0.0000000000000000
112.00000000000000,79.000000000000000,0.0000000000000000
113.00000000000000,79.000000000000000,0.0000000000000000
1.0000000000000000,80.000000000000000,0.0000000000000000
2.0000000000000000,80.000000000000000,0.0000000000000000
3.0000000000000000,80.000000000000000,0.0000000000000000
4.0000000000000000,80.000000000000000,0.0000000000000000
5.0000000000000000,80.000000000000000,0.0000000000000000
6.0000000000000000,80.000000000000000,0.0000000000000000
7.0000000000000000,80.000000000000000,0.0000000000000000
8.0000000000000000,80.000000000000000,0.0000000000000000
9.0000000000000000,80.000000000000000,0.0000000000000000
10.000000000000000,80.000000000000000,0.0000000000000000
11.000000000000000,80.000000000000000,0.0000000000000000
12.000000000000000,80.000000000000000,0.0000000000000000
13.000000000000000,80.000000000000000,0.0000000000000000
14.000000000000000,80.000000000000000,0.0000000000000000
15.000000000000000,80.000000000000000,0.0000000000000000
16.000000000000000,80.000000000000000,0.0000000000000000
17.000000000000000,80.000000000000000,0.0000000000000000
18.000000000000000,80.000000000000000,0.0000000000000000
19.000000000000000,80.000000000000000,0.0000000000000000
20.000000000000000,80.000000000000000,0.0000000000000000
21.000000000000000,80.000000000000000,0.0000000000000000
22.000000000000000,80.000000000000000,0.0000000000000000
23.000000000000000,80.000000000000000,0.0000000000000000
24.000000000000000,80.000000000000000,0.0000000000000000
25.000000000000000,80.000000000000000,0.0000000000000000
26.000000000000000,80.000000000000000,0.0000000000000000
27.000000000000000,80.000000000000000,0.0000000000000000
28.000000000000000,80.000000000000000,0.0000000000000000
29.000000000000000,80.000000000000000,0.0000000000000000
30.000000000000000,80.000000000000000,0.0000000000000000
31.000000000000000,80.000000000000000,0.0000000000000000
32.000000000000000,80.000000000000000,0.0000000000000000
33.000000000000000,80.000000000000000,0.0000000000000000
34.000000000000000,80.000000000000000,0.0000000000000000
35.000000000000000,80.000000000000000,0.0000000000000000
36.000000000000000,80.000000000000000,0.0000000000000000
37.000000000000000,80.000000000000000,0.0000000000000000
38.000000000000000,80.000000000000000,0.0000000000000000
39.000000000000000,80.000000000000000,0.0000000000000000
40.000000000000000,80.000000000000000,0.0000000000000000
41.000000000000000,80.000000000000000,0.0000000000000000
42.000000000000000,80.000000000000000,0.0000000000000000
43.000000000000000,80.000000000000000,0.0000000000000000
44.000000000000000,80.000000000000000,0.0000000000000000
45.000000000000000,80.000000000000000,0.0000000000000000
46.000000000000000,80.000000000000000,0.0000000000000000
47.000000000000000,80.000000000000000,0.0000000000000000
48.000000000000000,80.000000000000000,0.0000000000000000
49.000000000000000,80.000000000000000,0.0000000000000000
50.000000000000000,80.000000000000000,0.0000000000000000
51.000000000000000,80.000000000000000,0.0000000000000000
52.000000000000000,80.000000000000000,0.0000000000000000
53.000000000000000,80.000000000000000,0.0000000000000000
54.000000000000000,80.000000000000000,0.0000000000000000
55.000000000000000,80.000000000000000,0.0000000000000000
56.000000000000000,80.000000000000000,0.0000000000000000
57.000000000000000,80.000000000000000,0.0000000000000000
58.000000000000000,80.000000000000000,0.0000000000000000
59.000000000000000,80.000000000000000,0.0000000000000000
60.000000000000000,80.000000000000000,0.0000000000000000
61.000000000000000,80.000000000000000,0.0000000000000000
62.000000000000000,80.000000000000000,0.0000000000000000
63.000000000000000,80.000000000000000,0.0000000000000000
64.000000000000000,80.000000000000000,0.0000000000000000
65.000000000000000,80.000000000000000,0.0000000000000000
66.000000000000000,80.000000000000000,0.0000000000000000
67.000000000000000,80.000000000000000,0.0000000000000000
68.000000000000000,80.000000000000000,0.0000000000000000
69.000000000000000,80.000000000000000,0.0000000000000000
70.000000000000000,80.000000000000000,0.0000000000000000
71.000000000000000,80.000000000000000,0.0000000000000000
72.000000000000000,80.000000000000000,0.0000000000000000
73.000000000000000,80.000000000000000,0.0000000000000000
74.000000000000000,80.000000000000000,0.0000000000000000
75.000000000000000,80.000000000000000,0.0000000000000000
76.000000000000000,80.000000000000000,0.0000000000000000
77.000000000000000,80.000000000000000,0.0000000000000000
78.000000000000000,80.000000000000000,0.0000000000000000
79.000000000000000,80.000000000000000,0.0000000000000000
80.000000000000000,80.000000000000000,0.0000000000000000
81.000000000000000,80.000000000000000,0.0000000000000000
82.000000000000000,80.000000000000000,0.0000000000000000
83.000000000000000,80.000000000000000,0.0000000000000000
84.000000000000000,80.000000000000000,0.0000000000000000
85.000000000000000,80.000000000000000,0.0000000000000000
86.000000000000000,80.000000000000000,0.0000000000000000
87.000000000000000,80.000000000000000,0.0000000000000000
88.000000000000000,80.000000000000000,0.0000000000000000
89.000000000000000,80.000000000000000,0.0000000000000000
90.000000000000000,80.000000000000000,0.0000000000000000
91.000000000000000,80.000000000000000,0.0000000000000000
92.000000000000000,80.000000000000000,0.0000000000000000
93.000000000000000,80.000000000000000,0.0000000000000000
94.000000000000000,80.000000000000000,0.0000000000000000
95.000000000000000,80.000000000000000,0.0000000000000000
96.000000000000000,80.000000000000000,1.3999999761581421
97.000000000000000,80.000000000000000,1.3999999761581421
98.000000000000000,80.000000000000000,0.0000000000000000
99.000000000000000,80.000000000000000,0.0000000000000000
100.00000000000000,80.000000000000000,0.0000000000000000
101.00000000000000,80.000000000000000,0.0000000000000000
102.00000000000000,80.000000000000000,0.0000000000000000
103.00000000000000,80.000000000000000,0.0000000000000000
104.00000000000000,80.000000000000000,0.0000000000000000
105.00000000000000,80.000000000000000,0.0000000000000000
106.00000000000000,80.000000000000000,0.0000000000000000
107.00000000000000,80.000000000000000,0.0000000000000000
108.00000000000000,80.000000000000000,0.0000000000000000
109.00000000000000,80.000000000000000,0.0000000000000000
110.00000000000000,80.000000000000000,0.0000000000000000
111.00000000000000,80.000000000000000,0.0000000000000000
112.00000000000000,80.000000000000000,0.0000000000000000
113.00000000000000,80.000000000000000,0.0000000000000000
1.0000000000000000,81.000000000000000,0.0000000000000000
2.0000000000000000,81.000000000000000,0.0000000000000000
3.0000000000000000,81.000000000000000,0.0000000000000000
4.0000000000000000,81.000000000000000,0.0000000000000000
5.0000000000000000,81.000000000000000,0.0000000000000000
6.0000000000000000,81.000000000000000,0.0000000000000000
7.0000000000000000,81.000000000000000,0.0000000000000000
8.0000000000000000,81.000000000000000,0.0000000000000000
9.0000000000000000,81.000000000000000,0.0000000000000000
10.000000000000000,81.000000000000000,0.0000000000000000
11.000000000000000,81.000000000000000,0.0000000000000000
12.000000000000000,81.000000000000000,0.0000000000000000
13.000000000000000,81.000000000000000,0.0000000000000000
14.000000000000000,81.000000000000000,0.0000000000000000
15.000000000000000,81.000000000000000,0.0000000000000000
16.000000000000000,81.000000000000000,0.0000000000000000
17.000000000000000,81.000000000000000,0.0000000000000000
18.000000000000000,81.000000000000000,0.0000000000000000
19.000000000000000,81.000000000000000,0.0000000000000000
20.000000000000000,81.000000000000000,0.0000000000000000
21.000000000000000,81.000000000000000,0.0000000000000000
22.000000000000000,81.000000000000000,0.0000000000000000
23.000000000000000,81.000000000000000,0.0000000000000000
24.000000000000000,81.000000000000000,0.0000000000000000
25.000000000000000,81.000000000000000,0.0000000000000000
26.000000000000000,81.000000000000000,0.0000000000000000
27.000000000000000,81.000000000000000,0.0000000000000000
28.000000000000000,81.000000000000000,0.0000000000000000
29.000000000000000,81.000000000000000,0.0000000000000000
30.000000000000000,81.000000000000000,0.0000000000000000
31.000000000000000,81.000000000000000,0.0000000000000000
32.000000000000000,81.000000000000000,0.0000000000000000
33.000000000000000,81.000000000000000,0.0000000000000000
34.000000000000000,81.000000000000000,0.0000000000000000
35.000000000000000,81.000000000000000,0.0000000000000000
36.000000000000000,81.000000000000000,0.0000000000000000
37.000000000000000,81.000000000000000,0.0000000000000000
38.000000000000000,81.000000000000000,0.0000000000000000
39.000000000000000,81.000000000000000,0.0000000000000000
40.000000000000000,81.000000000000000,0.0000000000000000
41.000000000000000,81.000000000000000,0.0000000000000000
42.000000000000000,81.000000000000000,0.0000000000000000
43.000000000000000,81.000000000000000,0.0000000000000000
44.000000000000000,81.000000000000000,0.0000000000000000
45.000000000000000,81.000000000000000,0.0000000000000000
46.000000000000000,81.000000000000000,0.0000000000000000
47.000000000000000,81.000000000000000,0.0000000000000000
48.000000000000000,81.000000000000000,0.0000000000000000
49.000000000000000,81.000000000000000,0.0000000000000000
50.000000000000000,81.000000000000000,0.0000000000000000
51.000000000000000,81.000000000000000,0.0000000000000000
52.000000000000000,81.000000000000000,0.0000000000000000
53.000000000000000,81.000000000000000,0.0000000000000000
54.000000000000000,81.000000000000000,0.0000000000000000
55.000000000000000,81.000000000000000,0.0000000000000000
56.000000000000000,81.000000000000000,0.0000000000000000
57.000000000000000,81.000000000000000,0.0000000000000000
58.000000000000000,81.000000000000000,0.0000000000000000
59.000000000000000,81.000000000000000,0.0000000000000000
60.000000000000000,81.000000000000000,0.0000000000000000
61.000000000000000,81.000000000000000,0.0000000000000000
62.000000000000000,81.000000000000000,0.0000000000000000
63.000000000000000,81.000000000000000,0.0000000000000000
64.000000000000000,81.000000000000000,0.0000000000000000
65.000000000000000,81.000000000000000,0.0000000000000000
66.000000000000000,81.000000000000000,0.0000000000000000
67.000000000000000,81.000000000000000,0.0000000000000000
68.000000000000000,81.000000000000000,0.0000000000000000
69.000000000000000,81.000000000000000,0.0000000000000000
70.000000000000000,81.000000000000000,0.0000000000000000
71.000000000000000,81.000000000000000,0.0000000000000000
72.000000000000000,81.000000000000000,0.0000000000000000
73.000000000000000,81.000000000000000,0.0000000000000000
74.000000000000000,81.000000000000000,0.0000000000000000
75.000000000000000,81.000000000000000,0.0000000000000000
76.000000000000000,81.000000000000000,0.0000000000000000
77.000000000000000,81.000000000000000,0.0000000000000000
78.000000000000000,81.000000000000000,0.0000000000000000
79.000000000000000,81.000000000000000,0.0000000000000000
80.000000000000000,81.000000000000000,0.0000000000000000
81.000000000000000,81.000000000000000,0.0000000000000000
82.000000000000000,81.000000000000000,0.0000000000000000
83.000000000000000,81.000000000000000,0.0000000000000000
84.000000000000000,81.000000000000000,0.0000000000000000
85.000000000000000,81.000000000000000,0.0000000000000000
86.000000000000000,81.000000000000000,0.0000000000000000
87.000000000000000,81.000000000000000,0.0000000000000000
88.000000000000000,81.000000000000000,0.0000000000000000
89.000000000000000,81.000000000000000,0.0000000000000000
90.000000000000000,81.000000000000000,0.0000000000000000
91.000000000000000,81.000000000000000,0.0000000000000000
92.000000000000000,81.000000000000000,0.0000000000000000
93.000000000000000,81.000000000000000,0.0000000000000000
94.000000000000000,81.000000000000000,0.0000000000000000
95.000000000000000,81.000000000000000,0.0000000000000000
96.000000000000000,81.000000000000000,1.3999999761581421
97.000000000000000,81.000000000000000,0.0000000000000000
98.000000000000000,81.000000000000000,0.0000000000000000
99.000000000000000,81.000000000000000,0.0000000000000000
100.00000000000000,81.000000000000000,0.0000000000000000
101.00000000000000,81.000000000000000,0.0000000000000000
102.00000000000000,81.000000000000000,0.0000000000000000
103.00000000000000,81.000000000000000,0.0000000000000000
104.00000000000000,81.000000000000000,0.0000000000000000
105.00000000000000,81.000000000000000,0.0000000000000000
106.00000000000000,81.000000000000000,0.0000000000000000
107.00000000000000,81.000000000000000,0.0000000000000000
108.00000000000000,81.000000000000000,0.0000000000000000
109.00000000000000,81.000000000000000,0.0000000000000000
110.00000000000000,81.000000000000000,0.0000000000000000
111.00000000000000,81.000000000000000,0.0000000000000000
112.00000000000000,81.000000000000000,0.0000000000000000
113.00000000000000,81.000000000000000,0.0000000000000000
1.0000000000000000,82.000000000000000,0.0000000000000000
2.0000000000000000,82.000000000000000,0.0000000000000000
3.0000000000000000,82.000000000000000,0.0000000000000000
4.0000000000000000,82.000000000000000,0.0000000000000000
5.0000000000000000,82.000000000000000,0.0000000000000000
6.0000000000000000,82.000000000000000,0.0000000000000000
7.0000000000000000,82.000000000000000,0.0000000000000000
8.0000000000000000,82.000000000000000,0.0000000000000000
9.0000000000000000,82.000000000000000,0.0000000000000000
10.000000000000000,82.000000000000000,0.0000000000000000
11.000000000000000,82.000000000000000,0.0000000000000000
12.000000000000000,82.000000000000000,0.0000000000000000
13.000000000000000,82.000000000000000,0.0000000000000000
14.000000000000000,82.000000000000000,0.0000000000000000
15.000000000000000,82.000000000000000,0.0000000000000000
16.000000000000000,82.000000000000000,0.0000000000000000
17.000000000000000,82.000000000000000,0.0000000000000000
18.000000000000000,82.000000000000000,0.0000000000000000
19.000000000000000,82.000000000000000,0.0000000000000000
20.000000000000000,82.000000000000000,0.0000000000000000
21.000000000000000,82.000000000000000,0.0000000000000000
22.000000000000000,82.000000000000000,0.0000000000000000
23.000000000000000,82.000000000000000,0.0000000000000000
24.000000000000000,82.000000000000000,0.0000000000000000
25.000000000000000,82.000000000000000,0.0000000000000000
26.000000000000000,82.000000000000000,0.0000000000000000
27.000000000000000,82.000000000000000,0.0000000000000000
28.000000000000000,82.000000000000000,0.0000000000000000
29.000000000000000,82.000000000000000,0.0000000000000000
30.000000000000000,82.000000000000000,0.0000000000000000
31.000000000000000,82.000000000000000,0.0000000000000000
32.000000000000000,82.000000000000000,0.0000000000000000
33.000000000000000,82.000000000000000,0.0000000000000000
34.000000000000000,82.000000000000000,0.0000000000000000
35.000000000000000,82.000000000000000,0.0000000000000000
36.000000000000000,82.000000000000000,0.0000000000000000
37.000000000000000,82.000000000000000,0.0000000000000000
38.000000000000000,82.000000000000000,0.0000000000000000
39.000000000000000,82.000000000000000,0.0000000000000000
40.000000000000000,82.000000000000000,0.0000000000000000
41.000000000000000,82.000000000000000,0.0000000000000000
42.000000000000000,82.000000000000000,0.0000000000000000
43.000000000000000,82.000000000000000,0.0000000000000000
44.000000000000000,82.000000000000000,0.0000000000000000
45.000000000000000,82.000000000000000,0.0000000000000000
46.000000000000000,82.000000000000000,0.0000000000000000
47.000000000000000,82.000000000000000,0.0000000000000000
48.000000000000000,82.000000000000000,0.0000000000000000
49.000000000000000,82.000000000000000,0.0000000000000000
50.000000000000000,82.000000000000000,0.0000000000000000
51.000000000000000,82.000000000000000,0.0000000000000000
52.000000000000000,82.000000000000000,0.0000000000000000
53.000000000000000,82.000000000000000,0.0000000000000000
54.000000000000000,82.000000000000000,0.0000000000000000
55.000000000000000,82.000000000000000,0.0000000000000000
56.000000000000000,82.000000000000000,0.0000000000000000
57.000000000000000,82.000000000000000,0.0000000000000000
58.000000000000000,82.000000000000000,0.0000000000000000
59.000000000000000,82.000000000000000,0.0000000000000000
60.000000000000000,82.000000000000000,0.0000000000000000
61.000000000000000,82.000000000000000,0.0000000000000000
62.000000000000000,82.000000000000000,0.0000000000000000
63.000000000000000,82.000000000000000,0.0000000000000000
64.000000000000000,82.000000000000000,0.0000000000000000
65.000000000000000,82.000000000000000,0.0000000000000000
66.000000000000000,82.000000000000000,0.0000000000000000
67.000000000000000,82.000000000000000,0.0000000000000000
68.000000000000000,82.000000000000000,0.0000000000000000
69.000000000000000,82.000000000000000,0.0000000000000000
70.000000000000000,82.000000000000000,0.0000000000000000
71.000000000000000,82.000000000000000,0.0000000000000000
72.000000000000000,82.000000000000000,0.0000000000000000
73.000000000000000,82.000000000000000,0.0000000000000000
74.000000000000000,82.000000000000000,0.0000000000000000
75.000000000000000,82.000000000000000,0.0000000000000000
76.000000000000000,82.000000000000000,0.0000000000000000
77.000000000000000,82.000000000000000,0.0000000000000000
78.000000000000000,82.000000000000000,0.0000000000000000
79.000000000000000,82.000000000000000,0.0000000000000000
80.000000000000000,82.000000000000000,0.0000000000000000
81.000000000000000,82.000000000000000,0.0000000000000000
82.000000000000000,82.000000000000000,0.0000000000000000
83.000000000000000,82.000000000000000,0.0000000000000000
84.000000000000000,82.000000000000000,0.0000000000000000
85.000000000000000,82.000000000000000,0.0000000000000000
86.000000000000000,82.000000000000000,0.0000000000000000
87.000000000000000,82.000000000000000,0.0000000000000000
88.000000000000000,82.000000000000000,0.0000000000000000
89.000000000000000,82.000000000000000,0.0000000000000000
90.000000000000000,82.000000000000000,0.0000000000000000
91.000000000000000,82.000000000000000,0.0000000000000000
92.000000000000000,82.000000000000000,0.0000000000000000
93.000000000000000,82.000000000000000,0.0000000000000000
94.000000000000000,82.000000000000000,0.0000000000000000
95.000000000000000,82.000000000000000,0.0000000000000000
96.000000000000000,82.000000000000000,0.0000000000000000
97.000000000000000,82.000000000000000,0.0000000000000000
98.000000000000000,82.000000000000000,0.0000000000000000
99.000000000000000,82.000000000000000,0.0000000000000000
100.00000000000000,82.000000000000000,0.0000000000000000
101.00000000000000,82.000000000000000,0.0000000000000000
102.00000000000000,82.000000000000000,0.0000000000000000
103.00000000000000,82.000000000000000,0.0000000000000000
104.00000000000000,82.000000000000000,0.0000000000000000
105.00000000000000,82.000000000000000,0.0000000000000000
106.00000000000000,82.000000000000000,0.0000000000000000
107.00000000000000,82.000000000000000,0.0000000000000000
108.00000000000000,82.000000000000000,0.0000000000000000
109.00000000000000,82.000000000000000,0.0000000000000000
110.00000000000000,82.000000000000000,0.0000000000000000
111.00000000000000,82.000000000000000,0.0000000000000000
112.00000000000000,82.000000000000000,0.0000000000000000
113.00000000000000,82.000000000000000,0.0000000000000000
1.0000000000000000,83.000000000000000,0.0000000000000000
2.0000000000000000,83.000000000000000,0.0000000000000000
3.0000000000000000,83.000000000000000,0.0000000000000000
4.0000000000000000,83.000000000000000,0.0000000000000000
5.0000000000000000,83.000000000000000,0.0000000000000000
6.0000000000000000,83.000000000000000,0.0000000000000000
7.0000000000000000,83.000000000000000,0.0000000000000000
8.0000000000000000,83.000000000000000,0.0000000000000000
9.0000000000000000,83.000000000000000,0.0000000000000000
10.000000000000000,83.000000000000000,0.0000000000000000
11.000000000000000,83.000000000000000,0.0000000000000000
12.000000000000000,83.000000000000000,0.0000000000000000
13.000000000000000,83.000000000000000,0.0000000000000000
14.000000000000000,83.000000000000000,0.0000000000000000
15.000000000000000,83.000000000000000,0.0000000000000000
16.000000000000000,83.000000000000000,0.0000000000000000
17.000000000000000,83.000000000000000,0.0000000000000000
18.000000000000000,83.000000000000000,0.0000000000000000
19.000000000000000,83.000000000000000,0.0000000000000000
20.000000000000000,83.000000000000000,0.0000000000000000
21.000000000000000,83.000000000000000,0.0000000000000000
22.000000000000000,83.000000000000000,0.0000000000000000
23.000000000000000,83.000000000000000,0.0000000000000000
24.000000000000000,83.000000000000000,0.0000000000000000
25.000000000000000,83.000000000000000,0.0000000000000000
26.000000000000000,83.000000000000000,0.0000000000000000
27.000000000000000,83.000000000000000,0.0000000000000000
28.000000000000000,83.000000000000000,0.0000000000000000
29.000000000000000,83.000000000000000,0.0000000000000000
30.000000000000000,83.000000000000000,0.0000000000000000
31.000000000000000,83.000000000000000,0.0000000000000000
32.000000000000000,83.000000000000000,0.0000000000000000
33.000000000000000,83.000000000000000,0.0000000000000000
34.000000000000000,83.000000000000000,0.0000000000000000
35.000000000000000,83.000000000000000,0.0000000000000000
36.000000000000000,83.000000000000000,0.0000000000000000
37.000000000000000,83.000000000000000,0.0000000000000000
38.000000000000000,83.000000000000000,0.0000000000000000
39.000000000000000,83.000000000000000,0.0000000000000000
40.000000000000000,83.000000000000000,0.0000000000000000
41.000000000000000,83.000000000000000,0.0000000000000000
42.000000000000000,83.000000000000000,0.0000000000000000
43.000000000000000,83.000000000000000,0.0000000000000000
44.000000000000000,83.000000000000000,0.0000000000000000
45.000000000000000,83.000000000000000,0.0000000000000000
46.000000000000000,83.000000000000000,0.0000000000000000
47.000000000000000,83.000000000000000,0.0000000000000000
48.000000000000000,83.000000000000000,0.0000000000000000
49.000000000000000,83.000000000000000,0.0000000000000000
50.000000000000000,83.000000000000000,0.0000000000000000
51.000000000000000,83.000000000000000,0.0000000000000000
52.000000000000000,83.000000000000000,0.0000000000000000
53.000000000000000,83.000000000000000,0.0000000000000000
54.000000000000000,83.000000000000000,0.0000000000000000
55.000000000000000,83.000000000000000,0.0000000000000000
56.000000000000000,83.000000000000000,0.0000000000000000
57.000000000000000,83.000000000000000,0.0000000000000000
58.000000000000000,83.000000000000000,0.0000000000000000
59.000000000000000,83.000000000000000,0.0000000000000000
60.000000000000000,83.000000000000000,0.0000000000000000
61.000000000000000,83.000000000000000,0.0000000000000000
62.000000000000000,83.000000000000000,0.0000000000000000
63.000000000000000,83.000000000000000,0.0000000000000000
64.000000000000000,83.000000000000000,0.0000000000000000
65.000000000000000,83.000000000000000,0.0000000000000000
66.000000000000000,83.000000000000000,0.0000000000000000
67.000000000000000,83.000000000000000,0.0000000000000000
68.000000000000000,83.000000000000000,0.0000000000000000
69.000000000000000,83.000000000000000,0.0000000000000000
70.000000000000000,83.000000000000000,0.0000000000000000
71.000000000000000,83.000000000000000,0.0000000000000000
72.000000000000000,83.000000000000000,0.0000000000000000
73.000000000000000,83.000000000000000,0.0000000000000000
74.000000000000000,83.000000000000000,0.0000000000000000
75.000000000000000,83.000000000000000,0.0000000000000000
76.000000000000000,83.000000000000000,0.0000000000000000
77.000000000000000,83.000000000000000,0.0000000000000000
78.000000000000000,83.000000000000000,0.0000000000000000
79.000000000000000,83.000000000000000,0.0000000000000000
80.000000000000000,83.000000000000000,0.0000000000000000
81.000000000000000,83.000000000000000,0.0000000000000000
82.000000000000000,83.000000000000000,0.0000000000000000
83.000000000000000,83.000000000000000,0.0000000000000000
84.000000000000000,83.000000000000000,0.0000000000000000
85.000000000000000,83.000000000000000,0.0000000000000000
86.000000000000000,83.000000000000000,0.0000000000000000
87.000000000000000,83.000000000000000,0.0000000000000000
88.000000000000000,83.000000000000000,0.0000000000000000
89.000000000000000,83.000000000000000,0.0000000000000000
90.000000000000000,83.000000000000000,3.5000000000000000
91.000000000000000,83.000000000000000,3.5000000000000000
92.000000000000000,83.000000000000000,3.5000000000000000
93.000000000000000,83.000000000000000,3.2999999523162842
94.000000000000000,83.000000000000000,3.2999999523162842
95.000000000000000,83.000000000000000,0.0000000000000000
96.000000000000000,83.000000000000000,0.0000000000000000
97.000000000000000,83.000000000000000,0.0000000000000000
98.000000000000000,83.000000000000000,0.0000000000000000
99.000000000000000,83.000000000000000,0.0000000000000000
100.00000000000000,83.000000000000000,0.0000000000000000
101.00000000000000,83.000000000000000,0.0000000000000000
102.00000000000000,83.000000000000000,0.0000000000000000
103.00000000000000,83.000000000000000,0.0000000000000000
104.00000000000000,83.000000000000000,0.0000000000000000
105.00000000000000,83.000000000000000,0.0000000000000000
106.00000000000000,83.000000000000000,0.0000000000000000
107.00000000000000,83.000000000000000,0.0000000000000000
108.00000000000000,83.000000000000000,0.0000000000000000
109.00000000000000,83.000000000000000,0.0000000000000000
110.00000000000000,83.000000000000000,0.0000000000000000
111.00000000000000,83.000000000000000,0.0000000000000000
112.00000000000000,83.000000000000000,0.0000000000000000
113.00000000000000,83.000000000000000,0.0000000000000000
1.0000000000000000,84.000000000000000,0.0000000000000000
2.0000000000000000,84.000000000000000,0.0000000000000000
3.0000000000000000,84.000000000000000,0.0000000000000000
4.0000000000000000,84.000000000000000,0.0000000000000000
5.0000000000000000,84.000000000000000,0.0000000000000000
6.0000000000000000,84.000000000000000,0.0000000000000000
7.0000000000000000,84.000000000000000,0.0000000000000000
8.0000000000000000,84.000000000000000,0.0000000000000000
9.0000000000000000,84.000000000000000,0.0000000000000000
10.000000000000000,84.000000000000000,0.0000000000000000
11.000000000000000,84.000000000000000,0.0000000000000000
12.000000000000000,84.000000000000000,0.0000000000000000
13.000000000000000,84.000000000000000,0.0000000000000000
14.000000000000000,84.000000000000000,0.0000000000000000
15.000000000000000,84.000000000000000,0.0000000000000000
16.000000000000000,84.000000000000000,0.0000000000000000
17.000000000000000,84.000000000000000,0.0000000000000000
18.000000000000000,84.000000000000000,0.0000000000000000
19.000000000000000,84.000000000000000,0.0000000000000000
20.000000000000000,84.000000000000000,0.0000000000000000
21.000000000000000,84.000000000000000,0.0000000000000000
22.000000000000000,84.000000000000000,0.0000000000000000
23.000000000000000,84.000000000000000,0.0000000000000000
24.000000000000000,84.000000000000000,0.0000000000000000
25.000000000000000,84.000000000000000,0.0000000000000000
26.000000000000000,84.000000000000000,0.0000000000000000
27.000000000000000,84.000000000000000,0.0000000000000000
28.000000000000000,84.000000000000000,0.0000000000000000
29.000000000000000,84.000000000000000,0.0000000000000000
30.000000000000000,84.000000000000000,0.0000000000000000
31.000000000000000,84.000000000000000,0.0000000000000000
32.000000000000000,84.000000000000000,0.0000000000000000
33.000000000000000,84.000000000000000,0.0000000000000000
34.000000000000000,84.000000000000000,0.0000000000000000
35.000000000000000,84.000000000000000,0.0000000000000000
36.000000000000000,84.000000000000000,0.0000000000000000
37.000000000000000,84.000000000000000,0.0000000000000000
38.000000000000000,84.000000000000000,0.0000000000000000
39.000000000000000,84.000000000000000,0.0000000000000000
40.000000000000000,84.000000000000000,0.0000000000000000
41.000000000000000,84.000000000000000,0.0000000000000000
42.000000000000000,84.000000000000000,0.0000000000000000
43.000000000000000,84.000000000000000,0.0000000000000000
44.000000000000000,84.000000000000000,0.0000000000000000
45.000000000000000,84.000000000000000,0.0000000000000000
46.000000000000000,84.000000000000000,0.0000000000000000
47.000000000000000,84.000000000000000,0.0000000000000000
48.000000000000000,84.000000000000000,0.0000000000000000
49.000000000000000,84.000000000000000,0.0000000000000000
50.000000000000000,84.000000000000000,0.0000000000000000
51.000000000000000,84.000000000000000,0.0000000000000000
52.000000000000000,84.000000000000000,0.0000000000000000
53.000000000000000,84.000000000000000,0.0000000000000000
54.000000000000000,84.000000000000000,0.0000000000000000
55.000000000000000,84.000000000000000,0.0000000000000000
56.000000000000000,84.000000000000000,0.0000000000000000
57.000000000000000,84.000000000000000,0.0000000000000000
58.000000000000000,84.000000000000000,0.0000000000000000
59.000000000000000,84.000000000000000,0.0000000000000000
60.000000000000000,84.000000000000000,0.0000000000000000
61.000000000000000,84.000000000000000,0.0000000000000000
62.000000000000000,84.000000000000000,0.0000000000000000
63.000000000000000,84.000000000000000,0.0000000000000000
64.000000000000000,84.000000000000000,0.0000000000000000
65.000000000000000,84.000000000000000,0.0000000000000000
66.000000000000000,84.000000000000000,0.0000000000000000
67.000000000000000,84.000000000000000,0.0000000000000000
68.000000000000000,84.000000000000000,0.0000000000000000
69.000000000000000,84.000000000000000,0.0000000000000000
70.000000000000000,84.000000000000000,0.0000000000000000
71.000000000000000,84.000000000000000,0.0000000000000000
72.000000000000000,84.000000000000000,0.0000000000000000
73.000000000000000,84.000000000000000,0.0000000000000000
74.000000000000000,84.000000000000000,0.0000000000000000
75.000000000000000,84.000000000000000,0.0000000000000000
76.000000000000000,84.000000000000000,0.0000000000000000
77.000000000000000,84.000000000000000,0.0000000000000000
78.000000000000000,84.000000000000000,0.0000000000000000
79.000000000000000,84.000000000000000,0.0000000000000000
80.000000000000000,84.000000000000000,0.0000000000000000
81.000000000000000,84.000000000000000,0.0000000000000000
82.000000000000000,84.000000000000000,0.0000000000000000
83.000000000000000,84.000000000000000,0.0000000000000000
84.000000000000000,84.000000000000000,0.0000000000000000
85.000000000000000,84.000000000000000,0.0000000000000000
86.000000000000000,84.000000000000000,0.0000000000000000
87.000000000000000,84.000000000000000,0.0000000000000000
88.000000000000000,84.000000000000000,0.0000000000000000
89.000000000000000,84.000000000000000,0.0000000000000000
90.000000000000000,84.000000000000000,3.5000000000000000
91.000000000000000,84.000000000000000,3.5000000000000000
92.000000000000000,84.000000000000000,3.5000000000000000
93.000000000000000,84.000000000000000,0.0000000000000000
94.000000000000000,84.000000000000000,0.0000000000000000
95.000000000000000,84.000000000000000,0.0000000000000000
96.000000000000000,84.000000000000000,0.0000000000000000
97.000000000000000,84.000000000000000,0.0000000000000000
98.000000000000000,84.000000000000000,0.0000000000000000
99.000000000000000,84.000000000000000,0.0000000000000000
100.00000000000000,84.000000000000000,0.0000000000000000
101.00000000000000,84.000000000000000,0.0000000000000000
102.00000000000000,84.000000000000000,0.0000000000000000
103.00000000000000,84.000000000000000,0.0000000000000000
104.00000000000000,84.000000000000000,0.0000000000000000
105.00000000000000,84.000000000000000,0.0000000000000000
106.00000000000000,84.000000000000000,0.0000000000000000
107.00000000000000,84.000000000000000,0.0000000000000000
108.00000000000000,84.000000000000000,0.0000000000000000
109.00000000000000,84.000000000000000,0.0000000000000000
110.00000000000000,84.000000000000000,0.0000000000000000
111.00000000000000,84.000000000000000,0.0000000000000000
112.00000000000000,84.000000000000000,0.0000000000000000
113.00000000000000,84.000000000000000,0.0000000000000000
1.0000000000000000,85.000000000000000,0.0000000000000000
2.0000000000000000,85.000000000000000,0.0000000000000000
3.0000000000000000,85.000000000000000,0.0000000000000000
4.0000000000000000,85.000000000000000,0.0000000000000000
5.0000000000000000,85.000000000000000,0.0000000000000000
6.0000000000000000,85.000000000000000,0.0000000000000000
7.0000000000000000,85.000000000000000,0.0000000000000000
8.0000000000000000,85.000000000000000,0.0000000000000000
9.0000000000000000,85.000000000000000,0.0000000000000000
10.000000000000000,85.000000000000000,0.0000000000000000
11.000000000000000,85.000000000000000,0.0000000000000000
12.000000000000000,85.000000000000000,0.0000000000000000
13.000000000000000,85.000000000000000,0.0000000000000000
14.000000000000000,85.000000000000000,0.0000000000000000
15.000000000000000,85.000000000000000,0.0000000000000000
16.000000000000000,85.000000000000000,0.0000000000000000
17.000000000000000,85.000000000000000,0.0000000000000000
18.000000000000000,85.000000000000000,0.0000000000000000
19.000000000000000,85.000000000000000,0.0000000000000000
20.000000000000000,85.000000000000000,0.0000000000000000
21.000000000000000,85.000000000000000,0.0000000000000000
22.000000000000000,85.000000000000000,0.0000000000000000
23.000000000000000,85.000000000000000,0.0000000000000000
24.000000000000000,85.000000000000000,0.0000000000000000
25.000000000000000,85.000000000000000,0.0000000000000000
26.000000000000000,85.000000000000000,0.0000000000000000
27.000000000000000,85.000000000000000,0.0000000000000000
28.000000000000000,85.000000000000000,0.0000000000000000
29.000000000000000,85.000000000000000,0.0000000000000000
30.000000000000000,85.000000000000000,0.0000000000000000
31.000000000000000,85.000000000000000,0.0000000000000000
32.000000000000000,85.000000000000000,0.0000000000000000
33.000000000000000,85.000000000000000,0.0000000000000000
34.000000000000000,85.000000000000000,0.0000000000000000
35.000000000000000,85.000000000000000,0.0000000000000000
36.000000000000000,85.000000000000000,0.0000000000000000
37.000000000000000,85.000000000000000,0.0000000000000000
38.000000000000000,85.000000000000000,0.0000000000000000
39.000000000000000,85.000000000000000,0.0000000000000000
40.000000000000000,85.000000000000000,0.0000000000000000
41.000000000000000,85.000000000000000,0.0000000000000000
42.000000000000000,85.000000000000000,0.0000000000000000
43.000000000000000,85.000000000000000,0.0000000000000000
44.000000000000000,85.000000000000000,0.0000000000000000
45.000000000000000,85.000000000000000,0.0000000000000000
46.000000000000000,85.000000000000000,0.0000000000000000
47.000000000000000,85.000000000000000,0.0000000000000000
48.000000000000000,85.000000000000000,0.0000000000000000
49.000000000000000,85.000000000000000,0.0000000000000000
50.000000000000000,85.000000000000000,0.0000000000000000
51.000000000000000,85.000000000000000,0.0000000000000000
52.000000000000000,85.000000000000000,0.0000000000000000
53.000000000000000,85.000000000000000,0.0000000000000000
54.000000000000000,85.000000000000000,0.0000000000000000
55.000000000000000,85.000000000000000,0.0000000000000000
56.000000000000000,85.000000000000000,0.0000000000000000
57.000000000000000,85.000000000000000,0.0000000000000000
58.000000000000000,85.000000000000000,0.0000000000000000
59.000000000000000,85.000000000000000,0.0000000000000000
60.000000000000000,85.000000000000000,0.0000000000000000
61.000000000000000,85.000000000000000,0.0000000000000000
62.000000000000000,85.000000000000000,0.0000000000000000
63.000000000000000,85.000000000000000,0.0000000000000000
64.000000000000000,85.000000000000000,0.0000000000000000
65.000000000000000,85.000000000000000,0.0000000000000000
66.000000000000000,85.000000000000000,0.0000000000000000
67.000000000000000,85.000000000000000,0.0000000000000000
68.000000000000000,85.000000000000000,0.0000000000000000
69.000000000000000,85.000000000000000,0.0000000000000000
70.000000000000000,85.000000000000000,0.0000000000000000
71.000000000000000,85.000000000000000,0.0000000000000000
72.000000000000000,85.000000000000000,0.0000000000000000
73.000000000000000,85.000000000000000,0.0000000000000000
74.000000000000000,85.000000000000000,0.0000000000000000
75.000000000000000,85.000000000000000,0.0000000000000000
76.000000000000000,85.000000000000000,0.0000000000000000
77.000000000000000,85.000000000000000,0.0000000000000000
78.000000000000000,85.000000000000000,0.0000000000000000
79.000000000000000,85.000000000000000,0.0000000000000000
80.000000000000000,85.000000000000000,0.0000000000000000
81.000000000000000,85.000000000000000,0.0000000000000000
82.000000000000000,85.000000000000000,0.0000000000000000
83.000000000000000,85.000000000000000,0.0000000000000000
84.000000000000000,85.000000000000000,0.0000000000000000
85.000000000000000,85.000000000000000,0.0000000000000000
86.000000000000000,85.000000000000000,0.0000000000000000
87.000000000000000,85.000000000000000,0.0000000000000000
88.000000000000000,85.000000000000000,0.0000000000000000
89.000000000000000,85.000000000000000,0.0000000000000000
90.000000000000000,85.000000000000000,3.5000000000000000
91.000000000000000,85.000000000000000,3.5000000000000000
92.000000000000000,85.000000000000000,0.0000000000000000
93.000000000000000,85.000000000000000,0.0000000000000000
94.000000000000000,85.000000000000000,0.0000000000000000
95.000000000000000,85.000000000000000,0.0000000000000000
96.000000000000000,85.000000000000000,0.0000000000000000
97.000000000000000,85.000000000000000,0.0000000000000000
98.000000000000000,85.000000000000000,0.0000000000000000
99.000000000000000,85.000000000000000,0.0000000000000000
100.00000000000000,85.000000000000000,0.0000000000000000
101.00000000000000,85.000000000000000,0.0000000000000000
102.00000000000000,85.000000000000000,0.0000000000000000
103.00000000000000,85.000000000000000,0.0000000000000000
104.00000000000000,85.000000000000000,0.0000000000000000
105.00000000000000,85.000000000000000,0.0000000000000000
106.00000000000000,85.000000000000000,0.0000000000000000
107.00000000000000,85.000000000000000,0.0000000000000000
108.00000000000000,85.000000000000000,0.0000000000000000
109.00000000000000,85.000000000000000,0.0000000000000000
110.00000000000000,85.000000000000000,0.0000000000000000
111.00000000000000,85.000000000000000,0.0000000000000000
112.00000000000000,85.000000000000000,0.0000000000000000
113.00000000000000,85.000000000000000,0.0000000000000000
1.0000000000000000,86.000000000000000,0.0000000000000000
2.0000000000000000,86.000000000000000,7.6999998092651367
3.0000000000000000,86.000000000000000,0.0000000000000000
4.0000000000000000,86.000000000000000,0.0000000000000000
5.0000000000000000,86.000000000000000,0.0000000000000000
6.0000000000000000,86.000000000000000,0.0000000000000000
7.0000000000000000,86.000000000000000,0.0000000000000000
8.0000000000000000,86.000000000000000,0.0000000000000000
9.0000000000000000,86.000000000000000,0.0000000000000000
10.000000000000000,86.000000000000000,0.0000000000000000
11.000000000000000,86.000000000000000,0.0000000000000000
12.000000000000000,86.000000000000000,0.0000000000000000
13.000000000000000,86.000000000000000,0.0000000000000000
14.000000000000000,86.000000000000000,0.0000000000000000
15.000000000000000,86.000000000000000,0.0000000000000000
16.000000000000000,86.000000000000000,0.0000000000000000
17.000000000000000,86.000000000000000,0.0000000000000000
18.000000000000000,86.000000000000000,0.0000000000000000
19.000000000000000,86.000000000000000,0.0000000000000000
20.000000000000000,86.000000000000000,0.0000000000000000
21.000000000000000,86.000000000000000,0.0000000000000000
22.000000000000000,86.000000000000000,0.0000000000000000
23.000000000000000,86.000000000000000,0.0000000000000000
24.000000000000000,86.000000000000000,0.0000000000000000
25.000000000000000,86.000000000000000,0.0000000000000000
26.000000000000000,86.000000000000000,0.0000000000000000
27.000000000000000,86.000000000000000,0.0000000000000000
28.000000000000000,86.000000000000000,0.0000000000000000
29.000000000000000,86.000000000000000,0.0000000000000000
30.000000000000000,86.000000000000000,0.0000000000000000
31.000000000000000,86.000000000000000,0.0000000000000000
32.000000000000000,86.000000000000000,0.0000000000000000
33.000000000000000,86.000000000000000,0.0000000000000000
34.000000000000000,86.000000000000000,0.0000000000000000
35.000000000000000,86.000000000000000,0.0000000000000000
36.000000000000000,86.000000000000000,0.0000000000000000
37.000000000000000,86.000000000000000,0.0000000000000000
38.000000000000000,86.000000000000000,0.0000000000000000
39.000000000000000,86.000000000000000,0.0000000000000000
40.000000000000000,86.000000000000000,0.0000000000000000
41.000000000000000,86.000000000000000,0.0000000000000000
42.000000000000000,86.000000000000000,0.0000000000000000
43.000000000000000,86.000000000000000,0.0000000000000000
44.000000000000000,86.000000000000000,0.0000000000000000
45.000000000000000,86.000000000000000,0.0000000000000000
46.000000000000000,86.000000000000000,0.0000000000000000
47.000000000000000,86.000000000000000,0.0000000000000000
48.000000000000000,86.000000000000000,0.0000000000000000
49.000000000000000,86.000000000000000,0.0000000000000000
50.000000000000000,86.000000000000000,0.0000000000000000
51.000000000000000,86.000000000000000,0.0000000000000000
52.000000000000000,86.000000000000000,0.0000000000000000
53.000000000000000,86.000000000000000,0.0000000000000000
54.000000000000000,86.000000000000000,0.0000000000000000
55.000000000000000,86.000000000000000,0.0000000000000000
56.000000000000000,86.000000000000000,0.0000000000000000
57.000000000000000,86.000000000000000,0.0000000000000000
58.000000000000000,86.000000000000000,0.0000000000000000
59.000000000000000,86.000000000000000,0.0000000000000000
60.000000000000000,86.000000000000000,0.0000000000000000
61.000000000000000,86.000000000000000,0.0000000000000000
62.000000000000000,86.000000000000000,0.0000000000000000
63.000000000000000,86.000000000000000,0.0000000000000000
64.000000000000000,86.000000000000000,0.0000000000000000
65.000000000000000,86.000000000000000,0.0000000000000000
66.000000000000000,86.000000000000000,0.0000000000000000
67.000000000000000,86.000000000000000,0.0000000000000000
68.000000000000000,86.000000000000000,0.0000000000000000
69.000000000000000,86.000000000000000,0.0000000000000000
70.000000000000000,86.000000000000000,0.0000000000000000
71.000000000000000,86.000000000000000,0.0000000000000000
72.000000000000000,86.000000000000000,0.0000000000000000
73.000000000000000,86.000000000000000,0.0000000000000000
74.000000000000000,86.000000000000000,0.0000000000000000
75.000000000000000,86.000000000000000,0.0000000000000000
76.000000000000000,86.000000000000000,0.0000000000000000
77.000000000000000,86.000000000000000,0.0000000000000000
78.000000000000000,86.000000000000000,0.0000000000000000
79.000000000000000,86.000000000000000,0.0000000000000000
80.000000000000000,86.000000000000000,0.0000000000000000
81.000000000000000,86.000000000000000,0.0000000000000000
82.000000000000000,86.000000000000000,0.0000000000000000
83.000000000000000,86.000000000000000,0.0000000000000000
84.000000000000000,86.000000000000000,0.0000000000000000
85.000000000000000,86.000000000000000,0.0000000000000000
86.000000000000000,86.000000000000000,0.0000000000000000
87.000000000000000,86.000000000000000,0.0000000000000000
88.000000000000000,86.000000000000000,0.0000000000000000
89.000000000000000,86.000000000000000,0.0000000000000000
90.000000000000000,86.000000000000000,4.0000000000000000
91.000000000000000,86.000000000000000,0.0000000000000000
92.000000000000000,86.000000000000000,0.0000000000000000
93.000000000000000,86.000000000000000,0.0000000000000000
94.000000000000000,86.000000000000000,0.0000000000000000
95.000000000000000,86.000000000000000,0.0000000000000000
96.000000000000000,86.000000000000000,0.0000000000000000
97.000000000000000,86.000000000000000,0.0000000000000000
98.000000000000000,86.000000000000000,0.0000000000000000
99.000000000000000,86.000000000000000,0.0000000000000000
100.00000000000000,86.000000000000000,0.0000000000000000
101.00000000000000,86.000000000000000,0.0000000000000000
102.00000000000000,86.000000000000000,0.0000000000000000
103.00000000000000,86.000000000000000,0.0000000000000000
104.00000000000000,86.000000000000000,0.0000000000000000
105.00000000000000,86.000000000000000,0.0000000000000000
106.00000000000000,86.000000000000000,0.0000000000000000
107.00000000000000,86.000000000000000,0.0000000000000000
108.00000000000000,86.000000000000000,0.0000000000000000
109.00000000000000,86.000000000000000,0.0000000000000000
110.00000000000000,86.000000000000000,0.0000000000000000
111.00000000000000,86.000000000000000,0.0000000000000000
112.00000000000000,86.000000000000000,0.0000000000000000
113.00000000000000,86.000000000000000,0.0000000000000000
1.0000000000000000,87.000000000000000,0.0000000000000000
2.0000000000000000,87.000000000000000,7.6999998092651367
3.0000000000000000,87.000000000000000,0.0000000000000000
4.0000000000000000,87.000000000000000,0.0000000000000000
5.0000000000000000,87.000000000000000,0.0000000000000000
6.0000000000000000,87.000000000000000,0.0000000000000000
7.0000000000000000,87.000000000000000,0.0000000000000000
8.0000000000000000,87.000000000000000,0.0000000000000000
9.0000000000000000,87.000000000000000,0.0000000000000000
10.000000000000000,87.000000000000000,0.0000000000000000
11.000000000000000,87.000000000000000,0.0000000000000000
12.000000000000000,87.000000000000000,0.0000000000000000
13.000000000000000,87.000000000000000,0.0000000000000000
14.000000000000000,87.000000000000000,0.0000000000000000
15.000000000000000,87.000000000000000,0.0000000000000000
16.000000000000000,87.000000000000000,0.0000000000000000
17.000000000000000,87.000000000000000,0.0000000000000000
18.000000000000000,87.000000000000000,0.0000000000000000
19.000000000000000,87.000000000000000,0.0000000000000000
20.000000000000000,87.000000000000000,0.0000000000000000
21.000000000000000,87.000000000000000,0.0000000000000000
22.000000000000000,87.000000000000000,0.0000000000000000
23.000000000000000,87.000000000000000,0.0000000000000000
24.000000000000000,87.000000000000000,0.0000000000000000
25.000000000000000,87.000000000000000,0.0000000000000000
26.000000000000000,87.000000000000000,0.0000000000000000
27.000000000000000,87.000000000000000,0.0000000000000000
28.000000000000000,87.000000000000000,0.0000000000000000
29.000000000000000,87.000000000000000,0.0000000000000000
30.000000000000000,87.000000000000000,0.0000000000000000
31.000000000000000,87.000000000000000,0.0000000000000000
32.000000000000000,87.000000000000000,0.0000000000000000
33.000000000000000,87.000000000000000,0.0000000000000000
34.000000000000000,87.000000000000000,0.0000000000000000
35.000000000000000,87.000000000000000,0.0000000000000000
36.000000000000000,87.000000000000000,0.0000000000000000
37.000000000000000,87.000000000000000,0.0000000000000000
38.000000000000000,87.000000000000000,0.0000000000000000
39.000000000000000,87.000000000000000,0.0000000000000000
40.000000000000000,87.000000000000000,0.0000000000000000
41.000000000000000,87.000000000000000,0.0000000000000000
42.000000000000000,87.000000000000000,0.0000000000000000
43.000000000000000,87.000000000000000,0.0000000000000000
44.000000000000000,87.000000000000000,0.0000000000000000
45.000000000000000,87.000000000000000,0.0000000000000000
46.000000000000000,87.000000000000000,0.0000000000000000
47.000000000000000,87.000000000000000,0.0000000000000000
48.000000000000000,87.000000000000000,0.0000000000000000
49.000000000000000,87.000000000000000,0.0000000000000000
50.000000000000000,87.000000000000000,0.0000000000000000
51.000000000000000,87.000000000000000,0.0000000000000000
52.000000000000000,87.000000000000000,0.0000000000000000
53.000000000000000,87.000000000000000,0.0000000000000000
54.000000000000000,87.000000000000000,0.0000000000000000
55.000000000000000,87.000000000000000,0.0000000000000000
56.000000000000000,87.000000000000000,0.0000000000000000
57.000000000000000,87.000000000000000,0.0000000000000000
58.000000000000000,87.000000000000000,0.0000000000000000
59.000000000000000,87.000000000000000,0.0000000000000000
60.000000000000000,87.000000000000000,0.0000000000000000
61.000000000000000,87.000000000000000,0.0000000000000000
62.000000000000000,87.000000000000000,0.0000000000000000
63.000000000000000,87.000000000000000,0.0000000000000000
64.000000000000000,87.000000000000000,0.0000000000000000
65.000000000000000,87.000000000000000,0.0000000000000000
66.000000000000000,87.000000000000000,0.0000000000000000
67.000000000000000,87.000000000000000,0.0000000000000000
68.000000000000000,87.000000000000000,0.0000000000000000
69.000000000000000,87.000000000000000,0.0000000000000000
70.000000000000000,87.000000000000000,0.0000000000000000
71.000000000000000,87.000000000000000,0.0000000000000000
72.000000000000000,87.000000000000000,0.0000000000000000
73.000000000000000,87.000000000000000,0.0000000000000000
74.000000000000000,87.000000000000000,0.0000000000000000
75.000000000000000,87.000000000000000,0.0000000000000000
76.000000000000000,87.000000000000000,0.0000000000000000
77.000000000000000,87.000000000000000,0.0000000000000000
78.000000000000000,87.000000000000000,0.0000000000000000
79.000000000000000,87.000000000000000,0.0000000000000000
80.000000000000000,87.000000000000000,0.0000000000000000
81.000000000000000,87.000000000000000,0.0000000000000000
82.000000000000000,87.000000000000000,0.0000000000000000
83.000000000000000,87.000000000000000,0.0000000000000000
84.000000000000000,87.000000000000000,0.0000000000000000
85.000000000000000,87.000000000000000,0.0000000000000000
86.000000000000000,87.000000000000000,0.0000000000000000
87.000000000000000,87.000000000000000,0.0000000000000000
88.000000000000000,87.000000000000000,0.0000000000000000
89.000000000000000,87.000000000000000,0.0000000000000000
90.000000000000000,87.000000000000000,4.0000000000000000
91.000000000000000,87.000000000000000,0.0000000000000000
92.000000000000000,87.000000000000000,0.0000000000000000
93.000000000000000,87.000000000000000,0.0000000000000000
94.000000000000000,87.000000000000000,0.0000000000000000
95.000000000000000,87.000000000000000,0.0000000000000000
96.000000000000000,87.000000000000000,0.0000000000000000
97.000000000000000,87.000000000000000,0.0000000000000000
98.000000000000000,87.000000000000000,0.0000000000000000
99.000000000000000,87.000000000000000,0.0000000000000000
100.00000000000000,87.000000000000000,0.0000000000000000
101.00000000000000,87.000000000000000,0.0000000000000000
102.00000000000000,87.000000000000000,0.0000000000000000
103.00000000000000,87.000000000000000,0.0000000000000000
104.00000000000000,87.000000000000000,0.0000000000000000
105.00000000000000,87.000000000000000,0.0000000000000000
106.00000000000000,87.000000000000000,0.0000000000000000
107.00000000000000,87.000000000000000,0.0000000000000000
108.00000000000000,87.000000000000000,0.0000000000000000
109.00000000000000,87.000000000000000,0.0000000000000000
110.00000000000000,87.000000000000000,0.0000000000000000
111.00000000000000,87.000000000000000,0.0000000000000000
112.00000000000000,87.000000000000000,0.0000000000000000
113.00000000000000,87.000000000000000,0.0000000000000000
1.0000000000000000,88.000000000000000,0.0000000000000000
2.0000000000000000,88.000000000000000,0.0000000000000000
3.0000000000000000,88.000000000000000,0.0000000000000000
4.0000000000000000,88.000000000000000,0.0000000000000000
5.0000000000000000,88.000000000000000,0.0000000000000000
6.0000000000000000,88.000000000000000,0.0000000000000000
7.0000000000000000,88.000000000000000,0.0000000000000000
8.0000000000000000,88.000000000000000,0.0000000000000000
9.0000000000000000,88.000000000000000,0.0000000000000000
10.000000000000000,88.000000000000000,0.0000000000000000
11.000000000000000,88.000000000000000,0.0000000000000000
12.000000000000000,88.000000000000000,0.0000000000000000
13.000000000000000,88.000000000000000,0.0000000000000000
14.000000000000000,88.000000000000000,0.0000000000000000
15.000000000000000,88.000000000000000,0.0000000000000000
16.000000000000000,88.000000000000000,0.0000000000000000
17.000000000000000,88.000000000000000,0.0000000000000000
18.000000000000000,88.000000000000000,0.0000000000000000
19.000000000000000,88.000000000000000,0.0000000000000000
20.000000000000000,88.000000000000000,0.0000000000000000
21.000000000000000,88.000000000000000,0.0000000000000000
22.000000000000000,88.000000000000000,0.0000000000000000
23.000000000000000,88.000000000000000,0.0000000000000000
24.000000000000000,88.000000000000000,0.0000000000000000
25.000000000000000,88.000000000000000,0.0000000000000000
26.000000000000000,88.000000000000000,0.0000000000000000
27.000000000000000,88.000000000000000,0.0000000000000000
28.000000000000000,88.000000000000000,0.0000000000000000
29.000000000000000,88.000000000000000,0.0000000000000000
30.000000000000000,88.000000000000000,0.0000000000000000
31.000000000000000,88.000000000000000,0.0000000000000000
32.000000000000000,88.000000000000000,0.0000000000000000
33.000000000000000,88.000000000000000,0.0000000000000000
34.000000000000000,88.000000000000000,0.0000000000000000
35.000000000000000,88.000000000000000,0.0000000000000000
36.000000000000000,88.000000000000000,0.0000000000000000
37.000000000000000,88.000000000000000,0.0000000000000000
38.000000000000000,88.000000000000000,0.0000000000000000
39.000000000000000,88.000000000000000,0.0000000000000000
40.000000000000000,88.000000000000000,0.0000000000000000
41.000000000000000,88.000000000000000,0.0000000000000000
42.000000000000000,88.000000000000000,0.0000000000000000
43.000000000000000,88.000000000000000,0.0000000000000000
44.000000000000000,88.000000000000000,0.0000000000000000
45.000000000000000,88.000000000000000,0.0000000000000000
46.000000000000000,88.000000000000000,0.0000000000000000
47.000000000000000,88.000000000000000,0.0000000000000000
48.000000000000000,88.000000000000000,0.0000000000000000
49.000000000000000,88.000000000000000,0.0000000000000000
50.000000000000000,88.000000000000000,0.0000000000000000
51.000000000000000,88.000000000000000,0.0000000000000000
52.000000000000000,88.000000000000000,0.0000000000000000
53.000000000000000,88.000000000000000,0.0000000000000000
54.000000000000000,88.000000000000000,0.0000000000000000
55.000000000000000,88.000000000000000,0.0000000000000000
56.000000000000000,88.000000000000000,0.0000000000000000
57.000000000000000,88.000000000000000,0.0000000000000000
58.000000000000000,88.000000000000000,0.0000000000000000
59.000000000000000,88.000000000000000,0.0000000000000000
60.000000000000000,88.000000000000000,0.0000000000000000
61.000000000000000,88.000000000000000,0.0000000000000000
62.000000000000000,88.000000000000000,0.0000000000000000
63.000000000000000,88.000000000000000,0.0000000000000000
64.000000000000000,88.000000000000000,0.0000000000000000
65.000000000000000,88.000000000000000,0.0000000000000000
66.000000000000000,88.000000000000000,0.0000000000000000
67.000000000000000,88.000000000000000,0.0000000000000000
68.000000000000000,88.000000000000000,0.0000000000000000
69.000000000000000,88.000000000000000,0.0000000000000000
70.000000000000000,88.000000000000000,0.0000000000000000
71.000000000000000,88.000000000000000,0.0000000000000000
72.000000000000000,88.000000000000000,0.0000000000000000
73.000000000000000,88.000000000000000,0.0000000000000000
74.000000000000000,88.000000000000000,0.0000000000000000
75.000000000000000,88.000000000000000,0.0000000000000000
76.000000000000000,88.000000000000000,0.0000000000000000
77.000000000000000,88.000000000000000,0.0000000000000000
78.000000000000000,88.000000000000000,0.0000000000000000
79.000000000000000,88.000000000000000,0.0000000000000000
80.000000000000000,88.000000000000000,0.0000000000000000
81.000000000000000,88.000000000000000,0.0000000000000000
82.000000000000000,88.000000000000000,0.0000000000000000
83.000000000000000,88.000000000000000,0.0000000000000000
84.000000000000000,88.000000000000000,0.0000000000000000
85.000000000000000,88.000000000000000,0.0000000000000000
86.000000000000000,88.000000000000000,0.0000000000000000
87.000000000000000,88.000000000000000,0.0000000000000000
88.000000000000000,88.000000000000000,0.0000000000000000
89.000000000000000,88.000000000000000,0.0000000000000000
90.000000000000000,88.000000000000000,4.0000000000000000
91.000000000000000,88.000000000000000,0.0000000000000000
92.000000000000000,88.000000000000000,0.0000000000000000
93.000000000000000,88.000000000000000,0.0000000000000000
94.000000000000000,88.000000000000000,0.0000000000000000
95.000000000000000,88.000000000000000,0.0000000000000000
96.000000000000000,88.000000000000000,0.0000000000000000
97.000000000000000,88.000000000000000,0.0000000000000000
98.000000000000000,88.000000000000000,0.0000000000000000
99.000000000000000,88.000000000000000,0.0000000000000000
100.00000000000000,88.000000000000000,0.0000000000000000
101.00000000000000,88.000000000000000,0.0000000000000000
102.00000000000000,88.000000000000000,0.0000000000000000
103.00000000000000,88.000000000000000,0.0000000000000000
104.00000000000000,88.000000000000000,0.0000000000000000
105.00000000000000,88.000000000000000,0.0000000000000000
106.00000000000000,88.000000000000000,0.0000000000000000
107.00000000000000,88.000000000000000,0.0000000000000000
108.00000000000000,88.000000000000000,0.0000000000000000
109.00000000000000,88.000000000000000,0.0000000000000000
110.00000000000000,88.000000000000000,0.0000000000000000
111.00000000000000,88.000000000000000,0.0000000000000000
112.00000000000000,88.000000000000000,0.0000000000000000
113.00000000000000,88.000000000000000,0.0000000000000000
1.0000000000000000,89.000000000000000,0.0000000000000000
2.0000000000000000,89.000000000000000,0.0000000000000000
3.0000000000000000,89.000000000000000,0.0000000000000000
4.0000000000000000,89.000000000000000,8.6000003814697266
5.0000000000000000,89.000000000000000,8.6000003814697266
6.0000000000000000,89.000000000000000,0.0000000000000000
7.0000000000000000,89.000000000000000,0.0000000000000000
8.0000000000000000,89.000000000000000,0.0000000000000000
9.0000000000000000,89.000000000000000,0.0000000000000000
10.000000000000000,89.000000000000000,0.0000000000000000
11.000000000000000,89.000000000000000,0.0000000000000000
12.000000000000000,89.000000000000000,0.0000000000000000
13.000000000000000,89.000000000000000,0.0000000000000000
14.000000000000000,89.000000000000000,0.0000000000000000
15.000000000000000,89.000000000000000,0.0000000000000000
16.000000000000000,89.000000000000000,0.0000000000000000
17.000000000000000,89.000000000000000,0.0000000000000000
18.000000000000000,89.000000000000000,0.0000000000000000
19.000000000000000,89.000000000000000,0.0000000000000000
20.000000000000000,89.000000000000000,0.0000000000000000
21.000000000000000,89.000000000000000,0.0000000000000000
22.000000000000000,89.000000000000000,0.0000000000000000
23.000000000000000,89.000000000000000,0.0000000000000000
24.000000000000000,89.000000000000000,0.0000000000000000
25.000000000000000,89.000000000000000,0.0000000000000000
26.000000000000000,89.000000000000000,0.0000000000000000
27.000000000000000,89.000000000000000,0.0000000000000000
28.000000000000000,89.000000000000000,0.0000000000000000
29.000000000000000,89.000000000000000,0.0000000000000000
30.000000000000000,89.000000000000000,0.0000000000000000
31.000000000000000,89.000000000000000,0.0000000000000000
32.000000000000000,89.000000000000000,0.0000000000000000
33.000000000000000,89.000000000000000,0.0000000000000000
34.000000000000000,89.000000000000000,0.0000000000000000
35.000000000000000,89.000000000000000,0.0000000000000000
36.000000000000000,89.000000000000000,0.0000000000000000
37.000000000000000,89.000000000000000,0.0000000000000000
38.000000000000000,89.000000000000000,0.0000000000000000
39.000000000000000,89.000000000000000,0.0000000000000000
40.000000000000000,89.000000000000000,0.0000000000000000
41.000000000000000,89.000000000000000,0.0000000000000000
42.000000000000000,89.000000000000000,0.0000000000000000
43.000000000000000,89.000000000000000,0.0000000000000000
44.000000000000000,89.000000000000000,0.0000000000000000
45.000000000000000,89.000000000000000,0.0000000000000000
46.000000000000000,89.000000000000000,0.0000000000000000
47.000000000000000,89.000000000000000,0.0000000000000000
48.000000000000000,89.000000000000000,0.0000000000000000
49.000000000000000,89.000000000000000,0.0000000000000000
50.000000000000000,89.000000000000000,0.0000000000000000
51.000000000000000,89.000000000000000,0.0000000000000000
52.000000000000000,89.000000000000000,0.0000000000000000
53.000000000000000,89.000000000000000,0.0000000000000000
54.000000000000000,89.000000000000000,0.0000000000000000
55.000000000000000,89.000000000000000,0.0000000000000000
56.000000000000000,89.000000000000000,0.0000000000000000
57.000000000000000,89.000000000000000,0.0000000000000000
58.000000000000000,89.000000000000000,0.0000000000000000
59.000000000000000,89.000000000000000,0.0000000000000000
60.000000000000000,89.000000000000000,0.0000000000000000
61.000000000000000,89.000000000000000,0.0000000000000000
62.000000000000000,89.000000000000000,0.0000000000000000
63.000000000000000,89.000000000000000,0.0000000000000000
64.000000000000000,89.000000000000000,0.0000000000000000
65.000000000000000,89.000000000000000,0.0000000000000000
66.000000000000000,89.000000000000000,0.0000000000000000
67.000000000000000,89.000000000000000,0.0000000000000000
68.000000000000000,89.000000000000000,0.0000000000000000
69.000000000000000,89.000000000000000,0.0000000000000000
70.000000000000000,89.000000000000000,0.0000000000000000
71.000000000000000,89.000000000000000,0.0000000000000000
72.000000000000000,89.000000000000000,0.0000000000000000
73.000000000000000,89.000000000000000,0.0000000000000000
74.000000000000000,89.000000000000000,0.0000000000000000
75.000000000000000,89.000000000000000,0.0000000000000000
76.000000000000000,89.000000000000000,0.0000000000000000
77.000000000000000,89.000000000000000,0.0000000000000000
78.000000000000000,89.000000000000000,0.0000000000000000
79.000000000000000,89.000000000000000,0.0000000000000000
80.000000000000000,89.000000000000000,0.0000000000000000
81.000000000000000,89.000000000000000,0.0000000000000000
82.000000000000000,89.000000000000000,0.0000000000000000
83.000000000000000,89.000000000000000,0.0000000000000000
84.000000000000000,89.000000000000000,0.0000000000000000
85.000000000000000,89.000000000000000,0.0000000000000000
86.000000000000000,89.000000000000000,0.0000000000000000
87.000000000000000,89.000000000000000,0.0000000000000000
88.000000000000000,89.000000000000000,0.0000000000000000
89.000000000000000,89.000000000000000,0.0000000000000000
90.000000000000000,89.000000000000000,4.1999998092651367
91.000000000000000,89.000000000000000,0.0000000000000000
92.000000000000000,89.000000000000000,0.0000000000000000
93.000000000000000,89.000000000000000,0.0000000000000000
94.000000000000000,89.000000000000000,0.0000000000000000
95.000000000000000,89.000000000000000,0.0000000000000000
96.000000000000000,89.000000000000000,0.0000000000000000
97.000000000000000,89.000000000000000,0.0000000000000000
98.000000000000000,89.000000000000000,0.0000000000000000
99.000000000000000,89.000000000000000,0.0000000000000000
100.00000000000000,89.000000000000000,0.0000000000000000
101.00000000000000,89.000000000000000,0.0000000000000000
102.00000000000000,89.000000000000000,0.0000000000000000
103.00000000000000,89.000000000000000,0.0000000000000000
104.00000000000000,89.000000000000000,0.0000000000000000
105.00000000000000,89.000000000000000,0.0000000000000000
106.00000000000000,89.000000000000000,0.0000000000000000
107.00000000000000,89.000000000000000,0.0000000000000000
108.00000000000000,89.000000000000000,0.0000000000000000
109.00000000000000,89.000000000000000,0.0000000000000000
110.00000000000000,89.000000000000000,0.0000000000000000
111.00000000000000,89.000000000000000,0.0000000000000000
112.00000000000000,89.000000000000000,0.0000000000000000
113.00000000000000,89.000000000000000,0.0000000000000000
1.0000000000000000,90.000000000000000,0.0000000000000000
2.0000000000000000,90.000000000000000,0.0000000000000000
3.0000000000000000,90.000000000000000,0.0000000000000000
4.0000000000000000,90.000000000000000,0.0000000000000000
5.0000000000000000,90.000000000000000,8.6000003814697266
6.0000000000000000,90.000000000000000,0.0000000000000000
7.0000000000000000,90.000000000000000,0.0000000000000000
8.0000000000000000,90.000000000000000,0.0000000000000000
9.0000000000000000,90.000000000000000,0.0000000000000000
10.000000000000000,90.000000000000000,0.0000000000000000
11.000000000000000,90.000000000000000,0.0000000000000000
12.000000000000000,90.000000000000000,0.0000000000000000
13.000000000000000,90.000000000000000,0.0000000000000000
14.000000000000000,90.000000000000000,0.0000000000000000
15.000000000000000,90.000000000000000,0.0000000000000000
16.000000000000000,90.000000000000000,0.0000000000000000
17.000000000000000,90.000000000000000,0.0000000000000000
18.000000000000000,90.000000000000000,0.0000000000000000
19.000000000000000,90.000000000000000,0.0000000000000000
20.000000000000000,90.000000000000000,0.0000000000000000
21.000000000000000,90.000000000000000,0.0000000000000000
22.000000000000000,90.000000000000000,0.0000000000000000
23.000000000000000,90.000000000000000,0.0000000000000000
24.000000000000000,90.000000000000000,0.0000000000000000
25.000000000000000,90.000000000000000,0.0000000000000000
26.000000000000000,90.000000000000000,0.0000000000000000
27.000000000000000,90.000000000000000,0.0000000000000000
28.000000000000000,90.000000000000000,0.0000000000000000
29.000000000000000,90.000000000000000,0.0000000000000000
30.000000000000000,90.000000000000000,0.0000000000000000
31.000000000000000,90.000000000000000,0.0000000000000000
32.000000000000000,90.000000000000000,0.0000000000000000
33.000000000000000,90.000000000000000,0.0000000000000000
34.000000000000000,90.000000000000000,0.0000000000000000
35.000000000000000,90.000000000000000,0.0000000000000000
36.000000000000000,90.000000000000000,0.0000000000000000
37.000000000000000,90.000000000000000,0.0000000000000000
38.000000000000000,90.000000000000000,0.0000000000000000
39.000000000000000,90.000000000000000,0.0000000000000000
40.000000000000000,90.000000000000000,0.0000000000000000
41.000000000000000,90.000000000000000,0.0000000000000000
42.000000000000000,90.000000000000000,0.0000000000000000
43.000000000000000,90.000000000000000,0.0000000000000000
44.000000000000000,90.000000000000000,0.0000000000000000
45.000000000000000,90.000000000000000,0.0000000000000000
46.000000000000000,90.000000000000000,0.0000000000000000
47.000000000000000,90.000000000000000,0.0000000000000000
48.000000000000000,90.000000000000000,0.0000000000000000
49.000000000000000,90.000000000000000,0.0000000000000000
50.000000000000000,90.000000000000000,0.0000000000000000
51.000000000000000,90.000000000000000,0.0000000000000000
52.000000000000000,90.000000000000000,0.0000000000000000
53.000000000000000,90.000000000000000,0.0000000000000000
54.000000000000000,90.000000000000000,0.0000000000000000
55.000000000000000,90.000000000000000,0.0000000000000000
56.000000000000000,90.000000000000000,0.0000000000000000
57.000000000000000,90.000000000000000,0.0000000000000000
58.000000000000000,90.000000000000000,0.0000000000000000
59.000000000000000,90.000000000000000,0.0000000000000000
60.000000000000000,90.000000000000000,0.0000000000000000
61.000000000000000,90.000000000000000,0.0000000000000000
62.000000000000000,90.000000000000000,0.0000000000000000
63.000000000000000,90.000000000000000,0.0000000000000000
64.000000000000000,90.000000000000000,0.0000000000000000
65.000000000000000,90.000000000000000,0.0000000000000000
66.000000000000000,90.000000000000000,0.0000000000000000
67.000000000000000,90.000000000000000,0.0000000000000000
68.000000000000000,90.000000000000000,0.0000000000000000
69.000000000000000,90.000000000000000,0.0000000000000000
70.000000000000000,90.000000000000000,0.0000000000000000
71.000000000000000,90.000000000000000,0.0000000000000000
72.000000000000000,90.000000000000000,0.0000000000000000
73.000000000000000,90.000000000000000,0.0000000000000000
74.000000000000000,90.000000000000000,0.0000000000000000
75.000000000000000,90.000000000000000,0.0000000000000000
76.000000000000000,90.000000000000000,0.0000000000000000
77.000000000000000,90.000000000000000,0.0000000000000000
78.000000000000000,90.000000000000000,0.0000000000000000
79.000000000000000,90.000000000000000,0.0000000000000000
80.000000000000000,90.000000000000000,0.0000000000000000
81.000000000000000,90.000000000000000,0.0000000000000000
82.000000000000000,90.000000000000000,0.0000000000000000
83.000000000000000,90.000000000000000,0.0000000000000000
84.000000000000000,90.000000000000000,0.0000000000000000
85.000000000000000,90.000000000000000,0.0000000000000000
86.000000000000000,90.000000000000000,0.0000000000000000
87.000000000000000,90.000000000000000,0.0000000000000000
88.000000000000000,90.000000000000000,0.0000000000000000
89.000000000000000,90.000000000000000,0.0000000000000000
90.000000000000000,90.000000000000000,4.1999998092651367
91.000000000000000,90.000000000000000,0.0000000000000000
92.000000000000000,90.000000000000000,0.0000000000000000
93.000000000000000,90.000000000000000,0.0000000000000000
94.000000000000000,90.000000000000000,0.0000000000000000
95.000000000000000,90.000000000000000,0.0000000000000000
96.000000000000000,90.000000000000000,0.0000000000000000
97.000000000000000,90.000000000000000,0.0000000000000000
98.000000000000000,90.000000000000000,0.0000000000000000
99.000000000000000,90.000000000000000,0.0000000000000000
100.00000000000000,90.000000000000000,0.0000000000000000
101.00000000000000,90.000000000000000,0.0000000000000000
102.00000000000000,90.000000000000000,0.0000000000000000
103.00000000000000,90.000000000000000,0.0000000000000000
104.00000000000000,90.000000000000000,0.0000000000000000
105.00000000000000,90.000000000000000,0.0000000000000000
106.00000000000000,90.000000000000000,0.0000000000000000
107.00000000000000,90.000000000000000,0.0000000000000000
108.00000000000000,90.000000000000000,0.0000000000000000
109.00000000000000,90.000000000000000,0.0000000000000000
110.00000000000000,90.000000000000000,0.0000000000000000
111.00000000000000,90.000000000000000,0.0000000000000000
112.00000000000000,90.000000000000000,0.0000000000000000
113.00000000000000,90.000000000000000,0.0000000000000000
1.0000000000000000,91.000000000000000,0.0000000000000000
2.0000000000000000,91.000000000000000,0.0000000000000000
3.0000000000000000,91.000000000000000,0.0000000000000000
4.0000000000000000,91.000000000000000,0.0000000000000000
5.0000000000000000,91.000000000000000,0.0000000000000000
6.0000000000000000,91.000000000000000,0.0000000000000000
7.0000000000000000,91.000000000000000,0.0000000000000000
8.0000000000000000,91.000000000000000,0.0000000000000000
9.0000000000000000,91.000000000000000,0.0000000000000000
10.000000000000000,91.000000000000000,0.0000000000000000
11.000000000000000,91.000000000000000,0.0000000000000000
12.000000000000000,91.000000000000000,0.0000000000000000
13.000000000000000,91.000000000000000,0.0000000000000000
14.000000000000000,91.000000000000000,0.0000000000000000
15.000000000000000,91.000000000000000,0.0000000000000000
16.000000000000000,91.000000000000000,0.0000000000000000
17.000000000000000,91.000000000000000,0.0000000000000000
18.000000000000000,91.000000000000000,0.0000000000000000
19.000000000000000,91.000000000000000,0.0000000000000000
20.000000000000000,91.000000000000000,0.0000000000000000
21.000000000000000,91.000000000000000,0.0000000000000000
22.000000000000000,91.000000000000000,0.0000000000000000
23.000000000000000,91.000000000000000,0.0000000000000000
24.000000000000000,91.000000000000000,0.0000000000000000
25.000000000000000,91.000000000000000,0.0000000000000000
26.000000000000000,91.000000000000000,0.0000000000000000
27.000000000000000,91.000000000000000,0.0000000000000000
28.000000000000000,91.000000000000000,0.0000000000000000
29.000000000000000,91.000000000000000,0.0000000000000000
30.000000000000000,91.000000000000000,0.0000000000000000
31.000000000000000,91.000000000000000,0.0000000000000000
32.000000000000000,91.000000000000000,0.0000000000000000
33.000000000000000,91.000000000000000,0.0000000000000000
34.000000000000000,91.000000000000000,0.0000000000000000
35.000000000000000,91.000000000000000,0.0000000000000000
36.000000000000000,91.000000000000000,0.0000000000000000
37.000000000000000,91.000000000000000,0.0000000000000000
38.000000000000000,91.000000000000000,0.0000000000000000
39.000000000000000,91.000000000000000,0.0000000000000000
40.000000000000000,91.000000000000000,0.0000000000000000
41.000000000000000,91.000000000000000,0.0000000000000000
42.000000000000000,91.000000000000000,0.0000000000000000
43.000000000000000,91.000000000000000,0.0000000000000000
44.000000000000000,91.000000000000000,0.0000000000000000
45.000000000000000,91.000000000000000,0.0000000000000000
46.000000000000000,91.000000000000000,0.0000000000000000
47.000000000000000,91.000000000000000,0.0000000000000000
48.000000000000000,91.000000000000000,0.0000000000000000
49.000000000000000,91.000000000000000,0.0000000000000000
50.000000000000000,91.000000000000000,0.0000000000000000
51.000000000000000,91.000000000000000,0.0000000000000000
52.000000000000000,91.000000000000000,0.0000000000000000
53.000000000000000,91.000000000000000,0.0000000000000000
54.000000000000000,91.000000000000000,0.0000000000000000
55.000000000000000,91.000000000000000,0.0000000000000000
56.000000000000000,91.000000000000000,0.0000000000000000
57.000000000000000,91.000000000000000,0.0000000000000000
58.000000000000000,91.000000000000000,0.0000000000000000
59.000000000000000,91.000000000000000,0.0000000000000000
60.000000000000000,91.000000000000000,0.0000000000000000
61.000000000000000,91.000000000000000,0.0000000000000000
62.000000000000000,91.000000000000000,0.0000000000000000
63.000000000000000,91.000000000000000,0.0000000000000000
64.000000000000000,91.000000000000000,0.0000000000000000
65.000000000000000,91.000000000000000,0.0000000000000000
66.000000000000000,91.000000000000000,0.0000000000000000
67.000000000000000,91.000000000000000,0.0000000000000000
68.000000000000000,91.000000000000000,0.0000000000000000
69.000000000000000,91.000000000000000,0.0000000000000000
70.000000000000000,91.000000000000000,0.0000000000000000
71.000000000000000,91.000000000000000,0.0000000000000000
72.000000000000000,91.000000000000000,0.0000000000000000
73.000000000000000,91.000000000000000,0.0000000000000000
74.000000000000000,91.000000000000000,0.0000000000000000
75.000000000000000,91.000000000000000,0.0000000000000000
76.000000000000000,91.000000000000000,0.0000000000000000
77.000000000000000,91.000000000000000,0.0000000000000000
78.000000000000000,91.000000000000000,0.0000000000000000
79.000000000000000,91.000000000000000,0.0000000000000000
80.000000000000000,91.000000000000000,0.0000000000000000
81.000000000000000,91.000000000000000,0.0000000000000000
82.000000000000000,91.000000000000000,0.0000000000000000
83.000000000000000,91.000000000000000,0.0000000000000000
84.000000000000000,91.000000000000000,0.0000000000000000
85.000000000000000,91.000000000000000,0.0000000000000000
86.000000000000000,91.000000000000000,0.0000000000000000
87.000000000000000,91.000000000000000,0.0000000000000000
88.000000000000000,91.000000000000000,0.0000000000000000
89.000000000000000,91.000000000000000,0.0000000000000000
90.000000000000000,91.000000000000000,4.1999998092651367
91.000000000000000,91.000000000000000,0.0000000000000000
92.000000000000000,91.000000000000000,0.0000000000000000
93.000000000000000,91.000000000000000,0.0000000000000000
94.000000000000000,91.000000000000000,0.0000000000000000
95.000000000000000,91.000000000000000,0.0000000000000000
96.000000000000000,91.000000000000000,0.0000000000000000
97.000000000000000,91.000000000000000,0.0000000000000000
98.000000000000000,91.000000000000000,0.0000000000000000
99.000000000000000,91.000000000000000,0.0000000000000000
100.00000000000000,91.000000000000000,0.0000000000000000
101.00000000000000,91.000000000000000,0.0000000000000000
102.00000000000000,91.000000000000000,0.0000000000000000
103.00000000000000,91.000000000000000,0.0000000000000000
104.00000000000000,91.000000000000000,0.0000000000000000
105.00000000000000,91.000000000000000,0.0000000000000000
106.00000000000000,91.000000000000000,0.0000000000000000
107.00000000000000,91.000000000000000,0.0000000000000000
108.00000000000000,91.000000000000000,0.0000000000000000
109.00000000000000,91.000000000000000,0.0000000000000000
110.00000000000000,91.000000000000000,0.0000000000000000
111.00000000000000,91.000000000000000,0.0000000000000000
112.00000000000000,91.000000000000000,0.0000000000000000
113.00000000000000,91.000000000000000,0.0000000000000000
1.0000000000000000,92.000000000000000,0.0000000000000000
2.0000000000000000,92.000000000000000,0.0000000000000000
3.0000000000000000,92.000000000000000,0.0000000000000000
4.0000000000000000,92.000000000000000,0.0000000000000000
5.0000000000000000,92.000000000000000,0.0000000000000000
6.0000000000000000,92.000000000000000,0.0000000000000000
7.0000000000000000,92.000000000000000,0.0000000000000000
8.0000000000000000,92.000000000000000,0.0000000000000000
9.0000000000000000,92.000000000000000,9.8000001907348633
10.000000000000000,92.000000000000000,9.8000001907348633
11.000000000000000,92.000000000000000,9.8000001907348633
12.000000000000000,92.000000000000000,0.0000000000000000
13.000000000000000,92.000000000000000,0.0000000000000000
14.000000000000000,92.000000000000000,0.0000000000000000
15.000000000000000,92.000000000000000,0.0000000000000000
16.000000000000000,92.000000000000000,0.0000000000000000
17.000000000000000,92.000000000000000,0.0000000000000000
18.000000000000000,92.000000000000000,0.0000000000000000
19.000000000000000,92.000000000000000,0.0000000000000000
20.000000000000000,92.000000000000000,0.0000000000000000
21.000000000000000,92.000000000000000,0.0000000000000000
22.000000000000000,92.000000000000000,0.0000000000000000
23.000000000000000,92.000000000000000,0.0000000000000000
24.000000000000000,92.000000000000000,0.0000000000000000
25.000000000000000,92.000000000000000,0.0000000000000000
26.000000000000000,92.000000000000000,0.0000000000000000
27.000000000000000,92.000000000000000,0.0000000000000000
28.000000000000000,92.000000000000000,0.0000000000000000
29.000000000000000,92.000000000000000,0.0000000000000000
30.000000000000000,92.000000000000000,0.0000000000000000
31.000000000000000,92.000000000000000,0.0000000000000000
32.000000000000000,92.000000000000000,0.0000000000000000
33.000000000000000,92.000000000000000,0.0000000000000000
34.000000000000000,92.000000000000000,0.0000000000000000
35.000000000000000,92.000000000000000,0.0000000000000000
36.000000000000000,92.000000000000000,0.0000000000000000
37.000000000000000,92.000000000000000,0.0000000000000000
38.000000000000000,92.000000000000000,0.0000000000000000
39.000000000000000,92.000000000000000,0.0000000000000000
40.000000000000000,92.000000000000000,0.0000000000000000
41.000000000000000,92.000000000000000,0.0000000000000000
42.000000000000000,92.000000000000000,0.0000000000000000
43.000000000000000,92.000000000000000,0.0000000000000000
44.000000000000000,92.000000000000000,0.0000000000000000
45.000000000000000,92.000000000000000,0.0000000000000000
46.000000000000000,92.000000000000000,0.0000000000000000
47.000000000000000,92.000000000000000,0.0000000000000000
48.000000000000000,92.000000000000000,0.0000000000000000
49.000000000000000,92.000000000000000,0.0000000000000000
50.000000000000000,92.000000000000000,0.0000000000000000
51.000000000000000,92.000000000000000,0.0000000000000000
52.000000000000000,92.000000000000000,0.0000000000000000
53.000000000000000,92.000000000000000,0.0000000000000000
54.000000000000000,92.000000000000000,0.0000000000000000
55.000000000000000,92.000000000000000,0.0000000000000000
56.000000000000000,92.000000000000000,0.0000000000000000
57.000000000000000,92.000000000000000,0.0000000000000000
58.000000000000000,92.000000000000000,0.0000000000000000
59.000000000000000,92.000000000000000,0.0000000000000000
60.000000000000000,92.000000000000000,0.0000000000000000
61.000000000000000,92.000000000000000,0.0000000000000000
62.000000000000000,92.000000000000000,0.0000000000000000
63.000000000000000,92.000000000000000,0.0000000000000000
64.000000000000000,92.000000000000000,0.0000000000000000
65.000000000000000,92.000000000000000,0.0000000000000000
66.000000000000000,92.000000000000000,0.0000000000000000
67.000000000000000,92.000000000000000,0.0000000000000000
68.000000000000000,92.000000000000000,0.0000000000000000
69.000000000000000,92.000000000000000,0.0000000000000000
70.000000000000000,92.000000000000000,0.0000000000000000
71.000000000000000,92.000000000000000,0.0000000000000000
72.000000000000000,92.000000000000000,0.0000000000000000
73.000000000000000,92.000000000000000,0.0000000000000000
74.000000000000000,92.000000000000000,0.0000000000000000
75.000000000000000,92.000000000000000,0.0000000000000000
76.000000000000000,92.000000000000000,0.0000000000000000
77.000000000000000,92.000000000000000,0.0000000000000000
78.000000000000000,92.000000000000000,0.0000000000000000
79.000000000000000,92.000000000000000,0.0000000000000000
80.000000000000000,92.000000000000000,0.0000000000000000
81.000000000000000,92.000000000000000,0.0000000000000000
82.000000000000000,92.000000000000000,0.0000000000000000
83.000000000000000,92.000000000000000,0.0000000000000000
84.000000000000000,92.000000000000000,0.0000000000000000
85.000000000000000,92.000000000000000,0.0000000000000000
86.000000000000000,92.000000000000000,0.0000000000000000
87.000000000000000,92.000000000000000,0.0000000000000000
88.000000000000000,92.000000000000000,0.0000000000000000
89.000000000000000,92.000000000000000,0.0000000000000000
90.000000000000000,92.000000000000000,4.0000000000000000
91.000000000000000,92.000000000000000,4.0000000000000000
92.000000000000000,92.000000000000000,0.0000000000000000
93.000000000000000,92.000000000000000,0.0000000000000000
94.000000000000000,92.000000000000000,0.0000000000000000
95.000000000000000,92.000000000000000,0.0000000000000000
96.000000000000000,92.000000000000000,0.0000000000000000
97.000000000000000,92.000000000000000,0.0000000000000000
98.000000000000000,92.000000000000000,0.0000000000000000
99.000000000000000,92.000000000000000,0.0000000000000000
100.00000000000000,92.000000000000000,0.0000000000000000
101.00000000000000,92.000000000000000,0.0000000000000000
102.00000000000000,92.000000000000000,0.0000000000000000
103.00000000000000,92.000000000000000,0.0000000000000000
104.00000000000000,92.000000000000000,0.0000000000000000
105.00000000000000,92.000000000000000,0.0000000000000000
106.00000000000000,92.000000000000000,0.0000000000000000
107.00000000000000,92.000000000000000,0.0000000000000000
108.00000000000000,92.000000000000000,0.0000000000000000
109.00000000000000,92.000000000000000,0.0000000000000000
110.00000000000000,92.000000000000000,0.0000000000000000
111.00000000000000,92.000000000000000,0.0000000000000000
112.00000000000000,92.000000000000000,0.0000000000000000
113.00000000000000,92.000000000000000,0.0000000000000000
1.0000000000000000,93.000000000000000,0.0000000000000000
2.0000000000000000,93.000000000000000,0.0000000000000000
3.0000000000000000,93.000000000000000,0.0000000000000000
4.0000000000000000,93.000000000000000,0.0000000000000000
5.0000000000000000,93.000000000000000,0.0000000000000000
6.0000000000000000,93.000000000000000,0.0000000000000000
7.0000000000000000,93.000000000000000,0.0000000000000000
8.0000000000000000,93.000000000000000,0.0000000000000000
9.0000000000000000,93.000000000000000,9.8000001907348633
10.000000000000000,93.000000000000000,9.8000001907348633
11.000000000000000,93.000000000000000,9.8000001907348633
12.000000000000000,93.000000000000000,0.0000000000000000
13.000000000000000,93.000000000000000,0.0000000000000000
14.000000000000000,93.000000000000000,0.0000000000000000
15.000000000000000,93.000000000000000,0.0000000000000000
16.000000000000000,93.000000000000000,0.0000000000000000
17.000000000000000,93.000000000000000,0.0000000000000000
18.000000000000000,93.000000000000000,0.0000000000000000
19.000000000000000,93.000000000000000,0.0000000000000000
20.000000000000000,93.000000000000000,0.0000000000000000
21.000000000000000,93.000000000000000,0.0000000000000000
22.000000000000000,93.000000000000000,0.0000000000000000
23.000000000000000,93.000000000000000,0.0000000000000000
24.000000000000000,93.000000000000000,0.0000000000000000
25.000000000000000,93.000000000000000,0.0000000000000000
26.000000000000000,93.000000000000000,0.0000000000000000
27.000000000000000,93.000000000000000,0.0000000000000000
28.000000000000000,93.000000000000000,0.0000000000000000
29.000000000000000,93.000000000000000,0.0000000000000000
30.000000000000000,93.000000000000000,0.0000000000000000
31.000000000000000,93.000000000000000,0.0000000000000000
32.000000000000000,93.000000000000000,0.0000000000000000
33.000000000000000,93.000000000000000,0.0000000000000000
34.000000000000000,93.000000000000000,0.0000000000000000
35.000000000000000,93.000000000000000,0.0000000000000000
36.000000000000000,93.000000000000000,0.0000000000000000
37.000000000000000,93.000000000000000,0.0000000000000000
38.000000000000000,93.000000000000000,0.0000000000000000
39.000000000000000,93.000000000000000,0.0000000000000000
40.000000000000000,93.000000000000000,0.0000000000000000
41.000000000000000,93.000000000000000,0.0000000000000000
42.000000000000000,93.000000000000000,0.0000000000000000
43.000000000000000,93.000000000000000,0.0000000000000000
44.000000000000000,93.000000000000000,0.0000000000000000
45.000000000000000,93.000000000000000,0.0000000000000000
46.000000000000000,93.000000000000000,0.0000000000000000
47.000000000000000,93.000000000000000,0.0000000000000000
48.000000000000000,93.000000000000000,0.0000000000000000
49.000000000000000,93.000000000000000,0.0000000000000000
50.000000000000000,93.000000000000000,0.0000000000000000
51.000000000000000,93.000000000000000,0.0000000000000000
52.000000000000000,93.000000000000000,0.0000000000000000
53.000000000000000,93.000000000000000,0.0000000000000000
54.000000000000000,93.000000000000000,0.0000000000000000
55.000000000000000,93.000000000000000,0.0000000000000000
56.000000000000000,93.000000000000000,0.0000000000000000
57.000000000000000,93.000000000000000,0.0000000000000000
58.000000000000000,93.000000000000000,0.0000000000000000
59.000000000000000,93.000000000000000,0.0000000000000000
60.000000000000000,93.000000000000000,0.0000000000000000
61.000000000000000,93.000000000000000,0.0000000000000000
62.000000000000000,93.000000000000000,0.0000000000000000
63.000000000000000,93.000000000000000,0.0000000000000000
64.000000000000000,93.000000000000000,0.0000000000000000
65.000000000000000,93.000000000000000,0.0000000000000000
66.000000000000000,93.000000000000000,0.0000000000000000
67.000000000000000,93.000000000000000,0.0000000000000000
68.000000000000000,93.000000000000000,0.0000000000000000
69.000000000000000,93.000000000000000,0.0000000000000000
70.000000000000000,93.000000000000000,0.0000000000000000
71.000000000000000,93.000000000000000,0.0000000000000000
72.000000000000000,93.000000000000000,0.0000000000000000
73.000000000000000,93.000000000000000,0.0000000000000000
74.000000000000000,93.000000000000000,0.0000000000000000
75.000000000000000,93.000000000000000,0.0000000000000000
76.000000000000000,93.000000000000000,0.0000000000000000
77.000000000000000,93.000000000000000,0.0000000000000000
78.000000000000000,93.000000000000000,0.0000000000000000
79.000000000000000,93.000000000000000,0.0000000000000000
80.000000000000000,93.000000000000000,0.0000000000000000
81.000000000000000,93.000000000000000,0.0000000000000000
82.000000000000000,93.000000000000000,0.0000000000000000
83.000000000000000,93.000000000000000,0.0000000000000000
84.000000000000000,93.000000000000000,0.0000000000000000
85.000000000000000,93.000000000000000,0.0000000000000000
86.000000000000000,93.000000000000000,0.0000000000000000
87.000000000000000,93.000000000000000,0.0000000000000000
88.000000000000000,93.000000000000000,0.0000000000000000
89.000000000000000,93.000000000000000,0.0000000000000000
90.000000000000000,93.000000000000000,4.0000000000000000
91.000000000000000,93.000000000000000,4.0000000000000000
92.000000000000000,93.000000000000000,0.0000000000000000
93.000000000000000,93.000000000000000,0.0000000000000000
94.000000000000000,93.000000000000000,0.0000000000000000
95.000000000000000,93.000000000000000,0.0000000000000000
96.000000000000000,93.000000000000000,0.0000000000000000
97.000000000000000,93.000000000000000,0.0000000000000000
98.000000000000000,93.000000000000000,0.0000000000000000
99.000000000000000,93.000000000000000,0.0000000000000000
100.00000000000000,93.000000000000000,0.0000000000000000
101.00000000000000,93.000000000000000,0.0000000000000000
102.00000000000000,93.000000000000000,0.0000000000000000
103.00000000000000,93.000000000000000,0.0000000000000000
104.00000000000000,93.000000000000000,0.0000000000000000
105.00000000000000,93.000000000000000,0.0000000000000000
106.00000000000000,93.000000000000000,0.0000000000000000
107.00000000000000,93.000000000000000,0.0000000000000000
108.00000000000000,93.000000000000000,0.0000000000000000
109.00000000000000,93.000000000000000,0.0000000000000000
110.00000000000000,93.000000000000000,0.0000000000000000
111.00000000000000,93.000000000000000,0.0000000000000000
112.00000000000000,93.000000000000000,0.0000000000000000
113.00000000000000,93.000000000000000,0.0000000000000000
1.0000000000000000,94.000000000000000,0.0000000000000000
2.0000000000000000,94.000000000000000,0.0000000000000000
3.0000000000000000,94.000000000000000,0.0000000000000000
4.0000000000000000,94.000000000000000,0.0000000000000000
5.0000000000000000,94.000000000000000,0.0000000000000000
6.0000000000000000,94.000000000000000,0.0000000000000000
7.0000000000000000,94.000000000000000,0.0000000000000000
8.0000000000000000,94.000000000000000,0.0000000000000000
9.0000000000000000,94.000000000000000,0.0000000000000000
10.000000000000000,94.000000000000000,0.0000000000000000
11.000000000000000,94.000000000000000,0.0000000000000000
12.000000000000000,94.000000000000000,0.0000000000000000
13.000000000000000,94.000000000000000,0.0000000000000000
14.000000000000000,94.000000000000000,0.0000000000000000
15.000000000000000,94.000000000000000,0.0000000000000000
16.000000000000000,94.000000000000000,0.0000000000000000
17.000000000000000,94.000000000000000,0.0000000000000000
18.000000000000000,94.000000000000000,0.0000000000000000
19.000000000000000,94.000000000000000,0.0000000000000000
20.000000000000000,94.000000000000000,0.0000000000000000
21.000000000000000,94.000000000000000,0.0000000000000000
22.000000000000000,94.000000000000000,0.0000000000000000
23.000000000000000,94.000000000000000,0.0000000000000000
24.000000000000000,94.000000000000000,0.0000000000000000
25.000000000000000,94.000000000000000,0.0000000000000000
26.000000000000000,94.000000000000000,0.0000000000000000
27.000000000000000,94.000000000000000,0.0000000000000000
28.000000000000000,94.000000000000000,0.0000000000000000
29.000000000000000,94.000000000000000,0.0000000000000000
30.000000000000000,94.000000000000000,0.0000000000000000
31.000000000000000,94.000000000000000,0.0000000000000000
32.000000000000000,94.000000000000000,0.0000000000000000
33.000000000000000,94.000000000000000,0.0000000000000000
34.000000000000000,94.000000000000000,0.0000000000000000
35.000000000000000,94.000000000000000,0.0000000000000000
36.000000000000000,94.000000000000000,0.0000000000000000
37.000000000000000,94.000000000000000,0.0000000000000000
38.000000000000000,94.000000000000000,0.0000000000000000
39.000000000000000,94.000000000000000,0.0000000000000000
40.000000000000000,94.000000000000000,0.0000000000000000
41.000000000000000,94.000000000000000,0.0000000000000000
42.000000000000000,94.000000000000000,0.0000000000000000
43.000000000000000,94.000000000000000,0.0000000000000000
44.000000000000000,94.000000000000000,0.0000000000000000
45.000000000000000,94.000000000000000,0.0000000000000000
46.000000000000000,94.000000000000000,0.0000000000000000
47.000000000000000,94.000000000000000,0.0000000000000000
48.000000000000000,94.000000000000000,0.0000000000000000
49.000000000000000,94.000000000000000,0.0000000000000000
50.000000000000000,94.000000000000000,0.0000000000000000
51.000000000000000,94.000000000000000,0.0000000000000000
52.000000000000000,94.000000000000000,0.0000000000000000
53.000000000000000,94.000000000000000,0.0000000000000000
54.000000000000000,94.000000000000000,0.0000000000000000
55.000000000000000,94.000000000000000,0.0000000000000000
56.000000000000000,94.000000000000000,0.0000000000000000
57.000000000000000,94.000000000000000,0.0000000000000000
58.000000000000000,94.000000000000000,0.0000000000000000
59.000000000000000,94.000000000000000,0.0000000000000000
60.000000000000000,94.000000000000000,0.0000000000000000
61.000000000000000,94.000000000000000,0.0000000000000000
62.000000000000000,94.000000000000000,0.0000000000000000
63.000000000000000,94.000000000000000,0.0000000000000000
64.000000000000000,94.000000000000000,0.0000000000000000
65.000000000000000,94.000000000000000,0.0000000000000000
66.000000000000000,94.000000000000000,0.0000000000000000
67.000000000000000,94.000000000000000,0.0000000000000000
68.000000000000000,94.000000000000000,0.0000000000000000
69.000000000000000,94.000000000000000,0.0000000000000000
70.000000000000000,94.000000000000000,0.0000000000000000
71.000000000000000,94.000000000000000,0.0000000000000000
72.000000000000000,94.000000000000000,0.0000000000000000
73.000000000000000,94.000000000000000,0.0000000000000000
74.000000000000000,94.000000000000000,0.0000000000000000
75.000000000000000,94.000000000000000,0.0000000000000000
76.000000000000000,94.000000000000000,0.0000000000000000
77.000000000000000,94.000000000000000,0.0000000000000000
78.000000000000000,94.000000000000000,0.0000000000000000
79.000000000000000,94.000000000000000,0.0000000000000000
80.000000000000000,94.000000000000000,0.0000000000000000
81.000000000000000,94.000000000000000,0.0000000000000000
82.000000000000000,94.000000000000000,0.0000000000000000
83.000000000000000,94.000000000000000,0.0000000000000000
84.000000000000000,94.000000000000000,0.0000000000000000
85.000000000000000,94.000000000000000,0.0000000000000000
86.000000000000000,94.000000000000000,0.0000000000000000
87.000000000000000,94.000000000000000,0.0000000000000000
88.000000000000000,94.000000000000000,0.0000000000000000
89.000000000000000,94.000000000000000,0.0000000000000000
90.000000000000000,94.000000000000000,4.0000000000000000
91.000000000000000,94.000000000000000,4.0000000000000000
92.000000000000000,94.000000000000000,0.0000000000000000
93.000000000000000,94.000000000000000,0.0000000000000000
94.000000000000000,94.000000000000000,0.0000000000000000
95.000000000000000,94.000000000000000,0.0000000000000000
96.000000000000000,94.000000000000000,0.0000000000000000
97.000000000000000,94.000000000000000,0.0000000000000000
98.000000000000000,94.000000000000000,0.0000000000000000
99.000000000000000,94.000000000000000,0.0000000000000000
100.00000000000000,94.000000000000000,0.0000000000000000
101.00000000000000,94.000000000000000,0.0000000000000000
102.00000000000000,94.000000000000000,0.0000000000000000
103.00000000000000,94.000000000000000,0.0000000000000000
104.00000000000000,94.000000000000000,0.0000000000000000
105.00000000000000,94.000000000000000,0.0000000000000000
106.00000000000000,94.000000000000000,0.0000000000000000
107.00000000000000,94.000000000000000,0.0000000000000000
108.00000000000000,94.000000000000000,0.0000000000000000
109.00000000000000,94.000000000000000,0.0000000000000000
110.00000000000000,94.000000000000000,0.0000000000000000
111.00000000000000,94.000000000000000,0.0000000000000000
112.00000000000000,94.000000000000000,0.0000000000000000
113.00000000000000,94.000000000000000,0.0000000000000000
1.0000000000000000,95.000000000000000,0.0000000000000000
2.0000000000000000,95.000000000000000,0.0000000000000000
3.0000000000000000,95.000000000000000,0.0000000000000000
4.0000000000000000,95.000000000000000,0.0000000000000000
5.0000000000000000,95.000000000000000,0.0000000000000000
6.0000000000000000,95.000000000000000,0.0000000000000000
7.0000000000000000,95.000000000000000,0.0000000000000000
8.0000000000000000,95.000000000000000,0.0000000000000000
9.0000000000000000,95.000000000000000,0.0000000000000000
10.000000000000000,95.000000000000000,0.0000000000000000
11.000000000000000,95.000000000000000,0.0000000000000000
12.000000000000000,95.000000000000000,0.0000000000000000
13.000000000000000,95.000000000000000,0.0000000000000000
14.000000000000000,95.000000000000000,0.0000000000000000
15.000000000000000,95.000000000000000,0.0000000000000000
16.000000000000000,95.000000000000000,0.0000000000000000
17.000000000000000,95.000000000000000,0.0000000000000000
18.000000000000000,95.000000000000000,0.0000000000000000
19.000000000000000,95.000000000000000,0.0000000000000000
20.000000000000000,95.000000000000000,0.0000000000000000
21.000000000000000,95.000000000000000,0.0000000000000000
22.000000000000000,95.000000000000000,0.0000000000000000
23.000000000000000,95.000000000000000,0.0000000000000000
24.000000000000000,95.000000000000000,0.0000000000000000
25.000000000000000,95.000000000000000,0.0000000000000000
26.000000000000000,95.000000000000000,0.0000000000000000
27.000000000000000,95.000000000000000,0.0000000000000000
28.000000000000000,95.000000000000000,0.0000000000000000
29.000000000000000,95.000000000000000,0.0000000000000000
30.000000000000000,95.000000000000000,0.0000000000000000
31.000000000000000,95.000000000000000,0.0000000000000000
32.000000000000000,95.000000000000000,0.0000000000000000
33.000000000000000,95.000000000000000,0.0000000000000000
34.000000000000000,95.000000000000000,0.0000000000000000
35.000000000000000,95.000000000000000,0.0000000000000000
36.000000000000000,95.000000000000000,0.0000000000000000
37.000000000000000,95.000000000000000,0.0000000000000000
38.000000000000000,95.000000000000000,0.0000000000000000
39.000000000000000,95.000000000000000,0.0000000000000000
40.000000000000000,95.000000000000000,0.0000000000000000
41.000000000000000,95.000000000000000,0.0000000000000000
42.000000000000000,95.000000000000000,0.0000000000000000
43.000000000000000,95.000000000000000,0.0000000000000000
44.000000000000000,95.000000000000000,0.0000000000000000
45.000000000000000,95.000000000000000,0.0000000000000000
46.000000000000000,95.000000000000000,0.0000000000000000
47.000000000000000,95.000000000000000,0.0000000000000000
48.000000000000000,95.000000000000000,0.0000000000000000
49.000000000000000,95.000000000000000,0.0000000000000000
50.000000000000000,95.000000000000000,0.0000000000000000
51.000000000000000,95.000000000000000,0.0000000000000000
52.000000000000000,95.000000000000000,0.0000000000000000
53.000000000000000,95.000000000000000,0.0000000000000000
54.000000000000000,95.000000000000000,0.0000000000000000
55.000000000000000,95.000000000000000,0.0000000000000000
56.000000000000000,95.000000000000000,0.0000000000000000
57.000000000000000,95.000000000000000,0.0000000000000000
58.000000000000000,95.000000000000000,0.0000000000000000
59.000000000000000,95.000000000000000,0.0000000000000000
60.000000000000000,95.000000000000000,0.0000000000000000
61.000000000000000,95.000000000000000,0.0000000000000000
62.000000000000000,95.000000000000000,0.0000000000000000
63.000000000000000,95.000000000000000,0.0000000000000000
64.000000000000000,95.000000000000000,0.0000000000000000
65.000000000000000,95.000000000000000,0.0000000000000000
66.000000000000000,95.000000000000000,0.0000000000000000
67.000000000000000,95.000000000000000,0.0000000000000000
68.000000000000000,95.000000000000000,0.0000000000000000
69.000000000000000,95.000000000000000,0.0000000000000000
70.000000000000000,95.000000000000000,0.0000000000000000
71.000000000000000,95.000000000000000,0.0000000000000000
72.000000000000000,95.000000000000000,0.0000000000000000
73.000000000000000,95.000000000000000,0.0000000000000000
74.000000000000000,95.000000000000000,0.0000000000000000
75.000000000000000,95.000000000000000,0.0000000000000000
76.000000000000000,95.000000000000000,0.0000000000000000
77.000000000000000,95.000000000000000,0.0000000000000000
78.000000000000000,95.000000000000000,0.0000000000000000
79.000000000000000,95.000000000000000,0.0000000000000000
80.000000000000000,95.000000000000000,0.0000000000000000
81.000000000000000,95.000000000000000,0.0000000000000000
82.000000000000000,95.000000000000000,0.0000000000000000
83.000000000000000,95.000000000000000,0.0000000000000000
84.000000000000000,95.000000000000000,1.7999999523162842
85.000000000000000,95.000000000000000,1.7999999523162842
86.000000000000000,95.000000000000000,1.7999999523162842
87.000000000000000,95.000000000000000,2.5999999046325684
88.000000000000000,95.000000000000000,2.5999999046325684
89.000000000000000,95.000000000000000,2.5999999046325684
90.000000000000000,95.000000000000000,4.3000001907348633
91.000000000000000,95.000000000000000,0.0000000000000000
92.000000000000000,95.000000000000000,0.0000000000000000
93.000000000000000,95.000000000000000,0.0000000000000000
94.000000000000000,95.000000000000000,0.0000000000000000
95.000000000000000,95.000000000000000,0.0000000000000000
96.000000000000000,95.000000000000000,0.0000000000000000
97.000000000000000,95.000000000000000,0.0000000000000000
98.000000000000000,95.000000000000000,0.0000000000000000
99.000000000000000,95.000000000000000,0.0000000000000000
100.00000000000000,95.000000000000000,0.0000000000000000
101.00000000000000,95.000000000000000,0.0000000000000000
102.00000000000000,95.000000000000000,0.0000000000000000
103.00000000000000,95.000000000000000,0.0000000000000000
104.00000000000000,95.000000000000000,0.0000000000000000
105.00000000000000,95.000000000000000,0.0000000000000000
106.00000000000000,95.000000000000000,0.0000000000000000
107.00000000000000,95.000000000000000,0.0000000000000000
108.00000000000000,95.000000000000000,0.0000000000000000
109.00000000000000,95.000000000000000,0.0000000000000000
110.00000000000000,95.000000000000000,0.0000000000000000
111.00000000000000,95.000000000000000,0.0000000000000000
112.00000000000000,95.000000000000000,0.0000000000000000
113.00000000000000,95.000000000000000,0.0000000000000000
1.0000000000000000,96.000000000000000,0.0000000000000000
2.0000000000000000,96.000000000000000,0.0000000000000000
3.0000000000000000,96.000000000000000,0.0000000000000000
4.0000000000000000,96.000000000000000,0.0000000000000000
5.0000000000000000,96.000000000000000,0.0000000000000000
6.0000000000000000,96.000000000000000,0.0000000000000000
7.0000000000000000,96.000000000000000,0.0000000000000000
8.0000000000000000,96.000000000000000,0.0000000000000000
9.0000000000000000,96.000000000000000,0.0000000000000000
10.000000000000000,96.000000000000000,0.0000000000000000
11.000000000000000,96.000000000000000,0.0000000000000000
12.000000000000000,96.000000000000000,0.0000000000000000
13.000000000000000,96.000000000000000,0.0000000000000000
14.000000000000000,96.000000000000000,0.0000000000000000
15.000000000000000,96.000000000000000,0.0000000000000000
16.000000000000000,96.000000000000000,0.0000000000000000
17.000000000000000,96.000000000000000,0.0000000000000000
18.000000000000000,96.000000000000000,0.0000000000000000
19.000000000000000,96.000000000000000,0.0000000000000000
20.000000000000000,96.000000000000000,0.0000000000000000
21.000000000000000,96.000000000000000,0.0000000000000000
22.000000000000000,96.000000000000000,0.0000000000000000
23.000000000000000,96.000000000000000,0.0000000000000000
24.000000000000000,96.000000000000000,0.0000000000000000
25.000000000000000,96.000000000000000,0.0000000000000000
26.000000000000000,96.000000000000000,0.0000000000000000
27.000000000000000,96.000000000000000,0.0000000000000000
28.000000000000000,96.000000000000000,0.0000000000000000
29.000000000000000,96.000000000000000,0.0000000000000000
30.000000000000000,96.000000000000000,0.0000000000000000
31.000000000000000,96.000000000000000,0.0000000000000000
32.000000000000000,96.000000000000000,0.0000000000000000
33.000000000000000,96.000000000000000,0.0000000000000000
34.000000000000000,96.000000000000000,0.0000000000000000
35.000000000000000,96.000000000000000,0.0000000000000000
36.000000000000000,96.000000000000000,0.0000000000000000
37.000000000000000,96.000000000000000,0.0000000000000000
38.000000000000000,96.000000000000000,0.0000000000000000
39.000000000000000,96.000000000000000,0.0000000000000000
40.000000000000000,96.000000000000000,0.0000000000000000
41.000000000000000,96.000000000000000,0.0000000000000000
42.000000000000000,96.000000000000000,0.0000000000000000
43.000000000000000,96.000000000000000,0.0000000000000000
44.000000000000000,96.000000000000000,0.0000000000000000
45.000000000000000,96.000000000000000,0.0000000000000000
46.000000000000000,96.000000000000000,0.0000000000000000
47.000000000000000,96.000000000000000,0.0000000000000000
48.000000000000000,96.000000000000000,0.0000000000000000
49.000000000000000,96.000000000000000,0.0000000000000000
50.000000000000000,96.000000000000000,0.0000000000000000
51.000000000000000,96.000000000000000,0.0000000000000000
52.000000000000000,96.000000000000000,0.0000000000000000
53.000000000000000,96.000000000000000,0.0000000000000000
54.000000000000000,96.000000000000000,0.0000000000000000
55.000000000000000,96.000000000000000,0.0000000000000000
56.000000000000000,96.000000000000000,0.0000000000000000
57.000000000000000,96.000000000000000,0.0000000000000000
58.000000000000000,96.000000000000000,0.0000000000000000
59.000000000000000,96.000000000000000,0.0000000000000000
60.000000000000000,96.000000000000000,0.0000000000000000
61.000000000000000,96.000000000000000,0.0000000000000000
62.000000000000000,96.000000000000000,0.0000000000000000
63.000000000000000,96.000000000000000,0.0000000000000000
64.000000000000000,96.000000000000000,0.0000000000000000
65.000000000000000,96.000000000000000,0.0000000000000000
66.000000000000000,96.000000000000000,0.0000000000000000
67.000000000000000,96.000000000000000,0.0000000000000000
68.000000000000000,96.000000000000000,0.0000000000000000
69.000000000000000,96.000000000000000,0.0000000000000000
70.000000000000000,96.000000000000000,0.0000000000000000
71.000000000000000,96.000000000000000,0.0000000000000000
72.000000000000000,96.000000000000000,0.0000000000000000
73.000000000000000,96.000000000000000,0.0000000000000000
74.000000000000000,96.000000000000000,0.0000000000000000
75.000000000000000,96.000000000000000,0.0000000000000000
76.000000000000000,96.000000000000000,0.0000000000000000
77.000000000000000,96.000000000000000,0.0000000000000000
78.000000000000000,96.000000000000000,0.0000000000000000
79.000000000000000,96.000000000000000,0.0000000000000000
80.000000000000000,96.000000000000000,0.0000000000000000
81.000000000000000,96.000000000000000,0.0000000000000000
82.000000000000000,96.000000000000000,0.0000000000000000
83.000000000000000,96.000000000000000,0.0000000000000000
84.000000000000000,96.000000000000000,1.7999999523162842
85.000000000000000,96.000000000000000,0.0000000000000000
86.000000000000000,96.000000000000000,0.0000000000000000
87.000000000000000,96.000000000000000,2.5999999046325684
88.000000000000000,96.000000000000000,0.0000000000000000
89.000000000000000,96.000000000000000,0.0000000000000000
90.000000000000000,96.000000000000000,0.0000000000000000
91.000000000000000,96.000000000000000,0.0000000000000000
92.000000000000000,96.000000000000000,0.0000000000000000
93.000000000000000,96.000000000000000,0.0000000000000000
94.000000000000000,96.000000000000000,0.0000000000000000
95.000000000000000,96.000000000000000,0.0000000000000000
96.000000000000000,96.000000000000000,0.0000000000000000
97.000000000000000,96.000000000000000,0.0000000000000000
98.000000000000000,96.000000000000000,0.0000000000000000
99.000000000000000,96.000000000000000,0.0000000000000000
100.00000000000000,96.000000000000000,0.0000000000000000
101.00000000000000,96.000000000000000,0.0000000000000000
102.00000000000000,96.000000000000000,0.0000000000000000
103.00000000000000,96.000000000000000,0.0000000000000000
104.00000000000000,96.000000000000000,0.0000000000000000
105.00000000000000,96.000000000000000,0.0000000000000000
106.00000000000000,96.000000000000000,0.0000000000000000
107.00000000000000,96.000000000000000,0.0000000000000000
108.00000000000000,96.000000000000000,0.0000000000000000
109.00000000000000,96.000000000000000,0.0000000000000000
110.00000000000000,96.000000000000000,0.0000000000000000
111.00000000000000,96.000000000000000,0.0000000000000000
112.00000000000000,96.000000000000000,0.0000000000000000
113.00000000000000,96.000000000000000,0.0000000000000000
1.0000000000000000,97.000000000000000,0.0000000000000000
2.0000000000000000,97.000000000000000,0.0000000000000000
3.0000000000000000,97.000000000000000,0.0000000000000000
4.0000000000000000,97.000000000000000,0.0000000000000000
5.0000000000000000,97.000000000000000,0.0000000000000000
6.0000000000000000,97.000000000000000,0.0000000000000000
7.0000000000000000,97.000000000000000,0.0000000000000000
8.0000000000000000,97.000000000000000,0.0000000000000000
9.0000000000000000,97.000000000000000,0.0000000000000000
10.000000000000000,97.000000000000000,0.0000000000000000
11.000000000000000,97.000000000000000,0.0000000000000000
12.000000000000000,97.000000000000000,0.0000000000000000
13.000000000000000,97.000000000000000,0.0000000000000000
14.000000000000000,97.000000000000000,0.0000000000000000
15.000000000000000,97.000000000000000,0.0000000000000000
16.000000000000000,97.000000000000000,0.0000000000000000
17.000000000000000,97.000000000000000,0.0000000000000000
18.000000000000000,97.000000000000000,0.0000000000000000
19.000000000000000,97.000000000000000,0.0000000000000000
20.000000000000000,97.000000000000000,0.0000000000000000
21.000000000000000,97.000000000000000,0.0000000000000000
22.000000000000000,97.000000000000000,0.0000000000000000
23.000000000000000,97.000000000000000,0.0000000000000000
24.000000000000000,97.000000000000000,0.0000000000000000
25.000000000000000,97.000000000000000,0.0000000000000000
26.000000000000000,97.000000000000000,0.0000000000000000
27.000000000000000,97.000000000000000,0.0000000000000000
28.000000000000000,97.000000000000000,0.0000000000000000
29.000000000000000,97.000000000000000,0.0000000000000000
30.000000000000000,97.000000000000000,0.0000000000000000
31.000000000000000,97.000000000000000,0.0000000000000000
32.000000000000000,97.000000000000000,0.0000000000000000
33.000000000000000,97.000000000000000,0.0000000000000000
34.000000000000000,97.000000000000000,0.0000000000000000
35.000000000000000,97.000000000000000,0.0000000000000000
36.000000000000000,97.000000000000000,0.0000000000000000
37.000000000000000,97.000000000000000,0.0000000000000000
38.000000000000000,97.000000000000000,0.0000000000000000
39.000000000000000,97.000000000000000,0.0000000000000000
40.000000000000000,97.000000000000000,0.0000000000000000
41.000000000000000,97.000000000000000,0.0000000000000000
42.000000000000000,97.000000000000000,0.0000000000000000
43.000000000000000,97.000000000000000,0.0000000000000000
44.000000000000000,97.000000000000000,0.0000000000000000
45.000000000000000,97.000000000000000,0.0000000000000000
46.000000000000000,97.000000000000000,0.0000000000000000
47.000000000000000,97.000000000000000,0.0000000000000000
48.000000000000000,97.000000000000000,0.0000000000000000
49.000000000000000,97.000000000000000,0.0000000000000000
50.000000000000000,97.000000000000000,0.0000000000000000
51.000000000000000,97.000000000000000,0.0000000000000000
52.000000000000000,97.000000000000000,0.0000000000000000
53.000000000000000,97.000000000000000,0.0000000000000000
54.000000000000000,97.000000000000000,0.0000000000000000
55.000000000000000,97.000000000000000,0.0000000000000000
56.000000000000000,97.000000000000000,0.0000000000000000
57.000000000000000,97.000000000000000,0.0000000000000000
58.000000000000000,97.000000000000000,0.0000000000000000
59.000000000000000,97.000000000000000,0.0000000000000000
60.000000000000000,97.000000000000000,0.0000000000000000
61.000000000000000,97.000000000000000,0.0000000000000000
62.000000000000000,97.000000000000000,0.0000000000000000
63.000000000000000,97.000000000000000,0.0000000000000000
64.000000000000000,97.000000000000000,0.0000000000000000
65.000000000000000,97.000000000000000,0.0000000000000000
66.000000000000000,97.000000000000000,0.0000000000000000
67.000000000000000,97.000000000000000,0.0000000000000000
68.000000000000000,97.000000000000000,0.0000000000000000
69.000000000000000,97.000000000000000,0.0000000000000000
70.000000000000000,97.000000000000000,0.0000000000000000
71.000000000000000,97.000000000000000,0.0000000000000000
72.000000000000000,97.000000000000000,0.0000000000000000
73.000000000000000,97.000000000000000,0.0000000000000000
74.000000000000000,97.000000000000000,0.0000000000000000
75.000000000000000,97.000000000000000,0.0000000000000000
76.000000000000000,97.000000000000000,0.0000000000000000
77.000000000000000,97.000000000000000,0.0000000000000000
78.000000000000000,97.000000000000000,0.0000000000000000
79.000000000000000,97.000000000000000,0.0000000000000000
80.000000000000000,97.000000000000000,0.0000000000000000
81.000000000000000,97.000000000000000,0.0000000000000000
82.000000000000000,97.000000000000000,0.0000000000000000
83.000000000000000,97.000000000000000,0.0000000000000000
84.000000000000000,97.000000000000000,0.0000000000000000
85.000000000000000,97.000000000000000,0.0000000000000000
86.000000000000000,97.000000000000000,0.0000000000000000
87.000000000000000,97.000000000000000,0.0000000000000000
88.000000000000000,97.000000000000000,0.0000000000000000
89.000000000000000,97.000000000000000,0.0000000000000000
90.000000000000000,97.000000000000000,0.0000000000000000
91.000000000000000,97.000000000000000,0.0000000000000000
92.000000000000000,97.000000000000000,0.0000000000000000
93.000000000000000,97.000000000000000,0.0000000000000000
94.000000000000000,97.000000000000000,0.0000000000000000
95.000000000000000,97.000000000000000,0.0000000000000000
96.000000000000000,97.000000000000000,0.0000000000000000
97.000000000000000,97.000000000000000,0.0000000000000000
98.000000000000000,97.000000000000000,0.0000000000000000
99.000000000000000,97.000000000000000,0.0000000000000000
100.00000000000000,97.000000000000000,0.0000000000000000
101.00000000000000,97.000000000000000,0.0000000000000000
102.00000000000000,97.000000000000000,0.0000000000000000
103.00000000000000,97.000000000000000,0.0000000000000000
104.00000000000000,97.000000000000000,0.0000000000000000
105.00000000000000,97.000000000000000,0.0000000000000000
106.00000000000000,97.000000000000000,0.0000000000000000
107.00000000000000,97.000000000000000,0.0000000000000000
108.00000000000000,97.000000000000000,0.0000000000000000
109.00000000000000,97.000000000000000,0.0000000000000000
110.00000000000000,97.000000000000000,0.0000000000000000
111.00000000000000,97.000000000000000,0.0000000000000000
112.00000000000000,97.000000000000000,0.0000000000000000
113.00000000000000,97.000000000000000,0.0000000000000000
1.0000000000000000,98.000000000000000,0.0000000000000000
2.0000000000000000,98.000000000000000,0.0000000000000000
3.0000000000000000,98.000000000000000,0.0000000000000000
4.0000000000000000,98.000000000000000,0.0000000000000000
5.0000000000000000,98.000000000000000,0.0000000000000000
6.0000000000000000,98.000000000000000,0.0000000000000000
7.0000000000000000,98.000000000000000,0.0000000000000000
8.0000000000000000,98.000000000000000,0.0000000000000000
9.0000000000000000,98.000000000000000,0.0000000000000000
10.000000000000000,98.000000000000000,0.0000000000000000
11.000000000000000,98.000000000000000,0.0000000000000000
12.000000000000000,98.000000000000000,0.0000000000000000
13.000000000000000,98.000000000000000,0.0000000000000000
14.000000000000000,98.000000000000000,0.0000000000000000
15.000000000000000,98.000000000000000,0.0000000000000000
16.000000000000000,98.000000000000000,0.0000000000000000
17.000000000000000,98.000000000000000,0.0000000000000000
18.000000000000000,98.000000000000000,0.0000000000000000
19.000000000000000,98.000000000000000,0.0000000000000000
20.000000000000000,98.000000000000000,0.0000000000000000
21.000000000000000,98.000000000000000,0.0000000000000000
22.000000000000000,98.000000000000000,0.0000000000000000
23.000000000000000,98.000000000000000,0.0000000000000000
24.000000000000000,98.000000000000000,0.0000000000000000
25.000000000000000,98.000000000000000,0.0000000000000000
26.000000000000000,98.000000000000000,0.0000000000000000
27.000000000000000,98.000000000000000,0.0000000000000000
28.000000000000000,98.000000000000000,0.0000000000000000
29.000000000000000,98.000000000000000,0.0000000000000000
30.000000000000000,98.000000000000000,0.0000000000000000
31.000000000000000,98.000000000000000,0.0000000000000000
32.000000000000000,98.000000000000000,0.0000000000000000
33.000000000000000,98.000000000000000,0.0000000000000000
34.000000000000000,98.000000000000000,0.0000000000000000
35.000000000000000,98.000000000000000,0.0000000000000000
36.000000000000000,98.000000000000000,0.0000000000000000
37.000000000000000,98.000000000000000,0.0000000000000000
38.000000000000000,98.000000000000000,0.0000000000000000
39.000000000000000,98.000000000000000,0.0000000000000000
40.000000000000000,98.000000000000000,0.0000000000000000
41.000000000000000,98.000000000000000,0.0000000000000000
42.000000000000000,98.000000000000000,0.0000000000000000
43.000000000000000,98.000000000000000,0.0000000000000000
44.000000000000000,98.000000000000000,0.0000000000000000
45.000000000000000,98.000000000000000,0.0000000000000000
46.000000000000000,98.000000000000000,0.0000000000000000
47.000000000000000,98.000000000000000,0.0000000000000000
48.000000000000000,98.000000000000000,0.0000000000000000
49.000000000000000,98.000000000000000,0.0000000000000000
50.000000000000000,98.000000000000000,0.0000000000000000
51.000000000000000,98.000000000000000,0.0000000000000000
52.000000000000000,98.000000000000000,0.0000000000000000
53.000000000000000,98.000000000000000,0.0000000000000000
54.000000000000000,98.000000000000000,0.0000000000000000
55.000000000000000,98.000000000000000,0.0000000000000000
56.000000000000000,98.000000000000000,0.0000000000000000
57.000000000000000,98.000000000000000,0.0000000000000000
58.000000000000000,98.000000000000000,0.0000000000000000
59.000000000000000,98.000000000000000,0.0000000000000000
60.000000000000000,98.000000000000000,0.0000000000000000
61.000000000000000,98.000000000000000,0.0000000000000000
62.000000000000000,98.000000000000000,0.0000000000000000
63.000000000000000,98.000000000000000,0.0000000000000000
64.000000000000000,98.000000000000000,0.0000000000000000
65.000000000000000,98.000000000000000,0.0000000000000000
66.000000000000000,98.000000000000000,0.0000000000000000
67.000000000000000,98.000000000000000,0.0000000000000000
68.000000000000000,98.000000000000000,0.0000000000000000
69.000000000000000,98.000000000000000,0.0000000000000000
70.000000000000000,98.000000000000000,0.0000000000000000
71.000000000000000,98.000000000000000,0.0000000000000000
72.000000000000000,98.000000000000000,0.0000000000000000
73.000000000000000,98.000000000000000,0.0000000000000000
74.000000000000000,98.000000000000000,0.0000000000000000
75.000000000000000,98.000000000000000,0.0000000000000000
76.000000000000000,98.000000000000000,0.0000000000000000
77.000000000000000,98.000000000000000,0.0000000000000000
78.000000000000000,98.000000000000000,0.0000000000000000
79.000000000000000,98.000000000000000,0.0000000000000000
80.000000000000000,98.000000000000000,0.0000000000000000
81.000000000000000,98.000000000000000,0.0000000000000000
82.000000000000000,98.000000000000000,0.0000000000000000
83.000000000000000,98.000000000000000,0.0000000000000000
84.000000000000000,98.000000000000000,4.3000001907348633
85.000000000000000,98.000000000000000,0.0000000000000000
86.000000000000000,98.000000000000000,0.0000000000000000
87.000000000000000,98.000000000000000,0.0000000000000000
88.000000000000000,98.000000000000000,0.0000000000000000
89.000000000000000,98.000000000000000,0.0000000000000000
90.000000000000000,98.000000000000000,0.0000000000000000
91.000000000000000,98.000000000000000,0.0000000000000000
92.000000000000000,98.000000000000000,0.0000000000000000
93.000000000000000,98.000000000000000,0.0000000000000000
94.000000000000000,98.000000000000000,0.0000000000000000
95.000000000000000,98.000000000000000,0.0000000000000000
96.000000000000000,98.000000000000000,0.0000000000000000
97.000000000000000,98.000000000000000,0.0000000000000000
98.000000000000000,98.000000000000000,0.0000000000000000
99.000000000000000,98.000000000000000,0.0000000000000000
100.00000000000000,98.000000000000000,0.0000000000000000
101.00000000000000,98.000000000000000,0.0000000000000000
102.00000000000000,98.000000000000000,0.0000000000000000
103.00000000000000,98.000000000000000,0.0000000000000000
104.00000000000000,98.000000000000000,0.0000000000000000
105.00000000000000,98.000000000000000,0.0000000000000000
106.00000000000000,98.000000000000000,0.0000000000000000
107.00000000000000,98.000000000000000,0.0000000000000000
108.00000000000000,98.000000000000000,0.0000000000000000
109.00000000000000,98.000000000000000,0.0000000000000000
110.00000000000000,98.000000000000000,0.0000000000000000
111.00000000000000,98.000000000000000,0.0000000000000000
112.00000000000000,98.000000000000000,0.0000000000000000
113.00000000000000,98.000000000000000,0.0000000000000000
1.0000000000000000,99.000000000000000,0.0000000000000000
2.0000000000000000,99.000000000000000,0.0000000000000000
3.0000000000000000,99.000000000000000,0.0000000000000000
4.0000000000000000,99.000000000000000,0.0000000000000000
5.0000000000000000,99.000000000000000,0.0000000000000000
6.0000000000000000,99.000000000000000,0.0000000000000000
7.0000000000000000,99.000000000000000,0.0000000000000000
8.0000000000000000,99.000000000000000,0.0000000000000000
9.0000000000000000,99.000000000000000,0.0000000000000000
10.000000000000000,99.000000000000000,0.0000000000000000
11.000000000000000,99.000000000000000,0.0000000000000000
12.000000000000000,99.000000000000000,0.0000000000000000
13.000000000000000,99.000000000000000,0.0000000000000000
14.000000000000000,99.000000000000000,0.0000000000000000
15.000000000000000,99.000000000000000,0.0000000000000000
16.000000000000000,99.000000000000000,0.0000000000000000
17.000000000000000,99.000000000000000,0.0000000000000000
18.000000000000000,99.000000000000000,0.0000000000000000
19.000000000000000,99.000000000000000,0.0000000000000000
20.000000000000000,99.000000000000000,0.0000000000000000
21.000000000000000,99.000000000000000,0.0000000000000000
22.000000000000000,99.000000000000000,0.0000000000000000
23.000000000000000,99.000000000000000,0.0000000000000000
24.000000000000000,99.000000000000000,0.0000000000000000
25.000000000000000,99.000000000000000,0.0000000000000000
26.000000000000000,99.000000000000000,0.0000000000000000
27.000000000000000,99.000000000000000,0.0000000000000000
28.000000000000000,99.000000000000000,0.0000000000000000
29.000000000000000,99.000000000000000,0.0000000000000000
30.000000000000000,99.000000000000000,0.0000000000000000
31.000000000000000,99.000000000000000,0.0000000000000000
32.000000000000000,99.000000000000000,0.0000000000000000
33.000000000000000,99.000000000000000,0.0000000000000000
34.000000000000000,99.000000000000000,0.0000000000000000
35.000000000000000,99.000000000000000,0.0000000000000000
36.000000000000000,99.000000000000000,0.0000000000000000
37.000000000000000,99.000000000000000,0.0000000000000000
38.000000000000000,99.000000000000000,0.0000000000000000
39.000000000000000,99.000000000000000,0.0000000000000000
40.000000000000000,99.000000000000000,0.0000000000000000
41.000000000000000,99.000000000000000,0.0000000000000000
42.000000000000000,99.000000000000000,0.0000000000000000
43.000000000000000,99.000000000000000,0.0000000000000000
44.000000000000000,99.000000000000000,0.0000000000000000
45.000000000000000,99.000000000000000,0.0000000000000000
46.000000000000000,99.000000000000000,0.0000000000000000
47.000000000000000,99.000000000000000,0.0000000000000000
48.000000000000000,99.000000000000000,0.0000000000000000
49.000000000000000,99.000000000000000,0.0000000000000000
50.000000000000000,99.000000000000000,0.0000000000000000
51.000000000000000,99.000000000000000,0.0000000000000000
52.000000000000000,99.000000000000000,0.0000000000000000
53.000000000000000,99.000000000000000,0.0000000000000000
54.000000000000000,99.000000000000000,0.0000000000000000
55.000000000000000,99.000000000000000,0.0000000000000000
56.000000000000000,99.000000000000000,0.0000000000000000
57.000000000000000,99.000000000000000,0.0000000000000000
58.000000000000000,99.000000000000000,0.0000000000000000
59.000000000000000,99.000000000000000,0.0000000000000000
60.000000000000000,99.000000000000000,0.0000000000000000
61.000000000000000,99.000000000000000,0.0000000000000000
62.000000000000000,99.000000000000000,0.0000000000000000
63.000000000000000,99.000000000000000,0.0000000000000000
64.000000000000000,99.000000000000000,0.0000000000000000
65.000000000000000,99.000000000000000,0.0000000000000000
66.000000000000000,99.000000000000000,0.0000000000000000
67.000000000000000,99.000000000000000,0.0000000000000000
68.000000000000000,99.000000000000000,0.0000000000000000
69.000000000000000,99.000000000000000,0.0000000000000000
70.000000000000000,99.000000000000000,0.0000000000000000
71.000000000000000,99.000000000000000,0.0000000000000000
72.000000000000000,99.000000000000000,0.0000000000000000
73.000000000000000,99.000000000000000,0.0000000000000000
74.000000000000000,99.000000000000000,0.0000000000000000
75.000000000000000,99.000000000000000,0.0000000000000000
76.000000000000000,99.000000000000000,0.0000000000000000
77.000000000000000,99.000000000000000,0.0000000000000000
78.000000000000000,99.000000000000000,0.0000000000000000
79.000000000000000,99.000000000000000,0.0000000000000000
80.000000000000000,99.000000000000000,0.0000000000000000
81.000000000000000,99.000000000000000,0.0000000000000000
82.000000000000000,99.000000000000000,0.0000000000000000
83.000000000000000,99.000000000000000,0.0000000000000000
84.000000000000000,99.000000000000000,4.3000001907348633
85.000000000000000,99.000000000000000,4.3000001907348633
86.000000000000000,99.000000000000000,0.0000000000000000
87.000000000000000,99.000000000000000,0.0000000000000000
88.000000000000000,99.000000000000000,0.0000000000000000
89.000000000000000,99.000000000000000,0.0000000000000000
90.000000000000000,99.000000000000000,0.0000000000000000
91.000000000000000,99.000000000000000,0.0000000000000000
92.000000000000000,99.000000000000000,0.0000000000000000
93.000000000000000,99.000000000000000,0.0000000000000000
94.000000000000000,99.000000000000000,0.0000000000000000
95.000000000000000,99.000000000000000,0.0000000000000000
96.000000000000000,99.000000000000000,0.0000000000000000
97.000000000000000,99.000000000000000,0.0000000000000000
98.000000000000000,99.000000000000000,0.0000000000000000
99.000000000000000,99.000000000000000,0.0000000000000000
100.00000000000000,99.000000000000000,0.0000000000000000
101.00000000000000,99.000000000000000,0.0000000000000000
102.00000000000000,99.000000000000000,0.0000000000000000
103.00000000000000,99.000000000000000,0.0000000000000000
104.00000000000000,99.000000000000000,0.0000000000000000
105.00000000000000,99.000000000000000,0.0000000000000000
106.00000000000000,99.000000000000000,0.0000000000000000
107.00000000000000,99.000000000000000,0.0000000000000000
108.00000000000000,99.000000000000000,0.0000000000000000
109.00000000000000,99.000000000000000,0.0000000000000000
110.00000000000000,99.000000000000000,0.0000000000000000
111.00000000000000,99.000000000000000,0.0000000000000000
112.00000000000000,99.000000000000000,0.0000000000000000
113.00000000000000,99.000000000000000,0.0000000000000000
1.0000000000000000,100.00000000000000,0.0000000000000000
2.0000000000000000,100.00000000000000,0.0000000000000000
3.0000000000000000,100.00000000000000,0.0000000000000000
4.0000000000000000,100.00000000000000,0.0000000000000000
5.0000000000000000,100.00000000000000,0.0000000000000000
6.0000000000000000,100.00000000000000,0.0000000000000000
7.0000000000000000,100.00000000000000,0.0000000000000000
8.0000000000000000,100.00000000000000,0.0000000000000000
9.0000000000000000,100.00000000000000,0.0000000000000000
10.000000000000000,100.00000000000000,0.0000000000000000
11.000000000000000,100.00000000000000,0.0000000000000000
12.000000000000000,100.00000000000000,0.0000000000000000
13.000000000000000,100.00000000000000,0.0000000000000000
14.000000000000000,100.00000000000000,0.0000000000000000
15.000000000000000,100.00000000000000,0.0000000000000000
16.000000000000000,100.00000000000000,0.0000000000000000
17.000000000000000,100.00000000000000,0.0000000000000000
18.000000000000000,100.00000000000000,0.0000000000000000
19.000000000000000,100.00000000000000,0.0000000000000000
20.000000000000000,100.00000000000000,0.0000000000000000
21.000000000000000,100.00000000000000,0.0000000000000000
22.000000000000000,100.00000000000000,0.0000000000000000
23.000000000000000,100.00000000000000,0.0000000000000000
24.000000000000000,100.00000000000000,0.0000000000000000
25.000000000000000,100.00000000000000,0.0000000000000000
26.000000000000000,100.00000000000000,0.0000000000000000
27.000000000000000,100.00000000000000,0.0000000000000000
28.000000000000000,100.00000000000000,0.0000000000000000
29.000000000000000,100.00000000000000,0.0000000000000000
30.000000000000000,100.00000000000000,0.0000000000000000
31.000000000000000,100.00000000000000,0.0000000000000000
32.000000000000000,100.00000000000000,0.0000000000000000
33.000000000000000,100.00000000000000,0.0000000000000000
34.000000000000000,100.00000000000000,0.0000000000000000
35.000000000000000,100.00000000000000,0.0000000000000000
36.000000000000000,100.00000000000000,0.0000000000000000
37.000000000000000,100.00000000000000,0.0000000000000000
38.000000000000000,100.00000000000000,0.0000000000000000
39.000000000000000,100.00000000000000,0.0000000000000000
40.000000000000000,100.00000000000000,0.0000000000000000
41.000000000000000,100.00000000000000,0.0000000000000000
42.000000000000000,100.00000000000000,0.0000000000000000
43.000000000000000,100.00000000000000,0.0000000000000000
44.000000000000000,100.00000000000000,0.0000000000000000
45.000000000000000,100.00000000000000,0.0000000000000000
46.000000000000000,100.00000000000000,0.0000000000000000
47.000000000000000,100.00000000000000,0.0000000000000000
48.000000000000000,100.00000000000000,0.0000000000000000
49.000000000000000,100.00000000000000,0.0000000000000000
50.000000000000000,100.00000000000000,0.0000000000000000
51.000000000000000,100.00000000000000,0.0000000000000000
52.000000000000000,100.00000000000000,0.0000000000000000
53.000000000000000,100.00000000000000,0.0000000000000000
54.000000000000000,100.00000000000000,0.0000000000000000
55.000000000000000,100.00000000000000,0.0000000000000000
56.000000000000000,100.00000000000000,0.0000000000000000
57.000000000000000,100.00000000000000,0.0000000000000000
58.000000000000000,100.00000000000000,0.0000000000000000
59.000000000000000,100.00000000000000,0.0000000000000000
60.000000000000000,100.00000000000000,0.0000000000000000
61.000000000000000,100.00000000000000,0.0000000000000000
62.000000000000000,100.00000000000000,0.0000000000000000
63.000000000000000,100.00000000000000,0.0000000000000000
64.000000000000000,100.00000000000000,0.0000000000000000
65.000000000000000,100.00000000000000,0.0000000000000000
66.000000000000000,100.00000000000000,0.0000000000000000
67.000000000000000,100.00000000000000,0.0000000000000000
68.000000000000000,100.00000000000000,0.0000000000000000
69.000000000000000,100.00000000000000,0.0000000000000000
70.000000000000000,100.00000000000000,0.0000000000000000
71.000000000000000,100.00000000000000,0.0000000000000000
72.000000000000000,100.00000000000000,0.0000000000000000
73.000000000000000,100.00000000000000,0.0000000000000000
74.000000000000000,100.00000000000000,0.0000000000000000
75.000000000000000,100.00000000000000,0.0000000000000000
76.000000000000000,100.00000000000000,0.0000000000000000
77.000000000000000,100.00000000000000,0.0000000000000000
78.000000000000000,100.00000000000000,0.0000000000000000
79.000000000000000,100.00000000000000,0.0000000000000000
80.000000000000000,100.00000000000000,0.0000000000000000
81.000000000000000,100.00000000000000,0.0000000000000000
82.000000000000000,100.00000000000000,0.0000000000000000
83.000000000000000,100.00000000000000,0.0000000000000000
84.000000000000000,100.00000000000000,4.3000001907348633
85.000000000000000,100.00000000000000,4.3000001907348633
86.000000000000000,100.00000000000000,0.0000000000000000
87.000000000000000,100.00000000000000,0.0000000000000000
88.000000000000000,100.00000000000000,0.0000000000000000
89.000000000000000,100.00000000000000,0.0000000000000000
90.000000000000000,100.00000000000000,0.0000000000000000
91.000000000000000,100.00000000000000,0.0000000000000000
92.000000000000000,100.00000000000000,0.0000000000000000
93.000000000000000,100.00000000000000,0.0000000000000000
94.000000000000000,100.00000000000000,0.0000000000000000
95.000000000000000,100.00000000000000,0.0000000000000000
96.000000000000000,100.00000000000000,0.0000000000000000
97.000000000000000,100.00000000000000,0.0000000000000000
98.000000000000000,100.00000000000000,0.0000000000000000
99.000000000000000,100.00000000000000,0.0000000000000000
100.00000000000000,100.00000000000000,0.0000000000000000
101.00000000000000,100.00000000000000,0.0000000000000000
102.00000000000000,100.00000000000000,0.0000000000000000
103.00000000000000,100.00000000000000,0.0000000000000000
104.00000000000000,100.00000000000000,0.0000000000000000
105.00000000000000,100.00000000000000,0.0000000000000000
106.00000000000000,100.00000000000000,0.0000000000000000
107.00000000000000,100.00000000000000,0.0000000000000000
108.00000000000000,100.00000000000000,0.0000000000000000
109.00000000000000,100.00000000000000,0.0000000000000000
110.00000000000000,100.00000000000000,0.0000000000000000
111.00000000000000,100.00000000000000,0.0000000000000000
112.00000000000000,100.00000000000000,0.0000000000000000
113.00000000000000,100.00000000000000,0.0000000000000000
1.0000000000000000,101.00000000000000,0.0000000000000000
2.0000000000000000,101.00000000000000,0.0000000000000000
3.0000000000000000,101.00000000000000,0.0000000000000000
4.0000000000000000,101.00000000000000,0.0000000000000000
5.0000000000000000,101.00000000000000,0.0000000000000000
6.0000000000000000,101.00000000000000,0.0000000000000000
7.0000000000000000,101.00000000000000,0.0000000000000000
8.0000000000000000,101.00000000000000,0.0000000000000000
9.0000000000000000,101.00000000000000,0.0000000000000000
10.000000000000000,101.00000000000000,0.0000000000000000
11.000000000000000,101.00000000000000,0.0000000000000000
12.000000000000000,101.00000000000000,0.0000000000000000
13.000000000000000,101.00000000000000,0.0000000000000000
14.000000000000000,101.00000000000000,0.0000000000000000
15.000000000000000,101.00000000000000,0.0000000000000000
16.000000000000000,101.00000000000000,0.0000000000000000
17.000000000000000,101.00000000000000,0.0000000000000000
18.000000000000000,101.00000000000000,0.0000000000000000
19.000000000000000,101.00000000000000,0.0000000000000000
20.000000000000000,101.00000000000000,0.0000000000000000
21.000000000000000,101.00000000000000,0.0000000000000000
22.000000000000000,101.00000000000000,0.0000000000000000
23.000000000000000,101.00000000000000,0.0000000000000000
24.000000000000000,101.00000000000000,0.0000000000000000
25.000000000000000,101.00000000000000,9.3000001907348633
26.000000000000000,101.00000000000000,9.3000001907348633
27.000000000000000,101.00000000000000,0.0000000000000000
28.000000000000000,101.00000000000000,0.0000000000000000
29.000000000000000,101.00000000000000,0.0000000000000000
30.000000000000000,101.00000000000000,0.0000000000000000
31.000000000000000,101.00000000000000,0.0000000000000000
32.000000000000000,101.00000000000000,0.0000000000000000
33.000000000000000,101.00000000000000,0.0000000000000000
34.000000000000000,101.00000000000000,0.0000000000000000
35.000000000000000,101.00000000000000,0.0000000000000000
36.000000000000000,101.00000000000000,0.0000000000000000
37.000000000000000,101.00000000000000,0.0000000000000000
38.000000000000000,101.00000000000000,0.0000000000000000
39.000000000000000,101.00000000000000,0.0000000000000000
40.000000000000000,101.00000000000000,0.0000000000000000
41.000000000000000,101.00000000000000,0.0000000000000000
42.000000000000000,101.00000000000000,0.0000000000000000
43.000000000000000,101.00000000000000,0.0000000000000000
44.000000000000000,101.00000000000000,0.0000000000000000
45.000000000000000,101.00000000000000,0.0000000000000000
46.000000000000000,101.00000000000000,0.0000000000000000
47.000000000000000,101.00000000000000,0.0000000000000000
48.000000000000000,101.00000000000000,0.0000000000000000
49.000000000000000,101.00000000000000,0.0000000000000000
50.000000000000000,101.00000000000000,0.0000000000000000
51.000000000000000,101.00000000000000,0.0000000000000000
52.000000000000000,101.00000000000000,0.0000000000000000
53.000000000000000,101.00000000000000,0.0000000000000000
54.000000000000000,101.00000000000000,0.0000000000000000
55.000000000000000,101.00000000000000,0.0000000000000000
56.000000000000000,101.00000000000000,0.0000000000000000
57.000000000000000,101.00000000000000,0.0000000000000000
58.000000000000000,101.00000000000000,0.0000000000000000
59.000000000000000,101.00000000000000,0.0000000000000000
60.000000000000000,101.00000000000000,0.0000000000000000
61.000000000000000,101.00000000000000,0.0000000000000000
62.000000000000000,101.00000000000000,0.0000000000000000
63.000000000000000,101.00000000000000,0.0000000000000000
64.000000000000000,101.00000000000000,0.0000000000000000
65.000000000000000,101.00000000000000,0.0000000000000000
66.000000000000000,101.00000000000000,0.0000000000000000
67.000000000000000,101.00000000000000,0.0000000000000000
68.000000000000000,101.00000000000000,0.0000000000000000
69.000000000000000,101.00000000000000,0.0000000000000000
70.000000000000000,101.00000000000000,0.0000000000000000
71.000000000000000,101.00000000000000,0.0000000000000000
72.000000000000000,101.00000000000000,0.0000000000000000
73.000000000000000,101.00000000000000,0.0000000000000000
74.000000000000000,101.00000000000000,0.0000000000000000
75.000000000000000,101.00000000000000,0.0000000000000000
76.000000000000000,101.00000000000000,0.0000000000000000
77.000000000000000,101.00000000000000,0.0000000000000000
78.000000000000000,101.00000000000000,0.0000000000000000
79.000000000000000,101.00000000000000,0.0000000000000000
80.000000000000000,101.00000000000000,0.0000000000000000
81.000000000000000,101.00000000000000,0.0000000000000000
82.000000000000000,101.00000000000000,0.0000000000000000
83.000000000000000,101.00000000000000,0.0000000000000000
84.000000000000000,101.00000000000000,5.5000000000000000
85.000000000000000,101.00000000000000,5.5000000000000000
86.000000000000000,101.00000000000000,0.0000000000000000
87.000000000000000,101.00000000000000,0.0000000000000000
88.000000000000000,101.00000000000000,0.0000000000000000
89.000000000000000,101.00000000000000,0.0000000000000000
90.000000000000000,101.00000000000000,0.0000000000000000
91.000000000000000,101.00000000000000,0.0000000000000000
92.000000000000000,101.00000000000000,0.0000000000000000
93.000000000000000,101.00000000000000,0.0000000000000000
94.000000000000000,101.00000000000000,0.0000000000000000
95.000000000000000,101.00000000000000,0.0000000000000000
96.000000000000000,101.00000000000000,0.0000000000000000
97.000000000000000,101.00000000000000,0.0000000000000000
98.000000000000000,101.00000000000000,0.0000000000000000
99.000000000000000,101.00000000000000,0.0000000000000000
100.00000000000000,101.00000000000000,0.0000000000000000
101.00000000000000,101.00000000000000,0.0000000000000000
102.00000000000000,101.00000000000000,0.0000000000000000
103.00000000000000,101.00000000000000,0.0000000000000000
104.00000000000000,101.00000000000000,0.0000000000000000
105.00000000000000,101.00000000000000,0.0000000000000000
106.00000000000000,101.00000000000000,0.0000000000000000
107.00000000000000,101.00000000000000,0.0000000000000000
108.00000000000000,101.00000000000000,0.0000000000000000
109.00000000000000,101.00000000000000,0.0000000000000000
110.00000000000000,101.00000000000000,0.0000000000000000
111.00000000000000,101.00000000000000,0.0000000000000000
112.00000000000000,101.00000000000000,0.0000000000000000
113.00000000000000,101.00000000000000,0.0000000000000000
1.0000000000000000,102.00000000000000,0.0000000000000000
2.0000000000000000,102.00000000000000,0.0000000000000000
3.0000000000000000,102.00000000000000,0.0000000000000000
4.0000000000000000,102.00000000000000,0.0000000000000000
5.0000000000000000,102.00000000000000,0.0000000000000000
6.0000000000000000,102.00000000000000,0.0000000000000000
7.0000000000000000,102.00000000000000,0.0000000000000000
8.0000000000000000,102.00000000000000,0.0000000000000000
9.0000000000000000,102.00000000000000,0.0000000000000000
10.000000000000000,102.00000000000000,0.0000000000000000
11.000000000000000,102.00000000000000,0.0000000000000000
12.000000000000000,102.00000000000000,0.0000000000000000
13.000000000000000,102.00000000000000,0.0000000000000000
14.000000000000000,102.00000000000000,0.0000000000000000
15.000000000000000,102.00000000000000,0.0000000000000000
16.000000000000000,102.00000000000000,0.0000000000000000
17.000000000000000,102.00000000000000,0.0000000000000000
18.000000000000000,102.00000000000000,0.0000000000000000
19.000000000000000,102.00000000000000,0.0000000000000000
20.000000000000000,102.00000000000000,0.0000000000000000
21.000000000000000,102.00000000000000,0.0000000000000000
22.000000000000000,102.00000000000000,0.0000000000000000
23.000000000000000,102.00000000000000,0.0000000000000000
24.000000000000000,102.00000000000000,0.0000000000000000
25.000000000000000,102.00000000000000,0.0000000000000000
26.000000000000000,102.00000000000000,9.3000001907348633
27.000000000000000,102.00000000000000,0.0000000000000000
28.000000000000000,102.00000000000000,0.0000000000000000
29.000000000000000,102.00000000000000,0.0000000000000000
30.000000000000000,102.00000000000000,0.0000000000000000
31.000000000000000,102.00000000000000,0.0000000000000000
32.000000000000000,102.00000000000000,0.0000000000000000
33.000000000000000,102.00000000000000,0.0000000000000000
34.000000000000000,102.00000000000000,0.0000000000000000
35.000000000000000,102.00000000000000,0.0000000000000000
36.000000000000000,102.00000000000000,0.0000000000000000
37.000000000000000,102.00000000000000,0.0000000000000000
38.000000000000000,102.00000000000000,0.0000000000000000
39.000000000000000,102.00000000000000,0.0000000000000000
40.000000000000000,102.00000000000000,0.0000000000000000
41.000000000000000,102.00000000000000,0.0000000000000000
42.000000000000000,102.00000000000000,0.0000000000000000
43.000000000000000,102.00000000000000,0.0000000000000000
44.000000000000000,102.00000000000000,0.0000000000000000
45.000000000000000,102.00000000000000,0.0000000000000000
46.000000000000000,102.00000000000000,0.0000000000000000
47.000000000000000,102.00000000000000,0.0000000000000000
48.000000000000000,102.00000000000000,0.0000000000000000
49.000000000000000,102.00000000000000,0.0000000000000000
50.000000000000000,102.00000000000000,0.0000000000000000
51.000000000000000,102.00000000000000,0.0000000000000000
52.000000000000000,102.00000000000000,0.0000000000000000
53.000000000000000,102.00000000000000,0.0000000000000000
54.000000000000000,102.00000000000000,0.0000000000000000
55.000000000000000,102.00000000000000,0.0000000000000000
56.000000000000000,102.00000000000000,0.0000000000000000
57.000000000000000,102.00000000000000,0.0000000000000000
58.000000000000000,102.00000000000000,0.0000000000000000
59.000000000000000,102.00000000000000,0.0000000000000000
60.000000000000000,102.00000000000000,0.0000000000000000
61.000000000000000,102.00000000000000,0.0000000000000000
62.000000000000000,102.00000000000000,0.0000000000000000
63.000000000000000,102.00000000000000,0.0000000000000000
64.000000000000000,102.00000000000000,0.0000000000000000
65.000000000000000,102.00000000000000,0.0000000000000000
66.000000000000000,102.00000000000000,0.0000000000000000
67.000000000000000,102.00000000000000,0.0000000000000000
68.000000000000000,102.00000000000000,0.0000000000000000
69.000000000000000,102.00000000000000,0.0000000000000000
70.000000000000000,102.00000000000000,0.0000000000000000
71.000000000000000,102.00000000000000,0.0000000000000000
72.000000000000000,102.00000000000000,0.0000000000000000
73.000000000000000,102.00000000000000,0.0000000000000000
74.000000000000000,102.00000000000000,0.0000000000000000
75.000000000000000,102.00000000000000,0.0000000000000000
76.000000000000000,102.00000000000000,0.0000000000000000
77.000000000000000,102.00000000000000,0.0000000000000000
78.000000000000000,102.00000000000000,0.0000000000000000
79.000000000000000,102.00000000000000,0.0000000000000000
80.000000000000000,102.00000000000000,0.0000000000000000
81.000000000000000,102.00000000000000,0.0000000000000000
82.000000000000000,102.00000000000000,0.0000000000000000
83.000000000000000,102.00000000000000,0.0000000000000000
84.000000000000000,102.00000000000000,5.5000000000000000
85.000000000000000,102.00000000000000,0.0000000000000000
86.000000000000000,102.00000000000000,0.0000000000000000
87.000000000000000,102.00000000000000,0.0000000000000000
88.000000000000000,102.00000000000000,0.0000000000000000
89.000000000000000,102.00000000000000,0.0000000000000000
90.000000000000000,102.00000000000000,0.0000000000000000
91.000000000000000,102.00000000000000,0.0000000000000000
92.000000000000000,102.00000000000000,0.0000000000000000
93.000000000000000,102.00000000000000,0.0000000000000000
94.000000000000000,102.00000000000000,0.0000000000000000
95.000000000000000,102.00000000000000,0.0000000000000000
96.000000000000000,102.00000000000000,0.0000000000000000
97.000000000000000,102.00000000000000,0.0000000000000000
98.000000000000000,102.00000000000000,0.0000000000000000
99.000000000000000,102.00000000000000,0.0000000000000000
100.00000000000000,102.00000000000000,0.0000000000000000
101.00000000000000,102.00000000000000,0.0000000000000000
102.00000000000000,102.00000000000000,0.0000000000000000
103.00000000000000,102.00000000000000,0.0000000000000000
104.00000000000000,102.00000000000000,0.0000000000000000
105.00000000000000,102.00000000000000,0.0000000000000000
106.00000000000000,102.00000000000000,0.0000000000000000
107.00000000000000,102.00000000000000,0.0000000000000000
108.00000000000000,102.00000000000000,0.0000000000000000
109.00000000000000,102.00000000000000,0.0000000000000000
110.00000000000000,102.00000000000000,0.0000000000000000
111.00000000000000,102.00000000000000,0.0000000000000000
112.00000000000000,102.00000000000000,0.0000000000000000
113.00000000000000,102.00000000000000,0.0000000000000000
1.0000000000000000,103.00000000000000,0.0000000000000000
2.0000000000000000,103.00000000000000,0.0000000000000000
3.0000000000000000,103.00000000000000,0.0000000000000000
4.0000000000000000,103.00000000000000,0.0000000000000000
5.0000000000000000,103.00000000000000,0.0000000000000000
6.0000000000000000,103.00000000000000,0.0000000000000000
7.0000000000000000,103.00000000000000,0.0000000000000000
8.0000000000000000,103.00000000000000,0.0000000000000000
9.0000000000000000,103.00000000000000,0.0000000000000000
10.000000000000000,103.00000000000000,0.0000000000000000
11.000000000000000,103.00000000000000,0.0000000000000000
12.000000000000000,103.00000000000000,0.0000000000000000
13.000000000000000,103.00000000000000,0.0000000000000000
14.000000000000000,103.00000000000000,0.0000000000000000
15.000000000000000,103.00000000000000,0.0000000000000000
16.000000000000000,103.00000000000000,0.0000000000000000
17.000000000000000,103.00000000000000,0.0000000000000000
18.000000000000000,103.00000000000000,0.0000000000000000
19.000000000000000,103.00000000000000,0.0000000000000000
20.000000000000000,103.00000000000000,0.0000000000000000
21.000000000000000,103.00000000000000,0.0000000000000000
22.000000000000000,103.00000000000000,0.0000000000000000
23.000000000000000,103.00000000000000,0.0000000000000000
24.000000000000000,103.00000000000000,0.0000000000000000
25.000000000000000,103.00000000000000,0.0000000000000000
26.000000000000000,103.00000000000000,0.0000000000000000
27.000000000000000,103.00000000000000,0.0000000000000000
28.000000000000000,103.00000000000000,0.0000000000000000
29.000000000000000,103.00000000000000,0.0000000000000000
30.000000000000000,103.00000000000000,0.0000000000000000
31.000000000000000,103.00000000000000,0.0000000000000000
32.000000000000000,103.00000000000000,0.0000000000000000
33.000000000000000,103.00000000000000,0.0000000000000000
34.000000000000000,103.00000000000000,0.0000000000000000
35.000000000000000,103.00000000000000,0.0000000000000000
36.000000000000000,103.00000000000000,0.0000000000000000
37.000000000000000,103.00000000000000,0.0000000000000000
38.000000000000000,103.00000000000000,0.0000000000000000
39.000000000000000,103.00000000000000,0.0000000000000000
40.000000000000000,103.00000000000000,0.0000000000000000
41.000000000000000,103.00000000000000,0.0000000000000000
42.000000000000000,103.00000000000000,0.0000000000000000
43.000000000000000,103.00000000000000,0.0000000000000000
44.000000000000000,103.00000000000000,0.0000000000000000
45.000000000000000,103.00000000000000,0.0000000000000000
46.000000000000000,103.00000000000000,0.0000000000000000
47.000000000000000,103.00000000000000,0.0000000000000000
48.000000000000000,103.00000000000000,0.0000000000000000
49.000000000000000,103.00000000000000,0.0000000000000000
50.000000000000000,103.00000000000000,0.0000000000000000
51.000000000000000,103.00000000000000,0.0000000000000000
52.000000000000000,103.00000000000000,0.0000000000000000
53.000000000000000,103.00000000000000,0.0000000000000000
54.000000000000000,103.00000000000000,0.0000000000000000
55.000000000000000,103.00000000000000,0.0000000000000000
56.000000000000000,103.00000000000000,0.0000000000000000
57.000000000000000,103.00000000000000,0.0000000000000000
58.000000000000000,103.00000000000000,0.0000000000000000
59.000000000000000,103.00000000000000,0.0000000000000000
60.000000000000000,103.00000000000000,0.0000000000000000
61.000000000000000,103.00000000000000,0.0000000000000000
62.000000000000000,103.00000000000000,0.0000000000000000
63.000000000000000,103.00000000000000,0.0000000000000000
64.000000000000000,103.00000000000000,0.0000000000000000
65.000000000000000,103.00000000000000,0.0000000000000000
66.000000000000000,103.00000000000000,0.0000000000000000
67.000000000000000,103.00000000000000,0.0000000000000000
68.000000000000000,103.00000000000000,0.0000000000000000
69.000000000000000,103.00000000000000,0.0000000000000000
70.000000000000000,103.00000000000000,0.0000000000000000
71.000000000000000,103.00000000000000,0.0000000000000000
72.000000000000000,103.00000000000000,0.0000000000000000
73.000000000000000,103.00000000000000,0.0000000000000000
74.000000000000000,103.00000000000000,0.0000000000000000
75.000000000000000,103.00000000000000,0.0000000000000000
76.000000000000000,103.00000000000000,0.0000000000000000
77.000000000000000,103.00000000000000,0.0000000000000000
78.000000000000000,103.00000000000000,0.0000000000000000
79.000000000000000,103.00000000000000,0.0000000000000000
80.000000000000000,103.00000000000000,0.0000000000000000
81.000000000000000,103.00000000000000,0.0000000000000000
82.000000000000000,103.00000000000000,0.0000000000000000
83.000000000000000,103.00000000000000,0.0000000000000000
84.000000000000000,103.00000000000000,0.0000000000000000
85.000000000000000,103.00000000000000,0.0000000000000000
86.000000000000000,103.00000000000000,0.0000000000000000
87.000000000000000,103.00000000000000,0.0000000000000000
88.000000000000000,103.00000000000000,0.0000000000000000
89.000000000000000,103.00000000000000,0.0000000000000000
90.000000000000000,103.00000000000000,0.0000000000000000
91.000000000000000,103.00000000000000,0.0000000000000000
92.000000000000000,103.00000000000000,0.0000000000000000
93.000000000000000,103.00000000000000,0.0000000000000000
94.000000000000000,103.00000000000000,0.0000000000000000
95.000000000000000,103.00000000000000,0.0000000000000000
96.000000000000000,103.00000000000000,0.0000000000000000
97.000000000000000,103.00000000000000,0.0000000000000000
98.000000000000000,103.00000000000000,0.0000000000000000
99.000000000000000,103.00000000000000,0.0000000000000000
100.00000000000000,103.00000000000000,0.0000000000000000
101.00000000000000,103.00000000000000,0.0000000000000000
102.00000000000000,103.00000000000000,0.0000000000000000
103.00000000000000,103.00000000000000,0.0000000000000000
104.00000000000000,103.00000000000000,0.0000000000000000
105.00000000000000,103.00000000000000,0.0000000000000000
106.00000000000000,103.00000000000000,0.0000000000000000
107.00000000000000,103.00000000000000,0.0000000000000000
108.00000000000000,103.00000000000000,0.0000000000000000
109.00000000000000,103.00000000000000,0.0000000000000000
110.00000000000000,103.00000000000000,0.0000000000000000
111.00000000000000,103.00000000000000,0.0000000000000000
112.00000000000000,103.00000000000000,0.0000000000000000
113.00000000000000,103.00000000000000,0.0000000000000000
1.0000000000000000,104.00000000000000,0.0000000000000000
2.0000000000000000,104.00000000000000,0.0000000000000000
3.0000000000000000,104.00000000000000,0.0000000000000000
4.0000000000000000,104.00000000000000,0.0000000000000000
5.0000000000000000,104.00000000000000,0.0000000000000000
6.0000000000000000,104.00000000000000,0.0000000000000000
7.0000000000000000,104.00000000000000,0.0000000000000000
8.0000000000000000,104.00000000000000,0.0000000000000000
9.0000000000000000,104.00000000000000,0.0000000000000000
10.000000000000000,104.00000000000000,0.0000000000000000
11.000000000000000,104.00000000000000,0.0000000000000000
12.000000000000000,104.00000000000000,0.0000000000000000
13.000000000000000,104.00000000000000,0.0000000000000000
14.000000000000000,104.00000000000000,0.0000000000000000
15.000000000000000,104.00000000000000,0.0000000000000000
16.000000000000000,104.00000000000000,0.0000000000000000
17.000000000000000,104.00000000000000,0.0000000000000000
18.000000000000000,104.00000000000000,0.0000000000000000
19.000000000000000,104.00000000000000,0.0000000000000000
20.000000000000000,104.00000000000000,0.0000000000000000
21.000000000000000,104.00000000000000,0.0000000000000000
22.000000000000000,104.00000000000000,0.0000000000000000
23.000000000000000,104.00000000000000,0.0000000000000000
24.000000000000000,104.00000000000000,0.0000000000000000
25.000000000000000,104.00000000000000,0.0000000000000000
26.000000000000000,104.00000000000000,0.0000000000000000
27.000000000000000,104.00000000000000,0.0000000000000000
28.000000000000000,104.00000000000000,9.1000003814697266
29.000000000000000,104.00000000000000,9.1000003814697266
30.000000000000000,104.00000000000000,0.0000000000000000
31.000000000000000,104.00000000000000,0.0000000000000000
32.000000000000000,104.00000000000000,0.0000000000000000
33.000000000000000,104.00000000000000,0.0000000000000000
34.000000000000000,104.00000000000000,0.0000000000000000
35.000000000000000,104.00000000000000,0.0000000000000000
36.000000000000000,104.00000000000000,0.0000000000000000
37.000000000000000,104.00000000000000,0.0000000000000000
38.000000000000000,104.00000000000000,0.0000000000000000
39.000000000000000,104.00000000000000,0.0000000000000000
40.000000000000000,104.00000000000000,0.0000000000000000
41.000000000000000,104.00000000000000,0.0000000000000000
42.000000000000000,104.00000000000000,0.0000000000000000
43.000000000000000,104.00000000000000,0.0000000000000000
44.000000000000000,104.00000000000000,0.0000000000000000
45.000000000000000,104.00000000000000,0.0000000000000000
46.000000000000000,104.00000000000000,0.0000000000000000
47.000000000000000,104.00000000000000,0.0000000000000000
48.000000000000000,104.00000000000000,0.0000000000000000
49.000000000000000,104.00000000000000,0.0000000000000000
50.000000000000000,104.00000000000000,0.0000000000000000
51.000000000000000,104.00000000000000,0.0000000000000000
52.000000000000000,104.00000000000000,0.0000000000000000
53.000000000000000,104.00000000000000,0.0000000000000000
54.000000000000000,104.00000000000000,0.0000000000000000
55.000000000000000,104.00000000000000,0.0000000000000000
56.000000000000000,104.00000000000000,0.0000000000000000
57.000000000000000,104.00000000000000,0.0000000000000000
58.000000000000000,104.00000000000000,0.0000000000000000
59.000000000000000,104.00000000000000,0.0000000000000000
60.000000000000000,104.00000000000000,0.0000000000000000
61.000000000000000,104.00000000000000,0.0000000000000000
62.000000000000000,104.00000000000000,0.0000000000000000
63.000000000000000,104.00000000000000,0.0000000000000000
64.000000000000000,104.00000000000000,0.0000000000000000
65.000000000000000,104.00000000000000,0.0000000000000000
66.000000000000000,104.00000000000000,0.0000000000000000
67.000000000000000,104.00000000000000,0.0000000000000000
68.000000000000000,104.00000000000000,0.0000000000000000
69.000000000000000,104.00000000000000,0.0000000000000000
70.000000000000000,104.00000000000000,0.0000000000000000
71.000000000000000,104.00000000000000,0.0000000000000000
72.000000000000000,104.00000000000000,0.0000000000000000
73.000000000000000,104.00000000000000,0.0000000000000000
74.000000000000000,104.00000000000000,0.0000000000000000
75.000000000000000,104.00000000000000,0.0000000000000000
76.000000000000000,104.00000000000000,0.0000000000000000
77.000000000000000,104.00000000000000,0.0000000000000000
78.000000000000000,104.00000000000000,0.0000000000000000
79.000000000000000,104.00000000000000,0.0000000000000000
80.000000000000000,104.00000000000000,0.0000000000000000
81.000000000000000,104.00000000000000,6.4000000953674316
82.000000000000000,104.00000000000000,6.4000000953674316
83.000000000000000,104.00000000000000,0.0000000000000000
84.000000000000000,104.00000000000000,0.0000000000000000
85.000000000000000,104.00000000000000,0.0000000000000000
86.000000000000000,104.00000000000000,0.0000000000000000
87.000000000000000,104.00000000000000,0.0000000000000000
88.000000000000000,104.00000000000000,0.0000000000000000
89.000000000000000,104.00000000000000,0.0000000000000000
90.000000000000000,104.00000000000000,0.0000000000000000
91.000000000000000,104.00000000000000,0.0000000000000000
92.000000000000000,104.00000000000000,0.0000000000000000
93.000000000000000,104.00000000000000,0.0000000000000000
94.000000000000000,104.00000000000000,0.0000000000000000
95.000000000000000,104.00000000000000,0.0000000000000000
96.000000000000000,104.00000000000000,0.0000000000000000
97.000000000000000,104.00000000000000,0.0000000000000000
98.000000000000000,104.00000000000000,0.0000000000000000
99.000000000000000,104.00000000000000,0.0000000000000000
100.00000000000000,104.00000000000000,0.0000000000000000
101.00000000000000,104.00000000000000,0.0000000000000000
102.00000000000000,104.00000000000000,0.0000000000000000
103.00000000000000,104.00000000000000,0.0000000000000000
104.00000000000000,104.00000000000000,0.0000000000000000
105.00000000000000,104.00000000000000,0.0000000000000000
106.00000000000000,104.00000000000000,0.0000000000000000
107.00000000000000,104.00000000000000,0.0000000000000000
108.00000000000000,104.00000000000000,0.0000000000000000
109.00000000000000,104.00000000000000,0.0000000000000000
110.00000000000000,104.00000000000000,0.0000000000000000
111.00000000000000,104.00000000000000,0.0000000000000000
112.00000000000000,104.00000000000000,0.0000000000000000
113.00000000000000,104.00000000000000,0.0000000000000000
1.0000000000000000,105.00000000000000,0.0000000000000000
2.0000000000000000,105.00000000000000,0.0000000000000000
3.0000000000000000,105.00000000000000,0.0000000000000000
4.0000000000000000,105.00000000000000,0.0000000000000000
5.0000000000000000,105.00000000000000,0.0000000000000000
6.0000000000000000,105.00000000000000,0.0000000000000000
7.0000000000000000,105.00000000000000,0.0000000000000000
8.0000000000000000,105.00000000000000,0.0000000000000000
9.0000000000000000,105.00000000000000,0.0000000000000000
10.000000000000000,105.00000000000000,0.0000000000000000
11.000000000000000,105.00000000000000,0.0000000000000000
12.000000000000000,105.00000000000000,0.0000000000000000
13.000000000000000,105.00000000000000,0.0000000000000000
14.000000000000000,105.00000000000000,0.0000000000000000
15.000000000000000,105.00000000000000,0.0000000000000000
16.000000000000000,105.00000000000000,0.0000000000000000
17.000000000000000,105.00000000000000,0.0000000000000000
18.000000000000000,105.00000000000000,0.0000000000000000
19.000000000000000,105.00000000000000,0.0000000000000000
20.000000000000000,105.00000000000000,0.0000000000000000
21.000000000000000,105.00000000000000,0.0000000000000000
22.000000000000000,105.00000000000000,0.0000000000000000
23.000000000000000,105.00000000000000,0.0000000000000000
24.000000000000000,105.00000000000000,0.0000000000000000
25.000000000000000,105.00000000000000,0.0000000000000000
26.000000000000000,105.00000000000000,0.0000000000000000
27.000000000000000,105.00000000000000,0.0000000000000000
28.000000000000000,105.00000000000000,0.0000000000000000
29.000000000000000,105.00000000000000,9.1000003814697266
30.000000000000000,105.00000000000000,0.0000000000000000
31.000000000000000,105.00000000000000,0.0000000000000000
32.000000000000000,105.00000000000000,0.0000000000000000
33.000000000000000,105.00000000000000,0.0000000000000000
34.000000000000000,105.00000000000000,0.0000000000000000
35.000000000000000,105.00000000000000,0.0000000000000000
36.000000000000000,105.00000000000000,0.0000000000000000
37.000000000000000,105.00000000000000,0.0000000000000000
38.000000000000000,105.00000000000000,0.0000000000000000
39.000000000000000,105.00000000000000,0.0000000000000000
40.000000000000000,105.00000000000000,0.0000000000000000
41.000000000000000,105.00000000000000,0.0000000000000000
42.000000000000000,105.00000000000000,0.0000000000000000
43.000000000000000,105.00000000000000,0.0000000000000000
44.000000000000000,105.00000000000000,0.0000000000000000
45.000000000000000,105.00000000000000,0.0000000000000000
46.000000000000000,105.00000000000000,0.0000000000000000
47.000000000000000,105.00000000000000,0.0000000000000000
48.000000000000000,105.00000000000000,0.0000000000000000
49.000000000000000,105.00000000000000,0.0000000000000000
50.000000000000000,105.00000000000000,0.0000000000000000
51.000000000000000,105.00000000000000,0.0000000000000000
52.000000000000000,105.00000000000000,0.0000000000000000
53.000000000000000,105.00000000000000,0.0000000000000000
54.000000000000000,105.00000000000000,0.0000000000000000
55.000000000000000,105.00000000000000,0.0000000000000000
56.000000000000000,105.00000000000000,0.0000000000000000
57.000000000000000,105.00000000000000,0.0000000000000000
58.000000000000000,105.00000000000000,0.0000000000000000
59.000000000000000,105.00000000000000,0.0000000000000000
60.000000000000000,105.00000000000000,0.0000000000000000
61.000000000000000,105.00000000000000,0.0000000000000000
62.000000000000000,105.00000000000000,0.0000000000000000
63.000000000000000,105.00000000000000,0.0000000000000000
64.000000000000000,105.00000000000000,0.0000000000000000
65.000000000000000,105.00000000000000,0.0000000000000000
66.000000000000000,105.00000000000000,0.0000000000000000
67.000000000000000,105.00000000000000,0.0000000000000000
68.000000000000000,105.00000000000000,0.0000000000000000
69.000000000000000,105.00000000000000,0.0000000000000000
70.000000000000000,105.00000000000000,0.0000000000000000
71.000000000000000,105.00000000000000,0.0000000000000000
72.000000000000000,105.00000000000000,0.0000000000000000
73.000000000000000,105.00000000000000,0.0000000000000000
74.000000000000000,105.00000000000000,0.0000000000000000
75.000000000000000,105.00000000000000,0.0000000000000000
76.000000000000000,105.00000000000000,0.0000000000000000
77.000000000000000,105.00000000000000,0.0000000000000000
78.000000000000000,105.00000000000000,0.0000000000000000
79.000000000000000,105.00000000000000,0.0000000000000000
80.000000000000000,105.00000000000000,0.0000000000000000
81.000000000000000,105.00000000000000,6.4000000953674316
82.000000000000000,105.00000000000000,0.0000000000000000
83.000000000000000,105.00000000000000,0.0000000000000000
84.000000000000000,105.00000000000000,0.0000000000000000
85.000000000000000,105.00000000000000,0.0000000000000000
86.000000000000000,105.00000000000000,0.0000000000000000
87.000000000000000,105.00000000000000,0.0000000000000000
88.000000000000000,105.00000000000000,0.0000000000000000
89.000000000000000,105.00000000000000,0.0000000000000000
90.000000000000000,105.00000000000000,0.0000000000000000
91.000000000000000,105.00000000000000,0.0000000000000000
92.000000000000000,105.00000000000000,0.0000000000000000
93.000000000000000,105.00000000000000,0.0000000000000000
94.000000000000000,105.00000000000000,0.0000000000000000
95.000000000000000,105.00000000000000,0.0000000000000000
96.000000000000000,105.00000000000000,0.0000000000000000
97.000000000000000,105.00000000000000,0.0000000000000000
98.000000000000000,105.00000000000000,0.0000000000000000
99.000000000000000,105.00000000000000,0.0000000000000000
100.00000000000000,105.00000000000000,0.0000000000000000
101.00000000000000,105.00000000000000,0.0000000000000000
102.00000000000000,105.00000000000000,0.0000000000000000
103.00000000000000,105.00000000000000,0.0000000000000000
104.00000000000000,105.00000000000000,0.0000000000000000
105.00000000000000,105.00000000000000,0.0000000000000000
106.00000000000000,105.00000000000000,0.0000000000000000
107.00000000000000,105.00000000000000,0.0000000000000000
108.00000000000000,105.00000000000000,0.0000000000000000
109.00000000000000,105.00000000000000,0.0000000000000000
110.00000000000000,105.00000000000000,0.0000000000000000
111.00000000000000,105.00000000000000,0.0000000000000000
112.00000000000000,105.00000000000000,0.0000000000000000
113.00000000000000,105.00000000000000,0.0000000000000000
1.0000000000000000,106.00000000000000,0.0000000000000000
2.0000000000000000,106.00000000000000,0.0000000000000000
3.0000000000000000,106.00000000000000,0.0000000000000000
4.0000000000000000,106.00000000000000,0.0000000000000000
5.0000000000000000,106.00000000000000,0.0000000000000000
6.0000000000000000,106.00000000000000,0.0000000000000000
7.0000000000000000,106.00000000000000,0.0000000000000000
8.0000000000000000,106.00000000000000,0.0000000000000000
9.0000000000000000,106.00000000000000,0.0000000000000000
10.000000000000000,106.00000000000000,0.0000000000000000
11.000000000000000,106.00000000000000,0.0000000000000000
12.000000000000000,106.00000000000000,0.0000000000000000
13.000000000000000,106.00000000000000,0.0000000000000000
14.000000000000000,106.00000000000000,0.0000000000000000
15.000000000000000,106.00000000000000,0.0000000000000000
16.000000000000000,106.00000000000000,0.0000000000000000
17.000000000000000,106.00000000000000,0.0000000000000000
18.000000000000000,106.00000000000000,0.0000000000000000
19.000000000000000,106.00000000000000,0.0000000000000000
20.000000000000000,106.00000000000000,0.0000000000000000
21.000000000000000,106.00000000000000,0.0000000000000000
22.000000000000000,106.00000000000000,0.0000000000000000
23.000000000000000,106.00000000000000,0.0000000000000000
24.000000000000000,106.00000000000000,0.0000000000000000
25.000000000000000,106.00000000000000,0.0000000000000000
26.000000000000000,106.00000000000000,0.0000000000000000
27.000000000000000,106.00000000000000,0.0000000000000000
28.000000000000000,106.00000000000000,0.0000000000000000
29.000000000000000,106.00000000000000,0.0000000000000000
30.000000000000000,106.00000000000000,0.0000000000000000
31.000000000000000,106.00000000000000,0.0000000000000000
32.000000000000000,106.00000000000000,0.0000000000000000
33.000000000000000,106.00000000000000,0.0000000000000000
34.000000000000000,106.00000000000000,0.0000000000000000
35.000000000000000,106.00000000000000,0.0000000000000000
36.000000000000000,106.00000000000000,0.0000000000000000
37.000000000000000,106.00000000000000,0.0000000000000000
38.000000000000000,106.00000000000000,0.0000000000000000
39.000000000000000,106.00000000000000,0.0000000000000000
40.000000000000000,106.00000000000000,0.0000000000000000
41.000000000000000,106.00000000000000,0.0000000000000000
42.000000000000000,106.00000000000000,0.0000000000000000
43.000000000000000,106.00000000000000,0.0000000000000000
44.000000000000000,106.00000000000000,0.0000000000000000
45.000000000000000,106.00000000000000,0.0000000000000000
46.000000000000000,106.00000000000000,0.0000000000000000
47.000000000000000,106.00000000000000,0.0000000000000000
48.000000000000000,106.00000000000000,0.0000000000000000
49.000000000000000,106.00000000000000,0.0000000000000000
50.000000000000000,106.00000000000000,0.0000000000000000
51.000000000000000,106.00000000000000,0.0000000000000000
52.000000000000000,106.00000000000000,0.0000000000000000
53.000000000000000,106.00000000000000,0.0000000000000000
54.000000000000000,106.00000000000000,0.0000000000000000
55.000000000000000,106.00000000000000,0.0000000000000000
56.000000000000000,106.00000000000000,0.0000000000000000
57.000000000000000,106.00000000000000,0.0000000000000000
58.000000000000000,106.00000000000000,0.0000000000000000
59.000000000000000,106.00000000000000,0.0000000000000000
60.000000000000000,106.00000000000000,0.0000000000000000
61.000000000000000,106.00000000000000,0.0000000000000000
62.000000000000000,106.00000000000000,0.0000000000000000
63.000000000000000,106.00000000000000,0.0000000000000000
64.000000000000000,106.00000000000000,0.0000000000000000
65.000000000000000,106.00000000000000,0.0000000000000000
66.000000000000000,106.00000000000000,0.0000000000000000
67.000000000000000,106.00000000000000,0.0000000000000000
68.000000000000000,106.00000000000000,0.0000000000000000
69.000000000000000,106.00000000000000,0.0000000000000000
70.000000000000000,106.00000000000000,0.0000000000000000
71.000000000000000,106.00000000000000,0.0000000000000000
72.000000000000000,106.00000000000000,0.0000000000000000
73.000000000000000,106.00000000000000,0.0000000000000000
74.000000000000000,106.00000000000000,0.0000000000000000
75.000000000000000,106.00000000000000,0.0000000000000000
76.000000000000000,106.00000000000000,0.0000000000000000
77.000000000000000,106.00000000000000,0.0000000000000000
78.000000000000000,106.00000000000000,0.0000000000000000
79.000000000000000,106.00000000000000,0.0000000000000000
80.000000000000000,106.00000000000000,0.0000000000000000
81.000000000000000,106.00000000000000,6.4000000953674316
82.000000000000000,106.00000000000000,6.4000000953674316
83.000000000000000,106.00000000000000,0.0000000000000000
84.000000000000000,106.00000000000000,0.0000000000000000
85.000000000000000,106.00000000000000,0.0000000000000000
86.000000000000000,106.00000000000000,0.0000000000000000
87.000000000000000,106.00000000000000,0.0000000000000000
88.000000000000000,106.00000000000000,0.0000000000000000
89.000000000000000,106.00000000000000,0.0000000000000000
90.000000000000000,106.00000000000000,0.0000000000000000
91.000000000000000,106.00000000000000,0.0000000000000000
92.000000000000000,106.00000000000000,0.0000000000000000
93.000000000000000,106.00000000000000,0.0000000000000000
94.000000000000000,106.00000000000000,0.0000000000000000
95.000000000000000,106.00000000000000,0.0000000000000000
96.000000000000000,106.00000000000000,0.0000000000000000
97.000000000000000,106.00000000000000,0.0000000000000000
98.000000000000000,106.00000000000000,0.0000000000000000
99.000000000000000,106.00000000000000,0.0000000000000000
100.00000000000000,106.00000000000000,0.0000000000000000
101.00000000000000,106.00000000000000,0.0000000000000000
102.00000000000000,106.00000000000000,0.0000000000000000
103.00000000000000,106.00000000000000,0.0000000000000000
104.00000000000000,106.00000000000000,0.0000000000000000
105.00000000000000,106.00000000000000,0.0000000000000000
106.00000000000000,106.00000000000000,0.0000000000000000
107.00000000000000,106.00000000000000,0.0000000000000000
108.00000000000000,106.00000000000000,0.0000000000000000
109.00000000000000,106.00000000000000,0.0000000000000000
110.00000000000000,106.00000000000000,0.0000000000000000
111.00000000000000,106.00000000000000,0.0000000000000000
112.00000000000000,106.00000000000000,0.0000000000000000
113.00000000000000,106.00000000000000,0.0000000000000000
1.0000000000000000,107.00000000000000,0.0000000000000000
2.0000000000000000,107.00000000000000,0.0000000000000000
3.0000000000000000,107.00000000000000,0.0000000000000000
4.0000000000000000,107.00000000000000,0.0000000000000000
5.0000000000000000,107.00000000000000,0.0000000000000000
6.0000000000000000,107.00000000000000,0.0000000000000000
7.0000000000000000,107.00000000000000,0.0000000000000000
8.0000000000000000,107.00000000000000,0.0000000000000000
9.0000000000000000,107.00000000000000,0.0000000000000000
10.000000000000000,107.00000000000000,0.0000000000000000
11.000000000000000,107.00000000000000,0.0000000000000000
12.000000000000000,107.00000000000000,0.0000000000000000
13.000000000000000,107.00000000000000,0.0000000000000000
14.000000000000000,107.00000000000000,0.0000000000000000
15.000000000000000,107.00000000000000,0.0000000000000000
16.000000000000000,107.00000000000000,0.0000000000000000
17.000000000000000,107.00000000000000,0.0000000000000000
18.000000000000000,107.00000000000000,0.0000000000000000
19.000000000000000,107.00000000000000,0.0000000000000000
20.000000000000000,107.00000000000000,0.0000000000000000
21.000000000000000,107.00000000000000,0.0000000000000000
22.000000000000000,107.00000000000000,0.0000000000000000
23.000000000000000,107.00000000000000,0.0000000000000000
24.000000000000000,107.00000000000000,0.0000000000000000
25.000000000000000,107.00000000000000,0.0000000000000000
26.000000000000000,107.00000000000000,0.0000000000000000
27.000000000000000,107.00000000000000,0.0000000000000000
28.000000000000000,107.00000000000000,0.0000000000000000
29.000000000000000,107.00000000000000,0.0000000000000000
30.000000000000000,107.00000000000000,0.0000000000000000
31.000000000000000,107.00000000000000,0.0000000000000000
32.000000000000000,107.00000000000000,0.0000000000000000
33.000000000000000,107.00000000000000,0.0000000000000000
34.000000000000000,107.00000000000000,0.0000000000000000
35.000000000000000,107.00000000000000,0.0000000000000000
36.000000000000000,107.00000000000000,0.0000000000000000
37.000000000000000,107.00000000000000,0.0000000000000000
38.000000000000000,107.00000000000000,0.0000000000000000
39.000000000000000,107.00000000000000,0.0000000000000000
40.000000000000000,107.00000000000000,0.0000000000000000
41.000000000000000,107.00000000000000,0.0000000000000000
42.000000000000000,107.00000000000000,0.0000000000000000
43.000000000000000,107.00000000000000,0.0000000000000000
44.000000000000000,107.00000000000000,0.0000000000000000
45.000000000000000,107.00000000000000,0.0000000000000000
46.000000000000000,107.00000000000000,0.0000000000000000
47.000000000000000,107.00000000000000,0.0000000000000000
48.000000000000000,107.00000000000000,0.0000000000000000
49.000000000000000,107.00000000000000,0.0000000000000000
50.000000000000000,107.00000000000000,0.0000000000000000
51.000000000000000,107.00000000000000,0.0000000000000000
52.000000000000000,107.00000000000000,0.0000000000000000
53.000000000000000,107.00000000000000,0.0000000000000000
54.000000000000000,107.00000000000000,0.0000000000000000
55.000000000000000,107.00000000000000,0.0000000000000000
56.000000000000000,107.00000000000000,0.0000000000000000
57.000000000000000,107.00000000000000,0.0000000000000000
58.000000000000000,107.00000000000000,0.0000000000000000
59.000000000000000,107.00000000000000,0.0000000000000000
60.000000000000000,107.00000000000000,0.0000000000000000
61.000000000000000,107.00000000000000,0.0000000000000000
62.000000000000000,107.00000000000000,0.0000000000000000
63.000000000000000,107.00000000000000,0.0000000000000000
64.000000000000000,107.00000000000000,0.0000000000000000
65.000000000000000,107.00000000000000,0.0000000000000000
66.000000000000000,107.00000000000000,0.0000000000000000
67.000000000000000,107.00000000000000,0.0000000000000000
68.000000000000000,107.00000000000000,0.0000000000000000
69.000000000000000,107.00000000000000,0.0000000000000000
70.000000000000000,107.00000000000000,0.0000000000000000
71.000000000000000,107.00000000000000,0.0000000000000000
72.000000000000000,107.00000000000000,0.0000000000000000
73.000000000000000,107.00000000000000,0.0000000000000000
74.000000000000000,107.00000000000000,0.0000000000000000
75.000000000000000,107.00000000000000,0.0000000000000000
76.000000000000000,107.00000000000000,0.0000000000000000
77.000000000000000,107.00000000000000,0.0000000000000000
78.000000000000000,107.00000000000000,0.0000000000000000
79.000000000000000,107.00000000000000,0.0000000000000000
80.000000000000000,107.00000000000000,0.0000000000000000
81.000000000000000,107.00000000000000,6.6999998092651367
82.000000000000000,107.00000000000000,6.6999998092651367
83.000000000000000,107.00000000000000,0.0000000000000000
84.000000000000000,107.00000000000000,0.0000000000000000
85.000000000000000,107.00000000000000,0.0000000000000000
86.000000000000000,107.00000000000000,0.0000000000000000
87.000000000000000,107.00000000000000,0.0000000000000000
88.000000000000000,107.00000000000000,0.0000000000000000
89.000000000000000,107.00000000000000,0.0000000000000000
90.000000000000000,107.00000000000000,0.0000000000000000
91.000000000000000,107.00000000000000,0.0000000000000000
92.000000000000000,107.00000000000000,0.0000000000000000
93.000000000000000,107.00000000000000,0.0000000000000000
94.000000000000000,107.00000000000000,0.0000000000000000
95.000000000000000,107.00000000000000,0.0000000000000000
96.000000000000000,107.00000000000000,0.0000000000000000
97.000000000000000,107.00000000000000,0.0000000000000000
98.000000000000000,107.00000000000000,0.0000000000000000
99.000000000000000,107.00000000000000,0.0000000000000000
100.00000000000000,107.00000000000000,0.0000000000000000
101.00000000000000,107.00000000000000,0.0000000000000000
102.00000000000000,107.00000000000000,0.0000000000000000
103.00000000000000,107.00000000000000,0.0000000000000000
104.00000000000000,107.00000000000000,0.0000000000000000
105.00000000000000,107.00000000000000,0.0000000000000000
106.00000000000000,107.00000000000000,0.0000000000000000
107.00000000000000,107.00000000000000,0.0000000000000000
108.00000000000000,107.00000000000000,0.0000000000000000
109.00000000000000,107.00000000000000,0.0000000000000000
110.00000000000000,107.00000000000000,0.0000000000000000
111.00000000000000,107.00000000000000,0.0000000000000000
112.00000000000000,107.00000000000000,0.0000000000000000
113.00000000000000,107.00000000000000,0.0000000000000000
1.0000000000000000,108.00000000000000,0.0000000000000000
2.0000000000000000,108.00000000000000,0.0000000000000000
3.0000000000000000,108.00000000000000,0.0000000000000000
4.0000000000000000,108.00000000000000,0.0000000000000000
5.0000000000000000,108.00000000000000,0.0000000000000000
6.0000000000000000,108.00000000000000,0.0000000000000000
7.0000000000000000,108.00000000000000,0.0000000000000000
8.0000000000000000,108.00000000000000,0.0000000000000000
9.0000000000000000,108.00000000000000,0.0000000000000000
10.000000000000000,108.00000000000000,0.0000000000000000
11.000000000000000,108.00000000000000,0.0000000000000000
12.000000000000000,108.00000000000000,0.0000000000000000
13.000000000000000,108.00000000000000,0.0000000000000000
14.000000000000000,108.00000000000000,0.0000000000000000
15.000000000000000,108.00000000000000,0.0000000000000000
16.000000000000000,108.00000000000000,0.0000000000000000
17.000000000000000,108.00000000000000,0.0000000000000000
18.000000000000000,108.00000000000000,0.0000000000000000
19.000000000000000,108.00000000000000,0.0000000000000000
20.000000000000000,108.00000000000000,0.0000000000000000
21.000000000000000,108.00000000000000,0.0000000000000000
22.000000000000000,108.00000000000000,0.0000000000000000
23.000000000000000,108.00000000000000,0.0000000000000000
24.000000000000000,108.00000000000000,0.0000000000000000
25.000000000000000,108.00000000000000,0.0000000000000000
26.000000000000000,108.00000000000000,0.0000000000000000
27.000000000000000,108.00000000000000,0.0000000000000000
28.000000000000000,108.00000000000000,0.0000000000000000
29.000000000000000,108.00000000000000,0.0000000000000000
30.000000000000000,108.00000000000000,0.0000000000000000
31.000000000000000,108.00000000000000,0.0000000000000000
32.000000000000000,108.00000000000000,0.0000000000000000
33.000000000000000,108.00000000000000,0.0000000000000000
34.000000000000000,108.00000000000000,0.0000000000000000
35.000000000000000,108.00000000000000,0.0000000000000000
36.000000000000000,108.00000000000000,0.0000000000000000
37.000000000000000,108.00000000000000,0.0000000000000000
38.000000000000000,108.00000000000000,0.0000000000000000
39.000000000000000,108.00000000000000,0.0000000000000000
40.000000000000000,108.00000000000000,0.0000000000000000
41.000000000000000,108.00000000000000,0.0000000000000000
42.000000000000000,108.00000000000000,0.0000000000000000
43.000000000000000,108.00000000000000,0.0000000000000000
44.000000000000000,108.00000000000000,0.0000000000000000
45.000000000000000,108.00000000000000,0.0000000000000000
46.000000000000000,108.00000000000000,0.0000000000000000
47.000000000000000,108.00000000000000,0.0000000000000000
48.000000000000000,108.00000000000000,0.0000000000000000
49.000000000000000,108.00000000000000,0.0000000000000000
50.000000000000000,108.00000000000000,0.0000000000000000
51.000000000000000,108.00000000000000,0.0000000000000000
52.000000000000000,108.00000000000000,0.0000000000000000
53.000000000000000,108.00000000000000,0.0000000000000000
54.000000000000000,108.00000000000000,0.0000000000000000
55.000000000000000,108.00000000000000,0.0000000000000000
56.000000000000000,108.00000000000000,0.0000000000000000
57.000000000000000,108.00000000000000,0.0000000000000000
58.000000000000000,108.00000000000000,0.0000000000000000
59.000000000000000,108.00000000000000,0.0000000000000000
60.000000000000000,108.00000000000000,0.0000000000000000
61.000000000000000,108.00000000000000,0.0000000000000000
62.000000000000000,108.00000000000000,0.0000000000000000
63.000000000000000,108.00000000000000,0.0000000000000000
64.000000000000000,108.00000000000000,0.0000000000000000
65.000000000000000,108.00000000000000,0.0000000000000000
66.000000000000000,108.00000000000000,0.0000000000000000
67.000000000000000,108.00000000000000,0.0000000000000000
68.000000000000000,108.00000000000000,0.0000000000000000
69.000000000000000,108.00000000000000,0.0000000000000000
70.000000000000000,108.00000000000000,0.0000000000000000
71.000000000000000,108.00000000000000,0.0000000000000000
72.000000000000000,108.00000000000000,0.0000000000000000
73.000000000000000,108.00000000000000,0.0000000000000000
74.000000000000000,108.00000000000000,0.0000000000000000
75.000000000000000,108.00000000000000,0.0000000000000000
76.000000000000000,108.00000000000000,0.0000000000000000
77.000000000000000,108.00000000000000,0.0000000000000000
78.000000000000000,108.00000000000000,0.0000000000000000
79.000000000000000,108.00000000000000,0.0000000000000000
80.000000000000000,108.00000000000000,0.0000000000000000
81.000000000000000,108.00000000000000,6.6999998092651367
82.000000000000000,108.00000000000000,6.6999998092651367
83.000000000000000,108.00000000000000,0.0000000000000000
84.000000000000000,108.00000000000000,0.0000000000000000
85.000000000000000,108.00000000000000,0.0000000000000000
86.000000000000000,108.00000000000000,0.0000000000000000
87.000000000000000,108.00000000000000,0.0000000000000000
88.000000000000000,108.00000000000000,0.0000000000000000
89.000000000000000,108.00000000000000,0.0000000000000000
90.000000000000000,108.00000000000000,0.0000000000000000
91.000000000000000,108.00000000000000,0.0000000000000000
92.000000000000000,108.00000000000000,0.0000000000000000
93.000000000000000,108.00000000000000,0.0000000000000000
94.000000000000000,108.00000000000000,0.0000000000000000
95.000000000000000,108.00000000000000,0.0000000000000000
96.000000000000000,108.00000000000000,0.0000000000000000
97.000000000000000,108.00000000000000,0.0000000000000000
98.000000000000000,108.00000000000000,0.0000000000000000
99.000000000000000,108.00000000000000,0.0000000000000000
100.00000000000000,108.00000000000000,0.0000000000000000
101.00000000000000,108.00000000000000,0.0000000000000000
102.00000000000000,108.00000000000000,0.0000000000000000
103.00000000000000,108.00000000000000,0.0000000000000000
104.00000000000000,108.00000000000000,0.0000000000000000
105.00000000000000,108.00000000000000,0.0000000000000000
106.00000000000000,108.00000000000000,0.0000000000000000
107.00000000000000,108.00000000000000,0.0000000000000000
108.00000000000000,108.00000000000000,0.0000000000000000
109.00000000000000,108.00000000000000,0.0000000000000000
110.00000000000000,108.00000000000000,0.0000000000000000
111.00000000000000,108.00000000000000,0.0000000000000000
112.00000000000000,108.00000000000000,0.0000000000000000
113.00000000000000,108.00000000000000,0.0000000000000000
1.0000000000000000,109.00000000000000,0.0000000000000000
2.0000000000000000,109.00000000000000,0.0000000000000000
3.0000000000000000,109.00000000000000,0.0000000000000000
4.0000000000000000,109.00000000000000,0.0000000000000000
5.0000000000000000,109.00000000000000,0.0000000000000000
6.0000000000000000,109.00000000000000,0.0000000000000000
7.0000000000000000,109.00000000000000,0.0000000000000000
8.0000000000000000,109.00000000000000,0.0000000000000000
9.0000000000000000,109.00000000000000,0.0000000000000000
10.000000000000000,109.00000000000000,0.0000000000000000
11.000000000000000,109.00000000000000,0.0000000000000000
12.000000000000000,109.00000000000000,0.0000000000000000
13.000000000000000,109.00000000000000,0.0000000000000000
14.000000000000000,109.00000000000000,0.0000000000000000
15.000000000000000,109.00000000000000,0.0000000000000000
16.000000000000000,109.00000000000000,0.0000000000000000
17.000000000000000,109.00000000000000,0.0000000000000000
18.000000000000000,109.00000000000000,0.0000000000000000
19.000000000000000,109.00000000000000,0.0000000000000000
20.000000000000000,109.00000000000000,0.0000000000000000
21.000000000000000,109.00000000000000,0.0000000000000000
22.000000000000000,109.00000000000000,0.0000000000000000
23.000000000000000,109.00000000000000,0.0000000000000000
24.000000000000000,109.00000000000000,0.0000000000000000
25.000000000000000,109.00000000000000,0.0000000000000000
26.000000000000000,109.00000000000000,0.0000000000000000
27.000000000000000,109.00000000000000,0.0000000000000000
28.000000000000000,109.00000000000000,0.0000000000000000
29.000000000000000,109.00000000000000,0.0000000000000000
30.000000000000000,109.00000000000000,0.0000000000000000
31.000000000000000,109.00000000000000,0.0000000000000000
32.000000000000000,109.00000000000000,0.0000000000000000
33.000000000000000,109.00000000000000,0.0000000000000000
34.000000000000000,109.00000000000000,0.0000000000000000
35.000000000000000,109.00000000000000,0.0000000000000000
36.000000000000000,109.00000000000000,0.0000000000000000
37.000000000000000,109.00000000000000,0.0000000000000000
38.000000000000000,109.00000000000000,0.0000000000000000
39.000000000000000,109.00000000000000,0.0000000000000000
40.000000000000000,109.00000000000000,0.0000000000000000
41.000000000000000,109.00000000000000,0.0000000000000000
42.000000000000000,109.00000000000000,0.0000000000000000
43.000000000000000,109.00000000000000,0.0000000000000000
44.000000000000000,109.00000000000000,0.0000000000000000
45.000000000000000,109.00000000000000,0.0000000000000000
46.000000000000000,109.00000000000000,0.0000000000000000
47.000000000000000,109.00000000000000,0.0000000000000000
48.000000000000000,109.00000000000000,0.0000000000000000
49.000000000000000,109.00000000000000,0.0000000000000000
50.000000000000000,109.00000000000000,0.0000000000000000
51.000000000000000,109.00000000000000,0.0000000000000000
52.000000000000000,109.00000000000000,0.0000000000000000
53.000000000000000,109.00000000000000,0.0000000000000000
54.000000000000000,109.00000000000000,0.0000000000000000
55.000000000000000,109.00000000000000,0.0000000000000000
56.000000000000000,109.00000000000000,0.0000000000000000
57.000000000000000,109.00000000000000,0.0000000000000000
58.000000000000000,109.00000000000000,0.0000000000000000
59.000000000000000,109.00000000000000,0.0000000000000000
60.000000000000000,109.00000000000000,0.0000000000000000
61.000000000000000,109.00000000000000,0.0000000000000000
62.000000000000000,109.00000000000000,0.0000000000000000
63.000000000000000,109.00000000000000,0.0000000000000000
64.000000000000000,109.00000000000000,0.0000000000000000
65.000000000000000,109.00000000000000,0.0000000000000000
66.000000000000000,109.00000000000000,0.0000000000000000
67.000000000000000,109.00000000000000,0.0000000000000000
68.000000000000000,109.00000000000000,0.0000000000000000
69.000000000000000,109.00000000000000,0.0000000000000000
70.000000000000000,109.00000000000000,0.0000000000000000
71.000000000000000,109.00000000000000,0.0000000000000000
72.000000000000000,109.00000000000000,0.0000000000000000
73.000000000000000,109.00000000000000,0.0000000000000000
74.000000000000000,109.00000000000000,0.0000000000000000
75.000000000000000,109.00000000000000,0.0000000000000000
76.000000000000000,109.00000000000000,0.0000000000000000
77.000000000000000,109.00000000000000,0.0000000000000000
78.000000000000000,109.00000000000000,0.0000000000000000
79.000000000000000,109.00000000000000,0.0000000000000000
80.000000000000000,109.00000000000000,0.0000000000000000
81.000000000000000,109.00000000000000,6.6999998092651367
82.000000000000000,109.00000000000000,6.6999998092651367
83.000000000000000,109.00000000000000,0.0000000000000000
84.000000000000000,109.00000000000000,0.0000000000000000
85.000000000000000,109.00000000000000,0.0000000000000000
86.000000000000000,109.00000000000000,0.0000000000000000
87.000000000000000,109.00000000000000,0.0000000000000000
88.000000000000000,109.00000000000000,0.0000000000000000
89.000000000000000,109.00000000000000,0.0000000000000000
90.000000000000000,109.00000000000000,0.0000000000000000
91.000000000000000,109.00000000000000,0.0000000000000000
92.000000000000000,109.00000000000000,0.0000000000000000
93.000000000000000,109.00000000000000,0.0000000000000000
94.000000000000000,109.00000000000000,0.0000000000000000
95.000000000000000,109.00000000000000,0.0000000000000000
96.000000000000000,109.00000000000000,0.0000000000000000
97.000000000000000,109.00000000000000,0.0000000000000000
98.000000000000000,109.00000000000000,0.0000000000000000
99.000000000000000,109.00000000000000,0.0000000000000000
100.00000000000000,109.00000000000000,0.0000000000000000
101.00000000000000,109.00000000000000,0.0000000000000000
102.00000000000000,109.00000000000000,0.0000000000000000
103.00000000000000,109.00000000000000,0.0000000000000000
104.00000000000000,109.00000000000000,0.0000000000000000
105.00000000000000,109.00000000000000,0.0000000000000000
106.00000000000000,109.00000000000000,0.0000000000000000
107.00000000000000,109.00000000000000,0.0000000000000000
108.00000000000000,109.00000000000000,0.0000000000000000
109.00000000000000,109.00000000000000,0.0000000000000000
110.00000000000000,109.00000000000000,0.0000000000000000
111.00000000000000,109.00000000000000,0.0000000000000000
112.00000000000000,109.00000000000000,0.0000000000000000
113.00000000000000,109.00000000000000,0.0000000000000000
1.0000000000000000,110.00000000000000,0.0000000000000000
2.0000000000000000,110.00000000000000,0.0000000000000000
3.0000000000000000,110.00000000000000,0.0000000000000000
4.0000000000000000,110.00000000000000,0.0000000000000000
5.0000000000000000,110.00000000000000,0.0000000000000000
6.0000000000000000,110.00000000000000,0.0000000000000000
7.0000000000000000,110.00000000000000,0.0000000000000000
8.0000000000000000,110.00000000000000,0.0000000000000000
9.0000000000000000,110.00000000000000,0.0000000000000000
10.000000000000000,110.00000000000000,0.0000000000000000
11.000000000000000,110.00000000000000,0.0000000000000000
12.000000000000000,110.00000000000000,0.0000000000000000
13.000000000000000,110.00000000000000,0.0000000000000000
14.000000000000000,110.00000000000000,0.0000000000000000
15.000000000000000,110.00000000000000,0.0000000000000000
16.000000000000000,110.00000000000000,0.0000000000000000
17.000000000000000,110.00000000000000,0.0000000000000000
18.000000000000000,110.00000000000000,0.0000000000000000
19.000000000000000,110.00000000000000,0.0000000000000000
20.000000000000000,110.00000000000000,0.0000000000000000
21.000000000000000,110.00000000000000,0.0000000000000000
22.000000000000000,110.00000000000000,0.0000000000000000
23.000000000000000,110.00000000000000,0.0000000000000000
24.000000000000000,110.00000000000000,0.0000000000000000
25.000000000000000,110.00000000000000,0.0000000000000000
26.000000000000000,110.00000000000000,0.0000000000000000
27.000000000000000,110.00000000000000,0.0000000000000000
28.000000000000000,110.00000000000000,0.0000000000000000
29.000000000000000,110.00000000000000,0.0000000000000000
30.000000000000000,110.00000000000000,0.0000000000000000
31.000000000000000,110.00000000000000,0.0000000000000000
32.000000000000000,110.00000000000000,0.0000000000000000
33.000000000000000,110.00000000000000,0.0000000000000000
34.000000000000000,110.00000000000000,0.0000000000000000
35.000000000000000,110.00000000000000,0.0000000000000000
36.000000000000000,110.00000000000000,0.0000000000000000
37.000000000000000,110.00000000000000,0.0000000000000000
38.000000000000000,110.00000000000000,0.0000000000000000
39.000000000000000,110.00000000000000,0.0000000000000000
40.000000000000000,110.00000000000000,0.0000000000000000
41.000000000000000,110.00000000000000,0.0000000000000000
42.000000000000000,110.00000000000000,0.0000000000000000
43.000000000000000,110.00000000000000,0.0000000000000000
44.000000000000000,110.00000000000000,0.0000000000000000
45.000000000000000,110.00000000000000,0.0000000000000000
46.000000000000000,110.00000000000000,0.0000000000000000
47.000000000000000,110.00000000000000,0.0000000000000000
48.000000000000000,110.00000000000000,0.0000000000000000
49.000000000000000,110.00000000000000,0.0000000000000000
50.000000000000000,110.00000000000000,0.0000000000000000
51.000000000000000,110.00000000000000,0.0000000000000000
52.000000000000000,110.00000000000000,0.0000000000000000
53.000000000000000,110.00000000000000,0.0000000000000000
54.000000000000000,110.00000000000000,0.0000000000000000
55.000000000000000,110.00000000000000,0.0000000000000000
56.000000000000000,110.00000000000000,0.0000000000000000
57.000000000000000,110.00000000000000,0.0000000000000000
58.000000000000000,110.00000000000000,0.0000000000000000
59.000000000000000,110.00000000000000,0.0000000000000000
60.000000000000000,110.00000000000000,0.0000000000000000
61.000000000000000,110.00000000000000,0.0000000000000000
62.000000000000000,110.00000000000000,0.0000000000000000
63.000000000000000,110.00000000000000,0.0000000000000000
64.000000000000000,110.00000000000000,0.0000000000000000
65.000000000000000,110.00000000000000,0.0000000000000000
66.000000000000000,110.00000000000000,0.0000000000000000
67.000000000000000,110.00000000000000,0.0000000000000000
68.000000000000000,110.00000000000000,0.0000000000000000
69.000000000000000,110.00000000000000,0.0000000000000000
70.000000000000000,110.00000000000000,0.0000000000000000
71.000000000000000,110.00000000000000,0.0000000000000000
72.000000000000000,110.00000000000000,0.0000000000000000
73.000000000000000,110.00000000000000,0.0000000000000000
74.000000000000000,110.00000000000000,0.0000000000000000
75.000000000000000,110.00000000000000,0.0000000000000000
76.000000000000000,110.00000000000000,0.0000000000000000
77.000000000000000,110.00000000000000,0.0000000000000000
78.000000000000000,110.00000000000000,0.0000000000000000
79.000000000000000,110.00000000000000,0.0000000000000000
80.000000000000000,110.00000000000000,0.0000000000000000
81.000000000000000,110.00000000000000,6.9000000953674316
82.000000000000000,110.00000000000000,0.0000000000000000
83.000000000000000,110.00000000000000,0.0000000000000000
84.000000000000000,110.00000000000000,0.0000000000000000
85.000000000000000,110.00000000000000,0.0000000000000000
86.000000000000000,110.00000000000000,0.0000000000000000
87.000000000000000,110.00000000000000,0.0000000000000000
88.000000000000000,110.00000000000000,0.0000000000000000
89.000000000000000,110.00000000000000,0.0000000000000000
90.000000000000000,110.00000000000000,0.0000000000000000
91.000000000000000,110.00000000000000,0.0000000000000000
92.000000000000000,110.00000000000000,0.0000000000000000
93.000000000000000,110.00000000000000,0.0000000000000000
94.000000000000000,110.00000000000000,0.0000000000000000
95.000000000000000,110.00000000000000,0.0000000000000000
96.000000000000000,110.00000000000000,0.0000000000000000
97.000000000000000,110.00000000000000,0.0000000000000000
98.000000000000000,110.00000000000000,0.0000000000000000
99.000000000000000,110.00000000000000,0.0000000000000000
100.00000000000000,110.00000000000000,0.0000000000000000
101.00000000000000,110.00000000000000,0.0000000000000000
102.00000000000000,110.00000000000000,0.0000000000000000
103.00000000000000,110.00000000000000,0.0000000000000000
104.00000000000000,110.00000000000000,0.0000000000000000
105.00000000000000,110.00000000000000,0.0000000000000000
106.00000000000000,110.00000000000000,0.0000000000000000
107.00000000000000,110.00000000000000,0.0000000000000000
108.00000000000000,110.00000000000000,0.0000000000000000
109.00000000000000,110.00000000000000,0.0000000000000000
110.00000000000000,110.00000000000000,0.0000000000000000
111.00000000000000,110.00000000000000,0.0000000000000000
112.00000000000000,110.00000000000000,0.0000000000000000
113.00000000000000,110.00000000000000,0.0000000000000000
1.0000000000000000,111.00000000000000,0.0000000000000000
2.0000000000000000,111.00000000000000,0.0000000000000000
3.0000000000000000,111.00000000000000,0.0000000000000000
4.0000000000000000,111.00000000000000,0.0000000000000000
5.0000000000000000,111.00000000000000,0.0000000000000000
6.0000000000000000,111.00000000000000,0.0000000000000000
7.0000000000000000,111.00000000000000,0.0000000000000000
8.0000000000000000,111.00000000000000,0.0000000000000000
9.0000000000000000,111.00000000000000,0.0000000000000000
10.000000000000000,111.00000000000000,0.0000000000000000
11.000000000000000,111.00000000000000,0.0000000000000000
12.000000000000000,111.00000000000000,0.0000000000000000
13.000000000000000,111.00000000000000,0.0000000000000000
14.000000000000000,111.00000000000000,0.0000000000000000
15.000000000000000,111.00000000000000,0.0000000000000000
16.000000000000000,111.00000000000000,0.0000000000000000
17.000000000000000,111.00000000000000,0.0000000000000000
18.000000000000000,111.00000000000000,0.0000000000000000
19.000000000000000,111.00000000000000,0.0000000000000000
20.000000000000000,111.00000000000000,0.0000000000000000
21.000000000000000,111.00000000000000,0.0000000000000000
22.000000000000000,111.00000000000000,0.0000000000000000
23.000000000000000,111.00000000000000,0.0000000000000000
24.000000000000000,111.00000000000000,0.0000000000000000
25.000000000000000,111.00000000000000,0.0000000000000000
26.000000000000000,111.00000000000000,0.0000000000000000
27.000000000000000,111.00000000000000,0.0000000000000000
28.000000000000000,111.00000000000000,0.0000000000000000
29.000000000000000,111.00000000000000,0.0000000000000000
30.000000000000000,111.00000000000000,0.0000000000000000
31.000000000000000,111.00000000000000,0.0000000000000000
32.000000000000000,111.00000000000000,0.0000000000000000
33.000000000000000,111.00000000000000,0.0000000000000000
34.000000000000000,111.00000000000000,0.0000000000000000
35.000000000000000,111.00000000000000,0.0000000000000000
36.000000000000000,111.00000000000000,0.0000000000000000
37.000000000000000,111.00000000000000,0.0000000000000000
38.000000000000000,111.00000000000000,0.0000000000000000
39.000000000000000,111.00000000000000,0.0000000000000000
40.000000000000000,111.00000000000000,0.0000000000000000
41.000000000000000,111.00000000000000,0.0000000000000000
42.000000000000000,111.00000000000000,0.0000000000000000
43.000000000000000,111.00000000000000,0.0000000000000000
44.000000000000000,111.00000000000000,0.0000000000000000
45.000000000000000,111.00000000000000,0.0000000000000000
46.000000000000000,111.00000000000000,0.0000000000000000
47.000000000000000,111.00000000000000,0.0000000000000000
48.000000000000000,111.00000000000000,0.0000000000000000
49.000000000000000,111.00000000000000,0.0000000000000000
50.000000000000000,111.00000000000000,0.0000000000000000
51.000000000000000,111.00000000000000,0.0000000000000000
52.000000000000000,111.00000000000000,0.0000000000000000
53.000000000000000,111.00000000000000,0.0000000000000000
54.000000000000000,111.00000000000000,0.0000000000000000
55.000000000000000,111.00000000000000,0.0000000000000000
56.000000000000000,111.00000000000000,0.0000000000000000
57.000000000000000,111.00000000000000,0.0000000000000000
58.000000000000000,111.00000000000000,0.0000000000000000
59.000000000000000,111.00000000000000,0.0000000000000000
60.000000000000000,111.00000000000000,0.0000000000000000
61.000000000000000,111.00000000000000,0.0000000000000000
62.000000000000000,111.00000000000000,0.0000000000000000
63.000000000000000,111.00000000000000,0.0000000000000000
64.000000000000000,111.00000000000000,0.0000000000000000
65.000000000000000,111.00000000000000,0.0000000000000000
66.000000000000000,111.00000000000000,0.0000000000000000
67.000000000000000,111.00000000000000,0.0000000000000000
68.000000000000000,111.00000000000000,0.0000000000000000
69.000000000000000,111.00000000000000,0.0000000000000000
70.000000000000000,111.00000000000000,0.0000000000000000
71.000000000000000,111.00000000000000,0.0000000000000000
72.000000000000000,111.00000000000000,0.0000000000000000
73.000000000000000,111.00000000000000,0.0000000000000000
74.000000000000000,111.00000000000000,0.0000000000000000
75.000000000000000,111.00000000000000,0.0000000000000000
76.000000000000000,111.00000000000000,0.0000000000000000
77.000000000000000,111.00000000000000,0.0000000000000000
78.000000000000000,111.00000000000000,0.0000000000000000
79.000000000000000,111.00000000000000,0.0000000000000000
80.000000000000000,111.00000000000000,0.0000000000000000
81.000000000000000,111.00000000000000,6.9000000953674316
82.000000000000000,111.00000000000000,0.0000000000000000
83.000000000000000,111.00000000000000,0.0000000000000000
84.000000000000000,111.00000000000000,0.0000000000000000
85.000000000000000,111.00000000000000,0.0000000000000000
86.000000000000000,111.00000000000000,0.0000000000000000
87.000000000000000,111.00000000000000,0.0000000000000000
88.000000000000000,111.00000000000000,0.0000000000000000
89.000000000000000,111.00000000000000,0.0000000000000000
90.000000000000000,111.00000000000000,0.0000000000000000
91.000000000000000,111.00000000000000,0.0000000000000000
92.000000000000000,111.00000000000000,0.0000000000000000
93.000000000000000,111.00000000000000,0.0000000000000000
94.000000000000000,111.00000000000000,0.0000000000000000
95.000000000000000,111.00000000000000,0.0000000000000000
96.000000000000000,111.00000000000000,0.0000000000000000
97.000000000000000,111.00000000000000,0.0000000000000000
98.000000000000000,111.00000000000000,0.0000000000000000
99.000000000000000,111.00000000000000,0.0000000000000000
100.00000000000000,111.00000000000000,0.0000000000000000
101.00000000000000,111.00000000000000,0.0000000000000000
102.00000000000000,111.00000000000000,0.0000000000000000
103.00000000000000,111.00000000000000,0.0000000000000000
104.00000000000000,111.00000000000000,0.0000000000000000
105.00000000000000,111.00000000000000,0.0000000000000000
106.00000000000000,111.00000000000000,0.0000000000000000
107.00000000000000,111.00000000000000,0.0000000000000000
108.00000000000000,111.00000000000000,0.0000000000000000
109.00000000000000,111.00000000000000,0.0000000000000000
110.00000000000000,111.00000000000000,0.0000000000000000
111.00000000000000,111.00000000000000,0.0000000000000000
112.00000000000000,111.00000000000000,0.0000000000000000
113.00000000000000,111.00000000000000,0.0000000000000000
1.0000000000000000,112.00000000000000,0.0000000000000000
2.0000000000000000,112.00000000000000,0.0000000000000000
3.0000000000000000,112.00000000000000,0.0000000000000000
4.0000000000000000,112.00000000000000,0.0000000000000000
5.0000000000000000,112.00000000000000,0.0000000000000000
6.0000000000000000,112.00000000000000,0.0000000000000000
7.0000000000000000,112.00000000000000,0.0000000000000000
8.0000000000000000,112.00000000000000,0.0000000000000000
9.0000000000000000,112.00000000000000,0.0000000000000000
10.000000000000000,112.00000000000000,0.0000000000000000
11.000000000000000,112.00000000000000,0.0000000000000000
12.000000000000000,112.00000000000000,0.0000000000000000
13.000000000000000,112.00000000000000,0.0000000000000000
14.000000000000000,112.00000000000000,0.0000000000000000
15.000000000000000,112.00000000000000,0.0000000000000000
16.000000000000000,112.00000000000000,0.0000000000000000
17.000000000000000,112.00000000000000,0.0000000000000000
18.000000000000000,112.00000000000000,0.0000000000000000
19.000000000000000,112.00000000000000,0.0000000000000000
20.000000000000000,112.00000000000000,0.0000000000000000
21.000000000000000,112.00000000000000,0.0000000000000000
22.000000000000000,112.00000000000000,0.0000000000000000
23.000000000000000,112.00000000000000,0.0000000000000000
24.000000000000000,112.00000000000000,0.0000000000000000
25.000000000000000,112.00000000000000,0.0000000000000000
26.000000000000000,112.00000000000000,0.0000000000000000
27.000000000000000,112.00000000000000,0.0000000000000000
28.000000000000000,112.00000000000000,0.0000000000000000
29.000000000000000,112.00000000000000,0.0000000000000000
30.000000000000000,112.00000000000000,0.0000000000000000
31.000000000000000,112.00000000000000,0.0000000000000000
32.000000000000000,112.00000000000000,0.0000000000000000
33.000000000000000,112.00000000000000,0.0000000000000000
34.000000000000000,112.00000000000000,0.0000000000000000
35.000000000000000,112.00000000000000,0.0000000000000000
36.000000000000000,112.00000000000000,0.0000000000000000
37.000000000000000,112.00000000000000,0.0000000000000000
38.000000000000000,112.00000000000000,0.0000000000000000
39.000000000000000,112.00000000000000,0.0000000000000000
40.000000000000000,112.00000000000000,0.0000000000000000
41.000000000000000,112.00000000000000,0.0000000000000000
42.000000000000000,112.00000000000000,0.0000000000000000
43.000000000000000,112.00000000000000,0.0000000000000000
44.000000000000000,112.00000000000000,0.0000000000000000
45.000000000000000,112.00000000000000,0.0000000000000000
46.000000000000000,112.00000000000000,0.0000000000000000
47.000000000000000,112.00000000000000,0.0000000000000000
48.000000000000000,112.00000000000000,0.0000000000000000
49.000000000000000,112.00000000000000,0.0000000000000000
50.000000000000000,112.00000000000000,0.0000000000000000
51.000000000000000,112.00000000000000,0.0000000000000000
52.000000000000000,112.00000000000000,0.0000000000000000
53.000000000000000,112.00000000000000,0.0000000000000000
54.000000000000000,112.00000000000000,0.0000000000000000
55.000000000000000,112.00000000000000,0.0000000000000000
56.000000000000000,112.00000000000000,0.0000000000000000
57.000000000000000,112.00000000000000,0.0000000000000000
58.000000000000000,112.00000000000000,0.0000000000000000
59.000000000000000,112.00000000000000,0.0000000000000000
60.000000000000000,112.00000000000000,0.0000000000000000
61.000000000000000,112.00000000000000,0.0000000000000000
62.000000000000000,112.00000000000000,0.0000000000000000
63.000000000000000,112.00000000000000,0.0000000000000000
64.000000000000000,112.00000000000000,0.0000000000000000
65.000000000000000,112.00000000000000,0.0000000000000000
66.000000000000000,112.00000000000000,0.0000000000000000
67.000000000000000,112.00000000000000,0.0000000000000000
68.000000000000000,112.00000000000000,0.0000000000000000
69.000000000000000,112.00000000000000,0.0000000000000000
70.000000000000000,112.00000000000000,0.0000000000000000
71.000000000000000,112.00000000000000,0.0000000000000000
72.000000000000000,112.00000000000000,0.0000000000000000
73.000000000000000,112.00000000000000,0.0000000000000000
74.000000000000000,112.00000000000000,0.0000000000000000
75.000000000000000,112.00000000000000,0.0000000000000000
76.000000000000000,112.00000000000000,0.0000000000000000
77.000000000000000,112.00000000000000,0.0000000000000000
78.000000000000000,112.00000000000000,0.0000000000000000
79.000000000000000,112.00000000000000,0.0000000000000000
80.000000000000000,112.00000000000000,0.0000000000000000
81.000000000000000,112.00000000000000,6.9000000953674316
82.000000000000000,112.00000000000000,6.9000000953674316
83.000000000000000,112.00000000000000,0.0000000000000000
84.000000000000000,112.00000000000000,0.0000000000000000
85.000000000000000,112.00000000000000,0.0000000000000000
86.000000000000000,112.00000000000000,0.0000000000000000
87.000000000000000,112.00000000000000,0.0000000000000000
88.000000000000000,112.00000000000000,0.0000000000000000
89.000000000000000,112.00000000000000,0.0000000000000000
90.000000000000000,112.00000000000000,0.0000000000000000
91.000000000000000,112.00000000000000,0.0000000000000000
92.000000000000000,112.00000000000000,0.0000000000000000
93.000000000000000,112.00000000000000,0.0000000000000000
94.000000000000000,112.00000000000000,0.0000000000000000
95.000000000000000,112.00000000000000,0.0000000000000000
96.000000000000000,112.00000000000000,0.0000000000000000
97.000000000000000,112.00000000000000,0.0000000000000000
98.000000000000000,112.00000000000000,0.0000000000000000
99.000000000000000,112.00000000000000,0.0000000000000000
100.00000000000000,112.00000000000000,0.0000000000000000
101.00000000000000,112.00000000000000,0.0000000000000000
102.00000000000000,112.00000000000000,0.0000000000000000
103.00000000000000,112.00000000000000,0.0000000000000000
104.00000000000000,112.00000000000000,0.0000000000000000
105.00000000000000,112.00000000000000,0.0000000000000000
106.00000000000000,112.00000000000000,0.0000000000000000
107.00000000000000,112.00000000000000,0.0000000000000000
108.00000000000000,112.00000000000000,0.0000000000000000
109.00000000000000,112.00000000000000,0.0000000000000000
110.00000000000000,112.00000000000000,0.0000000000000000
111.00000000000000,112.00000000000000,0.0000000000000000
112.00000000000000,112.00000000000000,0.0000000000000000
113.00000000000000,112.00000000000000,0.0000000000000000
1.0000000000000000,113.00000000000000,0.0000000000000000
2.0000000000000000,113.00000000000000,0.0000000000000000
3.0000000000000000,113.00000000000000,0.0000000000000000
4.0000000000000000,113.00000000000000,0.0000000000000000
5.0000000000000000,113.00000000000000,0.0000000000000000
6.0000000000000000,113.00000000000000,0.0000000000000000
7.0000000000000000,113.00000000000000,0.0000000000000000
8.0000000000000000,113.00000000000000,0.0000000000000000
9.0000000000000000,113.00000000000000,0.0000000000000000
10.000000000000000,113.00000000000000,0.0000000000000000
11.000000000000000,113.00000000000000,0.0000000000000000
12.000000000000000,113.00000000000000,0.0000000000000000
13.000000000000000,113.00000000000000,0.0000000000000000
14.000000000000000,113.00000000000000,0.0000000000000000
15.000000000000000,113.00000000000000,0.0000000000000000
16.000000000000000,113.00000000000000,0.0000000000000000
17.000000000000000,113.00000000000000,0.0000000000000000
18.000000000000000,113.00000000000000,0.0000000000000000
19.000000000000000,113.00000000000000,0.0000000000000000
20.000000000000000,113.00000000000000,0.0000000000000000
21.000000000000000,113.00000000000000,0.0000000000000000
22.000000000000000,113.00000000000000,0.0000000000000000
23.000000000000000,113.00000000000000,0.0000000000000000
24.000000000000000,113.00000000000000,0.0000000000000000
25.000000000000000,113.00000000000000,0.0000000000000000
26.000000000000000,113.00000000000000,0.0000000000000000
27.000000000000000,113.00000000000000,0.0000000000000000
28.000000000000000,113.00000000000000,0.0000000000000000
29.000000000000000,113.00000000000000,0.0000000000000000
30.000000000000000,113.00000000000000,0.0000000000000000
31.000000000000000,113.00000000000000,0.0000000000000000
32.000000000000000,113.00000000000000,0.0000000000000000
33.000000000000000,113.00000000000000,0.0000000000000000
34.000000000000000,113.00000000000000,0.0000000000000000
35.000000000000000,113.00000000000000,0.0000000000000000
36.000000000000000,113.00000000000000,0.0000000000000000
37.000000000000000,113.00000000000000,0.0000000000000000
38.000000000000000,113.00000000000000,0.0000000000000000
39.000000000000000,113.00000000000000,0.0000000000000000
40.000000000000000,113.00000000000000,0.0000000000000000
41.000000000000000,113.00000000000000,0.0000000000000000
42.000000000000000,113.00000000000000,0.0000000000000000
43.000000000000000,113.00000000000000,0.0000000000000000
44.000000000000000,113.00000000000000,0.0000000000000000
45.000000000000000,113.00000000000000,0.0000000000000000
46.000000000000000,113.00000000000000,0.0000000000000000
47.000000000000000,113.00000000000000,0.0000000000000000
48.000000000000000,113.00000000000000,0.0000000000000000
49.000000000000000,113.00000000000000,0.0000000000000000
50.000000000000000,113.00000000000000,0.0000000000000000
51.000000000000000,113.00000000000000,0.0000000000000000
52.000000000000000,113.00000000000000,0.0000000000000000
53.000000000000000,113.00000000000000,0.0000000000000000
54.000000000000000,113.00000000000000,0.0000000000000000
55.000000000000000,113.00000000000000,0.0000000000000000
56.000000000000000,113.00000000000000,0.0000000000000000
57.000000000000000,113.00000000000000,0.0000000000000000
58.000000000000000,113.00000000000000,0.0000000000000000
59.000000000000000,113.00000000000000,0.0000000000000000
60.000000000000000,113.00000000000000,0.0000000000000000
61.000000000000000,113.00000000000000,0.0000000000000000
62.000000000000000,113.00000000000000,0.0000000000000000
63.000000000000000,113.00000000000000,0.0000000000000000
64.000000000000000,113.00000000000000,0.0000000000000000
65.000000000000000,113.00000000000000,0.0000000000000000
66.000000000000000,113.00000000000000,0.0000000000000000
67.000000000000000,113.00000000000000,0.0000000000000000
68.000000000000000,113.00000000000000,0.0000000000000000
69.000000000000000,113.00000000000000,0.0000000000000000
70.000000000000000,113.00000000000000,0.0000000000000000
71.000000000000000,113.00000000000000,0.0000000000000000
72.000000000000000,113.00000000000000,0.0000000000000000
73.000000000000000,113.00000000000000,0.0000000000000000
74.000000000000000,113.00000000000000,0.0000000000000000
75.000000000000000,113.00000000000000,0.0000000000000000
76.000000000000000,113.00000000000000,0.0000000000000000
77.000000000000000,113.00000000000000,0.0000000000000000
78.000000000000000,113.00000000000000,0.0000000000000000
79.000000000000000,113.00000000000000,0.0000000000000000
80.000000000000000,113.00000000000000,0.0000000000000000
81.000000000000000,113.00000000000000,0.0000000000000000
82.000000000000000,113.00000000000000,0.0000000000000000
83.000000000000000,113.00000000000000,0.0000000000000000
84.000000000000000,113.00000000000000,0.0000000000000000
85.000000000000000,113.00000000000000,0.0000000000000000
86.000000000000000,113.00000000000000,0.0000000000000000
87.000000000000000,113.00000000000000,0.0000000000000000
88.000000000000000,113.00000000000000,0.0000000000000000
89.000000000000000,113.00000000000000,0.0000000000000000
90.000000000000000,113.00000000000000,0.0000000000000000
91.000000000000000,113.00000000000000,0.0000000000000000
92.000000000000000,113.00000000000000,0.0000000000000000
93.000000000000000,113.00000000000000,0.0000000000000000
94.000000000000000,113.00000000000000,0.0000000000000000
95.000000000000000,113.00000000000000,0.0000000000000000
96.000000000000000,113.00000000000000,0.0000000000000000
97.000000000000000,113.00000000000000,0.0000000000000000
98.000000000000000,113.00000000000000,0.0000000000000000
99.000000000000000,113.00000000000000,0.0000000000000000
100.00000000000000,113.00000000000000,0.0000000000000000
101.00000000000000,113.00000000000000,0.0000000000000000
102.00000000000000,113.00000000000000,0.0000000000000000
103.00000000000000,113.00000000000000,0.0000000000000000
104.00000000000000,113.00000000000000,0.0000000000000000
105.00000000000000,113.00000000000000,0.0000000000000000
106.00000000000000,113.00000000000000,0.0000000000000000
107.00000000000000,113.00000000000000,0.0000000000000000
108.00000000000000,113.00000000000000,0.0000000000000000
109.00000000000000,113.00000000000000,0.0000000000000000
110.00000000000000,113.00000000000000,0.0000000000000000
111.00000000000000,113.00000000000000,0.0000000000000000
112.00000000000000,113.00000000000000,0.0000000000000000
113.00000000000000,113.00000000000000,0.0000000000000000
1.0000000000000000,114.00000000000000,0.0000000000000000
2.0000000000000000,114.00000000000000,0.0000000000000000
3.0000000000000000,114.00000000000000,0.0000000000000000
4.0000000000000000,114.00000000000000,0.0000000000000000
5.0000000000000000,114.00000000000000,0.0000000000000000
6.0000000000000000,114.00000000000000,0.0000000000000000
7.0000000000000000,114.00000000000000,0.0000000000000000
8.0000000000000000,114.00000000000000,0.0000000000000000
9.0000000000000000,114.00000000000000,0.0000000000000000
10.000000000000000,114.00000000000000,0.0000000000000000
11.000000000000000,114.00000000000000,0.0000000000000000
12.000000000000000,114.00000000000000,0.0000000000000000
13.000000000000000,114.00000000000000,0.0000000000000000
14.000000000000000,114.00000000000000,0.0000000000000000
15.000000000000000,114.00000000000000,0.0000000000000000
16.000000000000000,114.00000000000000,0.0000000000000000
17.000000000000000,114.00000000000000,0.0000000000000000
18.000000000000000,114.00000000000000,0.0000000000000000
19.000000000000000,114.00000000000000,0.0000000000000000
20.000000000000000,114.00000000000000,0.0000000000000000
21.000000000000000,114.00000000000000,0.0000000000000000
22.000000000000000,114.00000000000000,0.0000000000000000
23.000000000000000,114.00000000000000,0.0000000000000000
24.000000000000000,114.00000000000000,0.0000000000000000
25.000000000000000,114.00000000000000,0.0000000000000000
26.000000000000000,114.00000000000000,0.0000000000000000
27.000000000000000,114.00000000000000,0.0000000000000000
28.000000000000000,114.00000000000000,0.0000000000000000
29.000000000000000,114.00000000000000,0.0000000000000000
30.000000000000000,114.00000000000000,0.0000000000000000
31.000000000000000,114.00000000000000,0.0000000000000000
32.000000000000000,114.00000000000000,0.0000000000000000
33.000000000000000,114.00000000000000,0.0000000000000000
34.000000000000000,114.00000000000000,0.0000000000000000
35.000000000000000,114.00000000000000,0.0000000000000000
36.000000000000000,114.00000000000000,0.0000000000000000
37.000000000000000,114.00000000000000,0.0000000000000000
38.000000000000000,114.00000000000000,0.0000000000000000
39.000000000000000,114.00000000000000,0.0000000000000000
40.000000000000000,114.00000000000000,0.0000000000000000
41.000000000000000,114.00000000000000,0.0000000000000000
42.000000000000000,114.00000000000000,0.0000000000000000
43.000000000000000,114.00000000000000,0.0000000000000000
44.000000000000000,114.00000000000000,0.0000000000000000
45.000000000000000,114.00000000000000,0.0000000000000000
46.000000000000000,114.00000000000000,0.0000000000000000
47.000000000000000,114.00000000000000,0.0000000000000000
48.000000000000000,114.00000000000000,0.0000000000000000
49.000000000000000,114.00000000000000,0.0000000000000000
50.000000000000000,114.00000000000000,0.0000000000000000
51.000000000000000,114.00000000000000,0.0000000000000000
52.000000000000000,114.00000000000000,0.0000000000000000
53.000000000000000,114.00000000000000,0.0000000000000000
54.000000000000000,114.00000000000000,0.0000000000000000
55.000000000000000,114.00000000000000,0.0000000000000000
56.000000000000000,114.00000000000000,0.0000000000000000
57.000000000000000,114.00000000000000,0.0000000000000000
58.000000000000000,114.00000000000000,0.0000000000000000
59.000000000000000,114.00000000000000,0.0000000000000000
60.000000000000000,114.00000000000000,0.0000000000000000
61.000000000000000,114.00000000000000,0.0000000000000000
62.000000000000000,114.00000000000000,0.0000000000000000
63.000000000000000,114.00000000000000,0.0000000000000000
64.000000000000000,114.00000000000000,0.0000000000000000
65.000000000000000,114.00000000000000,0.0000000000000000
66.000000000000000,114.00000000000000,0.0000000000000000
67.000000000000000,114.00000000000000,0.0000000000000000
68.000000000000000,114.00000000000000,0.0000000000000000
69.000000000000000,114.00000000000000,0.0000000000000000
70.000000000000000,114.00000000000000,0.0000000000000000
71.000000000000000,114.00000000000000,0.0000000000000000
72.000000000000000,114.00000000000000,0.0000000000000000
73.000000000000000,114.00000000000000,0.0000000000000000
74.000000000000000,114.00000000000000,0.0000000000000000
75.000000000000000,114.00000000000000,0.0000000000000000
76.000000000000000,114.00000000000000,0.0000000000000000
77.000000000000000,114.00000000000000,0.0000000000000000
78.000000000000000,114.00000000000000,0.0000000000000000
79.000000000000000,114.00000000000000,0.0000000000000000
80.000000000000000,114.00000000000000,0.0000000000000000
81.000000000000000,114.00000000000000,0.0000000000000000
82.000000000000000,114.00000000000000,0.0000000000000000
83.000000000000000,114.00000000000000,0.0000000000000000
84.000000000000000,114.00000000000000,0.0000000000000000
85.000000000000000,114.00000000000000,0.0000000000000000
86.000000000000000,114.00000000000000,0.0000000000000000
87.000000000000000,114.00000000000000,0.0000000000000000
88.000000000000000,114.00000000000000,0.0000000000000000
89.000000000000000,114.00000000000000,0.0000000000000000
90.000000000000000,114.00000000000000,0.0000000000000000
91.000000000000000,114.00000000000000,0.0000000000000000
92.000000000000000,114.00000000000000,0.0000000000000000
93.000000000000000,114.00000000000000,0.0000000000000000
94.000000000000000,114.00000000000000,0.0000000000000000
95.000000000000000,114.00000000000000,0.0000000000000000
96.000000000000000,114.00000000000000,0.0000000000000000
97.000000000000000,114.00000000000000,0.0000000000000000
98.000000000000000,114.00000000000000,0.0000000000000000
99.000000000000000,114.00000000000000,0.0000000000000000
100.00000000000000,114.00000000000000,0.0000000000000000
101.00000000000000,114.00000000000000,0.0000000000000000
102.00000000000000,114.00000000000000,0.0000000000000000
103.00000000000000,114.00000000000000,0.0000000000000000
104.00000000000000,114.00000000000000,0.0000000000000000
105.00000000000000,114.00000000000000,0.0000000000000000
106.00000000000000,114.00000000000000,0.0000000000000000
107.00000000000000,114.00000000000000,0.0000000000000000
108.00000000000000,114.00000000000000,0.0000000000000000
109.00000000000000,114.00000000000000,0.0000000000000000
110.00000000000000,114.00000000000000,0.0000000000000000
111.00000000000000,114.00000000000000,0.0000000000000000
112.00000000000000,114.00000000000000,0.0000000000000000
113.00000000000000,114.00000000000000,0.0000000000000000
1.0000000000000000,115.00000000000000,0.0000000000000000
2.0000000000000000,115.00000000000000,0.0000000000000000
3.0000000000000000,115.00000000000000,0.0000000000000000
4.0000000000000000,115.00000000000000,0.0000000000000000
5.0000000000000000,115.00000000000000,0.0000000000000000
6.0000000000000000,115.00000000000000,0.0000000000000000
7.0000000000000000,115.00000000000000,0.0000000000000000
8.0000000000000000,115.00000000000000,0.0000000000000000
9.0000000000000000,115.00000000000000,0.0000000000000000
10.000000000000000,115.00000000000000,0.0000000000000000
11.000000000000000,115.00000000000000,0.0000000000000000
12.000000000000000,115.00000000000000,0.0000000000000000
13.000000000000000,115.00000000000000,0.0000000000000000
14.000000000000000,115.00000000000000,0.0000000000000000
15.000000000000000,115.00000000000000,0.0000000000000000
16.000000000000000,115.00000000000000,0.0000000000000000
17.000000000000000,115.00000000000000,0.0000000000000000
18.000000000000000,115.00000000000000,0.0000000000000000
19.000000000000000,115.00000000000000,0.0000000000000000
20.000000000000000,115.00000000000000,0.0000000000000000
21.000000000000000,115.00000000000000,0.0000000000000000
22.000000000000000,115.00000000000000,0.0000000000000000
23.000000000000000,115.00000000000000,0.0000000000000000
24.000000000000000,115.00000000000000,0.0000000000000000
25.000000000000000,115.00000000000000,0.0000000000000000
26.000000000000000,115.00000000000000,0.0000000000000000
27.000000000000000,115.00000000000000,0.0000000000000000
28.000000000000000,115.00000000000000,0.0000000000000000
29.000000000000000,115.00000000000000,0.0000000000000000
30.000000000000000,115.00000000000000,0.0000000000000000
31.000000000000000,115.00000000000000,0.0000000000000000
32.000000000000000,115.00000000000000,0.0000000000000000
33.000000000000000,115.00000000000000,0.0000000000000000
34.000000000000000,115.00000000000000,0.0000000000000000
35.000000000000000,115.00000000000000,0.0000000000000000
36.000000000000000,115.00000000000000,0.0000000000000000
37.000000000000000,115.00000000000000,0.0000000000000000
38.000000000000000,115.00000000000000,0.0000000000000000
39.000000000000000,115.00000000000000,0.0000000000000000
40.000000000000000,115.00000000000000,0.0000000000000000
41.000000000000000,115.00000000000000,0.0000000000000000
42.000000000000000,115.00000000000000,0.0000000000000000
43.000000000000000,115.00000000000000,0.0000000000000000
44.000000000000000,115.00000000000000,0.0000000000000000
45.000000000000000,115.00000000000000,0.0000000000000000
46.000000000000000,115.00000000000000,0.0000000000000000
47.000000000000000,115.00000000000000,0.0000000000000000
48.000000000000000,115.00000000000000,0.0000000000000000
49.000000000000000,115.00000000000000,0.0000000000000000
50.000000000000000,115.00000000000000,0.0000000000000000
51.000000000000000,115.00000000000000,0.0000000000000000
52.000000000000000,115.00000000000000,0.0000000000000000
53.000000000000000,115.00000000000000,0.0000000000000000
54.000000000000000,115.00000000000000,0.0000000000000000
55.000000000000000,115.00000000000000,0.0000000000000000
56.000000000000000,115.00000000000000,0.0000000000000000
57.000000000000000,115.00000000000000,0.0000000000000000
58.000000000000000,115.00000000000000,0.0000000000000000
59.000000000000000,115.00000000000000,0.0000000000000000
60.000000000000000,115.00000000000000,0.0000000000000000
61.000000000000000,115.00000000000000,0.0000000000000000
62.000000000000000,115.00000000000000,0.0000000000000000
63.000000000000000,115.00000000000000,0.0000000000000000
64.000000000000000,115.00000000000000,0.0000000000000000
65.000000000000000,115.00000000000000,0.0000000000000000
66.000000000000000,115.00000000000000,0.0000000000000000
67.000000000000000,115.00000000000000,0.0000000000000000
68.000000000000000,115.00000000000000,0.0000000000000000
69.000000000000000,115.00000000000000,0.0000000000000000
70.000000000000000,115.00000000000000,0.0000000000000000
71.000000000000000,115.00000000000000,0.0000000000000000
72.000000000000000,115.00000000000000,0.0000000000000000
73.000000000000000,115.00000000000000,0.0000000000000000
74.000000000000000,115.00000000000000,0.0000000000000000
75.000000000000000,115.00000000000000,0.0000000000000000
76.000000000000000,115.00000000000000,0.0000000000000000
77.000000000000000,115.00000000000000,0.0000000000000000
78.000000000000000,115.00000000000000,0.0000000000000000
79.000000000000000,115.00000000000000,0.0000000000000000
80.000000000000000,115.00000000000000,0.0000000000000000
81.000000000000000,115.00000000000000,0.0000000000000000
82.000000000000000,115.00000000000000,0.0000000000000000
83.000000000000000,115.00000000000000,0.0000000000000000
84.000000000000000,115.00000000000000,0.0000000000000000
85.000000000000000,115.00000000000000,0.0000000000000000
86.000000000000000,115.00000000000000,0.0000000000000000
87.000000000000000,115.00000000000000,0.0000000000000000
88.000000000000000,115.00000000000000,0.0000000000000000
89.000000000000000,115.00000000000000,0.0000000000000000
90.000000000000000,115.00000000000000,0.0000000000000000
91.000000000000000,115.00000000000000,0.0000000000000000
92.000000000000000,115.00000000000000,0.0000000000000000
93.000000000000000,115.00000000000000,0.0000000000000000
94.000000000000000,115.00000000000000,0.0000000000000000
95.000000000000000,115.00000000000000,0.0000000000000000
96.000000000000000,115.00000000000000,0.0000000000000000
97.000000000000000,115.00000000000000,0.0000000000000000
98.000000000000000,115.00000000000000,0.0000000000000000
99.000000000000000,115.00000000000000,0.0000000000000000
100.00000000000000,115.00000000000000,0.0000000000000000
101.00000000000000,115.00000000000000,0.0000000000000000
102.00000000000000,115.00000000000000,0.0000000000000000
103.00000000000000,115.00000000000000,0.0000000000000000
104.00000000000000,115.00000000000000,0.0000000000000000
105.00000000000000,115.00000000000000,0.0000000000000000
106.00000000000000,115.00000000000000,0.0000000000000000
107.00000000000000,115.00000000000000,0.0000000000000000
108.00000000000000,115.00000000000000,0.0000000000000000
109.00000000000000,115.00000000000000,0.0000000000000000
110.00000000000000,115.00000000000000,0.0000000000000000
111.00000000000000,115.00000000000000,0.0000000000000000
112.00000000000000,115.00000000000000,0.0000000000000000
113.00000000000000,115.00000000000000,0.0000000000000000
1.0000000000000000,116.00000000000000,0.0000000000000000
2.0000000000000000,116.00000000000000,0.0000000000000000
3.0000000000000000,116.00000000000000,0.0000000000000000
4.0000000000000000,116.00000000000000,0.0000000000000000
5.0000000000000000,116.00000000000000,0.0000000000000000
6.0000000000000000,116.00000000000000,0.0000000000000000
7.0000000000000000,116.00000000000000,0.0000000000000000
8.0000000000000000,116.00000000000000,0.0000000000000000
9.0000000000000000,116.00000000000000,0.0000000000000000
10.000000000000000,116.00000000000000,0.0000000000000000
11.000000000000000,116.00000000000000,0.0000000000000000
12.000000000000000,116.00000000000000,0.0000000000000000
13.000000000000000,116.00000000000000,0.0000000000000000
14.000000000000000,116.00000000000000,0.0000000000000000
15.000000000000000,116.00000000000000,0.0000000000000000
16.000000000000000,116.00000000000000,0.0000000000000000
17.000000000000000,116.00000000000000,0.0000000000000000
18.000000000000000,116.00000000000000,0.0000000000000000
19.000000000000000,116.00000000000000,0.0000000000000000
20.000000000000000,116.00000000000000,0.0000000000000000
21.000000000000000,116.00000000000000,0.0000000000000000
22.000000000000000,116.00000000000000,0.0000000000000000
23.000000000000000,116.00000000000000,0.0000000000000000
24.000000000000000,116.00000000000000,0.0000000000000000
25.000000000000000,116.00000000000000,0.0000000000000000
26.000000000000000,116.00000000000000,0.0000000000000000
27.000000000000000,116.00000000000000,0.0000000000000000
28.000000000000000,116.00000000000000,0.0000000000000000
29.000000000000000,116.00000000000000,0.0000000000000000
30.000000000000000,116.00000000000000,0.0000000000000000
31.000000000000000,116.00000000000000,0.0000000000000000
32.000000000000000,116.00000000000000,0.0000000000000000
33.000000000000000,116.00000000000000,0.0000000000000000
34.000000000000000,116.00000000000000,0.0000000000000000
35.000000000000000,116.00000000000000,0.0000000000000000
36.000000000000000,116.00000000000000,0.0000000000000000
37.000000000000000,116.00000000000000,0.0000000000000000
38.000000000000000,116.00000000000000,0.0000000000000000
39.000000000000000,116.00000000000000,0.0000000000000000
40.000000000000000,116.00000000000000,0.0000000000000000
41.000000000000000,116.00000000000000,0.0000000000000000
42.000000000000000,116.00000000000000,0.0000000000000000
43.000000000000000,116.00000000000000,0.0000000000000000
44.000000000000000,116.00000000000000,0.0000000000000000
45.000000000000000,116.00000000000000,0.0000000000000000
46.000000000000000,116.00000000000000,0.0000000000000000
47.000000000000000,116.00000000000000,0.0000000000000000
48.000000000000000,116.00000000000000,0.0000000000000000
49.000000000000000,116.00000000000000,0.0000000000000000
50.000000000000000,116.00000000000000,0.0000000000000000
51.000000000000000,116.00000000000000,0.0000000000000000
52.000000000000000,116.00000000000000,0.0000000000000000
53.000000000000000,116.00000000000000,0.0000000000000000
54.000000000000000,116.00000000000000,0.0000000000000000
55.000000000000000,116.00000000000000,0.0000000000000000
56.000000000000000,116.00000000000000,0.0000000000000000
57.000000000000000,116.00000000000000,0.0000000000000000
58.000000000000000,116.00000000000000,0.0000000000000000
59.000000000000000,116.00000000000000,0.0000000000000000
60.000000000000000,116.00000000000000,0.0000000000000000
61.000000000000000,116.00000000000000,0.0000000000000000
62.000000000000000,116.00000000000000,0.0000000000000000
63.000000000000000,116.00000000000000,0.0000000000000000
64.000000000000000,116.00000000000000,0.0000000000000000
65.000000000000000,116.00000000000000,0.0000000000000000
66.000000000000000,116.00000000000000,0.0000000000000000
67.000000000000000,116.00000000000000,0.0000000000000000
68.000000000000000,116.00000000000000,0.0000000000000000
69.000000000000000,116.00000000000000,6.9000000953674316
70.000000000000000,116.00000000000000,6.9000000953674316
71.000000000000000,116.00000000000000,6.9000000953674316
72.000000000000000,116.00000000000000,0.0000000000000000
73.000000000000000,116.00000000000000,0.0000000000000000
74.000000000000000,116.00000000000000,0.0000000000000000
75.000000000000000,116.00000000000000,0.0000000000000000
76.000000000000000,116.00000000000000,0.0000000000000000
77.000000000000000,116.00000000000000,0.0000000000000000
78.000000000000000,116.00000000000000,0.0000000000000000
79.000000000000000,116.00000000000000,0.0000000000000000
80.000000000000000,116.00000000000000,0.0000000000000000
81.000000000000000,116.00000000000000,7.0999999046325684
82.000000000000000,116.00000000000000,7.0999999046325684
83.000000000000000,116.00000000000000,7.0999999046325684
84.000000000000000,116.00000000000000,0.0000000000000000
85.000000000000000,116.00000000000000,0.0000000000000000
86.000000000000000,116.00000000000000,0.0000000000000000
87.000000000000000,116.00000000000000,0.0000000000000000
88.000000000000000,116.00000000000000,0.0000000000000000
89.000000000000000,116.00000000000000,0.0000000000000000
90.000000000000000,116.00000000000000,0.0000000000000000
91.000000000000000,116.00000000000000,0.0000000000000000
92.000000000000000,116.00000000000000,0.0000000000000000
93.000000000000000,116.00000000000000,0.0000000000000000
94.000000000000000,116.00000000000000,0.0000000000000000
95.000000000000000,116.00000000000000,0.0000000000000000
96.000000000000000,116.00000000000000,0.0000000000000000
97.000000000000000,116.00000000000000,0.0000000000000000
98.000000000000000,116.00000000000000,0.0000000000000000
99.000000000000000,116.00000000000000,0.0000000000000000
100.00000000000000,116.00000000000000,0.0000000000000000
101.00000000000000,116.00000000000000,0.0000000000000000
102.00000000000000,116.00000000000000,0.0000000000000000
103.00000000000000,116.00000000000000,0.0000000000000000
104.00000000000000,116.00000000000000,0.0000000000000000
105.00000000000000,116.00000000000000,0.0000000000000000
106.00000000000000,116.00000000000000,0.0000000000000000
107.00000000000000,116.00000000000000,0.0000000000000000
108.00000000000000,116.00000000000000,0.0000000000000000
109.00000000000000,116.00000000000000,0.0000000000000000
110.00000000000000,116.00000000000000,0.0000000000000000
111.00000000000000,116.00000000000000,0.0000000000000000
112.00000000000000,116.00000000000000,0.0000000000000000
113.00000000000000,116.00000000000000,0.0000000000000000
1.0000000000000000,117.00000000000000,0.0000000000000000
2.0000000000000000,117.00000000000000,0.0000000000000000
3.0000000000000000,117.00000000000000,0.0000000000000000
4.0000000000000000,117.00000000000000,0.0000000000000000
5.0000000000000000,117.00000000000000,0.0000000000000000
6.0000000000000000,117.00000000000000,0.0000000000000000
7.0000000000000000,117.00000000000000,0.0000000000000000
8.0000000000000000,117.00000000000000,0.0000000000000000
9.0000000000000000,117.00000000000000,0.0000000000000000
10.000000000000000,117.00000000000000,0.0000000000000000
11.000000000000000,117.00000000000000,0.0000000000000000
12.000000000000000,117.00000000000000,0.0000000000000000
13.000000000000000,117.00000000000000,0.0000000000000000
14.000000000000000,117.00000000000000,0.0000000000000000
15.000000000000000,117.00000000000000,0.0000000000000000
16.000000000000000,117.00000000000000,0.0000000000000000
17.000000000000000,117.00000000000000,0.0000000000000000
18.000000000000000,117.00000000000000,0.0000000000000000
19.000000000000000,117.00000000000000,0.0000000000000000
20.000000000000000,117.00000000000000,0.0000000000000000
21.000000000000000,117.00000000000000,0.0000000000000000
22.000000000000000,117.00000000000000,0.0000000000000000
23.000000000000000,117.00000000000000,0.0000000000000000
24.000000000000000,117.00000000000000,0.0000000000000000
25.000000000000000,117.00000000000000,0.0000000000000000
26.000000000000000,117.00000000000000,0.0000000000000000
27.000000000000000,117.00000000000000,0.0000000000000000
28.000000000000000,117.00000000000000,0.0000000000000000
29.000000000000000,117.00000000000000,0.0000000000000000
30.000000000000000,117.00000000000000,0.0000000000000000
31.000000000000000,117.00000000000000,0.0000000000000000
32.000000000000000,117.00000000000000,0.0000000000000000
33.000000000000000,117.00000000000000,0.0000000000000000
34.000000000000000,117.00000000000000,0.0000000000000000
35.000000000000000,117.00000000000000,0.0000000000000000
36.000000000000000,117.00000000000000,0.0000000000000000
37.000000000000000,117.00000000000000,0.0000000000000000
38.000000000000000,117.00000000000000,0.0000000000000000
39.000000000000000,117.00000000000000,0.0000000000000000
40.000000000000000,117.00000000000000,0.0000000000000000
41.000000000000000,117.00000000000000,0.0000000000000000
42.000000000000000,117.00000000000000,0.0000000000000000
43.000000000000000,117.00000000000000,0.0000000000000000
44.000000000000000,117.00000000000000,0.0000000000000000
45.000000000000000,117.00000000000000,0.0000000000000000
46.000000000000000,117.00000000000000,0.0000000000000000
47.000000000000000,117.00000000000000,0.0000000000000000
48.000000000000000,117.00000000000000,0.0000000000000000
49.000000000000000,117.00000000000000,0.0000000000000000
50.000000000000000,117.00000000000000,0.0000000000000000
51.000000000000000,117.00000000000000,0.0000000000000000
52.000000000000000,117.00000000000000,0.0000000000000000
53.000000000000000,117.00000000000000,0.0000000000000000
54.000000000000000,117.00000000000000,0.0000000000000000
55.000000000000000,117.00000000000000,0.0000000000000000
56.000000000000000,117.00000000000000,0.0000000000000000
57.000000000000000,117.00000000000000,0.0000000000000000
58.000000000000000,117.00000000000000,0.0000000000000000
59.000000000000000,117.00000000000000,0.0000000000000000
60.000000000000000,117.00000000000000,0.0000000000000000
61.000000000000000,117.00000000000000,0.0000000000000000
62.000000000000000,117.00000000000000,0.0000000000000000
63.000000000000000,117.00000000000000,0.0000000000000000
64.000000000000000,117.00000000000000,0.0000000000000000
65.000000000000000,117.00000000000000,0.0000000000000000
66.000000000000000,117.00000000000000,0.0000000000000000
67.000000000000000,117.00000000000000,0.0000000000000000
68.000000000000000,117.00000000000000,0.0000000000000000
69.000000000000000,117.00000000000000,6.9000000953674316
70.000000000000000,117.00000000000000,6.9000000953674316
71.000000000000000,117.00000000000000,6.9000000953674316
72.000000000000000,117.00000000000000,0.0000000000000000
73.000000000000000,117.00000000000000,0.0000000000000000
74.000000000000000,117.00000000000000,0.0000000000000000
75.000000000000000,117.00000000000000,0.0000000000000000
76.000000000000000,117.00000000000000,0.0000000000000000
77.000000000000000,117.00000000000000,0.0000000000000000
78.000000000000000,117.00000000000000,0.0000000000000000
79.000000000000000,117.00000000000000,0.0000000000000000
80.000000000000000,117.00000000000000,0.0000000000000000
81.000000000000000,117.00000000000000,7.0999999046325684
82.000000000000000,117.00000000000000,7.0999999046325684
83.000000000000000,117.00000000000000,7.0999999046325684
84.000000000000000,117.00000000000000,0.0000000000000000
85.000000000000000,117.00000000000000,0.0000000000000000
86.000000000000000,117.00000000000000,0.0000000000000000
87.000000000000000,117.00000000000000,0.0000000000000000
88.000000000000000,117.00000000000000,0.0000000000000000
89.000000000000000,117.00000000000000,0.0000000000000000
90.000000000000000,117.00000000000000,0.0000000000000000
91.000000000000000,117.00000000000000,0.0000000000000000
92.000000000000000,117.00000000000000,0.0000000000000000
93.000000000000000,117.00000000000000,0.0000000000000000
94.000000000000000,117.00000000000000,0.0000000000000000
95.000000000000000,117.00000000000000,0.0000000000000000
96.000000000000000,117.00000000000000,0.0000000000000000
97.000000000000000,117.00000000000000,0.0000000000000000
98.000000000000000,117.00000000000000,0.0000000000000000
99.000000000000000,117.00000000000000,0.0000000000000000
100.00000000000000,117.00000000000000,0.0000000000000000
101.00000000000000,117.00000000000000,0.0000000000000000
102.00000000000000,117.00000000000000,0.0000000000000000
103.00000000000000,117.00000000000000,0.0000000000000000
104.00000000000000,117.00000000000000,0.0000000000000000
105.00000000000000,117.00000000000000,0.0000000000000000
106.00000000000000,117.00000000000000,0.0000000000000000
107.00000000000000,117.00000000000000,0.0000000000000000
108.00000000000000,117.00000000000000,0.0000000000000000
109.00000000000000,117.00000000000000,0.0000000000000000
110.00000000000000,117.00000000000000,0.0000000000000000
111.00000000000000,117.00000000000000,0.0000000000000000
112.00000000000000,117.00000000000000,0.0000000000000000
113.00000000000000,117.00000000000000,0.0000000000000000
1.0000000000000000,118.00000000000000,0.0000000000000000
2.0000000000000000,118.00000000000000,0.0000000000000000
3.0000000000000000,118.00000000000000,0.0000000000000000
4.0000000000000000,118.00000000000000,0.0000000000000000
5.0000000000000000,118.00000000000000,0.0000000000000000
6.0000000000000000,118.00000000000000,0.0000000000000000
7.0000000000000000,118.00000000000000,0.0000000000000000
8.0000000000000000,118.00000000000000,0.0000000000000000
9.0000000000000000,118.00000000000000,0.0000000000000000
10.000000000000000,118.00000000000000,0.0000000000000000
11.000000000000000,118.00000000000000,0.0000000000000000
12.000000000000000,118.00000000000000,0.0000000000000000
13.000000000000000,118.00000000000000,0.0000000000000000
14.000000000000000,118.00000000000000,0.0000000000000000
15.000000000000000,118.00000000000000,0.0000000000000000
16.000000000000000,118.00000000000000,0.0000000000000000
17.000000000000000,118.00000000000000,0.0000000000000000
18.000000000000000,118.00000000000000,0.0000000000000000
19.000000000000000,118.00000000000000,0.0000000000000000
20.000000000000000,118.00000000000000,0.0000000000000000
21.000000000000000,118.00000000000000,0.0000000000000000
22.000000000000000,118.00000000000000,0.0000000000000000
23.000000000000000,118.00000000000000,0.0000000000000000
24.000000000000000,118.00000000000000,0.0000000000000000
25.000000000000000,118.00000000000000,0.0000000000000000
26.000000000000000,118.00000000000000,0.0000000000000000
27.000000000000000,118.00000000000000,0.0000000000000000
28.000000000000000,118.00000000000000,0.0000000000000000
29.000000000000000,118.00000000000000,0.0000000000000000
30.000000000000000,118.00000000000000,0.0000000000000000
31.000000000000000,118.00000000000000,0.0000000000000000
32.000000000000000,118.00000000000000,0.0000000000000000
33.000000000000000,118.00000000000000,0.0000000000000000
34.000000000000000,118.00000000000000,0.0000000000000000
35.000000000000000,118.00000000000000,0.0000000000000000
36.000000000000000,118.00000000000000,0.0000000000000000
37.000000000000000,118.00000000000000,0.0000000000000000
38.000000000000000,118.00000000000000,0.0000000000000000
39.000000000000000,118.00000000000000,0.0000000000000000
40.000000000000000,118.00000000000000,0.0000000000000000
41.000000000000000,118.00000000000000,0.0000000000000000
42.000000000000000,118.00000000000000,0.0000000000000000
43.000000000000000,118.00000000000000,0.0000000000000000
44.000000000000000,118.00000000000000,0.0000000000000000
45.000000000000000,118.00000000000000,0.0000000000000000
46.000000000000000,118.00000000000000,0.0000000000000000
47.000000000000000,118.00000000000000,0.0000000000000000
48.000000000000000,118.00000000000000,0.0000000000000000
49.000000000000000,118.00000000000000,0.0000000000000000
50.000000000000000,118.00000000000000,0.0000000000000000
51.000000000000000,118.00000000000000,0.0000000000000000
52.000000000000000,118.00000000000000,0.0000000000000000
53.000000000000000,118.00000000000000,0.0000000000000000
54.000000000000000,118.00000000000000,0.0000000000000000
55.000000000000000,118.00000000000000,0.0000000000000000
56.000000000000000,118.00000000000000,0.0000000000000000
57.000000000000000,118.00000000000000,0.0000000000000000
58.000000000000000,118.00000000000000,0.0000000000000000
59.000000000000000,118.00000000000000,0.0000000000000000
60.000000000000000,118.00000000000000,0.0000000000000000
61.000000000000000,118.00000000000000,0.0000000000000000
62.000000000000000,118.00000000000000,0.0000000000000000
63.000000000000000,118.00000000000000,0.0000000000000000
64.000000000000000,118.00000000000000,0.0000000000000000
65.000000000000000,118.00000000000000,0.0000000000000000
66.000000000000000,118.00000000000000,0.0000000000000000
67.000000000000000,118.00000000000000,0.0000000000000000
68.000000000000000,118.00000000000000,0.0000000000000000
69.000000000000000,118.00000000000000,6.9000000953674316
70.000000000000000,118.00000000000000,6.9000000953674316
71.000000000000000,118.00000000000000,0.0000000000000000
72.000000000000000,118.00000000000000,0.0000000000000000
73.000000000000000,118.00000000000000,0.0000000000000000
74.000000000000000,118.00000000000000,0.0000000000000000
75.000000000000000,118.00000000000000,0.0000000000000000
76.000000000000000,118.00000000000000,0.0000000000000000
77.000000000000000,118.00000000000000,0.0000000000000000
78.000000000000000,118.00000000000000,0.0000000000000000
79.000000000000000,118.00000000000000,0.0000000000000000
80.000000000000000,118.00000000000000,0.0000000000000000
81.000000000000000,118.00000000000000,7.0999999046325684
82.000000000000000,118.00000000000000,0.0000000000000000
83.000000000000000,118.00000000000000,0.0000000000000000
84.000000000000000,118.00000000000000,0.0000000000000000
85.000000000000000,118.00000000000000,0.0000000000000000
86.000000000000000,118.00000000000000,0.0000000000000000
87.000000000000000,118.00000000000000,0.0000000000000000
88.000000000000000,118.00000000000000,0.0000000000000000
89.000000000000000,118.00000000000000,0.0000000000000000
90.000000000000000,118.00000000000000,0.0000000000000000
91.000000000000000,118.00000000000000,0.0000000000000000
92.000000000000000,118.00000000000000,0.0000000000000000
93.000000000000000,118.00000000000000,0.0000000000000000
94.000000000000000,118.00000000000000,0.0000000000000000
95.000000000000000,118.00000000000000,0.0000000000000000
96.000000000000000,118.00000000000000,0.0000000000000000
97.000000000000000,118.00000000000000,0.0000000000000000
98.000000000000000,118.00000000000000,0.0000000000000000
99.000000000000000,118.00000000000000,0.0000000000000000
100.00000000000000,118.00000000000000,0.0000000000000000
101.00000000000000,118.00000000000000,0.0000000000000000
102.00000000000000,118.00000000000000,0.0000000000000000
103.00000000000000,118.00000000000000,0.0000000000000000
104.00000000000000,118.00000000000000,0.0000000000000000
105.00000000000000,118.00000000000000,0.0000000000000000
106.00000000000000,118.00000000000000,0.0000000000000000
107.00000000000000,118.00000000000000,0.0000000000000000
108.00000000000000,118.00000000000000,0.0000000000000000
109.00000000000000,118.00000000000000,0.0000000000000000
110.00000000000000,118.00000000000000,0.0000000000000000
111.00000000000000,118.00000000000000,0.0000000000000000
112.00000000000000,118.00000000000000,0.0000000000000000
113.00000000000000,118.00000000000000,0.0000000000000000
1.0000000000000000,119.00000000000000,0.0000000000000000
2.0000000000000000,119.00000000000000,0.0000000000000000
3.0000000000000000,119.00000000000000,0.0000000000000000
4.0000000000000000,119.00000000000000,0.0000000000000000
5.0000000000000000,119.00000000000000,0.0000000000000000
6.0000000000000000,119.00000000000000,0.0000000000000000
7.0000000000000000,119.00000000000000,0.0000000000000000
8.0000000000000000,119.00000000000000,0.0000000000000000
9.0000000000000000,119.00000000000000,0.0000000000000000
10.000000000000000,119.00000000000000,0.0000000000000000
11.000000000000000,119.00000000000000,0.0000000000000000
12.000000000000000,119.00000000000000,0.0000000000000000
13.000000000000000,119.00000000000000,0.0000000000000000
14.000000000000000,119.00000000000000,0.0000000000000000
15.000000000000000,119.00000000000000,0.0000000000000000
16.000000000000000,119.00000000000000,0.0000000000000000
17.000000000000000,119.00000000000000,0.0000000000000000
18.000000000000000,119.00000000000000,0.0000000000000000
19.000000000000000,119.00000000000000,0.0000000000000000
20.000000000000000,119.00000000000000,0.0000000000000000
21.000000000000000,119.00000000000000,0.0000000000000000
22.000000000000000,119.00000000000000,0.0000000000000000
23.000000000000000,119.00000000000000,0.0000000000000000
24.000000000000000,119.00000000000000,0.0000000000000000
25.000000000000000,119.00000000000000,0.0000000000000000
26.000000000000000,119.00000000000000,0.0000000000000000
27.000000000000000,119.00000000000000,0.0000000000000000
28.000000000000000,119.00000000000000,0.0000000000000000
29.000000000000000,119.00000000000000,0.0000000000000000
30.000000000000000,119.00000000000000,0.0000000000000000
31.000000000000000,119.00000000000000,0.0000000000000000
32.000000000000000,119.00000000000000,0.0000000000000000
33.000000000000000,119.00000000000000,0.0000000000000000
34.000000000000000,119.00000000000000,0.0000000000000000
35.000000000000000,119.00000000000000,0.0000000000000000
36.000000000000000,119.00000000000000,0.0000000000000000
37.000000000000000,119.00000000000000,0.0000000000000000
38.000000000000000,119.00000000000000,0.0000000000000000
39.000000000000000,119.00000000000000,0.0000000000000000
40.000000000000000,119.00000000000000,0.0000000000000000
41.000000000000000,119.00000000000000,8.1999998092651367
42.000000000000000,119.00000000000000,0.0000000000000000
43.000000000000000,119.00000000000000,0.0000000000000000
44.000000000000000,119.00000000000000,0.0000000000000000
45.000000000000000,119.00000000000000,8.1000003814697266
46.000000000000000,119.00000000000000,8.1000003814697266
47.000000000000000,119.00000000000000,8.1000003814697266
48.000000000000000,119.00000000000000,8.3000001907348633
49.000000000000000,119.00000000000000,8.3000001907348633
50.000000000000000,119.00000000000000,8.3000001907348633
51.000000000000000,119.00000000000000,8.5000000000000000
52.000000000000000,119.00000000000000,8.5000000000000000
53.000000000000000,119.00000000000000,8.5000000000000000
54.000000000000000,119.00000000000000,8.5000000000000000
55.000000000000000,119.00000000000000,8.5000000000000000
56.000000000000000,119.00000000000000,8.5000000000000000
57.000000000000000,119.00000000000000,0.0000000000000000
58.000000000000000,119.00000000000000,0.0000000000000000
59.000000000000000,119.00000000000000,0.0000000000000000
60.000000000000000,119.00000000000000,0.0000000000000000
61.000000000000000,119.00000000000000,0.0000000000000000
62.000000000000000,119.00000000000000,0.0000000000000000
63.000000000000000,119.00000000000000,0.0000000000000000
64.000000000000000,119.00000000000000,0.0000000000000000
65.000000000000000,119.00000000000000,0.0000000000000000
66.000000000000000,119.00000000000000,7.4000000953674316
67.000000000000000,119.00000000000000,7.4000000953674316
68.000000000000000,119.00000000000000,7.4000000953674316
69.000000000000000,119.00000000000000,6.5999999046325684
70.000000000000000,119.00000000000000,0.0000000000000000
71.000000000000000,119.00000000000000,0.0000000000000000
72.000000000000000,119.00000000000000,0.0000000000000000
73.000000000000000,119.00000000000000,0.0000000000000000
74.000000000000000,119.00000000000000,4.5999999046325684
75.000000000000000,119.00000000000000,0.0000000000000000
76.000000000000000,119.00000000000000,0.0000000000000000
77.000000000000000,119.00000000000000,0.0000000000000000
78.000000000000000,119.00000000000000,6.5000000000000000
79.000000000000000,119.00000000000000,6.5000000000000000
80.000000000000000,119.00000000000000,6.5000000000000000
81.000000000000000,119.00000000000000,0.0000000000000000
82.000000000000000,119.00000000000000,0.0000000000000000
83.000000000000000,119.00000000000000,0.0000000000000000
84.000000000000000,119.00000000000000,0.0000000000000000
85.000000000000000,119.00000000000000,0.0000000000000000
86.000000000000000,119.00000000000000,0.0000000000000000
87.000000000000000,119.00000000000000,0.0000000000000000
88.000000000000000,119.00000000000000,0.0000000000000000
89.000000000000000,119.00000000000000,0.0000000000000000
90.000000000000000,119.00000000000000,0.0000000000000000
91.000000000000000,119.00000000000000,0.0000000000000000
92.000000000000000,119.00000000000000,0.0000000000000000
93.000000000000000,119.00000000000000,0.0000000000000000
94.000000000000000,119.00000000000000,0.0000000000000000
95.000000000000000,119.00000000000000,0.0000000000000000
96.000000000000000,119.00000000000000,0.0000000000000000
97.000000000000000,119.00000000000000,0.0000000000000000
98.000000000000000,119.00000000000000,0.0000000000000000
99.000000000000000,119.00000000000000,0.0000000000000000
100.00000000000000,119.00000000000000,0.0000000000000000
101.00000000000000,119.00000000000000,0.0000000000000000
102.00000000000000,119.00000000000000,0.0000000000000000
103.00000000000000,119.00000000000000,0.0000000000000000
104.00000000000000,119.00000000000000,0.0000000000000000
105.00000000000000,119.00000000000000,0.0000000000000000
106.00000000000000,119.00000000000000,0.0000000000000000
107.00000000000000,119.00000000000000,0.0000000000000000
108.00000000000000,119.00000000000000,0.0000000000000000
109.00000000000000,119.00000000000000,0.0000000000000000
110.00000000000000,119.00000000000000,0.0000000000000000
111.00000000000000,119.00000000000000,0.0000000000000000
112.00000000000000,119.00000000000000,0.0000000000000000
113.00000000000000,119.00000000000000,0.0000000000000000
1.0000000000000000,120.00000000000000,0.0000000000000000
2.0000000000000000,120.00000000000000,0.0000000000000000
3.0000000000000000,120.00000000000000,0.0000000000000000
4.0000000000000000,120.00000000000000,0.0000000000000000
5.0000000000000000,120.00000000000000,0.0000000000000000
6.0000000000000000,120.00000000000000,0.0000000000000000
7.0000000000000000,120.00000000000000,0.0000000000000000
8.0000000000000000,120.00000000000000,0.0000000000000000
9.0000000000000000,120.00000000000000,0.0000000000000000
10.000000000000000,120.00000000000000,0.0000000000000000
11.000000000000000,120.00000000000000,0.0000000000000000
12.000000000000000,120.00000000000000,0.0000000000000000
13.000000000000000,120.00000000000000,0.0000000000000000
14.000000000000000,120.00000000000000,0.0000000000000000
15.000000000000000,120.00000000000000,0.0000000000000000
16.000000000000000,120.00000000000000,0.0000000000000000
17.000000000000000,120.00000000000000,0.0000000000000000
18.000000000000000,120.00000000000000,0.0000000000000000
19.000000000000000,120.00000000000000,0.0000000000000000
20.000000000000000,120.00000000000000,0.0000000000000000
21.000000000000000,120.00000000000000,0.0000000000000000
22.000000000000000,120.00000000000000,0.0000000000000000
23.000000000000000,120.00000000000000,0.0000000000000000
24.000000000000000,120.00000000000000,0.0000000000000000
25.000000000000000,120.00000000000000,0.0000000000000000
26.000000000000000,120.00000000000000,0.0000000000000000
27.000000000000000,120.00000000000000,0.0000000000000000
28.000000000000000,120.00000000000000,0.0000000000000000
29.000000000000000,120.00000000000000,0.0000000000000000
30.000000000000000,120.00000000000000,0.0000000000000000
31.000000000000000,120.00000000000000,0.0000000000000000
32.000000000000000,120.00000000000000,0.0000000000000000
33.000000000000000,120.00000000000000,0.0000000000000000
34.000000000000000,120.00000000000000,0.0000000000000000
35.000000000000000,120.00000000000000,0.0000000000000000
36.000000000000000,120.00000000000000,0.0000000000000000
37.000000000000000,120.00000000000000,0.0000000000000000
38.000000000000000,120.00000000000000,0.0000000000000000
39.000000000000000,120.00000000000000,0.0000000000000000
40.000000000000000,120.00000000000000,0.0000000000000000
41.000000000000000,120.00000000000000,0.0000000000000000
42.000000000000000,120.00000000000000,0.0000000000000000
43.000000000000000,120.00000000000000,0.0000000000000000
44.000000000000000,120.00000000000000,0.0000000000000000
45.000000000000000,120.00000000000000,8.1000003814697266
46.000000000000000,120.00000000000000,8.1000003814697266
47.000000000000000,120.00000000000000,8.1000003814697266
48.000000000000000,120.00000000000000,8.3000001907348633
49.000000000000000,120.00000000000000,8.3000001907348633
50.000000000000000,120.00000000000000,8.3000001907348633
51.000000000000000,120.00000000000000,8.5000000000000000
52.000000000000000,120.00000000000000,8.5000000000000000
53.000000000000000,120.00000000000000,8.5000000000000000
54.000000000000000,120.00000000000000,0.0000000000000000
55.000000000000000,120.00000000000000,0.0000000000000000
56.000000000000000,120.00000000000000,0.0000000000000000
57.000000000000000,120.00000000000000,0.0000000000000000
58.000000000000000,120.00000000000000,0.0000000000000000
59.000000000000000,120.00000000000000,0.0000000000000000
60.000000000000000,120.00000000000000,0.0000000000000000
61.000000000000000,120.00000000000000,0.0000000000000000
62.000000000000000,120.00000000000000,0.0000000000000000
63.000000000000000,120.00000000000000,0.0000000000000000
64.000000000000000,120.00000000000000,0.0000000000000000
65.000000000000000,120.00000000000000,0.0000000000000000
66.000000000000000,120.00000000000000,7.4000000953674316
67.000000000000000,120.00000000000000,7.4000000953674316
68.000000000000000,120.00000000000000,7.4000000953674316
69.000000000000000,120.00000000000000,0.0000000000000000
70.000000000000000,120.00000000000000,0.0000000000000000
71.000000000000000,120.00000000000000,0.0000000000000000
72.000000000000000,120.00000000000000,0.0000000000000000
73.000000000000000,120.00000000000000,0.0000000000000000
74.000000000000000,120.00000000000000,0.0000000000000000
75.000000000000000,120.00000000000000,0.0000000000000000
76.000000000000000,120.00000000000000,0.0000000000000000
77.000000000000000,120.00000000000000,0.0000000000000000
78.000000000000000,120.00000000000000,6.5000000000000000
79.000000000000000,120.00000000000000,6.5000000000000000
80.000000000000000,120.00000000000000,0.0000000000000000
81.000000000000000,120.00000000000000,0.0000000000000000
82.000000000000000,120.00000000000000,0.0000000000000000
83.000000000000000,120.00000000000000,0.0000000000000000
84.000000000000000,120.00000000000000,0.0000000000000000
85.000000000000000,120.00000000000000,0.0000000000000000
86.000000000000000,120.00000000000000,0.0000000000000000
87.000000000000000,120.00000000000000,0.0000000000000000
88.000000000000000,120.00000000000000,0.0000000000000000
89.000000000000000,120.00000000000000,0.0000000000000000
90.000000000000000,120.00000000000000,0.0000000000000000
91.000000000000000,120.00000000000000,0.0000000000000000
92.000000000000000,120.00000000000000,0.0000000000000000
93.000000000000000,120.00000000000000,0.0000000000000000
94.000000000000000,120.00000000000000,0.0000000000000000
95.000000000000000,120.00000000000000,0.0000000000000000
96.000000000000000,120.00000000000000,0.0000000000000000
97.000000000000000,120.00000000000000,0.0000000000000000
98.000000000000000,120.00000000000000,0.0000000000000000
99.000000000000000,120.00000000000000,0.0000000000000000
100.00000000000000,120.00000000000000,0.0000000000000000
101.00000000000000,120.00000000000000,0.0000000000000000
102.00000000000000,120.00000000000000,0.0000000000000000
103.00000000000000,120.00000000000000,0.0000000000000000
104.00000000000000,120.00000000000000,0.0000000000000000
105.00000000000000,120.00000000000000,0.0000000000000000
106.00000000000000,120.00000000000000,0.0000000000000000
107.00000000000000,120.00000000000000,0.0000000000000000
108.00000000000000,120.00000000000000,0.0000000000000000
109.00000000000000,120.00000000000000,0.0000000000000000
110.00000000000000,120.00000000000000,0.0000000000000000
111.00000000000000,120.00000000000000,0.0000000000000000
112.00000000000000,120.00000000000000,0.0000000000000000
113.00000000000000,120.00000000000000,0.0000000000000000
1.0000000000000000,121.00000000000000,0.0000000000000000
2.0000000000000000,121.00000000000000,0.0000000000000000
3.0000000000000000,121.00000000000000,0.0000000000000000
4.0000000000000000,121.00000000000000,0.0000000000000000
5.0000000000000000,121.00000000000000,0.0000000000000000
6.0000000000000000,121.00000000000000,0.0000000000000000
7.0000000000000000,121.00000000000000,0.0000000000000000
8.0000000000000000,121.00000000000000,0.0000000000000000
9.0000000000000000,121.00000000000000,0.0000000000000000
10.000000000000000,121.00000000000000,0.0000000000000000
11.000000000000000,121.00000000000000,0.0000000000000000
12.000000000000000,121.00000000000000,0.0000000000000000
13.000000000000000,121.00000000000000,0.0000000000000000
14.000000000000000,121.00000000000000,0.0000000000000000
15.000000000000000,121.00000000000000,0.0000000000000000
16.000000000000000,121.00000000000000,0.0000000000000000
17.000000000000000,121.00000000000000,0.0000000000000000
18.000000000000000,121.00000000000000,0.0000000000000000
19.000000000000000,121.00000000000000,0.0000000000000000
20.000000000000000,121.00000000000000,0.0000000000000000
21.000000000000000,121.00000000000000,0.0000000000000000
22.000000000000000,121.00000000000000,0.0000000000000000
23.000000000000000,121.00000000000000,0.0000000000000000
24.000000000000000,121.00000000000000,0.0000000000000000
25.000000000000000,121.00000000000000,0.0000000000000000
26.000000000000000,121.00000000000000,0.0000000000000000
27.000000000000000,121.00000000000000,0.0000000000000000
28.000000000000000,121.00000000000000,0.0000000000000000
29.000000000000000,121.00000000000000,0.0000000000000000
30.000000000000000,121.00000000000000,0.0000000000000000
31.000000000000000,121.00000000000000,0.0000000000000000
32.000000000000000,121.00000000000000,0.0000000000000000
33.000000000000000,121.00000000000000,0.0000000000000000
34.000000000000000,121.00000000000000,0.0000000000000000
35.000000000000000,121.00000000000000,0.0000000000000000
36.000000000000000,121.00000000000000,0.0000000000000000
37.000000000000000,121.00000000000000,0.0000000000000000
38.000000000000000,121.00000000000000,0.0000000000000000
39.000000000000000,121.00000000000000,0.0000000000000000
40.000000000000000,121.00000000000000,0.0000000000000000
41.000000000000000,121.00000000000000,0.0000000000000000
42.000000000000000,121.00000000000000,0.0000000000000000
43.000000000000000,121.00000000000000,0.0000000000000000
44.000000000000000,121.00000000000000,0.0000000000000000
45.000000000000000,121.00000000000000,8.1000003814697266
46.000000000000000,121.00000000000000,8.1000003814697266
47.000000000000000,121.00000000000000,0.0000000000000000
48.000000000000000,121.00000000000000,0.0000000000000000
49.000000000000000,121.00000000000000,0.0000000000000000
50.000000000000000,121.00000000000000,0.0000000000000000
51.000000000000000,121.00000000000000,0.0000000000000000
52.000000000000000,121.00000000000000,0.0000000000000000
53.000000000000000,121.00000000000000,0.0000000000000000
54.000000000000000,121.00000000000000,0.0000000000000000
55.000000000000000,121.00000000000000,0.0000000000000000
56.000000000000000,121.00000000000000,0.0000000000000000
57.000000000000000,121.00000000000000,0.0000000000000000
58.000000000000000,121.00000000000000,0.0000000000000000
59.000000000000000,121.00000000000000,0.0000000000000000
60.000000000000000,121.00000000000000,0.0000000000000000
61.000000000000000,121.00000000000000,0.0000000000000000
62.000000000000000,121.00000000000000,0.0000000000000000
63.000000000000000,121.00000000000000,0.0000000000000000
64.000000000000000,121.00000000000000,0.0000000000000000
65.000000000000000,121.00000000000000,0.0000000000000000
66.000000000000000,121.00000000000000,7.4000000953674316
67.000000000000000,121.00000000000000,0.0000000000000000
68.000000000000000,121.00000000000000,0.0000000000000000
69.000000000000000,121.00000000000000,0.0000000000000000
70.000000000000000,121.00000000000000,0.0000000000000000
71.000000000000000,121.00000000000000,0.0000000000000000
72.000000000000000,121.00000000000000,0.0000000000000000
73.000000000000000,121.00000000000000,0.0000000000000000
74.000000000000000,121.00000000000000,0.0000000000000000
75.000000000000000,121.00000000000000,0.0000000000000000
76.000000000000000,121.00000000000000,0.0000000000000000
77.000000000000000,121.00000000000000,0.0000000000000000
78.000000000000000,121.00000000000000,6.5000000000000000
79.000000000000000,121.00000000000000,0.0000000000000000
80.000000000000000,121.00000000000000,0.0000000000000000
81.000000000000000,121.00000000000000,0.0000000000000000
82.000000000000000,121.00000000000000,0.0000000000000000
83.000000000000000,121.00000000000000,0.0000000000000000
84.000000000000000,121.00000000000000,0.0000000000000000
85.000000000000000,121.00000000000000,0.0000000000000000
86.000000000000000,121.00000000000000,0.0000000000000000
87.000000000000000,121.00000000000000,0.0000000000000000
88.000000000000000,121.00000000000000,0.0000000000000000
89.000000000000000,121.00000000000000,0.0000000000000000
90.000000000000000,121.00000000000000,0.0000000000000000
91.000000000000000,121.00000000000000,0.0000000000000000
92.000000000000000,121.00000000000000,0.0000000000000000
93.000000000000000,121.00000000000000,0.0000000000000000
94.000000000000000,121.00000000000000,0.0000000000000000
95.000000000000000,121.00000000000000,0.0000000000000000
96.000000000000000,121.00000000000000,0.0000000000000000
97.000000000000000,121.00000000000000,0.0000000000000000
98.000000000000000,121.00000000000000,0.0000000000000000
99.000000000000000,121.00000000000000,0.0000000000000000
100.00000000000000,121.00000000000000,0.0000000000000000
101.00000000000000,121.00000000000000,0.0000000000000000
102.00000000000000,121.00000000000000,0.0000000000000000
103.00000000000000,121.00000000000000,0.0000000000000000
104.00000000000000,121.00000000000000,0.0000000000000000
105.00000000000000,121.00000000000000,0.0000000000000000
106.00000000000000,121.00000000000000,0.0000000000000000
107.00000000000000,121.00000000000000,0.0000000000000000
108.00000000000000,121.00000000000000,0.0000000000000000
109.00000000000000,121.00000000000000,0.0000000000000000
110.00000000000000,121.00000000000000,0.0000000000000000
111.00000000000000,121.00000000000000,0.0000000000000000
112.00000000000000,121.00000000000000,0.0000000000000000
113.00000000000000,121.00000000000000,0.0000000000000000
1.0000000000000000,122.00000000000000,0.0000000000000000
2.0000000000000000,122.00000000000000,0.0000000000000000
3.0000000000000000,122.00000000000000,0.0000000000000000
4.0000000000000000,122.00000000000000,0.0000000000000000
5.0000000000000000,122.00000000000000,0.0000000000000000
6.0000000000000000,122.00000000000000,0.0000000000000000
7.0000000000000000,122.00000000000000,0.0000000000000000
8.0000000000000000,122.00000000000000,0.0000000000000000
9.0000000000000000,122.00000000000000,0.0000000000000000
10.000000000000000,122.00000000000000,0.0000000000000000
11.000000000000000,122.00000000000000,0.0000000000000000
12.000000000000000,122.00000000000000,0.0000000000000000
13.000000000000000,122.00000000000000,0.0000000000000000
14.000000000000000,122.00000000000000,0.0000000000000000
15.000000000000000,122.00000000000000,0.0000000000000000
16.000000000000000,122.00000000000000,0.0000000000000000
17.000000000000000,122.00000000000000,0.0000000000000000
18.000000000000000,122.00000000000000,0.0000000000000000
19.000000000000000,122.00000000000000,0.0000000000000000
20.000000000000000,122.00000000000000,0.0000000000000000
21.000000000000000,122.00000000000000,0.0000000000000000
22.000000000000000,122.00000000000000,0.0000000000000000
23.000000000000000,122.00000000000000,0.0000000000000000
24.000000000000000,122.00000000000000,0.0000000000000000
25.000000000000000,122.00000000000000,0.0000000000000000
26.000000000000000,122.00000000000000,0.0000000000000000
27.000000000000000,122.00000000000000,0.0000000000000000
28.000000000000000,122.00000000000000,0.0000000000000000
29.000000000000000,122.00000000000000,0.0000000000000000
30.000000000000000,122.00000000000000,0.0000000000000000
31.000000000000000,122.00000000000000,0.0000000000000000
32.000000000000000,122.00000000000000,0.0000000000000000
33.000000000000000,122.00000000000000,0.0000000000000000
34.000000000000000,122.00000000000000,0.0000000000000000
35.000000000000000,122.00000000000000,0.0000000000000000
36.000000000000000,122.00000000000000,0.0000000000000000
37.000000000000000,122.00000000000000,0.0000000000000000
38.000000000000000,122.00000000000000,0.0000000000000000
39.000000000000000,122.00000000000000,0.0000000000000000
40.000000000000000,122.00000000000000,0.0000000000000000
41.000000000000000,122.00000000000000,0.0000000000000000
42.000000000000000,122.00000000000000,0.0000000000000000
43.000000000000000,122.00000000000000,0.0000000000000000
44.000000000000000,122.00000000000000,0.0000000000000000
45.000000000000000,122.00000000000000,0.0000000000000000
46.000000000000000,122.00000000000000,0.0000000000000000
47.000000000000000,122.00000000000000,0.0000000000000000
48.000000000000000,122.00000000000000,0.0000000000000000
49.000000000000000,122.00000000000000,0.0000000000000000
50.000000000000000,122.00000000000000,0.0000000000000000
51.000000000000000,122.00000000000000,0.0000000000000000
52.000000000000000,122.00000000000000,0.0000000000000000
53.000000000000000,122.00000000000000,0.0000000000000000
54.000000000000000,122.00000000000000,0.0000000000000000
55.000000000000000,122.00000000000000,0.0000000000000000
56.000000000000000,122.00000000000000,0.0000000000000000
57.000000000000000,122.00000000000000,0.0000000000000000
58.000000000000000,122.00000000000000,0.0000000000000000
59.000000000000000,122.00000000000000,8.3000001907348633
60.000000000000000,122.00000000000000,8.1000003814697266
61.000000000000000,122.00000000000000,8.1000003814697266
62.000000000000000,122.00000000000000,8.1000003814697266
63.000000000000000,122.00000000000000,7.9000000953674316
64.000000000000000,122.00000000000000,0.0000000000000000
65.000000000000000,122.00000000000000,0.0000000000000000
66.000000000000000,122.00000000000000,0.0000000000000000
67.000000000000000,122.00000000000000,0.0000000000000000
68.000000000000000,122.00000000000000,0.0000000000000000
69.000000000000000,122.00000000000000,0.0000000000000000
70.000000000000000,122.00000000000000,0.0000000000000000
71.000000000000000,122.00000000000000,0.0000000000000000
72.000000000000000,122.00000000000000,0.0000000000000000
73.000000000000000,122.00000000000000,0.0000000000000000
74.000000000000000,122.00000000000000,0.0000000000000000
75.000000000000000,122.00000000000000,0.0000000000000000
76.000000000000000,122.00000000000000,5.6999998092651367
77.000000000000000,122.00000000000000,5.6999998092651367
78.000000000000000,122.00000000000000,0.0000000000000000
79.000000000000000,122.00000000000000,0.0000000000000000
80.000000000000000,122.00000000000000,0.0000000000000000
81.000000000000000,122.00000000000000,0.0000000000000000
82.000000000000000,122.00000000000000,0.0000000000000000
83.000000000000000,122.00000000000000,0.0000000000000000
84.000000000000000,122.00000000000000,0.0000000000000000
85.000000000000000,122.00000000000000,0.0000000000000000
86.000000000000000,122.00000000000000,0.0000000000000000
87.000000000000000,122.00000000000000,0.0000000000000000
88.000000000000000,122.00000000000000,0.0000000000000000
89.000000000000000,122.00000000000000,0.0000000000000000
90.000000000000000,122.00000000000000,0.0000000000000000
91.000000000000000,122.00000000000000,0.0000000000000000
92.000000000000000,122.00000000000000,0.0000000000000000
93.000000000000000,122.00000000000000,0.0000000000000000
94.000000000000000,122.00000000000000,0.0000000000000000
95.000000000000000,122.00000000000000,0.0000000000000000
96.000000000000000,122.00000000000000,0.0000000000000000
97.000000000000000,122.00000000000000,0.0000000000000000
98.000000000000000,122.00000000000000,0.0000000000000000
99.000000000000000,122.00000000000000,0.0000000000000000
100.00000000000000,122.00000000000000,0.0000000000000000
101.00000000000000,122.00000000000000,0.0000000000000000
102.00000000000000,122.00000000000000,0.0000000000000000
103.00000000000000,122.00000000000000,0.0000000000000000
104.00000000000000,122.00000000000000,0.0000000000000000
105.00000000000000,122.00000000000000,0.0000000000000000
106.00000000000000,122.00000000000000,0.0000000000000000
107.00000000000000,122.00000000000000,0.0000000000000000
108.00000000000000,122.00000000000000,0.0000000000000000
109.00000000000000,122.00000000000000,0.0000000000000000
110.00000000000000,122.00000000000000,0.0000000000000000
111.00000000000000,122.00000000000000,0.0000000000000000
112.00000000000000,122.00000000000000,0.0000000000000000
113.00000000000000,122.00000000000000,0.0000000000000000
1.0000000000000000,123.00000000000000,0.0000000000000000
2.0000000000000000,123.00000000000000,0.0000000000000000
3.0000000000000000,123.00000000000000,0.0000000000000000
4.0000000000000000,123.00000000000000,0.0000000000000000
5.0000000000000000,123.00000000000000,0.0000000000000000
6.0000000000000000,123.00000000000000,0.0000000000000000
7.0000000000000000,123.00000000000000,0.0000000000000000
8.0000000000000000,123.00000000000000,0.0000000000000000
9.0000000000000000,123.00000000000000,0.0000000000000000
10.000000000000000,123.00000000000000,0.0000000000000000
11.000000000000000,123.00000000000000,0.0000000000000000
12.000000000000000,123.00000000000000,0.0000000000000000
13.000000000000000,123.00000000000000,0.0000000000000000
14.000000000000000,123.00000000000000,0.0000000000000000
15.000000000000000,123.00000000000000,0.0000000000000000
16.000000000000000,123.00000000000000,0.0000000000000000
17.000000000000000,123.00000000000000,0.0000000000000000
18.000000000000000,123.00000000000000,0.0000000000000000
19.000000000000000,123.00000000000000,0.0000000000000000
20.000000000000000,123.00000000000000,0.0000000000000000
21.000000000000000,123.00000000000000,0.0000000000000000
22.000000000000000,123.00000000000000,0.0000000000000000
23.000000000000000,123.00000000000000,0.0000000000000000
24.000000000000000,123.00000000000000,0.0000000000000000
25.000000000000000,123.00000000000000,0.0000000000000000
26.000000000000000,123.00000000000000,0.0000000000000000
27.000000000000000,123.00000000000000,0.0000000000000000
28.000000000000000,123.00000000000000,0.0000000000000000
29.000000000000000,123.00000000000000,0.0000000000000000
30.000000000000000,123.00000000000000,0.0000000000000000
31.000000000000000,123.00000000000000,0.0000000000000000
32.000000000000000,123.00000000000000,0.0000000000000000
33.000000000000000,123.00000000000000,0.0000000000000000
34.000000000000000,123.00000000000000,0.0000000000000000
35.000000000000000,123.00000000000000,0.0000000000000000
36.000000000000000,123.00000000000000,0.0000000000000000
37.000000000000000,123.00000000000000,0.0000000000000000
38.000000000000000,123.00000000000000,0.0000000000000000
39.000000000000000,123.00000000000000,0.0000000000000000
40.000000000000000,123.00000000000000,0.0000000000000000
41.000000000000000,123.00000000000000,0.0000000000000000
42.000000000000000,123.00000000000000,0.0000000000000000
43.000000000000000,123.00000000000000,0.0000000000000000
44.000000000000000,123.00000000000000,0.0000000000000000
45.000000000000000,123.00000000000000,0.0000000000000000
46.000000000000000,123.00000000000000,0.0000000000000000
47.000000000000000,123.00000000000000,0.0000000000000000
48.000000000000000,123.00000000000000,0.0000000000000000
49.000000000000000,123.00000000000000,0.0000000000000000
50.000000000000000,123.00000000000000,0.0000000000000000
51.000000000000000,123.00000000000000,0.0000000000000000
52.000000000000000,123.00000000000000,0.0000000000000000
53.000000000000000,123.00000000000000,0.0000000000000000
54.000000000000000,123.00000000000000,0.0000000000000000
55.000000000000000,123.00000000000000,0.0000000000000000
56.000000000000000,123.00000000000000,0.0000000000000000
57.000000000000000,123.00000000000000,0.0000000000000000
58.000000000000000,123.00000000000000,0.0000000000000000
59.000000000000000,123.00000000000000,0.0000000000000000
60.000000000000000,123.00000000000000,8.1000003814697266
61.000000000000000,123.00000000000000,8.1000003814697266
62.000000000000000,123.00000000000000,0.0000000000000000
63.000000000000000,123.00000000000000,0.0000000000000000
64.000000000000000,123.00000000000000,0.0000000000000000
65.000000000000000,123.00000000000000,0.0000000000000000
66.000000000000000,123.00000000000000,0.0000000000000000
67.000000000000000,123.00000000000000,0.0000000000000000
68.000000000000000,123.00000000000000,0.0000000000000000
69.000000000000000,123.00000000000000,0.0000000000000000
70.000000000000000,123.00000000000000,0.0000000000000000
71.000000000000000,123.00000000000000,0.0000000000000000
72.000000000000000,123.00000000000000,0.0000000000000000
73.000000000000000,123.00000000000000,0.0000000000000000
74.000000000000000,123.00000000000000,0.0000000000000000
75.000000000000000,123.00000000000000,0.0000000000000000
76.000000000000000,123.00000000000000,0.0000000000000000
77.000000000000000,123.00000000000000,0.0000000000000000
78.000000000000000,123.00000000000000,0.0000000000000000
79.000000000000000,123.00000000000000,0.0000000000000000
80.000000000000000,123.00000000000000,0.0000000000000000
81.000000000000000,123.00000000000000,0.0000000000000000
82.000000000000000,123.00000000000000,0.0000000000000000
83.000000000000000,123.00000000000000,0.0000000000000000
84.000000000000000,123.00000000000000,0.0000000000000000
85.000000000000000,123.00000000000000,0.0000000000000000
86.000000000000000,123.00000000000000,0.0000000000000000
87.000000000000000,123.00000000000000,0.0000000000000000
88.000000000000000,123.00000000000000,0.0000000000000000
89.000000000000000,123.00000000000000,0.0000000000000000
90.000000000000000,123.00000000000000,0.0000000000000000
91.000000000000000,123.00000000000000,0.0000000000000000
92.000000000000000,123.00000000000000,0.0000000000000000
93.000000000000000,123.00000000000000,0.0000000000000000
94.000000000000000,123.00000000000000,0.0000000000000000
95.000000000000000,123.00000000000000,0.0000000000000000
96.000000000000000,123.00000000000000,0.0000000000000000
97.000000000000000,123.00000000000000,0.0000000000000000
98.000000000000000,123.00000000000000,0.0000000000000000
99.000000000000000,123.00000000000000,0.0000000000000000
100.00000000000000,123.00000000000000,0.0000000000000000
101.00000000000000,123.00000000000000,0.0000000000000000
102.00000000000000,123.00000000000000,0.0000000000000000
103.00000000000000,123.00000000000000,0.0000000000000000
104.00000000000000,123.00000000000000,0.0000000000000000
105.00000000000000,123.00000000000000,0.0000000000000000
106.00000000000000,123.00000000000000,0.0000000000000000
107.00000000000000,123.00000000000000,0.0000000000000000
108.00000000000000,123.00000000000000,0.0000000000000000
109.00000000000000,123.00000000000000,0.0000000000000000
110.00000000000000,123.00000000000000,0.0000000000000000
111.00000000000000,123.00000000000000,0.0000000000000000
112.00000000000000,123.00000000000000,0.0000000000000000
113.00000000000000,123.00000000000000,0.0000000000000000
1.0000000000000000,124.00000000000000,0.0000000000000000
2.0000000000000000,124.00000000000000,0.0000000000000000
3.0000000000000000,124.00000000000000,0.0000000000000000
4.0000000000000000,124.00000000000000,0.0000000000000000
5.0000000000000000,124.00000000000000,0.0000000000000000
6.0000000000000000,124.00000000000000,0.0000000000000000
7.0000000000000000,124.00000000000000,0.0000000000000000
8.0000000000000000,124.00000000000000,0.0000000000000000
9.0000000000000000,124.00000000000000,0.0000000000000000
10.000000000000000,124.00000000000000,0.0000000000000000
11.000000000000000,124.00000000000000,0.0000000000000000
12.000000000000000,124.00000000000000,0.0000000000000000
13.000000000000000,124.00000000000000,0.0000000000000000
14.000000000000000,124.00000000000000,0.0000000000000000
15.000000000000000,124.00000000000000,0.0000000000000000
16.000000000000000,124.00000000000000,0.0000000000000000
17.000000000000000,124.00000000000000,0.0000000000000000
18.000000000000000,124.00000000000000,0.0000000000000000
19.000000000000000,124.00000000000000,0.0000000000000000
20.000000000000000,124.00000000000000,0.0000000000000000
21.000000000000000,124.00000000000000,0.0000000000000000
22.000000000000000,124.00000000000000,0.0000000000000000
23.000000000000000,124.00000000000000,0.0000000000000000
24.000000000000000,124.00000000000000,0.0000000000000000
25.000000000000000,124.00000000000000,0.0000000000000000
26.000000000000000,124.00000000000000,0.0000000000000000
27.000000000000000,124.00000000000000,0.0000000000000000
28.000000000000000,124.00000000000000,0.0000000000000000
29.000000000000000,124.00000000000000,0.0000000000000000
30.000000000000000,124.00000000000000,0.0000000000000000
31.000000000000000,124.00000000000000,0.0000000000000000
32.000000000000000,124.00000000000000,0.0000000000000000
33.000000000000000,124.00000000000000,0.0000000000000000
34.000000000000000,124.00000000000000,0.0000000000000000
35.000000000000000,124.00000000000000,0.0000000000000000
36.000000000000000,124.00000000000000,0.0000000000000000
37.000000000000000,124.00000000000000,0.0000000000000000
38.000000000000000,124.00000000000000,0.0000000000000000
39.000000000000000,124.00000000000000,0.0000000000000000
40.000000000000000,124.00000000000000,0.0000000000000000
41.000000000000000,124.00000000000000,0.0000000000000000
42.000000000000000,124.00000000000000,0.0000000000000000
43.000000000000000,124.00000000000000,0.0000000000000000
44.000000000000000,124.00000000000000,0.0000000000000000
45.000000000000000,124.00000000000000,0.0000000000000000
46.000000000000000,124.00000000000000,0.0000000000000000
47.000000000000000,124.00000000000000,0.0000000000000000
48.000000000000000,124.00000000000000,0.0000000000000000
49.000000000000000,124.00000000000000,0.0000000000000000
50.000000000000000,124.00000000000000,0.0000000000000000
51.000000000000000,124.00000000000000,0.0000000000000000
52.000000000000000,124.00000000000000,0.0000000000000000
53.000000000000000,124.00000000000000,0.0000000000000000
54.000000000000000,124.00000000000000,0.0000000000000000
55.000000000000000,124.00000000000000,0.0000000000000000
56.000000000000000,124.00000000000000,0.0000000000000000
57.000000000000000,124.00000000000000,0.0000000000000000
58.000000000000000,124.00000000000000,0.0000000000000000
59.000000000000000,124.00000000000000,0.0000000000000000
60.000000000000000,124.00000000000000,0.0000000000000000
61.000000000000000,124.00000000000000,0.0000000000000000
62.000000000000000,124.00000000000000,0.0000000000000000
63.000000000000000,124.00000000000000,0.0000000000000000
64.000000000000000,124.00000000000000,0.0000000000000000
65.000000000000000,124.00000000000000,0.0000000000000000
66.000000000000000,124.00000000000000,0.0000000000000000
67.000000000000000,124.00000000000000,0.0000000000000000
68.000000000000000,124.00000000000000,0.0000000000000000
69.000000000000000,124.00000000000000,0.0000000000000000
70.000000000000000,124.00000000000000,0.0000000000000000
71.000000000000000,124.00000000000000,0.0000000000000000
72.000000000000000,124.00000000000000,0.0000000000000000
73.000000000000000,124.00000000000000,0.0000000000000000
74.000000000000000,124.00000000000000,0.0000000000000000
75.000000000000000,124.00000000000000,0.0000000000000000
76.000000000000000,124.00000000000000,0.0000000000000000
77.000000000000000,124.00000000000000,0.0000000000000000
78.000000000000000,124.00000000000000,0.0000000000000000
79.000000000000000,124.00000000000000,0.0000000000000000
80.000000000000000,124.00000000000000,0.0000000000000000
81.000000000000000,124.00000000000000,0.0000000000000000
82.000000000000000,124.00000000000000,0.0000000000000000
83.000000000000000,124.00000000000000,0.0000000000000000
84.000000000000000,124.00000000000000,0.0000000000000000
85.000000000000000,124.00000000000000,0.0000000000000000
86.000000000000000,124.00000000000000,0.0000000000000000
87.000000000000000,124.00000000000000,0.0000000000000000
88.000000000000000,124.00000000000000,0.0000000000000000
89.000000000000000,124.00000000000000,0.0000000000000000
90.000000000000000,124.00000000000000,0.0000000000000000
91.000000000000000,124.00000000000000,0.0000000000000000
92.000000000000000,124.00000000000000,0.0000000000000000
93.000000000000000,124.00000000000000,0.0000000000000000
94.000000000000000,124.00000000000000,0.0000000000000000
95.000000000000000,124.00000000000000,0.0000000000000000
96.000000000000000,124.00000000000000,0.0000000000000000
97.000000000000000,124.00000000000000,0.0000000000000000
98.000000000000000,124.00000000000000,0.0000000000000000
99.000000000000000,124.00000000000000,0.0000000000000000
100.00000000000000,124.00000000000000,0.0000000000000000
101.00000000000000,124.00000000000000,0.0000000000000000
102.00000000000000,124.00000000000000,0.0000000000000000
103.00000000000000,124.00000000000000,0.0000000000000000
104.00000000000000,124.00000000000000,0.0000000000000000
105.00000000000000,124.00000000000000,0.0000000000000000
106.00000000000000,124.00000000000000,0.0000000000000000
107.00000000000000,124.00000000000000,0.0000000000000000
108.00000000000000,124.00000000000000,0.0000000000000000
109.00000000000000,124.00000000000000,0.0000000000000000
110.00000000000000,124.00000000000000,0.0000000000000000
111.00000000000000,124.00000000000000,0.0000000000000000
112.00000000000000,124.00000000000000,0.0000000000000000
113.00000000000000,124.00000000000000,0.0000000000000000
1.0000000000000000,125.00000000000000,0.0000000000000000
2.0000000000000000,125.00000000000000,0.0000000000000000
3.0000000000000000,125.00000000000000,0.0000000000000000
4.0000000000000000,125.00000000000000,0.0000000000000000
5.0000000000000000,125.00000000000000,0.0000000000000000
6.0000000000000000,125.00000000000000,0.0000000000000000
7.0000000000000000,125.00000000000000,0.0000000000000000
8.0000000000000000,125.00000000000000,0.0000000000000000
9.0000000000000000,125.00000000000000,0.0000000000000000
10.000000000000000,125.00000000000000,0.0000000000000000
11.000000000000000,125.00000000000000,0.0000000000000000
12.000000000000000,125.00000000000000,0.0000000000000000
13.000000000000000,125.00000000000000,0.0000000000000000
14.000000000000000,125.00000000000000,0.0000000000000000
15.000000000000000,125.00000000000000,0.0000000000000000
16.000000000000000,125.00000000000000,0.0000000000000000
17.000000000000000,125.00000000000000,0.0000000000000000
18.000000000000000,125.00000000000000,0.0000000000000000
19.000000000000000,125.00000000000000,0.0000000000000000
20.000000000000000,125.00000000000000,0.0000000000000000
21.000000000000000,125.00000000000000,0.0000000000000000
22.000000000000000,125.00000000000000,0.0000000000000000
23.000000000000000,125.00000000000000,0.0000000000000000
24.000000000000000,125.00000000000000,0.0000000000000000
25.000000000000000,125.00000000000000,0.0000000000000000
26.000000000000000,125.00000000000000,0.0000000000000000
27.000000000000000,125.00000000000000,0.0000000000000000
28.000000000000000,125.00000000000000,0.0000000000000000
29.000000000000000,125.00000000000000,0.0000000000000000
30.000000000000000,125.00000000000000,0.0000000000000000
31.000000000000000,125.00000000000000,0.0000000000000000
32.000000000000000,125.00000000000000,0.0000000000000000
33.000000000000000,125.00000000000000,0.0000000000000000
34.000000000000000,125.00000000000000,0.0000000000000000
35.000000000000000,125.00000000000000,0.0000000000000000
36.000000000000000,125.00000000000000,0.0000000000000000
37.000000000000000,125.00000000000000,0.0000000000000000
38.000000000000000,125.00000000000000,0.0000000000000000
39.000000000000000,125.00000000000000,0.0000000000000000
40.000000000000000,125.00000000000000,0.0000000000000000
41.000000000000000,125.00000000000000,0.0000000000000000
42.000000000000000,125.00000000000000,0.0000000000000000
43.000000000000000,125.00000000000000,0.0000000000000000
44.000000000000000,125.00000000000000,0.0000000000000000
45.000000000000000,125.00000000000000,0.0000000000000000
46.000000000000000,125.00000000000000,0.0000000000000000
47.000000000000000,125.00000000000000,0.0000000000000000
48.000000000000000,125.00000000000000,0.0000000000000000
49.000000000000000,125.00000000000000,0.0000000000000000
50.000000000000000,125.00000000000000,0.0000000000000000
51.000000000000000,125.00000000000000,0.0000000000000000
52.000000000000000,125.00000000000000,0.0000000000000000
53.000000000000000,125.00000000000000,0.0000000000000000
54.000000000000000,125.00000000000000,0.0000000000000000
55.000000000000000,125.00000000000000,0.0000000000000000
56.000000000000000,125.00000000000000,0.0000000000000000
57.000000000000000,125.00000000000000,0.0000000000000000
58.000000000000000,125.00000000000000,0.0000000000000000
59.000000000000000,125.00000000000000,0.0000000000000000
60.000000000000000,125.00000000000000,0.0000000000000000
61.000000000000000,125.00000000000000,0.0000000000000000
62.000000000000000,125.00000000000000,0.0000000000000000
63.000000000000000,125.00000000000000,0.0000000000000000
64.000000000000000,125.00000000000000,0.0000000000000000
65.000000000000000,125.00000000000000,0.0000000000000000
66.000000000000000,125.00000000000000,0.0000000000000000
67.000000000000000,125.00000000000000,0.0000000000000000
68.000000000000000,125.00000000000000,0.0000000000000000
69.000000000000000,125.00000000000000,0.0000000000000000
70.000000000000000,125.00000000000000,0.0000000000000000
71.000000000000000,125.00000000000000,0.0000000000000000
72.000000000000000,125.00000000000000,0.0000000000000000
73.000000000000000,125.00000000000000,0.0000000000000000
74.000000000000000,125.00000000000000,0.0000000000000000
75.000000000000000,125.00000000000000,0.0000000000000000
76.000000000000000,125.00000000000000,0.0000000000000000
77.000000000000000,125.00000000000000,0.0000000000000000
78.000000000000000,125.00000000000000,0.0000000000000000
79.000000000000000,125.00000000000000,0.0000000000000000
80.000000000000000,125.00000000000000,0.0000000000000000
81.000000000000000,125.00000000000000,0.0000000000000000
82.000000000000000,125.00000000000000,0.0000000000000000
83.000000000000000,125.00000000000000,0.0000000000000000
84.000000000000000,125.00000000000000,0.0000000000000000
85.000000000000000,125.00000000000000,0.0000000000000000
86.000000000000000,125.00000000000000,0.0000000000000000
87.000000000000000,125.00000000000000,0.0000000000000000
88.000000000000000,125.00000000000000,0.0000000000000000
89.000000000000000,125.00000000000000,0.0000000000000000
90.000000000000000,125.00000000000000,0.0000000000000000
91.000000000000000,125.00000000000000,0.0000000000000000
92.000000000000000,125.00000000000000,0.0000000000000000
93.000000000000000,125.00000000000000,0.0000000000000000
94.000000000000000,125.00000000000000,0.0000000000000000
95.000000000000000,125.00000000000000,0.0000000000000000
96.000000000000000,125.00000000000000,0.0000000000000000
97.000000000000000,125.00000000000000,0.0000000000000000
98.000000000000000,125.00000000000000,0.0000000000000000
99.000000000000000,125.00000000000000,0.0000000000000000
100.00000000000000,125.00000000000000,0.0000000000000000
101.00000000000000,125.00000000000000,0.0000000000000000
102.00000000000000,125.00000000000000,0.0000000000000000
103.00000000000000,125.00000000000000,0.0000000000000000
104.00000000000000,125.00000000000000,0.0000000000000000
105.00000000000000,125.00000000000000,0.0000000000000000
106.00000000000000,125.00000000000000,0.0000000000000000
107.00000000000000,125.00000000000000,0.0000000000000000
108.00000000000000,125.00000000000000,0.0000000000000000
109.00000000000000,125.00000000000000,0.0000000000000000
110.00000000000000,125.00000000000000,0.0000000000000000
111.00000000000000,125.00000000000000,0.0000000000000000
112.00000000000000,125.00000000000000,0.0000000000000000
113.00000000000000,125.00000000000000,0.0000000000000000
1.0000000000000000,126.00000000000000,0.0000000000000000
2.0000000000000000,126.00000000000000,0.0000000000000000
3.0000000000000000,126.00000000000000,0.0000000000000000
4.0000000000000000,126.00000000000000,0.0000000000000000
5.0000000000000000,126.00000000000000,0.0000000000000000
6.0000000000000000,126.00000000000000,0.0000000000000000
7.0000000000000000,126.00000000000000,0.0000000000000000
8.0000000000000000,126.00000000000000,0.0000000000000000
9.0000000000000000,126.00000000000000,0.0000000000000000
10.000000000000000,126.00000000000000,0.0000000000000000
11.000000000000000,126.00000000000000,0.0000000000000000
12.000000000000000,126.00000000000000,0.0000000000000000
13.000000000000000,126.00000000000000,0.0000000000000000
14.000000000000000,126.00000000000000,0.0000000000000000
15.000000000000000,126.00000000000000,0.0000000000000000
16.000000000000000,126.00000000000000,0.0000000000000000
17.000000000000000,126.00000000000000,0.0000000000000000
18.000000000000000,126.00000000000000,0.0000000000000000
19.000000000000000,126.00000000000000,0.0000000000000000
20.000000000000000,126.00000000000000,0.0000000000000000
21.000000000000000,126.00000000000000,0.0000000000000000
22.000000000000000,126.00000000000000,0.0000000000000000
23.000000000000000,126.00000000000000,0.0000000000000000
24.000000000000000,126.00000000000000,0.0000000000000000
25.000000000000000,126.00000000000000,0.0000000000000000
26.000000000000000,126.00000000000000,0.0000000000000000
27.000000000000000,126.00000000000000,0.0000000000000000
28.000000000000000,126.00000000000000,0.0000000000000000
29.000000000000000,126.00000000000000,0.0000000000000000
30.000000000000000,126.00000000000000,0.0000000000000000
31.000000000000000,126.00000000000000,0.0000000000000000
32.000000000000000,126.00000000000000,0.0000000000000000
33.000000000000000,126.00000000000000,0.0000000000000000
34.000000000000000,126.00000000000000,0.0000000000000000
35.000000000000000,126.00000000000000,0.0000000000000000
36.000000000000000,126.00000000000000,0.0000000000000000
37.000000000000000,126.00000000000000,0.0000000000000000
38.000000000000000,126.00000000000000,0.0000000000000000
39.000000000000000,126.00000000000000,0.0000000000000000
40.000000000000000,126.00000000000000,0.0000000000000000
41.000000000000000,126.00000000000000,0.0000000000000000
42.000000000000000,126.00000000000000,0.0000000000000000
43.000000000000000,126.00000000000000,0.0000000000000000
44.000000000000000,126.00000000000000,0.0000000000000000
45.000000000000000,126.00000000000000,0.0000000000000000
46.000000000000000,126.00000000000000,0.0000000000000000
47.000000000000000,126.00000000000000,0.0000000000000000
48.000000000000000,126.00000000000000,0.0000000000000000
49.000000000000000,126.00000000000000,0.0000000000000000
50.000000000000000,126.00000000000000,0.0000000000000000
51.000000000000000,126.00000000000000,0.0000000000000000
52.000000000000000,126.00000000000000,0.0000000000000000
53.000000000000000,126.00000000000000,0.0000000000000000
54.000000000000000,126.00000000000000,0.0000000000000000
55.000000000000000,126.00000000000000,0.0000000000000000
56.000000000000000,126.00000000000000,0.0000000000000000
57.000000000000000,126.00000000000000,0.0000000000000000
58.000000000000000,126.00000000000000,0.0000000000000000
59.000000000000000,126.00000000000000,0.0000000000000000
60.000000000000000,126.00000000000000,0.0000000000000000
61.000000000000000,126.00000000000000,0.0000000000000000
62.000000000000000,126.00000000000000,0.0000000000000000
63.000000000000000,126.00000000000000,0.0000000000000000
64.000000000000000,126.00000000000000,0.0000000000000000
65.000000000000000,126.00000000000000,0.0000000000000000
66.000000000000000,126.00000000000000,0.0000000000000000
67.000000000000000,126.00000000000000,0.0000000000000000
68.000000000000000,126.00000000000000,0.0000000000000000
69.000000000000000,126.00000000000000,0.0000000000000000
70.000000000000000,126.00000000000000,0.0000000000000000
71.000000000000000,126.00000000000000,0.0000000000000000
72.000000000000000,126.00000000000000,0.0000000000000000
73.000000000000000,126.00000000000000,0.0000000000000000
74.000000000000000,126.00000000000000,0.0000000000000000
75.000000000000000,126.00000000000000,0.0000000000000000
76.000000000000000,126.00000000000000,0.0000000000000000
77.000000000000000,126.00000000000000,0.0000000000000000
78.000000000000000,126.00000000000000,0.0000000000000000
79.000000000000000,126.00000000000000,0.0000000000000000
80.000000000000000,126.00000000000000,0.0000000000000000
81.000000000000000,126.00000000000000,0.0000000000000000
82.000000000000000,126.00000000000000,0.0000000000000000
83.000000000000000,126.00000000000000,0.0000000000000000
84.000000000000000,126.00000000000000,0.0000000000000000
85.000000000000000,126.00000000000000,0.0000000000000000
86.000000000000000,126.00000000000000,0.0000000000000000
87.000000000000000,126.00000000000000,0.0000000000000000
88.000000000000000,126.00000000000000,0.0000000000000000
89.000000000000000,126.00000000000000,0.0000000000000000
90.000000000000000,126.00000000000000,0.0000000000000000
91.000000000000000,126.00000000000000,0.0000000000000000
92.000000000000000,126.00000000000000,0.0000000000000000
93.000000000000000,126.00000000000000,0.0000000000000000
94.000000000000000,126.00000000000000,0.0000000000000000
95.000000000000000,126.00000000000000,0.0000000000000000
96.000000000000000,126.00000000000000,0.0000000000000000
97.000000000000000,126.00000000000000,0.0000000000000000
98.000000000000000,126.00000000000000,0.0000000000000000
99.000000000000000,126.00000000000000,0.0000000000000000
100.00000000000000,126.00000000000000,0.0000000000000000
101.00000000000000,126.00000000000000,0.0000000000000000
102.00000000000000,126.00000000000000,0.0000000000000000
103.00000000000000,126.00000000000000,0.0000000000000000
104.00000000000000,126.00000000000000,0.0000000000000000
105.00000000000000,126.00000000000000,0.0000000000000000
106.00000000000000,126.00000000000000,0.0000000000000000
107.00000000000000,126.00000000000000,0.0000000000000000
108.00000000000000,126.00000000000000,0.0000000000000000
109.00000000000000,126.00000000000000,0.0000000000000000
110.00000000000000,126.00000000000000,0.0000000000000000
111.00000000000000,126.00000000000000,0.0000000000000000
112.00000000000000,126.00000000000000,0.0000000000000000
113.00000000000000,126.00000000000000,0.0000000000000000
1.0000000000000000,127.00000000000000,0.0000000000000000
2.0000000000000000,127.00000000000000,0.0000000000000000
3.0000000000000000,127.00000000000000,0.0000000000000000
4.0000000000000000,127.00000000000000,0.0000000000000000
5.0000000000000000,127.00000000000000,0.0000000000000000
6.0000000000000000,127.00000000000000,0.0000000000000000
7.0000000000000000,127.00000000000000,0.0000000000000000
8.0000000000000000,127.00000000000000,0.0000000000000000
9.0000000000000000,127.00000000000000,0.0000000000000000
10.000000000000000,127.00000000000000,0.0000000000000000
11.000000000000000,127.00000000000000,0.0000000000000000
12.000000000000000,127.00000000000000,0.0000000000000000
13.000000000000000,127.00000000000000,0.0000000000000000
14.000000000000000,127.00000000000000,0.0000000000000000
15.000000000000000,127.00000000000000,0.0000000000000000
16.000000000000000,127.00000000000000,0.0000000000000000
17.000000000000000,127.00000000000000,0.0000000000000000
18.000000000000000,127.00000000000000,0.0000000000000000
19.000000000000000,127.00000000000000,0.0000000000000000
20.000000000000000,127.00000000000000,0.0000000000000000
21.000000000000000,127.00000000000000,0.0000000000000000
22.000000000000000,127.00000000000000,0.0000000000000000
23.000000000000000,127.00000000000000,0.0000000000000000
24.000000000000000,127.00000000000000,0.0000000000000000
25.000000000000000,127.00000000000000,0.0000000000000000
26.000000000000000,127.00000000000000,0.0000000000000000
27.000000000000000,127.00000000000000,0.0000000000000000
28.000000000000000,127.00000000000000,0.0000000000000000
29.000000000000000,127.00000000000000,0.0000000000000000
30.000000000000000,127.00000000000000,0.0000000000000000
31.000000000000000,127.00000000000000,0.0000000000000000
32.000000000000000,127.00000000000000,0.0000000000000000
33.000000000000000,127.00000000000000,0.0000000000000000
34.000000000000000,127.00000000000000,0.0000000000000000
35.000000000000000,127.00000000000000,0.0000000000000000
36.000000000000000,127.00000000000000,0.0000000000000000
37.000000000000000,127.00000000000000,0.0000000000000000
38.000000000000000,127.00000000000000,0.0000000000000000
39.000000000000000,127.00000000000000,0.0000000000000000
40.000000000000000,127.00000000000000,0.0000000000000000
41.000000000000000,127.00000000000000,0.0000000000000000
42.000000000000000,127.00000000000000,0.0000000000000000
43.000000000000000,127.00000000000000,0.0000000000000000
44.000000000000000,127.00000000000000,0.0000000000000000
45.000000000000000,127.00000000000000,0.0000000000000000
46.000000000000000,127.00000000000000,0.0000000000000000
47.000000000000000,127.00000000000000,0.0000000000000000
48.000000000000000,127.00000000000000,0.0000000000000000
49.000000000000000,127.00000000000000,0.0000000000000000
50.000000000000000,127.00000000000000,0.0000000000000000
51.000000000000000,127.00000000000000,0.0000000000000000
52.000000000000000,127.00000000000000,0.0000000000000000
53.000000000000000,127.00000000000000,0.0000000000000000
54.000000000000000,127.00000000000000,0.0000000000000000
55.000000000000000,127.00000000000000,0.0000000000000000
56.000000000000000,127.00000000000000,0.0000000000000000
57.000000000000000,127.00000000000000,0.0000000000000000
58.000000000000000,127.00000000000000,0.0000000000000000
59.000000000000000,127.00000000000000,0.0000000000000000
60.000000000000000,127.00000000000000,0.0000000000000000
61.000000000000000,127.00000000000000,0.0000000000000000
62.000000000000000,127.00000000000000,0.0000000000000000
63.000000000000000,127.00000000000000,0.0000000000000000
64.000000000000000,127.00000000000000,0.0000000000000000
65.000000000000000,127.00000000000000,0.0000000000000000
66.000000000000000,127.00000000000000,0.0000000000000000
67.000000000000000,127.00000000000000,0.0000000000000000
68.000000000000000,127.00000000000000,0.0000000000000000
69.000000000000000,127.00000000000000,0.0000000000000000
70.000000000000000,127.00000000000000,0.0000000000000000
71.000000000000000,127.00000000000000,0.0000000000000000
72.000000000000000,127.00000000000000,0.0000000000000000
73.000000000000000,127.00000000000000,0.0000000000000000
74.000000000000000,127.00000000000000,0.0000000000000000
75.000000000000000,127.00000000000000,0.0000000000000000
76.000000000000000,127.00000000000000,0.0000000000000000
77.000000000000000,127.00000000000000,0.0000000000000000
78.000000000000000,127.00000000000000,0.0000000000000000
79.000000000000000,127.00000000000000,0.0000000000000000
80.000000000000000,127.00000000000000,0.0000000000000000
81.000000000000000,127.00000000000000,0.0000000000000000
82.000000000000000,127.00000000000000,0.0000000000000000
83.000000000000000,127.00000000000000,0.0000000000000000
84.000000000000000,127.00000000000000,0.0000000000000000
85.000000000000000,127.00000000000000,0.0000000000000000
86.000000000000000,127.00000000000000,0.0000000000000000
87.000000000000000,127.00000000000000,0.0000000000000000
88.000000000000000,127.00000000000000,0.0000000000000000
89.000000000000000,127.00000000000000,0.0000000000000000
90.000000000000000,127.00000000000000,0.0000000000000000
91.000000000000000,127.00000000000000,0.0000000000000000
92.000000000000000,127.00000000000000,0.0000000000000000
93.000000000000000,127.00000000000000,0.0000000000000000
94.000000000000000,127.00000000000000,0.0000000000000000
95.000000000000000,127.00000000000000,0.0000000000000000
96.000000000000000,127.00000000000000,0.0000000000000000
97.000000000000000,127.00000000000000,0.0000000000000000
98.000000000000000,127.00000000000000,0.0000000000000000
99.000000000000000,127.00000000000000,0.0000000000000000
100.00000000000000,127.00000000000000,0.0000000000000000
101.00000000000000,127.00000000000000,0.0000000000000000
102.00000000000000,127.00000000000000,0.0000000000000000
103.00000000000000,127.00000000000000,0.0000000000000000
104.00000000000000,127.00000000000000,0.0000000000000000
105.00000000000000,127.00000000000000,0.0000000000000000
106.00000000000000,127.00000000000000,0.0000000000000000
107.00000000000000,127.00000000000000,0.0000000000000000
108.00000000000000,127.00000000000000,0.0000000000000000
109.00000000000000,127.00000000000000,0.0000000000000000
110.00000000000000,127.00000000000000,0.0000000000000000
111.00000000000000,127.00000000000000,0.0000000000000000
112.00000000000000,127.00000000000000,0.0000000000000000
113.00000000000000,127.00000000000000,0.0000000000000000
1.0000000000000000,128.00000000000000,0.0000000000000000
2.0000000000000000,128.00000000000000,0.0000000000000000
3.0000000000000000,128.00000000000000,0.0000000000000000
4.0000000000000000,128.00000000000000,0.0000000000000000
5.0000000000000000,128.00000000000000,0.0000000000000000
6.0000000000000000,128.00000000000000,0.0000000000000000
7.0000000000000000,128.00000000000000,0.0000000000000000
8.0000000000000000,128.00000000000000,0.0000000000000000
9.0000000000000000,128.00000000000000,0.0000000000000000
10.000000000000000,128.00000000000000,0.0000000000000000
11.000000000000000,128.00000000000000,0.0000000000000000
12.000000000000000,128.00000000000000,0.0000000000000000
13.000000000000000,128.00000000000000,0.0000000000000000
14.000000000000000,128.00000000000000,0.0000000000000000
15.000000000000000,128.00000000000000,0.0000000000000000
16.000000000000000,128.00000000000000,0.0000000000000000
17.000000000000000,128.00000000000000,0.0000000000000000
18.000000000000000,128.00000000000000,0.0000000000000000
19.000000000000000,128.00000000000000,0.0000000000000000
20.000000000000000,128.00000000000000,0.0000000000000000
21.000000000000000,128.00000000000000,0.0000000000000000
22.000000000000000,128.00000000000000,0.0000000000000000
23.000000000000000,128.00000000000000,0.0000000000000000
24.000000000000000,128.00000000000000,0.0000000000000000
25.000000000000000,128.00000000000000,0.0000000000000000
26.000000000000000,128.00000000000000,0.0000000000000000
27.000000000000000,128.00000000000000,0.0000000000000000
28.000000000000000,128.00000000000000,0.0000000000000000
29.000000000000000,128.00000000000000,0.0000000000000000
30.000000000000000,128.00000000000000,0.0000000000000000
31.000000000000000,128.00000000000000,0.0000000000000000
32.000000000000000,128.00000000000000,0.0000000000000000
33.000000000000000,128.00000000000000,0.0000000000000000
34.000000000000000,128.00000000000000,0.0000000000000000
35.000000000000000,128.00000000000000,0.0000000000000000
36.000000000000000,128.00000000000000,0.0000000000000000
37.000000000000000,128.00000000000000,0.0000000000000000
38.000000000000000,128.00000000000000,0.0000000000000000
39.000000000000000,128.00000000000000,0.0000000000000000
40.000000000000000,128.00000000000000,0.0000000000000000
41.000000000000000,128.00000000000000,0.0000000000000000
42.000000000000000,128.00000000000000,0.0000000000000000
43.000000000000000,128.00000000000000,0.0000000000000000
44.000000000000000,128.00000000000000,0.0000000000000000
45.000000000000000,128.00000000000000,0.0000000000000000
46.000000000000000,128.00000000000000,0.0000000000000000
47.000000000000000,128.00000000000000,0.0000000000000000
48.000000000000000,128.00000000000000,0.0000000000000000
49.000000000000000,128.00000000000000,0.0000000000000000
50.000000000000000,128.00000000000000,0.0000000000000000
51.000000000000000,128.00000000000000,0.0000000000000000
52.000000000000000,128.00000000000000,0.0000000000000000
53.000000000000000,128.00000000000000,0.0000000000000000
54.000000000000000,128.00000000000000,0.0000000000000000
55.000000000000000,128.00000000000000,0.0000000000000000
56.000000000000000,128.00000000000000,0.0000000000000000
57.000000000000000,128.00000000000000,0.0000000000000000
58.000000000000000,128.00000000000000,0.0000000000000000
59.000000000000000,128.00000000000000,0.0000000000000000
60.000000000000000,128.00000000000000,0.0000000000000000
61.000000000000000,128.00000000000000,0.0000000000000000
62.000000000000000,128.00000000000000,0.0000000000000000
63.000000000000000,128.00000000000000,0.0000000000000000
64.000000000000000,128.00000000000000,0.0000000000000000
65.000000000000000,128.00000000000000,0.0000000000000000
66.000000000000000,128.00000000000000,0.0000000000000000
67.000000000000000,128.00000000000000,0.0000000000000000
68.000000000000000,128.00000000000000,0.0000000000000000
69.000000000000000,128.00000000000000,0.0000000000000000
70.000000000000000,128.00000000000000,0.0000000000000000
71.000000000000000,128.00000000000000,0.0000000000000000
72.000000000000000,128.00000000000000,0.0000000000000000
73.000000000000000,128.00000000000000,0.0000000000000000
74.000000000000000,128.00000000000000,0.0000000000000000
75.000000000000000,128.00000000000000,0.0000000000000000
76.000000000000000,128.00000000000000,0.0000000000000000
77.000000000000000,128.00000000000000,0.0000000000000000
78.000000000000000,128.00000000000000,0.0000000000000000
79.000000000000000,128.00000000000000,0.0000000000000000
80.000000000000000,128.00000000000000,0.0000000000000000
81.000000000000000,128.00000000000000,0.0000000000000000
82.000000000000000,128.00000000000000,0.0000000000000000
83.000000000000000,128.00000000000000,0.0000000000000000
84.000000000000000,128.00000000000000,0.0000000000000000
85.000000000000000,128.00000000000000,0.0000000000000000
86.000000000000000,128.00000000000000,0.0000000000000000
87.000000000000000,128.00000000000000,0.0000000000000000
88.000000000000000,128.00000000000000,0.0000000000000000
89.000000000000000,128.00000000000000,0.0000000000000000
90.000000000000000,128.00000000000000,0.0000000000000000
91.000000000000000,128.00000000000000,0.0000000000000000
92.000000000000000,128.00000000000000,0.0000000000000000
93.000000000000000,128.00000000000000,0.0000000000000000
94.000000000000000,128.00000000000000,0.0000000000000000
95.000000000000000,128.00000000000000,0.0000000000000000
96.000000000000000,128.00000000000000,0.0000000000000000
97.000000000000000,128.00000000000000,0.0000000000000000
98.000000000000000,128.00000000000000,0.0000000000000000
99.000000000000000,128.00000000000000,0.0000000000000000
100.00000000000000,128.00000000000000,0.0000000000000000
101.00000000000000,128.00000000000000,0.0000000000000000
102.00000000000000,128.00000000000000,0.0000000000000000
103.00000000000000,128.00000000000000,0.0000000000000000
104.00000000000000,128.00000000000000,0.0000000000000000
105.00000000000000,128.00000000000000,0.0000000000000000
106.00000000000000,128.00000000000000,0.0000000000000000
107.00000000000000,128.00000000000000,0.0000000000000000
108.00000000000000,128.00000000000000,0.0000000000000000
109.00000000000000,128.00000000000000,0.0000000000000000
110.00000000000000,128.00000000000000,0.0000000000000000
111.00000000000000,128.00000000000000,0.0000000000000000
112.00000000000000,128.00000000000000,0.0000000000000000
113.00000000000000,128.00000000000000,0.0000000000000000
1.0000000000000000,129.00000000000000,0.0000000000000000
2.0000000000000000,129.00000000000000,0.0000000000000000
3.0000000000000000,129.00000000000000,0.0000000000000000
4.0000000000000000,129.00000000000000,0.0000000000000000
5.0000000000000000,129.00000000000000,0.0000000000000000
6.0000000000000000,129.00000000000000,0.0000000000000000
7.0000000000000000,129.00000000000000,0.0000000000000000
8.0000000000000000,129.00000000000000,0.0000000000000000
9.0000000000000000,129.00000000000000,0.0000000000000000
10.000000000000000,129.00000000000000,0.0000000000000000
11.000000000000000,129.00000000000000,0.0000000000000000
12.000000000000000,129.00000000000000,0.0000000000000000
13.000000000000000,129.00000000000000,0.0000000000000000
14.000000000000000,129.00000000000000,0.0000000000000000
15.000000000000000,129.00000000000000,0.0000000000000000
16.000000000000000,129.00000000000000,0.0000000000000000
17.000000000000000,129.00000000000000,0.0000000000000000
18.000000000000000,129.00000000000000,0.0000000000000000
19.000000000000000,129.00000000000000,0.0000000000000000
20.000000000000000,129.00000000000000,0.0000000000000000
21.000000000000000,129.00000000000000,0.0000000000000000
22.000000000000000,129.00000000000000,0.0000000000000000
23.000000000000000,129.00000000000000,0.0000000000000000
24.000000000000000,129.00000000000000,0.0000000000000000
25.000000000000000,129.00000000000000,0.0000000000000000
26.000000000000000,129.00000000000000,0.0000000000000000
27.000000000000000,129.00000000000000,0.0000000000000000
28.000000000000000,129.00000000000000,0.0000000000000000
29.000000000000000,129.00000000000000,0.0000000000000000
30.000000000000000,129.00000000000000,0.0000000000000000
31.000000000000000,129.00000000000000,0.0000000000000000
32.000000000000000,129.00000000000000,0.0000000000000000
33.000000000000000,129.00000000000000,0.0000000000000000
34.000000000000000,129.00000000000000,0.0000000000000000
35.000000000000000,129.00000000000000,0.0000000000000000
36.000000000000000,129.00000000000000,0.0000000000000000
37.000000000000000,129.00000000000000,0.0000000000000000
38.000000000000000,129.00000000000000,0.0000000000000000
39.000000000000000,129.00000000000000,0.0000000000000000
40.000000000000000,129.00000000000000,0.0000000000000000
41.000000000000000,129.00000000000000,0.0000000000000000
42.000000000000000,129.00000000000000,0.0000000000000000
43.000000000000000,129.00000000000000,0.0000000000000000
44.000000000000000,129.00000000000000,0.0000000000000000
45.000000000000000,129.00000000000000,0.0000000000000000
46.000000000000000,129.00000000000000,0.0000000000000000
47.000000000000000,129.00000000000000,0.0000000000000000
48.000000000000000,129.00000000000000,0.0000000000000000
49.000000000000000,129.00000000000000,0.0000000000000000
50.000000000000000,129.00000000000000,0.0000000000000000
51.000000000000000,129.00000000000000,0.0000000000000000
52.000000000000000,129.00000000000000,0.0000000000000000
53.000000000000000,129.00000000000000,0.0000000000000000
54.000000000000000,129.00000000000000,0.0000000000000000
55.000000000000000,129.00000000000000,0.0000000000000000
56.000000000000000,129.00000000000000,0.0000000000000000
57.000000000000000,129.00000000000000,0.0000000000000000
58.000000000000000,129.00000000000000,0.0000000000000000
59.000000000000000,129.00000000000000,0.0000000000000000
60.000000000000000,129.00000000000000,0.0000000000000000
61.000000000000000,129.00000000000000,0.0000000000000000
62.000000000000000,129.00000000000000,0.0000000000000000
63.000000000000000,129.00000000000000,0.0000000000000000
64.000000000000000,129.00000000000000,0.0000000000000000
65.000000000000000,129.00000000000000,0.0000000000000000
66.000000000000000,129.00000000000000,0.0000000000000000
67.000000000000000,129.00000000000000,0.0000000000000000
68.000000000000000,129.00000000000000,0.0000000000000000
69.000000000000000,129.00000000000000,0.0000000000000000
70.000000000000000,129.00000000000000,0.0000000000000000
71.000000000000000,129.00000000000000,0.0000000000000000
72.000000000000000,129.00000000000000,0.0000000000000000
73.000000000000000,129.00000000000000,0.0000000000000000
74.000000000000000,129.00000000000000,0.0000000000000000
75.000000000000000,129.00000000000000,0.0000000000000000
76.000000000000000,129.00000000000000,0.0000000000000000
77.000000000000000,129.00000000000000,0.0000000000000000
78.000000000000000,129.00000000000000,0.0000000000000000
79.000000000000000,129.00000000000000,0.0000000000000000
80.000000000000000,129.00000000000000,0.0000000000000000
81.000000000000000,129.00000000000000,0.0000000000000000
82.000000000000000,129.00000000000000,0.0000000000000000
83.000000000000000,129.00000000000000,0.0000000000000000
84.000000000000000,129.00000000000000,0.0000000000000000
85.000000000000000,129.00000000000000,0.0000000000000000
86.000000000000000,129.00000000000000,0.0000000000000000
87.000000000000000,129.00000000000000,0.0000000000000000
88.000000000000000,129.00000000000000,0.0000000000000000
89.000000000000000,129.00000000000000,0.0000000000000000
90.000000000000000,129.00000000000000,0.0000000000000000
91.000000000000000,129.00000000000000,0.0000000000000000
92.000000000000000,129.00000000000000,0.0000000000000000
93.000000000000000,129.00000000000000,0.0000000000000000
94.000000000000000,129.00000000000000,0.0000000000000000
95.000000000000000,129.00000000000000,0.0000000000000000
96.000000000000000,129.00000000000000,0.0000000000000000
97.000000000000000,129.00000000000000,0.0000000000000000
98.000000000000000,129.00000000000000,0.0000000000000000
99.000000000000000,129.00000000000000,0.0000000000000000
100.00000000000000,129.00000000000000,0.0000000000000000
101.00000000000000,129.00000000000000,0.0000000000000000
102.00000000000000,129.00000000000000,0.0000000000000000
103.00000000000000,129.00000000000000,0.0000000000000000
104.00000000000000,129.00000000000000,0.0000000000000000
105.00000000000000,129.00000000000000,0.0000000000000000
106.00000000000000,129.00000000000000,0.0000000000000000
107.00000000000000,129.00000000000000,0.0000000000000000
108.00000000000000,129.00000000000000,0.0000000000000000
109.00000000000000,129.00000000000000,0.0000000000000000
110.00000000000000,129.00000000000000,0.0000000000000000
111.00000000000000,129.00000000000000,0.0000000000000000
112.00000000000000,129.00000000000000,0.0000000000000000
113.00000000000000,129.00000000000000,0.0000000000000000
1.0000000000000000,130.00000000000000,0.0000000000000000
2.0000000000000000,130.00000000000000,0.0000000000000000
3.0000000000000000,130.00000000000000,0.0000000000000000
4.0000000000000000,130.00000000000000,0.0000000000000000
5.0000000000000000,130.00000000000000,0.0000000000000000
6.0000000000000000,130.00000000000000,0.0000000000000000
7.0000000000000000,130.00000000000000,0.0000000000000000
8.0000000000000000,130.00000000000000,0.0000000000000000
9.0000000000000000,130.00000000000000,0.0000000000000000
10.000000000000000,130.00000000000000,0.0000000000000000
11.000000000000000,130.00000000000000,0.0000000000000000
12.000000000000000,130.00000000000000,0.0000000000000000
13.000000000000000,130.00000000000000,0.0000000000000000
14.000000000000000,130.00000000000000,0.0000000000000000
15.000000000000000,130.00000000000000,0.0000000000000000
16.000000000000000,130.00000000000000,0.0000000000000000
17.000000000000000,130.00000000000000,0.0000000000000000
18.000000000000000,130.00000000000000,0.0000000000000000
19.000000000000000,130.00000000000000,0.0000000000000000
20.000000000000000,130.00000000000000,0.0000000000000000
21.000000000000000,130.00000000000000,0.0000000000000000
22.000000000000000,130.00000000000000,0.0000000000000000
23.000000000000000,130.00000000000000,0.0000000000000000
24.000000000000000,130.00000000000000,0.0000000000000000
25.000000000000000,130.00000000000000,0.0000000000000000
26.000000000000000,130.00000000000000,0.0000000000000000
27.000000000000000,130.00000000000000,0.0000000000000000
28.000000000000000,130.00000000000000,0.0000000000000000
29.000000000000000,130.00000000000000,0.0000000000000000
30.000000000000000,130.00000000000000,0.0000000000000000
31.000000000000000,130.00000000000000,0.0000000000000000
32.000000000000000,130.00000000000000,0.0000000000000000
33.000000000000000,130.00000000000000,0.0000000000000000
34.000000000000000,130.00000000000000,0.0000000000000000
35.000000000000000,130.00000000000000,0.0000000000000000
36.000000000000000,130.00000000000000,0.0000000000000000
37.000000000000000,130.00000000000000,0.0000000000000000
38.000000000000000,130.00000000000000,0.0000000000000000
39.000000000000000,130.00000000000000,0.0000000000000000
40.000000000000000,130.00000000000000,0.0000000000000000
41.000000000000000,130.00000000000000,0.0000000000000000
42.000000000000000,130.00000000000000,0.0000000000000000
43.000000000000000,130.00000000000000,0.0000000000000000
44.000000000000000,130.00000000000000,0.0000000000000000
45.000000000000000,130.00000000000000,0.0000000000000000
46.000000000000000,130.00000000000000,0.0000000000000000
47.000000000000000,130.00000000000000,0.0000000000000000
48.000000000000000,130.00000000000000,0.0000000000000000
49.000000000000000,130.00000000000000,0.0000000000000000
50.000000000000000,130.00000000000000,0.0000000000000000
51.000000000000000,130.00000000000000,0.0000000000000000
52.000000000000000,130.00000000000000,0.0000000000000000
53.000000000000000,130.00000000000000,0.0000000000000000
54.000000000000000,130.00000000000000,0.0000000000000000
55.000000000000000,130.00000000000000,0.0000000000000000
56.000000000000000,130.00000000000000,0.0000000000000000
57.000000000000000,130.00000000000000,0.0000000000000000
58.000000000000000,130.00000000000000,0.0000000000000000
59.000000000000000,130.00000000000000,0.0000000000000000
60.000000000000000,130.00000000000000,0.0000000000000000
61.000000000000000,130.00000000000000,0.0000000000000000
62.000000000000000,130.00000000000000,0.0000000000000000
63.000000000000000,130.00000000000000,0.0000000000000000
64.000000000000000,130.00000000000000,0.0000000000000000
65.000000000000000,130.00000000000000,0.0000000000000000
66.000000000000000,130.00000000000000,0.0000000000000000
67.000000000000000,130.00000000000000,0.0000000000000000
68.000000000000000,130.00000000000000,0.0000000000000000
69.000000000000000,130.00000000000000,0.0000000000000000
70.000000000000000,130.00000000000000,0.0000000000000000
71.000000000000000,130.00000000000000,0.0000000000000000
72.000000000000000,130.00000000000000,0.0000000000000000
73.000000000000000,130.00000000000000,0.0000000000000000
74.000000000000000,130.00000000000000,0.0000000000000000
75.000000000000000,130.00000000000000,0.0000000000000000
76.000000000000000,130.00000000000000,0.0000000000000000
77.000000000000000,130.00000000000000,0.0000000000000000
78.000000000000000,130.00000000000000,0.0000000000000000
79.000000000000000,130.00000000000000,0.0000000000000000
80.000000000000000,130.00000000000000,0.0000000000000000
81.000000000000000,130.00000000000000,0.0000000000000000
82.000000000000000,130.00000000000000,0.0000000000000000
83.000000000000000,130.00000000000000,0.0000000000000000
84.000000000000000,130.00000000000000,0.0000000000000000
85.000000000000000,130.00000000000000,0.0000000000000000
86.000000000000000,130.00000000000000,0.0000000000000000
87.000000000000000,130.00000000000000,0.0000000000000000
88.000000000000000,130.00000000000000,0.0000000000000000
89.000000000000000,130.00000000000000,0.0000000000000000
90.000000000000000,130.00000000000000,0.0000000000000000
91.000000000000000,130.00000000000000,0.0000000000000000
92.000000000000000,130.00000000000000,0.0000000000000000
93.000000000000000,130.00000000000000,0.0000000000000000
94.000000000000000,130.00000000000000,0.0000000000000000
95.000000000000000,130.00000000000000,0.0000000000000000
96.000000000000000,130.00000000000000,0.0000000000000000
97.000000000000000,130.00000000000000,0.0000000000000000
98.000000000000000,130.00000000000000,0.0000000000000000
99.000000000000000,130.00000000000000,0.0000000000000000
100.00000000000000,130.00000000000000,0.0000000000000000
101.00000000000000,130.00000000000000,0.0000000000000000
102.00000000000000,130.00000000000000,0.0000000000000000
103.00000000000000,130.00000000000000,0.0000000000000000
104.00000000000000,130.00000000000000,0.0000000000000000
105.00000000000000,130.00000000000000,0.0000000000000000
106.00000000000000,130.00000000000000,0.0000000000000000
107.00000000000000,130.00000000000000,0.0000000000000000
108.00000000000000,130.00000000000000,0.0000000000000000
109.00000000000000,130.00000000000000,0.0000000000000000
110.00000000000000,130.00000000000000,0.0000000000000000
111.00000000000000,130.00000000000000,0.0000000000000000
112.00000000000000,130.00000000000000,0.0000000000000000
113.00000000000000,130.00000000000000,0.0000000000000000
1.0000000000000000,131.00000000000000,0.0000000000000000
2.0000000000000000,131.00000000000000,0.0000000000000000
3.0000000000000000,131.00000000000000,0.0000000000000000
4.0000000000000000,131.00000000000000,0.0000000000000000
5.0000000000000000,131.00000000000000,0.0000000000000000
6.0000000000000000,131.00000000000000,0.0000000000000000
7.0000000000000000,131.00000000000000,0.0000000000000000
8.0000000000000000,131.00000000000000,0.0000000000000000
9.0000000000000000,131.00000000000000,0.0000000000000000
10.000000000000000,131.00000000000000,0.0000000000000000
11.000000000000000,131.00000000000000,0.0000000000000000
12.000000000000000,131.00000000000000,0.0000000000000000
13.000000000000000,131.00000000000000,0.0000000000000000
14.000000000000000,131.00000000000000,0.0000000000000000
15.000000000000000,131.00000000000000,0.0000000000000000
16.000000000000000,131.00000000000000,0.0000000000000000
17.000000000000000,131.00000000000000,0.0000000000000000
18.000000000000000,131.00000000000000,0.0000000000000000
19.000000000000000,131.00000000000000,0.0000000000000000
20.000000000000000,131.00000000000000,0.0000000000000000
21.000000000000000,131.00000000000000,0.0000000000000000
22.000000000000000,131.00000000000000,0.0000000000000000
23.000000000000000,131.00000000000000,0.0000000000000000
24.000000000000000,131.00000000000000,0.0000000000000000
25.000000000000000,131.00000000000000,0.0000000000000000
26.000000000000000,131.00000000000000,0.0000000000000000
27.000000000000000,131.00000000000000,0.0000000000000000
28.000000000000000,131.00000000000000,0.0000000000000000
29.000000000000000,131.00000000000000,0.0000000000000000
30.000000000000000,131.00000000000000,0.0000000000000000
31.000000000000000,131.00000000000000,0.0000000000000000
32.000000000000000,131.00000000000000,0.0000000000000000
33.000000000000000,131.00000000000000,0.0000000000000000
34.000000000000000,131.00000000000000,0.0000000000000000
35.000000000000000,131.00000000000000,0.0000000000000000
36.000000000000000,131.00000000000000,0.0000000000000000
37.000000000000000,131.00000000000000,0.0000000000000000
38.000000000000000,131.00000000000000,0.0000000000000000
39.000000000000000,131.00000000000000,0.0000000000000000
40.000000000000000,131.00000000000000,0.0000000000000000
41.000000000000000,131.00000000000000,0.0000000000000000
42.000000000000000,131.00000000000000,0.0000000000000000
43.000000000000000,131.00000000000000,0.0000000000000000
44.000000000000000,131.00000000000000,0.0000000000000000
45.000000000000000,131.00000000000000,0.0000000000000000
46.000000000000000,131.00000000000000,0.0000000000000000
47.000000000000000,131.00000000000000,0.0000000000000000
48.000000000000000,131.00000000000000,0.0000000000000000
49.000000000000000,131.00000000000000,0.0000000000000000
50.000000000000000,131.00000000000000,0.0000000000000000
51.000000000000000,131.00000000000000,0.0000000000000000
52.000000000000000,131.00000000000000,0.0000000000000000
53.000000000000000,131.00000000000000,0.0000000000000000
54.000000000000000,131.00000000000000,0.0000000000000000
55.000000000000000,131.00000000000000,0.0000000000000000
56.000000000000000,131.00000000000000,0.0000000000000000
57.000000000000000,131.00000000000000,0.0000000000000000
58.000000000000000,131.00000000000000,0.0000000000000000
59.000000000000000,131.00000000000000,0.0000000000000000
60.000000000000000,131.00000000000000,0.0000000000000000
61.000000000000000,131.00000000000000,0.0000000000000000
62.000000000000000,131.00000000000000,0.0000000000000000
63.000000000000000,131.00000000000000,0.0000000000000000
64.000000000000000,131.00000000000000,0.0000000000000000
65.000000000000000,131.00000000000000,0.0000000000000000
66.000000000000000,131.00000000000000,0.0000000000000000
67.000000000000000,131.00000000000000,0.0000000000000000
68.000000000000000,131.00000000000000,0.0000000000000000
69.000000000000000,131.00000000000000,0.0000000000000000
70.000000000000000,131.00000000000000,0.0000000000000000
71.000000000000000,131.00000000000000,0.0000000000000000
72.000000000000000,131.00000000000000,0.0000000000000000
73.000000000000000,131.00000000000000,0.0000000000000000
74.000000000000000,131.00000000000000,0.0000000000000000
75.000000000000000,131.00000000000000,0.0000000000000000
76.000000000000000,131.00000000000000,0.0000000000000000
77.000000000000000,131.00000000000000,0.0000000000000000
78.000000000000000,131.00000000000000,0.0000000000000000
79.000000000000000,131.00000000000000,0.0000000000000000
80.000000000000000,131.00000000000000,0.0000000000000000
81.000000000000000,131.00000000000000,0.0000000000000000
82.000000000000000,131.00000000000000,0.0000000000000000
83.000000000000000,131.00000000000000,0.0000000000000000
84.000000000000000,131.00000000000000,0.0000000000000000
85.000000000000000,131.00000000000000,0.0000000000000000
86.000000000000000,131.00000000000000,0.0000000000000000
87.000000000000000,131.00000000000000,0.0000000000000000
88.000000000000000,131.00000000000000,0.0000000000000000
89.000000000000000,131.00000000000000,0.0000000000000000
90.000000000000000,131.00000000000000,0.0000000000000000
91.000000000000000,131.00000000000000,0.0000000000000000
92.000000000000000,131.00000000000000,0.0000000000000000
93.000000000000000,131.00000000000000,0.0000000000000000
94.000000000000000,131.00000000000000,0.0000000000000000
95.000000000000000,131.00000000000000,0.0000000000000000
96.000000000000000,131.00000000000000,0.0000000000000000
97.000000000000000,131.00000000000000,0.0000000000000000
98.000000000000000,131.00000000000000,0.0000000000000000
99.000000000000000,131.00000000000000,0.0000000000000000
100.00000000000000,131.00000000000000,0.0000000000000000
101.00000000000000,131.00000000000000,0.0000000000000000
102.00000000000000,131.00000000000000,0.0000000000000000
103.00000000000000,131.00000000000000,0.0000000000000000
104.00000000000000,131.00000000000000,0.0000000000000000
105.00000000000000,131.00000000000000,0.0000000000000000
106.00000000000000,131.00000000000000,0.0000000000000000
107.00000000000000,131.00000000000000,0.0000000000000000
108.00000000000000,131.00000000000000,0.0000000000000000
109.00000000000000,131.00000000000000,0.0000000000000000
110.00000000000000,131.00000000000000,0.0000000000000000
111.00000000000000,131.00000000000000,0.0000000000000000
112.00000000000000,131.00000000000000,0.0000000000000000
113.00000000000000,131.00000000000000,0.0000000000000000
1.0000000000000000,132.00000000000000,0.0000000000000000
2.0000000000000000,132.00000000000000,0.0000000000000000
3.0000000000000000,132.00000000000000,0.0000000000000000
4.0000000000000000,132.00000000000000,0.0000000000000000
5.0000000000000000,132.00000000000000,0.0000000000000000
6.0000000000000000,132.00000000000000,0.0000000000000000
7.0000000000000000,132.00000000000000,0.0000000000000000
8.0000000000000000,132.00000000000000,0.0000000000000000
9.0000000000000000,132.00000000000000,0.0000000000000000
10.000000000000000,132.00000000000000,0.0000000000000000
11.000000000000000,132.00000000000000,0.0000000000000000
12.000000000000000,132.00000000000000,0.0000000000000000
13.000000000000000,132.00000000000000,0.0000000000000000
14.000000000000000,132.00000000000000,0.0000000000000000
15.000000000000000,132.00000000000000,0.0000000000000000
16.000000000000000,132.00000000000000,0.0000000000000000
17.000000000000000,132.00000000000000,0.0000000000000000
18.000000000000000,132.00000000000000,0.0000000000000000
19.000000000000000,132.00000000000000,0.0000000000000000
20.000000000000000,132.00000000000000,0.0000000000000000
21.000000000000000,132.00000000000000,0.0000000000000000
22.000000000000000,132.00000000000000,0.0000000000000000
23.000000000000000,132.00000000000000,0.0000000000000000
24.000000000000000,132.00000000000000,0.0000000000000000
25.000000000000000,132.00000000000000,0.0000000000000000
26.000000000000000,132.00000000000000,0.0000000000000000
27.000000000000000,132.00000000000000,0.0000000000000000
28.000000000000000,132.00000000000000,0.0000000000000000
29.000000000000000,132.00000000000000,0.0000000000000000
30.000000000000000,132.00000000000000,0.0000000000000000
31.000000000000000,132.00000000000000,0.0000000000000000
32.000000000000000,132.00000000000000,0.0000000000000000
33.000000000000000,132.00000000000000,0.0000000000000000
34.000000000000000,132.00000000000000,0.0000000000000000
35.000000000000000,132.00000000000000,0.0000000000000000
36.000000000000000,132.00000000000000,0.0000000000000000
37.000000000000000,132.00000000000000,0.0000000000000000
38.000000000000000,132.00000000000000,0.0000000000000000
39.000000000000000,132.00000000000000,0.0000000000000000
40.000000000000000,132.00000000000000,0.0000000000000000
41.000000000000000,132.00000000000000,0.0000000000000000
42.000000000000000,132.00000000000000,0.0000000000000000
43.000000000000000,132.00000000000000,0.0000000000000000
44.000000000000000,132.00000000000000,0.0000000000000000
45.000000000000000,132.00000000000000,0.0000000000000000
46.000000000000000,132.00000000000000,0.0000000000000000
47.000000000000000,132.00000000000000,0.0000000000000000
48.000000000000000,132.00000000000000,0.0000000000000000
49.000000000000000,132.00000000000000,0.0000000000000000
50.000000000000000,132.00000000000000,0.0000000000000000
51.000000000000000,132.00000000000000,0.0000000000000000
52.000000000000000,132.00000000000000,0.0000000000000000
53.000000000000000,132.00000000000000,0.0000000000000000
54.000000000000000,132.00000000000000,0.0000000000000000
55.000000000000000,132.00000000000000,0.0000000000000000
56.000000000000000,132.00000000000000,0.0000000000000000
57.000000000000000,132.00000000000000,0.0000000000000000
58.000000000000000,132.00000000000000,0.0000000000000000
59.000000000000000,132.00000000000000,0.0000000000000000
60.000000000000000,132.00000000000000,0.0000000000000000
61.000000000000000,132.00000000000000,0.0000000000000000
62.000000000000000,132.00000000000000,0.0000000000000000
63.000000000000000,132.00000000000000,0.0000000000000000
64.000000000000000,132.00000000000000,0.0000000000000000
65.000000000000000,132.00000000000000,0.0000000000000000
66.000000000000000,132.00000000000000,0.0000000000000000
67.000000000000000,132.00000000000000,0.0000000000000000
68.000000000000000,132.00000000000000,0.0000000000000000
69.000000000000000,132.00000000000000,0.0000000000000000
70.000000000000000,132.00000000000000,0.0000000000000000
71.000000000000000,132.00000000000000,0.0000000000000000
72.000000000000000,132.00000000000000,0.0000000000000000
73.000000000000000,132.00000000000000,0.0000000000000000
74.000000000000000,132.00000000000000,0.0000000000000000
75.000000000000000,132.00000000000000,0.0000000000000000
76.000000000000000,132.00000000000000,0.0000000000000000
77.000000000000000,132.00000000000000,0.0000000000000000
78.000000000000000,132.00000000000000,0.0000000000000000
79.000000000000000,132.00000000000000,0.0000000000000000
80.000000000000000,132.00000000000000,0.0000000000000000
81.000000000000000,132.00000000000000,0.0000000000000000
82.000000000000000,132.00000000000000,0.0000000000000000
83.000000000000000,132.00000000000000,0.0000000000000000
84.000000000000000,132.00000000000000,0.0000000000000000
85.000000000000000,132.00000000000000,0.0000000000000000
86.000000000000000,132.00000000000000,0.0000000000000000
87.000000000000000,132.00000000000000,0.0000000000000000
88.000000000000000,132.00000000000000,0.0000000000000000
89.000000000000000,132.00000000000000,0.0000000000000000
90.000000000000000,132.00000000000000,0.0000000000000000
91.000000000000000,132.00000000000000,0.0000000000000000
92.000000000000000,132.00000000000000,0.0000000000000000
93.000000000000000,132.00000000000000,0.0000000000000000
94.000000000000000,132.00000000000000,0.0000000000000000
95.000000000000000,132.00000000000000,0.0000000000000000
96.000000000000000,132.00000000000000,0.0000000000000000
97.000000000000000,132.00000000000000,0.0000000000000000
98.000000000000000,132.00000000000000,0.0000000000000000
99.000000000000000,132.00000000000000,0.0000000000000000
100.00000000000000,132.00000000000000,0.0000000000000000
101.00000000000000,132.00000000000000,0.0000000000000000
102.00000000000000,132.00000000000000,0.0000000000000000
103.00000000000000,132.00000000000000,0.0000000000000000
104.00000000000000,132.00000000000000,0.0000000000000000
105.00000000000000,132.00000000000000,0.0000000000000000
106.00000000000000,132.00000000000000,0.0000000000000000
107.00000000000000,132.00000000000000,0.0000000000000000
108.00000000000000,132.00000000000000,0.0000000000000000
109.00000000000000,132.00000000000000,0.0000000000000000
110.00000000000000,132.00000000000000,0.0000000000000000
111.00000000000000,132.00000000000000,0.0000000000000000
112.00000000000000,132.00000000000000,0.0000000000000000
113.00000000000000,132.00000000000000,0.0000000000000000
1.0000000000000000,133.00000000000000,0.0000000000000000
2.0000000000000000,133.00000000000000,0.0000000000000000
3.0000000000000000,133.00000000000000,0.0000000000000000
4.0000000000000000,133.00000000000000,0.0000000000000000
5.0000000000000000,133.00000000000000,0.0000000000000000
6.0000000000000000,133.00000000000000,0.0000000000000000
7.0000000000000000,133.00000000000000,0.0000000000000000
8.0000000000000000,133.00000000000000,0.0000000000000000
9.0000000000000000,133.00000000000000,0.0000000000000000
10.000000000000000,133.00000000000000,0.0000000000000000
11.000000000000000,133.00000000000000,0.0000000000000000
12.000000000000000,133.00000000000000,0.0000000000000000
13.000000000000000,133.00000000000000,0.0000000000000000
14.000000000000000,133.00000000000000,0.0000000000000000
15.000000000000000,133.00000000000000,0.0000000000000000
16.000000000000000,133.00000000000000,0.0000000000000000
17.000000000000000,133.00000000000000,0.0000000000000000
18.000000000000000,133.00000000000000,0.0000000000000000
19.000000000000000,133.00000000000000,0.0000000000000000
20.000000000000000,133.00000000000000,0.0000000000000000
21.000000000000000,133.00000000000000,0.0000000000000000
22.000000000000000,133.00000000000000,0.0000000000000000
23.000000000000000,133.00000000000000,0.0000000000000000
24.000000000000000,133.00000000000000,0.0000000000000000
25.000000000000000,133.00000000000000,0.0000000000000000
26.000000000000000,133.00000000000000,0.0000000000000000
27.000000000000000,133.00000000000000,0.0000000000000000
28.000000000000000,133.00000000000000,0.0000000000000000
29.000000000000000,133.00000000000000,0.0000000000000000
30.000000000000000,133.00000000000000,0.0000000000000000
31.000000000000000,133.00000000000000,0.0000000000000000
32.000000000000000,133.00000000000000,0.0000000000000000
33.000000000000000,133.00000000000000,0.0000000000000000
34.000000000000000,133.00000000000000,0.0000000000000000
35.000000000000000,133.00000000000000,0.0000000000000000
36.000000000000000,133.00000000000000,0.0000000000000000
37.000000000000000,133.00000000000000,0.0000000000000000
38.000000000000000,133.00000000000000,0.0000000000000000
39.000000000000000,133.00000000000000,0.0000000000000000
40.000000000000000,133.00000000000000,0.0000000000000000
41.000000000000000,133.00000000000000,0.0000000000000000
42.000000000000000,133.00000000000000,0.0000000000000000
43.000000000000000,133.00000000000000,0.0000000000000000
44.000000000000000,133.00000000000000,0.0000000000000000
45.000000000000000,133.00000000000000,0.0000000000000000
46.000000000000000,133.00000000000000,0.0000000000000000
47.000000000000000,133.00000000000000,0.0000000000000000
48.000000000000000,133.00000000000000,0.0000000000000000
49.000000000000000,133.00000000000000,0.0000000000000000
50.000000000000000,133.00000000000000,0.0000000000000000
51.000000000000000,133.00000000000000,0.0000000000000000
52.000000000000000,133.00000000000000,0.0000000000000000
53.000000000000000,133.00000000000000,0.0000000000000000
54.000000000000000,133.00000000000000,0.0000000000000000
55.000000000000000,133.00000000000000,0.0000000000000000
56.000000000000000,133.00000000000000,0.0000000000000000
57.000000000000000,133.00000000000000,0.0000000000000000
58.000000000000000,133.00000000000000,0.0000000000000000
59.000000000000000,133.00000000000000,0.0000000000000000
60.000000000000000,133.00000000000000,0.0000000000000000
61.000000000000000,133.00000000000000,0.0000000000000000
62.000000000000000,133.00000000000000,0.0000000000000000
63.000000000000000,133.00000000000000,0.0000000000000000
64.000000000000000,133.00000000000000,0.0000000000000000
65.000000000000000,133.00000000000000,0.0000000000000000
66.000000000000000,133.00000000000000,0.0000000000000000
67.000000000000000,133.00000000000000,0.0000000000000000
68.000000000000000,133.00000000000000,0.0000000000000000
69.000000000000000,133.00000000000000,0.0000000000000000
70.000000000000000,133.00000000000000,0.0000000000000000
71.000000000000000,133.00000000000000,0.0000000000000000
72.000000000000000,133.00000000000000,0.0000000000000000
73.000000000000000,133.00000000000000,0.0000000000000000
74.000000000000000,133.00000000000000,0.0000000000000000
75.000000000000000,133.00000000000000,0.0000000000000000
76.000000000000000,133.00000000000000,0.0000000000000000
77.000000000000000,133.00000000000000,0.0000000000000000
78.000000000000000,133.00000000000000,0.0000000000000000
79.000000000000000,133.00000000000000,0.0000000000000000
80.000000000000000,133.00000000000000,0.0000000000000000
81.000000000000000,133.00000000000000,0.0000000000000000
82.000000000000000,133.00000000000000,0.0000000000000000
83.000000000000000,133.00000000000000,0.0000000000000000
84.000000000000000,133.00000000000000,0.0000000000000000
85.000000000000000,133.00000000000000,0.0000000000000000
86.000000000000000,133.00000000000000,0.0000000000000000
87.000000000000000,133.00000000000000,0.0000000000000000
88.000000000000000,133.00000000000000,0.0000000000000000
89.000000000000000,133.00000000000000,0.0000000000000000
90.000000000000000,133.00000000000000,0.0000000000000000
91.000000000000000,133.00000000000000,0.0000000000000000
92.000000000000000,133.00000000000000,0.0000000000000000
93.000000000000000,133.00000000000000,0.0000000000000000
94.000000000000000,133.00000000000000,0.0000000000000000
95.000000000000000,133.00000000000000,0.0000000000000000
96.000000000000000,133.00000000000000,0.0000000000000000
97.000000000000000,133.00000000000000,0.0000000000000000
98.000000000000000,133.00000000000000,0.0000000000000000
99.000000000000000,133.00000000000000,0.0000000000000000
100.00000000000000,133.00000000000000,0.0000000000000000
101.00000000000000,133.00000000000000,0.0000000000000000
102.00000000000000,133.00000000000000,0.0000000000000000
103.00000000000000,133.00000000000000,0.0000000000000000
104.00000000000000,133.00000000000000,0.0000000000000000
105.00000000000000,133.00000000000000,0.0000000000000000
106.00000000000000,133.00000000000000,0.0000000000000000
107.00000000000000,133.00000000000000,0.0000000000000000
108.00000000000000,133.00000000000000,0.0000000000000000
109.00000000000000,133.00000000000000,0.0000000000000000
110.00000000000000,133.00000000000000,0.0000000000000000
111.00000000000000,133.00000000000000,0.0000000000000000
112.00000000000000,133.00000000000000,0.0000000000000000
113.00000000000000,133.00000000000000,0.0000000000000000
1.0000000000000000,134.00000000000000,0.0000000000000000
2.0000000000000000,134.00000000000000,0.0000000000000000
3.0000000000000000,134.00000000000000,0.0000000000000000
4.0000000000000000,134.00000000000000,0.0000000000000000
5.0000000000000000,134.00000000000000,0.0000000000000000
6.0000000000000000,134.00000000000000,0.0000000000000000
7.0000000000000000,134.00000000000000,0.0000000000000000
8.0000000000000000,134.00000000000000,0.0000000000000000
9.0000000000000000,134.00000000000000,0.0000000000000000
10.000000000000000,134.00000000000000,0.0000000000000000
11.000000000000000,134.00000000000000,0.0000000000000000
12.000000000000000,134.00000000000000,0.0000000000000000
13.000000000000000,134.00000000000000,0.0000000000000000
14.000000000000000,134.00000000000000,0.0000000000000000
15.000000000000000,134.00000000000000,0.0000000000000000
16.000000000000000,134.00000000000000,0.0000000000000000
17.000000000000000,134.00000000000000,0.0000000000000000
18.000000000000000,134.00000000000000,0.0000000000000000
19.000000000000000,134.00000000000000,0.0000000000000000
20.000000000000000,134.00000000000000,0.0000000000000000
21.000000000000000,134.00000000000000,0.0000000000000000
22.000000000000000,134.00000000000000,0.0000000000000000
23.000000000000000,134.00000000000000,0.0000000000000000
24.000000000000000,134.00000000000000,0.0000000000000000
25.000000000000000,134.00000000000000,0.0000000000000000
26.000000000000000,134.00000000000000,0.0000000000000000
27.000000000000000,134.00000000000000,0.0000000000000000
28.000000000000000,134.00000000000000,0.0000000000000000
29.000000000000000,134.00000000000000,0.0000000000000000
30.000000000000000,134.00000000000000,0.0000000000000000
31.000000000000000,134.00000000000000,0.0000000000000000
32.000000000000000,134.00000000000000,0.0000000000000000
33.000000000000000,134.00000000000000,0.0000000000000000
34.000000000000000,134.00000000000000,0.0000000000000000
35.000000000000000,134.00000000000000,0.0000000000000000
36.000000000000000,134.00000000000000,0.0000000000000000
37.000000000000000,134.00000000000000,0.0000000000000000
38.000000000000000,134.00000000000000,0.0000000000000000
39.000000000000000,134.00000000000000,0.0000000000000000
40.000000000000000,134.00000000000000,0.0000000000000000
41.000000000000000,134.00000000000000,0.0000000000000000
42.000000000000000,134.00000000000000,0.0000000000000000
43.000000000000000,134.00000000000000,0.0000000000000000
44.000000000000000,134.00000000000000,0.0000000000000000
45.000000000000000,134.00000000000000,0.0000000000000000
46.000000000000000,134.00000000000000,0.0000000000000000
47.000000000000000,134.00000000000000,0.0000000000000000
48.000000000000000,134.00000000000000,0.0000000000000000
49.000000000000000,134.00000000000000,0.0000000000000000
50.000000000000000,134.00000000000000,0.0000000000000000
51.000000000000000,134.00000000000000,0.0000000000000000
52.000000000000000,134.00000000000000,0.0000000000000000
53.000000000000000,134.00000000000000,0.0000000000000000
54.000000000000000,134.00000000000000,0.0000000000000000
55.000000000000000,134.00000000000000,0.0000000000000000
56.000000000000000,134.00000000000000,0.0000000000000000
57.000000000000000,134.00000000000000,0.0000000000000000
58.000000000000000,134.00000000000000,0.0000000000000000
59.000000000000000,134.00000000000000,0.0000000000000000
60.000000000000000,134.00000000000000,0.0000000000000000
61.000000000000000,134.00000000000000,0.0000000000000000
62.000000000000000,134.00000000000000,0.0000000000000000
63.000000000000000,134.00000000000000,0.0000000000000000
64.000000000000000,134.00000000000000,0.0000000000000000
65.000000000000000,134.00000000000000,0.0000000000000000
66.000000000000000,134.00000000000000,0.0000000000000000
67.000000000000000,134.00000000000000,0.0000000000000000
68.000000000000000,134.00000000000000,0.0000000000000000
69.000000000000000,134.00000000000000,0.0000000000000000
70.000000000000000,134.00000000000000,0.0000000000000000
71.000000000000000,134.00000000000000,0.0000000000000000
72.000000000000000,134.00000000000000,0.0000000000000000
73.000000000000000,134.00000000000000,0.0000000000000000
74.000000000000000,134.00000000000000,0.0000000000000000
75.000000000000000,134.00000000000000,0.0000000000000000
76.000000000000000,134.00000000000000,0.0000000000000000
77.000000000000000,134.00000000000000,0.0000000000000000
78.000000000000000,134.00000000000000,0.0000000000000000
79.000000000000000,134.00000000000000,0.0000000000000000
80.000000000000000,134.00000000000000,0.0000000000000000
81.000000000000000,134.00000000000000,0.0000000000000000
82.000000000000000,134.00000000000000,0.0000000000000000
83.000000000000000,134.00000000000000,0.0000000000000000
84.000000000000000,134.00000000000000,0.0000000000000000
85.000000000000000,134.00000000000000,0.0000000000000000
86.000000000000000,134.00000000000000,0.0000000000000000
87.000000000000000,134.00000000000000,0.0000000000000000
88.000000000000000,134.00000000000000,0.0000000000000000
89.000000000000000,134.00000000000000,0.0000000000000000
90.000000000000000,134.00000000000000,0.0000000000000000
91.000000000000000,134.00000000000000,0.0000000000000000
92.000000000000000,134.00000000000000,0.0000000000000000
93.000000000000000,134.00000000000000,0.0000000000000000
94.000000000000000,134.00000000000000,0.0000000000000000
95.000000000000000,134.00000000000000,0.0000000000000000
96.000000000000000,134.00000000000000,0.0000000000000000
97.000000000000000,134.00000000000000,0.0000000000000000
98.000000000000000,134.00000000000000,0.0000000000000000
99.000000000000000,134.00000000000000,0.0000000000000000
100.00000000000000,134.00000000000000,0.0000000000000000
101.00000000000000,134.00000000000000,0.0000000000000000
102.00000000000000,134.00000000000000,0.0000000000000000
103.00000000000000,134.00000000000000,0.0000000000000000
104.00000000000000,134.00000000000000,0.0000000000000000
105.00000000000000,134.00000000000000,0.0000000000000000
106.00000000000000,134.00000000000000,0.0000000000000000
107.00000000000000,134.00000000000000,0.0000000000000000
108.00000000000000,134.00000000000000,0.0000000000000000
109.00000000000000,134.00000000000000,0.0000000000000000
110.00000000000000,134.00000000000000,0.0000000000000000
111.00000000000000,134.00000000000000,0.0000000000000000
112.00000000000000,134.00000000000000,0.0000000000000000
113.00000000000000,134.00000000000000,0.0000000000000000
1.0000000000000000,135.00000000000000,0.0000000000000000
2.0000000000000000,135.00000000000000,0.0000000000000000
3.0000000000000000,135.00000000000000,0.0000000000000000
4.0000000000000000,135.00000000000000,0.0000000000000000
5.0000000000000000,135.00000000000000,0.0000000000000000
6.0000000000000000,135.00000000000000,0.0000000000000000
7.0000000000000000,135.00000000000000,0.0000000000000000
8.0000000000000000,135.00000000000000,0.0000000000000000
9.0000000000000000,135.00000000000000,0.0000000000000000
10.000000000000000,135.00000000000000,0.0000000000000000
11.000000000000000,135.00000000000000,0.0000000000000000
12.000000000000000,135.00000000000000,0.0000000000000000
13.000000000000000,135.00000000000000,0.0000000000000000
14.000000000000000,135.00000000000000,0.0000000000000000
15.000000000000000,135.00000000000000,0.0000000000000000
16.000000000000000,135.00000000000000,0.0000000000000000
17.000000000000000,135.00000000000000,0.0000000000000000
18.000000000000000,135.00000000000000,0.0000000000000000
19.000000000000000,135.00000000000000,0.0000000000000000
20.000000000000000,135.00000000000000,0.0000000000000000
21.000000000000000,135.00000000000000,0.0000000000000000
22.000000000000000,135.00000000000000,0.0000000000000000
23.000000000000000,135.00000000000000,0.0000000000000000
24.000000000000000,135.00000000000000,0.0000000000000000
25.000000000000000,135.00000000000000,0.0000000000000000
26.000000000000000,135.00000000000000,0.0000000000000000
27.000000000000000,135.00000000000000,0.0000000000000000
28.000000000000000,135.00000000000000,0.0000000000000000
29.000000000000000,135.00000000000000,0.0000000000000000
30.000000000000000,135.00000000000000,0.0000000000000000
31.000000000000000,135.00000000000000,0.0000000000000000
32.000000000000000,135.00000000000000,0.0000000000000000
33.000000000000000,135.00000000000000,0.0000000000000000
34.000000000000000,135.00000000000000,0.0000000000000000
35.000000000000000,135.00000000000000,0.0000000000000000
36.000000000000000,135.00000000000000,0.0000000000000000
37.000000000000000,135.00000000000000,0.0000000000000000
38.000000000000000,135.00000000000000,0.0000000000000000
39.000000000000000,135.00000000000000,0.0000000000000000
40.000000000000000,135.00000000000000,0.0000000000000000
41.000000000000000,135.00000000000000,0.0000000000000000
42.000000000000000,135.00000000000000,0.0000000000000000
43.000000000000000,135.00000000000000,0.0000000000000000
44.000000000000000,135.00000000000000,0.0000000000000000
45.000000000000000,135.00000000000000,0.0000000000000000
46.000000000000000,135.00000000000000,0.0000000000000000
47.000000000000000,135.00000000000000,0.0000000000000000
48.000000000000000,135.00000000000000,0.0000000000000000
49.000000000000000,135.00000000000000,0.0000000000000000
50.000000000000000,135.00000000000000,0.0000000000000000
51.000000000000000,135.00000000000000,0.0000000000000000
52.000000000000000,135.00000000000000,0.0000000000000000
53.000000000000000,135.00000000000000,0.0000000000000000
54.000000000000000,135.00000000000000,0.0000000000000000
55.000000000000000,135.00000000000000,0.0000000000000000
56.000000000000000,135.00000000000000,0.0000000000000000
57.000000000000000,135.00000000000000,0.0000000000000000
58.000000000000000,135.00000000000000,0.0000000000000000
59.000000000000000,135.00000000000000,0.0000000000000000
60.000000000000000,135.00000000000000,0.0000000000000000
61.000000000000000,135.00000000000000,0.0000000000000000
62.000000000000000,135.00000000000000,0.0000000000000000
63.000000000000000,135.00000000000000,0.0000000000000000
64.000000000000000,135.00000000000000,0.0000000000000000
65.000000000000000,135.00000000000000,0.0000000000000000
66.000000000000000,135.00000000000000,0.0000000000000000
67.000000000000000,135.00000000000000,0.0000000000000000
68.000000000000000,135.00000000000000,0.0000000000000000
69.000000000000000,135.00000000000000,0.0000000000000000
70.000000000000000,135.00000000000000,0.0000000000000000
71.000000000000000,135.00000000000000,0.0000000000000000
72.000000000000000,135.00000000000000,0.0000000000000000
73.000000000000000,135.00000000000000,0.0000000000000000
74.000000000000000,135.00000000000000,0.0000000000000000
75.000000000000000,135.00000000000000,0.0000000000000000
76.000000000000000,135.00000000000000,0.0000000000000000
77.000000000000000,135.00000000000000,0.0000000000000000
78.000000000000000,135.00000000000000,0.0000000000000000
79.000000000000000,135.00000000000000,0.0000000000000000
80.000000000000000,135.00000000000000,0.0000000000000000
81.000000000000000,135.00000000000000,0.0000000000000000
82.000000000000000,135.00000000000000,0.0000000000000000
83.000000000000000,135.00000000000000,0.0000000000000000
84.000000000000000,135.00000000000000,0.0000000000000000
85.000000000000000,135.00000000000000,0.0000000000000000
86.000000000000000,135.00000000000000,0.0000000000000000
87.000000000000000,135.00000000000000,0.0000000000000000
88.000000000000000,135.00000000000000,0.0000000000000000
89.000000000000000,135.00000000000000,0.0000000000000000
90.000000000000000,135.00000000000000,0.0000000000000000
91.000000000000000,135.00000000000000,0.0000000000000000
92.000000000000000,135.00000000000000,0.0000000000000000
93.000000000000000,135.00000000000000,0.0000000000000000
94.000000000000000,135.00000000000000,0.0000000000000000
95.000000000000000,135.00000000000000,0.0000000000000000
96.000000000000000,135.00000000000000,0.0000000000000000
97.000000000000000,135.00000000000000,0.0000000000000000
98.000000000000000,135.00000000000000,0.0000000000000000
99.000000000000000,135.00000000000000,0.0000000000000000
100.00000000000000,135.00000000000000,0.0000000000000000
101.00000000000000,135.00000000000000,0.0000000000000000
102.00000000000000,135.00000000000000,0.0000000000000000
103.00000000000000,135.00000000000000,0.0000000000000000
104.00000000000000,135.00000000000000,0.0000000000000000
105.00000000000000,135.00000000000000,0.0000000000000000
106.00000000000000,135.00000000000000,0.0000000000000000
107.00000000000000,135.00000000000000,0.0000000000000000
108.00000000000000,135.00000000000000,0.0000000000000000
109.00000000000000,135.00000000000000,0.0000000000000000
110.00000000000000,135.00000000000000,0.0000000000000000
111.00000000000000,135.00000000000000,0.0000000000000000
112.00000000000000,135.00000000000000,0.0000000000000000
113.00000000000000,135.00000000000000,0.0000000000000000
1.0000000000000000,136.00000000000000,0.0000000000000000
2.0000000000000000,136.00000000000000,0.0000000000000000
3.0000000000000000,136.00000000000000,0.0000000000000000
4.0000000000000000,136.00000000000000,0.0000000000000000
5.0000000000000000,136.00000000000000,0.0000000000000000
6.0000000000000000,136.00000000000000,0.0000000000000000
7.0000000000000000,136.00000000000000,0.0000000000000000
8.0000000000000000,136.00000000000000,0.0000000000000000
9.0000000000000000,136.00000000000000,0.0000000000000000
10.000000000000000,136.00000000000000,0.0000000000000000
11.000000000000000,136.00000000000000,0.0000000000000000
12.000000000000000,136.00000000000000,0.0000000000000000
13.000000000000000,136.00000000000000,0.0000000000000000
14.000000000000000,136.00000000000000,0.0000000000000000
15.000000000000000,136.00000000000000,0.0000000000000000
16.000000000000000,136.00000000000000,0.0000000000000000
17.000000000000000,136.00000000000000,0.0000000000000000
18.000000000000000,136.00000000000000,0.0000000000000000
19.000000000000000,136.00000000000000,0.0000000000000000
20.000000000000000,136.00000000000000,0.0000000000000000
21.000000000000000,136.00000000000000,0.0000000000000000
22.000000000000000,136.00000000000000,0.0000000000000000
23.000000000000000,136.00000000000000,0.0000000000000000
24.000000000000000,136.00000000000000,0.0000000000000000
25.000000000000000,136.00000000000000,0.0000000000000000
26.000000000000000,136.00000000000000,0.0000000000000000
27.000000000000000,136.00000000000000,0.0000000000000000
28.000000000000000,136.00000000000000,0.0000000000000000
29.000000000000000,136.00000000000000,0.0000000000000000
30.000000000000000,136.00000000000000,0.0000000000000000
31.000000000000000,136.00000000000000,0.0000000000000000
32.000000000000000,136.00000000000000,0.0000000000000000
33.000000000000000,136.00000000000000,0.0000000000000000
34.000000000000000,136.00000000000000,0.0000000000000000
35.000000000000000,136.00000000000000,0.0000000000000000
36.000000000000000,136.00000000000000,0.0000000000000000
37.000000000000000,136.00000000000000,0.0000000000000000
38.000000000000000,136.00000000000000,0.0000000000000000
39.000000000000000,136.00000000000000,0.0000000000000000
40.000000000000000,136.00000000000000,0.0000000000000000
41.000000000000000,136.00000000000000,0.0000000000000000
42.000000000000000,136.00000000000000,0.0000000000000000
43.000000000000000,136.00000000000000,0.0000000000000000
44.000000000000000,136.00000000000000,0.0000000000000000
45.000000000000000,136.00000000000000,0.0000000000000000
46.000000000000000,136.00000000000000,0.0000000000000000
47.000000000000000,136.00000000000000,0.0000000000000000
48.000000000000000,136.00000000000000,0.0000000000000000
49.000000000000000,136.00000000000000,0.0000000000000000
50.000000000000000,136.00000000000000,0.0000000000000000
51.000000000000000,136.00000000000000,0.0000000000000000
52.000000000000000,136.00000000000000,0.0000000000000000
53.000000000000000,136.00000000000000,0.0000000000000000
54.000000000000000,136.00000000000000,0.0000000000000000
55.000000000000000,136.00000000000000,0.0000000000000000
56.000000000000000,136.00000000000000,0.0000000000000000
57.000000000000000,136.00000000000000,0.0000000000000000
58.000000000000000,136.00000000000000,0.0000000000000000
59.000000000000000,136.00000000000000,0.0000000000000000
60.000000000000000,136.00000000000000,0.0000000000000000
61.000000000000000,136.00000000000000,0.0000000000000000
62.000000000000000,136.00000000000000,0.0000000000000000
63.000000000000000,136.00000000000000,0.0000000000000000
64.000000000000000,136.00000000000000,0.0000000000000000
65.000000000000000,136.00000000000000,0.0000000000000000
66.000000000000000,136.00000000000000,0.0000000000000000
67.000000000000000,136.00000000000000,0.0000000000000000
68.000000000000000,136.00000000000000,0.0000000000000000
69.000000000000000,136.00000000000000,0.0000000000000000
70.000000000000000,136.00000000000000,0.0000000000000000
71.000000000000000,136.00000000000000,0.0000000000000000
72.000000000000000,136.00000000000000,0.0000000000000000
73.000000000000000,136.00000000000000,0.0000000000000000
74.000000000000000,136.00000000000000,0.0000000000000000
75.000000000000000,136.00000000000000,0.0000000000000000
76.000000000000000,136.00000000000000,0.0000000000000000
77.000000000000000,136.00000000000000,0.0000000000000000
78.000000000000000,136.00000000000000,0.0000000000000000
79.000000000000000,136.00000000000000,0.0000000000000000
80.000000000000000,136.00000000000000,0.0000000000000000
81.000000000000000,136.00000000000000,0.0000000000000000
82.000000000000000,136.00000000000000,0.0000000000000000
83.000000000000000,136.00000000000000,0.0000000000000000
84.000000000000000,136.00000000000000,0.0000000000000000
85.000000000000000,136.00000000000000,0.0000000000000000
86.000000000000000,136.00000000000000,0.0000000000000000
87.000000000000000,136.00000000000000,0.0000000000000000
88.000000000000000,136.00000000000000,0.0000000000000000
89.000000000000000,136.00000000000000,0.0000000000000000
90.000000000000000,136.00000000000000,0.0000000000000000
91.000000000000000,136.00000000000000,0.0000000000000000
92.000000000000000,136.00000000000000,0.0000000000000000
93.000000000000000,136.00000000000000,0.0000000000000000
94.000000000000000,136.00000000000000,0.0000000000000000
95.000000000000000,136.00000000000000,0.0000000000000000
96.000000000000000,136.00000000000000,0.0000000000000000
97.000000000000000,136.00000000000000,0.0000000000000000
98.000000000000000,136.00000000000000,0.0000000000000000
99.000000000000000,136.00000000000000,0.0000000000000000
100.00000000000000,136.00000000000000,0.0000000000000000
101.00000000000000,136.00000000000000,0.0000000000000000
102.00000000000000,136.00000000000000,0.0000000000000000
103.00000000000000,136.00000000000000,0.0000000000000000
104.00000000000000,136.00000000000000,0.0000000000000000
105.00000000000000,136.00000000000000,0.0000000000000000
106.00000000000000,136.00000000000000,0.0000000000000000
107.00000000000000,136.00000000000000,0.0000000000000000
108.00000000000000,136.00000000000000,0.0000000000000000
109.00000000000000,136.00000000000000,0.0000000000000000
110.00000000000000,136.00000000000000,0.0000000000000000
111.00000000000000,136.00000000000000,0.0000000000000000
112.00000000000000,136.00000000000000,0.0000000000000000
113.00000000000000,136.00000000000000,0.0000000000000000
1.0000000000000000,137.00000000000000,0.0000000000000000
2.0000000000000000,137.00000000000000,0.0000000000000000
3.0000000000000000,137.00000000000000,0.0000000000000000
4.0000000000000000,137.00000000000000,0.0000000000000000
5.0000000000000000,137.00000000000000,0.0000000000000000
6.0000000000000000,137.00000000000000,0.0000000000000000
7.0000000000000000,137.00000000000000,0.0000000000000000
8.0000000000000000,137.00000000000000,0.0000000000000000
9.0000000000000000,137.00000000000000,0.0000000000000000
10.000000000000000,137.00000000000000,0.0000000000000000
11.000000000000000,137.00000000000000,0.0000000000000000
12.000000000000000,137.00000000000000,0.0000000000000000
13.000000000000000,137.00000000000000,0.0000000000000000
14.000000000000000,137.00000000000000,0.0000000000000000
15.000000000000000,137.00000000000000,0.0000000000000000
16.000000000000000,137.00000000000000,0.0000000000000000
17.000000000000000,137.00000000000000,0.0000000000000000
18.000000000000000,137.00000000000000,0.0000000000000000
19.000000000000000,137.00000000000000,0.0000000000000000
20.000000000000000,137.00000000000000,0.0000000000000000
21.000000000000000,137.00000000000000,0.0000000000000000
22.000000000000000,137.00000000000000,0.0000000000000000
23.000000000000000,137.00000000000000,0.0000000000000000
24.000000000000000,137.00000000000000,0.0000000000000000
25.000000000000000,137.00000000000000,0.0000000000000000
26.000000000000000,137.00000000000000,0.0000000000000000
27.000000000000000,137.00000000000000,0.0000000000000000
28.000000000000000,137.00000000000000,0.0000000000000000
29.000000000000000,137.00000000000000,0.0000000000000000
30.000000000000000,137.00000000000000,0.0000000000000000
31.000000000000000,137.00000000000000,0.0000000000000000
32.000000000000000,137.00000000000000,0.0000000000000000
33.000000000000000,137.00000000000000,0.0000000000000000
34.000000000000000,137.00000000000000,0.0000000000000000
35.000000000000000,137.00000000000000,0.0000000000000000
36.000000000000000,137.00000000000000,0.0000000000000000
37.000000000000000,137.00000000000000,0.0000000000000000
38.000000000000000,137.00000000000000,0.0000000000000000
39.000000000000000,137.00000000000000,0.0000000000000000
40.000000000000000,137.00000000000000,0.0000000000000000
41.000000000000000,137.00000000000000,0.0000000000000000
42.000000000000000,137.00000000000000,0.0000000000000000
43.000000000000000,137.00000000000000,0.0000000000000000
44.000000000000000,137.00000000000000,0.0000000000000000
45.000000000000000,137.00000000000000,0.0000000000000000
46.000000000000000,137.00000000000000,0.0000000000000000
47.000000000000000,137.00000000000000,0.0000000000000000
48.000000000000000,137.00000000000000,0.0000000000000000
49.000000000000000,137.00000000000000,0.0000000000000000
50.000000000000000,137.00000000000000,0.0000000000000000
51.000000000000000,137.00000000000000,0.0000000000000000
52.000000000000000,137.00000000000000,0.0000000000000000
53.000000000000000,137.00000000000000,0.0000000000000000
54.000000000000000,137.00000000000000,0.0000000000000000
55.000000000000000,137.00000000000000,0.0000000000000000
56.000000000000000,137.00000000000000,0.0000000000000000
57.000000000000000,137.00000000000000,0.0000000000000000
58.000000000000000,137.00000000000000,0.0000000000000000
59.000000000000000,137.00000000000000,0.0000000000000000
60.000000000000000,137.00000000000000,0.0000000000000000
61.000000000000000,137.00000000000000,0.0000000000000000
62.000000000000000,137.00000000000000,0.0000000000000000
63.000000000000000,137.00000000000000,0.0000000000000000
64.000000000000000,137.00000000000000,0.0000000000000000
65.000000000000000,137.00000000000000,0.0000000000000000
66.000000000000000,137.00000000000000,0.0000000000000000
67.000000000000000,137.00000000000000,0.0000000000000000
68.000000000000000,137.00000000000000,0.0000000000000000
69.000000000000000,137.00000000000000,0.0000000000000000
70.000000000000000,137.00000000000000,0.0000000000000000
71.000000000000000,137.00000000000000,0.0000000000000000
72.000000000000000,137.00000000000000,0.0000000000000000
73.000000000000000,137.00000000000000,0.0000000000000000
74.000000000000000,137.00000000000000,0.0000000000000000
75.000000000000000,137.00000000000000,0.0000000000000000
76.000000000000000,137.00000000000000,0.0000000000000000
77.000000000000000,137.00000000000000,0.0000000000000000
78.000000000000000,137.00000000000000,0.0000000000000000
79.000000000000000,137.00000000000000,0.0000000000000000
80.000000000000000,137.00000000000000,0.0000000000000000
81.000000000000000,137.00000000000000,0.0000000000000000
82.000000000000000,137.00000000000000,0.0000000000000000
83.000000000000000,137.00000000000000,0.0000000000000000
84.000000000000000,137.00000000000000,0.0000000000000000
85.000000000000000,137.00000000000000,0.0000000000000000
86.000000000000000,137.00000000000000,0.0000000000000000
87.000000000000000,137.00000000000000,0.0000000000000000
88.000000000000000,137.00000000000000,0.0000000000000000
89.000000000000000,137.00000000000000,0.0000000000000000
90.000000000000000,137.00000000000000,0.0000000000000000
91.000000000000000,137.00000000000000,0.0000000000000000
92.000000000000000,137.00000000000000,0.0000000000000000
93.000000000000000,137.00000000000000,0.0000000000000000
94.000000000000000,137.00000000000000,0.0000000000000000
95.000000000000000,137.00000000000000,0.0000000000000000
96.000000000000000,137.00000000000000,0.0000000000000000
97.000000000000000,137.00000000000000,0.0000000000000000
98.000000000000000,137.00000000000000,0.0000000000000000
99.000000000000000,137.00000000000000,0.0000000000000000
100.00000000000000,137.00000000000000,0.0000000000000000
101.00000000000000,137.00000000000000,0.0000000000000000
102.00000000000000,137.00000000000000,0.0000000000000000
103.00000000000000,137.00000000000000,0.0000000000000000
104.00000000000000,137.00000000000000,0.0000000000000000
105.00000000000000,137.00000000000000,0.0000000000000000
106.00000000000000,137.00000000000000,0.0000000000000000
107.00000000000000,137.00000000000000,0.0000000000000000
108.00000000000000,137.00000000000000,0.0000000000000000
109.00000000000000,137.00000000000000,0.0000000000000000
110.00000000000000,137.00000000000000,0.0000000000000000
111.00000000000000,137.00000000000000,0.0000000000000000
112.00000000000000,137.00000000000000,0.0000000000000000
113.00000000000000,137.00000000000000,0.0000000000000000
1.0000000000000000,138.00000000000000,0.0000000000000000
2.0000000000000000,138.00000000000000,0.0000000000000000
3.0000000000000000,138.00000000000000,0.0000000000000000
4.0000000000000000,138.00000000000000,0.0000000000000000
5.0000000000000000,138.00000000000000,0.0000000000000000
6.0000000000000000,138.00000000000000,0.0000000000000000
7.0000000000000000,138.00000000000000,0.0000000000000000
8.0000000000000000,138.00000000000000,0.0000000000000000
9.0000000000000000,138.00000000000000,0.0000000000000000
10.000000000000000,138.00000000000000,0.0000000000000000
11.000000000000000,138.00000000000000,0.0000000000000000
12.000000000000000,138.00000000000000,0.0000000000000000
13.000000000000000,138.00000000000000,0.0000000000000000
14.000000000000000,138.00000000000000,0.0000000000000000
15.000000000000000,138.00000000000000,0.0000000000000000
16.000000000000000,138.00000000000000,0.0000000000000000
17.000000000000000,138.00000000000000,0.0000000000000000
18.000000000000000,138.00000000000000,0.0000000000000000
19.000000000000000,138.00000000000000,0.0000000000000000
20.000000000000000,138.00000000000000,0.0000000000000000
21.000000000000000,138.00000000000000,0.0000000000000000
22.000000000000000,138.00000000000000,0.0000000000000000
23.000000000000000,138.00000000000000,0.0000000000000000
24.000000000000000,138.00000000000000,0.0000000000000000
25.000000000000000,138.00000000000000,0.0000000000000000
26.000000000000000,138.00000000000000,0.0000000000000000
27.000000000000000,138.00000000000000,0.0000000000000000
28.000000000000000,138.00000000000000,0.0000000000000000
29.000000000000000,138.00000000000000,0.0000000000000000
30.000000000000000,138.00000000000000,0.0000000000000000
31.000000000000000,138.00000000000000,0.0000000000000000
32.000000000000000,138.00000000000000,0.0000000000000000
33.000000000000000,138.00000000000000,0.0000000000000000
34.000000000000000,138.00000000000000,0.0000000000000000
35.000000000000000,138.00000000000000,0.0000000000000000
36.000000000000000,138.00000000000000,0.0000000000000000
37.000000000000000,138.00000000000000,0.0000000000000000
38.000000000000000,138.00000000000000,0.0000000000000000
39.000000000000000,138.00000000000000,0.0000000000000000
40.000000000000000,138.00000000000000,0.0000000000000000
41.000000000000000,138.00000000000000,0.0000000000000000
42.000000000000000,138.00000000000000,0.0000000000000000
43.000000000000000,138.00000000000000,0.0000000000000000
44.000000000000000,138.00000000000000,0.0000000000000000
45.000000000000000,138.00000000000000,0.0000000000000000
46.000000000000000,138.00000000000000,0.0000000000000000
47.000000000000000,138.00000000000000,0.0000000000000000
48.000000000000000,138.00000000000000,0.0000000000000000
49.000000000000000,138.00000000000000,0.0000000000000000
50.000000000000000,138.00000000000000,0.0000000000000000
51.000000000000000,138.00000000000000,0.0000000000000000
52.000000000000000,138.00000000000000,0.0000000000000000
53.000000000000000,138.00000000000000,0.0000000000000000
54.000000000000000,138.00000000000000,0.0000000000000000
55.000000000000000,138.00000000000000,0.0000000000000000
56.000000000000000,138.00000000000000,0.0000000000000000
57.000000000000000,138.00000000000000,0.0000000000000000
58.000000000000000,138.00000000000000,0.0000000000000000
59.000000000000000,138.00000000000000,0.0000000000000000
60.000000000000000,138.00000000000000,0.0000000000000000
61.000000000000000,138.00000000000000,0.0000000000000000
62.000000000000000,138.00000000000000,0.0000000000000000
63.000000000000000,138.00000000000000,0.0000000000000000
64.000000000000000,138.00000000000000,0.0000000000000000
65.000000000000000,138.00000000000000,0.0000000000000000
66.000000000000000,138.00000000000000,0.0000000000000000
67.000000000000000,138.00000000000000,0.0000000000000000
68.000000000000000,138.00000000000000,0.0000000000000000
69.000000000000000,138.00000000000000,0.0000000000000000
70.000000000000000,138.00000000000000,0.0000000000000000
71.000000000000000,138.00000000000000,0.0000000000000000
72.000000000000000,138.00000000000000,0.0000000000000000
73.000000000000000,138.00000000000000,0.0000000000000000
74.000000000000000,138.00000000000000,0.0000000000000000
75.000000000000000,138.00000000000000,0.0000000000000000
76.000000000000000,138.00000000000000,0.0000000000000000
77.000000000000000,138.00000000000000,0.0000000000000000
78.000000000000000,138.00000000000000,0.0000000000000000
79.000000000000000,138.00000000000000,0.0000000000000000
80.000000000000000,138.00000000000000,0.0000000000000000
81.000000000000000,138.00000000000000,0.0000000000000000
82.000000000000000,138.00000000000000,0.0000000000000000
83.000000000000000,138.00000000000000,0.0000000000000000
84.000000000000000,138.00000000000000,0.0000000000000000
85.000000000000000,138.00000000000000,0.0000000000000000
86.000000000000000,138.00000000000000,0.0000000000000000
87.000000000000000,138.00000000000000,0.0000000000000000
88.000000000000000,138.00000000000000,0.0000000000000000
89.000000000000000,138.00000000000000,0.0000000000000000
90.000000000000000,138.00000000000000,0.0000000000000000
91.000000000000000,138.00000000000000,0.0000000000000000
92.000000000000000,138.00000000000000,0.0000000000000000
93.000000000000000,138.00000000000000,0.0000000000000000
94.000000000000000,138.00000000000000,0.0000000000000000
95.000000000000000,138.00000000000000,0.0000000000000000
96.000000000000000,138.00000000000000,0.0000000000000000
97.000000000000000,138.00000000000000,0.0000000000000000
98.000000000000000,138.00000000000000,0.0000000000000000
99.000000000000000,138.00000000000000,0.0000000000000000
100.00000000000000,138.00000000000000,0.0000000000000000
101.00000000000000,138.00000000000000,0.0000000000000000
102.00000000000000,138.00000000000000,0.0000000000000000
103.00000000000000,138.00000000000000,0.0000000000000000
104.00000000000000,138.00000000000000,0.0000000000000000
105.00000000000000,138.00000000000000,0.0000000000000000
106.00000000000000,138.00000000000000,0.0000000000000000
107.00000000000000,138.00000000000000,0.0000000000000000
108.00000000000000,138.00000000000000,0.0000000000000000
109.00000000000000,138.00000000000000,0.0000000000000000
110.00000000000000,138.00000000000000,0.0000000000000000
111.00000000000000,138.00000000000000,0.0000000000000000
112.00000000000000,138.00000000000000,0.0000000000000000
113.00000000000000,138.00000000000000,0.0000000000000000
1.0000000000000000,139.00000000000000,0.0000000000000000
2.0000000000000000,139.00000000000000,0.0000000000000000
3.0000000000000000,139.00000000000000,0.0000000000000000
4.0000000000000000,139.00000000000000,0.0000000000000000
5.0000000000000000,139.00000000000000,0.0000000000000000
6.0000000000000000,139.00000000000000,0.0000000000000000
7.0000000000000000,139.00000000000000,0.0000000000000000
8.0000000000000000,139.00000000000000,0.0000000000000000
9.0000000000000000,139.00000000000000,0.0000000000000000
10.000000000000000,139.00000000000000,0.0000000000000000
11.000000000000000,139.00000000000000,0.0000000000000000
12.000000000000000,139.00000000000000,0.0000000000000000
13.000000000000000,139.00000000000000,0.0000000000000000
14.000000000000000,139.00000000000000,0.0000000000000000
15.000000000000000,139.00000000000000,0.0000000000000000
16.000000000000000,139.00000000000000,0.0000000000000000
17.000000000000000,139.00000000000000,0.0000000000000000
18.000000000000000,139.00000000000000,0.0000000000000000
19.000000000000000,139.00000000000000,0.0000000000000000
20.000000000000000,139.00000000000000,0.0000000000000000
21.000000000000000,139.00000000000000,0.0000000000000000
22.000000000000000,139.00000000000000,0.0000000000000000
23.000000000000000,139.00000000000000,0.0000000000000000
24.000000000000000,139.00000000000000,0.0000000000000000
25.000000000000000,139.00000000000000,0.0000000000000000
26.000000000000000,139.00000000000000,0.0000000000000000
27.000000000000000,139.00000000000000,0.0000000000000000
28.000000000000000,139.00000000000000,0.0000000000000000
29.000000000000000,139.00000000000000,0.0000000000000000
30.000000000000000,139.00000000000000,0.0000000000000000
31.000000000000000,139.00000000000000,0.0000000000000000
32.000000000000000,139.00000000000000,0.0000000000000000
33.000000000000000,139.00000000000000,0.0000000000000000
34.000000000000000,139.00000000000000,0.0000000000000000
35.000000000000000,139.00000000000000,0.0000000000000000
36.000000000000000,139.00000000000000,0.0000000000000000
37.000000000000000,139.00000000000000,0.0000000000000000
38.000000000000000,139.00000000000000,0.0000000000000000
39.000000000000000,139.00000000000000,0.0000000000000000
40.000000000000000,139.00000000000000,0.0000000000000000
41.000000000000000,139.00000000000000,0.0000000000000000
42.000000000000000,139.00000000000000,0.0000000000000000
43.000000000000000,139.00000000000000,0.0000000000000000
44.000000000000000,139.00000000000000,0.0000000000000000
45.000000000000000,139.00000000000000,0.0000000000000000
46.000000000000000,139.00000000000000,0.0000000000000000
47.000000000000000,139.00000000000000,0.0000000000000000
48.000000000000000,139.00000000000000,0.0000000000000000
49.000000000000000,139.00000000000000,0.0000000000000000
50.000000000000000,139.00000000000000,0.0000000000000000
51.000000000000000,139.00000000000000,0.0000000000000000
52.000000000000000,139.00000000000000,0.0000000000000000
53.000000000000000,139.00000000000000,0.0000000000000000
54.000000000000000,139.00000000000000,0.0000000000000000
55.000000000000000,139.00000000000000,0.0000000000000000
56.000000000000000,139.00000000000000,0.0000000000000000
57.000000000000000,139.00000000000000,0.0000000000000000
58.000000000000000,139.00000000000000,0.0000000000000000
59.000000000000000,139.00000000000000,0.0000000000000000
60.000000000000000,139.00000000000000,0.0000000000000000
61.000000000000000,139.00000000000000,0.0000000000000000
62.000000000000000,139.00000000000000,0.0000000000000000
63.000000000000000,139.00000000000000,0.0000000000000000
64.000000000000000,139.00000000000000,0.0000000000000000
65.000000000000000,139.00000000000000,0.0000000000000000
66.000000000000000,139.00000000000000,0.0000000000000000
67.000000000000000,139.00000000000000,0.0000000000000000
68.000000000000000,139.00000000000000,0.0000000000000000
69.000000000000000,139.00000000000000,0.0000000000000000
70.000000000000000,139.00000000000000,0.0000000000000000
71.000000000000000,139.00000000000000,0.0000000000000000
72.000000000000000,139.00000000000000,0.0000000000000000
73.000000000000000,139.00000000000000,0.0000000000000000
74.000000000000000,139.00000000000000,0.0000000000000000
75.000000000000000,139.00000000000000,0.0000000000000000
76.000000000000000,139.00000000000000,0.0000000000000000
77.000000000000000,139.00000000000000,0.0000000000000000
78.000000000000000,139.00000000000000,0.0000000000000000
79.000000000000000,139.00000000000000,0.0000000000000000
80.000000000000000,139.00000000000000,0.0000000000000000
81.000000000000000,139.00000000000000,0.0000000000000000
82.000000000000000,139.00000000000000,0.0000000000000000
83.000000000000000,139.00000000000000,0.0000000000000000
84.000000000000000,139.00000000000000,0.0000000000000000
85.000000000000000,139.00000000000000,0.0000000000000000
86.000000000000000,139.00000000000000,0.0000000000000000
87.000000000000000,139.00000000000000,0.0000000000000000
88.000000000000000,139.00000000000000,0.0000000000000000
89.000000000000000,139.00000000000000,0.0000000000000000
90.000000000000000,139.00000000000000,0.0000000000000000
91.000000000000000,139.00000000000000,0.0000000000000000
92.000000000000000,139.00000000000000,0.0000000000000000
93.000000000000000,139.00000000000000,0.0000000000000000
94.000000000000000,139.00000000000000,0.0000000000000000
95.000000000000000,139.00000000000000,0.0000000000000000
96.000000000000000,139.00000000000000,0.0000000000000000
97.000000000000000,139.00000000000000,0.0000000000000000
98.000000000000000,139.00000000000000,0.0000000000000000
99.000000000000000,139.00000000000000,0.0000000000000000
100.00000000000000,139.00000000000000,0.0000000000000000
101.00000000000000,139.00000000000000,0.0000000000000000
102.00000000000000,139.00000000000000,0.0000000000000000
103.00000000000000,139.00000000000000,0.0000000000000000
104.00000000000000,139.00000000000000,0.0000000000000000
105.00000000000000,139.00000000000000,0.0000000000000000
106.00000000000000,139.00000000000000,0.0000000000000000
107.00000000000000,139.00000000000000,0.0000000000000000
108.00000000000000,139.00000000000000,0.0000000000000000
109.00000000000000,139.00000000000000,0.0000000000000000
110.00000000000000,139.00000000000000,0.0000000000000000
111.00000000000000,139.00000000000000,0.0000000000000000
112.00000000000000,139.00000000000000,0.0000000000000000
113.00000000000000,139.00000000000000,0.0000000000000000
1.0000000000000000,140.00000000000000,0.0000000000000000
2.0000000000000000,140.00000000000000,0.0000000000000000
3.0000000000000000,140.00000000000000,0.0000000000000000
4.0000000000000000,140.00000000000000,0.0000000000000000
5.0000000000000000,140.00000000000000,0.0000000000000000
6.0000000000000000,140.00000000000000,0.0000000000000000
7.0000000000000000,140.00000000000000,0.0000000000000000
8.0000000000000000,140.00000000000000,0.0000000000000000
9.0000000000000000,140.00000000000000,0.0000000000000000
10.000000000000000,140.00000000000000,0.0000000000000000
11.000000000000000,140.00000000000000,0.0000000000000000
12.000000000000000,140.00000000000000,0.0000000000000000
13.000000000000000,140.00000000000000,0.0000000000000000
14.000000000000000,140.00000000000000,0.0000000000000000
15.000000000000000,140.00000000000000,0.0000000000000000
16.000000000000000,140.00000000000000,0.0000000000000000
17.000000000000000,140.00000000000000,0.0000000000000000
18.000000000000000,140.00000000000000,0.0000000000000000
19.000000000000000,140.00000000000000,0.0000000000000000
20.000000000000000,140.00000000000000,0.0000000000000000
21.000000000000000,140.00000000000000,0.0000000000000000
22.000000000000000,140.00000000000000,0.0000000000000000
23.000000000000000,140.00000000000000,0.0000000000000000
24.000000000000000,140.00000000000000,0.0000000000000000
25.000000000000000,140.00000000000000,0.0000000000000000
26.000000000000000,140.00000000000000,0.0000000000000000
27.000000000000000,140.00000000000000,0.0000000000000000
28.000000000000000,140.00000000000000,0.0000000000000000
29.000000000000000,140.00000000000000,0.0000000000000000
30.000000000000000,140.00000000000000,0.0000000000000000
31.000000000000000,140.00000000000000,0.0000000000000000
32.000000000000000,140.00000000000000,0.0000000000000000
33.000000000000000,140.00000000000000,0.0000000000000000
34.000000000000000,140.00000000000000,0.0000000000000000
35.000000000000000,140.00000000000000,0.0000000000000000
36.000000000000000,140.00000000000000,0.0000000000000000
37.000000000000000,140.00000000000000,0.0000000000000000
38.000000000000000,140.00000000000000,0.0000000000000000
39.000000000000000,140.00000000000000,0.0000000000000000
40.000000000000000,140.00000000000000,0.0000000000000000
41.000000000000000,140.00000000000000,0.0000000000000000
42.000000000000000,140.00000000000000,0.0000000000000000
43.000000000000000,140.00000000000000,0.0000000000000000
44.000000000000000,140.00000000000000,0.0000000000000000
45.000000000000000,140.00000000000000,0.0000000000000000
46.000000000000000,140.00000000000000,0.0000000000000000
47.000000000000000,140.00000000000000,0.0000000000000000
48.000000000000000,140.00000000000000,0.0000000000000000
49.000000000000000,140.00000000000000,0.0000000000000000
50.000000000000000,140.00000000000000,0.0000000000000000
51.000000000000000,140.00000000000000,0.0000000000000000
52.000000000000000,140.00000000000000,0.0000000000000000
53.000000000000000,140.00000000000000,0.0000000000000000
54.000000000000000,140.00000000000000,0.0000000000000000
55.000000000000000,140.00000000000000,0.0000000000000000
56.000000000000000,140.00000000000000,0.0000000000000000
57.000000000000000,140.00000000000000,0.0000000000000000
58.000000000000000,140.00000000000000,0.0000000000000000
59.000000000000000,140.00000000000000,0.0000000000000000
60.000000000000000,140.00000000000000,0.0000000000000000
61.000000000000000,140.00000000000000,0.0000000000000000
62.000000000000000,140.00000000000000,0.0000000000000000
63.000000000000000,140.00000000000000,0.0000000000000000
64.000000000000000,140.00000000000000,0.0000000000000000
65.000000000000000,140.00000000000000,0.0000000000000000
66.000000000000000,140.00000000000000,0.0000000000000000
67.000000000000000,140.00000000000000,0.0000000000000000
68.000000000000000,140.00000000000000,0.0000000000000000
69.000000000000000,140.00000000000000,0.0000000000000000
70.000000000000000,140.00000000000000,0.0000000000000000
71.000000000000000,140.00000000000000,0.0000000000000000
72.000000000000000,140.00000000000000,0.0000000000000000
73.000000000000000,140.00000000000000,0.0000000000000000
74.000000000000000,140.00000000000000,0.0000000000000000
75.000000000000000,140.00000000000000,0.0000000000000000
76.000000000000000,140.00000000000000,0.0000000000000000
77.000000000000000,140.00000000000000,0.0000000000000000
78.000000000000000,140.00000000000000,0.0000000000000000
79.000000000000000,140.00000000000000,0.0000000000000000
80.000000000000000,140.00000000000000,0.0000000000000000
81.000000000000000,140.00000000000000,0.0000000000000000
82.000000000000000,140.00000000000000,0.0000000000000000
83.000000000000000,140.00000000000000,0.0000000000000000
84.000000000000000,140.00000000000000,0.0000000000000000
85.000000000000000,140.00000000000000,0.0000000000000000
86.000000000000000,140.00000000000000,0.0000000000000000
87.000000000000000,140.00000000000000,0.0000000000000000
88.000000000000000,140.00000000000000,0.0000000000000000
89.000000000000000,140.00000000000000,0.0000000000000000
90.000000000000000,140.00000000000000,0.0000000000000000
91.000000000000000,140.00000000000000,0.0000000000000000
92.000000000000000,140.00000000000000,0.0000000000000000
93.000000000000000,140.00000000000000,0.0000000000000000
94.000000000000000,140.00000000000000,0.0000000000000000
95.000000000000000,140.00000000000000,0.0000000000000000
96.000000000000000,140.00000000000000,0.0000000000000000
97.000000000000000,140.00000000000000,0.0000000000000000
98.000000000000000,140.00000000000000,0.0000000000000000
99.000000000000000,140.00000000000000,0.0000000000000000
100.00000000000000,140.00000000000000,0.0000000000000000
101.00000000000000,140.00000000000000,0.0000000000000000
102.00000000000000,140.00000000000000,0.0000000000000000
103.00000000000000,140.00000000000000,0.0000000000000000
104.00000000000000,140.00000000000000,0.0000000000000000
105.00000000000000,140.00000000000000,0.0000000000000000
106.00000000000000,140.00000000000000,0.0000000000000000
107.00000000000000,140.00000000000000,0.0000000000000000
108.00000000000000,140.00000000000000,0.0000000000000000
109.00000000000000,140.00000000000000,0.0000000000000000
110.00000000000000,140.00000000000000,0.0000000000000000
111.00000000000000,140.00000000000000,0.0000000000000000
112.00000000000000,140.00000000000000,0.0000000000000000
113.00000000000000,140.00000000000000,0.0000000000000000
